계정명,세출예산액,세출예산현액,이용및이체증액,이용및이체감액,전용증액,전용감액,불용액,지출금액,회계명,회계연도,다음년도이월액,소관명,전년도이월액,예비비지출결정증액,예비비지출결정감액,초과지출승인액
,13733000000.0,14213690000.0,0.0,0.0,0.0,0.0,1697299260.0,11912994680.0,일반회계,2022,603396060.0,5·18민주화운동 진상규명조사위원회,480690000.0,0.0,0.0,0.0
,12511000000.0,15883361960.0,0.0,0.0,220000000.0,-220000000.0,5525365590.0,10357996370.0,일반회계,2022,0.0,가습기살균제사건과 4·16세월호참사 특별조사위원회,3372361960.0,0.0,0.0,0.0
,135220500000.0,135444096450.0,0.0,0.0,425000000.0,-425000000.0,6672448020.0,127203683840.0,일반회계,2022,1567964590.0,감사원,223596450.0,0.0,0.0,0.0
,50017000000.0,50069365000.0,0.0,0.0,6650000.0,-6650000.0,1877380490.0,48191984510.0,일반회계,2022,0.0,개인정보보호위원회,52365000.0,0.0,0.0,0.0
손익계정,79021000000.0,79021000000.0,0.0,0.0,541356000.0,-541356000.0,4013132240.0,74971867760.0,경찰병원,2022,36000000.0,경찰청,0.0,0.0,0.0,0.0
자본계정,3563000000.0,3603822140.0,0.0,0.0,0.0,0.0,389583760.0,3214238380.0,경찰병원,2022,0.0,경찰청,40822140.0,0.0,0.0,0.0
제주특별자치도계정,4708000000.0,4708000000.0,0.0,0.0,0.0,0.0,0.0,4708000000.0,국가균형발전특별회계,2022,0.0,경찰청,0.0,0.0,0.0,0.0
,12209464000000.0,12231537568170.0,0.0,0.0,6043924000.0,-6043924000.0,215754314450.0,11997860842920.0,일반회계,2022,17922410800.0,경찰청,16388568170.0,5685000000.0,0.0,0.0
제주특별자치도계정,23796000000.0,23796000000.0,0.0,0.0,0.0,0.0,0.0,23796000000.0,국가균형발전특별회계,2022,0.0,고용노동부,0.0,0.0,0.0,0.0
지역지원계정,231939000000.0,231939000000.0,0.0,0.0,0.0,0.0,4035000430.0,227903999570.0,국가균형발전특별회계,2022,0.0,고용노동부,0.0,0.0,0.0,0.0
투자계정,90955000000.0,90955000000.0,0.0,0.0,0.0,0.0,39377570.0,90915622430.0,에너지및자원사업특별회계,2022,0.0,고용노동부,0.0,0.0,0.0,0.0
,10207958000000.0,10247823966500.0,0.0,0.0,39520143000.0,-39520143000.0,1599597946290.0,8645624419830.0,일반회계,2022,2601600380.0,고용노동부,1865966500.0,38000000000.0,0.0,0.0
,19777000000.0,23721358580.0,0.0,0.0,67305000.0,-67305000.0,3786134810.0,18301839120.0,일반회계,2022,1633384650.0,고위공직자범죄수사처,3944358580.0,0.0,0.0,0.0
,157024750000.0,158607889400.0,0.0,0.0,325063240.0,-325063240.0,1804264320.0,154840621080.0,일반회계,2022,1963004000.0,공정거래위원회,1583139400.0,0.0,0.0,0.0
세종특별자치시계정,533000000.0,533000000.0,0.0,0.0,0.0,0.0,0.0,533000000.0,국가균형발전특별회계,2022,0.0,과학기술정보통신부,0.0,0.0,0.0,0.0
제주특별자치도계정,533000000.0,533000000.0,0.0,0.0,0.0,0.0,0.0,533000000.0,국가균형발전특별회계,2022,0.0,과학기술정보통신부,0.0,0.0,0.0,0.0
지역지원계정,460366000000.0,478954000000.0,0.0,0.0,0.0,0.0,0.0,478954000000.0,국가균형발전특별회계,2022,0.0,과학기술정보통신부,18588000000.0,0.0,0.0,0.0
손익계정,29226000000.0,29226000000.0,0.0,0.0,484697000.0,-484697000.0,1610733410.0,27559066590.0,국립과천과학관,2022,56200000.0,과학기술정보통신부,0.0,0.0,0.0,0.0
자본계정,7224000000.0,7991084810.0,0.0,0.0,449500000.0,-449500000.0,365012940.0,7076471870.0,국립과천과학관,2022,549600000.0,과학기술정보통신부,767084810.0,0.0,0.0,0.0
손익계정,29734000000.0,29811895000.0,0.0,0.0,224601000.0,-224601000.0,906176910.0,28905718090.0,국립중앙과학관,2022,0.0,과학기술정보통신부,77895000.0,0.0,0.0,0.0
자본계정,5539000000.0,5539000000.0,0.0,0.0,0.0,0.0,312867670.0,5226132330.0,국립중앙과학관,2022,0.0,과학기술정보통신부,0.0,0.0,0.0,0.0
,445898000000.0,445898000000.0,0.0,0.0,0.0,0.0,727000000.0,445171000000.0,소재부품장비경쟁력강화특별회계,2022,0.0,과학기술정보통신부,0.0,0.0,0.0,0.0
투자계정,429240000000.0,429240000000.0,0.0,0.0,0.0,0.0,7107688000.0,422132312000.0,에너지및자원사업특별회계,2022,0.0,과학기술정보통신부,0.0,0.0,0.0,0.0
,1028411000000.0,1028746025000.0,13300000000.0,-13300000000.0,298000000.0,-298000000.0,179353983650.0,849108016350.0,우체국보험특별회계,2022,284025000.0,과학기술정보통신부,335025000.0,0.0,0.0,0.0
손익계정,4195650000000.0,4196038665000.0,0.0,0.0,0.0,0.0,524362338670.0,3671416456700.0,우체국예금특별회계,2022,259869630.0,과학기술정보통신부,388665000.0,0.0,0.0,0.0
자본계정,17026000000.0,17120800000.0,0.0,0.0,0.0,0.0,502407270.0,15044121130.0,우체국예금특별회계,2022,1574271600.0,과학기술정보통신부,94800000.0,0.0,0.0,0.0
손익계정,4495923000000.0,4496270071740.0,49894000000.0,-49894000000.0,33619000000.0,-33619000000.0,166166417100.0,4329702525550.0,우편사업특별회계,2022,401129090.0,과학기술정보통신부,347071740.0,0.0,0.0,0.0
자본계정,148945000000.0,172572290350.0,0.0,0.0,0.0,0.0,7116801800.0,153224703390.0,우편사업특별회계,2022,12230785160.0,과학기술정보통신부,23627290350.0,0.0,0.0,0.0
,8475523500000.0,8541271148400.0,0.0,0.0,1860516000.0,-1860516000.0,63382281050.0,8466559378890.0,일반회계,2022,11329488460.0,과학기술정보통신부,65747648400.0,0.0,0.0,0.0
,611608000000.0,612971466470.0,30000000.0,-30000000.0,513544000.0,-513544000.0,19843640940.0,589268675950.0,일반회계,2022,3859149580.0,관세청,1363466470.0,0.0,0.0,0.0
지역지원계정,1264689000000.0,1338996692800.0,0.0,0.0,0.0,0.0,0.0,1338996692800.0,국가균형발전특별회계,2022,0.0,교육부,74307692800.0,0.0,0.0,0.0
,3829046000000.0,3829046000000.0,0.0,0.0,0.0,0.0,0.0,3829046000000.0,유아교육지원특별회계,2022,0.0,교육부,0.0,0.0,0.0,0.0
,94233013000000.0,94272631514560.0,2797200000.0,-3055997000.0,31516140000.0,-31516140000.0,155017409230.0,94104242987020.0,일반회계,2022,13371118310.0,교육부,16941237560.0,11566000000.0,0.0,11370074000.0
,0.0,1455299000.0,258797000.0,0.0,0.0,0.0,207305440.0,1220447370.0,일반회계,2022,27546190.0,국가교육위원회,0.0,1196502000.0,0.0,0.0
제주특별자치도계정,2240000000.0,2240000000.0,0.0,0.0,0.0,0.0,0.0,2240000000.0,국가균형발전특별회계,2022,0.0,국가보훈처,0.0,0.0,0.0,0.0
투자계정,16990000000.0,16990000000.0,0.0,0.0,0.0,0.0,5860063600.0,11129936400.0,에너지및자원사업특별회계,2022,0.0,국가보훈처,0.0,0.0,0.0,0.0
,5722585000000.0,5741415637640.0,1132950000.0,-1132950000.0,39802663000.0,-39802663000.0,57475113110.0,5649679918350.0,일반회계,2022,34260606180.0,국가보훈처,18830637640.0,0.0,0.0,0.0
,39024000000.0,41467621410.0,0.0,0.0,45455000.0,-45455000.0,2362150380.0,39105471030.0,일반회계,2022,0.0,국가인권위원회,406369410.0,2037252000.0,0.0,0.0
,831200000000.0,839725550500.0,0.0,0.0,0.0,0.0,52839758480.0,778472944330.0,일반회계,2022,8412847690.0,국가정보원,8525550500.0,0.0,0.0,0.0
투자계정,12253000000.0,12253000000.0,0.0,0.0,0.0,0.0,1225300000.0,11027700000.0,에너지및자원사업특별회계,2022,0.0,국무조정실 및 국무총리비서실,0.0,0.0,0.0,0.0
,642468000000.0,650574124410.0,0.0,0.0,1187112000.0,-1187112000.0,31189143810.0,618832011600.0,일반회계,2022,552969000.0,국무조정실 및 국무총리비서실,4138624410.0,3967500000.0,0.0,0.0
,92793000000.0,92793000000.0,0.0,0.0,1190075000.0,-1190075000.0,4308560700.0,88484439300.0,일반회계,2022,0.0,국민권익위원회,0.0,0.0,0.0,0.0
,766543000000.0,941979237180.0,0.0,0.0,3730879600.0,-3730879600.0,253122888750.0,456769118450.0,국방·군사시설이전특별회계,2022,232087229980.0,국방부,175436237180.0,0.0,0.0,0.0
,36967628000000.0,37930971371250.0,219634627700.0,-219634627700.0,433252442810.0,-433252442810.0,590921318080.0,36480400100180.0,일반회계,2022,859649952990.0,국방부,951508139250.0,11835232000.0,0.0,0.0
,771635000000.0,826638019760.0,0.0,0.0,210000000.0,-210000000.0,9124041910.0,784150197950.0,주한미군기지이전특별회계,2022,33363779900.0,국방부,55003019760.0,0.0,0.0,0.0
,1921878000000.0,1922221000000.0,43977292000.0,-43977292000.0,19764321000.0,-19764321000.0,21639294070.0,1900294158010.0,일반회계,2022,287547920.0,국세청,0.0,0.0,0.0,343000000.0
공항계정,488431000000.0,509195490160.0,7016000000.0,-7016000000.0,8476735000.0,-8476735000.0,73829555050.0,368397075330.0,교통시설특별회계,2022,66968859780.0,국토교통부,20764490160.0,0.0,0.0,0.0
교통체계관리계정,926254000000.0,927493954410.0,0.0,0.0,0.0,0.0,21541479980.0,904432931280.0,교통시설특별회계,2022,1519543150.0,국토교통부,1239954410.0,0.0,0.0,0.0
도로계정,8454406000000.0,8602030967680.0,0.0,0.0,139198063000.0,-139198063000.0,21775505390.0,8188217630740.0,교통시설특별회계,2022,392037831550.0,국토교통부,147624967680.0,0.0,0.0,0.0
철도계정,5383957000000.0,5383984400000.0,0.0,0.0,0.0,0.0,80881792090.0,5220557115550.0,교통시설특별회계,2022,82545492360.0,국토교통부,27400000.0,0.0,0.0,0.0
세종특별자치시계정,26402000000.0,27838959950.0,0.0,0.0,598000000.0,-598000000.0,5693605270.0,19895492980.0,국가균형발전특별회계,2022,2249861700.0,국토교통부,1436959950.0,0.0,0.0,0.0
제주특별자치도계정,77606000000.0,77606000000.0,0.0,0.0,0.0,0.0,885000000.0,76721000000.0,국가균형발전특별회계,2022,0.0,국토교통부,0.0,0.0,0.0,0.0
지역자율계정,541340000000.0,584873110000.0,0.0,0.0,0.0,0.0,18363500000.0,566509610000.0,국가균형발전특별회계,2022,0.0,국토교통부,43533110000.0,0.0,0.0,0.0
지역지원계정,2763685000000.0,2921371798430.0,0.0,0.0,50009000000.0,-50009000000.0,217753383530.0,2512705028720.0,국가균형발전특별회계,2022,190913386180.0,국토교통부,157686798430.0,0.0,0.0,0.0
투자계정,18900000000.0,19016699990.0,0.0,0.0,0.0,0.0,3501972880.0,15514727110.0,에너지및자원사업특별회계,2022,0.0,국토교통부,116699990.0,0.0,0.0,0.0
,22335007000000.0,21766062236910.0,10280666960.0,-764278823830.0,28266431580.0,-28266431580.0,79240574240.0,21628447757060.0,일반회계,2022,58373905610.0,국토교통부,67132393780.0,117921000000.0,0.0,0.0
,42710000000.0,42827200000.0,0.0,0.0,0.0,0.0,5130078090.0,37303484640.0,혁신도시건설특별회계,2022,393637270.0,국토교통부,117200000.0,0.0,0.0,0.0
,699809000000.0,720496519540.0,139800000.0,-139800000.0,1099049000.0,-1099049000.0,55604155780.0,655470843290.0,일반회계,2022,9421520470.0,국회,20687519540.0,1300000000.0,-1300000000.0,0.0
,4156542000000.0,4156769286380.0,0.0,0.0,172848000.0,-172848000.0,4863095760.0,4151815826990.0,일반회계,2022,90363630.0,금융위원회,227286380.0,0.0,0.0,0.0
,451142000000.0,474297462170.0,100000000.0,-100000000.0,2150634000.0,-2150634000.0,17279679410.0,441570829270.0,일반회계,2022,15446953490.0,기상청,23155462170.0,0.0,0.0,0.0
,945000000.0,945000000.0,0.0,0.0,0.0,0.0,945000000.0,0.0,혁신도시건설특별회계,2022,0.0,기상청,0.0,0.0,0.0,0.0
지역자율계정,555112000000.0,555112000000.0,0.0,0.0,0.0,0.0,138778000000.0,416334000000.0,국가균형발전특별회계,2022,0.0,기획재정부,0.0,0.0,0.0,0.0
,26473108000000.0,22286620246280.0,5916000000.0,-5916000000.0,2372532000.0,-2372532000.0,2753423730880.0,19518422410910.0,일반회계,2022,14774104490.0,기획재정부,4546803280.0,750456152000.0,-4941490709000.0,0.0
세종특별자치시계정,2840000000.0,2840000000.0,0.0,0.0,0.0,0.0,0.0,2840000000.0,국가균형발전특별회계,2022,0.0,농림축산식품부,0.0,0.0,0.0,0.0
제주특별자치도계정,10157000000.0,10157000000.0,0.0,0.0,0.0,0.0,0.0,10157000000.0,국가균형발전특별회계,2022,0.0,농림축산식품부,0.0,0.0,0.0,0.0
지역자율계정,734561000000.0,762781000000.0,0.0,0.0,0.0,0.0,0.0,655096000000.0,국가균형발전특별회계,2022,107685000000.0,농림축산식품부,28220000000.0,0.0,0.0,0.0
지역지원계정,5000000000.0,5000000000.0,0.0,0.0,0.0,0.0,293500000.0,4706500000.0,국가균형발전특별회계,2022,0.0,농림축산식품부,0.0,0.0,0.0,0.0
구조개선사업계정,4918667000000.0,5016802143940.0,24989459000.0,-24989459000.0,9017097800.0,-9017097800.0,111251001360.0,4481778805550.0,농어촌구조개선특별회계,2022,423772337030.0,농림축산식품부,53017143940.0,45118000000.0,0.0,0.0
농어촌특별세사업계정,7863349000000.0,7867886949830.0,0.0,0.0,263000000.0,-263000000.0,60538629730.0,7417205886100.0,농어촌구조개선특별회계,2022,390142434000.0,농림축산식품부,4537949830.0,0.0,0.0,0.0
손익계정,2187820000000.0,2188003102000.0,0.0,0.0,80877787000.0,-80877787000.0,718214930.0,2187284887070.0,양곡관리특별회계,2022,0.0,농림축산식품부,183102000.0,0.0,0.0,0.0
융자계정,2646000000.0,2646000000.0,0.0,0.0,0.0,0.0,0.0,2646000000.0,에너지및자원사업특별회계,2022,0.0,농림축산식품부,0.0,0.0,0.0,0.0
투자계정,19405000000.0,19405000000.0,0.0,0.0,0.0,0.0,0.0,19405000000.0,에너지및자원사업특별회계,2022,0.0,농림축산식품부,0.0,0.0,0.0,0.0
,3319596000000.0,3372703203880.0,662000000.0,-662000000.0,653345000.0,-653345000.0,20819631350.0,3340925928010.0,일반회계,2022,10957644520.0,농림축산식품부,7989203880.0,45118000000.0,0.0,0.0
세종특별자치시계정,590000000.0,590000000.0,0.0,0.0,0.0,0.0,0.0,590000000.0,국가균형발전특별회계,2022,0.0,농촌진흥청,0.0,0.0,0.0,0.0
제주특별자치도계정,3385000000.0,3385000000.0,0.0,0.0,0.0,0.0,0.0,3385000000.0,국가균형발전특별회계,2022,0.0,농촌진흥청,0.0,0.0,0.0,0.0
지역자율계정,63342000000.0,65893000000.0,0.0,0.0,0.0,0.0,0.0,65893000000.0,국가균형발전특별회계,2022,0.0,농촌진흥청,2551000000.0,0.0,0.0,0.0
지역지원계정,25006000000.0,25006000000.0,0.0,0.0,0.0,0.0,33251010.0,24972748990.0,국가균형발전특별회계,2022,0.0,농촌진흥청,0.0,0.0,0.0,0.0
구조개선사업계정,28135000000.0,28135000000.0,0.0,0.0,0.0,0.0,79350730.0,28055649270.0,농어촌구조개선특별회계,2022,0.0,농촌진흥청,0.0,0.0,0.0,0.0
,1026673000000.0,1043134169220.0,5993000000.0,-5993000000.0,3328644000.0,-3328644000.0,18757223820.0,1018500592480.0,일반회계,2022,5876352920.0,농촌진흥청,16461169220.0,0.0,0.0,0.0
,305403000000.0,313260867290.0,0.0,0.0,500000000.0,-500000000.0,60927230020.0,249256102230.0,등기특별회계,2022,3077535040.0,대법원,7857867290.0,0.0,0.0,0.0
,1712674000000.0,1729427634950.0,3749440000.0,-3749440000.0,6325973000.0,-6325973000.0,14015044560.0,1705531546540.0,일반회계,2022,9881043850.0,대법원,16753634950.0,0.0,0.0,0.0
,96404000000.0,106575123000.0,0.0,0.0,103000000.0,-103000000.0,2604626730.0,103821880270.0,일반회계,2022,148616000.0,대통령경호처,173630000.0,9997493000.0,0.0,0.0
,93132000000.0,93132000000.0,0.0,0.0,52469620.0,-52469620.0,8881407210.0,84250592790.0,일반회계,2022,0.0,대통령비서실 및 국가안보실,0.0,0.0,0.0,0.0
지역지원계정,9675000000.0,9675000000.0,0.0,0.0,0.0,0.0,0.0,9675000000.0,국가균형발전특별회계,2022,0.0,문화재청,0.0,0.0,0.0,0.0
,1026485000000.0,1068467177030.0,0.0,0.0,1016279000.0,-1016279000.0,19542961600.0,1031313625000.0,일반회계,2022,17610590430.0,문화재청,32312177030.0,9670000000.0,0.0,0.0
세종특별자치시계정,8800000000.0,8800000000.0,0.0,0.0,0.0,0.0,50000000.0,8750000000.0,국가균형발전특별회계,2022,0.0,문화체육관광부,0.0,0.0,0.0,0.0
제주특별자치도계정,15695000000.0,15695000000.0,0.0,0.0,0.0,0.0,7644000000.0,8051000000.0,국가균형발전특별회계,2022,0.0,문화체육관광부,0.0,0.0,0.0,0.0
지역자율계정,449065000000.0,489825000000.0,0.0,0.0,0.0,0.0,6581500000.0,483243500000.0,국가균형발전특별회계,2022,0.0,문화체육관광부,40760000000.0,0.0,0.0,0.0
지역지원계정,143366000000.0,143366000000.0,0.0,0.0,0.0,0.0,7700000000.0,135666000000.0,국가균형발전특별회계,2022,0.0,문화체육관광부,0.0,0.0,0.0,0.0
,141242000000.0,145935460600.0,500000000.0,-500000000.0,142851000.0,-142851000.0,10841826020.0,128649981130.0,아시아문화중심도시조성특별회계,2022,6443653450.0,문화체육관광부,4693460600.0,0.0,0.0,0.0
,3246303400000.0,3305597130890.0,6781455000.0,-6781455000.0,11986249000.0,-11986249000.0,90234650390.0,3165160493870.0,일반회계,2022,50201986630.0,문화체육관광부,59293730890.0,0.0,0.0,0.0
,33728000000.0,33728000000.0,0.0,0.0,76090000.0,-76090000.0,1042333870.0,32685666130.0,일반회계,2022,0.0,민주평화통일자문회의,0.0,0.0,0.0,0.0
,50526000000.0,50676000000.0,0.0,0.0,0.0,0.0,2561815300.0,47980184700.0,일반회계,2022,134000000.0,방송통신위원회,150000000.0,0.0,0.0,0.0
,16136741000000.0,16425500451290.0,200000000.0,-281000000.0,225441203020.0,-225441203020.0,298724203840.0,15744774187560.0,일반회계,2022,382002059890.0,방위사업청,288840451290.0,0.0,0.0,0.0
,121574000000.0,124792913360.0,0.0,0.0,0.0,0.0,15109093600.0,109683819760.0,교도작업특별회계,2022,0.0,법무부,3218913360.0,0.0,0.0,0.0
,4107675000000.0,4142499514410.0,32271000000.0,-32271000000.0,16814801000.0,-16814801000.0,61688492140.0,4073951433700.0,일반회계,2022,6859588570.0,법무부,30559448410.0,4265066000.0,0.0,0.0
,42951600000.0,42951600000.0,0.0,0.0,0.0,0.0,2281515860.0,40670084140.0,일반회계,2022,0.0,법제처,0.0,0.0,0.0,0.0
,272021000000.0,272021000000.0,0.0,0.0,63731000.0,-63731000.0,30440054820.0,241580945180.0,일반회계,2022,0.0,병무청,0.0,0.0,0.0,0.0
지역지원계정,292789000000.0,292789000000.0,0.0,0.0,0.0,0.0,28778420.0,292760221580.0,국가균형발전특별회계,2022,0.0,보건복지부,0.0,0.0,0.0,0.0
손익계정,16399000000.0,16421800000.0,0.0,0.0,8580000.0,-8580000.0,2062608150.0,14359191850.0,국립공주병원,2022,0.0,보건복지부,0.0,0.0,0.0,22800000.0
자본계정,1123000000.0,1123000000.0,0.0,0.0,0.0,0.0,60534800.0,1062465200.0,국립공주병원,2022,0.0,보건복지부,0.0,0.0,0.0,0.0
손익계정,21758000000.0,22159194000.0,0.0,0.0,18500000.0,-18500000.0,2248236400.0,19910957600.0,국립나주병원,2022,0.0,보건복지부,0.0,0.0,0.0,401194000.0
자본계정,1541000000.0,1807163720.0,0.0,0.0,0.0,0.0,19620580.0,1738365040.0,국립나주병원,2022,49178100.0,보건복지부,266163720.0,0.0,0.0,0.0
손익계정,19978000000.0,20002000000.0,0.0,0.0,21650000.0,-21650000.0,1964754050.0,18037245950.0,국립부곡병원,2022,0.0,보건복지부,0.0,0.0,0.0,24000000.0
자본계정,1456000000.0,1523000000.0,0.0,0.0,0.0,0.0,294431660.0,1228568340.0,국립부곡병원,2022,0.0,보건복지부,67000000.0,0.0,0.0,0.0
손익계정,54784000000.0,58204523000.0,0.0,0.0,1067286000.0,-1067286000.0,2139052830.0,55376949670.0,국립재활원,2022,688520500.0,보건복지부,570948000.0,0.0,0.0,2849575000.0
자본계정,2901000000.0,2999700000.0,0.0,0.0,0.0,0.0,156875140.0,1849514200.0,국립재활원,2022,993310660.0,보건복지부,98700000.0,0.0,0.0,0.0
손익계정,44164000000.0,44737323910.0,0.0,0.0,1053361000.0,-1053361000.0,3413645810.0,41003845100.0,국립정신건강센터,2022,319833000.0,보건복지부,202573910.0,0.0,0.0,370750000.0
자본계정,1288000000.0,1288000000.0,0.0,0.0,0.0,0.0,2703040.0,1275396960.0,국립정신건강센터,2022,9900000.0,보건복지부,0.0,0.0,0.0,0.0
손익계정,14974000000.0,15182987980.0,0.0,0.0,114100000.0,-114100000.0,1840704380.0,13342283600.0,국립춘천병원,2022,0.0,보건복지부,110387980.0,0.0,0.0,98600000.0
자본계정,1246000000.0,1409330000.0,0.0,0.0,112717000.0,-112717000.0,122542660.0,1076285340.0,국립춘천병원,2022,210502000.0,보건복지부,163330000.0,0.0,0.0,0.0
농어촌특별세사업계정,48982000000.0,48982000000.0,0.0,0.0,0.0,0.0,0.0,48982000000.0,농어촌구조개선특별회계,2022,0.0,보건복지부,0.0,0.0,0.0,0.0
,66039557500000.0,67044839714570.0,420291365000.0,-420291365000.0,178325844000.0,-178325844000.0,372978754330.0,66645904248630.0,일반회계,2022,25956711610.0,보건복지부,29361014570.0,975921200000.0,0.0,0.0
세종특별자치시계정,674000000.0,674000000.0,0.0,0.0,0.0,0.0,0.0,674000000.0,국가균형발전특별회계,2022,0.0,산림청,0.0,0.0,0.0,0.0
제주특별자치도계정,1010000000.0,1010000000.0,0.0,0.0,0.0,0.0,0.0,1010000000.0,국가균형발전특별회계,2022,0.0,산림청,0.0,0.0,0.0,0.0
지역자율계정,131840000000.0,138975148000.0,0.0,0.0,0.0,0.0,160000000.0,138815148000.0,국가균형발전특별회계,2022,0.0,산림청,7135148000.0,0.0,0.0,0.0
지역지원계정,182188000000.0,182894393620.0,0.0,0.0,6545000000.0,-6545000000.0,2362691620.0,177822624350.0,국가균형발전특별회계,2022,2709077650.0,산림청,706393620.0,0.0,0.0,0.0
손익계정,33958000000.0,33958000000.0,0.0,0.0,0.0,0.0,1178282330.0,32779717670.0,국립자연휴양림관리소,2022,0.0,산림청,0.0,0.0,0.0,0.0
자본계정,27334000000.0,30378985240.0,0.0,0.0,0.0,0.0,733919020.0,25146101010.0,국립자연휴양림관리소,2022,4498965210.0,산림청,3044985240.0,0.0,0.0,0.0
임업진흥사업계정,937154000000.0,938395041850.0,5588050000.0,-5588050000.0,278000000.0,-278000000.0,5385396360.0,928624066550.0,농어촌구조개선특별회계,2022,4385578940.0,산림청,1241041850.0,0.0,0.0,0.0
,1984815000000.0,2083123361100.0,30116567000.0,-30116567000.0,5185589000.0,-5185589000.0,16863824440.0,1990276458690.0,일반회계,2022,75983077970.0,산림청,30149180100.0,68159181000.0,0.0,0.0
세종특별자치시계정,9764000000.0,9764000000.0,0.0,0.0,0.0,0.0,11282000.0,9752718000.0,국가균형발전특별회계,2022,0.0,산업통상자원부,0.0,0.0,0.0,0.0
제주특별자치도계정,19894000000.0,19894000000.0,0.0,0.0,0.0,0.0,0.0,19894000000.0,국가균형발전특별회계,2022,0.0,산업통상자원부,0.0,0.0,0.0,0.0
지역지원계정,826576000000.0,826585091000.0,0.0,0.0,200300000.0,-200300000.0,2699374330.0,822895625760.0,국가균형발전특별회계,2022,990090910.0,산업통상자원부,9091000.0,0.0,0.0,0.0
,1596640000000.0,1596843195000.0,0.0,0.0,15000000.0,-15000000.0,58675090.0,1596747842640.0,소재부품장비경쟁력강화특별회계,2022,36677270.0,산업통상자원부,203195000.0,0.0,0.0,0.0
융자계정,601604000000.0,628618492000.0,0.0,0.0,0.0,0.0,90027703950.0,538590788050.0,에너지및자원사업특별회계,2022,0.0,산업통상자원부,0.0,27014492000.0,0.0,0.0
투자계정,1268181000000.0,1270609541250.0,0.0,0.0,0.0,0.0,259258560.0,1269781108080.0,에너지및자원사업특별회계,2022,569174610.0,산업통상자원부,2428541250.0,0.0,0.0,0.0
,6274211800000.0,6502083763090.0,0.0,0.0,17277182000.0,-17277182000.0,52072566520.0,6444986816220.0,일반회계,2022,5024380350.0,산업통상자원부,84309471090.0,143562492000.0,0.0,0.0
,248321000000.0,254148841670.0,0.0,0.0,4739003000.0,-4739003000.0,3878631290.0,244994115090.0,일반회계,2022,5276095290.0,새만금개발청,5827841670.0,0.0,0.0,0.0
,255296000000.0,262615367720.0,0.0,0.0,43741743000.0,-43741743000.0,6957060390.0,236760351890.0,일반회계,2022,18897955440.0,소방청,7319367720.0,0.0,0.0,0.0
제주특별자치도계정,111000000.0,111000000.0,0.0,0.0,0.0,0.0,0.0,111000000.0,국가균형발전특별회계,2022,0.0,식품의약품안전처,0.0,0.0,0.0,0.0
지역지원계정,3730000000.0,3730000000.0,0.0,0.0,0.0,0.0,0.0,3730000000.0,국가균형발전특별회계,2022,0.0,식품의약품안전처,0.0,0.0,0.0,0.0
구조개선사업계정,2276000000.0,2280180000.0,0.0,0.0,0.0,0.0,69693380.0,2210486620.0,농어촌구조개선특별회계,2022,0.0,식품의약품안전처,4180000.0,0.0,0.0,0.0
,654525500000.0,659351880430.0,2653600000.0,-2653600000.0,1823067000.0,-1823067000.0,14457912280.0,635520107220.0,일반회계,2022,9373860930.0,식품의약품안전처,4826380430.0,0.0,0.0,0.0
제주특별자치도계정,1137000000.0,1137000000.0,0.0,0.0,0.0,0.0,0.0,1137000000.0,국가균형발전특별회계,2022,0.0,여성가족부,0.0,0.0,0.0,0.0
지역지원계정,48166000000.0,53856800000.0,0.0,0.0,0.0,0.0,2000000000.0,51856800000.0,국가균형발전특별회계,2022,0.0,여성가족부,5690800000.0,0.0,0.0,0.0
,634108000000.0,640341240250.0,0.0,0.0,3105280000.0,-3105280000.0,14252253320.0,612636741940.0,일반회계,2022,13452244990.0,여성가족부,6233240250.0,0.0,0.0,0.0
,2806112000000.0,2891047566500.0,17674000000.0,-17674000000.0,16591691000.0,-16591691000.0,72983595940.0,2811547122320.0,일반회계,2022,6516848240.0,외교부,13797566500.0,71138000000.0,0.0,0.0
,155991000000.0,156067724000.0,0.0,0.0,194000000.0,-194000000.0,1137906250.0,154929817750.0,일반회계,2022,0.0,원자력안전위원회,76724000.0,0.0,0.0,0.0
,4226117400000.0,4226301530000.0,1690220000.0,-1690220000.0,51059000.0,-51059000.0,6482610940.0,4219752557200.0,일반회계,2022,66361860.0,인사혁신처,0.0,0.0,0.0,184130000.0
,0.0,81000000.0,81000000.0,0.0,81000000.0,-81000000.0,29125290.0,51874710.0,일반회계,2022,0.0,조달청,0.0,0.0,0.0,0.0
손익계정,330410000000.0,335075823990.0,0.0,0.0,963896000.0,-963896000.0,12551474540.0,317492150450.0,조달특별회계,2022,5032199000.0,조달청,4665823990.0,0.0,0.0,0.0
자본계정,163577000000.0,165059624170.0,0.0,0.0,0.0,0.0,2826172830.0,159782406880.0,조달특별회계,2022,2451044460.0,조달청,1482624170.0,0.0,0.0,0.0
세종특별자치시계정,12476000000.0,12476000000.0,0.0,0.0,0.0,0.0,0.0,12476000000.0,국가균형발전특별회계,2022,0.0,중소벤처기업부,0.0,0.0,0.0,0.0
제주특별자치도계정,17533000000.0,17533000000.0,0.0,0.0,0.0,0.0,0.0,17533000000.0,국가균형발전특별회계,2022,0.0,중소벤처기업부,0.0,0.0,0.0,0.0
지역지원계정,463391000000.0,475741000000.0,0.0,0.0,0.0,0.0,163900.0,475740836100.0,국가균형발전특별회계,2022,0.0,중소벤처기업부,12350000000.0,0.0,0.0,0.0
,353832800000.0,353832800000.0,0.0,0.0,0.0,0.0,0.0,353832800000.0,소재부품장비경쟁력강화특별회계,2022,0.0,중소벤처기업부,0.0,0.0,0.0,0.0
,46870344000000.0,48249102191000.0,0.0,0.0,101014860000.0,-101014860000.0,5810546770.0,48240022210410.0,일반회계,2022,3269433820.0,중소벤처기업부,258191000.0,1378500000000.0,0.0,0.0
,870615000000.0,870678677900.0,4384000000.0,-4384000000.0,76964618000.0,-76964618000.0,30664214750.0,839892170920.0,일반회계,2022,122292230.0,중앙선거관리위원회,63677900.0,235138000.0,-235138000.0,0.0
,13741000000.0,13940384870.0,166000000.0,-166000000.0,267000000.0,-267000000.0,332231670.0,13334794340.0,일반회계,2022,273358860.0,진실·화해를위한과거사정리위원회,199384870.0,0.0,0.0,0.0
손익계정,14277000000.0,14965485000.0,0.0,0.0,0.0,0.0,1822395330.0,13143089670.0,국립마산병원,2022,0.0,질병관리청,0.0,0.0,0.0,688485000.0
자본계정,6307000000.0,6307000000.0,0.0,0.0,0.0,0.0,130234170.0,6006483030.0,국립마산병원,2022,170282800.0,질병관리청,0.0,0.0,0.0,0.0
손익계정,11179000000.0,11179000000.0,0.0,0.0,22531000.0,-22531000.0,789780700.0,10389219300.0,국립목포병원,2022,0.0,질병관리청,0.0,0.0,0.0,0.0
자본계정,1916000000.0,2547235800.0,0.0,0.0,0.0,0.0,111304480.0,1025496770.0,국립목포병원,2022,1410434550.0,질병관리청,631235800.0,0.0,0.0,0.0
,12409740000000.0,13407883866600.0,33733849000.0,-33733849000.0,326656365000.0,-326656365000.0,834058868150.0,11778396399990.0,일반회계,2022,795428598460.0,질병관리청,677883866600.0,320260000000.0,0.0,0.0
,377832000000.0,380464000000.0,0.0,0.0,1742724000.0,-1742724000.0,12994890940.0,367469109060.0,일반회계,2022,0.0,통계청,0.0,0.0,0.0,2632000000.0
,329911000000.0,331889170120.0,0.0,0.0,673611000.0,-673611000.0,31025088250.0,296756899080.0,일반회계,2022,4107182790.0,통일부,1978170120.0,0.0,0.0,0.0
,0.0,1189425000.0,0.0,0.0,0.0,0.0,0.0,1189425000.0,일반회계,2022,0.0,특허청,0.0,1189425000.0,0.0,0.0
손익계정,655534000000.0,657991425000.0,0.0,0.0,111000000.0,-111000000.0,12240005710.0,645751419290.0,특허청,2022,0.0,특허청,0.0,1189425000.0,0.0,1268000000.0
자본계정,139053000000.0,140129000000.0,0.0,0.0,0.0,0.0,442806740.0,139686193260.0,특허청,2022,0.0,특허청,0.0,0.0,0.0,1076000000.0
,1682905000000.0,1727135115780.0,5518000000.0,-5518000000.0,6252373000.0,-6252373000.0,4772335010.0,1703433846640.0,일반회계,2022,18928934130.0,해양경찰청,7235115780.0,36995000000.0,0.0,0.0
항만계정,1450642000000.0,1561962867740.0,0.0,0.0,36087000000.0,-36087000000.0,49956497750.0,1440043016850.0,교통시설특별회계,2022,71963353140.0,해양수산부,111320867740.0,0.0,0.0,0.0
제주특별자치도계정,54064000000.0,58277000000.0,0.0,0.0,0.0,0.0,0.0,58277000000.0,국가균형발전특별회계,2022,0.0,해양수산부,4213000000.0,0.0,0.0,0.0
지역자율계정,53706000000.0,53706000000.0,0.0,0.0,0.0,0.0,0.0,53706000000.0,국가균형발전특별회계,2022,0.0,해양수산부,0.0,0.0,0.0,0.0
지역지원계정,28001000000.0,29991000000.0,0.0,0.0,0.0,0.0,0.0,29991000000.0,국가균형발전특별회계,2022,0.0,해양수산부,1990000000.0,0.0,0.0,0.0
구조개선사업계정,735048000000.0,765171102530.0,0.0,0.0,5688060000.0,-5688060000.0,7734974180.0,723758503010.0,농어촌구조개선특별회계,2022,33677625340.0,해양수산부,10123102530.0,20000000000.0,0.0,0.0
농어촌특별세사업계정,1101934000000.0,1124927247840.0,75295000.0,-75295000.0,9367405000.0,-9367405000.0,21797550960.0,1063515137510.0,농어촌구조개선특별회계,2022,39614559370.0,해양수산부,8954495840.0,14038752000.0,0.0,0.0
투자계정,79485000000.0,79485000000.0,0.0,0.0,0.0,0.0,14672774140.0,64812225860.0,에너지및자원사업특별회계,2022,0.0,해양수산부,0.0,0.0,0.0,0.0
,3494541000000.0,3578675533480.0,0.0,0.0,12850242000.0,-12850242000.0,41094491130.0,3462546050140.0,일반회계,2022,75034992210.0,해양수산부,50095781480.0,34038752000.0,0.0,0.0
세종특별자치시계정,3956000000.0,3956000000.0,0.0,0.0,0.0,0.0,0.0,3956000000.0,국가균형발전특별회계,2022,0.0,행정안전부,0.0,0.0,0.0,0.0
제주특별자치도계정,5544000000.0,5544000000.0,0.0,0.0,0.0,0.0,0.0,5544000000.0,국가균형발전특별회계,2022,0.0,행정안전부,0.0,0.0,0.0,0.0
지역자율계정,208521000000.0,224074171800.0,0.0,0.0,0.0,0.0,0.0,224074171800.0,국가균형발전특별회계,2022,0.0,행정안전부,15553171800.0,0.0,0.0,0.0
지역지원계정,1033125000000.0,1043920625000.0,0.0,0.0,0.0,0.0,9703079770.0,1034150645230.0,국가균형발전특별회계,2022,66900000.0,행정안전부,10795625000.0,0.0,0.0,0.0
,81417308000000.0,82021476560220.0,61922802000.0,-61922802000.0,9855512000.0,-9855512000.0,2193999445440.0,79708523529390.0,일반회계,2022,118953585390.0,행정안전부,59261098220.0,544907462000.0,0.0,0.0
,391514000000.0,391514000000.0,0.0,0.0,0.0,0.0,0.0,391514000000.0,일반회계,2022,0.0,행정중심복합도시건설청,0.0,0.0,0.0,0.0
,405202000000.0,434714622430.0,1121000000.0,-1121000000.0,11203300000.0,-11203300000.0,13695383950.0,374158110120.0,행정중심복합도시건설특별회계,2022,46861128360.0,행정중심복합도시건설청,29512622430.0,0.0,0.0,0.0
,52862000000.0,52871000000.0,0.0,0.0,33351000.0,-33351000.0,2798657990.0,50072342010.0,일반회계,2022,0.0,헌법재판소,9000000.0,0.0,0.0,0.0
세종특별자치시계정,5567000000.0,5567000000.0,0.0,0.0,0.0,0.0,0.0,5567000000.0,국가균형발전특별회계,2022,0.0,환경부,0.0,0.0,0.0,0.0
제주특별자치도계정,32995000000.0,32995000000.0,0.0,0.0,0.0,0.0,0.0,32995000000.0,국가균형발전특별회계,2022,0.0,환경부,0.0,0.0,0.0,0.0
지역자율계정,122165000000.0,122165000000.0,0.0,0.0,0.0,0.0,1001000.0,122163999000.0,국가균형발전특별회계,2022,0.0,환경부,0.0,0.0,0.0,0.0
지역지원계정,457196000000.0,457196000000.0,0.0,0.0,0.0,0.0,0.0,457196000000.0,국가균형발전특별회계,2022,0.0,환경부,0.0,0.0,0.0,0.0
농어촌특별세사업계정,42563000000.0,42563000000.0,0.0,0.0,0.0,0.0,0.0,41377000000.0,농어촌구조개선특별회계,2022,1186000000.0,환경부,0.0,0.0,0.0,0.0
투자계정,2630851000000.0,2631906483350.0,0.0,0.0,0.0,0.0,457906733150.0,2173728563200.0,에너지및자원사업특별회계,2022,271187000.0,환경부,1055483350.0,0.0,0.0,0.0
,6418988000000.0,7533212451270.0,766963156870.0,-12965000000.0,42677297000.0,-42677297000.0,15510215290.0,7440916257180.0,일반회계,2022,76785978800.0,환경부,5122294400.0,355104000000.0,0.0,0.0
,6741462000000.0,7007953011110.0,56380977000.0,-56380977000.0,13196142000.0,-13196142000.0,82709201790.0,6835885744300.0,환경개선특별회계,2022,89358065020.0,환경부,233461118110.0,32809000000.0,0.0,220893000.0
,10187000000.0,12168969000.0,0.0,0.0,0.0,0.0,2309359690.0,9378919310.0,일반회계,2021,480690000.0,5·18민주화운동 진상규명조사위원회,277600000.0,1704369000.0,0.0,0.0
,5782000000.0,20034589940.0,0.0,0.0,209000000.0,-209000000.0,4895462410.0,11766765570.0,일반회계,2021,3372361960.0,가습기살균제사건과 4·16세월호참사 특별조사위원회,877989940.0,13374600000.0,0.0,0.0
,135833000000.0,137419557540.0,0.0,0.0,133000000.0,-133000000.0,10877788950.0,126318172140.0,일반회계,2021,223596450.0,감사원,1586557540.0,0.0,0.0,0.0
,36842000000.0,36842000000.0,0.0,0.0,0.0,0.0,1249240520.0,35540394480.0,일반회계,2021,52365000.0,개인정보보호위원회,0.0,0.0,0.0,0.0
손익계정,79775000000.0,79775000000.0,0.0,0.0,1030163000.0,-1030163000.0,3477258510.0,76297741490.0,경찰병원,2021,0.0,경찰청,0.0,0.0,0.0,0.0
자본계정,2918000000.0,3096389000.0,0.0,0.0,0.0,0.0,60035720.0,2995531140.0,경찰병원,2021,40822140.0,경찰청,178389000.0,0.0,0.0,0.0
제주특별자치도계정,4568000000.0,4568000000.0,0.0,0.0,0.0,0.0,0.0,4568000000.0,국가균형발전특별회계,2021,0.0,경찰청,0.0,0.0,0.0,0.0
,11930539000000.0,11961651672980.0,0.0,0.0,4940903000.0,-4940903000.0,306253750690.0,11639009354120.0,일반회계,2021,16388568170.0,경찰청,31112672980.0,0.0,0.0,0.0
제주특별자치도계정,16178000000.0,16178000000.0,0.0,0.0,0.0,0.0,0.0,16178000000.0,국가균형발전특별회계,2021,0.0,고용노동부,0.0,0.0,0.0,0.0
지역지원계정,275434000000.0,276949334610.0,0.0,0.0,0.0,0.0,8442697290.0,268506637320.0,국가균형발전특별회계,2021,0.0,고용노동부,1515334610.0,0.0,0.0,0.0
투자계정,92211000000.0,92211000000.0,0.0,0.0,0.0,0.0,13347533650.0,78863466350.0,에너지및자원사업특별회계,2021,0.0,고용노동부,0.0,0.0,0.0,0.0
,9366749000000.0,9794625642020.0,0.0,0.0,39957577000.0,-39957577000.0,709030814230.0,9083728861290.0,일반회계,2021,1865966500.0,고용노동부,2894241020.0,424982401000.0,0.0,0.0
,0.0,23220383000.0,0.0,0.0,517000000.0,-517000000.0,5329544190.0,13946480230.0,일반회계,2021,3944358580.0,고위공직자범죄수사처,0.0,23220383000.0,0.0,0.0
,146291000000.0,146576000000.0,0.0,0.0,1139124000.0,-1139124000.0,3311190940.0,141681669660.0,일반회계,2021,1583139400.0,공정거래위원회,285000000.0,0.0,0.0,0.0
세종특별자치시계정,784000000.0,784000000.0,0.0,0.0,0.0,0.0,0.0,784000000.0,국가균형발전특별회계,2021,0.0,과학기술정보통신부,0.0,0.0,0.0,0.0
제주특별자치도계정,725000000.0,725000000.0,0.0,0.0,0.0,0.0,0.0,725000000.0,국가균형발전특별회계,2021,0.0,과학기술정보통신부,0.0,0.0,0.0,0.0
지역지원계정,384030000000.0,404063000000.0,0.0,0.0,0.0,0.0,0.0,385475000000.0,국가균형발전특별회계,2021,18588000000.0,과학기술정보통신부,20033000000.0,0.0,0.0,0.0
손익계정,29579000000.0,29579000000.0,0.0,0.0,463769000.0,-463769000.0,5616389700.0,23962610300.0,국립과천과학관,2021,0.0,과학기술정보통신부,0.0,0.0,0.0,0.0
자본계정,6571000000.0,7390637000.0,0.0,0.0,0.0,0.0,386421450.0,6237130740.0,국립과천과학관,2021,767084810.0,과학기술정보통신부,819637000.0,0.0,0.0,0.0
손익계정,27881000000.0,27881000000.0,0.0,0.0,359700000.0,-359700000.0,1671157670.0,26131947330.0,국립중앙과학관,2021,77895000.0,과학기술정보통신부,0.0,0.0,0.0,0.0
자본계정,8197000000.0,12972211300.0,0.0,0.0,0.0,0.0,64825580.0,12907385720.0,국립중앙과학관,2021,0.0,과학기술정보통신부,4775211300.0,0.0,0.0,0.0
,417304000000.0,417304000000.0,0.0,0.0,0.0,0.0,665000000.0,416639000000.0,소재부품장비경쟁력강화특별회계,2021,0.0,과학기술정보통신부,0.0,0.0,0.0,0.0
투자계정,413633000000.0,413633000000.0,0.0,0.0,0.0,0.0,4277111000.0,409355889000.0,에너지및자원사업특별회계,2021,0.0,과학기술정보통신부,0.0,0.0,0.0,0.0
,1007268000000.0,1007508412380.0,20000000000.0,-20000000000.0,0.0,0.0,182631468180.0,824541919200.0,우체국보험특별회계,2021,335025000.0,과학기술정보통신부,240412380.0,0.0,0.0,0.0
손익계정,3158932000000.0,3176105146010.0,0.0,0.0,0.0,0.0,372845899900.0,2802870581110.0,우체국예금특별회계,2021,388665000.0,과학기술정보통신부,17173146010.0,0.0,0.0,0.0
자본계정,7801000000.0,7801000000.0,0.0,0.0,0.0,0.0,684091490.0,7022108510.0,우체국예금특별회계,2021,94800000.0,과학기술정보통신부,0.0,0.0,0.0,0.0
손익계정,4375347000000.0,4375886326190.0,48390000000.0,-48390000000.0,33820000000.0,-33820000000.0,144832984160.0,4230706270290.0,우편사업특별회계,2021,347071740.0,과학기술정보통신부,539326190.0,0.0,0.0,0.0
자본계정,161856000000.0,178739311540.0,0.0,0.0,0.0,0.0,10670236900.0,144441784290.0,우편사업특별회계,2021,23627290350.0,과학기술정보통신부,16883311540.0,0.0,0.0,0.0
,7801010100000.0,7846017175670.0,0.0,0.0,245682000.0,-245682000.0,64838782960.0,7715430744310.0,일반회계,2021,65747648400.0,과학기술정보통신부,43809075670.0,1198000000.0,0.0,0.0
,596201000000.0,597517674290.0,0.0,0.0,1820850000.0,-1820850000.0,33081530800.0,563072677020.0,일반회계,2021,1363466470.0,관세청,1316674290.0,0.0,0.0,0.0
지역지원계정,1122600000000.0,1149416000000.0,0.0,0.0,0.0,0.0,400000000.0,1074708307200.0,국가균형발전특별회계,2021,74307692800.0,교육부,26816000000.0,0.0,0.0,0.0
,3916771000000.0,3916771000000.0,0.0,0.0,0.0,0.0,0.0,3916771000000.0,유아교육지원특별회계,2021,0.0,교육부,0.0,0.0,0.0,0.0
,76989028000000.0,77021220087550.0,0.0,0.0,1797067000.0,-1797067000.0,180599521780.0,76823679328210.0,일반회계,2021,16941237560.0,교육부,18963018550.0,0.0,0.0,13229069000.0
제주특별자치도계정,2133000000.0,2133000000.0,0.0,0.0,0.0,0.0,0.0,2133000000.0,국가균형발전특별회계,2021,0.0,국가보훈처,0.0,0.0,0.0,0.0
투자계정,17860000000.0,17860000000.0,0.0,0.0,0.0,0.0,2557408890.0,15302591110.0,에너지및자원사업특별회계,2021,0.0,국가보훈처,0.0,0.0,0.0,0.0
,5663279000000.0,5669750965880.0,26318000000.0,-26318000000.0,2264278000.0,-2264278000.0,20752734330.0,5630167593910.0,일반회계,2021,18830637640.0,국가보훈처,6471965880.0,0.0,0.0,0.0
,37931000000.0,38248160000.0,0.0,0.0,148314000.0,-148314000.0,1859851670.0,35981938920.0,일반회계,2021,406369410.0,국가인권위원회,317160000.0,0.0,0.0,0.0
,746000000000.0,757478919560.0,0.0,0.0,0.0,0.0,45856427950.0,703096941110.0,일반회계,2021,8525550500.0,국가정보원,11478919560.0,0.0,0.0,0.0
투자계정,11929000000.0,11929000000.0,0.0,0.0,0.0,0.0,715900000.0,11213100000.0,에너지및자원사업특별회계,2021,0.0,국무조정실 및 국무총리비서실,0.0,0.0,0.0,0.0
,629518000000.0,632741338870.0,0.0,0.0,668430000.0,-668430000.0,29838405170.0,598764309290.0,일반회계,2021,4138624410.0,국무조정실 및 국무총리비서실,2006589870.0,1216749000.0,0.0,0.0
,0.0,4113482000.0,4113482000.0,0.0,258268000.0,-258268000.0,611180350.0,3502301650.0,환경개선특별회계,2021,0.0,국무조정실 및 국무총리비서실,0.0,0.0,0.0,0.0
,90835000000.0,90835000000.0,0.0,0.0,689594000.0,-689594000.0,7421483050.0,83413516950.0,일반회계,2021,0.0,국민권익위원회,0.0,0.0,0.0,0.0
,1005714000000.0,1056349605800.0,0.0,0.0,7474632310.0,-7474632310.0,431128285820.0,449785082800.0,국방·군사시설이전특별회계,2021,175436237180.0,국방부,50635605800.0,0.0,0.0,0.0
,35843659000000.0,36258744593040.0,304495736000.0,-304495736000.0,187108543790.0,-187108543790.0,567793200200.0,34739443253590.0,일반회계,2021,951508139250.0,국방부,415085593040.0,0.0,0.0,0.0
,739754000000.0,784856471440.0,0.0,0.0,21544146000.0,-21544146000.0,14467128750.0,715386322930.0,주한미군기지이전특별회계,2021,55003019760.0,국방부,45102471440.0,0.0,0.0,0.0
,1867962000000.0,1890522000000.0,5576488000.0,-5576488000.0,14259383000.0,-14259383000.0,89859166450.0,1800662833550.0,일반회계,2021,0.0,국세청,0.0,22073000000.0,0.0,487000000.0
공항계정,462563000000.0,484713456300.0,0.0,0.0,15854595000.0,-15854595000.0,148515312710.0,315433653430.0,교통시설특별회계,2021,20764490160.0,국토교통부,22150456300.0,0.0,0.0,0.0
교통체계관리계정,660608000000.0,694848370260.0,0.0,0.0,11154000000.0,-11154000000.0,19769928660.0,673838487190.0,교통시설특별회계,2021,1239954410.0,국토교통부,34240370260.0,0.0,0.0,0.0
도로계정,12910741000000.0,12995496401410.0,0.0,0.0,245319046000.0,-245319046000.0,19910129290.0,12827961304440.0,교통시설특별회계,2021,147624967680.0,국토교통부,84755401410.0,0.0,0.0,0.0
철도계정,5377593000000.0,5404839000000.0,49337386000.0,-49337386000.0,0.0,0.0,88627398350.0,5316184201650.0,교통시설특별회계,2021,27400000.0,국토교통부,27246000000.0,0.0,0.0,0.0
세종특별자치시계정,28685000000.0,29605400000.0,0.0,0.0,2775000000.0,-2775000000.0,339296150.0,27829143900.0,국가균형발전특별회계,2021,1436959950.0,국토교통부,920400000.0,0.0,0.0,0.0
제주특별자치도계정,60926000000.0,60926000000.0,0.0,0.0,0.0,0.0,5686000000.0,55240000000.0,국가균형발전특별회계,2021,0.0,국토교통부,0.0,0.0,0.0,0.0
지역자율계정,559253000000.0,559253000000.0,0.0,0.0,0.0,0.0,0.0,515719890000.0,국가균형발전특별회계,2021,43533110000.0,국토교통부,0.0,0.0,0.0,0.0
지역지원계정,2636330000000.0,2794706649520.0,0.0,0.0,40942000000.0,-40942000000.0,86014656190.0,2551005194900.0,국가균형발전특별회계,2021,157686798430.0,국토교통부,158376649520.0,0.0,0.0,0.0
투자계정,18549000000.0,18549000000.0,0.0,0.0,0.0,0.0,3689608860.0,14742691150.0,에너지및자원사업특별회계,2021,116699990.0,국토교통부,0.0,0.0,0.0,0.0
,23070303000000.0,23405538753200.0,18214398000.0,-18214398000.0,66099888000.0,-66099888000.0,137560025410.0,23200846334010.0,일반회계,2021,67132393780.0,국토교통부,160594294200.0,174641459000.0,0.0,0.0
,371248000000.0,371248000000.0,0.0,0.0,0.0,0.0,3918329540.0,367212470460.0,혁신도시건설특별회계,2021,117200000.0,국토교통부,0.0,0.0,0.0,0.0
,705318000000.0,718167023030.0,0.0,0.0,2038933000.0,-2038933000.0,55635817350.0,641843686140.0,일반회계,2021,20687519540.0,국회,12849023030.0,1300000000.0,-1300000000.0,0.0
,240000000000.0,240000000000.0,0.0,0.0,0.0,0.0,0.0,240000000000.0,소재부품장비경쟁력강화특별회계,2021,0.0,금융위원회,0.0,0.0,0.0,0.0
,3705172000000.0,3705268114000.0,0.0,0.0,868665000.0,-868665000.0,5664716130.0,3699376111490.0,일반회계,2021,227286380.0,금융위원회,96114000.0,0.0,0.0,0.0
,425659000000.0,445682178960.0,140000000.0,-140000000.0,2163132000.0,-2163132000.0,20983874520.0,401542842270.0,일반회계,2021,23155462170.0,기상청,16059117960.0,3964061000.0,0.0,0.0
지역자율계정,297372000000.0,297372000000.0,0.0,0.0,0.0,0.0,0.0,297372000000.0,국가균형발전특별회계,2021,0.0,기획재정부,0.0,0.0,0.0,0.0
,28848150500000.0,19782243846670.0,0.0,0.0,832425000.0,-832425000.0,1966556576810.0,17811140466580.0,일반회계,2021,4546803280.0,기획재정부,3232364670.0,630441823000.0,-9699580841000.0,0.0
세종특별자치시계정,3448000000.0,3448000000.0,0.0,0.0,0.0,0.0,0.0,3448000000.0,국가균형발전특별회계,2021,0.0,농림축산식품부,0.0,0.0,0.0,0.0
제주특별자치도계정,10429000000.0,10429000000.0,0.0,0.0,0.0,0.0,0.0,10429000000.0,국가균형발전특별회계,2021,0.0,농림축산식품부,0.0,0.0,0.0,0.0
지역자율계정,761582000000.0,761582000000.0,0.0,0.0,0.0,0.0,0.0,733362000000.0,국가균형발전특별회계,2021,28220000000.0,농림축산식품부,0.0,0.0,0.0,0.0
지역지원계정,3692000000.0,3692000000.0,0.0,0.0,0.0,0.0,215000000.0,3477000000.0,국가균형발전특별회계,2021,0.0,농림축산식품부,0.0,0.0,0.0,0.0
구조개선사업계정,4904636000000.0,5030426058660.0,52822000000.0,-52822000000.0,69717030000.0,-69717030000.0,69170517600.0,4908238397120.0,농어촌구조개선특별회계,2021,53017143940.0,농림축산식품부,13262673660.0,112527385000.0,0.0,0.0
농어촌특별세사업계정,7726712000000.0,7729040979360.0,0.0,0.0,0.0,0.0,3969603070.0,7720533426460.0,농어촌구조개선특별회계,2021,4537949830.0,농림축산식품부,2328979360.0,0.0,0.0,0.0
손익계정,2057333000000.0,2060196866000.0,0.0,0.0,103776710000.0,-103776710000.0,112680280.0,2059901083720.0,양곡관리특별회계,2021,183102000.0,농림축산식품부,2863866000.0,0.0,0.0,0.0
융자계정,5416000000.0,5416000000.0,0.0,0.0,0.0,0.0,0.0,5416000000.0,에너지및자원사업특별회계,2021,0.0,농림축산식품부,0.0,0.0,0.0,0.0
투자계정,19716000000.0,19716000000.0,0.0,0.0,0.0,0.0,0.0,19716000000.0,에너지및자원사업특별회계,2021,0.0,농림축산식품부,0.0,0.0,0.0,0.0
,3819837000000.0,4018482057080.0,0.0,0.0,1010765000.0,-1010765000.0,36924008370.0,3973568844830.0,일반회계,2021,7989203880.0,농림축산식품부,7700672080.0,190944385000.0,0.0,0.0
세종특별자치시계정,60000000.0,60000000.0,0.0,0.0,0.0,0.0,0.0,60000000.0,국가균형발전특별회계,2021,0.0,농촌진흥청,0.0,0.0,0.0,0.0
제주특별자치도계정,3821000000.0,3821000000.0,0.0,0.0,0.0,0.0,0.0,3821000000.0,국가균형발전특별회계,2021,0.0,농촌진흥청,0.0,0.0,0.0,0.0
지역자율계정,55810000000.0,55810000000.0,0.0,0.0,0.0,0.0,0.0,53259000000.0,국가균형발전특별회계,2021,2551000000.0,농촌진흥청,0.0,0.0,0.0,0.0
지역지원계정,24658000000.0,24658000000.0,0.0,0.0,0.0,0.0,35219120.0,24622780880.0,국가균형발전특별회계,2021,0.0,농촌진흥청,0.0,0.0,0.0,0.0
구조개선사업계정,35690000000.0,35690000000.0,0.0,0.0,40000000.0,-40000000.0,57829130.0,35632170870.0,농어촌구조개선특별회계,2021,0.0,농촌진흥청,0.0,0.0,0.0,0.0
,976019000000.0,1009297011200.0,10873824000.0,-10873824000.0,2510824000.0,-2510824000.0,16281508170.0,976554333810.0,일반회계,2021,16461169220.0,농촌진흥청,3792011200.0,29486000000.0,0.0,0.0
,358792000000.0,368270988510.0,375681000.0,-375681000.0,5080859000.0,-5080859000.0,80652346690.0,279760774530.0,등기특별회계,2021,7857867290.0,대법원,9478988510.0,0.0,0.0,0.0
,1718024000000.0,1723903121660.0,3273513000.0,-3273513000.0,3414389000.0,-3414389000.0,53649867950.0,1653499618760.0,일반회계,2021,16753634950.0,대법원,5879121660.0,0.0,0.0,0.0
,92687000000.0,92862175000.0,0.0,0.0,0.0,0.0,8232026230.0,84456518770.0,일반회계,2021,173630000.0,대통령경호처,175175000.0,0.0,0.0,0.0
,97607000000.0,97607000000.0,0.0,0.0,240000000.0,-240000000.0,7659429740.0,89947570260.0,일반회계,2021,0.0,대통령비서실 및 국가안보실,0.0,0.0,0.0,0.0
지역지원계정,4075000000.0,4075000000.0,0.0,0.0,0.0,0.0,0.0,4075000000.0,국가균형발전특별회계,2021,0.0,문화재청,0.0,0.0,0.0,0.0
,1002613000000.0,1012330286110.0,0.0,0.0,670708000.0,-670708000.0,23552396940.0,956465712140.0,일반회계,2021,32312177030.0,문화재청,9717286110.0,0.0,0.0,0.0
세종특별자치시계정,4648000000.0,4648000000.0,0.0,0.0,0.0,0.0,47000000.0,4601000000.0,국가균형발전특별회계,2021,0.0,문화체육관광부,0.0,0.0,0.0,0.0
제주특별자치도계정,12456000000.0,12456000000.0,0.0,0.0,0.0,0.0,0.0,12456000000.0,국가균형발전특별회계,2021,0.0,문화체육관광부,0.0,0.0,0.0,0.0
지역자율계정,454062000000.0,454062000000.0,0.0,0.0,0.0,0.0,6984000000.0,406318000000.0,국가균형발전특별회계,2021,40760000000.0,문화체육관광부,0.0,0.0,0.0,0.0
지역지원계정,176387000000.0,193418000000.0,0.0,0.0,0.0,0.0,31340000000.0,162078000000.0,국가균형발전특별회계,2021,0.0,문화체육관광부,17031000000.0,0.0,0.0,0.0
,144273000000.0,146532749360.0,0.0,0.0,749375000.0,-749375000.0,12858402600.0,128980886160.0,아시아문화중심도시조성특별회계,2021,4693460600.0,문화체육관광부,2259749360.0,0.0,0.0,0.0
,3055877000000.0,3103176235320.0,83910000.0,-83910000.0,7050270000.0,-7050270000.0,94968883550.0,2948913620880.0,일반회계,2021,59293730890.0,문화체육관광부,47299235320.0,0.0,0.0,0.0
,32918000000.0,32918000000.0,0.0,0.0,133927000.0,-133927000.0,1655507200.0,31262492800.0,일반회계,2021,0.0,민주평화통일자문회의,0.0,0.0,0.0,0.0
,52068000000.0,52149761000.0,0.0,0.0,5000000.0,-5000000.0,3661860180.0,48337900820.0,일반회계,2021,150000000.0,방송통신위원회,81761000.0,0.0,0.0,0.0
,16433482000000.0,16635916607050.0,0.0,0.0,126762256030.0,-126762256030.0,124004521090.0,16223071634670.0,일반회계,2021,288840451290.0,방위사업청,202434607050.0,0.0,0.0,0.0
,138372000000.0,139368673690.0,0.0,0.0,0.0,0.0,29393657320.0,106756103010.0,교도작업특별회계,2021,3218913360.0,법무부,996673690.0,0.0,0.0,0.0
,3989341430000.0,4022684687290.0,17699000000.0,-17699000000.0,20022826000.0,-20022826000.0,162704760070.0,3829420478810.0,일반회계,2021,30559448410.0,법무부,26620419290.0,6722838000.0,0.0,0.0
,40737000000.0,40737000000.0,0.0,0.0,23324000.0,-23324000.0,3446450800.0,37290549200.0,일반회계,2021,0.0,법제처,0.0,0.0,0.0,0.0
,244368000000.0,244368000000.0,0.0,0.0,292867000.0,-292867000.0,24350208710.0,220017791290.0,일반회계,2021,0.0,병무청,0.0,0.0,0.0,0.0
지역지원계정,381408000000.0,386404000000.0,0.0,0.0,0.0,0.0,885253000.0,385518747000.0,국가균형발전특별회계,2021,0.0,보건복지부,4996000000.0,0.0,0.0,0.0
손익계정,16355000000.0,16362200000.0,0.0,0.0,36798000.0,-36798000.0,2093276340.0,14268923660.0,국립공주병원,2021,0.0,보건복지부,0.0,0.0,0.0,7200000.0
자본계정,1080000000.0,1080000000.0,0.0,0.0,0.0,0.0,128135440.0,951864560.0,국립공주병원,2021,0.0,보건복지부,0.0,0.0,0.0,0.0
손익계정,21370000000.0,21654537000.0,0.0,0.0,44740000.0,-44740000.0,1649525910.0,20005011090.0,국립나주병원,2021,0.0,보건복지부,0.0,0.0,0.0,284537000.0
자본계정,1564000000.0,1564000000.0,0.0,0.0,0.0,0.0,105020560.0,1192815720.0,국립나주병원,2021,266163720.0,보건복지부,0.0,0.0,0.0,0.0
손익계정,19828000000.0,19856000000.0,0.0,0.0,12000000.0,-12000000.0,1977142570.0,17878857430.0,국립부곡병원,2021,0.0,보건복지부,0.0,0.0,0.0,28000000.0
자본계정,1452000000.0,1532509300.0,0.0,0.0,0.0,0.0,180449830.0,1285059470.0,국립부곡병원,2021,67000000.0,보건복지부,80509300.0,0.0,0.0,0.0
손익계정,51224000000.0,53963659800.0,0.0,0.0,535576000.0,-535576000.0,2270092860.0,51122618940.0,국립재활원,2021,570948000.0,보건복지부,286481800.0,0.0,0.0,2453178000.0
자본계정,2120000000.0,10648036230.0,0.0,0.0,0.0,0.0,160919290.0,10388416940.0,국립재활원,2021,98700000.0,보건복지부,8528036230.0,0.0,0.0,0.0
손익계정,42132000000.0,44997432000.0,0.0,0.0,1449644000.0,-1449644000.0,2244152050.0,42550706040.0,국립정신건강센터,2021,202573910.0,보건복지부,438582000.0,0.0,0.0,2426850000.0
자본계정,1278000000.0,1301600000.0,0.0,0.0,0.0,0.0,6357680.0,1295242320.0,국립정신건강센터,2021,0.0,보건복지부,23600000.0,0.0,0.0,0.0
손익계정,14826000000.0,14835000000.0,0.0,0.0,203899000.0,-203899000.0,1813633040.0,12910978980.0,국립춘천병원,2021,110387980.0,보건복지부,0.0,0.0,0.0,9000000.0
자본계정,1244000000.0,1585565470.0,0.0,0.0,0.0,0.0,23107980.0,1399127490.0,국립춘천병원,2021,163330000.0,보건복지부,341565470.0,0.0,0.0,0.0
농어촌특별세사업계정,54558000000.0,54558000000.0,0.0,0.0,0.0,0.0,0.0,54558000000.0,농어촌구조개선특별회계,2021,0.0,보건복지부,0.0,0.0,0.0,0.0
,58801108000000.0,60335368947840.0,455641372000.0,-455641372000.0,74097765000.0,-74097765000.0,48950681850.0,60257057251420.0,일반회계,2021,29361014570.0,보건복지부,32740067840.0,1501520880000.0,0.0,0.0
세종특별자치시계정,506000000.0,506000000.0,0.0,0.0,0.0,0.0,0.0,506000000.0,국가균형발전특별회계,2021,0.0,산림청,0.0,0.0,0.0,0.0
제주특별자치도계정,1020000000.0,1020000000.0,0.0,0.0,0.0,0.0,0.0,1020000000.0,국가균형발전특별회계,2021,0.0,산림청,0.0,0.0,0.0,0.0
지역자율계정,118780000000.0,118780000000.0,0.0,0.0,0.0,0.0,500000000.0,111144852000.0,국가균형발전특별회계,2021,7135148000.0,산림청,0.0,0.0,0.0,0.0
지역지원계정,114637000000.0,114835665210.0,0.0,0.0,0.0,0.0,1217961450.0,112911310140.0,국가균형발전특별회계,2021,706393620.0,산림청,198665210.0,0.0,0.0,0.0
손익계정,32240000000.0,32240000000.0,0.0,0.0,0.0,0.0,1773271940.0,30466728060.0,국립자연휴양림관리소,2021,0.0,산림청,0.0,0.0,0.0,0.0
자본계정,34119000000.0,34969398110.0,0.0,0.0,0.0,0.0,429030650.0,31495382220.0,국립자연휴양림관리소,2021,3044985240.0,산림청,850398110.0,0.0,0.0,0.0
임업진흥사업계정,856346000000.0,861942841430.0,0.0,0.0,10117609000.0,-10117609000.0,3895181190.0,856806618390.0,농어촌구조개선특별회계,2021,1241041850.0,산림청,23191430.0,5573650000.0,0.0,0.0
투자계정,233817000000.0,233817000000.0,0.0,0.0,0.0,0.0,696438060.0,233120561940.0,에너지및자원사업특별회계,2021,0.0,산림청,0.0,0.0,0.0,0.0
,1929033000000.0,1948778148370.0,0.0,0.0,32538719000.0,-32538719000.0,33238674540.0,1885390293730.0,일반회계,2021,30149180100.0,산림청,14171498370.0,5573650000.0,0.0,0.0
세종특별자치시계정,14295000000.0,14295000000.0,0.0,0.0,0.0,0.0,3024248000.0,11270752000.0,국가균형발전특별회계,2021,0.0,산업통상자원부,0.0,0.0,0.0,0.0
지역지원계정,897067000000.0,916323272730.0,0.0,0.0,10000000.0,-10000000.0,9585498070.0,906728683660.0,국가균형발전특별회계,2021,9091000.0,산업통상자원부,19256272730.0,0.0,0.0,0.0
,1561545000000.0,1561732299630.0,0.0,0.0,0.0,0.0,128020710.0,1561401083920.0,소재부품장비경쟁력강화특별회계,2021,203195000.0,산업통상자원부,187299630.0,0.0,0.0,0.0
융자계정,879117000000.0,879117000000.0,0.0,0.0,0.0,0.0,272181141530.0,606935858470.0,에너지및자원사업특별회계,2021,0.0,산업통상자원부,0.0,0.0,0.0,0.0
투자계정,2110788000000.0,2112760513850.0,0.0,0.0,2500000000.0,-2500000000.0,46568941430.0,2063763031170.0,에너지및자원사업특별회계,2021,2428541250.0,산업통상자원부,1972513850.0,0.0,0.0,0.0
,6630320000000.0,6635530022970.0,0.0,0.0,4584370000.0,-4584370000.0,25200324840.0,6526020227040.0,일반회계,2021,84309471090.0,산업통상자원부,2390022970.0,2820000000.0,0.0,0.0
,296227000000.0,304173504800.0,0.0,0.0,73082000.0,-73082000.0,3779085310.0,294566577820.0,일반회계,2021,5827841670.0,새만금개발청,7946504800.0,0.0,0.0,0.0
,220761000000.0,224657073170.0,0.0,0.0,11860776000.0,-11860776000.0,7515288210.0,209822417240.0,일반회계,2021,7319367720.0,소방청,3896073170.0,0.0,0.0,0.0
제주특별자치도계정,117000000.0,117000000.0,0.0,0.0,0.0,0.0,0.0,117000000.0,국가균형발전특별회계,2021,0.0,식품의약품안전처,0.0,0.0,0.0,0.0
지역지원계정,3926000000.0,3926000000.0,0.0,0.0,0.0,0.0,0.0,3926000000.0,국가균형발전특별회계,2021,0.0,식품의약품안전처,0.0,0.0,0.0,0.0
구조개선사업계정,2375000000.0,2394600000.0,0.0,0.0,39000000.0,-39000000.0,143107010.0,2247312990.0,농어촌구조개선특별회계,2021,4180000.0,식품의약품안전처,19600000.0,0.0,0.0,0.0
,604550000000.0,612260794300.0,0.0,0.0,2878538000.0,-2878538000.0,19666865520.0,587767548350.0,일반회계,2021,4826380430.0,식품의약품안전처,7710794300.0,0.0,0.0,0.0
지역지원계정,45178000000.0,48688800000.0,0.0,0.0,0.0,0.0,600000000.0,42398000000.0,국가균형발전특별회계,2021,5690800000.0,여성가족부,3510800000.0,0.0,0.0,0.0
,554869000000.0,565641725680.0,0.0,0.0,26082000.0,-26082000.0,6325167870.0,553083317560.0,일반회계,2021,6233240250.0,여성가족부,5867725680.0,4905000000.0,0.0,0.0
,2736149000000.0,2786281798110.0,0.0,0.0,74708400000.0,-74708400000.0,162535129560.0,2609949102050.0,일반회계,2021,13797566500.0,외교부,2373798110.0,47759000000.0,0.0,0.0
,155091000000.0,158517374100.0,0.0,0.0,5259299000.0,-5259299000.0,2089037310.0,156351612790.0,일반회계,2021,76724000.0,원자력안전위원회,56113100.0,3370261000.0,0.0,0.0
,3772408000000.0,3775627000000.0,0.0,0.0,2314656000.0,-2314656000.0,10400502940.0,3765226497060.0,일반회계,2021,0.0,인사혁신처,0.0,3219000000.0,0.0,0.0
손익계정,318805000000.0,320587004060.0,0.0,0.0,8028543000.0,-8028543000.0,26974184350.0,288946995720.0,조달특별회계,2021,4665823990.0,조달청,1782004060.0,0.0,0.0,0.0
자본계정,145466400000.0,146003994230.0,0.0,0.0,0.0,0.0,26348472600.0,118172897460.0,조달특별회계,2021,1482624170.0,조달청,537594230.0,0.0,0.0,0.0
세종특별자치시계정,9748000000.0,9748000000.0,0.0,0.0,0.0,0.0,0.0,9748000000.0,국가균형발전특별회계,2021,0.0,중소벤처기업부,0.0,0.0,0.0,0.0
제주특별자치도계정,2688000000.0,2688000000.0,0.0,0.0,0.0,0.0,0.0,2688000000.0,국가균형발전특별회계,2021,0.0,중소벤처기업부,0.0,0.0,0.0,0.0
지역지원계정,532744000000.0,533744000000.0,0.0,0.0,0.0,0.0,56800.0,521393943200.0,국가균형발전특별회계,2021,12350000000.0,중소벤처기업부,1000000000.0,0.0,0.0,0.0
,335275000000.0,335275000000.0,0.0,0.0,0.0,0.0,0.0,335275000000.0,소재부품장비경쟁력강화특별회계,2021,0.0,중소벤처기업부,0.0,0.0,0.0,0.0
,17603827000000.0,21658805067420.0,0.0,0.0,2430258000.0,-2430258000.0,11870078630.0,21646676797790.0,일반회계,2021,258191000.0,중소벤처기업부,8120936420.0,4046857131000.0,0.0,0.0
,385228000000.0,385260548740.0,730000.0,-730000.0,255785000.0,-255785000.0,25259332950.0,359937537890.0,일반회계,2021,63677900.0,중앙선거관리위원회,32548740.0,0.0,0.0,0.0
,0.0,11448000000.0,11448000000.0,0.0,212000000.0,-212000000.0,2938928380.0,8309686750.0,일반회계,2021,199384870.0,진실·화해를위한과거사정리위원회,0.0,0.0,0.0,0.0
손익계정,14504000000.0,15175448000.0,78896000.0,-78896000.0,496921000.0,-496921000.0,933220900.0,14242227100.0,국립마산병원,2021,0.0,질병관리청,0.0,0.0,0.0,671448000.0
자본계정,6187000000.0,6196700000.0,0.0,0.0,0.0,0.0,141547310.0,6055152690.0,국립마산병원,2021,0.0,질병관리청,9700000.0,0.0,0.0,0.0
손익계정,11026000000.0,11026000000.0,0.0,0.0,422346000.0,-422346000.0,144126350.0,10881873650.0,국립목포병원,2021,0.0,질병관리청,0.0,0.0,0.0,0.0
자본계정,1811000000.0,1926557000.0,0.0,0.0,0.0,0.0,350317150.0,945004050.0,국립목포병원,2021,631235800.0,질병관리청,115557000.0,0.0,0.0,0.0
,6335249000000.0,9062213094500.0,7716258000.0,-7716258000.0,170541669000.0,-170541669000.0,56546857890.0,8327782370010.0,일반회계,2021,677883866600.0,질병관리청,212768094500.0,2514196000000.0,0.0,0.0
,415297000000.0,417018265000.0,0.0,0.0,1493259000.0,-1493259000.0,22660718110.0,394357546890.0,일반회계,2021,0.0,통계청,485900000.0,0.0,0.0,1235365000.0
,329355000000.0,329981144770.0,0.0,0.0,2150126000.0,-2150126000.0,33754661000.0,294248313650.0,일반회계,2021,1978170120.0,통일부,626144770.0,0.0,0.0,0.0
손익계정,573215000000.0,573215000000.0,0.0,0.0,1900000000.0,-1900000000.0,15194512080.0,558020487920.0,특허청,2021,0.0,특허청,0.0,0.0,0.0,0.0
자본계정,66093000000.0,66093000000.0,0.0,0.0,0.0,0.0,540179840.0,65552820160.0,특허청,2021,0.0,특허청,0.0,0.0,0.0,0.0
,1540996000000.0,1549660441240.0,5647000000.0,-5647000000.0,650300000.0,-650300000.0,32198760080.0,1510226565380.0,일반회계,2021,7235115780.0,해양경찰청,8664441240.0,0.0,0.0,0.0
항만계정,1704097000000.0,1787831784180.0,0.0,0.0,38277328000.0,-38277328000.0,51852522370.0,1624658394070.0,교통시설특별회계,2021,111320867740.0,해양수산부,83734784180.0,0.0,0.0,0.0
제주특별자치도계정,55535000000.0,80395500000.0,0.0,0.0,0.0,0.0,11839683750.0,64342816250.0,국가균형발전특별회계,2021,4213000000.0,해양수산부,24860500000.0,0.0,0.0,0.0
지역자율계정,209972000000.0,209972000000.0,0.0,0.0,0.0,0.0,0.0,209972000000.0,국가균형발전특별회계,2021,0.0,해양수산부,0.0,0.0,0.0,0.0
지역지원계정,39309000000.0,43619599000.0,0.0,0.0,0.0,0.0,0.0,41629599000.0,국가균형발전특별회계,2021,1990000000.0,해양수산부,4310599000.0,0.0,0.0,0.0
구조개선사업계정,662082000000.0,667282710020.0,0.0,0.0,3946200000.0,-3946200000.0,10667572180.0,646492035310.0,농어촌구조개선특별회계,2021,10123102530.0,해양수산부,5200710020.0,0.0,0.0,0.0
농어촌특별세사업계정,1084126000000.0,1092694176560.0,0.0,0.0,9289000000.0,-9289000000.0,24744446980.0,1058995233740.0,농어촌구조개선특별회계,2021,8954495840.0,해양수산부,8568176560.0,0.0,0.0,0.0
투자계정,119940000000.0,119940000000.0,0.0,0.0,0.0,0.0,55785752660.0,64154247340.0,에너지및자원사업특별회계,2021,0.0,해양수산부,0.0,0.0,0.0,0.0
,3445294000000.0,3457673718010.0,2307903000.0,-2307903000.0,10839254000.0,-10839254000.0,47041204000.0,3360536732530.0,일반회계,2021,50095781480.0,해양수산부,12379718010.0,0.0,0.0,0.0
세종특별자치시계정,3213000000.0,3213000000.0,0.0,0.0,0.0,0.0,0.0,3213000000.0,국가균형발전특별회계,2021,0.0,행정안전부,0.0,0.0,0.0,0.0
제주특별자치도계정,12568000000.0,13428000000.0,0.0,0.0,0.0,0.0,0.0,13428000000.0,국가균형발전특별회계,2021,0.0,행정안전부,860000000.0,0.0,0.0,0.0
지역자율계정,257549000000.0,257549000000.0,0.0,0.0,0.0,0.0,19400000.0,241976428200.0,국가균형발전특별회계,2021,15553171800.0,행정안전부,0.0,0.0,0.0,0.0
지역지원계정,425553000000.0,465954000000.0,0.0,0.0,0.0,0.0,965843010.0,454192531990.0,국가균형발전특별회계,2021,10795625000.0,행정안전부,33069000000.0,7332000000.0,0.0,0.0
,71828244000000.0,71910591701570.0,5827320000.0,-17275320000.0,112387754000.0,-112387754000.0,115692937270.0,71735637666080.0,일반회계,2021,59261098220.0,행정안전부,67299850570.0,26495851000.0,0.0,0.0
,431680000000.0,431680000000.0,0.0,0.0,0.0,0.0,0.0,431680000000.0,일반회계,2021,0.0,행정중심복합도시건설청,0.0,0.0,0.0,0.0
,436102000000.0,446919898110.0,9043000000.0,-9043000000.0,23625000000.0,-23625000000.0,6872078430.0,410535197250.0,행정중심복합도시건설특별회계,2021,29512622430.0,행정중심복합도시건설청,10817898110.0,0.0,0.0,0.0
,52602000000.0,52602000000.0,0.0,0.0,0.0,0.0,3791894950.0,48801105050.0,일반회계,2021,9000000.0,헌법재판소,0.0,0.0,0.0,0.0
세종특별자치시계정,7398000000.0,7398000000.0,0.0,0.0,0.0,0.0,0.0,7398000000.0,국가균형발전특별회계,2021,0.0,환경부,0.0,0.0,0.0,0.0
제주특별자치도계정,27968000000.0,27968000000.0,0.0,0.0,0.0,0.0,638700000.0,27329300000.0,국가균형발전특별회계,2021,0.0,환경부,0.0,0.0,0.0,0.0
지역자율계정,123696000000.0,123696000000.0,0.0,0.0,0.0,0.0,12503200000.0,111192800000.0,국가균형발전특별회계,2021,0.0,환경부,0.0,0.0,0.0,0.0
지역지원계정,464000000000.0,464000000000.0,0.0,0.0,0.0,0.0,63002000000.0,400998000000.0,국가균형발전특별회계,2021,0.0,환경부,0.0,0.0,0.0,0.0
농어촌특별세사업계정,44586000000.0,44586000000.0,0.0,0.0,0.0,0.0,606901950.0,43979098050.0,농어촌구조개선특별회계,2021,0.0,환경부,0.0,0.0,0.0,0.0
투자계정,1702446000000.0,1702643633000.0,0.0,0.0,17990000000.0,-17990000000.0,127906101260.0,1573682048390.0,에너지및자원사업특별회계,2021,1055483350.0,환경부,197633000.0,0.0,0.0,0.0
,6165145000000.0,6188292816810.0,0.0,0.0,5506340000.0,-5506340000.0,8561734220.0,6174608788190.0,일반회계,2021,5122294400.0,환경부,4253816810.0,18894000000.0,0.0,0.0
,7548495000000.0,7676902654270.0,23866179000.0,-27979661000.0,32646886000.0,-32646886000.0,234040447780.0,7209401088380.0,환경개선특별회계,2021,233461118110.0,환경부,113485556270.0,18894000000.0,0.0,141580000.0
,0.0,7727488310.0,7727488310.0,0.0,30000000.0,-30000000.0,1732809730.0,5717078580.0,일반회계,2020,277600000.0,5·18민주화운동 진상규명조사위원회,0.0,0.0,0.0,0.0
,17978000000.0,20424690560.0,0.0,0.0,360000000.0,-360000000.0,4764041130.0,14782659490.0,일반회계,2020,877989940.0,가습기살균제사건과 4·16세월호참사 특별조사위원회,2446690560.0,0.0,0.0,0.0
,130645000000.0,134325305910.0,0.0,0.0,55000000.0,-55000000.0,6866179490.0,125872568880.0,일반회계,2020,1586557540.0,감사원,3680305910.0,0.0,0.0,0.0
,0.0,12968983470.0,12968983470.0,0.0,0.0,0.0,1117244600.0,11851738870.0,일반회계,2020,0.0,개인정보보호위원회,0.0,0.0,0.0,0.0
손익계정,78726000000.0,79078650000.0,37673000.0,-37673000.0,4320416000.0,-4320416000.0,1444087320.0,77634562680.0,경찰병원,2020,0.0,경찰청,0.0,0.0,0.0,352650000.0
자본계정,3061000000.0,3084500000.0,0.0,0.0,0.0,0.0,106055230.0,2800055770.0,경찰병원,2020,178389000.0,경찰청,0.0,0.0,0.0,23500000.0
제주특별자치도계정,4413000000.0,4413000000.0,0.0,0.0,0.0,0.0,0.0,4413000000.0,국가균형발전특별회계,2020,0.0,경찰청,0.0,0.0,0.0,0.0
,11324460000000.0,11339539255530.0,5822542000.0,-5822542000.0,21893437000.0,-21893437000.0,132030858600.0,11176395723950.0,일반회계,2020,31112672980.0,경찰청,9043255530.0,6036000000.0,0.0,0.0
제주특별자치도계정,11681000000.0,11681000000.0,0.0,0.0,0.0,0.0,1496000000.0,10185000000.0,국가균형발전특별회계,2020,0.0,고용노동부,0.0,0.0,0.0,0.0
지역지원계정,246751000000.0,248960000000.0,0.0,0.0,0.0,0.0,10124558130.0,237320107260.0,국가균형발전특별회계,2020,1515334610.0,고용노동부,2209000000.0,0.0,0.0,0.0
투자계정,90906000000.0,90906000000.0,0.0,0.0,0.0,0.0,6931080.0,90899068920.0,에너지및자원사업특별회계,2020,0.0,고용노동부,0.0,0.0,0.0,0.0
,10641889000000.0,12204953944200.0,32600000000.0,-32600000000.0,196126867000.0,-196126867000.0,190255561490.0,12011804141690.0,일반회계,2020,2894241020.0,고용노동부,3198798200.0,1559866146000.0,0.0,0.0
,137940000000.0,139121687140.0,0.0,0.0,1120935000.0,-1120935000.0,4414872060.0,134421815080.0,일반회계,2020,285000000.0,공정거래위원회,1181687140.0,0.0,0.0,0.0
세종특별자치시계정,804000000.0,804000000.0,0.0,0.0,0.0,0.0,0.0,804000000.0,국가균형발전특별회계,2020,0.0,과학기술정보통신부,0.0,0.0,0.0,0.0
제주특별자치도계정,740000000.0,740000000.0,0.0,0.0,0.0,0.0,0.0,740000000.0,국가균형발전특별회계,2020,0.0,과학기술정보통신부,0.0,0.0,0.0,0.0
지역지원계정,317227000000.0,340876000000.0,0.0,0.0,0.0,0.0,464000000.0,320379000000.0,국가균형발전특별회계,2020,20033000000.0,과학기술정보통신부,23649000000.0,0.0,0.0,0.0
손익계정,29529000000.0,29529000000.0,0.0,0.0,0.0,0.0,5150775160.0,24378224840.0,국립과천과학관,2020,0.0,과학기술정보통신부,0.0,0.0,0.0,0.0
자본계정,6835000000.0,7194693340.0,0.0,0.0,0.0,0.0,445043360.0,5930012980.0,국립과천과학관,2020,819637000.0,과학기술정보통신부,359693340.0,0.0,0.0,0.0
손익계정,26809000000.0,26809000000.0,0.0,0.0,560000000.0,-560000000.0,2580933900.0,24228066100.0,국립중앙과학관,2020,0.0,과학기술정보통신부,0.0,0.0,0.0,0.0
자본계정,11984000000.0,18218333930.0,0.0,0.0,0.0,0.0,3959699720.0,9483422910.0,국립중앙과학관,2020,4775211300.0,과학기술정보통신부,6234333930.0,0.0,0.0,0.0
,331587000000.0,331587000000.0,0.0,0.0,0.0,0.0,100000000.0,331487000000.0,소재부품장비경쟁력강화특별회계,2020,0.0,과학기술정보통신부,0.0,0.0,0.0,0.0
투자계정,371840000000.0,371840000000.0,0.0,0.0,0.0,0.0,2539464000.0,369300536000.0,에너지및자원사업특별회계,2020,0.0,과학기술정보통신부,0.0,0.0,0.0,0.0
,996577000000.0,996715125000.0,47935000000.0,-47935000000.0,0.0,0.0,241854300580.0,754620412040.0,우체국보험특별회계,2020,240412380.0,과학기술정보통신부,138125000.0,0.0,0.0,0.0
손익계정,3056784000000.0,3056965750000.0,935000000.0,-935000000.0,0.0,0.0,213052832170.0,2826739771820.0,우체국예금특별회계,2020,17173146010.0,과학기술정보통신부,181750000.0,0.0,0.0,0.0
자본계정,8445000000.0,8445000000.0,0.0,0.0,0.0,0.0,697421930.0,7747578070.0,우체국예금특별회계,2020,0.0,과학기술정보통신부,0.0,0.0,0.0,0.0
손익계정,4449618000000.0,4452604254640.0,8500000000.0,-8500000000.0,37767000000.0,-37767000000.0,599402677690.0,3852662250760.0,우편사업특별회계,2020,539326190.0,과학기술정보통신부,2986254640.0,0.0,0.0,0.0
자본계정,188484000000.0,204219047330.0,0.0,0.0,1794000000.0,-1794000000.0,17736888870.0,169598846920.0,우편사업특별회계,2020,16883311540.0,과학기술정보통신부,15735047330.0,0.0,0.0,0.0
,7619160000000.0,7623734887270.0,0.0,0.0,115120000.0,-115120000.0,42221172400.0,7537704639200.0,일반회계,2020,43809075670.0,과학기술정보통신부,4574887270.0,0.0,0.0,0.0
,571085000000.0,571609086000.0,0.0,0.0,12843084000.0,-12843084000.0,29113792600.0,541178619110.0,일반회계,2020,1316674290.0,관세청,524086000.0,0.0,0.0,0.0
지역지원계정,855799000000.0,898359000000.0,0.0,0.0,0.0,0.0,0.0,871543000000.0,국가균형발전특별회계,2020,26816000000.0,교육부,42560000000.0,0.0,0.0,0.0
,3989979000000.0,3989979000000.0,0.0,0.0,0.0,0.0,0.0,3989979000000.0,유아교육지원특별회계,2020,0.0,교육부,0.0,0.0,0.0,0.0
,70452927000000.0,70496568961490.0,19862530000.0,-19862530000.0,2984161000.0,-2984161000.0,97891222450.0,70379714720490.0,일반회계,2020,18963018550.0,교육부,12455385490.0,24064400000.0,0.0,7122176000.0
제주특별자치도계정,2083000000.0,2083000000.0,0.0,0.0,0.0,0.0,0.0,2083000000.0,국가균형발전특별회계,2020,0.0,국가보훈처,0.0,0.0,0.0,0.0
투자계정,18789000000.0,18789000000.0,0.0,0.0,0.0,0.0,1704221580.0,17084778420.0,에너지및자원사업특별회계,2020,0.0,국가보훈처,0.0,0.0,0.0,0.0
,5488753000000.0,5502266678310.0,35074000000.0,-35074000000.0,1523469000.0,-1523469000.0,9564034100.0,5486230678330.0,일반회계,2020,6471965880.0,국가보훈처,13513678310.0,0.0,0.0,0.0
,36669000000.0,38369605600.0,0.0,0.0,375942000.0,-375942000.0,1865116380.0,36187329220.0,일반회계,2020,317160000.0,국가인권위원회,223008600.0,1477597000.0,0.0,0.0
,689530000000.0,702878045000.0,0.0,0.0,0.0,0.0,71244639850.0,620154485590.0,일반회계,2020,11478919560.0,국가정보원,13348045000.0,0.0,0.0,0.0
투자계정,10030000000.0,10030000000.0,0.0,0.0,0.0,0.0,697782880.0,9332217120.0,에너지및자원사업특별회계,2020,0.0,국무조정실 및 국무총리비서실,0.0,0.0,0.0,0.0
,592111000000.0,603338904000.0,0.0,0.0,1095593000.0,-1095593000.0,26492432220.0,574839881910.0,일반회계,2020,2006589870.0,국무조정실 및 국무총리비서실,33898000.0,11194006000.0,0.0,0.0
,87163600000.0,87163600000.0,0.0,0.0,208286000.0,-208286000.0,5798798420.0,81364801580.0,일반회계,2020,0.0,국민권익위원회,0.0,0.0,0.0,0.0
,926557000000.0,992926314690.0,0.0,0.0,6714171120.0,-6714171120.0,138862096820.0,803428612070.0,국방·군사시설이전특별회계,2020,50635605800.0,국방부,66369314690.0,0.0,0.0,0.0
,32614622149000.0,33062747588060.0,217568552120.0,-225296040430.0,224289363960.0,-224289363960.0,497498480220.0,32150163514800.0,일반회계,2020,415085593040.0,국방부,455852927370.0,0.0,0.0,0.0
,699679000000.0,733504084070.0,0.0,0.0,4800000.0,-4800000.0,33293697990.0,655107914640.0,주한미군기지이전특별회계,2020,45102471440.0,국방부,33825084070.0,0.0,0.0,0.0
,1789192000000.0,1789811199000.0,4536735000.0,-4536735000.0,16234360000.0,-16234360000.0,50138557460.0,1739672641540.0,일반회계,2020,0.0,국세청,142199000.0,0.0,0.0,477000000.0
공항계정,513591000000.0,530837151930.0,0.0,0.0,5274724000.0,-5274724000.0,34230547450.0,474456148180.0,교통시설특별회계,2020,22150456300.0,국토교통부,17246151930.0,0.0,0.0,0.0
교통체계관리계정,453787000000.0,485856452720.0,0.0,0.0,100000000.0,-100000000.0,9228326020.0,442387756440.0,교통시설특별회계,2020,34240370260.0,국토교통부,32069452720.0,0.0,0.0,0.0
도로계정,9439774000000.0,9534046000320.0,0.0,0.0,133370902000.0,-133370902000.0,9935611820.0,9439354987090.0,교통시설특별회계,2020,84755401410.0,국토교통부,74352411320.0,19919589000.0,0.0,0.0
철도계정,3970094000000.0,3970242150400.0,0.0,0.0,52644527000.0,-52644527000.0,1008604400.0,3941987546000.0,교통시설특별회계,2020,27246000000.0,국토교통부,148150400.0,0.0,0.0,0.0
세종특별자치시계정,21392000000.0,21392000000.0,0.0,0.0,0.0,0.0,1108941740.0,19362658260.0,국가균형발전특별회계,2020,920400000.0,국토교통부,0.0,0.0,0.0,0.0
제주특별자치도계정,76209000000.0,80684000000.0,0.0,0.0,0.0,0.0,1225000000.0,79459000000.0,국가균형발전특별회계,2020,0.0,국토교통부,4475000000.0,0.0,0.0,0.0
지역자율계정,573513000000.0,574233525000.0,0.0,0.0,0.0,0.0,1183500000.0,573050025000.0,국가균형발전특별회계,2020,0.0,국토교통부,0.0,720525000.0,0.0,0.0
지역지원계정,2280855000000.0,2381881065500.0,0.0,0.0,108347000000.0,-108347000000.0,107984800730.0,2115519615250.0,국가균형발전특별회계,2020,158376649520.0,국토교통부,101026065500.0,0.0,0.0,0.0
투자계정,18426000000.0,18426000000.0,0.0,0.0,0.0,0.0,2597806770.0,15828193230.0,에너지및자원사업특별회계,2020,0.0,국토교통부,0.0,0.0,0.0,0.0
,21702935000000.0,22328054136860.0,96624862000.0,-96624862000.0,39102652000.0,-39102652000.0,13330863460.0,22154128979200.0,일반회계,2020,160594294200.0,국토교통부,47311311860.0,577807825000.0,0.0,0.0
,342291000000.0,371727000000.0,0.0,0.0,0.0,0.0,4042625310.0,367684374690.0,혁신도시건설특별회계,2020,0.0,국토교통부,29436000000.0,0.0,0.0,0.0
,664458000000.0,677368399600.0,0.0,0.0,851437000.0,-851437000.0,48012935740.0,616506440830.0,일반회계,2020,12849023030.0,국회,12910399600.0,1300000000.0,-1300000000.0,0.0
,200000000000.0,200000000000.0,0.0,0.0,0.0,0.0,0.0,200000000000.0,소재부품장비경쟁력강화특별회계,2020,0.0,금융위원회,0.0,0.0,0.0,0.0
,5369603000000.0,5477604819000.0,0.0,0.0,2227191000.0,-2227191000.0,7100614150.0,5470408090850.0,일반회계,2020,96114000.0,금융위원회,201819000.0,107800000000.0,0.0,0.0
,376189000000.0,384608409500.0,232000000.0,-232000000.0,2897824000.0,-2897824000.0,10611401120.0,357937890420.0,일반회계,2020,16059117960.0,기상청,8419409500.0,0.0,0.0,0.0
지역자율계정,222089000000.0,222089000000.0,0.0,0.0,0.0,0.0,0.0,222089000000.0,국가균형발전특별회계,2020,0.0,기획재정부,0.0,0.0,0.0,0.0
,20222886000000.0,15236279166580.0,0.0,0.0,1747326000.0,-1747326000.0,1620513188250.0,13612533613660.0,일반회계,2020,3232364670.0,기획재정부,11422375580.0,601202000000.0,-5599231209000.0,0.0
세종특별자치시계정,2804000000.0,2804000000.0,0.0,0.0,0.0,0.0,0.0,2804000000.0,국가균형발전특별회계,2020,0.0,농림축산식품부,0.0,0.0,0.0,0.0
제주특별자치도계정,11491000000.0,17017000000.0,0.0,0.0,0.0,0.0,0.0,17017000000.0,국가균형발전특별회계,2020,0.0,농림축산식품부,5526000000.0,0.0,0.0,0.0
지역자율계정,663693000000.0,754650400000.0,0.0,0.0,0.0,0.0,3330000000.0,751320400000.0,국가균형발전특별회계,2020,0.0,농림축산식품부,90957400000.0,0.0,0.0,0.0
지역지원계정,3886000000.0,3886000000.0,0.0,0.0,0.0,0.0,77700000.0,3808300000.0,국가균형발전특별회계,2020,0.0,농림축산식품부,0.0,0.0,0.0,0.0
구조개선사업계정,5232695000000.0,5340249096790.0,46070950000.0,-46070950000.0,72094721000.0,-72094721000.0,56899482970.0,5270086940160.0,농어촌구조개선특별회계,2020,13262673660.0,농림축산식품부,89053641790.0,18500455000.0,0.0,0.0
농어촌특별세사업계정,4491554000000.0,4570438488980.0,0.0,0.0,4202000000.0,-4202000000.0,2056665470.0,4566052844150.0,농어촌구조개선특별회계,2020,2328979360.0,농림축산식품부,78884488980.0,0.0,0.0,0.0
손익계정,2080145000000.0,2080145000000.0,0.0,0.0,147352069000.0,-147352069000.0,408625670.0,2076872508330.0,양곡관리특별회계,2020,2863866000.0,농림축산식품부,0.0,0.0,0.0,0.0
융자계정,6771000000.0,6771000000.0,0.0,0.0,0.0,0.0,0.0,6771000000.0,에너지및자원사업특별회계,2020,0.0,농림축산식품부,0.0,0.0,0.0,0.0
투자계정,20105000000.0,20105000000.0,0.0,0.0,0.0,0.0,0.0,20105000000.0,에너지및자원사업특별회계,2020,0.0,농림축산식품부,0.0,0.0,0.0,0.0
,7285537000000.0,7306520953770.0,0.0,0.0,919364000.0,-919364000.0,22865423670.0,7275954858020.0,일반회계,2020,7700672080.0,농림축산식품부,2483498770.0,18500455000.0,0.0,0.0
세종특별자치시계정,300000000.0,300000000.0,0.0,0.0,0.0,0.0,0.0,300000000.0,국가균형발전특별회계,2020,0.0,농촌진흥청,0.0,0.0,0.0,0.0
제주특별자치도계정,3681000000.0,3681000000.0,0.0,0.0,0.0,0.0,0.0,3681000000.0,국가균형발전특별회계,2020,0.0,농촌진흥청,0.0,0.0,0.0,0.0
지역자율계정,74681000000.0,74681000000.0,0.0,0.0,0.0,0.0,0.0,74681000000.0,국가균형발전특별회계,2020,0.0,농촌진흥청,0.0,0.0,0.0,0.0
지역지원계정,25034000000.0,25513000000.0,0.0,0.0,0.0,0.0,30484870.0,25482515130.0,국가균형발전특별회계,2020,0.0,농촌진흥청,479000000.0,0.0,0.0,0.0
구조개선사업계정,35427000000.0,35427000000.0,0.0,0.0,0.0,0.0,206155850.0,35220844150.0,농어촌구조개선특별회계,2020,0.0,농촌진흥청,0.0,0.0,0.0,0.0
,876947000000.0,939396905730.0,8233039000.0,-8233039000.0,1901560000.0,-1901560000.0,8408433820.0,927196460710.0,일반회계,2020,3792011200.0,농촌진흥청,358586730.0,62091319000.0,0.0,0.0
,332466000000.0,341110915570.0,0.0,0.0,1028404000.0,-1028404000.0,90661660040.0,240970267020.0,등기특별회계,2020,9478988510.0,대법원,8644915570.0,0.0,0.0,0.0
,1671473000000.0,1671938428290.0,0.0,0.0,4818378000.0,-4818378000.0,67455136830.0,1598604169800.0,일반회계,2020,5879121660.0,대법원,465428290.0,0.0,0.0,0.0
,89073000000.0,89243459270.0,0.0,0.0,0.0,0.0,8354452590.0,80713831680.0,일반회계,2020,175175000.0,대통령경호처,170459270.0,0.0,0.0,0.0
,94827000000.0,94827000000.0,0.0,0.0,90000000.0,-90000000.0,2892654280.0,91934345720.0,일반회계,2020,0.0,대통령비서실 및 국가안보실,0.0,0.0,0.0,0.0
지역지원계정,5200000000.0,5200000000.0,0.0,0.0,0.0,0.0,0.0,5200000000.0,국가균형발전특별회계,2020,0.0,문화재청,0.0,0.0,0.0,0.0
,903449000000.0,907290581000.0,0.0,0.0,1545507000.0,-1545507000.0,21330665410.0,876242629480.0,일반회계,2020,9717286110.0,문화재청,3841581000.0,0.0,0.0,0.0
세종특별자치시계정,9067000000.0,9067000000.0,0.0,0.0,0.0,0.0,3138000000.0,5929000000.0,국가균형발전특별회계,2020,0.0,문화체육관광부,0.0,0.0,0.0,0.0
제주특별자치도계정,11001000000.0,15096750000.0,0.0,0.0,0.0,0.0,0.0,15096750000.0,국가균형발전특별회계,2020,0.0,문화체육관광부,4095750000.0,0.0,0.0,0.0
지역자율계정,525804000000.0,526254000000.0,0.0,0.0,0.0,0.0,12025000000.0,514229000000.0,국가균형발전특별회계,2020,0.0,문화체육관광부,450000000.0,0.0,0.0,0.0
지역지원계정,175399000000.0,198135000000.0,0.0,0.0,0.0,0.0,7510030000.0,173593970000.0,국가균형발전특별회계,2020,17031000000.0,문화체육관광부,22736000000.0,0.0,0.0,0.0
,107205000000.0,108926348650.0,0.0,0.0,611000000.0,-611000000.0,5638560470.0,101028038820.0,아시아문화중심도시조성특별회계,2020,2259749360.0,문화체육관광부,1721348650.0,0.0,0.0,0.0
,2824790000000.0,2883629062470.0,11722278000.0,-11722278000.0,10303624000.0,-10303624000.0,80945832600.0,2755383994550.0,일반회계,2020,47299235320.0,문화체육관광부,58839062470.0,0.0,0.0,0.0
,32059000000.0,32819402000.0,0.0,0.0,1159650000.0,-1159650000.0,3136265750.0,29683136250.0,일반회계,2020,0.0,민주평화통일자문회의,760402000.0,0.0,0.0,0.0
,61391000000.0,59714868420.0,0.0,-1676131580.0,197000000.0,-197000000.0,2716476870.0,56916630550.0,일반회계,2020,81761000.0,방송통신위원회,0.0,0.0,0.0,0.0
,15763566000000.0,16078560672540.0,74580501170.0,-75465446170.0,189357397580.0,-189357397580.0,132864727880.0,15743261337610.0,일반회계,2020,202434607050.0,방위사업청,315879617540.0,0.0,0.0,0.0
,127177000000.0,127692272210.0,0.0,0.0,36000000.0,-36000000.0,19289895590.0,107405702930.0,교도작업특별회계,2020,996673690.0,법무부,515272210.0,0.0,0.0,0.0
,3678206580000.0,3704738734620.0,21570250000.0,-21570250000.0,19191048000.0,-19191048000.0,70385085980.0,3607733229350.0,일반회계,2020,26620419290.0,법무부,14728154620.0,11804000000.0,0.0,0.0
,40879410000.0,40879410000.0,0.0,0.0,58693000.0,-58693000.0,2462735630.0,38416674370.0,일반회계,2020,0.0,법제처,0.0,0.0,0.0,0.0
,232322000000.0,233275450000.0,0.0,0.0,10983000.0,-10983000.0,22851259600.0,210424190400.0,일반회계,2020,0.0,병무청,953450000.0,0.0,0.0,0.0
지역지원계정,366661000000.0,369619500000.0,0.0,0.0,3000000.0,-3000000.0,57010120.0,364566489880.0,국가균형발전특별회계,2020,4996000000.0,보건복지부,2958500000.0,0.0,0.0,0.0
손익계정,15425000000.0,15440012000.0,0.0,0.0,22200000.0,-22200000.0,1918723810.0,13521288190.0,국립공주병원,2020,0.0,보건복지부,0.0,0.0,0.0,15012000.0
자본계정,1389000000.0,1389000000.0,0.0,0.0,0.0,0.0,127835920.0,1261164080.0,국립공주병원,2020,0.0,보건복지부,0.0,0.0,0.0,0.0
손익계정,20472000000.0,20618120000.0,118988000.0,-118988000.0,105843000.0,-105843000.0,1051030870.0,19567089130.0,국립나주병원,2020,0.0,보건복지부,0.0,0.0,0.0,146120000.0
자본계정,1636000000.0,1636000000.0,0.0,0.0,0.0,0.0,47785750.0,1588214250.0,국립나주병원,2020,0.0,보건복지부,0.0,0.0,0.0,0.0
손익계정,14211000000.0,8465794790.0,0.0,-6317879210.0,0.0,0.0,0.0,8465794790.0,국립마산병원,2020,0.0,보건복지부,0.0,0.0,0.0,572674000.0
자본계정,6110000000.0,3635331880.0,0.0,-2474668120.0,0.0,0.0,0.0,3635331880.0,국립마산병원,2020,0.0,보건복지부,0.0,0.0,0.0,0.0
손익계정,11184000000.0,6647859010.0,0.0,-4536140990.0,0.0,0.0,0.0,6647859010.0,국립목포병원,2020,0.0,보건복지부,0.0,0.0,0.0,0.0
자본계정,1162000000.0,952235840.0,0.0,-209764160.0,0.0,0.0,0.0,952235840.0,국립목포병원,2020,0.0,보건복지부,0.0,0.0,0.0,0.0
손익계정,19674000000.0,19745070000.0,0.0,0.0,341000000.0,-341000000.0,1497133850.0,18247936150.0,국립부곡병원,2020,0.0,보건복지부,0.0,0.0,0.0,71070000.0
자본계정,1461000000.0,1639928500.0,0.0,0.0,0.0,0.0,51113530.0,1508305670.0,국립부곡병원,2020,80509300.0,보건복지부,178928500.0,0.0,0.0,0.0
손익계정,45505000000.0,47762361000.0,0.0,0.0,396220000.0,-396220000.0,1679518710.0,45796360490.0,국립재활원,2020,286481800.0,보건복지부,243600000.0,0.0,0.0,2013761000.0
자본계정,15897000000.0,18736722250.0,0.0,0.0,0.0,0.0,487311490.0,9721374530.0,국립재활원,2020,8528036230.0,보건복지부,2839722250.0,0.0,0.0,0.0
손익계정,41634000000.0,44399190000.0,0.0,0.0,1091731000.0,-1091731000.0,2482700670.0,41477907330.0,국립정신건강센터,2020,438582000.0,보건복지부,234850000.0,0.0,0.0,2530340000.0
자본계정,1273000000.0,1893700000.0,0.0,0.0,0.0,0.0,4617200.0,1865482800.0,국립정신건강센터,2020,23600000.0,보건복지부,620700000.0,0.0,0.0,0.0
손익계정,14451000000.0,14451000000.0,0.0,0.0,94984000.0,-94984000.0,1582082580.0,12868917420.0,국립춘천병원,2020,0.0,보건복지부,0.0,0.0,0.0,0.0
자본계정,1041000000.0,1105240000.0,0.0,0.0,0.0,0.0,21483540.0,742190990.0,국립춘천병원,2020,341565470.0,보건복지부,64240000.0,0.0,0.0,0.0
농어촌특별세사업계정,47438000000.0,47438000000.0,0.0,0.0,0.0,0.0,0.0,47438000000.0,농어촌구조개선특별회계,2020,0.0,보건복지부,0.0,0.0,0.0,0.0
,56699736000000.0,57350150994080.0,451864139000.0,-1001898365480.0,103856870000.0,-103856870000.0,64859313810.0,57252551612430.0,일반회계,2020,32740067840.0,보건복지부,67597220560.0,1132852000000.0,0.0,0.0
세종특별자치시계정,326000000.0,326000000.0,0.0,0.0,0.0,0.0,0.0,326000000.0,국가균형발전특별회계,2020,0.0,산림청,0.0,0.0,0.0,0.0
제주특별자치도계정,1110000000.0,1110000000.0,0.0,0.0,0.0,0.0,0.0,1110000000.0,국가균형발전특별회계,2020,0.0,산림청,0.0,0.0,0.0,0.0
지역자율계정,115501000000.0,115501000000.0,0.0,0.0,0.0,0.0,0.0,115501000000.0,국가균형발전특별회계,2020,0.0,산림청,0.0,0.0,0.0,0.0
지역지원계정,111766000000.0,112857384740.0,0.0,0.0,0.0,0.0,1298914140.0,111359805390.0,국가균형발전특별회계,2020,198665210.0,산림청,1091384740.0,0.0,0.0,0.0
손익계정,31725000000.0,31725000000.0,0.0,0.0,0.0,0.0,2460015850.0,29264984150.0,국립자연휴양림관리소,2020,0.0,산림청,0.0,0.0,0.0,0.0
자본계정,39658000000.0,50011586800.0,0.0,0.0,0.0,0.0,930125650.0,48231063040.0,국립자연휴양림관리소,2020,850398110.0,산림청,10353586800.0,0.0,0.0,0.0
임업진흥사업계정,822875000000.0,836184950000.0,0.0,0.0,1000000000.0,-1000000000.0,4040024290.0,832121734280.0,농어촌구조개선특별회계,2020,23191430.0,산림청,13309950000.0,0.0,0.0,0.0
투자계정,175810000000.0,176133066030.0,0.0,0.0,0.0,0.0,2021414650.0,174111651380.0,에너지및자원사업특별회계,2020,0.0,산림청,323066030.0,0.0,0.0,0.0
,1708293000000.0,1786973396160.0,7396840000.0,-7396840000.0,18313320000.0,-18313320000.0,16243840970.0,1756558056820.0,일반회계,2020,14171498370.0,산림청,12828396160.0,65852000000.0,0.0,0.0
세종특별자치시계정,17437000000.0,17437000000.0,0.0,0.0,0.0,0.0,5392504000.0,12044496000.0,국가균형발전특별회계,2020,0.0,산업통상자원부,0.0,0.0,0.0,0.0
지역지원계정,857855000000.0,919188477000.0,0.0,0.0,8114000000.0,-8114000000.0,3091838460.0,896840365810.0,국가균형발전특별회계,2020,19256272730.0,산업통상자원부,61333477000.0,0.0,0.0,0.0
,1284267000000.0,1284267000000.0,0.0,0.0,0.0,0.0,173934020.0,1283905766350.0,소재부품장비경쟁력강화특별회계,2020,187299630.0,산업통상자원부,0.0,0.0,0.0,0.0
융자계정,876319000000.0,876319000000.0,0.0,0.0,0.0,0.0,237783973150.0,638535026850.0,에너지및자원사업특별회계,2020,0.0,산업통상자원부,0.0,0.0,0.0,0.0
투자계정,2605810000000.0,2608990620280.0,0.0,0.0,3413000000.0,-3413000000.0,687305773460.0,1919712332970.0,에너지및자원사업특별회계,2020,1972513850.0,산업통상자원부,3180620280.0,0.0,0.0,0.0
,5671516000000.0,5684658152080.0,0.0,0.0,3298790000.0,-3298790000.0,18090180140.0,5664177948970.0,일반회계,2020,2390022970.0,산업통상자원부,6142152080.0,7000000000.0,0.0,0.0
,320130000000.0,321411972410.0,0.0,0.0,7758900000.0,-7758900000.0,1693483570.0,311771984040.0,일반회계,2020,7946504800.0,새만금개발청,1281972410.0,0.0,0.0,0.0
,203271000000.0,218746578990.0,0.0,0.0,1543233000.0,-1543233000.0,6392279690.0,208458226130.0,일반회계,2020,3896073170.0,소방청,15475578990.0,0.0,0.0,0.0
제주특별자치도계정,123000000.0,123000000.0,0.0,0.0,0.0,0.0,0.0,123000000.0,국가균형발전특별회계,2020,0.0,식품의약품안전처,0.0,0.0,0.0,0.0
지역지원계정,4133000000.0,4133000000.0,0.0,0.0,0.0,0.0,0.0,4133000000.0,국가균형발전특별회계,2020,0.0,식품의약품안전처,0.0,0.0,0.0,0.0
구조개선사업계정,2217000000.0,2217000000.0,0.0,0.0,0.0,0.0,20456560.0,2176943440.0,농어촌구조개선특별회계,2020,19600000.0,식품의약품안전처,0.0,0.0,0.0,0.0
,548113000000.0,585741264780.0,2423700000.0,-2423700000.0,6532776000.0,-6532776000.0,15311547450.0,562718923030.0,일반회계,2020,7710794300.0,식품의약품안전처,12436264780.0,25192000000.0,0.0,0.0
지역지원계정,36545000000.0,41545000000.0,0.0,0.0,0.0,0.0,1000000000.0,37034200000.0,국가균형발전특별회계,2020,3510800000.0,여성가족부,5000000000.0,0.0,0.0,0.0
,515126000000.0,531768166990.0,0.0,0.0,911657000.0,-911657000.0,4978399530.0,520922041780.0,일반회계,2020,5867725680.0,여성가족부,5235126990.0,11407040000.0,0.0,0.0
,2457091000000.0,2463662510120.0,51989879000.0,-51989879000.0,85389802000.0,-85389802000.0,118720300440.0,2342568411570.0,일반회계,2020,2373798110.0,외교부,6571510120.0,0.0,0.0,0.0
,108406000000.0,108406000000.0,0.0,0.0,256638000.0,-256638000.0,1020074390.0,107329812510.0,일반회계,2020,56113100.0,원자력안전위원회,0.0,0.0,0.0,0.0
,3245816000000.0,3248537068000.0,0.0,0.0,1012661000.0,-1012661000.0,12309943500.0,3236227124500.0,일반회계,2020,0.0,인사혁신처,0.0,2625000000.0,0.0,96068000.0
,25277000000.0,26161945000.0,884945000.0,0.0,0.0,0.0,94902290.0,26067042710.0,일반회계,2020,0.0,조달청,0.0,0.0,0.0,0.0
손익계정,299510000000.0,300150402500.0,0.0,0.0,369654000.0,-369654000.0,8070353370.0,290298045070.0,조달특별회계,2020,1782004060.0,조달청,640402500.0,0.0,0.0,0.0
자본계정,154765000000.0,156290522970.0,0.0,0.0,111000000.0,-111000000.0,7342962480.0,148409966260.0,조달특별회계,2020,537594230.0,조달청,1525522970.0,0.0,0.0,0.0
세종특별자치시계정,6535000000.0,6535000000.0,0.0,0.0,0.0,0.0,0.0,6535000000.0,국가균형발전특별회계,2020,0.0,중소벤처기업부,0.0,0.0,0.0,0.0
제주특별자치도계정,1639000000.0,1639000000.0,0.0,0.0,0.0,0.0,0.0,1639000000.0,국가균형발전특별회계,2020,0.0,중소벤처기업부,0.0,0.0,0.0,0.0
지역자율계정,0.0,160000000.0,0.0,0.0,0.0,0.0,0.0,160000000.0,국가균형발전특별회계,2020,0.0,중소벤처기업부,160000000.0,0.0,0.0,0.0
지역지원계정,449895000000.0,473774720000.0,0.0,0.0,10414000.0,-10414000.0,899810.0,472773820190.0,국가균형발전특별회계,2020,1000000000.0,중소벤처기업부,23879720000.0,0.0,0.0,0.0
,258630000000.0,258630000000.0,0.0,0.0,0.0,0.0,0.0,258630000000.0,소재부품장비경쟁력강화특별회계,2020,0.0,중소벤처기업부,0.0,0.0,0.0,0.0
,13576894000000.0,13793057602000.0,0.0,0.0,3485280000.0,-3485280000.0,5505039050.0,13779431626530.0,일반회계,2020,8120936420.0,중소벤처기업부,4595767000.0,211567835000.0,0.0,0.0
,725084000000.0,742820491000.0,5000000000.0,-5000000000.0,2082295000.0,-2082295000.0,32058967210.0,710728975050.0,일반회계,2020,32548740.0,중앙선거관리위원회,166491000.0,17765800000.0,-195800000.0,0.0
,0.0,4193660000.0,4193660000.0,0.0,0.0,0.0,139355160.0,4054304840.0,일반회계,2020,0.0,진실·화해를위한과거사정리위원회,0.0,0.0,0.0,0.0
손익계정,0.0,6375606210.0,6317879210.0,0.0,178000000.0,-178000000.0,1437408780.0,4938197430.0,국립마산병원,2020,0.0,질병관리청,0.0,0.0,0.0,57727000.0
자본계정,0.0,2474668120.0,2474668120.0,0.0,0.0,0.0,73558770.0,2391409350.0,국립마산병원,2020,9700000.0,질병관리청,0.0,0.0,0.0,0.0
손익계정,0.0,4536140990.0,4536140990.0,0.0,39701000.0,-39701000.0,1003177470.0,3532963520.0,국립목포병원,2020,0.0,질병관리청,0.0,0.0,0.0,0.0
자본계정,0.0,209764160.0,209764160.0,0.0,0.0,0.0,34985170.0,59221990.0,국립목포병원,2020,115557000.0,질병관리청,0.0,0.0,0.0,0.0
,215336000000.0,862140226480.0,550737126480.0,-702900000.0,6828138000.0,-6828138000.0,15798216730.0,633573915250.0,일반회계,2020,212768094500.0,질병관리청,0.0,96770000000.0,0.0,0.0
,472882000000.0,472969300000.0,0.0,0.0,1423912000.0,-1423912000.0,20584131770.0,451899268230.0,일반회계,2020,485900000.0,통계청,0.0,0.0,0.0,87300000.0
,355755000000.0,356078002150.0,0.0,0.0,1099919000.0,-1099919000.0,15925387880.0,339526469500.0,일반회계,2020,626144770.0,통일부,323002150.0,0.0,0.0,0.0
손익계정,519411000000.0,519411000000.0,0.0,0.0,2747000000.0,-2747000000.0,5197456060.0,514213543940.0,특허청,2020,0.0,특허청,0.0,0.0,0.0,0.0
자본계정,115994000000.0,115994000000.0,0.0,0.0,0.0,0.0,1150089510.0,114843910490.0,특허청,2020,0.0,특허청,0.0,0.0,0.0,0.0
,1465203000000.0,1477375696970.0,4684000000.0,-4684000000.0,2806629000.0,-2806629000.0,13026950920.0,1455684304810.0,일반회계,2020,8664441240.0,해양경찰청,12172696970.0,0.0,0.0,0.0
항만계정,1531292000000.0,1767266033050.0,0.0,0.0,33609194000.0,-33609194000.0,38776845020.0,1644754403850.0,교통시설특별회계,2020,83734784180.0,해양수산부,235974033050.0,0.0,0.0,0.0
제주특별자치도계정,63583000000.0,75332000000.0,0.0,0.0,0.0,0.0,1608500000.0,48863000000.0,국가균형발전특별회계,2020,24860500000.0,해양수산부,11749000000.0,0.0,0.0,0.0
지역자율계정,48735000000.0,48735000000.0,0.0,0.0,0.0,0.0,0.0,48735000000.0,국가균형발전특별회계,2020,0.0,해양수산부,0.0,0.0,0.0,0.0
지역지원계정,44021000000.0,52674800000.0,0.0,0.0,0.0,0.0,0.0,48364201000.0,국가균형발전특별회계,2020,4310599000.0,해양수산부,8653800000.0,0.0,0.0,0.0
구조개선사업계정,651022000000.0,666375979270.0,0.0,0.0,27521464000.0,-27521464000.0,11764700860.0,649410568390.0,농어촌구조개선특별회계,2020,5200710020.0,해양수산부,15353979270.0,0.0,0.0,0.0
농어촌특별세사업계정,822238000000.0,835362874910.0,0.0,0.0,500000000.0,-500000000.0,6458496520.0,820336201830.0,농어촌구조개선특별회계,2020,8568176560.0,해양수산부,13124874910.0,0.0,0.0,0.0
투자계정,66036000000.0,66036000000.0,0.0,0.0,20000000.0,-20000000.0,8552291040.0,57483708960.0,에너지및자원사업특별회계,2020,0.0,해양수산부,0.0,0.0,0.0,0.0
,3054554000000.0,3073770767720.0,10419331000.0,-10419331000.0,13626712000.0,-13626712000.0,26910448230.0,3034480601480.0,일반회계,2020,12379718010.0,해양수산부,19216767720.0,0.0,0.0,0.0
세종특별자치시계정,2899000000.0,2899000000.0,0.0,0.0,0.0,0.0,0.0,2899000000.0,국가균형발전특별회계,2020,0.0,행정안전부,0.0,0.0,0.0,0.0
제주특별자치도계정,8998000000.0,10218600000.0,0.0,0.0,0.0,0.0,0.0,9358600000.0,국가균형발전특별회계,2020,860000000.0,행정안전부,1220600000.0,0.0,0.0,0.0
지역자율계정,214942000000.0,214942000000.0,0.0,0.0,0.0,0.0,0.0,214942000000.0,국가균형발전특별회계,2020,0.0,행정안전부,0.0,0.0,0.0,0.0
지역지원계정,315350000000.0,323953500000.0,0.0,0.0,0.0,0.0,469848440.0,290414651560.0,국가균형발전특별회계,2020,33069000000.0,행정안전부,8603500000.0,0.0,0.0,0.0
,67577508000000.0,68555418298550.0,39676000000.0,-55162511890.0,21218885000.0,-21218885000.0,56519842840.0,68431598605140.0,일반회계,2020,67299850570.0,행정안전부,121479224440.0,871917586000.0,0.0,0.0
,308757000000.0,308757000000.0,0.0,0.0,0.0,0.0,0.0,308757000000.0,일반회계,2020,0.0,행정중심복합도시건설청,0.0,0.0,0.0,0.0
,320527000000.0,333465151480.0,0.0,0.0,12153891000.0,-12153891000.0,3130338730.0,319516914640.0,행정중심복합도시건설특별회계,2020,10817898110.0,행정중심복합도시건설청,12938151480.0,0.0,0.0,0.0
,51870000000.0,53650024690.0,0.0,0.0,0.0,0.0,4420769750.0,49229254940.0,일반회계,2020,0.0,헌법재판소,1780024690.0,0.0,0.0,0.0
세종특별자치시계정,11244000000.0,11244000000.0,0.0,0.0,0.0,0.0,0.0,11244000000.0,국가균형발전특별회계,2020,0.0,환경부,0.0,0.0,0.0,0.0
제주특별자치도계정,38182000000.0,42757500000.0,0.0,0.0,0.0,0.0,1765000000.0,40992500000.0,국가균형발전특별회계,2020,0.0,환경부,4575500000.0,0.0,0.0,0.0
지역자율계정,96281000000.0,136023300000.0,0.0,0.0,0.0,0.0,6272000000.0,129751300000.0,국가균형발전특별회계,2020,0.0,환경부,39742300000.0,0.0,0.0,0.0
지역지원계정,494981000000.0,495340500000.0,0.0,0.0,0.0,0.0,20565000000.0,474775500000.0,국가균형발전특별회계,2020,0.0,환경부,359500000.0,0.0,0.0,0.0
농어촌특별세사업계정,56132000000.0,56132000000.0,0.0,0.0,0.0,0.0,0.0,56132000000.0,농어촌구조개선특별회계,2020,0.0,환경부,0.0,0.0,0.0,0.0
투자계정,1325048000000.0,1325439167000.0,0.0,0.0,18000000000.0,-18000000000.0,84108404270.0,1241133129730.0,에너지및자원사업특별회계,2020,197633000.0,환경부,391167000.0,0.0,0.0,0.0
,5727787000000.0,5909798143350.0,0.0,0.0,15844630000.0,-15844630000.0,2910610320.0,5902633716220.0,일반회계,2020,4253816810.0,환경부,7377143350.0,174634000000.0,0.0,0.0
,6523079000000.0,6782970903150.0,82742282000.0,-82742282000.0,46802073000.0,-46802073000.0,61495340630.0,6607990006250.0,환경개선특별회계,2020,113485556270.0,환경부,85257903150.0,174634000000.0,0.0,0.0
,20785000000.0,22937492290.0,0.0,0.0,0.0,0.0,5255704070.0,15235097660.0,일반회계,2019,2446690560.0,가습기살균제사건과 4·16세월호참사 특별조사위원회,2152492290.0,0.0,0.0,0.0
,132418000000.0,133791003960.0,0.0,0.0,992905000.0,-992905000.0,4030676250.0,126080021800.0,일반회계,2019,3680305910.0,감사원,1353003960.0,0.0,0.0,20000000.0
손익계정,78291000000.0,78291000000.0,0.0,0.0,831983000.0,-831983000.0,6312278910.0,71978721090.0,경찰병원,2019,0.0,경찰청,0.0,0.0,0.0,0.0
자본계정,2541000000.0,2541000000.0,0.0,0.0,0.0,0.0,122903220.0,2418096780.0,경찰병원,2019,0.0,경찰청,0.0,0.0,0.0,0.0
제주특별자치도계정,4267000000.0,4267000000.0,0.0,0.0,0.0,0.0,0.0,4267000000.0,국가균형발전특별회계,2019,0.0,경찰청,0.0,0.0,0.0,0.0
,10947082000000.0,10964575947520.0,0.0,0.0,96960341000.0,-96960341000.0,282529900750.0,10673002791240.0,일반회계,2019,9043255530.0,경찰청,17046947520.0,447000000.0,0.0,0.0
제주특별자치도계정,7329000000.0,7329000000.0,0.0,0.0,0.0,0.0,339080000.0,6989920000.0,국가균형발전특별회계,2019,0.0,고용노동부,0.0,0.0,0.0,0.0
지역지원계정,90291000000.0,90291000000.0,0.0,0.0,0.0,0.0,0.0,88082000000.0,국가균형발전특별회계,2019,2209000000.0,고용노동부,0.0,0.0,0.0,0.0
투자계정,110203000000.0,110203000000.0,0.0,0.0,0.0,0.0,10378850.0,110192621150.0,에너지및자원사업특별회계,2019,0.0,고용노동부,0.0,0.0,0.0,0.0
,6993037000000.0,7094126561730.0,0.0,0.0,30833855000.0,-30833855000.0,179119788640.0,6911807974890.0,일반회계,2019,3198798200.0,고용노동부,2589561730.0,98500000000.0,0.0,0.0
,131295000000.0,132679394600.0,0.0,0.0,514670000.0,-514670000.0,4260985300.0,127236722160.0,일반회계,2019,1181687140.0,공정거래위원회,1083384600.0,301010000.0,0.0,0.0
세종특별자치시계정,804000000.0,804000000.0,0.0,0.0,0.0,0.0,0.0,804000000.0,국가균형발전특별회계,2019,0.0,과학기술정보통신부,0.0,0.0,0.0,0.0
제주특별자치도계정,740000000.0,740000000.0,0.0,0.0,0.0,0.0,0.0,740000000.0,국가균형발전특별회계,2019,0.0,과학기술정보통신부,0.0,0.0,0.0,0.0
지역지원계정,185261000000.0,187843700000.0,0.0,0.0,0.0,0.0,300000000.0,163894700000.0,국가균형발전특별회계,2019,23649000000.0,과학기술정보통신부,2582700000.0,0.0,0.0,0.0
손익계정,27408000000.0,27408000000.0,0.0,0.0,610000000.0,-610000000.0,811869600.0,26596130400.0,국립과천과학관,2019,0.0,과학기술정보통신부,0.0,0.0,0.0,0.0
자본계정,6998000000.0,7047650000.0,0.0,0.0,1200000000.0,-1200000000.0,428481480.0,6259475180.0,국립과천과학관,2019,359693340.0,과학기술정보통신부,49650000.0,0.0,0.0,0.0
손익계정,24539000000.0,24539000000.0,0.0,0.0,445727000.0,-445727000.0,724606410.0,23814393590.0,국립중앙과학관,2019,0.0,과학기술정보통신부,0.0,0.0,0.0,0.0
자본계정,12879000000.0,12879000000.0,0.0,0.0,0.0,0.0,253217010.0,6391449060.0,국립중앙과학관,2019,6234333930.0,과학기술정보통신부,0.0,0.0,0.0,0.0
투자계정,379119000000.0,379119000000.0,0.0,0.0,0.0,0.0,2937956000.0,376181044000.0,에너지및자원사업특별회계,2019,0.0,과학기술정보통신부,0.0,0.0,0.0,0.0
,988744000000.0,988937926780.0,80500000000.0,-80500000000.0,0.0,0.0,287408825880.0,701390975900.0,우체국보험특별회계,2019,138125000.0,과학기술정보통신부,193926780.0,0.0,0.0,0.0
손익계정,3085472000000.0,3085664596540.0,0.0,0.0,0.0,0.0,444870074910.0,2640612771630.0,우체국예금특별회계,2019,181750000.0,과학기술정보통신부,192596540.0,0.0,0.0,0.0
자본계정,7405000000.0,7405000000.0,0.0,0.0,0.0,0.0,668042580.0,6736957420.0,우체국예금특별회계,2019,0.0,과학기술정보통신부,0.0,0.0,0.0,0.0
손익계정,4731262000000.0,4735387212440.0,89937000000.0,-89937000000.0,84055000000.0,-84055000000.0,826042721420.0,3906358236380.0,우편사업특별회계,2019,2986254640.0,과학기술정보통신부,4125212440.0,0.0,0.0,0.0
자본계정,188492000000.0,221527892620.0,0.0,0.0,0.0,0.0,31250586800.0,174542258490.0,우편사업특별회계,2019,15735047330.0,과학기술정보통신부,33035892620.0,0.0,0.0,0.0
,6693530000000.0,6700743720150.0,0.0,-250000000.0,2554935000.0,-2554935000.0,65470904610.0,6630697928270.0,일반회계,2019,4574887270.0,과학기술정보통신부,6928720150.0,535000000.0,0.0,0.0
,551334400000.0,553133339390.0,0.0,0.0,1346726000.0,-1346726000.0,23410136600.0,529199116790.0,일반회계,2019,524086000.0,관세청,1798939390.0,0.0,0.0,0.0
지역지원계정,683902000000.0,706661000000.0,0.0,0.0,0.0,0.0,0.0,664101000000.0,국가균형발전특별회계,2019,42560000000.0,교육부,22759000000.0,0.0,0.0,0.0
,3815338000000.0,3815338000000.0,0.0,0.0,0.0,0.0,0.0,3815338000000.0,유아교육지원특별회계,2019,0.0,교육부,0.0,0.0,0.0,0.0
,70537248000000.0,70554844450220.0,3091564000.0,-3091564000.0,2007700000.0,-2007700000.0,196020552070.0,70346368512660.0,일반회계,2019,12455385490.0,교육부,4828484220.0,186750000.0,0.0,12581216000.0
제주특별자치도계정,2018000000.0,2018000000.0,0.0,0.0,0.0,0.0,222750000.0,1795250000.0,국가균형발전특별회계,2019,0.0,국가보훈처,0.0,0.0,0.0,0.0
투자계정,20831000000.0,20831000000.0,0.0,0.0,0.0,0.0,2105546050.0,18725453950.0,에너지및자원사업특별회계,2019,0.0,국가보훈처,0.0,0.0,0.0,0.0
,5346322000000.0,5351905012200.0,302000000.0,-302000000.0,1499873000.0,-1499873000.0,63433242140.0,5274958091750.0,일반회계,2019,13513678310.0,국가보훈처,5583012200.0,0.0,0.0,0.0
,36683000000.0,38972755000.0,0.0,0.0,256100000.0,-256100000.0,2482090600.0,36267655800.0,일반회계,2019,223008600.0,국가인권위원회,272200000.0,2017555000.0,0.0,0.0
,544560000000.0,551779406980.0,0.0,0.0,0.0,0.0,23405992600.0,515025369380.0,일반회계,2019,13348045000.0,국가정보원,7219406980.0,0.0,0.0,0.0
투자계정,11415000000.0,11415000000.0,0.0,0.0,0.0,0.0,264900000.0,11150100000.0,에너지및자원사업특별회계,2019,0.0,국무조정실 및 국무총리비서실,0.0,0.0,0.0,0.0
,572565000000.0,576182727000.0,0.0,0.0,148436000.0,-148436000.0,25247669190.0,550901159810.0,일반회계,2019,33898000.0,국무조정실 및 국무총리비서실,207292000.0,3410435000.0,0.0,0.0
,87498000000.0,87498000000.0,0.0,0.0,1819614000.0,-1819614000.0,7505902050.0,79992097950.0,일반회계,2019,0.0,국민권익위원회,0.0,0.0,0.0,0.0
,792141000000.0,929287076530.0,0.0,0.0,6922749000.0,-6922749000.0,33437603340.0,829480158500.0,국방·군사시설이전특별회계,2019,66369314690.0,국방부,137146076530.0,0.0,0.0,0.0
,31323761000000.0,31815926286860.0,8136530030.0,-8136530030.0,272536282000.0,-272536282000.0,474496586730.0,30885576772760.0,일반회계,2019,455852927370.0,국방부,492165286860.0,0.0,0.0,0.0
,493318000000.0,557265292630.0,0.0,0.0,85102000.0,-85102000.0,26484432120.0,496955776440.0,주한미군기지이전특별회계,2019,33825084070.0,국방부,63947292630.0,0.0,0.0,0.0
,1744917000000.0,1745104000000.0,7384269000.0,-7384269000.0,1050747000.0,-1050747000.0,32804616910.0,1712157184090.0,일반회계,2019,142199000.0,국세청,0.0,0.0,0.0,187000000.0
공항계정,672243000000.0,718242686040.0,436000000.0,-436000000.0,368050000.0,-368050000.0,94220796620.0,606775737490.0,교통시설특별회계,2019,17246151930.0,국토교통부,45999686040.0,0.0,0.0,0.0
교통체계관리계정,284561000000.0,285237500000.0,0.0,0.0,0.0,0.0,749368350.0,252418678930.0,교통시설특별회계,2019,32069452720.0,국토교통부,676500000.0,0.0,0.0,0.0
도로계정,9408357000000.0,9700203899990.0,0.0,0.0,200372007000.0,-200372007000.0,299298713100.0,9326552775570.0,교통시설특별회계,2019,74352411320.0,국토교통부,259975899990.0,31871000000.0,0.0,0.0
철도계정,3968916000000.0,3969023800000.0,0.0,0.0,23918920000.0,-23918920000.0,1068502360.0,3967807147240.0,교통시설특별회계,2019,148150400.0,국토교통부,107800000.0,0.0,0.0,0.0
세종특별자치시계정,19314000000.0,19849148850.0,0.0,0.0,0.0,0.0,36705500.0,19812443350.0,국가균형발전특별회계,2019,0.0,국토교통부,535148850.0,0.0,0.0,0.0
제주특별자치도계정,67643000000.0,67643000000.0,0.0,0.0,0.0,0.0,625000000.0,62543000000.0,국가균형발전특별회계,2019,4475000000.0,국토교통부,0.0,0.0,0.0,0.0
지역자율계정,1112137000000.0,1113554000000.0,0.0,0.0,0.0,0.0,5682808000.0,1107871192000.0,국가균형발전특별회계,2019,0.0,국토교통부,0.0,1417000000.0,0.0,0.0
지역지원계정,1808210000000.0,2058973250910.0,70000000.0,-70000000.0,183800126000.0,-183800126000.0,109410231800.0,1848536953610.0,국가균형발전특별회계,2019,101026065500.0,국토교통부,250763250910.0,0.0,0.0,0.0
투자계정,18680000000.0,18680000000.0,0.0,0.0,0.0,0.0,605424910.0,18074575090.0,에너지및자원사업특별회계,2019,0.0,국토교통부,0.0,0.0,0.0,0.0
,19820838000000.0,19904378069490.0,141889768000.0,-141889768000.0,40652511000.0,-40652511000.0,139866997320.0,19717199760310.0,일반회계,2019,47311311860.0,국토교통부,46263183490.0,37096886000.0,0.0,180000000.0
,264632000000.0,264731363630.0,0.0,0.0,0.0,0.0,2678543270.0,232616820360.0,혁신도시건설특별회계,2019,29436000000.0,국토교통부,99363630.0,0.0,0.0,0.0
,640904000000.0,648748673830.0,0.0,0.0,1410208000.0,-1410208000.0,46294933470.0,589543340760.0,일반회계,2019,12910399600.0,국회,7844673830.0,1300000000.0,-1300000000.0,0.0
,3074360000000.0,3074760839090.0,0.0,0.0,375535000.0,-375535000.0,5734119710.0,3068824900380.0,일반회계,2019,201819000.0,금융위원회,237269090.0,163570000.0,0.0,0.0
,390531000000.0,401870205550.0,567104000.0,-567104000.0,3643461000.0,-3643461000.0,10702862930.0,382747933120.0,일반회계,2019,8419409500.0,기상청,11339205550.0,0.0,0.0,0.0
,16102500500000.0,13986306344320.0,0.0,0.0,1858906000.0,-1858906000.0,1370832671890.0,12604051296850.0,일반회계,2019,11422375580.0,기획재정부,6278707320.0,600501100000.0,-2722973963000.0,0.0
세종특별자치시계정,8267000000.0,8267000000.0,0.0,0.0,0.0,0.0,0.0,8267000000.0,국가균형발전특별회계,2019,0.0,농림축산식품부,0.0,0.0,0.0,0.0
제주특별자치도계정,42361000000.0,42361000000.0,0.0,0.0,0.0,0.0,0.0,36835000000.0,국가균형발전특별회계,2019,5526000000.0,농림축산식품부,0.0,0.0,0.0,0.0
지역자율계정,1360764000000.0,1596988408000.0,0.0,0.0,0.0,0.0,1269000000.0,1504762008000.0,국가균형발전특별회계,2019,90957400000.0,농림축산식품부,235084408000.0,1140000000.0,0.0,0.0
지역지원계정,3858000000.0,3897500000.0,0.0,0.0,0.0,0.0,0.0,3897500000.0,국가균형발전특별회계,2019,0.0,농림축산식품부,39500000.0,0.0,0.0,0.0
구조개선사업계정,5334983000000.0,5608087859000.0,65221000000.0,-65221000000.0,34488479000.0,-34488479000.0,324799317080.0,5194234900130.0,농어촌구조개선특별회계,2019,89053641790.0,농림축산식품부,203812859000.0,69292000000.0,0.0,0.0
농어촌특별세사업계정,4571213000000.0,4578729539800.0,0.0,0.0,3796000.0,-3796000.0,172089183150.0,4327755867670.0,농어촌구조개선특별회계,2019,78884488980.0,농림축산식품부,7516539800.0,0.0,0.0,0.0
손익계정,2074834000000.0,2166950000000.0,0.0,0.0,135721227000.0,-135721227000.0,56844070.0,2166893155930.0,양곡관리특별회계,2019,0.0,농림축산식품부,0.0,92116000000.0,0.0,0.0
융자계정,9332000000.0,9332000000.0,0.0,0.0,0.0,0.0,0.0,9332000000.0,에너지및자원사업특별회계,2019,0.0,농림축산식품부,0.0,0.0,0.0,0.0
투자계정,30096000000.0,30096000000.0,0.0,0.0,0.0,0.0,1642856000.0,28453144000.0,에너지및자원사업특별회계,2019,0.0,농림축산식품부,0.0,0.0,0.0,0.0
,6284175000000.0,6662248142500.0,0.0,0.0,1344937000.0,-1344937000.0,21183975930.0,6638580667800.0,일반회계,2019,2483498770.0,농림축산식품부,9316995500.0,368756147000.0,0.0,0.0
제주특별자치도계정,5313000000.0,5313000000.0,0.0,0.0,0.0,0.0,0.0,5313000000.0,국가균형발전특별회계,2019,0.0,농촌진흥청,0.0,0.0,0.0,0.0
지역자율계정,75076000000.0,75196000000.0,0.0,0.0,0.0,0.0,0.0,75196000000.0,국가균형발전특별회계,2019,0.0,농촌진흥청,0.0,120000000.0,0.0,0.0
지역지원계정,25667000000.0,25667000000.0,0.0,0.0,0.0,0.0,16807360.0,25171192640.0,국가균형발전특별회계,2019,479000000.0,농촌진흥청,0.0,0.0,0.0,0.0
구조개선사업계정,33078000000.0,33078000000.0,0.0,0.0,0.0,0.0,62385050.0,33015614950.0,농어촌구조개선특별회계,2019,0.0,농촌진흥청,0.0,0.0,0.0,0.0
,804096000000.0,854547771380.0,1663843000.0,-1663843000.0,7907911000.0,-7907911000.0,16928963030.0,837260221620.0,일반회계,2019,358586730.0,농촌진흥청,14407108380.0,36044663000.0,0.0,0.0
,314674000000.0,316427354680.0,302157000.0,-302157000.0,138074000.0,-138074000.0,61106284200.0,246676154910.0,등기특별회계,2019,8644915570.0,대법원,1753354680.0,0.0,0.0,0.0
,1622520000000.0,1622978013370.0,0.0,0.0,5758573000.0,-5758573000.0,43390047250.0,1579122537830.0,일반회계,2019,465428290.0,대법원,458013370.0,0.0,0.0,0.0
,88639000000.0,92331779810.0,0.0,0.0,65700000.0,-65700000.0,10138019290.0,82023301250.0,일반회계,2019,170459270.0,대통령경호처,126779810.0,3566000000.0,0.0,0.0
,93669000000.0,93669000000.0,0.0,0.0,504677000.0,-504677000.0,3674995830.0,89994004170.0,일반회계,2019,0.0,대통령비서실 및 국가안보실,0.0,0.0,0.0,0.0
지역자율계정,24547000000.0,24547000000.0,0.0,0.0,0.0,0.0,0.0,24547000000.0,국가균형발전특별회계,2019,0.0,문화재청,0.0,0.0,0.0,0.0
지역지원계정,0.0,500000000.0,0.0,0.0,0.0,0.0,0.0,500000000.0,국가균형발전특별회계,2019,0.0,문화재청,500000000.0,0.0,0.0,0.0
,757503000000.0,768959841500.0,0.0,0.0,769015000.0,-769015000.0,7552159680.0,757566100820.0,일반회계,2019,3841581000.0,문화재청,11198031500.0,258810000.0,0.0,0.0
세종특별자치시계정,5175000000.0,5175000000.0,0.0,0.0,0.0,0.0,880000.0,5174120000.0,국가균형발전특별회계,2019,0.0,문화체육관광부,0.0,0.0,0.0,0.0
제주특별자치도계정,27857000000.0,27857000000.0,0.0,0.0,0.0,0.0,602000000.0,23159250000.0,국가균형발전특별회계,2019,4095750000.0,문화체육관광부,0.0,0.0,0.0,0.0
지역자율계정,744967000000.0,774863000000.0,0.0,0.0,0.0,0.0,11270080100.0,763142919900.0,국가균형발전특별회계,2019,450000000.0,문화체육관광부,23000000000.0,6896000000.0,0.0,0.0
지역지원계정,148327000000.0,149827000000.0,0.0,0.0,0.0,0.0,2932000000.0,124159000000.0,국가균형발전특별회계,2019,22736000000.0,문화체육관광부,1500000000.0,0.0,0.0,0.0
,80476000000.0,83157250780.0,0.0,0.0,126053000.0,-126053000.0,1949395620.0,79486506510.0,아시아문화중심도시조성특별회계,2019,1721348650.0,문화체육관광부,2681250780.0,0.0,0.0,0.0
,2444513000000.0,2538885291740.0,1155759000.0,-1155759000.0,9550450000.0,-9550450000.0,68711114280.0,2411335114990.0,일반회계,2019,58839062470.0,문화체육관광부,62527217740.0,31845074000.0,0.0,0.0
,31580000000.0,31580000000.0,0.0,0.0,362247000.0,-362247000.0,820479590.0,29999118410.0,일반회계,2019,760402000.0,민주평화통일자문회의,0.0,0.0,0.0,0.0
,62772000000.0,63022000000.0,250000000.0,0.0,75460000.0,-75460000.0,3928688860.0,59093311140.0,일반회계,2019,0.0,방송통신위원회,0.0,0.0,0.0,0.0
,15373324000000.0,15966585408760.0,70952813570.0,-70952813570.0,148639862730.0,-148639862730.0,247781720010.0,15402924071210.0,일반회계,2019,315879617540.0,방위사업청,593261408760.0,0.0,0.0,0.0
,126817000000.0,126817000000.0,0.0,0.0,31000000.0,-31000000.0,26098681890.0,100203045900.0,교도작업특별회계,2019,515272210.0,법무부,0.0,0.0,0.0,0.0
,3796381000000.0,3815009659400.0,27744127000.0,-27744127000.0,9705583000.0,-9705583000.0,223386992690.0,3576894512090.0,일반회계,2019,14728154620.0,법무부,13442423400.0,5019826000.0,0.0,166410000.0
,36179000000.0,36290000000.0,0.0,0.0,9484000.0,-9484000.0,1556848070.0,34733151930.0,일반회계,2019,0.0,법제처,0.0,111000000.0,0.0,0.0
,228329000000.0,229319664880.0,0.0,0.0,166892000.0,-166892000.0,9804036070.0,218562178810.0,일반회계,2019,953450000.0,병무청,24524880.0,966140000.0,0.0,0.0
지역지원계정,319218000000.0,319218000000.0,0.0,0.0,0.0,0.0,42454040.0,316217045960.0,국가균형발전특별회계,2019,2958500000.0,보건복지부,0.0,0.0,0.0,0.0
손익계정,14918000000.0,14957462000.0,0.0,0.0,85008000.0,-85008000.0,892224000.0,14065238000.0,국립공주병원,2019,0.0,보건복지부,0.0,0.0,0.0,39462000.0
자본계정,1377000000.0,1377000000.0,0.0,0.0,0.0,0.0,152497650.0,1224502350.0,국립공주병원,2019,0.0,보건복지부,0.0,0.0,0.0,0.0
손익계정,20333000000.0,20528831000.0,87401000.0,-87401000.0,41360000.0,-41360000.0,1773649490.0,18755181510.0,국립나주병원,2019,0.0,보건복지부,0.0,0.0,0.0,195831000.0
자본계정,1533000000.0,2054285890.0,0.0,0.0,0.0,0.0,58962940.0,1995322950.0,국립나주병원,2019,0.0,보건복지부,521285890.0,0.0,0.0,0.0
손익계정,13730000000.0,13856030000.0,36556000.0,-36556000.0,16178000.0,-16178000.0,891066620.0,12964963380.0,국립마산병원,2019,0.0,보건복지부,0.0,0.0,0.0,126030000.0
자본계정,5985000000.0,5985000000.0,0.0,0.0,0.0,0.0,33639790.0,5951360210.0,국립마산병원,2019,0.0,보건복지부,0.0,0.0,0.0,0.0
손익계정,10313000000.0,10313000000.0,96183000.0,-96183000.0,62963000.0,-62963000.0,1036152870.0,9276847130.0,국립목포병원,2019,0.0,보건복지부,0.0,0.0,0.0,0.0
자본계정,3354000000.0,3395800000.0,0.0,0.0,0.0,0.0,1690081170.0,1705718830.0,국립목포병원,2019,0.0,보건복지부,0.0,0.0,0.0,41800000.0
손익계정,18982000000.0,19084000000.0,0.0,0.0,13700000.0,-13700000.0,1548299840.0,17535700160.0,국립부곡병원,2019,0.0,보건복지부,0.0,0.0,0.0,102000000.0
자본계정,1349000000.0,1693409700.0,0.0,0.0,0.0,0.0,24445800.0,1490035400.0,국립부곡병원,2019,178928500.0,보건복지부,344409700.0,0.0,0.0,0.0
손익계정,44714000000.0,46537097000.0,0.0,0.0,84403000.0,-84403000.0,2341539400.0,43951957600.0,국립재활원,2019,243600000.0,보건복지부,60950000.0,0.0,0.0,1762147000.0
자본계정,5160000000.0,9688779810.0,0.0,0.0,0.0,0.0,70043430.0,6779014130.0,국립재활원,2019,2839722250.0,보건복지부,4528779810.0,0.0,0.0,0.0
손익계정,40450000000.0,46802278390.0,0.0,0.0,499480000.0,-499480000.0,3051724680.0,43515703710.0,국립정신건강센터,2019,234850000.0,보건복지부,833577390.0,0.0,0.0,5518701000.0
자본계정,1707000000.0,1707000000.0,0.0,0.0,0.0,0.0,7488150.0,1078811850.0,국립정신건강센터,2019,620700000.0,보건복지부,0.0,0.0,0.0,0.0
손익계정,13962000000.0,13979780000.0,0.0,0.0,93711000.0,-93711000.0,679444230.0,13300335770.0,국립춘천병원,2019,0.0,보건복지부,0.0,0.0,0.0,17780000.0
자본계정,1195000000.0,1324840000.0,0.0,0.0,32600000.0,-32600000.0,65313600.0,1195286400.0,국립춘천병원,2019,64240000.0,보건복지부,129840000.0,0.0,0.0,0.0
농어촌특별세사업계정,43863000000.0,43863000000.0,0.0,0.0,0.0,0.0,0.0,43863000000.0,농어촌구조개선특별회계,2019,0.0,보건복지부,0.0,0.0,0.0,0.0
,45139252000000.0,45804229007640.0,2844401000.0,-2844401000.0,163800800000.0,-163800800000.0,31122641460.0,45705509145620.0,일반회계,2019,67597220560.0,보건복지부,34141087640.0,630835920000.0,0.0,0.0
세종특별자치시계정,1475000000.0,1475000000.0,0.0,0.0,0.0,0.0,0.0,1475000000.0,국가균형발전특별회계,2019,0.0,산림청,0.0,0.0,0.0,0.0
제주특별자치도계정,5586000000.0,5586000000.0,0.0,0.0,0.0,0.0,0.0,5586000000.0,국가균형발전특별회계,2019,0.0,산림청,0.0,0.0,0.0,0.0
지역자율계정,281843000000.0,281843000000.0,0.0,0.0,0.0,0.0,0.0,281843000000.0,국가균형발전특별회계,2019,0.0,산림청,0.0,0.0,0.0,0.0
지역지원계정,79964000000.0,80733335130.0,0.0,0.0,0.0,0.0,1030773400.0,78611176990.0,국가균형발전특별회계,2019,1091384740.0,산림청,769335130.0,0.0,0.0,0.0
손익계정,30296000000.0,30296000000.0,0.0,0.0,0.0,0.0,493176260.0,29802823740.0,국립자연휴양림관리소,2019,0.0,산림청,0.0,0.0,0.0,0.0
자본계정,41999000000.0,43070273400.0,0.0,0.0,0.0,0.0,437511380.0,32279175220.0,국립자연휴양림관리소,2019,10353586800.0,산림청,1008983400.0,62290000.0,0.0,0.0
임업진흥사업계정,809321000000.0,811257145000.0,0.0,0.0,3732426000.0,-3732426000.0,7345448670.0,790601746330.0,농어촌구조개선특별회계,2019,13309950000.0,산림청,256145000.0,1680000000.0,0.0,0.0
투자계정,55188000000.0,55188000000.0,0.0,0.0,0.0,0.0,206254790.0,54658679180.0,에너지및자원사업특별회계,2019,323066030.0,산림청,0.0,0.0,0.0,0.0
,1584108000000.0,1620138124090.0,0.0,0.0,7970871000.0,-7970871000.0,17173081550.0,1590136646380.0,일반회계,2019,12828396160.0,산림청,16546254090.0,19483870000.0,0.0,0.0
세종특별자치시계정,18091000000.0,18091000000.0,0.0,0.0,0.0,0.0,3668125000.0,14422875000.0,국가균형발전특별회계,2019,0.0,산업통상자원부,0.0,0.0,0.0,0.0
제주특별자치도계정,637000000.0,637000000.0,0.0,0.0,0.0,0.0,0.0,637000000.0,국가균형발전특별회계,2019,0.0,산업통상자원부,0.0,0.0,0.0,0.0
지역자율계정,122863000000.0,122863000000.0,0.0,0.0,0.0,0.0,0.0,122863000000.0,국가균형발전특별회계,2019,0.0,산업통상자원부,0.0,0.0,0.0,0.0
지역지원계정,842437000000.0,868446576000.0,0.0,0.0,18000000.0,-18000000.0,63551077970.0,743562021030.0,국가균형발전특별회계,2019,61333477000.0,산업통상자원부,10149576000.0,15860000000.0,0.0,0.0
융자계정,859897000000.0,859897000000.0,0.0,0.0,0.0,0.0,181940222350.0,677956777650.0,에너지및자원사업특별회계,2019,0.0,산업통상자원부,0.0,0.0,0.0,0.0
투자계정,3534176000000.0,3535058471850.0,0.0,0.0,0.0,0.0,494025038140.0,3037852813430.0,에너지및자원사업특별회계,2019,3180620280.0,산업통상자원부,882471850.0,0.0,0.0,0.0
,3685828000000.0,3758986032650.0,0.0,0.0,2448254000.0,-2448254000.0,6404765140.0,3746439115430.0,일반회계,2019,6142152080.0,산업통상자원부,9245584650.0,63912448000.0,0.0,0.0
,256181000000.0,290824255820.0,0.0,0.0,271194000.0,-271194000.0,2128253950.0,287414029460.0,일반회계,2019,1281972410.0,새만금개발청,14623935820.0,20019320000.0,0.0,0.0
,228692000000.0,242771716870.0,0.0,0.0,5132824000.0,-5132824000.0,5791854970.0,221504282910.0,일반회계,2019,15475578990.0,소방청,13877746870.0,201970000.0,0.0,0.0
제주특별자치도계정,129000000.0,129000000.0,0.0,0.0,0.0,0.0,0.0,129000000.0,국가균형발전특별회계,2019,0.0,식품의약품안전처,0.0,0.0,0.0,0.0
지역지원계정,4351000000.0,4351000000.0,0.0,0.0,0.0,0.0,0.0,4351000000.0,국가균형발전특별회계,2019,0.0,식품의약품안전처,0.0,0.0,0.0,0.0
구조개선사업계정,2414000000.0,2414000000.0,0.0,0.0,0.0,0.0,51016250.0,2362983750.0,농어촌구조개선특별회계,2019,0.0,식품의약품안전처,0.0,0.0,0.0,0.0
,505541000000.0,509024058130.0,0.0,0.0,4534339000.0,-4534339000.0,14164683020.0,482423110330.0,일반회계,2019,12436264780.0,식품의약품안전처,3223058130.0,0.0,0.0,260000000.0
세종특별자치시계정,4852000000.0,4852000000.0,0.0,0.0,0.0,0.0,0.0,4852000000.0,국가균형발전특별회계,2019,0.0,여성가족부,0.0,0.0,0.0,0.0
제주특별자치도계정,3064000000.0,3064000000.0,0.0,0.0,0.0,0.0,0.0,3064000000.0,국가균형발전특별회계,2019,0.0,여성가족부,0.0,0.0,0.0,0.0
지역자율계정,70264000000.0,70264000000.0,0.0,0.0,0.0,0.0,0.0,70264000000.0,국가균형발전특별회계,2019,0.0,여성가족부,0.0,0.0,0.0,0.0
지역지원계정,25000000000.0,25000000000.0,0.0,0.0,0.0,0.0,7520000000.0,12480000000.0,국가균형발전특별회계,2019,5000000000.0,여성가족부,0.0,0.0,0.0,0.0
,462722000000.0,511827045690.0,0.0,0.0,33684000.0,-33684000.0,3494085210.0,503097833490.0,일반회계,2019,5235126990.0,여성가족부,1872045690.0,47233000000.0,0.0,0.0
,2355607000000.0,2389370613610.0,0.0,0.0,7108527000.0,-7108527000.0,40343873890.0,2342455229600.0,일반회계,2019,6571510120.0,외교부,7345771610.0,18434842000.0,0.0,7983000000.0
,107131000000.0,107150360000.0,0.0,0.0,99208000.0,-99208000.0,1215686810.0,105934673190.0,일반회계,2019,0.0,원자력안전위원회,19360000.0,0.0,0.0,0.0
,2967912000000.0,2968638642000.0,0.0,0.0,994453000.0,-994453000.0,2864250140.0,2965774391860.0,일반회계,2019,0.0,인사혁신처,0.0,0.0,0.0,726642000.0
손익계정,243506000000.0,243854304640.0,0.0,0.0,193232000.0,-193232000.0,4360661360.0,238853240780.0,조달특별회계,2019,640402500.0,조달청,348304640.0,0.0,0.0,0.0
자본계정,153104000000.0,153104000000.0,0.0,0.0,24000000.0,-24000000.0,17139943940.0,134438533090.0,조달특별회계,2019,1525522970.0,조달청,0.0,0.0,0.0,0.0
세종특별자치시계정,4586000000.0,4586000000.0,0.0,0.0,500000000.0,-500000000.0,0.0,4586000000.0,국가균형발전특별회계,2019,0.0,중소벤처기업부,0.0,0.0,0.0,0.0
제주특별자치도계정,7119000000.0,7119000000.0,0.0,0.0,0.0,0.0,0.0,7119000000.0,국가균형발전특별회계,2019,0.0,중소벤처기업부,0.0,0.0,0.0,0.0
지역자율계정,121897000000.0,122129000000.0,0.0,0.0,0.0,0.0,900000000.0,121069000000.0,국가균형발전특별회계,2019,160000000.0,중소벤처기업부,0.0,232000000.0,0.0,0.0
지역지원계정,308972000000.0,344010000000.0,0.0,0.0,0.0,0.0,179238550.0,319951041450.0,국가균형발전특별회계,2019,23879720000.0,중소벤처기업부,0.0,35038000000.0,0.0,0.0
,4577659000000.0,4624888718820.0,0.0,0.0,4905997000.0,-4905997000.0,7538159230.0,4612754792590.0,일반회계,2019,4595767000.0,중소벤처기업부,3977718820.0,43252000000.0,0.0,0.0
,343571500000.0,348036827330.0,0.0,0.0,687415000.0,-687415000.0,19151585600.0,328718750730.0,일반회계,2019,166491000.0,중앙선거관리위원회,13671330.0,4911656000.0,-460000000.0,0.0
,382482000000.0,383468682000.0,0.0,0.0,7170891000.0,-7170891000.0,13135784870.0,370332897130.0,일반회계,2019,0.0,통계청,0.0,0.0,0.0,986682000.0
,319875000000.0,325962903440.0,0.0,0.0,536876000.0,-536876000.0,9913100060.0,315726801230.0,일반회계,2019,323002150.0,통일부,6087903440.0,0.0,0.0,0.0
손익계정,528675000000.0,528707404000.0,0.0,0.0,207010000.0,-207010000.0,4726603570.0,523980800430.0,특허청,2019,0.0,특허청,0.0,0.0,0.0,32404000.0
자본계정,132875000000.0,132875000000.0,0.0,0.0,0.0,0.0,1401052660.0,131473947340.0,특허청,2019,0.0,특허청,0.0,0.0,0.0,0.0
,1373216500000.0,1389450016180.0,9521000000.0,-9521000000.0,4163517000.0,-4163517000.0,41772356040.0,1335504963170.0,일반회계,2019,12172696970.0,해양경찰청,16233516180.0,0.0,0.0,0.0
항만계정,1452878000000.0,1668084536860.0,0.0,0.0,139628000000.0,-139628000000.0,49361741930.0,1382748761880.0,교통시설특별회계,2019,235974033050.0,해양수산부,215206536860.0,0.0,0.0,0.0
제주특별자치도계정,115465000000.0,115465000000.0,0.0,0.0,0.0,0.0,0.0,103716000000.0,국가균형발전특별회계,2019,11749000000.0,해양수산부,0.0,0.0,0.0,0.0
지역자율계정,234866000000.0,240416000000.0,0.0,0.0,0.0,0.0,404500000.0,240011500000.0,국가균형발전특별회계,2019,0.0,해양수산부,0.0,5550000000.0,0.0,0.0
지역지원계정,46779000000.0,48559000000.0,0.0,0.0,0.0,0.0,0.0,39905200000.0,국가균형발전특별회계,2019,8653800000.0,해양수산부,1780000000.0,0.0,0.0,0.0
구조개선사업계정,740197000000.0,765548994860.0,1022823000.0,-1022823000.0,3867839000.0,-3867839000.0,8017961010.0,742177054580.0,농어촌구조개선특별회계,2019,15353979270.0,해양수산부,25351994860.0,0.0,0.0,0.0
농어촌특별세사업계정,552136000000.0,568137077550.0,0.0,0.0,223000000.0,-223000000.0,5170070900.0,549842131740.0,농어촌구조개선특별회계,2019,13124874910.0,해양수산부,16001077550.0,0.0,0.0,0.0
투자계정,62644000000.0,62644000000.0,0.0,0.0,0.0,0.0,693034730.0,61950965270.0,에너지및자원사업특별회계,2019,0.0,해양수산부,0.0,0.0,0.0,0.0
,2925174000000.0,2976890986240.0,5572000000.0,-5572000000.0,14458521000.0,-14458521000.0,41024040550.0,2916650177970.0,일반회계,2019,19216767720.0,해양수산부,43291231240.0,8425755000.0,0.0,0.0
세종특별자치시계정,8253000000.0,8253000000.0,0.0,0.0,0.0,0.0,0.0,8253000000.0,국가균형발전특별회계,2019,0.0,행정안전부,0.0,0.0,0.0,0.0
제주특별자치도계정,9746000000.0,9746000000.0,0.0,0.0,0.0,0.0,0.0,8525400000.0,국가균형발전특별회계,2019,1220600000.0,행정안전부,0.0,0.0,0.0,0.0
지역자율계정,451942000000.0,451942000000.0,0.0,0.0,0.0,0.0,0.0,451942000000.0,국가균형발전특별회계,2019,0.0,행정안전부,0.0,0.0,0.0,0.0
지역지원계정,210759000000.0,211319000000.0,0.0,0.0,0.0,0.0,3700878780.0,199014621220.0,국가균형발전특별회계,2019,8603500000.0,행정안전부,0.0,560000000.0,0.0,0.0
,55181588000000.0,55917665773690.0,0.0,0.0,6873770000.0,-6873770000.0,236375895490.0,55559810653760.0,일반회계,2019,121479224440.0,행정안전부,118433520690.0,616166248000.0,0.0,1478005000.0
,259904000000.0,259904000000.0,0.0,0.0,0.0,0.0,0.0,259904000000.0,일반회계,2019,0.0,행정중심복합도시건설청,0.0,0.0,0.0,0.0
,299737000000.0,367504563520.0,0.0,0.0,20023815000.0,-20023815000.0,6140336580.0,348426075460.0,행정중심복합도시건설특별회계,2019,12938151480.0,행정중심복합도시건설청,67767563520.0,0.0,0.0,0.0
,47876000000.0,47876000000.0,0.0,0.0,36000000.0,-36000000.0,2429879780.0,43666095530.0,일반회계,2019,1780024690.0,헌법재판소,0.0,0.0,0.0,0.0
세종특별자치시계정,32679000000.0,32679000000.0,0.0,0.0,0.0,0.0,0.0,32679000000.0,국가균형발전특별회계,2019,0.0,환경부,0.0,0.0,0.0,0.0
제주특별자치도계정,37262000000.0,37262000000.0,0.0,0.0,0.0,0.0,0.0,32686500000.0,국가균형발전특별회계,2019,4575500000.0,환경부,0.0,0.0,0.0,0.0
지역자율계정,1034184000000.0,1040738000000.0,0.0,0.0,0.0,0.0,1934000000.0,999061700000.0,국가균형발전특별회계,2019,39742300000.0,환경부,0.0,6554000000.0,0.0,0.0
지역지원계정,51018000000.0,51654365580.0,0.0,0.0,0.0,0.0,712573720.0,50582291860.0,국가균형발전특별회계,2019,359500000.0,환경부,636365580.0,0.0,0.0,0.0
농어촌특별세사업계정,67806000000.0,67806000000.0,0.0,0.0,0.0,0.0,1811000000.0,65995000000.0,농어촌구조개선특별회계,2019,0.0,환경부,0.0,0.0,0.0,0.0
투자계정,949769000000.0,950059190000.0,0.0,0.0,0.0,0.0,12760298010.0,936907724990.0,에너지및자원사업특별회계,2019,391167000.0,환경부,290190000.0,0.0,0.0,0.0
,4639666000000.0,4706591052680.0,0.0,0.0,1252076000.0,-1252076000.0,3797458480.0,4695416450850.0,일반회계,2019,7377143350.0,환경부,6095084680.0,60829968000.0,0.0,0.0
,5807508000000.0,5928549264960.0,10011883000.0,-10011883000.0,47538831000.0,-47538831000.0,110663609200.0,5732627752610.0,환경개선특별회계,2019,85257903150.0,환경부,66531902960.0,54275968000.0,0.0,233394000.0
,0.0,11794323000.0,0.0,0.0,0.0,0.0,2977454530.0,6664376180.0,일반회계,2018,2152492290.0,가습기살균제사건과 4·16세월호참사 특별조사위원회,0.0,11794323000.0,0.0,0.0
,129689781000.0,132323421100.0,0.0,0.0,108000000.0,-108000000.0,6771646100.0,124198771040.0,일반회계,2018,1353003960.0,감사원,2633640100.0,0.0,0.0,0.0
손익계정,71664819000.0,71664819000.0,0.0,0.0,202188000.0,-202188000.0,3891486820.0,67773332180.0,경찰병원,2018,0.0,경찰청,0.0,0.0,0.0,0.0
자본계정,5571000000.0,5571000000.0,0.0,0.0,0.0,0.0,444547960.0,5126452040.0,경찰병원,2018,0.0,경찰청,0.0,0.0,0.0,0.0
,10500637559000.0,10526882349340.0,0.0,0.0,21996529000.0,-21996529000.0,277030936810.0,10232804465010.0,일반회계,2018,17046947520.0,경찰청,16787790340.0,9457000000.0,0.0,0.0
제주특별자치도계정,4027000000.0,4027000000.0,0.0,0.0,0.0,0.0,0.0,4027000000.0,지역발전특별회계,2018,0.0,경찰청,0.0,0.0,0.0,0.0
투자계정,80900000000.0,80900000000.0,0.0,0.0,0.0,0.0,15863690.0,80884136310.0,에너지및자원사업특별회계,2018,0.0,고용노동부,0.0,0.0,0.0,0.0
,6002778160000.0,6008319403750.0,0.0,0.0,51479114000.0,-51479114000.0,456875681460.0,5548854160560.0,일반회계,2018,2589561730.0,고용노동부,5541243750.0,0.0,0.0,0.0
생활기반계정,72608000000.0,72608000000.0,0.0,0.0,0.0,0.0,0.0,72608000000.0,지역발전특별회계,2018,0.0,고용노동부,0.0,0.0,0.0,0.0
세종특별자치시계정,809000000.0,809000000.0,0.0,0.0,0.0,0.0,0.0,809000000.0,지역발전특별회계,2018,0.0,고용노동부,0.0,0.0,0.0,0.0
제주특별자치도계정,9105000000.0,9105000000.0,0.0,0.0,0.0,0.0,0.0,9105000000.0,지역발전특별회계,2018,0.0,고용노동부,0.0,0.0,0.0,0.0
,121444820000.0,124841567960.0,0.0,0.0,488164000.0,-488164000.0,4144819080.0,119613364280.0,일반회계,2018,1083384600.0,공정거래위원회,3219747960.0,177000000.0,0.0,0.0
손익계정,28588942000.0,28714242000.0,0.0,0.0,140800000.0,-140800000.0,712624930.0,28001617070.0,국립과천과학관,2018,0.0,과학기술정보통신부,125300000.0,0.0,0.0,0.0
자본계정,6827000000.0,6953000000.0,0.0,0.0,0.0,0.0,171879720.0,6731470280.0,국립과천과학관,2018,49650000.0,과학기술정보통신부,126000000.0,0.0,0.0,0.0
손익계정,22849519000.0,22849519000.0,0.0,0.0,0.0,0.0,1134932580.0,21714586420.0,국립중앙과학관,2018,0.0,과학기술정보통신부,0.0,0.0,0.0,0.0
자본계정,17434000000.0,23163971800.0,0.0,0.0,0.0,0.0,712162910.0,22451808890.0,국립중앙과학관,2018,0.0,과학기술정보통신부,5729971800.0,0.0,0.0,0.0
투자계정,379050000000.0,379050000000.0,0.0,0.0,0.0,0.0,5672514000.0,373377486000.0,에너지및자원사업특별회계,2018,0.0,과학기술정보통신부,0.0,0.0,0.0,0.0
,992150000000.0,992499915000.0,76400000000.0,-76400000000.0,230000000.0,-230000000.0,291678275160.0,700627713060.0,우체국보험특별회계,2018,193926780.0,과학기술정보통신부,349915000.0,0.0,0.0,0.0
손익계정,3270024000000.0,3270461680000.0,0.0,0.0,0.0,0.0,1096593338530.0,2173675744930.0,우체국예금특별회계,2018,192596540.0,과학기술정보통신부,437680000.0,0.0,0.0,0.0
자본계정,8228000000.0,8228000000.0,0.0,0.0,0.0,0.0,554577910.0,7673422090.0,우체국예금특별회계,2018,0.0,과학기술정보통신부,0.0,0.0,0.0,0.0
손익계정,4493352069000.0,4494876749090.0,63058000000.0,-63058000000.0,79493000000.0,-79493000000.0,647245644070.0,3843505892580.0,우편사업특별회계,2018,4125212440.0,과학기술정보통신부,1524680090.0,0.0,0.0,0.0
자본계정,183542000000.0,194297536060.0,0.0,0.0,0.0,0.0,5556174110.0,155705469330.0,우편사업특별회계,2018,33035892620.0,과학기술정보통신부,10755536060.0,0.0,0.0,0.0
,6410112544000.0,6426934517120.0,1955000000.0,-975412000.0,1843780000.0,-1843780000.0,75903637560.0,6344102159410.0,일반회계,2018,6928720150.0,과학기술정보통신부,10242385120.0,5600000000.0,0.0,0.0
경제발전계정,189439000000.0,191039000000.0,0.0,0.0,0.0,0.0,2754000000.0,185702300000.0,지역발전특별회계,2018,2582700000.0,과학기술정보통신부,0.0,1600000000.0,0.0,0.0
세종특별자치시계정,963000000.0,963000000.0,0.0,0.0,0.0,0.0,0.0,963000000.0,지역발전특별회계,2018,0.0,과학기술정보통신부,0.0,0.0,0.0,0.0
제주특별자치도계정,884000000.0,884000000.0,0.0,0.0,0.0,0.0,0.0,884000000.0,지역발전특별회계,2018,0.0,과학기술정보통신부,0.0,0.0,0.0,0.0
,539007273000.0,540168443200.0,1000000000.0,-1000000000.0,1134484000.0,-1134484000.0,33398293350.0,504971210460.0,일반회계,2018,1798939390.0,관세청,1161170200.0,0.0,0.0,0.0
,3892717000000.0,3892717000000.0,0.0,0.0,0.0,0.0,0.0,3892717000000.0,유아교육지원특별회계,2018,0.0,교육부,0.0,0.0,0.0,0.0
,64027248485000.0,64084403064650.0,1756881000.0,-1756881000.0,466308777000.0,-466308777000.0,109466866640.0,63970107713790.0,일반회계,2018,4828484220.0,교육부,13024052650.0,33816000000.0,0.0,10314527000.0
경제발전계정,791562000000.0,791562000000.0,0.0,0.0,0.0,0.0,3167000000.0,765636000000.0,지역발전특별회계,2018,22759000000.0,교육부,0.0,0.0,0.0,0.0
투자계정,21715000000.0,21715000000.0,0.0,0.0,0.0,0.0,661014100.0,21053985900.0,에너지및자원사업특별회계,2018,0.0,국가보훈처,0.0,0.0,0.0,0.0
,5318614556000.0,5327333450990.0,1350000000.0,-3092000000.0,15859793000.0,-15859793000.0,125299664580.0,5196450774210.0,일반회계,2018,5583012200.0,국가보훈처,10460894990.0,0.0,0.0,0.0
제주특별자치도계정,1904000000.0,1904000000.0,0.0,0.0,0.0,0.0,0.0,1904000000.0,지역발전특별회계,2018,0.0,국가보훈처,0.0,0.0,0.0,0.0
,31411697000.0,31766697000.0,0.0,0.0,322200000.0,-322200000.0,1409940260.0,30084556740.0,일반회계,2018,272200000.0,국가인권위원회,355000000.0,0.0,0.0,0.0
,463053970000.0,468537111040.0,0.0,0.0,0.0,0.0,25825984390.0,435491719670.0,일반회계,2018,7219406980.0,국가정보원,5483141040.0,0.0,0.0,0.0
투자계정,15836500000.0,10966500000.0,0.0,-5188700000.0,0.0,0.0,296000000.0,10670500000.0,에너지및자원사업특별회계,2018,0.0,국무조정실 및 국무총리비서실,318700000.0,0.0,0.0,0.0
,546050248000.0,544661837000.0,0.0,-2313388000.0,222732000.0,-222732000.0,14145505860.0,530309039140.0,일반회계,2018,207292000.0,국무조정실 및 국무총리비서실,150743000.0,774234000.0,0.0,0.0
,76821274000.0,76821274000.0,0.0,0.0,293799000.0,-293799000.0,1303243530.0,75518030470.0,일반회계,2018,0.0,국민권익위원회,0.0,0.0,0.0,0.0
,567384000000.0,601869128720.0,0.0,0.0,212642000.0,-212642000.0,16610675660.0,448112376530.0,국방·군사시설이전특별회계,2018,137146076530.0,국방부,34485128720.0,0.0,0.0,0.0
,29637827477000.0,30150298113170.0,43776328000.0,-43776328000.0,173195756800.0,-173195756800.0,437304206950.0,29220828619360.0,일반회계,2018,492165286860.0,국방부,510323984170.0,2146652000.0,0.0,0.0
,564081000000.0,649087736870.0,0.0,0.0,18567000.0,-18567000.0,42943134010.0,542197310230.0,주한미군기지이전특별회계,2018,63947292630.0,국방부,85006736870.0,0.0,0.0,0.0
,1678045386000.0,1678196924000.0,8248300000.0,-8248300000.0,2229186000.0,-2229186000.0,39364452900.0,1638832471100.0,일반회계,2018,0.0,국세청,151538000.0,0.0,0.0,0.0
공항계정,724418000000.0,774498818220.0,0.0,0.0,1364550000.0,-1364550000.0,44237159330.0,684261972850.0,교통시설특별회계,2018,45999686040.0,국토교통부,50080818220.0,0.0,0.0,0.0
교통체계관리계정,476874000000.0,477016927000.0,0.0,0.0,0.0,0.0,7996271240.0,468344155760.0,교통시설특별회계,2018,676500000.0,국토교통부,142927000.0,0.0,0.0,0.0
도로계정,12071671000000.0,12547553666570.0,0.0,0.0,282735773000.0,-282735773000.0,51312253480.0,12236265513100.0,교통시설특별회계,2018,259975899990.0,국토교통부,410782666570.0,65100000000.0,0.0,0.0
철도계정,3562398000000.0,3572494000000.0,0.0,0.0,21944000000.0,-21944000000.0,3014250070.0,3569371949930.0,교통시설특별회계,2018,107800000.0,국토교통부,96000000.0,10000000000.0,0.0,0.0
투자계정,16268000000.0,14586200000.0,0.0,-1857000000.0,0.0,0.0,212150680.0,14374049320.0,에너지및자원사업특별회계,2018,0.0,국토교통부,175200000.0,0.0,0.0,0.0
,20698924452000.0,20672982563340.0,15659309000.0,-159414693340.0,54870467000.0,-54870467000.0,52675958220.0,20574043421630.0,일반회계,2018,46263183490.0,국토교통부,41885227680.0,75885000000.0,0.0,43268000.0
경제발전계정,1652097000000.0,1743279724630.0,1348000000.0,-1348000000.0,41451909000.0,-41451909000.0,75882196930.0,1416634276790.0,지역발전특별회계,2018,250763250910.0,국토교통부,91182724630.0,0.0,0.0,0.0
생활기반계정,1151445000000.0,1135582000000.0,0.0,-16648000000.0,0.0,0.0,1594195000.0,1133987805000.0,지역발전특별회계,2018,0.0,국토교통부,0.0,785000000.0,0.0,0.0
세종특별자치시계정,15329000000.0,19839760840.0,0.0,0.0,2300000000.0,-2300000000.0,131330570.0,19173281420.0,지역발전특별회계,2018,535148850.0,국토교통부,4510760840.0,0.0,0.0,0.0
제주특별자치도계정,60431000000.0,60431000000.0,0.0,0.0,0.0,0.0,0.0,60431000000.0,지역발전특별회계,2018,0.0,국토교통부,0.0,0.0,0.0,0.0
,243622000000.0,243622000000.0,0.0,0.0,0.0,0.0,663619240.0,242859017130.0,혁신도시건설특별회계,2018,99363630.0,국토교통부,0.0,0.0,0.0,0.0
,605160545000.0,612011759090.0,0.0,0.0,1409368000.0,-1409368000.0,42696885430.0,561470199830.0,일반회계,2018,7844673830.0,국회,6851214090.0,1300000000.0,-1300000000.0,0.0
,2446905812000.0,2446956949300.0,0.0,0.0,88498000.0,-88498000.0,2751879250.0,2443967800960.0,일반회계,2018,237269090.0,금융위원회,51137300.0,0.0,0.0,0.0
,397898609000.0,406055413960.0,269699000.0,-269699000.0,2130436000.0,-2130436000.0,9988404840.0,384727803570.0,일반회계,2018,11339205550.0,기상청,8156804960.0,0.0,0.0,0.0
투자계정,941000000.0,0.0,0.0,-941000000.0,0.0,0.0,0.0,0.0,에너지및자원사업특별회계,2018,0.0,기획재정부,0.0,0.0,0.0,0.0
,15418138912000.0,13906722846200.0,0.0,-1955000000.0,3046670000.0,-3046670000.0,1586204068420.0,12314240070460.0,일반회계,2018,6278707320.0,기획재정부,19230358200.0,592746253000.0,-2121437677000.0,0.0
구조개선사업계정,4531859000000.0,5688060302200.0,26679000000.0,-26679000000.0,45549466000.0,-45549466000.0,537542486430.0,4946704956770.0,농어촌구조개선특별회계,2018,203812859000.0,농림축산식품부,1044518489200.0,111682813000.0,0.0,0.0
농어촌특별세사업계정,4020179000000.0,4556096339520.0,0.0,0.0,1965358000.0,-1965358000.0,508470133340.0,4040109666380.0,농어촌구조개선특별회계,2018,7516539800.0,농림축산식품부,517452339520.0,18465000000.0,0.0,0.0
손익계정,1758255000000.0,1758255000000.0,0.0,0.0,14529543000.0,-14529543000.0,102551120.0,1758152448880.0,양곡관리특별회계,2018,0.0,농림축산식품부,0.0,0.0,0.0,0.0
융자계정,11365000000.0,11365000000.0,0.0,0.0,0.0,0.0,775053000.0,10589947000.0,에너지및자원사업특별회계,2018,0.0,농림축산식품부,0.0,0.0,0.0,0.0
투자계정,33953000000.0,32753000000.0,0.0,-1200000000.0,0.0,0.0,3895468000.0,28857532000.0,에너지및자원사업특별회계,2018,0.0,농림축산식품부,0.0,0.0,0.0,0.0
,6116794123000.0,6268905965420.0,0.0,0.0,4859935000.0,-4859935000.0,24033146160.0,6235555823760.0,일반회계,2018,9316995500.0,농림축산식품부,21584229420.0,130447813000.0,0.0,79800000.0
경제발전계정,6277000000.0,6277000000.0,0.0,0.0,0.0,0.0,500000.0,6237000000.0,지역발전특별회계,2018,39500000.0,농림축산식품부,0.0,0.0,0.0,0.0
생활기반계정,1287368000000.0,1550932000000.0,0.0,0.0,0.0,0.0,729992000.0,1315117600000.0,지역발전특별회계,2018,235084408000.0,농림축산식품부,263264000000.0,300000000.0,0.0,0.0
세종특별자치시계정,8693000000.0,8693000000.0,0.0,0.0,0.0,0.0,0.0,8693000000.0,지역발전특별회계,2018,0.0,농림축산식품부,0.0,0.0,0.0,0.0
제주특별자치도계정,42107000000.0,42107000000.0,0.0,0.0,0.0,0.0,0.0,42107000000.0,지역발전특별회계,2018,0.0,농림축산식품부,0.0,0.0,0.0,0.0
구조개선사업계정,41529000000.0,41532034600.0,0.0,0.0,20000000.0,-20000000.0,1099888960.0,40432145640.0,농어촌구조개선특별회계,2018,0.0,농촌진흥청,3034600.0,0.0,0.0,0.0
,797779676000.0,837097538750.0,18673657000.0,-18673657000.0,8069706000.0,-8069706000.0,2213508770.0,820476921600.0,일반회계,2018,14407108380.0,농촌진흥청,39317862750.0,0.0,0.0,0.0
경제발전계정,35238000000.0,35238000000.0,0.0,0.0,0.0,0.0,27895050.0,35210104950.0,지역발전특별회계,2018,0.0,농촌진흥청,0.0,0.0,0.0,0.0
생활기반계정,57620000000.0,57620000000.0,0.0,0.0,0.0,0.0,0.0,57620000000.0,지역발전특별회계,2018,0.0,농촌진흥청,0.0,0.0,0.0,0.0
세종특별자치시계정,450000000.0,450000000.0,0.0,0.0,0.0,0.0,0.0,450000000.0,지역발전특별회계,2018,0.0,농촌진흥청,0.0,0.0,0.0,0.0
제주특별자치도계정,6157000000.0,6157000000.0,0.0,0.0,0.0,0.0,0.0,6157000000.0,지역발전특별회계,2018,0.0,농촌진흥청,0.0,0.0,0.0,0.0
,364273685000.0,375150689980.0,0.0,0.0,679074000.0,-679074000.0,131332162910.0,242065172390.0,등기특별회계,2018,1753354680.0,대법원,10877004980.0,0.0,0.0,0.0
,1552423824000.0,1559549652060.0,0.0,0.0,6710444000.0,-6710444000.0,19784037020.0,1539307601670.0,일반회계,2018,458013370.0,대법원,6145828060.0,1280000000.0,-300000000.0,0.0
,89485107000.0,90925693800.0,0.0,0.0,0.0,0.0,11096836050.0,79702077940.0,일반회계,2018,126779810.0,대통령경호처,1440586800.0,0.0,0.0,0.0
,89868155000.0,89868155000.0,0.0,0.0,217000000.0,-217000000.0,3666976610.0,86201178390.0,일반회계,2018,0.0,대통령비서실 및 국가안보실,0.0,0.0,0.0,0.0
,659382238000.0,669810143200.0,45000000.0,-45000000.0,1725876000.0,-1725876000.0,12294369550.0,646317742150.0,일반회계,2018,11198031500.0,문화재청,10427905200.0,0.0,0.0,0.0
경제발전계정,500000000.0,500000000.0,0.0,0.0,0.0,0.0,0.0,0.0,지역발전특별회계,2018,500000000.0,문화재청,0.0,0.0,0.0,0.0
생활기반계정,27197000000.0,27197000000.0,0.0,0.0,0.0,0.0,0.0,27197000000.0,지역발전특별회계,2018,0.0,문화재청,0.0,0.0,0.0,0.0
,71809511000.0,72607614680.0,0.0,0.0,2275517000.0,-2275517000.0,2829978260.0,67096385640.0,아시아문화중심도시조성특별회계,2018,2681250780.0,문화체육관광부,798103680.0,0.0,0.0,0.0
,2182200877000.0,2246335000560.0,650339000.0,-650339000.0,5988206000.0,-5988206000.0,73918778130.0,2109889004690.0,일반회계,2018,62527217740.0,문화체육관광부,49970563560.0,14163560000.0,0.0,0.0
경제발전계정,173113000000.0,173113000000.0,0.0,0.0,0.0,0.0,4844000000.0,166769000000.0,지역발전특별회계,2018,1500000000.0,문화체육관광부,0.0,0.0,0.0,0.0
생활기반계정,578599000000.0,585457000000.0,0.0,0.0,0.0,0.0,10594995000.0,551862005000.0,지역발전특별회계,2018,23000000000.0,문화체육관광부,0.0,6858000000.0,0.0,0.0
세종특별자치시계정,7374000000.0,7374000000.0,0.0,0.0,0.0,0.0,0.0,7374000000.0,지역발전특별회계,2018,0.0,문화체육관광부,0.0,0.0,0.0,0.0
제주특별자치도계정,17894000000.0,17894000000.0,0.0,0.0,0.0,0.0,0.0,17894000000.0,지역발전특별회계,2018,0.0,문화체육관광부,0.0,0.0,0.0,0.0
,29978083000.0,29978083000.0,0.0,0.0,194782000.0,-194782000.0,167154500.0,29810928500.0,일반회계,2018,0.0,민주평화통일자문회의,0.0,0.0,0.0,0.0
,55449612000.0,56425024000.0,975412000.0,0.0,154531000.0,-154531000.0,817095810.0,55607928190.0,일반회계,2018,0.0,방송통신위원회,0.0,0.0,0.0,0.0
,13520291991000.0,14379550027700.0,17041085030.0,-17041085030.0,169947432900.0,-169947432900.0,286965172340.0,13499323446600.0,일반회계,2018,593261408760.0,방위사업청,859258036700.0,0.0,0.0,0.0
,129925000000.0,129925000000.0,0.0,0.0,1150000000.0,-1150000000.0,19702583300.0,110222416700.0,교도작업특별회계,2018,0.0,법무부,0.0,0.0,0.0,0.0
,3554610178000.0,3783776089210.0,27078584000.0,-27078584000.0,8983578000.0,-8983578000.0,92463933300.0,3677869732510.0,일반회계,2018,13442423400.0,법무부,1217441210.0,227596834000.0,0.0,351636000.0
,33257822000.0,33257822000.0,0.0,0.0,145252000.0,-145252000.0,720881180.0,32536940820.0,일반회계,2018,0.0,법제처,0.0,0.0,0.0,0.0
,221647599000.0,221647599000.0,0.0,0.0,140773000.0,-140773000.0,6533642230.0,215089431890.0,일반회계,2018,24524880.0,병무청,0.0,0.0,0.0,0.0
손익계정,14403580000.0,14542230000.0,0.0,0.0,43582000.0,-43582000.0,673734500.0,13868495500.0,국립공주병원,2018,0.0,보건복지부,0.0,0.0,0.0,138650000.0
자본계정,1911000000.0,1911000000.0,0.0,0.0,0.0,0.0,78685380.0,1832314620.0,국립공주병원,2018,0.0,보건복지부,0.0,0.0,0.0,0.0
손익계정,20118762000.0,20355450000.0,0.0,0.0,23000000.0,-23000000.0,2106956040.0,18248493960.0,국립나주병원,2018,0.0,보건복지부,0.0,0.0,0.0,236688000.0
자본계정,1476000000.0,1476000000.0,0.0,0.0,0.0,0.0,51967350.0,902746760.0,국립나주병원,2018,521285890.0,보건복지부,0.0,0.0,0.0,0.0
손익계정,13377397000.0,13456816540.0,0.0,0.0,34661000.0,-34661000.0,1286098400.0,12170718140.0,국립마산병원,2018,0.0,보건복지부,919540.0,0.0,0.0,78500000.0
자본계정,6463000000.0,8937929710.0,0.0,0.0,0.0,0.0,2895548210.0,6042381500.0,국립마산병원,2018,0.0,보건복지부,2474929710.0,0.0,0.0,0.0
손익계정,9499486000.0,9499486000.0,11620000.0,-11620000.0,20494000.0,-20494000.0,881066190.0,8618419810.0,국립목포병원,2018,0.0,보건복지부,0.0,0.0,0.0,0.0
자본계정,2007000000.0,2007000000.0,0.0,0.0,0.0,0.0,207367390.0,1799632610.0,국립목포병원,2018,0.0,보건복지부,0.0,0.0,0.0,0.0
손익계정,18965965000.0,19013425000.0,0.0,0.0,332600000.0,-332600000.0,2279138250.0,16734286750.0,국립부곡병원,2018,0.0,보건복지부,0.0,0.0,0.0,47460000.0
자본계정,1668000000.0,1668000000.0,0.0,0.0,25850000.0,-25850000.0,4611220.0,1318979080.0,국립부곡병원,2018,344409700.0,보건복지부,0.0,0.0,0.0,0.0
손익계정,41821300000.0,42432576000.0,262000000.0,-262000000.0,1076570000.0,-1076570000.0,1093279850.0,41278346150.0,국립재활원,2018,60950000.0,보건복지부,170626000.0,0.0,0.0,440650000.0
자본계정,6417000000.0,6830054590.0,0.0,0.0,0.0,0.0,79258200.0,2222016580.0,국립재활원,2018,4528779810.0,보건복지부,413054590.0,0.0,0.0,0.0
손익계정,38778304000.0,46155413190.0,0.0,0.0,548600000.0,-548600000.0,1733171360.0,43588664440.0,국립정신건강센터,2018,833577390.0,보건복지부,1117662190.0,0.0,0.0,6259447000.0
자본계정,1618000000.0,2186500000.0,0.0,0.0,0.0,0.0,95711840.0,2090788160.0,국립정신건강센터,2018,0.0,보건복지부,568500000.0,0.0,0.0,0.0
손익계정,13756602000.0,13764102000.0,0.0,0.0,92230000.0,-92230000.0,1478251830.0,12285850170.0,국립춘천병원,2018,0.0,보건복지부,3500000.0,0.0,0.0,4000000.0
자본계정,1331000000.0,1331000000.0,0.0,0.0,0.0,0.0,127314790.0,1073845210.0,국립춘천병원,2018,129840000.0,보건복지부,0.0,0.0,0.0,0.0
농어촌특별세사업계정,33304000000.0,33304000000.0,0.0,0.0,0.0,0.0,0.0,33304000000.0,농어촌구조개선특별회계,2018,0.0,보건복지부,0.0,0.0,0.0,0.0
,37609146695000.0,38046852408670.0,11666906000.0,-11666906000.0,178594765000.0,-178594765000.0,59243568180.0,37953467752850.0,일반회계,2018,34141087640.0,보건복지부,21726713670.0,415979000000.0,0.0,0.0
경제발전계정,42634000000.0,42634000000.0,0.0,0.0,30000000.0,-30000000.0,48256700.0,42585743300.0,지역발전특별회계,2018,0.0,보건복지부,0.0,0.0,0.0,0.0
생활기반계정,226999000000.0,226999000000.0,0.0,0.0,0.0,0.0,0.0,226999000000.0,지역발전특별회계,2018,0.0,보건복지부,0.0,0.0,0.0,0.0
세종특별자치시계정,1579000000.0,1579000000.0,0.0,0.0,0.0,0.0,0.0,1579000000.0,지역발전특별회계,2018,0.0,보건복지부,0.0,0.0,0.0,0.0
제주특별자치도계정,7530000000.0,7530000000.0,0.0,0.0,0.0,0.0,0.0,7530000000.0,지역발전특별회계,2018,0.0,보건복지부,0.0,0.0,0.0,0.0
손익계정,29452967000.0,29452967000.0,0.0,0.0,0.0,0.0,1282029670.0,28170937330.0,국립자연휴양림관리소,2018,0.0,산림청,0.0,0.0,0.0,0.0
자본계정,25809000000.0,28778756550.0,0.0,0.0,0.0,0.0,411602750.0,27358170400.0,국립자연휴양림관리소,2018,1008983400.0,산림청,2386756550.0,583000000.0,0.0,0.0
임업진흥사업계정,814580000000.0,817977290000.0,0.0,0.0,8660785000.0,-8660785000.0,5480418800.0,812240726200.0,농어촌구조개선특별회계,2018,256145000.0,산림청,7290000.0,3390000000.0,0.0,0.0
,1589919509000.0,1619258551360.0,0.0,0.0,445271000.0,-445271000.0,22133990130.0,1580578307140.0,일반회계,2018,16546254090.0,산림청,21168042360.0,8171000000.0,0.0,0.0
경제발전계정,75998000000.0,75998000000.0,0.0,0.0,0.0,0.0,3157941580.0,72070723290.0,지역발전특별회계,2018,769335130.0,산림청,0.0,0.0,0.0,0.0
생활기반계정,267579000000.0,268529000000.0,0.0,0.0,0.0,0.0,500000000.0,268029000000.0,지역발전특별회계,2018,0.0,산림청,0.0,950000000.0,0.0,0.0
세종특별자치시계정,751000000.0,751000000.0,0.0,0.0,0.0,0.0,0.0,751000000.0,지역발전특별회계,2018,0.0,산림청,0.0,0.0,0.0,0.0
제주특별자치도계정,4883000000.0,4883000000.0,0.0,0.0,0.0,0.0,0.0,4883000000.0,지역발전특별회계,2018,0.0,산림청,0.0,0.0,0.0,0.0
융자계정,907106000000.0,907106000000.0,0.0,0.0,0.0,0.0,214923025420.0,692182974580.0,에너지및자원사업특별회계,2018,0.0,산업통상자원부,0.0,0.0,0.0,0.0
투자계정,3333790000000.0,3367967028980.0,0.0,-3335000000.0,0.0,0.0,326675099800.0,3040409457330.0,에너지및자원사업특별회계,2018,882471850.0,산업통상자원부,1842777980.0,35669251000.0,0.0,0.0
,3008225454000.0,3174492356850.0,0.0,0.0,5225880000.0,-5225880000.0,5211965020.0,3160034807180.0,일반회계,2018,9245584650.0,산업통상자원부,2084157850.0,164182745000.0,0.0,0.0
경제발전계정,747314000000.0,750039818270.0,0.0,0.0,2500000000.0,-2500000000.0,22276758800.0,717613483470.0,지역발전특별회계,2018,10149576000.0,산업통상자원부,21818270.0,2704000000.0,0.0,0.0
생활기반계정,90653000000.0,90653000000.0,0.0,0.0,0.0,0.0,0.0,90653000000.0,지역발전특별회계,2018,0.0,산업통상자원부,0.0,0.0,0.0,0.0
세종특별자치시계정,18200000000.0,18200000000.0,0.0,0.0,0.0,0.0,8785126000.0,9414874000.0,지역발전특별회계,2018,0.0,산업통상자원부,0.0,0.0,0.0,0.0
제주특별자치도계정,337000000.0,337000000.0,0.0,0.0,0.0,0.0,0.0,337000000.0,지역발전특별회계,2018,0.0,산업통상자원부,0.0,0.0,0.0,0.0
,277247407000.0,281639161010.0,0.0,0.0,689177000.0,-689177000.0,1909694600.0,265105530590.0,일반회계,2018,14623935820.0,새만금개발청,2551754010.0,1840000000.0,0.0,0.0
경제발전계정,699000000.0,699000000.0,0.0,0.0,0.0,0.0,0.0,699000000.0,지역발전특별회계,2018,0.0,새만금개발청,0.0,0.0,0.0,0.0
생활기반계정,2507000000.0,2507000000.0,0.0,0.0,0.0,0.0,0.0,2507000000.0,지역발전특별회계,2018,0.0,새만금개발청,0.0,0.0,0.0,0.0
,0.0,26653962930.0,0.0,0.0,52000000.0,-52000000.0,1405732090.0,25248230840.0,일반회계,2018,0.0,세월호선체조사위원회,22024962930.0,4629000000.0,0.0,0.0
,168809117000.0,201545160610.0,0.0,0.0,2750227000.0,-2750227000.0,6601722430.0,181065691310.0,일반회계,2018,13877746870.0,소방청,16965281610.0,15770762000.0,0.0,0.0
구조개선사업계정,2531000000.0,2561293250.0,0.0,0.0,0.0,0.0,100695880.0,2460597370.0,농어촌구조개선특별회계,2018,0.0,식품의약품안전처,30293250.0,0.0,0.0,0.0
,467218806000.0,472146999500.0,0.0,0.0,2205507000.0,-2205507000.0,14334771900.0,454589169470.0,일반회계,2018,3223058130.0,식품의약품안전처,4888193500.0,0.0,0.0,40000000.0
경제발전계정,4580000000.0,4580000000.0,0.0,0.0,0.0,0.0,0.0,4580000000.0,지역발전특별회계,2018,0.0,식품의약품안전처,0.0,0.0,0.0,0.0
제주특별자치도계정,136000000.0,136000000.0,0.0,0.0,0.0,0.0,0.0,136000000.0,지역발전특별회계,2018,0.0,식품의약품안전처,0.0,0.0,0.0,0.0
,327254109000.0,339212014230.0,0.0,0.0,168645000.0,-168645000.0,8855642880.0,328484325660.0,일반회계,2018,1872045690.0,여성가족부,1657905230.0,10300000000.0,0.0,0.0
생활기반계정,80117000000.0,80117000000.0,0.0,0.0,0.0,0.0,0.0,80117000000.0,지역발전특별회계,2018,0.0,여성가족부,0.0,0.0,0.0,0.0
세종특별자치시계정,5682000000.0,5682000000.0,0.0,0.0,0.0,0.0,0.0,5682000000.0,지역발전특별회계,2018,0.0,여성가족부,0.0,0.0,0.0,0.0
제주특별자치도계정,2132000000.0,2132000000.0,0.0,0.0,0.0,0.0,0.0,2132000000.0,지역발전특별회계,2018,0.0,여성가족부,0.0,0.0,0.0,0.0
,2278737861000.0,2305080954150.0,0.0,0.0,7681082000.0,-7681082000.0,111245396250.0,2186489786290.0,일반회계,2018,7345771610.0,외교부,1381093150.0,11714000000.0,0.0,13248000000.0
,99114061000.0,99160976000.0,0.0,0.0,75000000.0,-75000000.0,806951700.0,98334664300.0,일반회계,2018,19360000.0,원자력안전위원회,46915000.0,0.0,0.0,0.0
,3634375775000.0,3635101649410.0,0.0,0.0,513973000.0,-513973000.0,6791551750.0,3628310097660.0,일반회계,2018,0.0,인사혁신처,187848410.0,0.0,0.0,538026000.0
,11689000000.0,15239693810.0,0.0,0.0,0.0,0.0,4317560.0,15235376250.0,혁신도시건설특별회계,2018,0.0,인사혁신처,3550693810.0,0.0,0.0,0.0
손익계정,224891230000.0,225464105330.0,0.0,0.0,1445027000.0,-1445027000.0,3599521900.0,221516278790.0,조달특별회계,2018,348304640.0,조달청,572875330.0,0.0,0.0,0.0
자본계정,117144000000.0,117196455330.0,0.0,0.0,0.0,0.0,427445990.0,116769009340.0,조달특별회계,2018,0.0,조달청,52455330.0,0.0,0.0,0.0
,3792806614000.0,3922605338160.0,0.0,0.0,1580844000.0,-1580844000.0,5202261100.0,3913425358240.0,일반회계,2018,3977718820.0,중소벤처기업부,349724160.0,129449000000.0,0.0,0.0
경제발전계정,385786000000.0,385786000000.0,0.0,0.0,0.0,0.0,8758410.0,385777241590.0,지역발전특별회계,2018,0.0,중소벤처기업부,0.0,0.0,0.0,0.0
생활기반계정,79877000000.0,81198000000.0,0.0,0.0,0.0,0.0,1437000000.0,79761000000.0,지역발전특별회계,2018,0.0,중소벤처기업부,0.0,1321000000.0,0.0,0.0
세종특별자치시계정,120000000.0,120000000.0,0.0,0.0,0.0,0.0,0.0,120000000.0,지역발전특별회계,2018,0.0,중소벤처기업부,0.0,0.0,0.0,0.0
제주특별자치도계정,5403000000.0,5403000000.0,0.0,0.0,0.0,0.0,0.0,5403000000.0,지역발전특별회계,2018,0.0,중소벤처기업부,0.0,0.0,0.0,0.0
,406722565000.0,413611773000.0,35414000.0,-35414000.0,1391827000.0,-1391827000.0,28551752330.0,385046349340.0,일반회계,2018,13671330.0,중앙선거관리위원회,199220000.0,7149988000.0,-460000000.0,0.0
,299568867000.0,302630377000.0,0.0,0.0,1602411000.0,-1602411000.0,11487230470.0,291143146530.0,일반회계,2018,0.0,통계청,0.0,0.0,0.0,3061510000.0
,307497966000.0,323818443810.0,0.0,0.0,2914187000.0,-2914187000.0,46350309750.0,271380230620.0,일반회계,2018,6087903440.0,통일부,8209702810.0,8110775000.0,0.0,0.0
손익계정,539827995000.0,539890995000.0,0.0,0.0,195532000.0,-195532000.0,10348247150.0,529542747850.0,특허청,2018,0.0,특허청,0.0,0.0,0.0,63000000.0
자본계정,162450000000.0,162450000000.0,0.0,0.0,0.0,0.0,908353680.0,161541646320.0,특허청,2018,0.0,특허청,0.0,0.0,0.0,0.0
,1268743740000.0,1304482470910.0,0.0,0.0,5683990000.0,-5683990000.0,27945716450.0,1260303238280.0,일반회계,2018,16233516180.0,해양경찰청,24140188910.0,11598542000.0,0.0,0.0
항만계정,1411675000000.0,1641709606140.0,0.0,0.0,92024100000.0,-92024100000.0,69409675660.0,1357093393620.0,교통시설특별회계,2018,215206536860.0,해양수산부,230034606140.0,0.0,0.0,0.0
구조개선사업계정,731374000000.0,763972935220.0,0.0,0.0,9656949000.0,-9656949000.0,7130757500.0,731490182860.0,농어촌구조개선특별회계,2018,25351994860.0,해양수산부,25409935220.0,7189000000.0,0.0,0.0
농어촌특별세사업계정,326108000000.0,344802031980.0,0.0,0.0,394074000.0,-394074000.0,4490188550.0,324310765880.0,농어촌구조개선특별회계,2018,16001077550.0,해양수산부,13494031980.0,5200000000.0,0.0,0.0
투자계정,73127000000.0,73127000000.0,0.0,0.0,0.0,0.0,1690.0,73126998310.0,에너지및자원사업특별회계,2018,0.0,해양수산부,0.0,0.0,0.0,0.0
,2550902859000.0,2674762413640.0,4212000000.0,-4212000000.0,7572875000.0,-7572875000.0,40991241790.0,2590479940610.0,일반회계,2018,43291231240.0,해양수산부,85700905640.0,38158649000.0,0.0,0.0
경제발전계정,47464000000.0,47464000000.0,0.0,0.0,0.0,0.0,0.0,45684000000.0,지역발전특별회계,2018,1780000000.0,해양수산부,0.0,0.0,0.0,0.0
생활기반계정,245889000000.0,252014000000.0,0.0,0.0,0.0,0.0,9000000.0,252005000000.0,지역발전특별회계,2018,0.0,해양수산부,0.0,6125000000.0,0.0,0.0
제주특별자치도계정,109166000000.0,109166000000.0,0.0,0.0,0.0,0.0,0.0,109166000000.0,지역발전특별회계,2018,0.0,해양수산부,0.0,0.0,0.0,0.0
,48211854778000.0,48405442788950.0,9155611000.0,-7413611000.0,20113330000.0,-20113330000.0,60564925860.0,48226444342400.0,일반회계,2018,118433520690.0,행정안전부,16135463950.0,174738547000.0,0.0,972000000.0
경제발전계정,106584000000.0,106834000000.0,0.0,0.0,0.0,0.0,17577340.0,106816422660.0,지역발전특별회계,2018,0.0,행정안전부,0.0,250000000.0,0.0,0.0
생활기반계정,421094000000.0,422044000000.0,0.0,0.0,0.0,0.0,0.0,422044000000.0,지역발전특별회계,2018,0.0,행정안전부,0.0,950000000.0,0.0,0.0
세종특별자치시계정,8833000000.0,8833000000.0,0.0,0.0,0.0,0.0,0.0,8833000000.0,지역발전특별회계,2018,0.0,행정안전부,0.0,0.0,0.0,0.0
제주특별자치도계정,9523000000.0,9523000000.0,0.0,0.0,0.0,0.0,0.0,9523000000.0,지역발전특별회계,2018,0.0,행정안전부,0.0,0.0,0.0,0.0
,272945000000.0,272945000000.0,0.0,0.0,0.0,0.0,0.0,272945000000.0,일반회계,2018,0.0,행정중심복합도시건설청,0.0,0.0,0.0,0.0
,290943613000.0,350867054510.0,3894000000.0,-3894000000.0,7237000000.0,-7237000000.0,9715908830.0,273383582160.0,행정중심복합도시건설특별회계,2018,67767563520.0,행정중심복합도시건설청,59923441510.0,0.0,0.0,0.0
,45444868000.0,45444868000.0,0.0,0.0,102500000.0,-102500000.0,2837119000.0,42607749000.0,일반회계,2018,0.0,헌법재판소,0.0,0.0,0.0,0.0
농어촌특별세사업계정,84177000000.0,84177000000.0,0.0,0.0,0.0,0.0,0.0,84177000000.0,농어촌구조개선특별회계,2018,0.0,환경부,0.0,0.0,0.0,0.0
투자계정,543155000000.0,555834560000.0,12521700000.0,0.0,200000000.0,-200000000.0,1391055300.0,554153314700.0,에너지및자원사업특별회계,2018,290190000.0,환경부,157860000.0,0.0,0.0,0.0
,3396344000000.0,3556933772340.0,146068772340.0,0.0,394000000.0,-394000000.0,5308317200.0,3545530370460.0,일반회계,2018,6095084680.0,환경부,0.0,14521000000.0,0.0,0.0
경제발전계정,23757000000.0,31448843950.0,0.0,0.0,0.0,0.0,1750.0,30812476620.0,지역발전특별회계,2018,636365580.0,환경부,7691843950.0,0.0,0.0,0.0
생활기반계정,674551000000.0,695732000000.0,16648000000.0,0.0,0.0,0.0,6780000000.0,688952000000.0,지역발전특별회계,2018,0.0,환경부,0.0,4533000000.0,0.0,0.0
세종특별자치시계정,31645000000.0,31645000000.0,0.0,0.0,0.0,0.0,0.0,31645000000.0,지역발전특별회계,2018,0.0,환경부,0.0,0.0,0.0,0.0
제주특별자치도계정,40233000000.0,40233000000.0,0.0,0.0,0.0,0.0,0.0,40233000000.0,지역발전특별회계,2018,0.0,환경부,0.0,0.0,0.0,0.0
,4793967025000.0,4912060254930.0,4597835000.0,-4597835000.0,14177750000.0,-14177750000.0,75903260190.0,4769625091780.0,환경개선특별회계,2018,66531902960.0,환경부,107889782930.0,9988000000.0,0.0,215447000.0
,125186906000.0,126209249200.0,0.0,0.0,780000000.0,-780000000.0,2639401380.0,120936207720.0,일반회계,2017,2633640100.0,감사원,1022343200.0,0.0,0.0,0.0
손익계정,70597729000.0,70649835120.0,0.0,0.0,789935000.0,-789935000.0,3638766270.0,67011068850.0,경찰병원,2017,0.0,경찰청,52106120.0,0.0,0.0,0.0
자본계정,2641000000.0,2641000000.0,0.0,0.0,0.0,0.0,541552990.0,2099447010.0,경찰병원,2017,0.0,경찰청,0.0,0.0,0.0,0.0
,10092871318000.0,10105312497010.0,0.0,-6202674000.0,10406993000.0,-10406993000.0,161222549500.0,9927302157170.0,일반회계,2017,16787790340.0,경찰청,16515017010.0,2128836000.0,0.0,0.0
제주특별자치도계정,3834000000.0,3834000000.0,0.0,0.0,0.0,0.0,0.0,3834000000.0,지역발전특별회계,2017,0.0,경찰청,0.0,0.0,0.0,0.0
투자계정,75051000000.0,75051000000.0,0.0,0.0,0.0,0.0,14201980.0,75036798020.0,에너지및자원사업특별회계,2017,0.0,고용노동부,0.0,0.0,0.0,0.0
,2300499920000.0,2317214681770.0,854000000.0,-854000000.0,29459376000.0,-29459376000.0,140959474010.0,2170713964010.0,일반회계,2017,5541243750.0,고용노동부,1732282770.0,14982479000.0,0.0,0.0
생활기반계정,72182000000.0,72182000000.0,0.0,0.0,0.0,0.0,0.0,72182000000.0,지역발전특별회계,2017,0.0,고용노동부,0.0,0.0,0.0,0.0
세종특별자치시계정,635000000.0,635000000.0,0.0,0.0,0.0,0.0,0.0,635000000.0,지역발전특별회계,2017,0.0,고용노동부,0.0,0.0,0.0,0.0
제주특별자치도계정,8485000000.0,8485000000.0,0.0,0.0,0.0,0.0,0.0,8485000000.0,지역발전특별회계,2017,0.0,고용노동부,0.0,0.0,0.0,0.0
,112058295000.0,114786784390.0,0.0,0.0,155182000.0,-155182000.0,2987512090.0,108579524340.0,일반회계,2017,3219747960.0,공정거래위원회,96489390.0,2632000000.0,0.0,0.0
손익계정,0.0,13175663320.0,13175663320.0,0.0,8000000.0,-8000000.0,2607434330.0,10442928990.0,국립과천과학관,2017,125300000.0,과학기술정보통신부,0.0,0.0,0.0,0.0
자본계정,0.0,5341439590.0,5341439590.0,0.0,0.0,0.0,619798300.0,4595641290.0,국립과천과학관,2017,126000000.0,과학기술정보통신부,0.0,0.0,0.0,0.0
손익계정,0.0,10217998960.0,10217998960.0,0.0,4300000.0,-4300000.0,635106600.0,9582892360.0,국립중앙과학관,2017,0.0,과학기술정보통신부,0.0,0.0,0.0,0.0
자본계정,0.0,14904406050.0,14904406050.0,0.0,0.0,0.0,205266600.0,8969167650.0,국립중앙과학관,2017,5729971800.0,과학기술정보통신부,0.0,0.0,0.0,0.0
투자계정,0.0,118079100000.0,118079100000.0,0.0,0.0,0.0,2641000000.0,115438100000.0,에너지및자원사업특별회계,2017,0.0,과학기술정보통신부,0.0,0.0,0.0,0.0
,0.0,604313851360.0,709013851360.0,-104700000000.0,0.0,0.0,306726220030.0,297237716330.0,우체국보험특별회계,2017,349915000.0,과학기술정보통신부,0.0,0.0,0.0,0.0
손익계정,0.0,2050013208070.0,2050013208070.0,0.0,0.0,0.0,761445430280.0,1288130097790.0,우체국예금특별회계,2017,437680000.0,과학기술정보통신부,0.0,0.0,0.0,0.0
자본계정,0.0,7225540780.0,7225540780.0,0.0,0.0,0.0,789050750.0,6436490030.0,우체국예금특별회계,2017,0.0,과학기술정보통신부,0.0,0.0,0.0,0.0
손익계정,0.0,1995733880780.0,2004263880780.0,-8530000000.0,74910000000.0,-74910000000.0,496039272510.0,1498169928180.0,우편사업특별회계,2017,1524680090.0,과학기술정보통신부,0.0,0.0,0.0,0.0
자본계정,0.0,135254327880.0,135254327880.0,0.0,100000000.0,-100000000.0,6632987470.0,117865804350.0,우편사업특별회계,2017,10755536060.0,과학기술정보통신부,0.0,0.0,0.0,0.0
,0.0,1531705849010.0,1529931864010.0,-683000000.0,72820000.0,-72820000.0,48908490930.0,1472554972960.0,일반회계,2017,10242385120.0,과학기술정보통신부,0.0,2456985000.0,0.0,0.0
경제발전계정,0.0,28248700000.0,28248700000.0,0.0,0.0,0.0,1731000000.0,26517700000.0,지역발전특별회계,2017,0.0,과학기술정보통신부,0.0,0.0,0.0,0.0
,512859434000.0,513264099590.0,0.0,0.0,1909277000.0,-1909277000.0,27116656070.0,484986273320.0,일반회계,2017,1161170200.0,관세청,404665590.0,0.0,0.0,0.0
,3940881000000.0,3940881000000.0,0.0,0.0,0.0,0.0,0.0,3940881000000.0,유아교육지원특별회계,2017,0.0,교육부,0.0,0.0,0.0,0.0
,58944180743000.0,58960403465230.0,81164000.0,-81164000.0,3239311000.0,-3239311000.0,156523450880.0,58790855961700.0,일반회계,2017,13024052650.0,교육부,6006939230.0,1589841000.0,0.0,8625942000.0
경제발전계정,887392000000.0,887392000000.0,0.0,0.0,0.0,0.0,7996000000.0,879396000000.0,지역발전특별회계,2017,0.0,교육부,0.0,0.0,0.0,0.0
투자계정,22968000000.0,22968000000.0,0.0,0.0,0.0,0.0,24522840.0,22943477160.0,에너지및자원사업특별회계,2017,0.0,국가보훈처,0.0,0.0,0.0,0.0
,4779052155000.0,4787934443920.0,36275000000.0,-36275000000.0,4425779000.0,-4425779000.0,13953771100.0,4763519777830.0,일반회계,2017,10460894990.0,국가보훈처,8882288920.0,0.0,0.0,0.0
제주특별자치도계정,1788000000.0,1788000000.0,0.0,0.0,0.0,0.0,0.0,1788000000.0,지역발전특별회계,2017,0.0,국가보훈처,0.0,0.0,0.0,0.0
,29288800000.0,29428800000.0,0.0,0.0,48600000.0,-48600000.0,542513090.0,28531286910.0,일반회계,2017,355000000.0,국가인권위원회,140000000.0,0.0,0.0,0.0
,493083970000.0,495848457710.0,0.0,0.0,0.0,0.0,44307418720.0,446057897950.0,일반회계,2017,5483141040.0,국가정보원,2764487710.0,0.0,0.0,0.0
투자계정,14444000000.0,14589711240.0,0.0,0.0,35000000.0,-35000000.0,1193635170.0,13077376070.0,에너지및자원사업특별회계,2017,318700000.0,국무조정실 및 국무총리비서실,145711240.0,0.0,0.0,0.0
,516662305000.0,522312005000.0,1206000000.0,-1206000000.0,422383000.0,-422383000.0,16008125530.0,506153136470.0,일반회계,2017,150743000.0,국무조정실 및 국무총리비서실,112794000.0,5536906000.0,0.0,0.0
,73684662000.0,73684662000.0,0.0,0.0,789924000.0,-789924000.0,1051223900.0,72633438100.0,일반회계,2017,0.0,국민권익위원회,0.0,0.0,0.0,0.0
,3142784898000.0,1534528768080.0,0.0,-1671285943390.0,3198844000.0,-3198844000.0,2584920.0,1534526183160.0,일반회계,2017,0.0,국민안전처,54296813470.0,8733000000.0,0.0,0.0
경제발전계정,24444000000.0,19324000000.0,0.0,-5120000000.0,0.0,0.0,0.0,19324000000.0,지역발전특별회계,2017,0.0,국민안전처,0.0,0.0,0.0,0.0
생활기반계정,203726000000.0,126118000000.0,0.0,-77608000000.0,0.0,0.0,0.0,126118000000.0,지역발전특별회계,2017,0.0,국민안전처,0.0,0.0,0.0,0.0
세종특별자치시계정,11261000000.0,10276000000.0,0.0,-985000000.0,0.0,0.0,0.0,10276000000.0,지역발전특별회계,2017,0.0,국민안전처,0.0,0.0,0.0,0.0
제주특별자치도계정,3938000000.0,3362000000.0,0.0,-576000000.0,0.0,0.0,0.0,3362000000.0,지역발전특별회계,2017,0.0,국민안전처,0.0,0.0,0.0,0.0
,305643000000.0,329139931210.0,0.0,0.0,6761000000.0,-6761000000.0,29327476430.0,265327326060.0,국방·군사시설이전특별회계,2017,34485128720.0,국방부,23496931210.0,0.0,0.0,0.0
,28137698001000.0,28632311982110.0,18660481000.0,-18660481000.0,68308887230.0,-68308887230.0,410331433570.0,27711656564370.0,일반회계,2017,510323984170.0,국방부,493715189110.0,898792000.0,0.0,0.0
,737755000000.0,842682495650.0,0.0,0.0,0.0,0.0,59137752100.0,698538006680.0,주한미군기지이전특별회계,2017,85006736870.0,국방부,104927495650.0,0.0,0.0,0.0
,0.0,50747401710.0,0.0,0.0,0.0,0.0,5269902730.0,45477498980.0,혁신도시건설특별회계,2017,0.0,국방부,50747401710.0,0.0,0.0,0.0
,1610207308000.0,1610515308000.0,15486154000.0,-15486154000.0,1143731000.0,-1143731000.0,17689688840.0,1592674081160.0,일반회계,2017,151538000.0,국세청,308000000.0,0.0,0.0,0.0
공항계정,629250000000.0,674758020790.0,0.0,0.0,8243500000.0,-8243500000.0,14511898070.0,610165304500.0,교통시설특별회계,2017,50080818220.0,국토교통부,45508020790.0,0.0,0.0,0.0
교통체계관리계정,284307000000.0,284465700000.0,0.0,0.0,0.0,0.0,28787098770.0,255535674230.0,교통시설특별회계,2017,142927000.0,국토교통부,158700000.0,0.0,0.0,0.0
도로계정,7817597000000.0,8221718408430.0,0.0,0.0,222984428000.0,-222984428000.0,35886722970.0,7775049018890.0,교통시설특별회계,2017,410782666570.0,국토교통부,404121408430.0,0.0,0.0,0.0
철도계정,5906824000000.0,5906824000000.0,0.0,0.0,0.0,0.0,30235132590.0,5876492867410.0,교통시설특별회계,2017,96000000.0,국토교통부,0.0,0.0,0.0,0.0
투자계정,15240000000.0,15240000000.0,0.0,0.0,182000000.0,-182000000.0,984448010.0,14080351990.0,에너지및자원사업특별회계,2017,175200000.0,국토교통부,0.0,0.0,0.0,0.0
,19436289083000.0,19499669054950.0,16134400000.0,-16134400000.0,46295864000.0,-46295864000.0,51053427420.0,19406730399850.0,일반회계,2017,41885227680.0,국토교통부,52299971950.0,11080000000.0,0.0,0.0
경제발전계정,1799315000000.0,1885236899880.0,0.0,0.0,54917000000.0,-54917000000.0,64415807990.0,1729638367260.0,지역발전특별회계,2017,91182724630.0,국토교통부,85921899880.0,0.0,0.0,0.0
생활기반계정,561245000000.0,601483000000.0,0.0,0.0,0.0,0.0,11214000000.0,590269000000.0,지역발전특별회계,2017,0.0,국토교통부,40238000000.0,0.0,0.0,0.0
세종특별자치시계정,22882000000.0,30186802160.0,0.0,0.0,0.0,0.0,1805255300.0,23870786020.0,지역발전특별회계,2017,4510760840.0,국토교통부,7304802160.0,0.0,0.0,0.0
제주특별자치도계정,43542000000.0,43542000000.0,0.0,0.0,0.0,0.0,0.0,43542000000.0,지역발전특별회계,2017,0.0,국토교통부,0.0,0.0,0.0,0.0
,93015000000.0,93095000000.0,0.0,0.0,0.0,0.0,30170534890.0,62924465110.0,혁신도시건설특별회계,2017,0.0,국토교통부,80000000.0,0.0,0.0,0.0
,574269038000.0,585474631460.0,0.0,0.0,710228000.0,-710228000.0,28616302480.0,550007114890.0,일반회계,2017,6851214090.0,국회,5179806460.0,7325787000.0,-1300000000.0,0.0
,2033414034000.0,2033464734000.0,0.0,0.0,334831000.0,-334831000.0,3614008170.0,2029799588530.0,일반회계,2017,51137300.0,금융위원회,50700000.0,0.0,0.0,0.0
,385276027000.0,394839647580.0,0.0,-100000000.0,2249053000.0,-2249053000.0,8959918600.0,377722924020.0,일반회계,2017,8156804960.0,기상청,9663620580.0,0.0,0.0,0.0
투자계정,990000000.0,990000000.0,0.0,0.0,0.0,0.0,86419800.0,903580200.0,에너지및자원사업특별회계,2017,0.0,기획재정부,0.0,0.0,0.0,0.0
,18603557438000.0,17756464238160.0,0.0,0.0,9130133000.0,-9130133000.0,2092633769670.0,15644600110290.0,일반회계,2017,19230358200.0,기획재정부,25792764160.0,558144000000.0,-1431029964000.0,0.0
구조개선사업계정,4471348000000.0,5689405431170.0,36985500000.0,-36985500000.0,2442538000.0,-2442538000.0,137024137760.0,4507862804210.0,농어촌구조개선특별회계,2017,1044518489200.0,농림축산식품부,1029781268170.0,188276163000.0,0.0,0.0
농어촌특별세사업계정,4628705000000.0,5128705000000.0,0.0,0.0,12600000.0,-12600000.0,7884895020.0,4603367765460.0,농어촌구조개선특별회계,2017,517452339520.0,농림축산식품부,500000000000.0,0.0,0.0,0.0
손익계정,1437799000000.0,1437799000000.0,0.0,0.0,20375628000.0,-20375628000.0,198691210.0,1437600308790.0,양곡관리특별회계,2017,0.0,농림축산식품부,0.0,0.0,0.0,0.0
융자계정,15401000000.0,15401000000.0,0.0,0.0,0.0,0.0,1066319000.0,14334681000.0,에너지및자원사업특별회계,2017,0.0,농림축산식품부,0.0,0.0,0.0,0.0
투자계정,37601000000.0,37601000000.0,0.0,0.0,0.0,0.0,5733347000.0,31867653000.0,에너지및자원사업특별회계,2017,0.0,농림축산식품부,0.0,0.0,0.0,0.0
,5669529055000.0,5862307391980.0,460353000.0,-460353000.0,1396684000.0,-1396684000.0,10793476290.0,5829929686270.0,일반회계,2017,21584229420.0,농림축산식품부,4470248980.0,188276163000.0,0.0,31925000.0
경제발전계정,14647000000.0,14647000000.0,0.0,0.0,0.0,0.0,5678000.0,14641322000.0,지역발전특별회계,2017,0.0,농림축산식품부,0.0,0.0,0.0,0.0
생활기반계정,1352519000000.0,1554310000000.0,0.0,0.0,0.0,0.0,0.0,1291046000000.0,지역발전특별회계,2017,263264000000.0,농림축산식품부,201791000000.0,0.0,0.0,0.0
세종특별자치시계정,6869000000.0,6869000000.0,0.0,0.0,0.0,0.0,0.0,6869000000.0,지역발전특별회계,2017,0.0,농림축산식품부,0.0,0.0,0.0,0.0
제주특별자치도계정,45854000000.0,45854000000.0,0.0,0.0,0.0,0.0,0.0,45854000000.0,지역발전특별회계,2017,0.0,농림축산식품부,0.0,0.0,0.0,0.0
구조개선사업계정,42909000000.0,43042713350.0,0.0,0.0,0.0,0.0,202285750.0,42837393000.0,농어촌구조개선특별회계,2017,3034600.0,농촌진흥청,133713350.0,0.0,0.0,0.0
,775945454000.0,829409031530.0,2520419000.0,-2520419000.0,2063755000.0,-2063755000.0,11953140790.0,778138027990.0,일반회계,2017,39317862750.0,농촌진흥청,53463577530.0,0.0,0.0,0.0
경제발전계정,45428000000.0,45428000000.0,0.0,0.0,0.0,0.0,127488580.0,45300511420.0,지역발전특별회계,2017,0.0,농촌진흥청,0.0,0.0,0.0,0.0
생활기반계정,46383000000.0,52538000000.0,0.0,0.0,0.0,0.0,0.0,52538000000.0,지역발전특별회계,2017,0.0,농촌진흥청,6155000000.0,0.0,0.0,0.0
세종특별자치시계정,325000000.0,325000000.0,0.0,0.0,0.0,0.0,0.0,325000000.0,지역발전특별회계,2017,0.0,농촌진흥청,0.0,0.0,0.0,0.0
제주특별자치도계정,6173000000.0,6173000000.0,0.0,0.0,0.0,0.0,0.0,6173000000.0,지역발전특별회계,2017,0.0,농촌진흥청,0.0,0.0,0.0,0.0
,321971773000.0,325755872700.0,0.0,0.0,542834000.0,-542834000.0,57557037240.0,257321830480.0,등기특별회계,2017,10877004980.0,대법원,3784099700.0,0.0,0.0,0.0
,1481729118000.0,1483881336340.0,0.0,0.0,172000000.0,-172000000.0,5723358110.0,1472012150170.0,일반회계,2017,6145828060.0,대법원,2152218340.0,600000000.0,-600000000.0,0.0
,91333031000.0,42232210420.0,0.0,-49276168580.0,339108000.0,-339108000.0,0.0,42232210420.0,일반회계,2017,0.0,대통령경호실,175348000.0,0.0,0.0,0.0
,0.0,49276168580.0,49276168580.0,0.0,6000000.0,-6000000.0,9363662410.0,38471919370.0,일반회계,2017,1440586800.0,대통령경호처,0.0,0.0,0.0,0.0
,88063301000.0,88063301000.0,0.0,0.0,0.0,0.0,12937216940.0,75126084060.0,일반회계,2017,0.0,대통령비서실 및 국가안보실,0.0,0.0,0.0,0.0
,644776478000.0,646665096050.0,0.0,0.0,1643276000.0,-1643276000.0,12926488520.0,623310702330.0,일반회계,2017,10427905200.0,문화재청,1888618050.0,0.0,0.0,0.0
경제발전계정,3250000000.0,3250000000.0,0.0,0.0,1500000000.0,-1500000000.0,0.0,3250000000.0,지역발전특별회계,2017,0.0,문화재청,0.0,0.0,0.0,0.0
생활기반계정,18911000000.0,20536000000.0,0.0,0.0,0.0,0.0,0.0,20536000000.0,지역발전특별회계,2017,0.0,문화재청,1625000000.0,0.0,0.0,0.0
,71597720000.0,79712563960.0,0.0,0.0,202000000.0,-202000000.0,1539782260.0,77374678020.0,아시아문화중심도시조성특별회계,2017,798103680.0,문화체육관광부,8114843960.0,0.0,0.0,0.0
,2137058545000.0,2169300156080.0,933664000.0,-933664000.0,3095619000.0,-3095619000.0,66061594800.0,2053267997720.0,일반회계,2017,49970563560.0,문화체육관광부,32241611080.0,0.0,0.0,0.0
경제발전계정,242055000000.0,242055000000.0,0.0,0.0,0.0,0.0,5849000000.0,236206000000.0,지역발전특별회계,2017,0.0,문화체육관광부,0.0,0.0,0.0,0.0
생활기반계정,558665000000.0,646205384000.0,0.0,0.0,0.0,0.0,13376665000.0,632828719000.0,지역발전특별회계,2017,0.0,문화체육관광부,87540384000.0,0.0,0.0,0.0
세종특별자치시계정,3794000000.0,3794000000.0,0.0,0.0,0.0,0.0,60000000.0,3734000000.0,지역발전특별회계,2017,0.0,문화체육관광부,0.0,0.0,0.0,0.0
제주특별자치도계정,16903000000.0,16903000000.0,0.0,0.0,0.0,0.0,5000000.0,16898000000.0,지역발전특별회계,2017,0.0,문화체육관광부,0.0,0.0,0.0,0.0
손익계정,25625688000.0,12691584680.0,0.0,-13175663320.0,10000000.0,-10000000.0,0.0,12691584680.0,국립과천과학관,2017,0.0,미래창조과학부,241560000.0,0.0,0.0,0.0
자본계정,7439000000.0,3871961810.0,0.0,-5341439590.0,0.0,0.0,0.0,3871961810.0,국립과천과학관,2017,0.0,미래창조과학부,1774401400.0,0.0,0.0,0.0
손익계정,22954020000.0,12736021040.0,0.0,-10217998960.0,0.0,0.0,0.0,12736021040.0,국립중앙과학관,2017,0.0,미래창조과학부,0.0,0.0,0.0,0.0
자본계정,16312000000.0,2221736810.0,0.0,-14904406050.0,0.0,0.0,0.0,2221736810.0,국립중앙과학관,2017,0.0,미래창조과학부,814142860.0,0.0,0.0,0.0
투자계정,374975000000.0,256895900000.0,0.0,-118079100000.0,0.0,0.0,0.0,256895900000.0,에너지및자원사업특별회계,2017,0.0,미래창조과학부,0.0,0.0,0.0,0.0
,1023486000000.0,419236648640.0,0.0,-604313851360.0,0.0,0.0,0.0,419236648640.0,우체국보험특별회계,2017,0.0,미래창조과학부,64500000.0,0.0,0.0,0.0
손익계정,3030750000000.0,980828036930.0,0.0,-2050013208070.0,0.0,0.0,0.0,980828036930.0,우체국예금특별회계,2017,0.0,미래창조과학부,91245000.0,0.0,0.0,0.0
자본계정,8228000000.0,1002459220.0,0.0,-7225540780.0,0.0,0.0,0.0,1002459220.0,우체국예금특별회계,2017,0.0,미래창조과학부,0.0,0.0,0.0,0.0
손익계정,4127237138000.0,2132810745480.0,300000000.0,-1996033880780.0,0.0,0.0,0.0,2132810745480.0,우편사업특별회계,2017,0.0,미래창조과학부,1307488260.0,0.0,0.0,0.0
자본계정,180886000000.0,55078775750.0,0.0,-135254327880.0,0.0,0.0,0.0,55078775750.0,우편사업특별회계,2017,0.0,미래창조과학부,9447103630.0,0.0,0.0,0.0
,6375020475000.0,4895606281720.0,0.0,-1532881908230.0,250240000.0,-250240000.0,0.0,4895606281720.0,일반회계,2017,0.0,미래창조과학부,53467714950.0,0.0,0.0,0.0
경제발전계정,221402000000.0,193153300000.0,0.0,-28248700000.0,0.0,0.0,0.0,193153300000.0,지역발전특별회계,2017,0.0,미래창조과학부,0.0,0.0,0.0,0.0
제주특별자치도계정,884000000.0,884000000.0,0.0,0.0,0.0,0.0,0.0,884000000.0,지역발전특별회계,2017,0.0,미래창조과학부,0.0,0.0,0.0,0.0
,27326444000.0,27326444000.0,0.0,0.0,165105000.0,-165105000.0,205435420.0,27121008580.0,일반회계,2017,0.0,민주평화통일자문회의,0.0,0.0,0.0,0.0
,54527796000.0,54527796000.0,0.0,0.0,99146000.0,-99146000.0,972383690.0,53555412310.0,일반회계,2017,0.0,방송통신위원회,0.0,0.0,0.0,0.0
,12196951018000.0,12744682863150.0,6371999950.0,-6371999950.0,193136789840.0,-193136789840.0,263566941340.0,11621857885110.0,일반회계,2017,859258036700.0,방위사업청,547731845150.0,0.0,0.0,0.0
,102213000000.0,102213000000.0,0.0,0.0,100000000.0,-100000000.0,11915003320.0,90297996680.0,교도작업특별회계,2017,0.0,법무부,0.0,0.0,0.0,0.0
,3283139495000.0,3565756326780.0,9556568000.0,-8801528000.0,18171875000.0,-18171875000.0,17622855560.0,3546916030010.0,일반회계,2017,1217441210.0,법무부,5175791780.0,276686000000.0,0.0,0.0
,32214558000.0,32659604000.0,0.0,0.0,656059000.0,-656059000.0,806160280.0,31853443720.0,일반회계,2017,0.0,법제처,0.0,445046000.0,0.0,0.0
,220445818000.0,220450108500.0,0.0,0.0,321376000.0,-321376000.0,9552790890.0,210897317610.0,일반회계,2017,0.0,병무청,4290500.0,0.0,0.0,0.0
손익계정,13431293000.0,13431293000.0,0.0,0.0,75499000.0,-75499000.0,578647940.0,12852645060.0,국립공주병원,2017,0.0,보건복지부,0.0,0.0,0.0,0.0
자본계정,2100000000.0,2100000000.0,0.0,0.0,0.0,0.0,130291020.0,1969708980.0,국립공주병원,2017,0.0,보건복지부,0.0,0.0,0.0,0.0
손익계정,19072870000.0,19212662000.0,0.0,0.0,96431000.0,-96431000.0,1007389960.0,18205272040.0,국립나주병원,2017,0.0,보건복지부,0.0,0.0,0.0,139792000.0
자본계정,1620000000.0,1620000000.0,0.0,0.0,0.0,0.0,104455560.0,1515544440.0,국립나주병원,2017,0.0,보건복지부,0.0,0.0,0.0,0.0
손익계정,13005293000.0,13005293000.0,0.0,0.0,7474000.0,-7474000.0,1563255360.0,11441118100.0,국립마산병원,2017,919540.0,보건복지부,0.0,0.0,0.0,0.0
자본계정,11300000000.0,11609545280.0,0.0,0.0,0.0,0.0,2003489710.0,7131125860.0,국립마산병원,2017,2474929710.0,보건복지부,309545280.0,0.0,0.0,0.0
손익계정,8751318000.0,8751318000.0,135816000.0,-135816000.0,6521000.0,-6521000.0,276858950.0,8474459050.0,국립목포병원,2017,0.0,보건복지부,0.0,0.0,0.0,0.0
자본계정,1785000000.0,1785000000.0,0.0,0.0,0.0,0.0,38293720.0,1746706280.0,국립목포병원,2017,0.0,보건복지부,0.0,0.0,0.0,0.0
손익계정,16610810000.0,16610810000.0,0.0,0.0,13530000.0,-13530000.0,853250640.0,15757559360.0,국립부곡병원,2017,0.0,보건복지부,0.0,0.0,0.0,0.0
자본계정,1742000000.0,1742000000.0,0.0,0.0,0.0,0.0,46334210.0,1695665790.0,국립부곡병원,2017,0.0,보건복지부,0.0,0.0,0.0,0.0
손익계정,39002939000.0,39556558530.0,0.0,0.0,184720000.0,-184720000.0,811374390.0,38574558140.0,국립재활원,2017,170626000.0,보건복지부,46873530.0,0.0,0.0,506746000.0
자본계정,2652000000.0,2652000000.0,0.0,0.0,0.0,0.0,139814490.0,2099130920.0,국립재활원,2017,413054590.0,보건복지부,0.0,0.0,0.0,0.0
손익계정,34500866000.0,41027466330.0,0.0,0.0,332215000.0,-332215000.0,1414706570.0,38495097570.0,국립정신건강센터,2017,1117662190.0,보건복지부,766777330.0,0.0,0.0,5759823000.0
자본계정,2130000000.0,2257695000.0,0.0,0.0,0.0,0.0,695794390.0,993400610.0,국립정신건강센터,2017,568500000.0,보건복지부,127695000.0,0.0,0.0,0.0
손익계정,12908150000.0,13102004400.0,0.0,0.0,63547000.0,-63547000.0,303558870.0,12794945530.0,국립춘천병원,2017,3500000.0,보건복지부,193854400.0,0.0,0.0,0.0
자본계정,1174000000.0,1177009000.0,0.0,0.0,5000000.0,-5000000.0,64688910.0,1112320090.0,국립춘천병원,2017,0.0,보건복지부,3009000.0,0.0,0.0,0.0
농어촌특별세사업계정,37009000000.0,37009000000.0,0.0,0.0,0.0,0.0,0.0,37009000000.0,농어촌구조개선특별회계,2017,0.0,보건복지부,0.0,0.0,0.0,0.0
,34386875280000.0,34440442932200.0,11179013000.0,-11179013000.0,150137467000.0,-150137467000.0,59531255220.0,34359184963310.0,일반회계,2017,21726713670.0,보건복지부,24791708200.0,28775944000.0,0.0,0.0
경제발전계정,56798000000.0,56798000000.0,0.0,0.0,18020000000.0,-18020000000.0,45043970.0,56752956030.0,지역발전특별회계,2017,0.0,보건복지부,0.0,0.0,0.0,0.0
생활기반계정,213569000000.0,213569000000.0,0.0,0.0,0.0,0.0,0.0,213569000000.0,지역발전특별회계,2017,0.0,보건복지부,0.0,0.0,0.0,0.0
세종특별자치시계정,1139000000.0,1139000000.0,0.0,0.0,0.0,0.0,0.0,1139000000.0,지역발전특별회계,2017,0.0,보건복지부,0.0,0.0,0.0,0.0
제주특별자치도계정,6605000000.0,6605000000.0,0.0,0.0,0.0,0.0,0.0,6605000000.0,지역발전특별회계,2017,0.0,보건복지부,0.0,0.0,0.0,0.0
손익계정,28243682000.0,28243682000.0,0.0,0.0,215020000.0,-215020000.0,673531160.0,27570150840.0,국립자연휴양림관리소,2017,0.0,산림청,0.0,0.0,0.0,0.0
자본계정,30754000000.0,30754000000.0,0.0,0.0,0.0,0.0,601595550.0,27765647900.0,국립자연휴양림관리소,2017,2386756550.0,산림청,0.0,0.0,0.0,0.0
임업진흥사업계정,839413000000.0,839413000000.0,0.0,0.0,2643000000.0,-2643000000.0,3710346350.0,835695363650.0,농어촌구조개선특별회계,2017,7290000.0,산림청,0.0,0.0,0.0,0.0
,1589361656000.0,1629945054540.0,0.0,0.0,8356995000.0,-8356995000.0,28528166340.0,1580248845840.0,일반회계,2017,21168042360.0,산림청,40583398540.0,0.0,0.0,0.0
경제발전계정,79694000000.0,79694000000.0,0.0,0.0,0.0,0.0,1975947120.0,77718052880.0,지역발전특별회계,2017,0.0,산림청,0.0,0.0,0.0,0.0
생활기반계정,250509000000.0,272112909000.0,0.0,0.0,0.0,0.0,0.0,272112909000.0,지역발전특별회계,2017,0.0,산림청,21603909000.0,0.0,0.0,0.0
세종특별자치시계정,856000000.0,856000000.0,0.0,0.0,0.0,0.0,0.0,856000000.0,지역발전특별회계,2017,0.0,산림청,0.0,0.0,0.0,0.0
제주특별자치도계정,5348000000.0,5348000000.0,0.0,0.0,0.0,0.0,0.0,5348000000.0,지역발전특별회계,2017,0.0,산림청,0.0,0.0,0.0,0.0
융자계정,1080192000000.0,1080192000000.0,0.0,0.0,0.0,0.0,218251044500.0,861940955500.0,에너지및자원사업특별회계,2017,0.0,산업통상자원부,0.0,0.0,0.0,0.0
투자계정,3704386000000.0,3705085618580.0,0.0,0.0,3369000000.0,-3369000000.0,297665506660.0,3405577333940.0,에너지및자원사업특별회계,2017,1842777980.0,산업통상자원부,699618580.0,0.0,0.0,0.0
,2855012580000.0,2853175900910.0,18368000000.0,-21490000000.0,5759058000.0,-5759058000.0,14231800120.0,2836859942940.0,일반회계,2017,2084157850.0,산업통상자원부,1285320910.0,0.0,0.0,0.0
경제발전계정,1005473000000.0,977714681730.0,0.0,-27947000000.0,5903800000.0,-5903800000.0,1177866730.0,976514996730.0,지역발전특별회계,2017,21818270.0,산업통상자원부,188681730.0,0.0,0.0,0.0
생활기반계정,81830000000.0,81830000000.0,0.0,0.0,0.0,0.0,0.0,81830000000.0,지역발전특별회계,2017,0.0,산업통상자원부,0.0,0.0,0.0,0.0
세종특별자치시계정,22200000000.0,22200000000.0,0.0,0.0,0.0,0.0,15025364000.0,7174636000.0,지역발전특별회계,2017,0.0,산업통상자원부,0.0,0.0,0.0,0.0
제주특별자치도계정,637000000.0,637000000.0,0.0,0.0,0.0,0.0,0.0,637000000.0,지역발전특별회계,2017,0.0,산업통상자원부,0.0,0.0,0.0,0.0
,117031461000.0,119246070470.0,390000000.0,-390000000.0,361586000.0,-361586000.0,3369538890.0,113324777570.0,일반회계,2017,2551754010.0,새만금개발청,2214609470.0,0.0,0.0,0.0
경제발전계정,698000000.0,698000000.0,0.0,0.0,0.0,0.0,0.0,698000000.0,지역발전특별회계,2017,0.0,새만금개발청,0.0,0.0,0.0,0.0
생활기반계정,3566000000.0,3566000000.0,0.0,0.0,0.0,0.0,0.0,3566000000.0,지역발전특별회계,2017,0.0,새만금개발청,0.0,0.0,0.0,0.0
,0.0,29196000000.0,0.0,0.0,78820000.0,-78820000.0,2362737710.0,4808299360.0,일반회계,2017,22024962930.0,세월호선체조사위원회,0.0,29196000000.0,0.0,0.0
,0.0,94379381090.0,90679764090.0,-502264000.0,51762000.0,-51762000.0,1365898380.0,76048201100.0,일반회계,2017,16965281610.0,소방청,0.0,4201881000.0,0.0,0.0
구조개선사업계정,3293000000.0,3370220900.0,0.0,0.0,0.0,0.0,98738510.0,3241189140.0,농어촌구조개선특별회계,2017,30293250.0,식품의약품안전처,77220900.0,0.0,0.0,0.0
,444520615000.0,451610844340.0,0.0,0.0,2496622000.0,-2496622000.0,18853983830.0,427868667010.0,일반회계,2017,4888193500.0,식품의약품안전처,6947702340.0,0.0,0.0,142527000.0
경제발전계정,4144000000.0,4144000000.0,0.0,0.0,0.0,0.0,0.0,4144000000.0,지역발전특별회계,2017,0.0,식품의약품안전처,0.0,0.0,0.0,0.0
제주특별자치도계정,126000000.0,126000000.0,0.0,0.0,0.0,0.0,0.0,126000000.0,지역발전특별회계,2017,0.0,식품의약품안전처,0.0,0.0,0.0,0.0
,312629131000.0,314861735720.0,0.0,0.0,50751000.0,-50751000.0,21276358960.0,291927471530.0,일반회계,2017,1657905230.0,여성가족부,2232604720.0,0.0,0.0,0.0
경제발전계정,5000000000.0,5000000000.0,0.0,0.0,0.0,0.0,0.0,5000000000.0,지역발전특별회계,2017,0.0,여성가족부,0.0,0.0,0.0,0.0
생활기반계정,60474000000.0,60474000000.0,0.0,0.0,0.0,0.0,0.0,60474000000.0,지역발전특별회계,2017,0.0,여성가족부,0.0,0.0,0.0,0.0
제주특별자치도계정,2017000000.0,2017000000.0,0.0,0.0,0.0,0.0,0.0,2017000000.0,지역발전특별회계,2017,0.0,여성가족부,0.0,0.0,0.0,0.0
,2223984933000.0,2256040713410.0,0.0,0.0,5422667000.0,-5422667000.0,142306057540.0,2112353562720.0,일반회계,2017,1381093150.0,외교부,7699780410.0,0.0,0.0,24356000000.0
,94314191000.0,94455661450.0,0.0,0.0,100000000.0,-100000000.0,920891150.0,93487855300.0,일반회계,2017,46915000.0,원자력안전위원회,141470450.0,0.0,0.0,0.0
,3526637301000.0,3529957282000.0,0.0,0.0,104692000.0,-104692000.0,7128381600.0,3522641051990.0,일반회계,2017,187848410.0,인사혁신처,283100000.0,2148618000.0,0.0,888263000.0
,5700000000.0,5700000000.0,0.0,0.0,0.0,0.0,83137210.0,2066168980.0,혁신도시건설특별회계,2017,3550693810.0,인사혁신처,0.0,0.0,0.0,0.0
손익계정,223745650000.0,224042402640.0,0.0,0.0,1259012000.0,-1259012000.0,2137757830.0,221331769480.0,조달특별회계,2017,572875330.0,조달청,296752640.0,0.0,0.0,0.0
자본계정,115133000000.0,115422516620.0,0.0,0.0,0.0,0.0,44102315910.0,71267745380.0,조달특별회계,2017,52455330.0,조달청,289516620.0,0.0,0.0,0.0
,3897092875000.0,2252499040710.0,0.0,-1644593834290.0,10040000.0,-10040000.0,10400.0,2252499030310.0,일반회계,2017,0.0,중소기업청,0.0,0.0,0.0,0.0
경제발전계정,183602000000.0,151817137800.0,0.0,-31784862200.0,0.0,0.0,0.0,151817137800.0,지역발전특별회계,2017,0.0,중소기업청,0.0,0.0,0.0,0.0
생활기반계정,72153000000.0,51884800000.0,0.0,-24268200000.0,0.0,0.0,0.0,51884800000.0,지역발전특별회계,2017,0.0,중소기업청,4000000000.0,0.0,0.0,0.0
세종특별자치시계정,300000000.0,300000000.0,0.0,0.0,0.0,0.0,0.0,300000000.0,지역발전특별회계,2017,0.0,중소기업청,0.0,0.0,0.0,0.0
제주특별자치도계정,5502000000.0,5502000000.0,0.0,0.0,0.0,0.0,0.0,5502000000.0,지역발전특별회계,2017,0.0,중소기업청,0.0,0.0,0.0,0.0
,0.0,1654115017510.0,1651548878510.0,-100000000.0,622349000.0,-622349000.0,5482173130.0,1648283120220.0,일반회계,2017,349724160.0,중소벤처기업부,0.0,2666139000.0,0.0,0.0
경제발전계정,0.0,59731862200.0,59731862200.0,0.0,0.0,0.0,14830250.0,59717031950.0,지역발전특별회계,2017,0.0,중소벤처기업부,0.0,0.0,0.0,0.0
생활기반계정,0.0,24268200000.0,24268200000.0,0.0,0.0,0.0,57400000.0,24210800000.0,지역발전특별회계,2017,0.0,중소벤처기업부,0.0,0.0,0.0,0.0
,561498584000.0,712195740150.0,1400000000.0,-1400000000.0,5680955000.0,-5680955000.0,12374622760.0,699621897390.0,일반회계,2017,199220000.0,중앙선거관리위원회,249110150.0,150908046000.0,-460000000.0,0.0
,291915794000.0,292859369000.0,0.0,0.0,221675000.0,-221675000.0,6561809240.0,286297559760.0,일반회계,2017,0.0,통계청,0.0,0.0,0.0,943575000.0
,464762199000.0,470835469190.0,0.0,0.0,1280142000.0,-1280142000.0,62712884180.0,399912882200.0,일반회계,2017,8209702810.0,통일부,6073270190.0,0.0,0.0,0.0
손익계정,500657353000.0,500720953000.0,0.0,0.0,117811000.0,-117811000.0,10961985730.0,489758967270.0,특허청,2017,0.0,특허청,63600000.0,0.0,0.0,0.0
자본계정,136231000000.0,136231000000.0,0.0,0.0,0.0,0.0,1042980560.0,135188019440.0,특허청,2017,0.0,특허청,0.0,0.0,0.0,0.0
,0.0,582612130360.0,584701933360.0,-5086818000.0,7815412000.0,-7815412000.0,11941425540.0,546530515910.0,일반회계,2017,24140188910.0,해양경찰청,0.0,2997015000.0,0.0,0.0
항만계정,1486726000000.0,1701291866380.0,0.0,0.0,72677019000.0,-72677019000.0,92301514760.0,1378955745480.0,교통시설특별회계,2017,230034606140.0,해양수산부,214565866380.0,0.0,0.0,0.0
구조개선사업계정,689817000000.0,726545508710.0,0.0,0.0,2772000000.0,-2772000000.0,7261531400.0,693874042090.0,농어촌구조개선특별회계,2017,25409935220.0,해양수산부,36728508710.0,0.0,0.0,0.0
농어촌특별세사업계정,323330000000.0,347025642290.0,0.0,0.0,0.0,0.0,4843140720.0,328688469590.0,농어촌구조개선특별회계,2017,13494031980.0,해양수산부,23695642290.0,0.0,0.0,0.0
투자계정,43588000000.0,43588000000.0,0.0,0.0,0.0,0.0,250395490.0,43337604510.0,에너지및자원사업특별회계,2017,0.0,해양수산부,0.0,0.0,0.0,0.0
,2731900688000.0,2899373233890.0,423000000.0,-423000000.0,3137223000.0,-3137223000.0,55493060340.0,2758179267910.0,일반회계,2017,85700905640.0,해양수산부,89966545890.0,77506000000.0,0.0,0.0
경제발전계정,46878000000.0,46878000000.0,0.0,0.0,0.0,0.0,0.0,46878000000.0,지역발전특별회계,2017,0.0,해양수산부,0.0,0.0,0.0,0.0
생활기반계정,240561000000.0,260369000000.0,0.0,0.0,0.0,0.0,0.0,260369000000.0,지역발전특별회계,2017,0.0,해양수산부,19808000000.0,0.0,0.0,0.0
제주특별자치도계정,139107000000.0,139107000000.0,0.0,0.0,0.0,0.0,0.0,139107000000.0,지역발전특별회계,2017,0.0,해양수산부,0.0,0.0,0.0,0.0
,0.0,19249004750370.0,19268187103370.0,-66435443000.0,6539184000.0,-6539184000.0,99039275530.0,19133830010890.0,일반회계,2017,16135463950.0,행정안전부,0.0,46675090000.0,0.0,578000000.0
경제발전계정,0.0,26365661090.0,26365661090.0,0.0,0.0,0.0,67165350.0,26298495740.0,지역발전특별회계,2017,0.0,행정안전부,0.0,0.0,0.0,0.0
생활기반계정,0.0,151612640000.0,151612640000.0,0.0,0.0,0.0,0.0,151612640000.0,지역발전특별회계,2017,0.0,행정안전부,0.0,0.0,0.0,0.0
세종특별자치시계정,0.0,1050550000.0,1050550000.0,0.0,0.0,0.0,0.0,1050550000.0,지역발전특별회계,2017,0.0,행정안전부,0.0,0.0,0.0,0.0
제주특별자치도계정,0.0,1112420000.0,1112420000.0,0.0,0.0,0.0,0.0,1112420000.0,지역발전특별회계,2017,0.0,행정안전부,0.0,0.0,0.0,0.0
,42852445572000.0,24687447804180.0,0.0,-18194810698430.0,592424000.0,-592424000.0,317819340.0,24687129984840.0,일반회계,2017,0.0,행정자치부,22263534610.0,6799396000.0,0.0,750000000.0
경제발전계정,86455000000.0,65209338910.0,0.0,-21245661090.0,0.0,0.0,570000.0,65208768910.0,지역발전특별회계,2017,0.0,행정자치부,0.0,0.0,0.0,0.0
생활기반계정,214702000000.0,150608000000.0,0.0,-74004640000.0,0.0,0.0,0.0,150608000000.0,지역발전특별회계,2017,0.0,행정자치부,9910640000.0,0.0,0.0,0.0
세종특별자치시계정,310000000.0,244450000.0,0.0,-65550000.0,0.0,0.0,0.0,244450000.0,지역발전특별회계,2017,0.0,행정자치부,0.0,0.0,0.0,0.0
제주특별자치도계정,2693000000.0,2156580000.0,0.0,-536420000.0,0.0,0.0,0.0,2156580000.0,지역발전특별회계,2017,0.0,행정자치부,0.0,0.0,0.0,0.0
,203973000000.0,203973000000.0,0.0,0.0,0.0,0.0,0.0,203973000000.0,일반회계,2017,0.0,행정중심복합도시건설청,0.0,0.0,0.0,0.0
,312536999000.0,348632640960.0,0.0,0.0,18660000000.0,-18660000000.0,27202282790.0,261506916660.0,행정중심복합도시건설특별회계,2017,59923441510.0,행정중심복합도시건설청,36095641960.0,0.0,0.0,0.0
,42735826000.0,42735826000.0,0.0,0.0,69000000.0,-69000000.0,1981259720.0,40754566280.0,일반회계,2017,0.0,헌법재판소,0.0,0.0,0.0,0.0
농어촌특별세사업계정,108050000000.0,108050000000.0,0.0,0.0,0.0,0.0,0.0,108050000000.0,농어촌구조개선특별회계,2017,0.0,환경부,0.0,0.0,0.0,0.0
투자계정,375581000000.0,376247788000.0,0.0,0.0,0.0,0.0,389988410.0,375699939590.0,에너지및자원사업특별회계,2017,157860000.0,환경부,666788000.0,0.0,0.0,0.0
,3367356000000.0,3367356000000.0,0.0,0.0,0.0,0.0,0.0,3367356000000.0,일반회계,2017,0.0,환경부,0.0,0.0,0.0,0.0
경제발전계정,31893000000.0,36324231900.0,0.0,0.0,0.0,0.0,8005200000.0,20627187950.0,지역발전특별회계,2017,7691843950.0,환경부,4431231900.0,0.0,0.0,0.0
생활기반계정,713524000000.0,774145500000.0,0.0,0.0,0.0,0.0,8298600000.0,765846900000.0,지역발전특별회계,2017,0.0,환경부,60621500000.0,0.0,0.0,0.0
세종특별자치시계정,32078000000.0,32078000000.0,0.0,0.0,0.0,0.0,0.0,32078000000.0,지역발전특별회계,2017,0.0,환경부,0.0,0.0,0.0,0.0
제주특별자치도계정,32545000000.0,32545000000.0,0.0,0.0,0.0,0.0,0.0,32545000000.0,지역발전특별회계,2017,0.0,환경부,0.0,0.0,0.0,0.0
,5031200204000.0,5150440165600.0,23055190000.0,-23055190000.0,17367699000.0,-17367699000.0,28635993760.0,5013914388910.0,환경개선특별회계,2017,107889782930.0,환경부,118623281600.0,0.0,0.0,616680000.0
,6171911000.0,6977366370.0,0.0,0.0,880915000.0,-880915000.0,1170919490.0,5806446880.0,일반회계,2016,0.0,4·16세월호참사 특별조사위원회,805455370.0,0.0,0.0,0.0
,118217163000.0,119274455950.0,0.0,0.0,490000000.0,-490000000.0,1923105260.0,116329007490.0,일반회계,2016,1022343200.0,감사원,1057292950.0,0.0,0.0,0.0
손익계정,67945376000.0,71727709480.0,0.0,0.0,311000000.0,-311000000.0,5063266080.0,66612337280.0,경찰병원,2016,52106120.0,경찰청,3782333480.0,0.0,0.0,0.0
자본계정,2892000000.0,4570058300.0,0.0,0.0,0.0,0.0,287715490.0,4282342810.0,경찰병원,2016,0.0,경찰청,1678058300.0,0.0,0.0,0.0
,9723225132000.0,9732786128600.0,966000000.0,-966000000.0,11317315000.0,-11317315000.0,301262353590.0,9415008758000.0,일반회계,2016,16515017010.0,경찰청,9560996600.0,0.0,0.0,0.0
경제발전계정,1741000000.0,1741000000.0,0.0,0.0,0.0,0.0,0.0,1741000000.0,지역발전특별회계,2016,0.0,경찰청,0.0,0.0,0.0,0.0
제주특별자치도계정,3726000000.0,3726000000.0,0.0,0.0,0.0,0.0,0.0,3726000000.0,지역발전특별회계,2016,0.0,경찰청,0.0,0.0,0.0,0.0
,49551000000.0,63236413470.0,0.0,0.0,0.0,0.0,926364860.0,62310048610.0,혁신도시건설특별회계,2016,0.0,경찰청,13685413470.0,0.0,0.0,0.0
투자계정,70856000000.0,70856000000.0,0.0,0.0,0.0,0.0,11796880.0,70844203120.0,에너지및자원사업특별회계,2016,0.0,고용노동부,0.0,0.0,0.0,0.0
,2126708964000.0,2132840020130.0,0.0,0.0,34231411000.0,-34231411000.0,93282691500.0,2037825045860.0,일반회계,2016,1732282770.0,고용노동부,1131056130.0,5000000000.0,0.0,0.0
생활기반계정,75179000000.0,75179000000.0,0.0,0.0,0.0,0.0,0.0,75179000000.0,지역발전특별회계,2016,0.0,고용노동부,0.0,0.0,0.0,0.0
세종특별자치시계정,572000000.0,572000000.0,0.0,0.0,0.0,0.0,0.0,572000000.0,지역발전특별회계,2016,0.0,고용노동부,0.0,0.0,0.0,0.0
제주특별자치도계정,8562000000.0,8562000000.0,0.0,0.0,0.0,0.0,0.0,8562000000.0,지역발전특별회계,2016,0.0,고용노동부,0.0,0.0,0.0,0.0
,110082071000.0,110129451000.0,0.0,0.0,291656000.0,-291656000.0,3867529980.0,106165431630.0,일반회계,2016,96489390.0,공정거래위원회,47380000.0,0.0,0.0,0.0
,501009491000.0,506322113880.0,0.0,0.0,2852573000.0,-2852573000.0,17419882540.0,488497565750.0,일반회계,2016,404665590.0,관세청,5312622880.0,0.0,0.0,0.0
,53183604330000.0,53757324074160.0,105045000.0,-105045000.0,15052254000.0,-15052254000.0,233156357240.0,53518160777690.0,일반회계,2016,6006939230.0,교육부,82640349160.0,485488842000.0,0.0,5590553000.0
경제발전계정,857324000000.0,857324000000.0,0.0,0.0,0.0,0.0,16361000000.0,840963000000.0,지역발전특별회계,2016,0.0,교육부,0.0,0.0,0.0,0.0
투자계정,26872000000.0,26872000000.0,0.0,0.0,0.0,0.0,2716389670.0,24155610330.0,에너지및자원사업특별회계,2016,0.0,국가보훈처,0.0,0.0,0.0,0.0
,4613403977000.0,4618704282850.0,19368000000.0,-19368000000.0,10440551000.0,-10440551000.0,9690851880.0,4600131142050.0,일반회계,2016,8882288920.0,국가보훈처,5300305850.0,0.0,0.0,0.0
제주특별자치도계정,1688000000.0,1688000000.0,0.0,0.0,0.0,0.0,0.0,1688000000.0,지역발전특별회계,2016,0.0,국가보훈처,0.0,0.0,0.0,0.0
,28175803000.0,28324803000.0,0.0,0.0,54700000.0,-54700000.0,1249003050.0,26935799950.0,일반회계,2016,140000000.0,국가인권위원회,149000000.0,0.0,0.0,0.0
,486039000000.0,486039000000.0,0.0,0.0,0.0,0.0,13128828840.0,470145683450.0,일반회계,2016,2764487710.0,국가정보원,0.0,0.0,0.0,0.0
투자계정,11655000000.0,14583974140.0,2928974140.0,0.0,1400000.0,-1400000.0,967029990.0,13471232910.0,에너지및자원사업특별회계,2016,145711240.0,국무조정실 및 국무총리비서실,0.0,0.0,0.0,0.0
,522961477000.0,525518901500.0,50905000.0,0.0,201970000.0,-201970000.0,16042571240.0,509363536260.0,일반회계,2016,112794000.0,국무조정실 및 국무총리비서실,139895500.0,2366624000.0,0.0,0.0
,0.0,1298551460.0,1298551460.0,0.0,13000000.0,-13000000.0,161546790.0,1137004670.0,환경개선특별회계,2016,0.0,국무조정실 및 국무총리비서실,0.0,0.0,0.0,0.0
,69533676000.0,69533676000.0,0.0,0.0,828946000.0,-828946000.0,2360561670.0,67173114330.0,일반회계,2016,0.0,국민권익위원회,0.0,0.0,0.0,0.0
,3001378309000.0,3219401269500.0,9372041000.0,-9372041000.0,12875098000.0,-12875098000.0,48463215220.0,3116641240810.0,일반회계,2016,54296813470.0,국민안전처,113985960500.0,104037000000.0,0.0,0.0
경제발전계정,56596000000.0,56596000000.0,0.0,0.0,0.0,0.0,0.0,56596000000.0,지역발전특별회계,2016,0.0,국민안전처,0.0,0.0,0.0,0.0
생활기반계정,199333000000.0,268732004000.0,0.0,0.0,0.0,0.0,0.0,268732004000.0,지역발전특별회계,2016,0.0,국민안전처,69399004000.0,0.0,0.0,0.0
세종특별자치시계정,12803000000.0,12803000000.0,0.0,0.0,0.0,0.0,0.0,12803000000.0,지역발전특별회계,2016,0.0,국민안전처,0.0,0.0,0.0,0.0
제주특별자치도계정,7437000000.0,7437000000.0,0.0,0.0,0.0,0.0,0.0,7437000000.0,지역발전특별회계,2016,0.0,국민안전처,0.0,0.0,0.0,0.0
,327282000000.0,348367612570.0,0.0,0.0,27163797450.0,-27163797450.0,95927581400.0,228943099960.0,국방·군사시설이전특별회계,2016,23496931210.0,국방부,21085612570.0,0.0,0.0,0.0
,27159740057000.0,27930584413850.0,329117529250.0,-20322028000.0,104539538400.0,-104539538400.0,646085494200.0,26790783730540.0,일반회계,2016,493715189110.0,국방부,462048855600.0,0.0,0.0,0.0
,715462000000.0,827415583890.0,0.0,0.0,6446735000.0,-6446735000.0,55764299280.0,666723788960.0,주한미군기지이전특별회계,2016,104927495650.0,국방부,111953583890.0,0.0,0.0,0.0
,164675000000.0,185324787560.0,0.0,0.0,0.0,0.0,0.0,134577385850.0,혁신도시건설특별회계,2016,50747401710.0,국방부,20649787560.0,0.0,0.0,0.0
,1548928486000.0,1549230065200.0,5759415000.0,-5759415000.0,1839775000.0,-1839775000.0,28755364890.0,1520166700310.0,일반회계,2016,308000000.0,국세청,301579200.0,0.0,0.0,0.0
공항계정,335822000000.0,372116434310.0,0.0,0.0,769100000.0,-769100000.0,20876961140.0,305731452380.0,교통시설특별회계,2016,45508020790.0,국토교통부,36294434310.0,0.0,0.0,0.0
교통체계관리계정,517063000000.0,517707656250.0,0.0,0.0,0.0,0.0,161094820080.0,356454136170.0,교통시설특별회계,2016,158700000.0,국토교통부,644656250.0,0.0,0.0,0.0
도로계정,8208506000000.0,8527731691140.0,0.0,0.0,292315791000.0,-292315791000.0,102102034700.0,8021508248010.0,교통시설특별회계,2016,404121408430.0,국토교통부,319225691140.0,0.0,0.0,0.0
철도계정,5924949000000.0,5925293000000.0,0.0,0.0,2530300000.0,-2530300000.0,67569369520.0,5857723630480.0,교통시설특별회계,2016,0.0,국토교통부,344000000.0,0.0,0.0,0.0
투자계정,10325000000.0,10792400000.0,467400000.0,0.0,0.0,0.0,351803540.0,10440596460.0,에너지및자원사업특별회계,2016,0.0,국토교통부,0.0,0.0,0.0,0.0
,20479848791000.0,20520944987740.0,92289610000.0,-92289610000.0,360442948000.0,-360442948000.0,90214489850.0,20378430525940.0,일반회계,2016,52299971950.0,국토교통부,40882818740.0,0.0,0.0,213378000.0
경제발전계정,1913197000000.0,2086249197160.0,0.0,0.0,122819000000.0,-122819000000.0,240629773350.0,1759697523930.0,지역발전특별회계,2016,85921899880.0,국토교통부,173052197160.0,0.0,0.0,0.0
생활기반계정,579135000000.0,680750250000.0,0.0,0.0,0.0,0.0,3870000000.0,636642250000.0,지역발전특별회계,2016,40238000000.0,국토교통부,101615250000.0,0.0,0.0,0.0
세종특별자치시계정,27381000000.0,29027501140.0,0.0,0.0,741000000.0,-741000000.0,450485130.0,21272213850.0,지역발전특별회계,2016,7304802160.0,국토교통부,1646501140.0,0.0,0.0,0.0
제주특별자치도계정,68492000000.0,68492000000.0,0.0,0.0,0.0,0.0,11358000000.0,57134000000.0,지역발전특별회계,2016,0.0,국토교통부,0.0,0.0,0.0,0.0
,191806000000.0,191815150000.0,0.0,0.0,0.0,0.0,158303794440.0,33431355560.0,혁신도시건설특별회계,2016,80000000.0,국토교통부,9150000.0,0.0,0.0,0.0
,556013300000.0,558013726170.0,0.0,0.0,746969000.0,-746969000.0,28333660780.0,524500258930.0,일반회계,2016,5179806460.0,국회,2000426170.0,1300000000.0,-1300000000.0,0.0
,2326873693000.0,2330292671000.0,0.0,0.0,1576416000.0,-1576416000.0,2345619380.0,2327896351620.0,일반회계,2016,50700000.0,금융위원회,137000000.0,3281978000.0,0.0,0.0
,402085872000.0,414210690650.0,0.0,0.0,2830309000.0,-2830309000.0,8395114530.0,396151955540.0,일반회계,2016,9663620580.0,기상청,12124818650.0,0.0,0.0,0.0
투자계정,0.0,275400000.0,275400000.0,0.0,170000000.0,-170000000.0,90986350.0,184413650.0,에너지및자원사업특별회계,2016,0.0,기획재정부,0.0,0.0,0.0,0.0
,26344818711000.0,25405506553260.0,0.0,0.0,8913361000.0,-8913361000.0,2796047152940.0,22583666636160.0,일반회계,2016,25792764160.0,기획재정부,13572092260.0,511880656000.0,-1464764906000.0,0.0
,0.0,2042000.0,2042000.0,0.0,0.0,0.0,440600.0,1601400.0,환경개선특별회계,2016,0.0,기획재정부,0.0,0.0,0.0,0.0
구조개선사업계정,5109086000000.0,6356495231100.0,10000070000.0,-10000070000.0,19088548000.0,-19088548000.0,585197918570.0,4741516044360.0,농어촌구조개선특별회계,2016,1029781268170.0,농림축산식품부,1247409231100.0,0.0,0.0,0.0
농어촌특별세사업계정,3964489000000.0,4598789000000.0,0.0,0.0,50000000.0,-50000000.0,280085749370.0,3818703250630.0,농어촌구조개선특별회계,2016,500000000000.0,농림축산식품부,634300000000.0,0.0,0.0,0.0
손익계정,1568688000000.0,1568688000000.0,0.0,0.0,51380960000.0,-51380960000.0,154360519240.0,1414327480760.0,양곡관리특별회계,2016,0.0,농림축산식품부,0.0,0.0,0.0,0.0
융자계정,16384000000.0,16384000000.0,0.0,0.0,0.0,0.0,1053829000.0,15330171000.0,에너지및자원사업특별회계,2016,0.0,농림축산식품부,0.0,0.0,0.0,0.0
투자계정,35984000000.0,36293400000.0,309400000.0,0.0,0.0,0.0,514544950.0,35778855050.0,에너지및자원사업특별회계,2016,0.0,농림축산식품부,0.0,0.0,0.0,0.0
,5940479693000.0,5944572549480.0,0.0,0.0,1428002000.0,-1428002000.0,14728991260.0,5925373309240.0,일반회계,2016,4470248980.0,농림축산식품부,3918856480.0,0.0,0.0,174000000.0
경제발전계정,15180000000.0,15180000000.0,0.0,0.0,0.0,0.0,586540000.0,14593460000.0,지역발전특별회계,2016,0.0,농림축산식품부,0.0,0.0,0.0,0.0
생활기반계정,1319265000000.0,1867803100000.0,0.0,0.0,0.0,0.0,800000000.0,1665212100000.0,지역발전특별회계,2016,201791000000.0,농림축산식품부,548538100000.0,0.0,0.0,0.0
세종특별자치시계정,6817000000.0,6817000000.0,0.0,0.0,0.0,0.0,0.0,6817000000.0,지역발전특별회계,2016,0.0,농림축산식품부,0.0,0.0,0.0,0.0
제주특별자치도계정,47902000000.0,48302000000.0,0.0,0.0,0.0,0.0,0.0,48302000000.0,지역발전특별회계,2016,0.0,농림축산식품부,400000000.0,0.0,0.0,0.0
,0.0,8016657740.0,0.0,0.0,0.0,0.0,59916900.0,7956740840.0,혁신도시건설특별회계,2016,0.0,농림축산식품부,8016657740.0,0.0,0.0,0.0
구조개선사업계정,44858000000.0,44891573650.0,0.0,0.0,0.0,0.0,256884330.0,44500975970.0,농어촌구조개선특별회계,2016,133713350.0,농촌진흥청,33573650.0,0.0,0.0,0.0
,778204931000.0,803365331660.0,0.0,0.0,4248214000.0,-4248214000.0,17881600420.0,732020153710.0,일반회계,2016,53463577530.0,농촌진흥청,25160400660.0,0.0,0.0,0.0
경제발전계정,49107000000.0,49107000000.0,0.0,0.0,0.0,0.0,62518760.0,49044481240.0,지역발전특별회계,2016,0.0,농촌진흥청,0.0,0.0,0.0,0.0
생활기반계정,48034000000.0,55622000000.0,0.0,0.0,0.0,0.0,0.0,49467000000.0,지역발전특별회계,2016,6155000000.0,농촌진흥청,7588000000.0,0.0,0.0,0.0
세종특별자치시계정,280000000.0,280000000.0,0.0,0.0,0.0,0.0,0.0,280000000.0,지역발전특별회계,2016,0.0,농촌진흥청,0.0,0.0,0.0,0.0
제주특별자치도계정,6675000000.0,6675000000.0,0.0,0.0,0.0,0.0,0.0,6675000000.0,지역발전특별회계,2016,0.0,농촌진흥청,0.0,0.0,0.0,0.0
,322871333000.0,325040251160.0,0.0,0.0,0.0,0.0,67311354600.0,253944796860.0,등기특별회계,2016,3784099700.0,대법원,2168918160.0,0.0,0.0,0.0
,1405489418000.0,1406427441400.0,0.0,0.0,50739956000.0,-50739956000.0,7594385550.0,1396680837510.0,일반회계,2016,2152218340.0,대법원,938023400.0,600000000.0,-600000000.0,0.0
,84469517000.0,84545117000.0,0.0,0.0,0.0,0.0,5814154450.0,78555614550.0,일반회계,2016,175348000.0,대통령경호실,75600000.0,0.0,0.0,0.0
,89022845000.0,89022845000.0,0.0,0.0,458000000.0,-458000000.0,4655939640.0,84366905360.0,일반회계,2016,0.0,대통령비서실 및 국가안보실,0.0,0.0,0.0,0.0
,648281549000.0,653537856260.0,0.0,0.0,1779616000.0,-1779616000.0,11300997030.0,640348241180.0,일반회계,2016,1888618050.0,문화재청,5256307260.0,0.0,0.0,0.0
경제발전계정,2500000000.0,2500000000.0,0.0,0.0,0.0,0.0,0.0,2500000000.0,지역발전특별회계,2016,0.0,문화재청,0.0,0.0,0.0,0.0
생활기반계정,12230000000.0,15635000000.0,0.0,0.0,0.0,0.0,700000000.0,13310000000.0,지역발전특별회계,2016,1625000000.0,문화재청,3405000000.0,0.0,0.0,0.0
,78953828000.0,89393905960.0,713000000.0,-713000000.0,10664456000.0,-10664456000.0,4468928350.0,76810133650.0,아시아문화중심도시조성특별회계,2016,8114843960.0,문화체육관광부,10440077960.0,0.0,0.0,0.0
,2025235190000.0,2050756847410.0,386704000.0,-386704000.0,26022021000.0,-26022021000.0,122080521600.0,1896434714730.0,일반회계,2016,32241611080.0,문화체육관광부,25521657410.0,0.0,0.0,0.0
경제발전계정,263241000000.0,263241000000.0,0.0,0.0,0.0,0.0,7656000000.0,255585000000.0,지역발전특별회계,2016,0.0,문화체육관광부,0.0,0.0,0.0,0.0
생활기반계정,527729000000.0,744877000000.0,0.0,0.0,0.0,0.0,11303133000.0,646033483000.0,지역발전특별회계,2016,87540384000.0,문화체육관광부,217148000000.0,0.0,0.0,0.0
세종특별자치시계정,3261000000.0,3261000000.0,0.0,0.0,0.0,0.0,0.0,3261000000.0,지역발전특별회계,2016,0.0,문화체육관광부,0.0,0.0,0.0,0.0
제주특별자치도계정,19616000000.0,19616000000.0,0.0,0.0,0.0,0.0,10052065000.0,9563935000.0,지역발전특별회계,2016,0.0,문화체육관광부,0.0,0.0,0.0,0.0
손익계정,26270406000.0,26330406000.0,0.0,0.0,152628000.0,-152628000.0,2514341200.0,23574504800.0,국립과천과학관,2016,241560000.0,미래창조과학부,60000000.0,0.0,0.0,0.0
자본계정,7652000000.0,7652000000.0,0.0,0.0,0.0,0.0,291691590.0,5585907010.0,국립과천과학관,2016,1774401400.0,미래창조과학부,0.0,0.0,0.0,0.0
손익계정,21322197000.0,21779697000.0,0.0,0.0,101300000.0,-101300000.0,620069430.0,21159627570.0,국립중앙과학관,2016,0.0,미래창조과학부,457500000.0,0.0,0.0,0.0
자본계정,8883000000.0,9783414000.0,0.0,0.0,0.0,0.0,340589130.0,8628682010.0,국립중앙과학관,2016,814142860.0,미래창조과학부,900414000.0,0.0,0.0,0.0
투자계정,373170000000.0,373170000000.0,0.0,0.0,0.0,0.0,3621594000.0,369548406000.0,에너지및자원사업특별회계,2016,0.0,미래창조과학부,0.0,0.0,0.0,0.0
,915238000000.0,915365900000.0,90394000000.0,-90394000000.0,0.0,0.0,220301085710.0,695000314290.0,우체국보험특별회계,2016,64500000.0,미래창조과학부,127900000.0,0.0,0.0,0.0
손익계정,3750987000000.0,3751078245000.0,0.0,0.0,0.0,0.0,1404160651590.0,2346826348410.0,우체국예금특별회계,2016,91245000.0,미래창조과학부,91245000.0,0.0,0.0,0.0
자본계정,9142000000.0,9142000000.0,0.0,0.0,0.0,0.0,719108860.0,8422891140.0,우체국예금특별회계,2016,0.0,미래창조과학부,0.0,0.0,0.0,0.0
손익계정,4016601152000.0,4016946910830.0,8471000000.0,-8471000000.0,17523000000.0,-17523000000.0,329450255340.0,3686189167230.0,우편사업특별회계,2016,1307488260.0,미래창조과학부,345758830.0,0.0,0.0,0.0
자본계정,183223000000.0,200858903410.0,0.0,0.0,0.0,0.0,6657407270.0,184754392510.0,우편사업특별회계,2016,9447103630.0,미래창조과학부,17635903410.0,0.0,0.0,0.0
,6023891112000.0,6043795902230.0,0.0,0.0,9592120000.0,-9592120000.0,43196721730.0,5947131465550.0,일반회계,2016,53467714950.0,미래창조과학부,19904790230.0,0.0,0.0,0.0
경제발전계정,234268000000.0,234268000000.0,0.0,0.0,0.0,0.0,5001104850.0,229266895150.0,지역발전특별회계,2016,0.0,미래창조과학부,0.0,0.0,0.0,0.0
제주특별자치도계정,930000000.0,930000000.0,0.0,0.0,0.0,0.0,0.0,930000000.0,지역발전특별회계,2016,0.0,미래창조과학부,0.0,0.0,0.0,0.0
,26705779000.0,26705779000.0,0.0,0.0,31848000.0,-31848000.0,219167140.0,26486611860.0,일반회계,2016,0.0,민주평화통일자문회의,0.0,0.0,0.0,0.0
,55618604000.0,55618604000.0,0.0,0.0,19000000.0,-19000000.0,1415571330.0,54203032670.0,일반회계,2016,0.0,방송통신위원회,0.0,0.0,0.0,0.0
,11682437314000.0,11897301624520.0,46743674840.0,-355539176090.0,186645298660.0,-186645298660.0,225271590220.0,11124298189150.0,일반회계,2016,547731845150.0,방위사업청,523659811770.0,0.0,0.0,0.0
,87306000000.0,88131897670.0,0.0,0.0,1906010000.0,-1906010000.0,1887696830.0,86244200840.0,교도작업특별회계,2016,0.0,법무부,825897670.0,0.0,0.0,0.0
,3046273013000.0,3236988182440.0,35469823000.0,-35469823000.0,10826345000.0,-10826345000.0,16956521260.0,3214855869400.0,일반회계,2016,5175791780.0,법무부,5170363440.0,185544806000.0,0.0,0.0
,31305746000.0,31305746000.0,0.0,0.0,33438000.0,-33438000.0,800655950.0,30505090050.0,일반회계,2016,0.0,법제처,0.0,0.0,0.0,0.0
,204364600000.0,204589600000.0,0.0,0.0,1869130000.0,-1869130000.0,8407587900.0,196177721600.0,일반회계,2016,4290500.0,병무청,225000000.0,0.0,0.0,0.0
손익계정,13404615000.0,13404615000.0,0.0,0.0,15748000.0,-15748000.0,909935300.0,12494679700.0,국립공주병원,2016,0.0,보건복지부,0.0,0.0,0.0,0.0
자본계정,2141000000.0,2667762610.0,0.0,0.0,0.0,0.0,246620400.0,2421142210.0,국립공주병원,2016,0.0,보건복지부,526762610.0,0.0,0.0,0.0
손익계정,18528910000.0,18528910000.0,297099000.0,-297099000.0,24286000.0,-24286000.0,1052710620.0,17476199380.0,국립나주병원,2016,0.0,보건복지부,0.0,0.0,0.0,0.0
자본계정,1665000000.0,1665000000.0,0.0,0.0,0.0,0.0,78013630.0,1586986370.0,국립나주병원,2016,0.0,보건복지부,0.0,0.0,0.0,0.0
손익계정,11347559000.0,11347559000.0,0.0,0.0,43550000.0,-43550000.0,872797570.0,10474761430.0,국립마산병원,2016,0.0,보건복지부,0.0,0.0,0.0,0.0
자본계정,1079000000.0,1079000000.0,0.0,0.0,0.0,0.0,46775260.0,722679460.0,국립마산병원,2016,309545280.0,보건복지부,0.0,0.0,0.0,0.0
손익계정,8418765000.0,8418765000.0,0.0,0.0,86118000.0,-86118000.0,610698410.0,7808066590.0,국립목포병원,2016,0.0,보건복지부,0.0,0.0,0.0,0.0
자본계정,1569000000.0,1569000000.0,0.0,0.0,0.0,0.0,53488970.0,1515511030.0,국립목포병원,2016,0.0,보건복지부,0.0,0.0,0.0,0.0
손익계정,16467222000.0,16467222000.0,0.0,0.0,0.0,0.0,1200487300.0,15266734700.0,국립부곡병원,2016,0.0,보건복지부,0.0,0.0,0.0,0.0
자본계정,1376000000.0,1376000000.0,0.0,0.0,0.0,0.0,30912140.0,1345087860.0,국립부곡병원,2016,0.0,보건복지부,0.0,0.0,0.0,0.0
손익계정,33828302000.0,41408108840.0,0.0,0.0,760000000.0,-760000000.0,1557970950.0,39083360560.0,국립서울병원,2016,766777330.0,보건복지부,739103840.0,0.0,0.0,6840703000.0
자본계정,23232000000.0,31407595810.0,0.0,0.0,0.0,0.0,700477740.0,30579423070.0,국립서울병원,2016,127695000.0,보건복지부,8175595810.0,0.0,0.0,0.0
손익계정,37944700000.0,38513313000.0,0.0,0.0,186984000.0,-186984000.0,1479457070.0,36986982400.0,국립재활원,2016,46873530.0,보건복지부,147000000.0,0.0,0.0,421613000.0
자본계정,2264000000.0,2264000000.0,0.0,0.0,0.0,0.0,8614940.0,2255385060.0,국립재활원,2016,0.0,보건복지부,0.0,0.0,0.0,0.0
손익계정,11892608000.0,11936309680.0,0.0,0.0,175074000.0,-175074000.0,131333100.0,11611122180.0,국립춘천병원,2016,193854400.0,보건복지부,43701680.0,0.0,0.0,0.0
자본계정,1090000000.0,1090000000.0,0.0,0.0,30000000.0,-30000000.0,101456060.0,985534940.0,국립춘천병원,2016,3009000.0,보건복지부,0.0,0.0,0.0,0.0
농어촌특별세사업계정,39842000000.0,39842000000.0,0.0,0.0,0.0,0.0,0.0,39842000000.0,농어촌구조개선특별회계,2016,0.0,보건복지부,0.0,0.0,0.0,0.0
,33407909479000.0,33471765594510.0,9956548000.0,-9956548000.0,66381242000.0,-66381242000.0,271442065090.0,33175531821220.0,일반회계,2016,24791708200.0,보건복지부,56002115510.0,7854000000.0,0.0,0.0
경제발전계정,44465000000.0,44465000000.0,0.0,0.0,1581500000.0,-1581500000.0,149880350.0,44315119650.0,지역발전특별회계,2016,0.0,보건복지부,0.0,0.0,0.0,0.0
생활기반계정,216202000000.0,248117600000.0,0.0,0.0,0.0,0.0,0.0,248117600000.0,지역발전특별회계,2016,0.0,보건복지부,31915600000.0,0.0,0.0,0.0
세종특별자치시계정,700000000.0,700000000.0,0.0,0.0,0.0,0.0,0.0,700000000.0,지역발전특별회계,2016,0.0,보건복지부,0.0,0.0,0.0,0.0
제주특별자치도계정,6828000000.0,6828000000.0,0.0,0.0,0.0,0.0,0.0,6828000000.0,지역발전특별회계,2016,0.0,보건복지부,0.0,0.0,0.0,0.0
손익계정,27131989000.0,27131989000.0,0.0,0.0,27460000.0,-27460000.0,970488830.0,26161500170.0,국립자연휴양림관리소,2016,0.0,산림청,0.0,0.0,0.0,0.0
자본계정,20694000000.0,20694000000.0,0.0,0.0,0.0,0.0,1010714010.0,19683285990.0,국립자연휴양림관리소,2016,0.0,산림청,0.0,0.0,0.0,0.0
임업진흥사업계정,806644000000.0,807068353910.0,0.0,0.0,200000000.0,-200000000.0,6155133630.0,800913220280.0,농어촌구조개선특별회계,2016,0.0,산림청,424353910.0,0.0,0.0,0.0
,1643974483000.0,1661347254940.0,0.0,0.0,50978000.0,-50978000.0,23443094180.0,1597320762220.0,일반회계,2016,40583398540.0,산림청,17372771940.0,0.0,0.0,0.0
경제발전계정,61643000000.0,61643000000.0,0.0,0.0,0.0,0.0,817397190.0,60825602810.0,지역발전특별회계,2016,0.0,산림청,0.0,0.0,0.0,0.0
생활기반계정,254893000000.0,262077527000.0,0.0,0.0,0.0,0.0,0.0,240473618000.0,지역발전특별회계,2016,21603909000.0,산림청,7184527000.0,0.0,0.0,0.0
세종특별자치시계정,540000000.0,540000000.0,0.0,0.0,0.0,0.0,0.0,540000000.0,지역발전특별회계,2016,0.0,산림청,0.0,0.0,0.0,0.0
제주특별자치도계정,5616000000.0,5616000000.0,0.0,0.0,0.0,0.0,0.0,5616000000.0,지역발전특별회계,2016,0.0,산림청,0.0,0.0,0.0,0.0
융자계정,1165321000000.0,1165321000000.0,0.0,0.0,0.0,0.0,100000.0,1165320900000.0,에너지및자원사업특별회계,2016,0.0,산업통상자원부,0.0,0.0,0.0,0.0
투자계정,3809136000000.0,3811171270000.0,1051400000.0,0.0,879000000.0,-879000000.0,1104832712350.0,2705638939070.0,에너지및자원사업특별회계,2016,699618580.0,산업통상자원부,983870000.0,0.0,0.0,0.0
,3185155831000.0,3188458014850.0,0.0,0.0,62514565000.0,-62514565000.0,16024850170.0,3171147843770.0,일반회계,2016,1285320910.0,산업통상자원부,3302183850.0,0.0,0.0,0.0
경제발전계정,1102013000000.0,1118138364000.0,0.0,0.0,10404000000.0,-10404000000.0,12555568780.0,1105394113490.0,지역발전특별회계,2016,188681730.0,산업통상자원부,16125364000.0,0.0,0.0,0.0
생활기반계정,87295000000.0,87295000000.0,0.0,0.0,0.0,0.0,320000000.0,86975000000.0,지역발전특별회계,2016,0.0,산업통상자원부,0.0,0.0,0.0,0.0
세종특별자치시계정,18957000000.0,18957000000.0,0.0,0.0,0.0,0.0,0.0,18957000000.0,지역발전특별회계,2016,0.0,산업통상자원부,0.0,0.0,0.0,0.0
제주특별자치도계정,1030000000.0,1030000000.0,0.0,0.0,0.0,0.0,675000000.0,355000000.0,지역발전특별회계,2016,0.0,산업통상자원부,0.0,0.0,0.0,0.0
,72438573000.0,74963963180.0,0.0,-50905000.0,288763000.0,-288763000.0,1673014520.0,71076339190.0,일반회계,2016,2214609470.0,새만금개발청,2576295180.0,0.0,0.0,0.0
경제발전계정,3401000000.0,3401000000.0,0.0,0.0,0.0,0.0,0.0,3401000000.0,지역발전특별회계,2016,0.0,새만금개발청,0.0,0.0,0.0,0.0
생활기반계정,5000000000.0,5000000000.0,0.0,0.0,0.0,0.0,0.0,5000000000.0,지역발전특별회계,2016,0.0,새만금개발청,0.0,0.0,0.0,0.0
구조개선사업계정,11903000000.0,11960600000.0,0.0,0.0,20000000.0,-20000000.0,82468510.0,11800910590.0,농어촌구조개선특별회계,2016,77220900.0,식품의약품안전처,57600000.0,0.0,0.0,0.0
,413547723000.0,420665066690.0,0.0,0.0,2634926000.0,-2634926000.0,12933347980.0,400784016370.0,일반회계,2016,6947702340.0,식품의약품안전처,7087513690.0,0.0,0.0,29830000.0
경제발전계정,4362000000.0,4362000000.0,0.0,0.0,0.0,0.0,0.0,4362000000.0,지역발전특별회계,2016,0.0,식품의약품안전처,0.0,0.0,0.0,0.0
제주특별자치도계정,133000000.0,133000000.0,0.0,0.0,0.0,0.0,0.0,133000000.0,지역발전특별회계,2016,0.0,식품의약품안전처,0.0,0.0,0.0,0.0
,284912605000.0,285012851640.0,0.0,0.0,63555000.0,-63555000.0,4090826110.0,278689420810.0,일반회계,2016,2232604720.0,여성가족부,100246640.0,0.0,0.0,0.0
생활기반계정,45877000000.0,63091000000.0,0.0,0.0,0.0,0.0,0.0,63091000000.0,지역발전특별회계,2016,0.0,여성가족부,17214000000.0,0.0,0.0,0.0
제주특별자치도계정,2240000000.0,2240000000.0,0.0,0.0,0.0,0.0,0.0,2240000000.0,지역발전특별회계,2016,0.0,여성가족부,0.0,0.0,0.0,0.0
,2139303240000.0,2171768726520.0,196776000.0,-196776000.0,9048333000.0,-9048333000.0,61421575290.0,2102647370820.0,일반회계,2016,7699780410.0,외교부,9041887520.0,0.0,0.0,23423599000.0
,90968152000.0,91014840630.0,0.0,0.0,62700000.0,-62700000.0,677010820.0,90196359360.0,일반회계,2016,141470450.0,원자력안전위원회,46688630.0,0.0,0.0,0.0
,3152223692000.0,3159081597540.0,0.0,0.0,482327000.0,-482327000.0,7132075080.0,3151666422460.0,일반회계,2016,283100000.0,인사혁신처,454054540.0,5690000000.0,0.0,713851000.0
,0.0,35013359340.0,0.0,0.0,0.0,0.0,2831203770.0,32182155570.0,혁신도시건설특별회계,2016,0.0,인사혁신처,35013359340.0,0.0,0.0,0.0
손익계정,220620119000.0,221290787810.0,0.0,0.0,658508000.0,-658508000.0,27922723020.0,193071312150.0,조달특별회계,2016,296752640.0,조달청,670668810.0,0.0,0.0,0.0
자본계정,128616000000.0,128616000000.0,0.0,0.0,0.0,0.0,71798919560.0,56527563820.0,조달특별회계,2016,289516620.0,조달청,0.0,0.0,0.0,0.0
,3119359205000.0,3119359205000.0,0.0,0.0,1998705000.0,-1998705000.0,6859913360.0,3112499291640.0,일반회계,2016,0.0,중소기업청,0.0,0.0,0.0,0.0
경제발전계정,186076000000.0,186076000000.0,0.0,0.0,0.0,0.0,7850590.0,186068149410.0,지역발전특별회계,2016,0.0,중소기업청,0.0,0.0,0.0,0.0
생활기반계정,77430000000.0,77430000000.0,0.0,0.0,0.0,0.0,0.0,73430000000.0,지역발전특별회계,2016,4000000000.0,중소기업청,0.0,0.0,0.0,0.0
세종특별자치시계정,120000000.0,120000000.0,0.0,0.0,0.0,0.0,0.0,120000000.0,지역발전특별회계,2016,0.0,중소기업청,0.0,0.0,0.0,0.0
제주특별자치도계정,5620000000.0,5620000000.0,0.0,0.0,0.0,0.0,0.0,5620000000.0,지역발전특별회계,2016,0.0,중소기업청,0.0,0.0,0.0,0.0
,638197173000.0,638197173000.0,0.0,0.0,3520169000.0,-3520169000.0,15956286300.0,621991776550.0,일반회계,2016,249110150.0,중앙선거관리위원회,0.0,460000000.0,-460000000.0,0.0
,330636428000.0,331274529000.0,0.0,0.0,413488000.0,-413488000.0,11110532310.0,320163996690.0,일반회계,2016,0.0,통계청,0.0,0.0,0.0,638101000.0
,363071496000.0,462343290190.0,0.0,0.0,2257835000.0,-2257835000.0,51078136320.0,405191883680.0,일반회계,2016,6073270190.0,통일부,2195794190.0,97076000000.0,0.0,0.0
손익계정,486885597000.0,486925597000.0,0.0,0.0,131161000.0,-131161000.0,10495712980.0,476366284020.0,특허청,2016,63600000.0,특허청,0.0,0.0,0.0,40000000.0
자본계정,106773000000.0,106773000000.0,0.0,0.0,0.0,0.0,492466190.0,106280533810.0,특허청,2016,0.0,특허청,0.0,0.0,0.0,0.0
항만계정,1504446000000.0,1746183313230.0,1000000000.0,-1000000000.0,19422000000.0,-19422000000.0,141929674270.0,1389687772580.0,교통시설특별회계,2016,214565866380.0,해양수산부,241737313230.0,0.0,0.0,0.0
구조개선사업계정,690886000000.0,812999915050.0,370000000.0,-370000000.0,6212755000.0,-6212755000.0,40271558140.0,735999848200.0,농어촌구조개선특별회계,2016,36728508710.0,해양수산부,114113915050.0,8000000000.0,0.0,0.0
농어촌특별세사업계정,319357000000.0,357344987490.0,0.0,0.0,9000000000.0,-9000000000.0,17640909280.0,316008435920.0,농어촌구조개선특별회계,2016,23695642290.0,해양수산부,37987987490.0,0.0,0.0,0.0
손익계정,25978869000.0,26569494360.0,0.0,0.0,74000000.0,-74000000.0,774566360.0,25794928000.0,대산지방해양수산청,2016,0.0,해양수산부,90740360.0,0.0,0.0,499885000.0
자본계정,23924000000.0,27126585170.0,0.0,0.0,0.0,0.0,12159151770.0,14967433400.0,대산지방해양수산청,2016,0.0,해양수산부,2810180170.0,0.0,0.0,392405000.0
투자계정,45168000000.0,45168000000.0,0.0,0.0,0.0,0.0,321033950.0,44846966050.0,에너지및자원사업특별회계,2016,0.0,해양수산부,0.0,0.0,0.0,0.0
,2732666251000.0,2817569122800.0,6683000000.0,-6683000000.0,3611128000.0,-3611128000.0,75494890260.0,2652107686650.0,일반회계,2016,89966545890.0,해양수산부,64599871800.0,20303000000.0,0.0,0.0
경제발전계정,43872000000.0,43872000000.0,0.0,0.0,0.0,0.0,0.0,43872000000.0,지역발전특별회계,2016,0.0,해양수산부,0.0,0.0,0.0,0.0
생활기반계정,247805000000.0,297524000000.0,0.0,0.0,0.0,0.0,600000000.0,277116000000.0,지역발전특별회계,2016,19808000000.0,해양수산부,49719000000.0,0.0,0.0,0.0
제주특별자치도계정,140425000000.0,140425000000.0,0.0,0.0,0.0,0.0,0.0,140425000000.0,지역발전특별회계,2016,0.0,해양수산부,0.0,0.0,0.0,0.0
,38376921387000.0,38388774026350.0,18200279000.0,-18200279000.0,8916230000.0,-8916230000.0,22450719400.0,38344059772340.0,일반회계,2016,22263534610.0,행정자치부,5212639350.0,4742000000.0,0.0,1898000000.0
경제발전계정,93811000000.0,93811000000.0,0.0,0.0,0.0,0.0,1071225750.0,92739774250.0,지역발전특별회계,2016,0.0,행정자치부,0.0,0.0,0.0,0.0
생활기반계정,216160000000.0,288803640000.0,0.0,0.0,0.0,0.0,500000.0,278892500000.0,지역발전특별회계,2016,9910640000.0,행정자치부,72643640000.0,0.0,0.0,0.0
세종특별자치시계정,249000000.0,249000000.0,0.0,0.0,0.0,0.0,0.0,249000000.0,지역발전특별회계,2016,0.0,행정자치부,0.0,0.0,0.0,0.0
제주특별자치도계정,3676000000.0,3676000000.0,0.0,0.0,0.0,0.0,0.0,3676000000.0,지역발전특별회계,2016,0.0,행정자치부,0.0,0.0,0.0,0.0
,266732000000.0,266732000000.0,0.0,0.0,0.0,0.0,0.0,266732000000.0,일반회계,2016,0.0,행정중심복합도시건설청,0.0,0.0,0.0,0.0
,268450626000.0,346274384940.0,0.0,0.0,38387150000.0,-38387150000.0,12324225610.0,297854517370.0,행정중심복합도시건설특별회계,2016,36095641960.0,행정중심복합도시건설청,77823758940.0,0.0,0.0,0.0
,40592150000.0,40592150000.0,0.0,0.0,92000000.0,-92000000.0,1361562930.0,39230587070.0,일반회계,2016,0.0,헌법재판소,0.0,25000000.0,-25000000.0,0.0
농어촌특별세사업계정,101493000000.0,101493000000.0,0.0,0.0,0.0,0.0,0.0,101493000000.0,농어촌구조개선특별회계,2016,0.0,환경부,0.0,0.0,0.0,0.0
투자계정,308102000000.0,303952651670.0,0.0,-5032574140.0,0.0,0.0,582031360.0,302703832310.0,에너지및자원사업특별회계,2016,666788000.0,환경부,883225810.0,0.0,0.0,0.0
,3818347000000.0,3849847000000.0,0.0,0.0,0.0,0.0,0.0,3849847000000.0,일반회계,2016,0.0,환경부,0.0,31500000000.0,0.0,0.0
경제발전계정,31441000000.0,31441000000.0,0.0,0.0,0.0,0.0,6600285430.0,20409482670.0,지역발전특별회계,2016,4431231900.0,환경부,0.0,0.0,0.0,0.0
생활기반계정,678514000000.0,717759700000.0,0.0,0.0,0.0,0.0,8870000000.0,648268200000.0,지역발전특별회계,2016,60621500000.0,환경부,39245700000.0,0.0,0.0,0.0
세종특별자치시계정,32014000000.0,32014000000.0,0.0,0.0,0.0,0.0,0.0,32014000000.0,지역발전특별회계,2016,0.0,환경부,0.0,0.0,0.0,0.0
제주특별자치도계정,31199000000.0,31199000000.0,0.0,0.0,0.0,0.0,1771600000.0,29427400000.0,지역발전특별회계,2016,0.0,환경부,0.0,0.0,0.0,0.0
,5034981808000.0,5129089059980.0,10605130000.0,-11905723460.0,15621606000.0,-15621606000.0,40079575480.0,4970386202900.0,환경개선특별회계,2016,118623281600.0,환경부,63570804440.0,31500000000.0,0.0,337041000.0
,0.0,8910020000.0,0.0,0.0,103755000.0,-103755000.0,1040458460.0,7064106170.0,일반회계,2015,805455370.0,4·16세월호참사 특별조사위원회,0.0,8910020000.0,0.0,0.0
,111773718000.0,112114363000.0,0.0,0.0,1632086000.0,-1632086000.0,846210960.0,110210859090.0,일반회계,2015,1057292950.0,감사원,340645000.0,0.0,0.0,0.0
손익계정,66969409000.0,66969409000.0,0.0,0.0,261000000.0,-261000000.0,2503384880.0,60683690640.0,경찰병원,2015,3782333480.0,경찰청,0.0,0.0,0.0,0.0
자본계정,3202000000.0,3202000000.0,0.0,0.0,0.0,0.0,252752090.0,1271189610.0,경찰병원,2015,1678058300.0,경찰청,0.0,0.0,0.0,0.0
,9255694891000.0,9281478035310.0,17562066000.0,0.0,8982575000.0,-8982575000.0,392773951230.0,8879143087480.0,일반회계,2015,9560996600.0,경찰청,7101078310.0,1120000000.0,0.0,0.0
경제발전계정,15116000000.0,15116000000.0,0.0,0.0,0.0,0.0,9551500000.0,5564500000.0,지역발전특별회계,2015,0.0,경찰청,0.0,0.0,0.0,0.0
세종특별자치시계정,572000000.0,572000000.0,0.0,0.0,0.0,0.0,572000000.0,0.0,지역발전특별회계,2015,0.0,경찰청,0.0,0.0,0.0,0.0
제주특별자치도계정,3547000000.0,3547000000.0,0.0,0.0,0.0,0.0,0.0,3547000000.0,지역발전특별회계,2015,0.0,경찰청,0.0,0.0,0.0,0.0
,79942000000.0,97853983030.0,0.0,0.0,0.0,0.0,0.0,84168569560.0,혁신도시건설특별회계,2015,13685413470.0,경찰청,17911983030.0,0.0,0.0,0.0
투자계정,61896000000.0,61896000000.0,0.0,0.0,0.0,0.0,35752350.0,61860247650.0,에너지및자원사업특별회계,2015,0.0,고용노동부,0.0,0.0,0.0,0.0
,2076628530000.0,2083430445050.0,0.0,0.0,31135153000.0,-31135153000.0,111754630450.0,1970544758470.0,일반회계,2015,1131056130.0,고용노동부,1414915050.0,5387000000.0,0.0,0.0
생활기반계정,81489000000.0,81489000000.0,0.0,0.0,0.0,0.0,0.0,81489000000.0,지역발전특별회계,2015,0.0,고용노동부,0.0,0.0,0.0,0.0
세종특별자치시계정,303000000.0,303000000.0,0.0,0.0,0.0,0.0,0.0,303000000.0,지역발전특별회계,2015,0.0,고용노동부,0.0,0.0,0.0,0.0
제주특별자치도계정,8266000000.0,8266000000.0,0.0,0.0,0.0,0.0,0.0,8266000000.0,지역발전특별회계,2015,0.0,고용노동부,0.0,0.0,0.0,0.0
,103972838000.0,104467838000.0,47000000.0,-47000000.0,606100000.0,-606100000.0,1351737560.0,103068720440.0,일반회계,2015,47380000.0,공정거래위원회,0.0,495000000.0,0.0,0.0
,481386422000.0,511546419000.0,0.0,0.0,2959137000.0,-2959137000.0,10420270190.0,495813525930.0,일반회계,2015,5312622880.0,관세청,30159997000.0,0.0,0.0,0.0
,50325564676000.0,51725206244160.0,101747858980.0,0.0,2168096000.0,-2168096000.0,1637143261720.0,50005422633280.0,일반회계,2015,82640349160.0,교육부,782192887180.0,511180557000.0,0.0,4520265000.0
경제발전계정,866720000000.0,866720000000.0,0.0,0.0,0.0,0.0,0.0,866720000000.0,지역발전특별회계,2015,0.0,교육부,0.0,0.0,0.0,0.0
,31809000000.0,33495249620.0,0.0,0.0,0.0,0.0,5999083380.0,27496166240.0,혁신도시건설특별회계,2015,0.0,교육부,1686249620.0,0.0,0.0,0.0
투자계정,29224000000.0,29224000000.0,0.0,0.0,0.0,0.0,4292938920.0,24931061080.0,에너지및자원사업특별회계,2015,0.0,국가보훈처,0.0,0.0,0.0,0.0
,4436439213000.0,4440725439430.0,12900000000.0,-12900000000.0,3751517000.0,-3751517000.0,6423240870.0,4429001892710.0,일반회계,2015,5300305850.0,국가보훈처,857768430.0,3428458000.0,0.0,0.0
제주특별자치도계정,1701000000.0,1701000000.0,0.0,0.0,0.0,0.0,0.0,1701000000.0,지역발전특별회계,2015,0.0,국가보훈처,0.0,0.0,0.0,0.0
,26926420000.0,27253420000.0,100000000.0,0.0,1205845000.0,-1205845000.0,658581850.0,26445838150.0,일반회계,2015,149000000.0,국가인권위원회,227000000.0,0.0,0.0,0.0
,478236000000.0,481632203650.0,0.0,0.0,0.0,0.0,8106292430.0,473525911220.0,일반회계,2015,0.0,국가정보원,3396203650.0,0.0,0.0,0.0
투자계정,13183000000.0,13183000000.0,0.0,0.0,0.0,0.0,0.0,13183000000.0,에너지및자원사업특별회계,2015,0.0,국무조정실 및 국무총리비서실,0.0,0.0,0.0,0.0
,514561502000.0,517794182120.0,0.0,0.0,221029000.0,-221029000.0,5661274980.0,511993011640.0,일반회계,2015,139895500.0,국무조정실 및 국무총리비서실,956466120.0,2276214000.0,0.0,0.0
,64926425000.0,64926425000.0,0.0,0.0,340279000.0,-340279000.0,2656916890.0,62269508110.0,일반회계,2015,0.0,국민권익위원회,0.0,0.0,0.0,0.0
항만계정,0.0,2851434830.0,0.0,0.0,0.0,0.0,14411490.0,2837023340.0,교통시설특별회계,2015,0.0,국민안전처,2851434830.0,0.0,0.0,0.0
농어촌특별세사업계정,0.0,96155000000.0,0.0,0.0,0.0,0.0,0.0,96155000000.0,농어촌구조개선특별회계,2015,0.0,국민안전처,96155000000.0,0.0,0.0,0.0
,94200000000.0,3173320593550.0,3013691968000.0,-14409233000.0,31199576000.0,-31199576000.0,101111478290.0,2958223154760.0,일반회계,2015,113985960500.0,국민안전처,45704858550.0,34133000000.0,0.0,0.0
경제발전계정,0.0,87047000000.0,67347000000.0,0.0,0.0,0.0,0.0,87047000000.0,지역발전특별회계,2015,0.0,국민안전처,19700000000.0,0.0,0.0,0.0
생활기반계정,30000000000.0,250642000000.0,220642000000.0,0.0,0.0,0.0,0.0,181242996000.0,지역발전특별회계,2015,69399004000.0,국민안전처,0.0,0.0,0.0,0.0
세종특별자치시계정,0.0,10227000000.0,10227000000.0,0.0,0.0,0.0,0.0,10227000000.0,지역발전특별회계,2015,0.0,국민안전처,0.0,0.0,0.0,0.0
제주특별자치도계정,0.0,10560000000.0,10560000000.0,0.0,0.0,0.0,0.0,10560000000.0,지역발전특별회계,2015,0.0,국민안전처,0.0,0.0,0.0,0.0
,0.0,8087152020.0,4306000000.0,0.0,0.0,0.0,1381182860.0,6705969160.0,혁신도시건설특별회계,2015,0.0,국민안전처,3781152020.0,0.0,0.0,0.0
,353472000000.0,356492485890.0,0.0,0.0,8381674000.0,-8381674000.0,139526800320.0,195880073000.0,국방·군사시설이전특별회계,2015,21085612570.0,국방부,3020485890.0,0.0,0.0,0.0
,26541032431000.0,26898412751430.0,16489069670.0,-16078158670.0,129401062140.0,-129401062140.0,709939140040.0,25726424755790.0,일반회계,2015,462048855600.0,국방부,356969409430.0,0.0,0.0,0.0
,775778000000.0,862647448810.0,0.0,0.0,15000000000.0,-15000000000.0,33793470110.0,716900394810.0,주한미군기지이전특별회계,2015,111953583890.0,국방부,86869448810.0,0.0,0.0,0.0
,106724000000.0,109452171910.0,0.0,0.0,0.0,0.0,0.0,88802384350.0,혁신도시건설특별회계,2015,20649787560.0,국방부,2728171910.0,0.0,0.0,0.0
,1535073739000.0,1536722245550.0,1755940000.0,-1755940000.0,3211180000.0,-3211180000.0,55868418040.0,1480552248310.0,일반회계,2015,301579200.0,국세청,685119550.0,963387000.0,0.0,0.0
,52199000000.0,63323988170.0,0.0,0.0,0.0,0.0,618028090.0,62705960080.0,혁신도시건설특별회계,2015,0.0,국세청,11124988170.0,0.0,0.0,0.0
공항계정,308789000000.0,316637696210.0,0.0,0.0,27838000.0,-27838000.0,147923383440.0,132419878460.0,교통시설특별회계,2015,36294434310.0,국토교통부,7848696210.0,0.0,0.0,0.0
교통체계관리계정,831079000000.0,839585390000.0,0.0,0.0,0.0,0.0,33844438400.0,805096295350.0,교통시설특별회계,2015,644656250.0,국토교통부,8506390000.0,0.0,0.0,0.0
도로계정,9465678000000.0,9598201649550.0,0.0,0.0,413754566000.0,-413754566000.0,68242373010.0,9210733585400.0,교통시설특별회계,2015,319225691140.0,국토교통부,132523649550.0,0.0,0.0,0.0
철도계정,6366667000000.0,6390389794800.0,0.0,0.0,56213000000.0,-56213000000.0,12555178410.0,6377490616390.0,교통시설특별회계,2015,344000000.0,국토교통부,23722794800.0,0.0,0.0,0.0
투자계정,6777000000.0,7625060000.0,0.0,0.0,0.0,0.0,49000000.0,7576060000.0,에너지및자원사업특별회계,2015,0.0,국토교통부,848060000.0,0.0,0.0,0.0
,22041811245000.0,22623105385880.0,538367400000.0,-3026400000.0,19975967000.0,-19975967000.0,253969644130.0,22328252923010.0,일반회계,2015,40882818740.0,국토교통부,36366116880.0,9375000000.0,0.0,212024000.0
경제발전계정,2218339000000.0,2488919965850.0,0.0,0.0,98417000000.0,-98417000000.0,216429221570.0,2099438547120.0,지역발전특별회계,2015,173052197160.0,국토교통부,270580965850.0,0.0,0.0,0.0
생활기반계정,505705000000.0,706257884000.0,0.0,0.0,0.0,0.0,27393000000.0,577249634000.0,지역발전특별회계,2015,101615250000.0,국토교통부,200552884000.0,0.0,0.0,0.0
세종특별자치시계정,39541000000.0,39541000000.0,0.0,0.0,16375000000.0,-16375000000.0,2373863770.0,35520635090.0,지역발전특별회계,2015,1646501140.0,국토교통부,0.0,0.0,0.0,0.0
제주특별자치도계정,62680000000.0,62680000000.0,0.0,0.0,0.0,0.0,0.0,62680000000.0,지역발전특별회계,2015,0.0,국토교통부,0.0,0.0,0.0,0.0
,323377000000.0,324838357120.0,0.0,0.0,0.0,0.0,168320796280.0,156508410840.0,혁신도시건설특별회계,2015,9150000.0,국토교통부,1461357120.0,0.0,0.0,0.0
,527600671000.0,538101550380.0,0.0,0.0,1012353000.0,-1012353000.0,18147351240.0,517953772970.0,일반회계,2015,2000426170.0,국회,3988879380.0,7812000000.0,-1300000000.0,0.0
,1270316936000.0,1270409936000.0,235296000.0,-235296000.0,825801000.0,-825801000.0,20190068940.0,1250082867060.0,일반회계,2015,137000000.0,금융위원회,93000000.0,0.0,0.0,0.0
,385689033000.0,393634508660.0,0.0,0.0,6684008000.0,-6684008000.0,6093604140.0,375416085870.0,일반회계,2015,12124818650.0,기상청,7945475660.0,0.0,0.0,0.0
,17333890218000.0,16120034145300.0,22000000000.0,-22000000000.0,7527624000.0,-7527624000.0,1507183308790.0,14599278744250.0,일반회계,2015,13572092260.0,기획재정부,5216734300.0,466285616000.0,-1685358423000.0,0.0
구조개선사업계정,5863441000000.0,7377759653230.0,59538500000.0,-59538500000.0,1892416000.0,-1892416000.0,370278232290.0,5760072189840.0,농어촌구조개선특별회계,2015,1247409231100.0,농림축산식품부,1472018653230.0,42300000000.0,0.0,0.0
농어촌특별세사업계정,3903533000000.0,4953889622510.0,0.0,0.0,1200000000.0,-1200000000.0,799773397210.0,3519816225300.0,농어촌구조개선특별회계,2015,634300000000.0,농림축산식품부,1050356622510.0,0.0,0.0,0.0
손익계정,1542598000000.0,1542598000000.0,0.0,0.0,0.0,0.0,98908413100.0,1443689586900.0,양곡관리특별회계,2015,0.0,농림축산식품부,0.0,0.0,0.0,0.0
융자계정,23406000000.0,23406000000.0,0.0,0.0,0.0,0.0,615747000.0,22790253000.0,에너지및자원사업특별회계,2015,0.0,농림축산식품부,0.0,0.0,0.0,0.0
투자계정,51405000000.0,51405000000.0,0.0,0.0,0.0,0.0,4684373000.0,46720627000.0,에너지및자원사업특별회계,2015,0.0,농림축산식품부,0.0,0.0,0.0,0.0
,6156528562000.0,6205166098760.0,0.0,0.0,1006619000.0,-1006619000.0,12973974650.0,6188273267630.0,일반회계,2015,3918856480.0,농림축산식품부,6217536760.0,42300000000.0,0.0,120000000.0
경제발전계정,11450000000.0,23590500000.0,0.0,0.0,0.0,0.0,1506736450.0,22083763550.0,지역발전특별회계,2015,0.0,농림축산식품부,12140500000.0,0.0,0.0,0.0
생활기반계정,1312099000000.0,1887112000000.0,0.0,0.0,0.0,0.0,2504000000.0,1336069900000.0,지역발전특별회계,2015,548538100000.0,농림축산식품부,575013000000.0,0.0,0.0,0.0
세종특별자치시계정,8072000000.0,8072000000.0,0.0,0.0,0.0,0.0,0.0,8072000000.0,지역발전특별회계,2015,0.0,농림축산식품부,0.0,0.0,0.0,0.0
제주특별자치도계정,51701000000.0,51701000000.0,0.0,0.0,0.0,0.0,695000000.0,50606000000.0,지역발전특별회계,2015,400000000.0,농림축산식품부,0.0,0.0,0.0,0.0
,74439000000.0,156248326800.0,0.0,0.0,0.0,0.0,7563846740.0,140667822320.0,혁신도시건설특별회계,2015,8016657740.0,농림축산식품부,81809326800.0,0.0,0.0,0.0
구조개선사업계정,48919000000.0,48919000000.0,0.0,0.0,0.0,0.0,424191190.0,48461235160.0,농어촌구조개선특별회계,2015,33573650.0,농촌진흥청,0.0,0.0,0.0,0.0
,744955990000.0,749805516780.0,7500000000.0,-7500000000.0,1561525000.0,-1561525000.0,11526675660.0,713118440460.0,일반회계,2015,25160400660.0,농촌진흥청,4849526780.0,0.0,0.0,0.0
경제발전계정,52409000000.0,52409000000.0,0.0,0.0,0.0,0.0,53055420.0,52355944580.0,지역발전특별회계,2015,0.0,농촌진흥청,0.0,0.0,0.0,0.0
생활기반계정,38798000000.0,49962000000.0,0.0,0.0,0.0,0.0,0.0,42374000000.0,지역발전특별회계,2015,7588000000.0,농촌진흥청,11164000000.0,0.0,0.0,0.0
세종특별자치시계정,795000000.0,795000000.0,0.0,0.0,0.0,0.0,0.0,795000000.0,지역발전특별회계,2015,0.0,농촌진흥청,0.0,0.0,0.0,0.0
제주특별자치도계정,6567000000.0,6567000000.0,0.0,0.0,0.0,0.0,0.0,6567000000.0,지역발전특별회계,2015,0.0,농촌진흥청,0.0,0.0,0.0,0.0
,346175000000.0,480152426270.0,0.0,0.0,0.0,0.0,82936893420.0,397215532850.0,혁신도시건설특별회계,2015,0.0,농촌진흥청,133977426270.0,0.0,0.0,0.0
,303879560000.0,314119100300.0,0.0,0.0,2251000000.0,-2251000000.0,10255240310.0,301694941830.0,등기특별회계,2015,2168918160.0,대법원,10239540300.0,0.0,0.0,0.0
,1316322487000.0,1318734891970.0,0.0,0.0,7019693000.0,-7019693000.0,3513894950.0,1314282973620.0,일반회계,2015,938023400.0,대법원,2412404970.0,500000000.0,-500000000.0,0.0
,80105747000.0,80105747000.0,0.0,0.0,0.0,0.0,4262391900.0,75767755100.0,일반회계,2015,75600000.0,대통령경호실,0.0,0.0,0.0,0.0
,88687925000.0,88687925000.0,0.0,0.0,211000000.0,-211000000.0,3043122100.0,85644802900.0,일반회계,2015,0.0,대통령비서실 및 국가안보실,0.0,0.0,0.0,0.0
,607173354000.0,614521335540.0,103000000.0,-103000000.0,11380273000.0,-11380273000.0,11197502160.0,598067526120.0,일반회계,2015,5256307260.0,문화재청,7247981540.0,100000000.0,0.0,0.0
경제발전계정,500000000.0,500000000.0,0.0,0.0,0.0,0.0,0.0,500000000.0,지역발전특별회계,2015,0.0,문화재청,0.0,0.0,0.0,0.0
생활기반계정,12866000000.0,12866000000.0,0.0,0.0,0.0,0.0,0.0,9461000000.0,지역발전특별회계,2015,3405000000.0,문화재청,0.0,0.0,0.0,0.0
,94130000000.0,124313922980.0,0.0,0.0,1781708000.0,-1781708000.0,1443947500.0,112429897520.0,아시아문화중심도시조성특별회계,2015,10440077960.0,문화체육관광부,30183922980.0,0.0,0.0,0.0
,1898257991000.0,1922745848770.0,118470000.0,-118470000.0,14722490000.0,-14722490000.0,82133017730.0,1815091173630.0,일반회계,2015,25521657410.0,문화체육관광부,15916857770.0,7968000000.0,0.0,603000000.0
경제발전계정,204326000000.0,231383000000.0,0.0,0.0,0.0,0.0,32000000.0,231351000000.0,지역발전특별회계,2015,0.0,문화체육관광부,27057000000.0,0.0,0.0,0.0
생활기반계정,498452000000.0,643008000000.0,0.0,0.0,0.0,0.0,15537402000.0,410322598000.0,지역발전특별회계,2015,217148000000.0,문화체육관광부,144556000000.0,0.0,0.0,0.0
세종특별자치시계정,1150000000.0,1150000000.0,0.0,0.0,0.0,0.0,0.0,1150000000.0,지역발전특별회계,2015,0.0,문화체육관광부,0.0,0.0,0.0,0.0
제주특별자치도계정,21979000000.0,21979000000.0,0.0,0.0,0.0,0.0,10093500000.0,11885500000.0,지역발전특별회계,2015,0.0,문화체육관광부,0.0,0.0,0.0,0.0
손익계정,26183567000.0,26217367000.0,0.0,0.0,59581000.0,-59581000.0,699087520.0,25458279480.0,국립과천과학관,2015,60000000.0,미래창조과학부,33800000.0,0.0,0.0,0.0
자본계정,6400000000.0,6419950000.0,0.0,0.0,0.0,0.0,204735600.0,6215214400.0,국립과천과학관,2015,0.0,미래창조과학부,19950000.0,0.0,0.0,0.0
손익계정,21429145000.0,21429145000.0,0.0,0.0,81017000.0,-81017000.0,870518950.0,20101126050.0,국립중앙과학관,2015,457500000.0,미래창조과학부,0.0,0.0,0.0,0.0
자본계정,9994000000.0,9994000000.0,0.0,0.0,0.0,0.0,289343580.0,8804242420.0,국립중앙과학관,2015,900414000.0,미래창조과학부,0.0,0.0,0.0,0.0
투자계정,370411000000.0,370411000000.0,0.0,0.0,0.0,0.0,3519000000.0,366892000000.0,에너지및자원사업특별회계,2015,0.0,미래창조과학부,0.0,0.0,0.0,0.0
,813165000000.0,813480200000.0,35956000000.0,-35956000000.0,0.0,0.0,132555516000.0,680796784000.0,우체국보험특별회계,2015,127900000.0,미래창조과학부,315200000.0,0.0,0.0,0.0
손익계정,3183266000000.0,3183351450000.0,0.0,0.0,0.0,0.0,1040330626170.0,2142929578830.0,우체국예금특별회계,2015,91245000.0,미래창조과학부,85450000.0,0.0,0.0,0.0
자본계정,12022000000.0,12022000000.0,0.0,0.0,0.0,0.0,3820719510.0,8201280490.0,우체국예금특별회계,2015,0.0,미래창조과학부,0.0,0.0,0.0,0.0
손익계정,3844738785000.0,3845060534940.0,10457000000.0,-10457000000.0,79517000000.0,-79517000000.0,239050104800.0,3605664671310.0,우편사업특별회계,2015,345758830.0,미래창조과학부,321749940.0,0.0,0.0,0.0
자본계정,194659000000.0,205929121250.0,0.0,0.0,0.0,0.0,6364239630.0,181928978210.0,우편사업특별회계,2015,17635903410.0,미래창조과학부,11270121250.0,0.0,0.0,0.0
,5845708981000.0,5861843920760.0,0.0,0.0,2618974000.0,-2618974000.0,46746358470.0,5795192772060.0,일반회계,2015,19904790230.0,미래창조과학부,15534939760.0,600000000.0,0.0,0.0
경제발전계정,238903000000.0,239403000000.0,0.0,0.0,0.0,0.0,6000000000.0,233403000000.0,지역발전특별회계,2015,0.0,미래창조과학부,500000000.0,0.0,0.0,0.0
제주특별자치도계정,979000000.0,979000000.0,0.0,0.0,0.0,0.0,0.0,979000000.0,지역발전특별회계,2015,0.0,미래창조과학부,0.0,0.0,0.0,0.0
,25864976000.0,25864976000.0,0.0,0.0,110106000.0,-110106000.0,237903390.0,25627072610.0,일반회계,2015,0.0,민주평화통일자문회의,0.0,0.0,0.0,0.0
,55606600000.0,55606600000.0,0.0,0.0,58000000.0,-58000000.0,776452210.0,54830147790.0,일반회계,2015,0.0,방송통신위원회,0.0,0.0,0.0,0.0
,11013962508000.0,11539780485030.0,49289690520.0,-49700601520.0,225081334720.0,-225081334720.0,239610459000.0,10776510214260.0,일반회계,2015,523659811770.0,방위사업청,526228888030.0,0.0,0.0,0.0
,57360000000.0,57360000000.0,0.0,0.0,904395000.0,-904395000.0,2700230230.0,53833872100.0,교도작업특별회계,2015,825897670.0,법무부,0.0,0.0,0.0,0.0
,2885181137000.0,3200369718130.0,26351704000.0,-26351704000.0,9574360000.0,-9574360000.0,20954299450.0,3174245055240.0,일반회계,2015,5170363440.0,법무부,9160300130.0,306028281000.0,0.0,0.0
,30151576000.0,30151576000.0,0.0,0.0,0.0,0.0,1494953740.0,28656622260.0,일반회계,2015,0.0,법제처,0.0,0.0,0.0,0.0
,200056488000.0,200056488000.0,0.0,0.0,167623000.0,-167623000.0,7951261920.0,191880226080.0,일반회계,2015,225000000.0,병무청,0.0,0.0,0.0,0.0
손익계정,12440294000.0,12440294000.0,0.0,0.0,21994000.0,-21994000.0,656118920.0,11784175080.0,국립공주병원,2015,0.0,보건복지부,0.0,0.0,0.0,0.0
자본계정,2132000000.0,2132000000.0,0.0,0.0,0.0,0.0,24784160.0,1580453230.0,국립공주병원,2015,526762610.0,보건복지부,0.0,0.0,0.0,0.0
손익계정,17626700000.0,17626700000.0,0.0,0.0,27985000.0,-27985000.0,1064250680.0,16562449320.0,국립나주병원,2015,0.0,보건복지부,0.0,0.0,0.0,0.0
자본계정,1798000000.0,1798000000.0,0.0,0.0,0.0,0.0,65735860.0,1732264140.0,국립나주병원,2015,0.0,보건복지부,0.0,0.0,0.0,0.0
손익계정,9991079000.0,9991079000.0,0.0,0.0,257100000.0,-257100000.0,415540190.0,9575538810.0,국립마산병원,2015,0.0,보건복지부,0.0,0.0,0.0,0.0
자본계정,1055000000.0,1512669000.0,0.0,0.0,0.0,0.0,85447190.0,1427221810.0,국립마산병원,2015,0.0,보건복지부,457669000.0,0.0,0.0,0.0
손익계정,7626582000.0,7626582000.0,0.0,0.0,5729000.0,-5729000.0,726349010.0,6900232990.0,국립목포병원,2015,0.0,보건복지부,0.0,0.0,0.0,0.0
자본계정,1535000000.0,1603000000.0,0.0,0.0,0.0,0.0,81146820.0,1521853180.0,국립목포병원,2015,0.0,보건복지부,68000000.0,0.0,0.0,0.0
손익계정,15587765000.0,15587765000.0,121292000.0,-121292000.0,0.0,0.0,1420815920.0,14166949080.0,국립부곡병원,2015,0.0,보건복지부,0.0,0.0,0.0,0.0
자본계정,893000000.0,912438000.0,0.0,0.0,0.0,0.0,5389020.0,907048980.0,국립부곡병원,2015,0.0,보건복지부,19438000.0,0.0,0.0,0.0
손익계정,32529466000.0,40125152570.0,0.0,0.0,193000000.0,-193000000.0,1747309940.0,37638738790.0,국립서울병원,2015,739103840.0,보건복지부,1595686570.0,0.0,0.0,6000000000.0
자본계정,39872000000.0,54662313370.0,0.0,0.0,0.0,0.0,903606170.0,45583111390.0,국립서울병원,2015,8175595810.0,보건복지부,14790313370.0,0.0,0.0,0.0
손익계정,37047116000.0,37659594800.0,650000000.0,-650000000.0,135320000.0,-135320000.0,801938050.0,36710656750.0,국립재활원,2015,147000000.0,보건복지부,457000800.0,0.0,0.0,155478000.0
자본계정,1820000000.0,1820000000.0,0.0,0.0,0.0,0.0,14854300.0,1805145700.0,국립재활원,2015,0.0,보건복지부,0.0,0.0,0.0,0.0
손익계정,11367841000.0,11367841000.0,0.0,0.0,60500000.0,-60500000.0,676171930.0,10647967390.0,국립춘천병원,2015,43701680.0,보건복지부,0.0,0.0,0.0,0.0
자본계정,1139000000.0,1139000000.0,0.0,0.0,0.0,0.0,81926590.0,1057073410.0,국립춘천병원,2015,0.0,보건복지부,0.0,0.0,0.0,0.0
농어촌특별세사업계정,51419000000.0,51419000000.0,0.0,0.0,0.0,0.0,1700000.0,51417300000.0,농어촌구조개선특별회계,2015,0.0,보건복지부,0.0,0.0,0.0,0.0
,33796232068000.0,33306783698270.0,29857428000.0,-667046286980.0,31360565000.0,-31360565000.0,250991273770.0,32999790308990.0,일반회계,2015,56002115510.0,보건복지부,35126170250.0,112614319000.0,0.0,0.0
경제발전계정,58472000000.0,58472000000.0,0.0,0.0,0.0,0.0,783000000.0,57689000000.0,지역발전특별회계,2015,0.0,보건복지부,0.0,0.0,0.0,0.0
생활기반계정,206254000000.0,206254000000.0,0.0,0.0,0.0,0.0,0.0,174338400000.0,지역발전특별회계,2015,31915600000.0,보건복지부,0.0,0.0,0.0,0.0
세종특별자치시계정,629000000.0,629000000.0,0.0,0.0,0.0,0.0,0.0,629000000.0,지역발전특별회계,2015,0.0,보건복지부,0.0,0.0,0.0,0.0
제주특별자치도계정,6681000000.0,6681000000.0,0.0,0.0,0.0,0.0,0.0,6681000000.0,지역발전특별회계,2015,0.0,보건복지부,0.0,0.0,0.0,0.0
손익계정,26097802000.0,26166202000.0,0.0,0.0,26800000.0,-26800000.0,303988150.0,25862213850.0,국립자연휴양림관리소,2015,0.0,산림청,68400000.0,0.0,0.0,0.0
자본계정,19912000000.0,21614458950.0,0.0,0.0,0.0,0.0,2317659320.0,19296799630.0,국립자연휴양림관리소,2015,0.0,산림청,1702458950.0,0.0,0.0,0.0
임업진흥사업계정,740901000000.0,745901000000.0,0.0,0.0,0.0,0.0,10487693380.0,734988952710.0,농어촌구조개선특별회계,2015,424353910.0,산림청,5000000000.0,0.0,0.0,0.0
,1565740448000.0,1594253292850.0,0.0,0.0,48600000.0,-48600000.0,34106095030.0,1542774425880.0,일반회계,2015,17372771940.0,산림청,28512844850.0,0.0,0.0,0.0
경제발전계정,60303000000.0,60506351780.0,0.0,0.0,0.0,0.0,571836750.0,59934515030.0,지역발전특별회계,2015,0.0,산림청,203351780.0,0.0,0.0,0.0
생활기반계정,263651000000.0,266764500000.0,0.0,0.0,0.0,0.0,11000000.0,259568973000.0,지역발전특별회계,2015,7184527000.0,산림청,3113500000.0,0.0,0.0,0.0
세종특별자치시계정,683000000.0,683000000.0,0.0,0.0,0.0,0.0,0.0,683000000.0,지역발전특별회계,2015,0.0,산림청,0.0,0.0,0.0,0.0
제주특별자치도계정,5895000000.0,5895000000.0,0.0,0.0,0.0,0.0,0.0,5895000000.0,지역발전특별회계,2015,0.0,산림청,0.0,0.0,0.0,0.0
융자계정,1208214000000.0,1208214000000.0,0.0,0.0,0.0,0.0,0.0,1208214000000.0,에너지및자원사업특별회계,2015,0.0,산업통상자원부,0.0,0.0,0.0,0.0
투자계정,3990752000000.0,3991627925640.0,0.0,0.0,70000000.0,-70000000.0,595054022790.0,3395590032850.0,에너지및자원사업특별회계,2015,983870000.0,산업통상자원부,875925640.0,0.0,0.0,0.0
,2860578252000.0,2885979830230.0,0.0,0.0,28842475000.0,-28842475000.0,13706800690.0,2868970845690.0,일반회계,2015,3302183850.0,산업통상자원부,14947578230.0,10454000000.0,0.0,0.0
경제발전계정,1206472000000.0,1293714396000.0,0.0,0.0,20840000.0,-20840000.0,63772425380.0,1213816606620.0,지역발전특별회계,2015,16125364000.0,산업통상자원부,87242396000.0,0.0,0.0,0.0
생활기반계정,87091000000.0,94841000000.0,0.0,0.0,0.0,0.0,100000000.0,94741000000.0,지역발전특별회계,2015,0.0,산업통상자원부,7750000000.0,0.0,0.0,0.0
세종특별자치시계정,8200000000.0,8200000000.0,0.0,0.0,0.0,0.0,0.0,8200000000.0,지역발전특별회계,2015,0.0,산업통상자원부,0.0,0.0,0.0,0.0
제주특별자치도계정,1090000000.0,1090000000.0,0.0,0.0,0.0,0.0,750000000.0,340000000.0,지역발전특별회계,2015,0.0,산업통상자원부,0.0,0.0,0.0,0.0
,57635476000.0,58709888000.0,0.0,0.0,307936000.0,-307936000.0,951931030.0,55181661790.0,일반회계,2015,2576295180.0,새만금개발청,1074412000.0,0.0,0.0,0.0
경제발전계정,6646000000.0,6646000000.0,0.0,0.0,0.0,0.0,12500000.0,6633500000.0,지역발전특별회계,2015,0.0,새만금개발청,0.0,0.0,0.0,0.0
생활기반계정,4000000000.0,4000000000.0,0.0,0.0,0.0,0.0,0.0,4000000000.0,지역발전특별회계,2015,0.0,새만금개발청,0.0,0.0,0.0,0.0
,840295386000.0,0.0,0.0,-840295386000.0,0.0,0.0,0.0,0.0,일반회계,2015,0.0,소방방재청,0.0,0.0,0.0,0.0
생활기반계정,220642000000.0,0.0,0.0,-220642000000.0,0.0,0.0,0.0,0.0,지역발전특별회계,2015,0.0,소방방재청,0.0,0.0,0.0,0.0
세종특별자치시계정,10227000000.0,0.0,0.0,-10227000000.0,0.0,0.0,0.0,0.0,지역발전특별회계,2015,0.0,소방방재청,0.0,0.0,0.0,0.0
제주특별자치도계정,8560000000.0,0.0,0.0,-8560000000.0,0.0,0.0,0.0,0.0,지역발전특별회계,2015,0.0,소방방재청,0.0,0.0,0.0,0.0
구조개선사업계정,16019000000.0,16262724630.0,0.0,0.0,11000000.0,-11000000.0,139199820.0,16065924810.0,농어촌구조개선특별회계,2015,57600000.0,식품의약품안전처,243724630.0,0.0,0.0,0.0
,374237692000.0,380428722340.0,0.0,0.0,1318807000.0,-1318807000.0,9463187980.0,363878020670.0,일반회계,2015,7087513690.0,식품의약품안전처,4721850340.0,0.0,0.0,1469180000.0
경제발전계정,4592000000.0,4592000000.0,0.0,0.0,0.0,0.0,0.0,4592000000.0,지역발전특별회계,2015,0.0,식품의약품안전처,0.0,0.0,0.0,0.0
제주특별자치도계정,140000000.0,140000000.0,0.0,0.0,0.0,0.0,0.0,140000000.0,지역발전특별회계,2015,0.0,식품의약품안전처,0.0,0.0,0.0,0.0
,39655115144000.0,0.0,0.0,-39655115144000.0,0.0,0.0,0.0,0.0,일반회계,2015,0.0,안전행정부,0.0,0.0,0.0,0.0
경제발전계정,153018000000.0,0.0,0.0,-153018000000.0,0.0,0.0,0.0,0.0,지역발전특별회계,2015,0.0,안전행정부,0.0,0.0,0.0,0.0
생활기반계정,210211000000.0,0.0,0.0,-210211000000.0,0.0,0.0,0.0,0.0,지역발전특별회계,2015,0.0,안전행정부,0.0,0.0,0.0,0.0
세종특별자치시계정,68000000.0,0.0,0.0,-68000000.0,0.0,0.0,0.0,0.0,지역발전특별회계,2015,0.0,안전행정부,0.0,0.0,0.0,0.0
제주특별자치도계정,6124000000.0,0.0,0.0,-6124000000.0,0.0,0.0,0.0,0.0,지역발전특별회계,2015,0.0,안전행정부,0.0,0.0,0.0,0.0
,61318000000.0,0.0,0.0,-61318000000.0,0.0,0.0,0.0,0.0,혁신도시건설특별회계,2015,0.0,안전행정부,0.0,0.0,0.0,0.0
,284214631000.0,285045010710.0,0.0,0.0,130000000.0,-130000000.0,6771191650.0,278173572420.0,일반회계,2015,100246640.0,여성가족부,830379710.0,0.0,0.0,0.0
경제발전계정,7048000000.0,7048000000.0,0.0,0.0,0.0,0.0,320000000.0,6728000000.0,지역발전특별회계,2015,0.0,여성가족부,0.0,0.0,0.0,0.0
생활기반계정,62264000000.0,71952000000.0,0.0,0.0,0.0,0.0,0.0,54738000000.0,지역발전특별회계,2015,17214000000.0,여성가족부,9688000000.0,0.0,0.0,0.0
제주특별자치도계정,3300000000.0,3300000000.0,0.0,0.0,0.0,0.0,0.0,3300000000.0,지역발전특별회계,2015,0.0,여성가족부,0.0,0.0,0.0,0.0
,2044365982000.0,2064918555760.0,7900508000.0,-7900508000.0,7583031000.0,-7583031000.0,51673575170.0,2004203093070.0,일반회계,2015,9041887520.0,외교부,7008734760.0,4888000000.0,0.0,8655839000.0
,101454844000.0,101583870260.0,0.0,0.0,8510000.0,-8510000.0,779542710.0,100757638920.0,일반회계,2015,46688630.0,원자력안전위원회,129026260.0,0.0,0.0,0.0
,0.0,3197881775000.0,3189703830000.0,0.0,324045000.0,-324045000.0,9189140870.0,3188238579590.0,일반회계,2015,454054540.0,인사혁신처,116799000.0,7126000000.0,0.0,935146000.0
,0.0,68650745700.0,57012000000.0,0.0,0.0,0.0,0.0,33637386360.0,혁신도시건설특별회계,2015,35013359340.0,인사혁신처,11638745700.0,0.0,0.0,0.0
손익계정,214282483000.0,215641045780.0,0.0,0.0,188038000.0,-188038000.0,5435630390.0,209534746580.0,조달특별회계,2015,670668810.0,조달청,1358562780.0,0.0,0.0,0.0
자본계정,120945090000.0,130340965520.0,0.0,0.0,0.0,0.0,2536662580.0,127804302940.0,조달특별회계,2015,0.0,조달청,9395875520.0,0.0,0.0,0.0
,2954587450000.0,2954587450000.0,0.0,0.0,656653000.0,-656653000.0,4762258110.0,2949825191890.0,일반회계,2015,0.0,중소기업청,0.0,0.0,0.0,0.0
경제발전계정,182343000000.0,182343000000.0,0.0,0.0,0.0,0.0,7158610.0,182335841390.0,지역발전특별회계,2015,0.0,중소기업청,0.0,0.0,0.0,0.0
생활기반계정,77805000000.0,77805000000.0,0.0,0.0,0.0,0.0,0.0,77805000000.0,지역발전특별회계,2015,0.0,중소기업청,0.0,0.0,0.0,0.0
세종특별자치시계정,127000000.0,127000000.0,0.0,0.0,0.0,0.0,0.0,127000000.0,지역발전특별회계,2015,0.0,중소기업청,0.0,0.0,0.0,0.0
제주특별자치도계정,5774000000.0,5774000000.0,0.0,0.0,0.0,0.0,0.0,5774000000.0,지역발전특별회계,2015,0.0,중소기업청,0.0,0.0,0.0,0.0
,287115447000.0,293910675000.0,231402000.0,-231402000.0,1559065000.0,-1559065000.0,1856855120.0,292053819880.0,일반회계,2015,0.0,중앙선거관리위원회,781600000.0,6473628000.0,-460000000.0,0.0
,387208713000.0,387763177000.0,0.0,0.0,146815000.0,-146815000.0,17026064350.0,370737112650.0,일반회계,2015,0.0,통계청,0.0,0.0,0.0,554464000.0
,349983288000.0,351859392380.0,0.0,0.0,291492000.0,-291492000.0,48266933840.0,301396664350.0,일반회계,2015,2195794190.0,통일부,886104380.0,990000000.0,0.0,0.0
손익계정,523534011000.0,525150481260.0,0.0,0.0,116000000.0,-116000000.0,7973190800.0,517177290460.0,특허청,2015,0.0,특허청,1463995260.0,0.0,0.0,152475000.0
자본계정,2094000000.0,2094000000.0,0.0,0.0,0.0,0.0,21584040.0,2072415960.0,특허청,2015,0.0,특허청,0.0,0.0,0.0,0.0
,1223958048000.0,0.0,0.0,-1223958048000.0,0.0,0.0,0.0,0.0,일반회계,2015,0.0,해양경찰청,0.0,0.0,0.0,0.0
항만계정,1298562000000.0,1453935207930.0,0.0,0.0,46966000000.0,-46966000000.0,105062603710.0,1107135290990.0,교통시설특별회계,2015,241737313230.0,해양수산부,155373207930.0,0.0,0.0,0.0
구조개선사업계정,721422000000.0,870442109950.0,4665000000.0,-4665000000.0,3168932000.0,-3168932000.0,97813956620.0,658514238280.0,농어촌구조개선특별회계,2015,114113915050.0,해양수산부,149020109950.0,0.0,0.0,0.0
농어촌특별세사업계정,286235000000.0,312041168440.0,0.0,0.0,13664000.0,-13664000.0,7847660890.0,266205520060.0,농어촌구조개선특별회계,2015,37987987490.0,해양수산부,25806168440.0,0.0,0.0,0.0
손익계정,18559446000.0,20518288170.0,0.0,0.0,91000000.0,-91000000.0,320277670.0,20107270140.0,대산지방해양항만청,2015,90740360.0,해양수산부,160056170.0,0.0,0.0,1798786000.0
자본계정,31415000000.0,33622701840.0,0.0,0.0,0.0,0.0,1300807570.0,29511714100.0,대산지방해양항만청,2015,2810180170.0,해양수산부,408915840.0,0.0,0.0,1798786000.0
투자계정,38271000000.0,38271000000.0,0.0,0.0,0.0,0.0,46037280.0,38224962720.0,에너지및자원사업특별회계,2015,0.0,해양수산부,0.0,0.0,0.0,0.0
,2664901390000.0,2774051924680.0,1800000000.0,-42247701000.0,15642844000.0,-15642844000.0,58745531490.0,2650706521390.0,일반회계,2015,64599871800.0,해양수산부,43674315680.0,105923920000.0,0.0,0.0
경제발전계정,64293000000.0,66543000000.0,0.0,0.0,0.0,0.0,300000000.0,66243000000.0,지역발전특별회계,2015,0.0,해양수산부,2250000000.0,0.0,0.0,0.0
생활기반계정,226262000000.0,282915000000.0,0.0,0.0,0.0,0.0,300000000.0,232896000000.0,지역발전특별회계,2015,49719000000.0,해양수산부,56653000000.0,0.0,0.0,0.0
제주특별자치도계정,143834000000.0,143834000000.0,0.0,0.0,0.0,0.0,1815000000.0,142019000000.0,지역발전특별회계,2015,0.0,해양수산부,0.0,0.0,0.0,0.0
,0.0,1750233610.0,0.0,0.0,0.0,0.0,113388670.0,1636844940.0,혁신도시건설특별회계,2015,0.0,해양수산부,1750233610.0,0.0,0.0,0.0
,0.0,36344843499720.0,35556637694000.0,-3370046000.0,6896980000.0,-6896980000.0,44305955840.0,36295324904530.0,일반회계,2015,5212639350.0,행정자치부,759518339720.0,30286023000.0,0.0,1771489000.0
경제발전계정,0.0,85671000000.0,85671000000.0,0.0,0.0,0.0,2826660.0,85668173340.0,지역발전특별회계,2015,0.0,행정자치부,0.0,0.0,0.0,0.0
생활기반계정,0.0,249368000000.0,210211000000.0,0.0,0.0,0.0,0.0,176724360000.0,지역발전특별회계,2015,72643640000.0,행정자치부,39157000000.0,0.0,0.0,0.0
세종특별자치시계정,0.0,68000000.0,68000000.0,0.0,0.0,0.0,0.0,68000000.0,지역발전특별회계,2015,0.0,행정자치부,0.0,0.0,0.0,0.0
제주특별자치도계정,0.0,4124000000.0,4124000000.0,0.0,0.0,0.0,0.0,4124000000.0,지역발전특별회계,2015,0.0,행정자치부,0.0,0.0,0.0,0.0
,521613000000.0,521613000000.0,0.0,0.0,0.0,0.0,0.0,521613000000.0,일반회계,2015,0.0,행정중심복합도시건설청,0.0,0.0,0.0,0.0
,521985039000.0,557320176990.0,0.0,0.0,4411000000.0,-4411000000.0,103211568490.0,376284849560.0,행정중심복합도시건설특별회계,2015,77823758940.0,행정중심복합도시건설청,35335137990.0,0.0,0.0,0.0
,37728885000.0,37748990000.0,0.0,0.0,68500000.0,-68500000.0,917517950.0,36831472050.0,일반회계,2015,0.0,헌법재판소,20105000.0,0.0,0.0,0.0
농어촌특별세사업계정,82337000000.0,82337000000.0,0.0,0.0,0.0,0.0,0.0,82337000000.0,농어촌구조개선특별회계,2015,0.0,환경부,0.0,0.0,0.0,0.0
투자계정,158370000000.0,159934391600.0,0.0,0.0,2036920000.0,-2036920000.0,14625875880.0,144425289910.0,에너지및자원사업특별회계,2015,883225810.0,환경부,1564391600.0,0.0,0.0,0.0
,3913263000000.0,3913263000000.0,0.0,0.0,0.0,0.0,0.0,3913263000000.0,일반회계,2015,0.0,환경부,0.0,0.0,0.0,0.0
경제발전계정,71287000000.0,94898000000.0,0.0,0.0,0.0,0.0,41767000000.0,53131000000.0,지역발전특별회계,2015,0.0,환경부,23611000000.0,0.0,0.0,0.0
생활기반계정,690475000000.0,721659800000.0,0.0,0.0,0.0,0.0,10199000000.0,672215100000.0,지역발전특별회계,2015,39245700000.0,환경부,31184800000.0,0.0,0.0,0.0
세종특별자치시계정,31851000000.0,31851000000.0,0.0,0.0,0.0,0.0,0.0,31851000000.0,지역발전특별회계,2015,0.0,환경부,0.0,0.0,0.0,0.0
제주특별자치도계정,31251000000.0,31251000000.0,0.0,0.0,0.0,0.0,0.0,31251000000.0,지역발전특별회계,2015,0.0,환경부,0.0,0.0,0.0,0.0
,5126714000000.0,5215182253770.0,0.0,0.0,15945009000.0,-15945009000.0,110378942130.0,5041232507200.0,환경개선특별회계,2015,63570804440.0,환경부,88468253770.0,0.0,0.0,0.0
,107176651000.0,109232226500.0,0.0,0.0,318000000.0,-318000000.0,1457179280.0,107434402220.0,일반회계,2014,340645000.0,감사원,2055575500.0,0.0,0.0,0.0
손익계정,61787276000.0,61895276000.0,0.0,0.0,351000000.0,-351000000.0,5971296910.0,55923979090.0,경찰병원,2014,0.0,경찰청,108000000.0,0.0,0.0,0.0
자본계정,2235000000.0,2284890000.0,0.0,0.0,0.0,0.0,1536339590.0,748550410.0,경찰병원,2014,0.0,경찰청,49890000.0,0.0,0.0,0.0
광역발전계정,23876000000.0,23876000000.0,0.0,0.0,0.0,0.0,0.0,23876000000.0,광역지역발전특별회계,2014,0.0,경찰청,0.0,0.0,0.0,0.0
제주특별자치도계정,3225000000.0,3225000000.0,0.0,0.0,0.0,0.0,0.0,3225000000.0,광역지역발전특별회계,2014,0.0,경찰청,0.0,0.0,0.0,0.0
,8698595187000.0,8720533639894.0,1487962984.0,0.0,16930686000.0,-16930686000.0,183275628954.0,8530156932630.0,일반회계,2014,7101078310.0,경찰청,6447503910.0,14002986000.0,0.0,0.0
,77923000000.0,78116720030.0,0.0,0.0,30700000.0,-30700000.0,4541680.0,60200195320.0,혁신도시건설특별회계,2014,17911983030.0,경찰청,193720030.0,0.0,0.0,0.0
제주특별자치도계정,9790000000.0,9790000000.0,0.0,0.0,0.0,0.0,0.0,9790000000.0,광역지역발전특별회계,2014,0.0,고용노동부,0.0,0.0,0.0,0.0
농어촌특별세사업계정,819000000.0,819000000.0,0.0,0.0,0.0,0.0,0.0,819000000.0,농어촌구조개선특별회계,2014,0.0,고용노동부,0.0,0.0,0.0,0.0
투자계정,43472000000.0,61943000000.0,0.0,0.0,0.0,0.0,603617910.0,61339382090.0,에너지및자원사업특별회계,2014,0.0,고용노동부,0.0,18471000000.0,0.0,0.0
,2047824278000.0,2113019830850.0,0.0,0.0,19477811000.0,-19477811000.0,112722575150.0,1998882340650.0,일반회계,2014,1414915050.0,고용노동부,46724552850.0,18471000000.0,0.0,0.0
,84565322000.0,84584693000.0,0.0,0.0,395670000.0,-395670000.0,1256877610.0,83327815390.0,일반회계,2014,0.0,공정거래위원회,19371000.0,0.0,0.0,0.0
,482554656000.0,491930182000.0,0.0,0.0,346548000.0,-346548000.0,11327480450.0,450442704550.0,일반회계,2014,30159997000.0,관세청,9375526000.0,0.0,0.0,0.0
광역발전계정,834774000000.0,834774000000.0,0.0,0.0,0.0,0.0,0.0,834774000000.0,광역지역발전특별회계,2014,0.0,교육부,0.0,0.0,0.0,0.0
,49986533904000.0,50780896570030.0,4900000000.0,-4900000000.0,24629465000.0,-24629465000.0,223725492740.0,49774978190110.0,일반회계,2014,782192887180.0,교육부,774216158030.0,0.0,0.0,20146508000.0
,14069000000.0,14069000000.0,0.0,0.0,0.0,0.0,0.0,12382750380.0,혁신도시건설특별회계,2014,1686249620.0,교육부,0.0,0.0,0.0,0.0
제주특별자치도계정,1582000000.0,1582000000.0,0.0,0.0,0.0,0.0,0.0,1582000000.0,광역지역발전특별회계,2014,0.0,국가보훈처,0.0,0.0,0.0,0.0
투자계정,32471000000.0,32471000000.0,0.0,0.0,2775000.0,-2775000.0,5599176220.0,26871823780.0,에너지및자원사업특별회계,2014,0.0,국가보훈처,0.0,0.0,0.0,0.0
,4261394958000.0,4280715062660.0,6984000000.0,-6984000000.0,5980910000.0,-5980910000.0,5438282390.0,4274419011840.0,일반회계,2014,857768430.0,국가보훈처,896104660.0,18424000000.0,0.0,0.0
,24560427000.0,24730427000.0,0.0,0.0,77420000.0,-77420000.0,259921940.0,24243505060.0,일반회계,2014,227000000.0,국가인권위원회,170000000.0,0.0,0.0,0.0
,471200000000.0,471501411700.0,0.0,0.0,0.0,0.0,4715361110.0,463389846940.0,일반회계,2014,3396203650.0,국가정보원,301411700.0,0.0,0.0,0.0
투자계정,11075000000.0,11075000000.0,0.0,0.0,0.0,0.0,0.0,11075000000.0,에너지및자원사업특별회계,2014,0.0,국무조정실 및 국무총리비서실,0.0,0.0,0.0,0.0
,540895215000.0,546956291250.0,0.0,-34502000.0,380610000.0,-380610000.0,2584067480.0,543415757650.0,일반회계,2014,956466120.0,국무조정실 및 국무총리비서실,2961763250.0,3133815000.0,0.0,0.0
,69477221000.0,69867221000.0,0.0,0.0,45500000.0,-45500000.0,3149295210.0,66717925790.0,일반회계,2014,0.0,국민권익위원회,0.0,390000000.0,0.0,0.0
광역발전계정,0.0,19700000000.0,19700000000.0,0.0,0.0,0.0,0.0,0.0,광역지역발전특별회계,2014,19700000000.0,국민안전처,0.0,0.0,0.0,0.0
항만계정,0.0,6843341500.0,6843341500.0,0.0,0.0,0.0,1373186590.0,2618720080.0,교통시설특별회계,2014,2851434830.0,국민안전처,0.0,0.0,0.0,0.0
농어촌특별세사업계정,0.0,96155000000.0,96155000000.0,0.0,0.0,0.0,0.0,0.0,농어촌구조개선특별회계,2014,96155000000.0,국민안전처,0.0,0.0,0.0,0.0
손익계정,0.0,125798000.0,125798000.0,0.0,0.0,0.0,37429250.0,88368750.0,대산지방해양항만청,2014,0.0,국민안전처,0.0,0.0,0.0,0.0
자본계정,0.0,60021300.0,60021300.0,0.0,0.0,0.0,24756300.0,35265000.0,대산지방해양항만청,2014,0.0,국민안전처,0.0,0.0,0.0,0.0
,0.0,283829728106.0,305497515106.0,-21862787000.0,7609055000.0,-7609055000.0,12170580826.0,225954288730.0,일반회계,2014,45704858550.0,국민안전처,0.0,195000000.0,0.0,0.0
,0.0,11693986390.0,11693986390.0,0.0,0.0,0.0,5504928010.0,2407906360.0,혁신도시건설특별회계,2014,3781152020.0,국민안전처,0.0,0.0,0.0,0.0
,355960845000.0,361565437360.0,0.0,0.0,3395068000.0,-3395068000.0,207714908910.0,150830042560.0,국방·군사시설이전특별회계,2014,3020485890.0,국방부,5604592360.0,0.0,0.0,0.0
,25195966463000.0,25697758525430.0,111398472000.0,-111398472000.0,84564900700.0,-84564900700.0,505092315170.0,24835696800830.0,일반회계,2014,356969409430.0,국방부,501792062430.0,0.0,0.0,0.0
,641778297000.0,687618276790.0,0.0,0.0,0.0,0.0,44881500950.0,555867327030.0,주한미군기지이전특별회계,2014,86869448810.0,국방부,45839979790.0,0.0,0.0,0.0
,26902000000.0,26902000000.0,0.0,0.0,8247000000.0,-8247000000.0,542367120.0,23631460970.0,혁신도시건설특별회계,2014,2728171910.0,국방부,0.0,0.0,0.0,0.0
,1473503273000.0,1511010241620.0,7628407000.0,-7628407000.0,3062316000.0,-3062316000.0,47378335340.0,1462946786730.0,일반회계,2014,685119550.0,국세청,37273968620.0,233000000.0,0.0,0.0
,27921000000.0,47858513480.0,0.0,0.0,0.0,0.0,0.0,36733525310.0,혁신도시건설특별회계,2014,11124988170.0,국세청,19937513480.0,0.0,0.0,0.0
광역발전계정,2056241000000.0,2245561775030.0,0.0,0.0,126656952000.0,-126656952000.0,167598665410.0,1807382143770.0,광역지역발전특별회계,2014,270580965850.0,국토교통부,189320775030.0,0.0,0.0,0.0
제주특별자치도계정,88899000000.0,95922500000.0,0.0,0.0,0.0,0.0,0.0,95922500000.0,광역지역발전특별회계,2014,0.0,국토교통부,7023500000.0,0.0,0.0,0.0
지역개발계정,506828000000.0,633320050000.0,0.0,0.0,0.0,0.0,20810000500.0,411957165500.0,광역지역발전특별회계,2014,200552884000.0,국토교통부,126492050000.0,0.0,0.0,0.0
공항계정,412113000000.0,417758008700.0,0.0,0.0,130000000.0,-130000000.0,156163599110.0,253745713380.0,교통시설특별회계,2014,7848696210.0,국토교통부,5645008700.0,0.0,0.0,0.0
교통체계관리계정,702967000000.0,704825940000.0,0.0,0.0,0.0,0.0,17863826280.0,678455723720.0,교통시설특별회계,2014,8506390000.0,국토교통부,1858940000.0,0.0,0.0,0.0
도로계정,8573555000000.0,8702374798790.0,0.0,0.0,420206400000.0,-420206400000.0,401761044730.0,8168090104510.0,교통시설특별회계,2014,132523649550.0,국토교통부,124090798790.0,4729000000.0,0.0,0.0
철도계정,5362955000000.0,5362955000000.0,0.0,0.0,15677000000.0,-15677000000.0,182211566910.0,5157020638290.0,교통시설특별회계,2014,23722794800.0,국토교통부,0.0,0.0,0.0,0.0
투자계정,7555000000.0,9230382200.0,0.0,0.0,0.0,0.0,25000000.0,8357322200.0,에너지및자원사업특별회계,2014,848060000.0,국토교통부,1675382200.0,0.0,0.0,0.0
,19395840952000.0,19460318322780.0,8450994000.0,-8450994000.0,59024423000.0,-59024423000.0,823437530860.0,18600514675040.0,일반회계,2014,36366116880.0,국토교통부,57799535780.0,6598000000.0,0.0,79835000.0
,48735000000.0,48972000000.0,0.0,0.0,0.0,0.0,8213881610.0,39296761270.0,혁신도시건설특별회계,2014,1461357120.0,국토교통부,237000000.0,0.0,0.0,0.0
,504176812000.0,507514896080.0,345906000.0,-345906000.0,2726050000.0,-2726050000.0,13118348860.0,490407667840.0,일반회계,2014,3988879380.0,국회,3309084080.0,1300000000.0,-1300000000.0,29000000.0
,1118269951000.0,1118288951000.0,537000000.0,-537000000.0,1006270000.0,-1006270000.0,1000233697640.0,117962253360.0,일반회계,2014,93000000.0,금융위원회,19000000.0,0.0,0.0,0.0
,349041000000.0,357401556210.0,0.0,0.0,4328943000.0,-4328943000.0,8441685150.0,341014395400.0,일반회계,2014,7945475660.0,기상청,8360556210.0,0.0,0.0,0.0
,16051198070000.0,14199724278180.0,81500000000.0,-81500000000.0,3226429000.0,-3226429000.0,6397813117050.0,7796694426830.0,일반회계,2014,5216734300.0,기획재정부,3256217180.0,426326000000.0,-2281056009000.0,0.0
광역발전계정,73742000000.0,82126900000.0,0.0,0.0,36452000.0,-36452000.0,2679481710.0,67306918290.0,광역지역발전특별회계,2014,12140500000.0,농림축산식품부,8384900000.0,0.0,0.0,0.0
제주특별자치도계정,53165000000.0,53165000000.0,0.0,0.0,0.0,0.0,0.0,53165000000.0,광역지역발전특별회계,2014,0.0,농림축산식품부,0.0,0.0,0.0,0.0
지역개발계정,1208770000000.0,1701231000000.0,0.0,0.0,0.0,0.0,0.0,1126218000000.0,광역지역발전특별회계,2014,575013000000.0,농림축산식품부,492461000000.0,0.0,0.0,0.0
구조개선사업계정,6384280000000.0,7469040423430.0,92681868000.0,-92681868000.0,327969000.0,-327969000.0,771192050770.0,5225829719430.0,농어촌구조개선특별회계,2014,1472018653230.0,농림축산식품부,1078260423430.0,6500000000.0,0.0,0.0
농어촌특별세사업계정,4583853000000.0,5674669100000.0,0.0,0.0,0.0,0.0,1352447177590.0,3271865299900.0,농어촌구조개선특별회계,2014,1050356622510.0,농림축산식품부,1090816100000.0,0.0,0.0,0.0
손익계정,1498285000000.0,1498285000000.0,0.0,0.0,23789408000.0,-23789408000.0,14775126840.0,1483509873160.0,양곡관리특별회계,2014,0.0,농림축산식품부,0.0,0.0,0.0,0.0
융자계정,16962000000.0,16962000000.0,0.0,0.0,0.0,0.0,0.0,16962000000.0,에너지및자원사업특별회계,2014,0.0,농림축산식품부,0.0,0.0,0.0,0.0
투자계정,61786000000.0,61786000000.0,0.0,0.0,0.0,0.0,13179011000.0,48606989000.0,에너지및자원사업특별회계,2014,0.0,농림축산식품부,0.0,0.0,0.0,0.0
,4657936295000.0,4668041314230.0,0.0,0.0,1171099000.0,-1171099000.0,12996681900.0,4648827095570.0,일반회계,2014,6217536760.0,농림축산식품부,3395019230.0,6500000000.0,0.0,210000000.0
,120395000000.0,159800297190.0,0.0,0.0,0.0,0.0,484682570.0,77506287820.0,혁신도시건설특별회계,2014,81809326800.0,농림축산식품부,39405297190.0,0.0,0.0,0.0
광역발전계정,50707000000.0,50707000000.0,0.0,0.0,0.0,0.0,97456410.0,50609543590.0,광역지역발전특별회계,2014,0.0,농촌진흥청,0.0,0.0,0.0,0.0
제주특별자치도계정,7468000000.0,7468000000.0,0.0,0.0,0.0,0.0,0.0,7468000000.0,광역지역발전특별회계,2014,0.0,농촌진흥청,0.0,0.0,0.0,0.0
지역개발계정,34640000000.0,34640000000.0,0.0,0.0,0.0,0.0,0.0,23476000000.0,광역지역발전특별회계,2014,11164000000.0,농촌진흥청,0.0,0.0,0.0,0.0
구조개선사업계정,40480000000.0,40480000000.0,0.0,0.0,0.0,0.0,2074668060.0,38405331940.0,농어촌구조개선특별회계,2014,0.0,농촌진흥청,0.0,0.0,0.0,0.0
,704618203000.0,707376964540.0,258000000.0,-258000000.0,2847577000.0,-2847577000.0,20955618560.0,681571819200.0,일반회계,2014,4849526780.0,농촌진흥청,2758761540.0,0.0,0.0,0.0
,385678000000.0,538101492440.0,0.0,0.0,0.0,0.0,3428000000.0,400696066170.0,혁신도시건설특별회계,2014,133977426270.0,농촌진흥청,152423492440.0,0.0,0.0,0.0
,287906000000.0,302797331020.0,0.0,0.0,0.0,0.0,50742800090.0,241814990630.0,등기특별회계,2014,10239540300.0,대법원,14891331020.0,0.0,0.0,0.0
,1271420597000.0,1274358108060.0,0.0,0.0,3626642000.0,-3626642000.0,9896360580.0,1262049342510.0,일반회계,2014,2412404970.0,대법원,843511060.0,2594000000.0,-500000000.0,0.0
,79370355000.0,84296355000.0,0.0,0.0,0.0,0.0,6485264110.0,77811090890.0,일반회계,2014,0.0,대통령경호실,276000000.0,4650000000.0,0.0,0.0
,84133910000.0,85172910000.0,0.0,0.0,9000000.0,-9000000.0,7063424120.0,78109485880.0,일반회계,2014,0.0,대통령비서실 및 국가안보실,0.0,1039000000.0,0.0,0.0
지역개발계정,9828000000.0,9828000000.0,0.0,0.0,0.0,0.0,0.0,9828000000.0,광역지역발전특별회계,2014,0.0,문화재청,0.0,0.0,0.0,0.0
,544281474000.0,547605725400.0,892927000.0,-892927000.0,1340833000.0,-1340833000.0,10697927480.0,529659816380.0,일반회계,2014,7247981540.0,문화재청,3324251400.0,0.0,0.0,0.0
광역발전계정,129033000000.0,149327715000.0,0.0,-846000000.0,0.0,0.0,5084000000.0,117186715000.0,광역지역발전특별회계,2014,27057000000.0,문화체육관광부,21140715000.0,0.0,0.0,0.0
제주특별자치도계정,20150000000.0,24250000000.0,0.0,0.0,0.0,0.0,10000000000.0,14250000000.0,광역지역발전특별회계,2014,0.0,문화체육관광부,4100000000.0,0.0,0.0,0.0
지역개발계정,517755000000.0,657796062000.0,0.0,0.0,0.0,0.0,12271904000.0,500968158000.0,광역지역발전특별회계,2014,144556000000.0,문화체육관광부,140041062000.0,0.0,0.0,0.0
,181078000000.0,182993842230.0,0.0,0.0,5660928000.0,-5660928000.0,2010305810.0,150799613440.0,아시아문화중심도시조성특별회계,2014,30183922980.0,문화체육관광부,1915842230.0,0.0,0.0,0.0
,1658882796000.0,1667899433250.0,1477643000.0,-1477643000.0,10959024000.0,-10959024000.0,69495576120.0,1582486999360.0,일반회계,2014,15916857770.0,문화체육관광부,8604637250.0,0.0,0.0,412000000.0
광역발전계정,185000000000.0,214326000000.0,0.0,0.0,0.0,0.0,2000000000.0,211826000000.0,광역지역발전특별회계,2014,500000000.0,미래창조과학부,29326000000.0,0.0,0.0,0.0
제주특별자치도계정,1030000000.0,1030000000.0,0.0,0.0,0.0,0.0,0.0,1030000000.0,광역지역발전특별회계,2014,0.0,미래창조과학부,0.0,0.0,0.0,0.0
손익계정,27266243000.0,27424228000.0,0.0,0.0,132820000.0,-132820000.0,1927905840.0,25462522160.0,국립과천과학관,2014,33800000.0,미래창조과학부,157985000.0,0.0,0.0,0.0
자본계정,5289000000.0,7024040990.0,0.0,0.0,0.0,0.0,101817840.0,6902273150.0,국립과천과학관,2014,19950000.0,미래창조과학부,1735040990.0,0.0,0.0,0.0
손익계정,19688337000.0,19688337000.0,0.0,0.0,38150000.0,-38150000.0,969658870.0,18718678130.0,국립중앙과학관,2014,0.0,미래창조과학부,0.0,0.0,0.0,0.0
자본계정,8511000000.0,8511000000.0,0.0,0.0,0.0,0.0,257721950.0,8253278050.0,국립중앙과학관,2014,0.0,미래창조과학부,0.0,0.0,0.0,0.0
투자계정,359301000000.0,359301000000.0,0.0,0.0,0.0,0.0,0.0,359301000000.0,에너지및자원사업특별회계,2014,0.0,미래창조과학부,0.0,0.0,0.0,0.0
,774648000000.0,775093600000.0,62604000000.0,-62604000000.0,0.0,0.0,131846351970.0,642932048030.0,우체국보험특별회계,2014,315200000.0,미래창조과학부,445600000.0,0.0,0.0,0.0
손익계정,3040955000000.0,3041606800000.0,0.0,0.0,0.0,0.0,754956390520.0,2286564959480.0,우체국예금특별회계,2014,85450000.0,미래창조과학부,651800000.0,0.0,0.0,0.0
자본계정,14597000000.0,14597000000.0,0.0,0.0,0.0,0.0,3664056850.0,10932943150.0,우체국예금특별회계,2014,0.0,미래창조과학부,0.0,0.0,0.0,0.0
손익계정,3614307621000.0,3614620621000.0,91230000000.0,-91230000000.0,34619386000.0,-34619386000.0,90372048870.0,3523926822190.0,우편사업특별회계,2014,321749940.0,미래창조과학부,313000000.0,0.0,0.0,0.0
자본계정,189410000000.0,193762143160.0,0.0,0.0,5370000000.0,-5370000000.0,4303395750.0,178188626160.0,우편사업특별회계,2014,11270121250.0,미래창조과학부,4352143160.0,0.0,0.0,0.0
,5406156164000.0,5416224213480.0,0.0,0.0,22685564000.0,-22685564000.0,65338367610.0,5335350906110.0,일반회계,2014,15534939760.0,미래창조과학부,8568049480.0,1500000000.0,0.0,0.0
,3365000000.0,12094353600.0,0.0,0.0,0.0,0.0,509852640.0,11584500960.0,혁신도시건설특별회계,2014,0.0,미래창조과학부,8729353600.0,0.0,0.0,0.0
,23882911000.0,23882911000.0,0.0,0.0,611930000.0,-611930000.0,327456190.0,23555454810.0,일반회계,2014,0.0,민주평화통일자문회의,0.0,0.0,0.0,0.0
,50698764000.0,50698764000.0,0.0,0.0,40500000.0,-40500000.0,1717294630.0,48981469370.0,일반회계,2014,0.0,방송통신위원회,0.0,0.0,0.0,0.0
,10509652959000.0,10804766051040.0,95312871600.0,-95312871600.0,139613660220.0,-139613660220.0,165758853400.0,10112778309610.0,일반회계,2014,526228888030.0,방위사업청,279993269040.0,15119823000.0,0.0,0.0
,56741000000.0,56741000000.0,0.0,0.0,341545000.0,-341545000.0,4924440380.0,51816559620.0,교도작업특별회계,2014,0.0,법무부,0.0,0.0,0.0,0.0
,2680152036000.0,2942672705680.0,7301000000.0,-7301000000.0,11301134000.0,-11301134000.0,27888898400.0,2905623507150.0,일반회계,2014,9160300130.0,법무부,1567260680.0,260953409000.0,0.0,0.0
,83989000000.0,125327550740.0,0.0,0.0,0.0,0.0,593158860.0,124734391880.0,혁신도시건설특별회계,2014,0.0,법무부,41338550740.0,0.0,0.0,0.0
,29069819000.0,29069819000.0,0.0,0.0,98500000.0,-98500000.0,1000112780.0,28069706220.0,일반회계,2014,0.0,법제처,0.0,0.0,0.0,0.0
,187493240000.0,187493240000.0,0.0,0.0,1070290000.0,-1070290000.0,3387155940.0,184106084060.0,일반회계,2014,0.0,병무청,0.0,0.0,0.0,0.0
손익계정,11556641000.0,11716641000.0,0.0,0.0,59445000.0,-59445000.0,279121010.0,11437519990.0,국립공주병원,2014,0.0,보건복지부,0.0,0.0,0.0,160000000.0
자본계정,2121000000.0,2121000000.0,0.0,0.0,0.0,0.0,10633350.0,2110366650.0,국립공주병원,2014,0.0,보건복지부,0.0,0.0,0.0,0.0
손익계정,16743780000.0,16788780000.0,0.0,0.0,68977000.0,-68977000.0,441527290.0,16347252710.0,국립나주병원,2014,0.0,보건복지부,45000000.0,0.0,0.0,0.0
자본계정,1853000000.0,1853000000.0,0.0,0.0,0.0,0.0,27925750.0,1825074250.0,국립나주병원,2014,0.0,보건복지부,0.0,0.0,0.0,0.0
손익계정,9918256000.0,9942256000.0,0.0,0.0,103000000.0,-103000000.0,352448390.0,9589807610.0,국립마산병원,2014,0.0,보건복지부,0.0,0.0,0.0,24000000.0
자본계정,1238000000.0,1973433970.0,0.0,0.0,17000000.0,-17000000.0,261751950.0,1254013020.0,국립마산병원,2014,457669000.0,보건복지부,223433970.0,0.0,0.0,512000000.0
손익계정,7294936000.0,7294936000.0,0.0,0.0,5787000.0,-5787000.0,582693290.0,6712242710.0,국립목포병원,2014,0.0,보건복지부,0.0,0.0,0.0,0.0
자본계정,1606000000.0,1606000000.0,0.0,0.0,0.0,0.0,100009650.0,1437990350.0,국립목포병원,2014,68000000.0,보건복지부,0.0,0.0,0.0,0.0
손익계정,14674691000.0,14878466250.0,0.0,0.0,19500000.0,-19500000.0,1240113560.0,13638352690.0,국립부곡병원,2014,0.0,보건복지부,203775250.0,0.0,0.0,0.0
자본계정,823000000.0,823000000.0,0.0,0.0,0.0,0.0,93332920.0,710229080.0,국립부곡병원,2014,19438000.0,보건복지부,0.0,0.0,0.0,0.0
손익계정,31101767000.0,33165767000.0,0.0,0.0,81650000.0,-81650000.0,1654719860.0,29915360570.0,국립서울병원,2014,1595686570.0,보건복지부,0.0,0.0,0.0,2064000000.0
자본계정,29542000000.0,35667351490.0,0.0,0.0,0.0,0.0,769400.0,20876268720.0,국립서울병원,2014,14790313370.0,보건복지부,6125351490.0,0.0,0.0,0.0
손익계정,35228103000.0,36880091600.0,0.0,0.0,222980000.0,-222980000.0,685537350.0,35737553450.0,국립재활원,2014,457000800.0,보건복지부,1073288600.0,0.0,0.0,578700000.0
자본계정,2016000000.0,6603879980.0,0.0,0.0,0.0,0.0,106332910.0,6497547070.0,국립재활원,2014,0.0,보건복지부,4587879980.0,0.0,0.0,0.0
손익계정,11099245000.0,11099245000.0,0.0,0.0,61018000.0,-61018000.0,338874190.0,10760370810.0,국립춘천병원,2014,0.0,보건복지부,0.0,0.0,0.0,0.0
자본계정,960000000.0,960000000.0,0.0,0.0,0.0,0.0,42902980.0,917097020.0,국립춘천병원,2014,0.0,보건복지부,0.0,0.0,0.0,0.0
농어촌특별세사업계정,59324000000.0,59324000000.0,0.0,0.0,0.0,0.0,0.0,59324000000.0,농어촌구조개선특별회계,2014,0.0,보건복지부,0.0,0.0,0.0,0.0
,29554051563000.0,29594259213430.0,4763000000.0,-4763000000.0,26873768000.0,-26873768000.0,259035650330.0,29300097392850.0,일반회계,2014,35126170250.0,보건복지부,29343651430.0,10863999000.0,0.0,0.0
광역발전계정,148636000000.0,150216583310.0,0.0,0.0,52278000.0,-52278000.0,978328520.0,149034903010.0,광역지역발전특별회계,2014,203351780.0,산림청,1580583310.0,0.0,0.0,0.0
제주특별자치도계정,7991000000.0,7991000000.0,0.0,0.0,0.0,0.0,0.0,7991000000.0,광역지역발전특별회계,2014,0.0,산림청,0.0,0.0,0.0,0.0
지역개발계정,163966000000.0,163966000000.0,0.0,0.0,0.0,0.0,500000000.0,160352500000.0,광역지역발전특별회계,2014,3113500000.0,산림청,0.0,0.0,0.0,0.0
손익계정,24610000000.0,24610000000.0,0.0,0.0,25400000.0,-25400000.0,571713570.0,23969886430.0,국립자연휴양림관리소,2014,68400000.0,산림청,0.0,0.0,0.0,0.0
자본계정,20276000000.0,23453383610.0,0.0,0.0,0.0,0.0,1021271980.0,20729652680.0,국립자연휴양림관리소,2014,1702458950.0,산림청,3177383610.0,0.0,0.0,0.0
임업진흥사업계정,652946000000.0,672329679000.0,0.0,0.0,0.0,0.0,29535772580.0,637793906420.0,농어촌구조개선특별회계,2014,5000000000.0,산림청,12331679000.0,7052000000.0,0.0,0.0
,1376200929000.0,1414625350090.0,3780242000.0,-3780242000.0,4585034000.0,-4585034000.0,15037518920.0,1371074986320.0,일반회계,2014,28512844850.0,산림청,31072421090.0,7352000000.0,0.0,0.0
광역발전계정,1271071000000.0,1406245763000.0,0.0,0.0,150000000.0,-150000000.0,63266958350.0,1255736408650.0,광역지역발전특별회계,2014,87242396000.0,산업통상자원부,135174763000.0,0.0,0.0,0.0
제주특별자치도계정,1129000000.0,1129000000.0,0.0,0.0,0.0,0.0,750000000.0,379000000.0,광역지역발전특별회계,2014,0.0,산업통상자원부,0.0,0.0,0.0,0.0
지역개발계정,53486000000.0,53486000000.0,0.0,0.0,0.0,0.0,500000000.0,45236000000.0,광역지역발전특별회계,2014,7750000000.0,산업통상자원부,0.0,0.0,0.0,0.0
융자계정,1328243000000.0,1328243000000.0,0.0,0.0,0.0,0.0,34148000000.0,1294095000000.0,에너지및자원사업특별회계,2014,0.0,산업통상자원부,0.0,0.0,0.0,0.0
투자계정,3513253000000.0,3513833280000.0,0.0,0.0,1850000000.0,-1850000000.0,1207015071520.0,2305942282840.0,에너지및자원사업특별회계,2014,875925640.0,산업통상자원부,580280000.0,0.0,0.0,0.0
,2807263564000.0,2891963687680.0,0.0,0.0,15945186000.0,-15945186000.0,299885730840.0,2577130378610.0,일반회계,2014,14947578230.0,산업통상자원부,84700123680.0,0.0,0.0,0.0
,0.0,12963981550.0,0.0,0.0,0.0,0.0,892143290.0,12071838260.0,혁신도시건설특별회계,2014,0.0,산업통상자원부,12963981550.0,0.0,0.0,0.0
광역발전계정,0.0,846000000.0,846000000.0,0.0,0.0,0.0,0.0,846000000.0,광역지역발전특별회계,2014,0.0,새만금개발청,0.0,0.0,0.0,0.0
,18463147000.0,19252244990.0,0.0,0.0,185885000.0,-185885000.0,911980540.0,17265852450.0,일반회계,2014,1074412000.0,새만금개발청,789097990.0,0.0,0.0,0.0
제주특별자치도계정,500000000.0,500000000.0,0.0,0.0,0.0,0.0,0.0,500000000.0,광역지역발전특별회계,2014,0.0,소방방재청,0.0,0.0,0.0,0.0
농어촌특별세사업계정,209355000000.0,172761000000.0,0.0,-96155000000.0,0.0,0.0,0.0,172761000000.0,농어촌구조개선특별회계,2014,0.0,소방방재청,59561000000.0,0.0,0.0,0.0
,657242638000.0,664259896720.0,0.0,-102219215580.0,735223000.0,-735223000.0,5565000.0,664254331720.0,일반회계,2014,0.0,소방방재청,9862474300.0,99374000000.0,0.0,0.0
,5428000000.0,18883629780.0,0.0,-2537843590.0,0.0,0.0,0.0,18883629780.0,혁신도시건설특별회계,2014,0.0,소방방재청,15993473370.0,0.0,0.0,0.0
광역발전계정,4592000000.0,4592000000.0,0.0,0.0,0.0,0.0,0.0,4592000000.0,광역지역발전특별회계,2014,0.0,식품의약품안전처,0.0,0.0,0.0,0.0
제주특별자치도계정,140000000.0,140000000.0,0.0,0.0,0.0,0.0,0.0,140000000.0,광역지역발전특별회계,2014,0.0,식품의약품안전처,0.0,0.0,0.0,0.0
구조개선사업계정,14591000000.0,15118351860.0,0.0,0.0,50000000.0,-50000000.0,909522310.0,13965104920.0,농어촌구조개선특별회계,2014,243724630.0,식품의약품안전처,527351860.0,0.0,0.0,0.0
,325299875000.0,330126539920.0,2417768000.0,-2417768000.0,1438027000.0,-1438027000.0,7416789290.0,317987900290.0,일반회계,2014,4721850340.0,식품의약품안전처,3097147920.0,0.0,0.0,1729517000.0
광역발전계정,152207000000.0,117781901360.0,0.0,-43764098640.0,50000000.0,-50000000.0,0.0,117781901360.0,광역지역발전특별회계,2014,0.0,안전행정부,9339000000.0,0.0,0.0,0.0
제주특별자치도계정,7340000000.0,7340000000.0,0.0,0.0,0.0,0.0,0.0,7340000000.0,광역지역발전특별회계,2014,0.0,안전행정부,0.0,0.0,0.0,0.0
지역개발계정,186761000000.0,150703000000.0,0.0,-40003000000.0,0.0,0.0,0.0,150703000000.0,광역지역발전특별회계,2014,0.0,안전행정부,3945000000.0,0.0,0.0,0.0
,39989374479000.0,35890239452560.0,6303865000.0,-6201454475120.0,6727998000.0,-6727998000.0,44695690.0,35890194756870.0,일반회계,2014,0.0,안전행정부,774084124680.0,1320287977000.0,0.0,1643482000.0
,18079000000.0,4366262320.0,0.0,-20514207990.0,0.0,0.0,0.0,4366262320.0,혁신도시건설특별회계,2014,0.0,안전행정부,6801470310.0,0.0,0.0,0.0
제주특별자치도계정,1460000000.0,1460000000.0,0.0,0.0,0.0,0.0,0.0,1460000000.0,광역지역발전특별회계,2014,0.0,여성가족부,0.0,0.0,0.0,0.0
지역개발계정,43531000000.0,49727000000.0,0.0,0.0,0.0,0.0,0.0,40039000000.0,광역지역발전특별회계,2014,9688000000.0,여성가족부,6196000000.0,0.0,0.0,0.0
,282719975000.0,284438241090.0,0.0,0.0,72006000.0,-72006000.0,4328657060.0,279279204320.0,일반회계,2014,830379710.0,여성가족부,1486266090.0,232000000.0,0.0,0.0
,1992359601000.0,2006894785290.0,1009275000.0,-1009275000.0,15273915000.0,-15273915000.0,106352345310.0,1893533705220.0,일반회계,2014,7008734760.0,외교부,1488710290.0,10910000000.0,0.0,2136474000.0
,97569373000.0,97665950880.0,717000000.0,-717000000.0,1430237000.0,-1430237000.0,397839420.0,97139085200.0,일반회계,2014,129026260.0,원자력안전위원회,96577880.0,0.0,0.0,0.0
,0.0,35278065070.0,36950754070.0,-1672689000.0,2143758000.0,-2143758000.0,6345792030.0,28815474040.0,일반회계,2014,116799000.0,인사혁신처,0.0,0.0,0.0,0.0
,0.0,13560229720.0,13560229720.0,0.0,0.0,0.0,0.0,1921484020.0,혁신도시건설특별회계,2014,11638745700.0,인사혁신처,0.0,0.0,0.0,0.0
손익계정,183650000000.0,184601847110.0,170000000.0,-170000000.0,327000000.0,-327000000.0,2627252210.0,180616032120.0,조달특별회계,2014,1358562780.0,조달청,951847110.0,0.0,0.0,0.0
자본계정,291200000000.0,303368108310.0,0.0,0.0,0.0,0.0,215292649740.0,78679583050.0,조달특별회계,2014,9395875520.0,조달청,12168108310.0,0.0,0.0,0.0
광역발전계정,170526000000.0,170526000000.0,0.0,0.0,0.0,0.0,4510510.0,170521489490.0,광역지역발전특별회계,2014,0.0,중소기업청,0.0,0.0,0.0,0.0
제주특별자치도계정,7066000000.0,7066000000.0,0.0,0.0,0.0,0.0,0.0,7066000000.0,광역지역발전특별회계,2014,0.0,중소기업청,0.0,0.0,0.0,0.0
지역개발계정,136499000000.0,136499000000.0,0.0,0.0,0.0,0.0,0.0,136499000000.0,광역지역발전특별회계,2014,0.0,중소기업청,0.0,0.0,0.0,0.0
,2643310438000.0,2643310438000.0,0.0,0.0,2386832000.0,-2386832000.0,36767556300.0,2606542881700.0,일반회계,2014,0.0,중소기업청,0.0,0.0,0.0,0.0
,329495859000.0,348637761500.0,244000000.0,-244000000.0,1999245000.0,-1999245000.0,4195934340.0,343660227160.0,일반회계,2014,781600000.0,중앙선거관리위원회,1173902500.0,18428000000.0,-460000000.0,0.0
,274450720000.0,274808441000.0,0.0,0.0,117638000.0,-117638000.0,8236770760.0,266571670240.0,일반회계,2014,0.0,통계청,95744000.0,0.0,0.0,261977000.0
,337419967000.0,339910967000.0,0.0,0.0,6015831000.0,-6015831000.0,36445520150.0,302579342470.0,일반회계,2014,886104380.0,통일부,0.0,2491000000.0,0.0,0.0
손익계정,458626198000.0,459646852000.0,0.0,0.0,1179979000.0,-1179979000.0,4353054620.0,453829802120.0,특허청,2014,1463995260.0,특허청,1020654000.0,0.0,0.0,0.0
자본계정,2674000000.0,2674000000.0,0.0,0.0,0.0,0.0,30407800.0,2643592200.0,특허청,2014,0.0,특허청,0.0,0.0,0.0,0.0
,1113393330000.0,996241778000.0,14831965000.0,-175562760200.0,1117532000.0,-1117532000.0,0.0,996241778000.0,일반회계,2014,0.0,해양경찰청,16256243200.0,27323000000.0,0.0,0.0
,0.0,458421860.0,0.0,-2202164530.0,0.0,0.0,0.0,458421860.0,혁신도시건설특별회계,2014,0.0,해양경찰청,2660586390.0,0.0,0.0,0.0
광역발전계정,85807000000.0,96482200000.0,0.0,0.0,0.0,0.0,450000000.0,93782200000.0,광역지역발전특별회계,2014,2250000000.0,해양수산부,10675200000.0,0.0,0.0,0.0
제주특별자치도계정,113572000000.0,116649000000.0,0.0,0.0,0.0,0.0,0.0,116649000000.0,광역지역발전특별회계,2014,0.0,해양수산부,3077000000.0,0.0,0.0,0.0
지역개발계정,205073000000.0,239273825000.0,0.0,0.0,0.0,0.0,500000000.0,182120825000.0,광역지역발전특별회계,2014,56653000000.0,해양수산부,34200825000.0,0.0,0.0,0.0
항만계정,1250967000000.0,1383278009550.0,0.0,-6843341500.0,70416497000.0,-70416497000.0,101177015270.0,1126727786350.0,교통시설특별회계,2014,155373207930.0,해양수산부,135930351050.0,3224000000.0,0.0,0.0
구조개선사업계정,682927000000.0,702694957960.0,1800000000.0,-1800000000.0,19781817000.0,-19781817000.0,33517073760.0,520157774250.0,농어촌구조개선특별회계,2014,149020109950.0,해양수산부,19767957960.0,0.0,0.0,0.0
농어촌특별세사업계정,225292000000.0,273258130100.0,0.0,0.0,0.0,0.0,12891982590.0,234559979070.0,농어촌구조개선특별회계,2014,25806168440.0,해양수산부,46566130100.0,1400000000.0,0.0,0.0
손익계정,22603343000.0,22905830210.0,0.0,-125798000.0,16000000.0,-16000000.0,95582640.0,22650191400.0,대산지방해양항만청,2014,160056170.0,해양수산부,62285210.0,0.0,0.0,366000000.0
자본계정,35931000000.0,37889040170.0,0.0,-60021300.0,0.0,0.0,2097037240.0,35383087090.0,대산지방해양항만청,2014,408915840.0,해양수산부,2018061470.0,0.0,0.0,0.0
투자계정,36071000000.0,36071000000.0,0.0,0.0,0.0,0.0,60890.0,36070939110.0,에너지및자원사업특별회계,2014,0.0,해양수산부,0.0,0.0,0.0,0.0
,2402223050000.0,2454342144490.0,70000000.0,-2055218540.0,27145522000.0,-27145522000.0,48827322840.0,2361840505970.0,일반회계,2014,43674315680.0,해양수산부,49480313030.0,4624000000.0,0.0,0.0
,4896000000.0,10577171060.0,0.0,0.0,0.0,0.0,697162790.0,8129774660.0,혁신도시건설특별회계,2014,1750233610.0,해양수산부,5681171060.0,0.0,0.0,0.0
광역발전계정,0.0,24064098640.0,24064098640.0,0.0,0.0,0.0,9220070.0,24054878570.0,광역지역발전특별회계,2014,0.0,행정자치부,0.0,0.0,0.0,0.0
지역개발계정,0.0,40003000000.0,40003000000.0,0.0,0.0,0.0,0.0,846000000.0,광역지역발전특별회계,2014,39157000000.0,행정자치부,0.0,0.0,0.0,0.0
,0.0,6139719585280.0,6139719585280.0,0.0,1796411000.0,-1796411000.0,41906721710.0,5338294523850.0,일반회계,2014,759518339720.0,행정자치부,0.0,0.0,0.0,0.0
,679193438000.0,679193438000.0,0.0,0.0,0.0,0.0,40003438000.0,639190000000.0,일반회계,2014,0.0,행정중심복합도시건설청,0.0,0.0,0.0,0.0
,698661438000.0,795768393090.0,0.0,0.0,8942964000.0,-8942964000.0,106740341770.0,653692913330.0,행정중심복합도시건설특별회계,2014,35335137990.0,행정중심복합도시건설청,97106955090.0,0.0,0.0,0.0
,39023340000.0,39023340000.0,0.0,0.0,322057000.0,-322057000.0,1181309140.0,37821925860.0,일반회계,2014,20105000.0,헌법재판소,0.0,0.0,0.0,0.0
광역발전계정,353540000000.0,356340000000.0,0.0,0.0,0.0,0.0,18000000000.0,314729000000.0,광역지역발전특별회계,2014,23611000000.0,환경부,2800000000.0,0.0,0.0,0.0
제주특별자치도계정,19758000000.0,19758000000.0,0.0,0.0,0.0,0.0,0.0,19758000000.0,광역지역발전특별회계,2014,0.0,환경부,0.0,0.0,0.0,0.0
지역개발계정,410135000000.0,410135000000.0,0.0,0.0,0.0,0.0,0.0,378950200000.0,광역지역발전특별회계,2014,31184800000.0,환경부,0.0,0.0,0.0,0.0
농어촌특별세사업계정,90322000000.0,90322000000.0,0.0,0.0,0.0,0.0,14953000000.0,75369000000.0,농어촌구조개선특별회계,2014,0.0,환경부,0.0,0.0,0.0,0.0
투자계정,80205000000.0,83073684290.0,0.0,0.0,250000000.0,-250000000.0,993841190.0,80515451500.0,에너지및자원사업특별회계,2014,1564391600.0,환경부,2868684290.0,0.0,0.0,0.0
,3533584139000.0,3533584139000.0,0.0,0.0,0.0,0.0,190000000000.0,3343584139000.0,일반회계,2014,0.0,환경부,0.0,0.0,0.0,0.0
,4877040139000.0,5021078579130.0,0.0,0.0,15284045000.0,-15284045000.0,297839181730.0,4634771143630.0,환경개선특별회계,2014,88468253770.0,환경부,144038440130.0,0.0,0.0,0.0
,106502728000.0,107050696840.0,0.0,0.0,25850000.0,-25850000.0,3194186540.0,101800934800.0,일반회계,2013,2055575500.0,감사원,547968840.0,0.0,0.0,0.0
손익계정,62052000000.0,62052000000.0,0.0,0.0,1027223000.0,-1027223000.0,6664276490.0,55279723510.0,경찰병원,2013,108000000.0,경찰청,0.0,0.0,0.0,0.0
자본계정,2253000000.0,2310200000.0,0.0,0.0,0.0,0.0,528581060.0,1731728940.0,경찰병원,2013,49890000.0,경찰청,57200000.0,0.0,0.0,0.0
광역발전계정,24000000000.0,24000000000.0,0.0,0.0,0.0,0.0,0.0,24000000000.0,광역지역발전특별회계,2013,0.0,경찰청,0.0,0.0,0.0,0.0
제주특별자치도계정,3014000000.0,3014000000.0,0.0,0.0,0.0,0.0,0.0,3014000000.0,광역지역발전특별회계,2013,0.0,경찰청,0.0,0.0,0.0,0.0
,8228189378000.0,8245384762240.0,0.0,0.0,20801813000.0,-20801813000.0,70016939750.0,8168920318580.0,일반회계,2013,6447503910.0,경찰청,17195384240.0,0.0,0.0,0.0
,11000000000.0,105739781270.0,0.0,0.0,10800000000.0,-10800000000.0,57819083200.0,47726978040.0,혁신도시건설특별회계,2013,193720030.0,경찰청,94739781270.0,0.0,0.0,0.0
제주특별자치도계정,8564000000.0,8564000000.0,0.0,0.0,0.0,0.0,0.0,8564000000.0,광역지역발전특별회계,2013,0.0,고용노동부,0.0,0.0,0.0,0.0
농어촌특별세사업계정,819000000.0,819000000.0,0.0,0.0,0.0,0.0,0.0,819000000.0,농어촌구조개선특별회계,2013,0.0,고용노동부,0.0,0.0,0.0,0.0
투자계정,46560000000.0,46560000000.0,0.0,0.0,0.0,0.0,783095310.0,45776904690.0,에너지및자원사업특별회계,2013,0.0,고용노동부,0.0,0.0,0.0,0.0
,2029107030000.0,2036811017440.0,0.0,0.0,44730162000.0,-44730162000.0,151595987010.0,1838490477580.0,일반회계,2013,46724552850.0,고용노동부,3296987440.0,4407000000.0,0.0,0.0
,93310378000.0,93340378000.0,0.0,0.0,173526000.0,-173526000.0,4227435020.0,89093571980.0,일반회계,2013,19371000.0,공정거래위원회,30000000.0,0.0,0.0,0.0
,454643505000.0,455524044000.0,0.0,0.0,1104130000.0,-1104130000.0,9207330940.0,436941187060.0,일반회계,2013,9375526000.0,관세청,880539000.0,0.0,0.0,0.0
광역발전계정,753615000000.0,97922600000.0,0.0,-700675000000.0,0.0,0.0,0.0,97922600000.0,광역지역발전특별회계,2013,0.0,교육과학기술부,44982600000.0,0.0,0.0,0.0
손익계정,25601000000.0,4742482850.0,0.0,-21230900150.0,0.0,0.0,0.0,4742482850.0,국립과천과학관,2013,0.0,교육과학기술부,372383000.0,0.0,0.0,0.0
자본계정,8739000000.0,198603330.0,0.0,-9730722920.0,0.0,0.0,0.0,198603330.0,국립과천과학관,2013,0.0,교육과학기술부,1190326250.0,0.0,0.0,0.0
손익계정,20301000000.0,3299772650.0,0.0,-17001227350.0,0.0,0.0,0.0,3299772650.0,국립중앙과학관,2013,0.0,교육과학기술부,0.0,0.0,0.0,0.0
자본계정,9427000000.0,64675290.0,0.0,-9362324710.0,0.0,0.0,0.0,64675290.0,국립중앙과학관,2013,0.0,교육과학기술부,0.0,0.0,0.0,0.0
투자계정,130528000000.0,42422000000.0,0.0,-88106000000.0,0.0,0.0,0.0,42422000000.0,에너지및자원사업특별회계,2013,0.0,교육과학기술부,0.0,0.0,0.0,0.0
,53214723061000.0,16030035742280.0,0.0,-37213259060510.0,32757711000.0,-32757711000.0,0.0,16030035742280.0,일반회계,2013,0.0,교육과학기술부,28571741790.0,0.0,0.0,0.0
,17000000000.0,0.0,0.0,-61400286600.0,0.0,0.0,0.0,0.0,혁신도시건설특별회계,2013,0.0,교육과학기술부,44400286600.0,0.0,0.0,0.0
광역발전계정,37591000000.0,720941000000.0,683350000000.0,0.0,14040000000.0,-14040000000.0,2167000000.0,718774000000.0,광역지역발전특별회계,2013,0.0,교육부,0.0,0.0,0.0,0.0
,82565000000.0,34516882679320.0,34424273022320.0,-8076000000.0,7980127000.0,-7980127000.0,951176256740.0,32791490264550.0,일반회계,2013,774216158030.0,교육부,0.0,3909000000.0,0.0,14211657000.0
,0.0,61400286600.0,61400286600.0,0.0,0.0,0.0,20088387000.0,41311899600.0,혁신도시건설특별회계,2013,0.0,교육부,0.0,0.0,0.0,0.0
,61819981000.0,13461224860.0,0.0,-48358756140.0,0.0,0.0,0.0,13461224860.0,일반회계,2013,0.0,국가과학기술위원회,0.0,0.0,0.0,0.0
제주특별자치도계정,1473000000.0,1473000000.0,0.0,0.0,0.0,0.0,0.0,1473000000.0,광역지역발전특별회계,2013,0.0,국가보훈처,0.0,0.0,0.0,0.0
투자계정,32471000000.0,32471000000.0,0.0,0.0,1740000.0,-1740000.0,29000.0,32470971000.0,에너지및자원사업특별회계,2013,0.0,국가보훈처,0.0,0.0,0.0,0.0
,4130739142000.0,4141927205890.0,0.0,0.0,7401416000.0,-7401416000.0,41668629550.0,4099362471680.0,일반회계,2013,896104660.0,국가보훈처,7809063890.0,3379000000.0,0.0,0.0
,24091227000.0,24231696450.0,0.0,0.0,50759000.0,-50759000.0,709032080.0,23352664370.0,일반회계,2013,170000000.0,국가인권위원회,140469450.0,0.0,0.0,0.0
,467180048000.0,469446853000.0,0.0,0.0,0.0,0.0,12516108020.0,456629333280.0,일반회계,2013,301411700.0,국가정보원,2266805000.0,0.0,0.0,0.0
투자계정,10677000000.0,10677000000.0,0.0,0.0,0.0,0.0,0.0,10677000000.0,에너지및자원사업특별회계,2013,0.0,국무조정실 및 국무총리비서실,0.0,0.0,0.0,0.0
,532627842000.0,539455088280.0,8568184710.0,-2168772460.0,3521005000.0,-3521005000.0,16487677650.0,520005647380.0,일반회계,2013,2961763250.0,국무조정실 및 국무총리비서실,427834030.0,0.0,0.0,0.0
,68697664000.0,68697664000.0,0.0,0.0,385332000.0,-385332000.0,4070049850.0,64627614150.0,일반회계,2013,0.0,국민권익위원회,0.0,0.0,0.0,0.0
,459970000000.0,478089502850.0,0.0,0.0,2889145000.0,-2889145000.0,308636342760.0,163848567730.0,국방·군사시설이전특별회계,2013,5604592360.0,국방부,18119502850.0,0.0,0.0,0.0
,24322103461000.0,25059100102460.0,120828627950.0,-120828627950.0,171453360740.0,-171453360740.0,483100187210.0,24074207852820.0,일반회계,2013,501792062430.0,국방부,736996641460.0,0.0,0.0,0.0
,453590000000.0,498566882690.0,0.0,0.0,0.0,0.0,33551900510.0,419175002390.0,주한미군기지이전특별회계,2013,45839979790.0,국방부,44976882690.0,0.0,0.0,0.0
,30000000000.0,32477426700.0,0.0,0.0,0.0,0.0,801571740.0,31675854960.0,혁신도시건설특별회계,2013,0.0,국방부,2477426700.0,0.0,0.0,0.0
,1445371644000.0,1446872506080.0,7023598000.0,-7023598000.0,6688617000.0,-6688617000.0,43888896220.0,1365709641240.0,일반회계,2013,37273968620.0,국세청,637862080.0,863000000.0,0.0,0.0
,21140000000.0,73370586720.0,0.0,0.0,0.0,0.0,11936855560.0,41496217680.0,혁신도시건설특별회계,2013,19937513480.0,국세청,52230586720.0,0.0,0.0,0.0
광역발전계정,115300000000.0,2178123249960.0,2062823249960.0,0.0,221261588000.0,-221261588000.0,307969953900.0,1680832521030.0,광역지역발전특별회계,2013,189320775030.0,국토교통부,0.0,0.0,0.0,0.0
제주특별자치도계정,0.0,99675450000.0,99675450000.0,0.0,0.0,0.0,0.0,92651950000.0,광역지역발전특별회계,2013,7023500000.0,국토교통부,0.0,0.0,0.0,0.0
지역개발계정,0.0,475083000000.0,475083000000.0,0.0,0.0,0.0,40800800000.0,307790150000.0,광역지역발전특별회계,2013,126492050000.0,국토교통부,0.0,0.0,0.0,0.0
공항계정,0.0,398593813830.0,398593813830.0,0.0,153000000.0,-153000000.0,4282180900.0,388666624230.0,교통시설특별회계,2013,5645008700.0,국토교통부,0.0,0.0,0.0,0.0
교통체계관리계정,0.0,574656023200.0,574656023200.0,0.0,2000000.0,-2000000.0,39319843190.0,533477240010.0,교통시설특별회계,2013,1858940000.0,국토교통부,0.0,0.0,0.0,0.0
도로계정,452000000000.0,7323554579950.0,6873318579950.0,-1764000000.0,228604135000.0,-228604135000.0,842142455430.0,6357321325730.0,교통시설특별회계,2013,124090798790.0,국토교통부,0.0,0.0,0.0,0.0
철도계정,-5000000000.0,3477175769080.0,3482175769080.0,0.0,0.0,0.0,384062631430.0,3093113137650.0,교통시설특별회계,2013,0.0,국토교통부,0.0,0.0,0.0,0.0
투자계정,0.0,6334525000.0,6334525000.0,0.0,0.0,0.0,35000000.0,4624142800.0,에너지및자원사업특별회계,2013,1675382200.0,국토교통부,0.0,0.0,0.0,0.0
,629675000000.0,12706708276240.0,12085983132240.0,-15951000000.0,38650929000.0,-38650929000.0,1572660264510.0,11076248475950.0,일반회계,2013,57799535780.0,국토교통부,0.0,6951000000.0,0.0,50144000.0
,0.0,41654020430.0,41654020430.0,0.0,0.0,0.0,11625452360.0,29791568070.0,혁신도시건설특별회계,2013,237000000.0,국토교통부,0.0,0.0,0.0,0.0
광역발전계정,2250559000000.0,312103494750.0,0.0,-2066123249960.0,4322000000.0,-4322000000.0,0.0,312103494750.0,광역지역발전특별회계,2013,0.0,국토해양부,127667744710.0,0.0,0.0,0.0
제주특별자치도계정,187790000000.0,9064550000.0,0.0,-178725450000.0,0.0,0.0,0.0,9064550000.0,광역지역발전특별회계,2013,0.0,국토해양부,0.0,0.0,0.0,0.0
지역개발계정,555376000000.0,117788900000.0,0.0,-523320000000.0,0.0,0.0,0.0,117788900000.0,광역지역발전특별회계,2013,0.0,국토해양부,85732900000.0,0.0,0.0,0.0
공항계정,418116000000.0,26424446750.0,0.0,-398593813830.0,0.0,0.0,0.0,26424446750.0,교통시설특별회계,2013,0.0,국토해양부,6902260580.0,0.0,0.0,0.0
교통체계관리계정,860430000000.0,286509201800.0,0.0,-574656023200.0,0.0,0.0,0.0,286509201800.0,교통시설특별회계,2013,0.0,국토해양부,735225000.0,0.0,0.0,0.0
도로계정,8581188000000.0,1848853171690.0,0.0,-6871554579950.0,0.0,0.0,0.0,1848853171690.0,교통시설특별회계,2013,0.0,국토해양부,139219751640.0,0.0,0.0,0.0
철도계정,5301261000000.0,1822423900600.0,0.0,-3482175769080.0,0.0,0.0,0.0,1822423900600.0,교통시설특별회계,2013,0.0,국토해양부,3338669680.0,0.0,0.0,0.0
항만계정,1284441000000.0,203241357100.0,0.0,-1307596732850.0,0.0,0.0,0.0,203241357100.0,교통시설특별회계,2013,0.0,국토해양부,226397089950.0,0.0,0.0,0.0
손익계정,14970051000.0,1780095800.0,0.0,-13189955200.0,0.0,0.0,0.0,1780095800.0,대산지방해양항만청,2013,0.0,국토해양부,0.0,0.0,0.0,0.0
자본계정,51078000000.0,2856294500.0,0.0,-49444879960.0,0.0,0.0,0.0,2856294500.0,대산지방해양항만청,2013,0.0,국토해양부,1223174460.0,0.0,0.0,0.0
투자계정,27219000000.0,377000000.0,0.0,-27334525000.0,0.0,0.0,0.0,377000000.0,에너지및자원사업특별회계,2013,0.0,국토해양부,492525000.0,0.0,0.0,0.0
,20225841627000.0,7292631865680.0,0.0,-13208472565780.0,1863250000.0,-1863250000.0,1204360.0,7292630661320.0,일반회계,2013,0.0,국토해양부,275262804460.0,0.0,0.0,0.0
,43850000000.0,4965979570.0,0.0,-41654020430.0,0.0,0.0,0.0,4965979570.0,혁신도시건설특별회계,2013,0.0,국토해양부,2770000000.0,0.0,0.0,0.0
,521871198000.0,527874163410.0,0.0,0.0,2646761000.0,-2646761000.0,8849437410.0,515715641920.0,일반회계,2013,3309084080.0,국회,6002965410.0,1300000000.0,-1300000000.0,0.0
,420432151000.0,420457151000.0,445000000.0,-445000000.0,189400000.0,-189400000.0,5269501190.0,415168649810.0,일반회계,2013,19000000.0,금융위원회,25000000.0,0.0,0.0,0.0
,318837717000.0,325238803620.0,0.0,0.0,1430966000.0,-1430966000.0,12934275810.0,303943971600.0,일반회계,2013,8360556210.0,기상청,6401086620.0,0.0,0.0,0.0
,0.0,8494745030.0,0.0,0.0,0.0,0.0,73573720.0,8421171310.0,혁신도시건설특별회계,2013,0.0,기상청,8494745030.0,0.0,0.0,0.0
,17558100931000.0,14054381464100.0,65465579000.0,-70779230900.0,829697000.0,-829697000.0,2870611510680.0,11180513736240.0,일반회계,2013,3256217180.0,기획재정부,4356358000.0,466784061000.0,-3969546234000.0,0.0
광역발전계정,229694000000.0,31354326190.0,0.0,-205802911420.0,0.0,0.0,0.0,31354326190.0,광역지역발전특별회계,2013,0.0,농림수산식품부,7463237610.0,0.0,0.0,0.0
제주특별자치도계정,89591000000.0,12680000000.0,0.0,-86999000000.0,0.0,0.0,0.0,12680000000.0,광역지역발전특별회계,2013,0.0,농림수산식품부,10088000000.0,0.0,0.0,0.0
지역개발계정,1366015000000.0,370635000000.0,0.0,-1366015000000.0,0.0,0.0,0.0,370635000000.0,광역지역발전특별회계,2013,0.0,농림수산식품부,370635000000.0,0.0,0.0,0.0
구조개선사업계정,6638138000000.0,978071492720.0,0.0,-7330988033010.0,670000000.0,-670000000.0,0.0,978071492720.0,농어촌구조개선특별회계,2013,0.0,농림수산식품부,1670921525730.0,0.0,0.0,0.0
농어촌특별세사업계정,4588174000000.0,682831455000.0,0.0,-5372474470960.0,309353000.0,-309353000.0,5950000.0,682825505000.0,농어촌구조개선특별회계,2013,0.0,농림수산식품부,1467131925960.0,0.0,0.0,0.0
손익계정,1417687000000.0,144255768080.0,0.0,-1273431231920.0,0.0,0.0,0.0,144255768080.0,양곡관리특별회계,2013,0.0,농림수산식품부,0.0,0.0,0.0,0.0
융자계정,29228000000.0,0.0,0.0,-29228000000.0,0.0,0.0,0.0,0.0,에너지및자원사업특별회계,2013,0.0,농림수산식품부,0.0,0.0,0.0,0.0
투자계정,89797000000.0,0.0,0.0,-89797000000.0,0.0,0.0,0.0,0.0,에너지및자원사업특별회계,2013,0.0,농림수산식품부,0.0,0.0,0.0,0.0
,5239579451000.0,956957711820.0,0.0,-4339551500660.0,800000000.0,-800000000.0,8504200.0,956949207620.0,일반회계,2013,0.0,농림수산식품부,56929761480.0,0.0,0.0,0.0
,41858000000.0,3861495250.0,0.0,-219441988840.0,0.0,0.0,0.0,3861495250.0,혁신도시건설특별회계,2013,0.0,농림수산식품부,181445484090.0,0.0,0.0,0.0
광역발전계정,10000000000.0,149040911420.0,139040911420.0,0.0,0.0,0.0,2901869940.0,137754141480.0,광역지역발전특별회계,2013,8384900000.0,농림축산식품부,0.0,0.0,0.0,0.0
제주특별자치도계정,0.0,51061000000.0,51061000000.0,0.0,0.0,0.0,0.0,51061000000.0,광역지역발전특별회계,2013,0.0,농림축산식품부,0.0,0.0,0.0,0.0
지역개발계정,0.0,1224044000000.0,1224044000000.0,0.0,0.0,0.0,0.0,731583000000.0,광역지역발전특별회계,2013,492461000000.0,농림축산식품부,0.0,0.0,0.0,0.0
구조개선사업계정,96200000000.0,6927647046370.0,6836921046370.0,-5474000000.0,280000000.0,-280000000.0,2022947103090.0,3826439519850.0,농어촌구조개선특별회계,2013,1078260423430.0,농림축산식품부,0.0,0.0,0.0,0.0
농어촌특별세사업계정,-74364000000.0,5075268540490.0,5149632540490.0,0.0,0.0,0.0,1209267497920.0,2775184942570.0,농어촌구조개선특별회계,2013,1090816100000.0,농림축산식품부,0.0,0.0,0.0,0.0
손익계정,0.0,1273431231920.0,1273431231920.0,0.0,79021198000.0,-79021198000.0,895548570.0,1272535683350.0,양곡관리특별회계,2013,0.0,농림축산식품부,0.0,0.0,0.0,0.0
융자계정,0.0,29228000000.0,29228000000.0,0.0,0.0,0.0,0.0,29228000000.0,에너지및자원사업특별회계,2013,0.0,농림축산식품부,0.0,0.0,0.0,0.0
투자계정,0.0,72937000000.0,72937000000.0,0.0,0.0,0.0,1432091000.0,71504909000.0,에너지및자원사업특별회계,2013,0.0,농림축산식품부,0.0,0.0,0.0,0.0
,181564000000.0,4269137455730.0,4087867942730.0,-463387000.0,777723000.0,-777723000.0,749959719340.0,3515782717160.0,일반회계,2013,3395019230.0,농림축산식품부,0.0,0.0,0.0,168900000.0
,0.0,213748957840.0,213748957840.0,0.0,0.0,0.0,37820506430.0,136523154220.0,혁신도시건설특별회계,2013,39405297190.0,농림축산식품부,0.0,0.0,0.0,0.0
광역발전계정,49114000000.0,49114000000.0,0.0,0.0,0.0,0.0,119448290.0,48994551710.0,광역지역발전특별회계,2013,0.0,농촌진흥청,0.0,0.0,0.0,0.0
제주특별자치도계정,6548000000.0,6548000000.0,0.0,0.0,0.0,0.0,0.0,6548000000.0,광역지역발전특별회계,2013,0.0,농촌진흥청,0.0,0.0,0.0,0.0
지역개발계정,40160000000.0,40160000000.0,0.0,0.0,0.0,0.0,0.0,40160000000.0,광역지역발전특별회계,2013,0.0,농촌진흥청,0.0,0.0,0.0,0.0
구조개선사업계정,41016000000.0,41016000000.0,0.0,0.0,0.0,0.0,405321600.0,40610678400.0,농어촌구조개선특별회계,2013,0.0,농촌진흥청,0.0,0.0,0.0,0.0
,656076605000.0,680897226840.0,982000000.0,-982000000.0,1686755000.0,-1686755000.0,20627086980.0,657511378320.0,일반회계,2013,2758761540.0,농촌진흥청,24820621840.0,0.0,0.0,0.0
,280000000000.0,488291264400.0,0.0,0.0,0.0,0.0,0.0,335867771960.0,혁신도시건설특별회계,2013,152423492440.0,농촌진흥청,208291264400.0,0.0,0.0,0.0
,267111000000.0,278107173800.0,0.0,0.0,0.0,0.0,58260052140.0,204955790640.0,등기특별회계,2013,14891331020.0,대법원,10996173800.0,0.0,0.0,0.0
,1226963178000.0,1230761218310.0,0.0,0.0,10335977000.0,-10335977000.0,18249354930.0,1211668352320.0,일반회계,2013,843511060.0,대법원,3798040310.0,500000000.0,-500000000.0,0.0
,0.0,62055031360.0,62055031360.0,0.0,2400000.0,-2400000.0,5225970780.0,56553060580.0,일반회계,2013,276000000.0,대통령경호실,0.0,0.0,0.0,0.0
,0.0,65192072750.0,65192072750.0,0.0,500000000.0,-500000000.0,7557196020.0,57634876730.0,일반회계,2013,0.0,대통령비서실 및 국가안보실,0.0,0.0,0.0,0.0
,161885240000.0,34861325890.0,0.0,-127247104110.0,0.0,0.0,0.0,34861325890.0,일반회계,2013,0.0,대통령실,223190000.0,0.0,0.0,0.0
광역발전계정,3472000000.0,3472000000.0,0.0,0.0,0.0,0.0,0.0,3472000000.0,광역지역발전특별회계,2013,0.0,문화재청,0.0,0.0,0.0,0.0
지역개발계정,12769000000.0,12769000000.0,0.0,0.0,0.0,0.0,0.0,12769000000.0,광역지역발전특별회계,2013,0.0,문화재청,0.0,0.0,0.0,0.0
,529207229000.0,533326432140.0,0.0,0.0,1221201000.0,-1221201000.0,25072393870.0,504929786870.0,일반회계,2013,3324251400.0,문화재청,4119203140.0,0.0,0.0,0.0
광역발전계정,185757000000.0,185757000000.0,0.0,0.0,0.0,0.0,10008570000.0,154607715000.0,광역지역발전특별회계,2013,21140715000.0,문화체육관광부,0.0,0.0,0.0,0.0
제주특별자치도계정,8892000000.0,8892000000.0,0.0,0.0,0.0,0.0,0.0,4792000000.0,광역지역발전특별회계,2013,4100000000.0,문화체육관광부,0.0,0.0,0.0,0.0
지역개발계정,455781000000.0,511616488000.0,0.0,0.0,0.0,0.0,4788492000.0,366786934000.0,광역지역발전특별회계,2013,140041062000.0,문화체육관광부,55835488000.0,0.0,0.0,0.0
,143261000000.0,147169411270.0,0.0,0.0,1979085000.0,-1979085000.0,7475789960.0,137777779080.0,아시아문화중심도시조성특별회계,2013,1915842230.0,문화체육관광부,3908411270.0,0.0,0.0,0.0
,1717625126000.0,1768859792730.0,714188000.0,-46429987800.0,10813634000.0,-10813634000.0,108196837780.0,1652058317700.0,일반회계,2013,8604637250.0,문화체육관광부,83653966530.0,12957000000.0,0.0,339500000.0
광역발전계정,0.0,163660000000.0,163660000000.0,0.0,0.0,0.0,0.0,134334000000.0,광역지역발전특별회계,2013,29326000000.0,미래창조과학부,0.0,0.0,0.0,0.0
손익계정,0.0,21230900150.0,21230900150.0,0.0,0.0,0.0,1227985580.0,19844929570.0,국립과천과학관,2013,157985000.0,미래창조과학부,0.0,0.0,0.0,0.0
자본계정,0.0,9730722920.0,9730722920.0,0.0,0.0,0.0,164079470.0,7831602460.0,국립과천과학관,2013,1735040990.0,미래창조과학부,0.0,0.0,0.0,0.0
손익계정,0.0,17001227350.0,17001227350.0,0.0,0.0,0.0,678218730.0,16323008620.0,국립중앙과학관,2013,0.0,미래창조과학부,0.0,0.0,0.0,0.0
자본계정,0.0,9362324710.0,9362324710.0,0.0,0.0,0.0,195248550.0,9167076160.0,국립중앙과학관,2013,0.0,미래창조과학부,0.0,0.0,0.0,0.0
투자계정,0.0,224060000000.0,224060000000.0,0.0,0.0,0.0,163000000.0,223897000000.0,에너지및자원사업특별회계,2013,0.0,미래창조과학부,0.0,0.0,0.0,0.0
,0.0,655061878010.0,546526878010.0,0.0,107773000.0,-107773000.0,8054813050.0,646561464960.0,우체국보험특별회계,2013,445600000.0,미래창조과학부,0.0,0.0,0.0,108535000000.0
손익계정,0.0,2418122073740.0,2418122073740.0,0.0,0.0,0.0,83167757750.0,2334302515990.0,우체국예금특별회계,2013,651800000.0,미래창조과학부,0.0,0.0,0.0,0.0
자본계정,0.0,15342151210.0,15342151210.0,0.0,0.0,0.0,702280640.0,14639870570.0,우체국예금특별회계,2013,0.0,미래창조과학부,0.0,0.0,0.0,0.0
손익계정,0.0,2604867919320.0,2630862919320.0,-25995000000.0,19278010000.0,-19278010000.0,101442171150.0,2503112748170.0,우편사업특별회계,2013,313000000.0,미래창조과학부,0.0,0.0,0.0,0.0
자본계정,0.0,194157941410.0,194157941410.0,0.0,0.0,0.0,45037840960.0,144767957290.0,우편사업특별회계,2013,4352143160.0,미래창조과학부,0.0,0.0,0.0,0.0
,122300000000.0,3826909689050.0,3700860689050.0,0.0,2071123000.0,-2071123000.0,184923979020.0,3633417660550.0,일반회계,2013,8568049480.0,미래창조과학부,0.0,3749000000.0,0.0,0.0
,0.0,23116002960.0,23116002960.0,0.0,0.0,0.0,2161396260.0,12225253100.0,혁신도시건설특별회계,2013,8729353600.0,미래창조과학부,0.0,0.0,0.0,0.0
,25034506000.0,25034506000.0,0.0,0.0,11539000.0,-11539000.0,915084340.0,24119421660.0,일반회계,2013,0.0,민주평화통일자문회의,0.0,0.0,0.0,0.0
,273987917000.0,112181705020.0,0.0,-163155011980.0,130665000.0,-130665000.0,2264324610.0,109917380410.0,일반회계,2013,0.0,방송통신위원회,1348800000.0,0.0,0.0,0.0
,9722000000.0,1071202900.0,0.0,-18887736450.0,0.0,0.0,0.0,1071202900.0,혁신도시건설특별회계,2013,0.0,방송통신위원회,10236939350.0,0.0,0.0,0.0
,10174902575000.0,10920945615880.0,0.0,0.0,134201326710.0,-134201326710.0,666954517650.0,9973997829190.0,일반회계,2013,279993269040.0,방위사업청,746043040880.0,0.0,0.0,0.0
,43513000000.0,45242775370.0,0.0,0.0,1950000000.0,-1950000000.0,4677928290.0,40564847080.0,교도작업특별회계,2013,0.0,법무부,1729775370.0,0.0,0.0,0.0
,2590980937000.0,2686283081250.0,7992481000.0,-7992481000.0,15381424000.0,-15381424000.0,61569590830.0,2623146229740.0,일반회계,2013,1567260680.0,법무부,6070144250.0,89232000000.0,0.0,0.0
,56200000000.0,152370134670.0,0.0,0.0,1016737000.0,-1016737000.0,302585000.0,110728998930.0,혁신도시건설특별회계,2013,41338550740.0,법무부,96170134670.0,0.0,0.0,0.0
,27738830000.0,27738830000.0,0.0,0.0,50408000.0,-50408000.0,1525628830.0,26213201170.0,일반회계,2013,0.0,법제처,0.0,0.0,0.0,0.0
,180756530000.0,180982712000.0,0.0,0.0,159358000.0,-159358000.0,6087595130.0,174895116870.0,일반회계,2013,0.0,병무청,226182000.0,0.0,0.0,0.0
제주특별자치도계정,3446000000.0,3446000000.0,0.0,0.0,0.0,0.0,0.0,3446000000.0,광역지역발전특별회계,2013,0.0,보건복지부,0.0,0.0,0.0,0.0
손익계정,11801456000.0,11801456000.0,0.0,0.0,17000000.0,-17000000.0,997388930.0,10804067070.0,국립공주병원,2013,0.0,보건복지부,0.0,0.0,0.0,0.0
자본계정,1629405000.0,1629405000.0,0.0,0.0,0.0,0.0,55821820.0,1573583180.0,국립공주병원,2013,0.0,보건복지부,0.0,0.0,0.0,0.0
손익계정,16652996000.0,16652996000.0,0.0,0.0,59000000.0,-59000000.0,937633280.0,15670362720.0,국립나주병원,2013,45000000.0,보건복지부,0.0,0.0,0.0,0.0
자본계정,1407400000.0,1407400000.0,0.0,0.0,0.0,0.0,5494940.0,1401905060.0,국립나주병원,2013,0.0,보건복지부,0.0,0.0,0.0,0.0
손익계정,9868339000.0,9868339000.0,0.0,0.0,143600000.0,-143600000.0,612636590.0,9255702410.0,국립마산병원,2013,0.0,보건복지부,0.0,0.0,0.0,0.0
자본계정,1435530000.0,1471530000.0,0.0,0.0,0.0,0.0,359880310.0,888215720.0,국립마산병원,2013,223433970.0,보건복지부,36000000.0,0.0,0.0,0.0
손익계정,7158398000.0,7158398000.0,0.0,0.0,11069000.0,-11069000.0,739147490.0,6419250510.0,국립목포병원,2013,0.0,보건복지부,0.0,0.0,0.0,0.0
자본계정,985535000.0,985535000.0,0.0,0.0,0.0,0.0,23037720.0,962497280.0,국립목포병원,2013,0.0,보건복지부,0.0,0.0,0.0,0.0
손익계정,14529063000.0,14529063000.0,0.0,0.0,51980000.0,-51980000.0,1362967010.0,12962320740.0,국립부곡병원,2013,203775250.0,보건복지부,0.0,0.0,0.0,0.0
자본계정,944990000.0,944990000.0,0.0,0.0,0.0,0.0,98274750.0,846715250.0,국립부곡병원,2013,0.0,보건복지부,0.0,0.0,0.0,0.0
손익계정,30690305000.0,30690305000.0,0.0,0.0,531648000.0,-531648000.0,1506369600.0,29183935400.0,국립서울병원,2013,0.0,보건복지부,0.0,0.0,0.0,0.0
자본계정,13200440000.0,24866440000.0,0.0,0.0,95000000.0,-95000000.0,9324388860.0,9416699650.0,국립서울병원,2013,6125351490.0,보건복지부,11666000000.0,0.0,0.0,0.0
손익계정,33817274000.0,33852274000.0,0.0,0.0,576000000.0,-576000000.0,941999690.0,31836985710.0,국립재활원,2013,1073288600.0,보건복지부,35000000.0,0.0,0.0,0.0
자본계정,15441155000.0,20373740200.0,0.0,0.0,0.0,0.0,5506627290.0,10279232930.0,국립재활원,2013,4587879980.0,보건복지부,4932585200.0,0.0,0.0,0.0
손익계정,10984493000.0,10984493000.0,0.0,0.0,30759000.0,-30759000.0,942328300.0,10042164700.0,국립춘천병원,2013,0.0,보건복지부,0.0,0.0,0.0,0.0
자본계정,748570000.0,748570000.0,0.0,0.0,2500000.0,-2500000.0,18965220.0,729604780.0,국립춘천병원,2013,0.0,보건복지부,0.0,0.0,0.0,0.0
농어촌특별세사업계정,61273000000.0,61273000000.0,0.0,0.0,0.0,0.0,0.0,61273000000.0,농어촌구조개선특별회계,2013,0.0,보건복지부,0.0,0.0,0.0,0.0
,25860465788000.0,26620612331670.0,4160000000.0,-6643093180.0,91530220000.0,-91530220000.0,215826953860.0,26375441726380.0,일반회계,2013,29343651430.0,보건복지부,26671445850.0,734410650000.0,0.0,1547541000.0
광역발전계정,143535000000.0,147770048880.0,0.0,0.0,102279000.0,-102279000.0,883245900.0,145306219670.0,광역지역발전특별회계,2013,1580583310.0,산림청,897017880.0,3338031000.0,0.0,0.0
제주특별자치도계정,5700000000.0,5700000000.0,0.0,0.0,0.0,0.0,0.0,5700000000.0,광역지역발전특별회계,2013,0.0,산림청,0.0,0.0,0.0,0.0
지역개발계정,167361000000.0,167361000000.0,0.0,0.0,0.0,0.0,0.0,167361000000.0,광역지역발전특별회계,2013,0.0,산림청,0.0,0.0,0.0,0.0
손익계정,22501000000.0,22501000000.0,0.0,0.0,24330000.0,-24330000.0,672811790.0,21828188210.0,국립자연휴양림관리소,2013,0.0,산림청,0.0,0.0,0.0,0.0
자본계정,20979000000.0,20979000000.0,0.0,0.0,0.0,0.0,465900450.0,17335715940.0,국립자연휴양림관리소,2013,3177383610.0,산림청,0.0,0.0,0.0,0.0
임업진흥사업계정,647153000000.0,665299753700.0,0.0,0.0,0.0,0.0,31631321650.0,621336753050.0,농어촌구조개선특별회계,2013,12331679000.0,산림청,3412722700.0,14734031000.0,0.0,0.0
,1304320565000.0,1375400805530.0,6774253000.0,-6774253000.0,22030000000.0,-22030000000.0,30486121700.0,1313842262740.0,일반회계,2013,31072421090.0,산림청,56346209530.0,14734031000.0,0.0,0.0
,8748000000.0,23991877550.0,0.0,0.0,0.0,0.0,1151657720.0,22840219830.0,혁신도시건설특별회계,2013,0.0,산림청,15243877550.0,0.0,0.0,0.0
광역발전계정,12800000000.0,1270749478510.0,1257949478510.0,0.0,5000000.0,-5000000.0,99616375020.0,1035958340490.0,광역지역발전특별회계,2013,135174763000.0,산업통상자원부,0.0,0.0,0.0,0.0
제주특별자치도계정,0.0,1020000000.0,1020000000.0,0.0,0.0,0.0,0.0,1020000000.0,광역지역발전특별회계,2013,0.0,산업통상자원부,0.0,0.0,0.0,0.0
지역개발계정,0.0,43452000000.0,43452000000.0,0.0,0.0,0.0,2500000000.0,40952000000.0,광역지역발전특별회계,2013,0.0,산업통상자원부,0.0,0.0,0.0,0.0
융자계정,0.0,1580457000000.0,1580457000000.0,0.0,0.0,0.0,0.0,1580457000000.0,에너지및자원사업특별회계,2013,0.0,산업통상자원부,0.0,0.0,0.0,0.0
투자계정,770000000.0,3141654792150.0,3140884792150.0,0.0,1140000000.0,-1140000000.0,646006828000.0,2495067684150.0,에너지및자원사업특별회계,2013,580280000.0,산업통상자원부,0.0,0.0,0.0,0.0
,89000000000.0,2614685820050.0,2518594378050.0,0.0,5334446000.0,-5334446000.0,412465557390.0,2117520138980.0,일반회계,2013,84700123680.0,산업통상자원부,0.0,7091442000.0,0.0,0.0
,0.0,41978242530.0,41978242530.0,0.0,0.0,0.0,420000.0,29013840980.0,혁신도시건설특별회계,2013,12963981550.0,산업통상자원부,0.0,0.0,0.0,0.0
,0.0,6951000000.0,6951000000.0,0.0,328000000.0,-328000000.0,807328530.0,5354573480.0,일반회계,2013,789097990.0,새만금개발청,0.0,0.0,0.0,0.0
제주특별자치도계정,350000000.0,350000000.0,0.0,0.0,0.0,0.0,0.0,350000000.0,광역지역발전특별회계,2013,0.0,소방방재청,0.0,0.0,0.0,0.0
농어촌특별세사업계정,258461000000.0,258461000000.0,0.0,0.0,0.0,0.0,0.0,198900000000.0,농어촌구조개선특별회계,2013,59561000000.0,소방방재청,0.0,0.0,0.0,0.0
,726844536000.0,798414695000.0,487000000.0,-487000000.0,1272477000.0,-1272477000.0,41782542190.0,746769678510.0,일반회계,2013,9862474300.0,소방방재청,501681000.0,71068478000.0,0.0,0.0
,10813000000.0,25956731430.0,0.0,0.0,0.0,0.0,0.0,9963258060.0,혁신도시건설특별회계,2013,15993473370.0,소방방재청,15143731430.0,0.0,0.0,0.0
광역발전계정,0.0,3120600000.0,3120600000.0,0.0,0.0,0.0,0.0,3120600000.0,광역지역발전특별회계,2013,0.0,식품의약품안전처,0.0,0.0,0.0,0.0
제주특별자치도계정,0.0,136000000.0,136000000.0,0.0,0.0,0.0,0.0,136000000.0,광역지역발전특별회계,2013,0.0,식품의약품안전처,0.0,0.0,0.0,0.0
구조개선사업계정,0.0,10421019000.0,10421019000.0,0.0,7800000.0,-7800000.0,378153050.0,9515514090.0,농어촌구조개선특별회계,2013,527351860.0,식품의약품안전처,0.0,0.0,0.0,0.0
,15570000000.0,241152364820.0,210740173820.0,0.0,5539915000.0,-5539915000.0,12723392080.0,225331824820.0,일반회계,2013,3097147920.0,식품의약품안전처,0.0,11311000000.0,0.0,3531191000.0
광역발전계정,4458000000.0,1337400000.0,0.0,-3120600000.0,0.0,0.0,0.0,1337400000.0,광역지역발전특별회계,2013,0.0,식품의약품안전청,0.0,0.0,0.0,0.0
제주특별자치도계정,136000000.0,0.0,0.0,-136000000.0,0.0,0.0,0.0,0.0,광역지역발전특별회계,2013,0.0,식품의약품안전청,0.0,0.0,0.0,0.0
,260274384000.0,71663265750.0,0.0,-189958890640.0,3000000.0,-3000000.0,0.0,71663265750.0,일반회계,2013,0.0,식품의약품안전청,1347772390.0,0.0,0.0,0.0
광역발전계정,63569000000.0,254592585750.0,191023585750.0,0.0,0.0,0.0,99125820.0,245154459930.0,광역지역발전특별회계,2013,9339000000.0,안전행정부,0.0,0.0,0.0,0.0
제주특별자치도계정,772000000.0,10282000000.0,9510000000.0,0.0,0.0,0.0,0.0,10282000000.0,광역지역발전특별회계,2013,0.0,안전행정부,0.0,0.0,0.0,0.0
지역개발계정,0.0,157637000000.0,157637000000.0,0.0,0.0,0.0,0.0,153692000000.0,광역지역발전특별회계,2013,3945000000.0,안전행정부,0.0,0.0,0.0,0.0
,86509000000.0,31945325141690.0,30301696050690.0,-6586546000.0,15792762000.0,-15792762000.0,545785652200.0,30625455364810.0,일반회계,2013,774084124680.0,안전행정부,0.0,1563072354000.0,0.0,634283000.0
,0.0,123997571170.0,123997571170.0,0.0,0.0,0.0,45679591770.0,71516509090.0,혁신도시건설특별회계,2013,6801470310.0,안전행정부,0.0,0.0,0.0,0.0
제주특별자치도계정,1382000000.0,1382000000.0,0.0,0.0,0.0,0.0,0.0,1382000000.0,광역지역발전특별회계,2013,0.0,여성가족부,0.0,0.0,0.0,0.0
지역개발계정,49168000000.0,49168000000.0,0.0,0.0,0.0,0.0,0.0,42972000000.0,광역지역발전특별회계,2013,6196000000.0,여성가족부,0.0,0.0,0.0,0.0
,260720036000.0,261118270490.0,0.0,0.0,973435000.0,-973435000.0,14119550150.0,245512454250.0,일반회계,2013,1486266090.0,여성가족부,398234490.0,0.0,0.0,0.0
,700000000.0,1505098897050.0,1501503145050.0,-166808000.0,8265264000.0,-8265264000.0,127106495870.0,1376503690890.0,일반회계,2013,1488710290.0,외교부,0.0,1862000000.0,0.0,1200560000.0
,1997148185000.0,483876324050.0,0.0,-1514951554110.0,62500000.0,-62500000.0,0.0,483876324050.0,일반회계,2013,0.0,외교통상부,1679693160.0,0.0,0.0,0.0
,91803422000.0,91858422000.0,0.0,0.0,20500000.0,-20500000.0,2960458990.0,88801385130.0,일반회계,2013,96577880.0,원자력안전위원회,55000000.0,0.0,0.0,0.0
손익계정,204944000000.0,205064125000.0,0.0,0.0,318513000.0,-318513000.0,6510784060.0,197601493830.0,조달특별회계,2013,951847110.0,조달청,120125000.0,0.0,0.0,0.0
자본계정,309054000000.0,309054000000.0,0.0,0.0,0.0,0.0,201606771960.0,95279119730.0,조달특별회계,2013,12168108310.0,조달청,0.0,0.0,0.0,0.0
,10438000000.0,22681052440.0,0.0,0.0,0.0,0.0,49517450.0,22631534990.0,혁신도시건설특별회계,2013,0.0,조달청,12243052440.0,0.0,0.0,0.0
광역발전계정,164380000000.0,194280000000.0,0.0,0.0,0.0,0.0,6463610.0,194273536390.0,광역지역발전특별회계,2013,0.0,중소기업청,29900000000.0,0.0,0.0,0.0
제주특별자치도계정,6347000000.0,6347000000.0,0.0,0.0,0.0,0.0,0.0,6347000000.0,광역지역발전특별회계,2013,0.0,중소기업청,0.0,0.0,0.0,0.0
지역개발계정,153982000000.0,153982000000.0,0.0,0.0,0.0,0.0,0.0,153982000000.0,광역지역발전특별회계,2013,0.0,중소기업청,0.0,0.0,0.0,0.0
,2721527866000.0,2781377673470.0,58751557470.0,0.0,2818167000.0,-2818167000.0,62209425750.0,2719168247720.0,일반회계,2013,0.0,중소기업청,1098250000.0,0.0,0.0,0.0
,351374178000.0,362817909670.0,4259363000.0,-4259363000.0,1459340000.0,-1459340000.0,1805744790.0,359838262380.0,일반회계,2013,1173902500.0,중앙선거관리위원회,5091731670.0,6812000000.0,-460000000.0,0.0
광역발전계정,1514487000000.0,139942918550.0,0.0,-1404284478510.0,0.0,0.0,0.0,139942918550.0,광역지역발전특별회계,2013,0.0,지식경제부,29740397060.0,0.0,0.0,0.0
제주특별자치도계정,2020000000.0,1000000000.0,0.0,-1020000000.0,0.0,0.0,0.0,1000000000.0,광역지역발전특별회계,2013,0.0,지식경제부,0.0,0.0,0.0,0.0
지역개발계정,59337000000.0,27385000000.0,0.0,-43452000000.0,0.0,0.0,0.0,27385000000.0,광역지역발전특별회계,2013,0.0,지식경제부,11500000000.0,0.0,0.0,0.0
융자계정,1825457000000.0,245000000000.0,0.0,-1580457000000.0,0.0,0.0,0.0,245000000000.0,에너지및자원사업특별회계,2013,0.0,지식경제부,0.0,0.0,0.0,0.0
투자계정,3861938000000.0,585592339480.0,0.0,-3276838792150.0,400000000.0,-400000000.0,0.0,585592339480.0,에너지및자원사업특별회계,2013,0.0,지식경제부,493131630.0,0.0,0.0,0.0
,689567000000.0,143186621990.0,0.0,-546526878010.0,0.0,0.0,0.0,143186621990.0,우체국보험특별회계,2013,0.0,지식경제부,146500000.0,0.0,0.0,0.0
손익계정,2921505000000.0,504411426260.0,0.0,-2418122073740.0,0.0,0.0,0.0,504411426260.0,우체국예금특별회계,2013,0.0,지식경제부,1028500000.0,0.0,0.0,0.0
자본계정,15437000000.0,98486690.0,0.0,-15342151210.0,0.0,0.0,0.0,98486690.0,우체국예금특별회계,2013,0.0,지식경제부,3637900.0,0.0,0.0,0.0
손익계정,3513808512000.0,909014373470.0,44584458000.0,-2649452377320.0,0.0,0.0,0.0,909014373470.0,우편사업특별회계,2013,0.0,지식경제부,73780790.0,0.0,0.0,0.0
자본계정,192769000000.0,10189032600.0,0.0,-194157941410.0,0.0,0.0,0.0,10189032600.0,우편사업특별회계,2013,0.0,지식경제부,11577974010.0,0.0,0.0,0.0
,3750220793000.0,630884728150.0,0.0,-3144676697680.0,38596000.0,-38596000.0,0.0,630884728150.0,일반회계,2013,0.0,지식경제부,25340632830.0,0.0,0.0,0.0
,12063000000.0,1616749260.0,0.0,-46206509040.0,0.0,0.0,0.0,1616749260.0,혁신도시건설특별회계,2013,0.0,지식경제부,35760258300.0,0.0,0.0,0.0
,237870009000.0,238182900000.0,0.0,0.0,629354000.0,-629354000.0,8832529980.0,229254626020.0,일반회계,2013,95744000.0,통계청,0.0,0.0,0.0,312891000.0
,422181561000.0,422181561000.0,0.0,0.0,1498124000.0,-1498124000.0,118298595070.0,303882965930.0,일반회계,2013,0.0,통일부,0.0,0.0,0.0,0.0
,10102359000.0,1611220110.0,0.0,-8568184710.0,0.0,0.0,0.0,1611220110.0,일반회계,2013,0.0,특임장관실,77045820.0,0.0,0.0,0.0
손익계정,429136927000.0,431635647630.0,0.0,0.0,1168223000.0,-1168223000.0,5819854340.0,424795139290.0,특허청,2013,1020654000.0,특허청,2498720630.0,0.0,0.0,0.0
자본계정,3599000000.0,3599000000.0,0.0,0.0,0.0,0.0,92505820.0,3506494180.0,특허청,2013,0.0,특허청,0.0,0.0,0.0,0.0
,1057167306000.0,1071703418300.0,3222967000.0,-3222967000.0,6416614000.0,-6416614000.0,30286461170.0,1025160713930.0,일반회계,2013,16256243200.0,해양경찰청,14536112300.0,0.0,0.0,0.0
,26399000000.0,63605601190.0,0.0,0.0,0.0,0.0,257990250.0,60687024550.0,혁신도시건설특별회계,2013,2660586390.0,해양경찰청,37206601190.0,0.0,0.0,0.0
광역발전계정,0.0,70062000000.0,70062000000.0,0.0,0.0,0.0,202030000.0,59184770000.0,광역지역발전특별회계,2013,10675200000.0,해양수산부,0.0,0.0,0.0,0.0
제주특별자치도계정,0.0,114988000000.0,114988000000.0,0.0,0.0,0.0,0.0,111911000000.0,광역지역발전특별회계,2013,3077000000.0,해양수산부,0.0,0.0,0.0,0.0
지역개발계정,0.0,190208000000.0,190208000000.0,0.0,0.0,0.0,700000000.0,155307175000.0,광역지역발전특별회계,2013,34200825000.0,해양수산부,0.0,0.0,0.0,0.0
항만계정,15000000000.0,1322596732850.0,1307596732850.0,0.0,140119000000.0,-140119000000.0,131289450980.0,1055376930820.0,교통시설특별회계,2013,135930351050.0,해양수산부,0.0,0.0,0.0,0.0
구조개선사업계정,3000000000.0,496821967640.0,499861967640.0,-10742000000.0,1853228000.0,-1853228000.0,73091359730.0,403962649950.0,농어촌구조개선특별회계,2013,19767957960.0,해양수산부,0.0,4702000000.0,0.0,0.0
농어촌특별세사업계정,24700000000.0,247541930470.0,222841930470.0,0.0,329179000.0,-329179000.0,35301866070.0,165673934300.0,농어촌구조개선특별회계,2013,46566130100.0,해양수산부,0.0,0.0,0.0,0.0
손익계정,0.0,13189955200.0,13189955200.0,0.0,15000000.0,-15000000.0,311645040.0,12816024950.0,대산지방해양항만청,2013,62285210.0,해양수산부,0.0,0.0,0.0,0.0
자본계정,0.0,49444879960.0,49444879960.0,0.0,1202000000.0,-1202000000.0,25582863190.0,21843955300.0,대산지방해양항만청,2013,2018061470.0,해양수산부,0.0,0.0,0.0,0.0
투자계정,0.0,37860000000.0,37860000000.0,0.0,0.0,0.0,263373290.0,37596626710.0,에너지및자원사업특별회계,2013,0.0,해양수산부,0.0,0.0,0.0,0.0
,32600000000.0,1408547188470.0,1365338188470.0,0.0,6901077000.0,-6901077000.0,382013884130.0,977052991310.0,일반회계,2013,49480313030.0,해양수산부,0.0,10609000000.0,0.0,0.0
,0.0,5693031000.0,5693031000.0,0.0,0.0,0.0,0.0,11859940.0,혁신도시건설특별회계,2013,5681171060.0,해양수산부,0.0,0.0,0.0,0.0
광역발전계정,245846000000.0,54822414250.0,0.0,-191023585750.0,20000000.0,-20000000.0,0.0,54822414250.0,광역지역발전특별회계,2013,0.0,행정안전부,0.0,0.0,0.0,0.0
제주특별자치도계정,12093000000.0,2583000000.0,0.0,-9510000000.0,0.0,0.0,0.0,2583000000.0,광역지역발전특별회계,2013,0.0,행정안전부,0.0,0.0,0.0,0.0
지역개발계정,196800000000.0,78747000000.0,0.0,-157637000000.0,0.0,0.0,0.0,78747000000.0,광역지역발전특별회계,2013,0.0,행정안전부,39584000000.0,0.0,0.0,0.0
,39239121020000.0,9848670057700.0,0.0,-30353250184050.0,62758000.0,-62758000.0,2820750.0,9848667236950.0,일반회계,2013,0.0,행정안전부,11059691750.0,951739530000.0,0.0,0.0
,3460000000.0,8803422410.0,0.0,-123997571170.0,0.0,0.0,0.0,8803422410.0,혁신도시건설특별회계,2013,0.0,행정안전부,129340993580.0,0.0,0.0,0.0
,757977951000.0,757977951000.0,0.0,0.0,0.0,0.0,63447951000.0,694530000000.0,일반회계,2013,0.0,행정중심복합도시건설청,0.0,0.0,0.0,0.0
,842449951000.0,916769516170.0,0.0,0.0,40301603000.0,-40301603000.0,60816021620.0,758846539460.0,행정중심복합도시건설특별회계,2013,97106955090.0,행정중심복합도시건설청,74319565170.0,0.0,0.0,0.0
,35383727000.0,35383727000.0,0.0,0.0,205034000.0,-205034000.0,866916370.0,34516810630.0,일반회계,2013,0.0,헌법재판소,0.0,25000000.0,-25000000.0,0.0
광역발전계정,336677000000.0,336677000000.0,0.0,0.0,0.0,0.0,23411000000.0,310466000000.0,광역지역발전특별회계,2013,2800000000.0,환경부,0.0,0.0,0.0,0.0
제주특별자치도계정,16126000000.0,16126000000.0,0.0,0.0,0.0,0.0,0.0,16126000000.0,광역지역발전특별회계,2013,0.0,환경부,0.0,0.0,0.0,0.0
지역개발계정,416997000000.0,416997000000.0,0.0,0.0,0.0,0.0,0.0,416997000000.0,광역지역발전특별회계,2013,0.0,환경부,0.0,0.0,0.0,0.0
농어촌특별세사업계정,137904000000.0,137904000000.0,0.0,0.0,0.0,0.0,2166000000.0,135738000000.0,농어촌구조개선특별회계,2013,0.0,환경부,0.0,0.0,0.0,0.0
투자계정,95643567000.0,97649364400.0,0.0,0.0,720000000.0,-720000000.0,979324930.0,93801355180.0,에너지및자원사업특별회계,2013,2868684290.0,환경부,2005797400.0,0.0,0.0,0.0
,3316253557000.0,3321318245000.0,0.0,0.0,0.0,0.0,349623557000.0,2971694688000.0,일반회계,2013,0.0,환경부,0.0,5064688000.0,0.0,0.0
,4825012557000.0,4955399544380.0,0.0,0.0,4185313000.0,-4185313000.0,489039526260.0,4322321577990.0,환경개선특별회계,2013,144038440130.0,환경부,125112299380.0,5064688000.0,0.0,210000000.0
,103576780000.0,104559097000.0,0.0,0.0,57000000.0,-57000000.0,3935045870.0,100076082290.0,일반회계,2012,547968840.0,감사원,982317000.0,0.0,0.0,0.0
손익계정,59350000000.0,60880025660.0,0.0,0.0,447800000.0,-447800000.0,3743607810.0,57136417850.0,경찰병원,2012,0.0,경찰청,1530025660.0,0.0,0.0,0.0
자본계정,3788000000.0,4192266210.0,0.0,0.0,0.0,0.0,36107830.0,4098958380.0,경찰병원,2012,57200000.0,경찰청,404266210.0,0.0,0.0,0.0
광역발전계정,24000000000.0,24000000000.0,0.0,0.0,0.0,0.0,0.0,24000000000.0,광역지역발전특별회계,2012,0.0,경찰청,0.0,0.0,0.0,0.0
제주특별자치도계정,3014000000.0,3014000000.0,0.0,0.0,0.0,0.0,0.0,3014000000.0,광역지역발전특별회계,2012,0.0,경찰청,0.0,0.0,0.0,0.0
,7932600816000.0,8001766067940.0,0.0,0.0,17170112000.0,-17170112000.0,41335527610.0,7943235156090.0,일반회계,2012,17195384240.0,경찰청,67165251940.0,2000000000.0,0.0,0.0
,20513000000.0,190946341890.0,0.0,0.0,0.0,0.0,48620135660.0,47586424960.0,혁신도시건설특별회계,2012,94739781270.0,경찰청,170433341890.0,0.0,0.0,0.0
제주특별자치도계정,10516000000.0,10516000000.0,0.0,0.0,0.0,0.0,0.0,10516000000.0,광역지역발전특별회계,2012,0.0,고용노동부,0.0,0.0,0.0,0.0
농어촌특별세사업계정,862000000.0,862000000.0,0.0,0.0,0.0,0.0,0.0,862000000.0,농어촌구조개선특별회계,2012,0.0,고용노동부,0.0,0.0,0.0,0.0
투자계정,47041000000.0,47041000000.0,0.0,0.0,0.0,0.0,4790153480.0,42250846520.0,에너지및자원사업특별회계,2012,0.0,고용노동부,0.0,0.0,0.0,0.0
,1658057949000.0,1666647785490.0,0.0,0.0,14197898000.0,-14197898000.0,179535003250.0,1483815794800.0,일반회계,2012,3296987440.0,고용노동부,8589836490.0,0.0,0.0,0.0
,8276000000.0,9751047810.0,0.0,0.0,290000.0,-290000.0,579177640.0,9171870170.0,혁신도시건설특별회계,2012,0.0,고용노동부,1475047810.0,0.0,0.0,0.0
,84621736000.0,87443736000.0,0.0,0.0,79611000.0,-79611000.0,1591136420.0,85822599580.0,일반회계,2012,30000000.0,공정거래위원회,0.0,2822000000.0,0.0,0.0
,415989002000.0,419614303010.0,215953000.0,-215953000.0,1190281000.0,-1190281000.0,3754278820.0,414979485190.0,일반회계,2012,880539000.0,관세청,3625301010.0,0.0,0.0,0.0
,8025000000.0,10883657260.0,0.0,0.0,332000000.0,-332000000.0,126099320.0,10757557940.0,혁신도시건설특별회계,2012,0.0,관세청,2858657260.0,0.0,0.0,0.0
광역발전계정,676060000000.0,676060000000.0,0.0,0.0,12000000000.0,-12000000000.0,1497400000.0,629580000000.0,광역지역발전특별회계,2012,44982600000.0,교육과학기술부,0.0,0.0,0.0,0.0
손익계정,23463000000.0,23929687730.0,0.0,0.0,13014000.0,-13014000.0,715117090.0,22842187640.0,국립과천과학관,2012,372383000.0,교육과학기술부,466687730.0,0.0,0.0,0.0
자본계정,9601000000.0,15748462127.0,0.0,0.0,46000000.0,-46000000.0,79320107.0,14478815770.0,국립과천과학관,2012,1190326250.0,교육과학기술부,6147462127.0,0.0,0.0,0.0
손익계정,19202000000.0,19202000000.0,0.0,0.0,14535000.0,-14535000.0,301281050.0,18900718950.0,국립중앙과학관,2012,0.0,교육과학기술부,0.0,0.0,0.0,0.0
자본계정,10546000000.0,10546000000.0,23514000.0,-23514000.0,0.0,0.0,42149820.0,10503850180.0,국립중앙과학관,2012,0.0,교육과학기술부,0.0,0.0,0.0,0.0
투자계정,124561000000.0,124561000000.0,0.0,0.0,0.0,0.0,0.0,124561000000.0,에너지및자원사업특별회계,2012,0.0,교육과학기술부,0.0,0.0,0.0,0.0
,48781395392000.0,48770685314948.0,22108326070.0,-69071332000.0,40274058000.0,-40274058000.0,228976564488.0,48513137008670.0,일반회계,2012,28571741790.0,교육과학기술부,29159128878.0,0.0,0.0,7093800000.0
,0.0,57288221000.0,0.0,0.0,0.0,0.0,12035923000.0,852011400.0,혁신도시건설특별회계,2012,44400286600.0,교육과학기술부,57288221000.0,0.0,0.0,0.0
,58973212000.0,58973212000.0,0.0,0.0,36700000.0,-36700000.0,269925840.0,58703286160.0,일반회계,2012,0.0,국가과학기술위원회,0.0,0.0,0.0,0.0
제주특별자치도계정,1360000000.0,1360000000.0,0.0,0.0,0.0,0.0,0.0,1360000000.0,광역지역발전특별회계,2012,0.0,국가보훈처,0.0,0.0,0.0,0.0
투자계정,32471000000.0,32471000000.0,0.0,0.0,1850000.0,-1850000.0,17720.0,32470982280.0,에너지및자원사업특별회계,2012,0.0,국가보훈처,0.0,0.0,0.0,0.0
,3863794499000.0,3866403175840.0,36523000000.0,-36523000000.0,7720641000.0,-7720641000.0,11946894270.0,3846647217680.0,일반회계,2012,7809063890.0,국가보훈처,2608676840.0,0.0,0.0,0.0
,23054525000.0,23226746000.0,0.0,0.0,45000000.0,-45000000.0,597682260.0,22488594290.0,일반회계,2012,140469450.0,국가인권위원회,172221000.0,0.0,0.0,0.0
,468997486000.0,469418033940.0,0.0,0.0,0.0,0.0,7013993590.0,460137235350.0,일반회계,2012,2266805000.0,국가정보원,420547940.0,0.0,0.0,0.0
투자계정,10569000000.0,10569000000.0,0.0,0.0,0.0,0.0,0.0,10569000000.0,에너지및자원사업특별회계,2012,0.0,국무총리실,0.0,0.0,0.0,0.0
,488598552000.0,494550012910.0,0.0,-1331084890.0,1073698000.0,-1073698000.0,3063057030.0,491059121850.0,일반회계,2012,427834030.0,국무총리실,1337545800.0,5945000000.0,0.0,0.0
,65621302000.0,65621302000.0,0.0,0.0,1183228000.0,-1183228000.0,1691187740.0,63930114260.0,일반회계,2012,0.0,국민권익위원회,0.0,0.0,0.0,0.0
,531694000000.0,568955538080.0,0.0,0.0,3850050000.0,-3850050000.0,302574057910.0,248261977320.0,국방·군사시설이전특별회계,2012,18119502850.0,국방부,37261538080.0,0.0,0.0,0.0
,23063758176000.0,23880259030640.0,172739298650.0,-172739298650.0,211301261870.0,-211301261870.0,172214559400.0,22971047829780.0,일반회계,2012,736996641460.0,국방부,698404929640.0,118095925000.0,0.0,0.0
,385007000000.0,409032803000.0,0.0,0.0,45704674000.0,-45704674000.0,67656571220.0,296399349090.0,주한미군기지이전특별회계,2012,44976882690.0,국방부,24025803000.0,0.0,0.0,0.0
,10000000000.0,177782000000.0,0.0,0.0,0.0,0.0,156286645970.0,19017927330.0,혁신도시건설특별회계,2012,2477426700.0,국방부,167782000000.0,0.0,0.0,0.0
,1370781052000.0,1374791101860.0,1600000000.0,-1600000000.0,3151379000.0,-3151379000.0,34404449500.0,1339748790280.0,일반회계,2012,637862080.0,국세청,3310049860.0,700000000.0,0.0,0.0
,16830000000.0,73322000000.0,0.0,0.0,0.0,0.0,14540000000.0,6551413280.0,혁신도시건설특별회계,2012,52230586720.0,국세청,56492000000.0,0.0,0.0,0.0
광역발전계정,2491062000000.0,2580891974720.0,0.0,0.0,86361000000.0,-86361000000.0,20647732620.0,2432576497390.0,광역지역발전특별회계,2012,127667744710.0,국토해양부,89829974720.0,0.0,0.0,0.0
제주특별자치도계정,202799000000.0,202799000000.0,0.0,0.0,0.0,0.0,0.0,202799000000.0,광역지역발전특별회계,2012,0.0,국토해양부,0.0,0.0,0.0,0.0
지역개발계정,549445000000.0,549445000000.0,0.0,0.0,0.0,0.0,0.0,463712100000.0,광역지역발전특별회계,2012,85732900000.0,국토해양부,0.0,0.0,0.0,0.0
공항계정,120743000000.0,124024946440.0,0.0,0.0,1502000000.0,-1502000000.0,1366844320.0,115755841540.0,교통시설특별회계,2012,6902260580.0,국토해양부,3281946440.0,0.0,0.0,0.0
교통체계관리계정,1181696000000.0,1182545550000.0,0.0,0.0,0.0,0.0,6930830200.0,1174879494800.0,교통시설특별회계,2012,735225000.0,국토해양부,849550000.0,0.0,0.0,0.0
도로계정,7916879104000.0,8009135049980.0,11893000000.0,-11893000000.0,380883909000.0,-380883909000.0,129558052040.0,7740357246300.0,교통시설특별회계,2012,139219751640.0,국토해양부,74252694980.0,18003251000.0,0.0,0.0
철도계정,4453767000000.0,4453914000000.0,0.0,0.0,457000000.0,-457000000.0,135423592810.0,4315151737510.0,교통시설특별회계,2012,3338669680.0,국토해양부,147000000.0,0.0,0.0,0.0
항만계정,1337040000000.0,1443148439790.0,1175253000.0,-1175253000.0,114423000000.0,-114423000000.0,48267588770.0,1168483761070.0,교통시설특별회계,2012,226397089950.0,국토해양부,99752757790.0,6355682000.0,0.0,0.0
손익계정,19248504000.0,23947531000.0,0.0,0.0,46500000.0,-46500000.0,202097940.0,23745433060.0,대산지방해양항만청,2012,0.0,국토해양부,199027000.0,0.0,0.0,4500000000.0
자본계정,31688000000.0,41534193280.0,0.0,0.0,1402000000.0,-1402000000.0,1108291070.0,39202727750.0,대산지방해양항만청,2012,1223174460.0,국토해양부,9846193280.0,0.0,0.0,0.0
투자계정,39100000000.0,40197525970.0,0.0,0.0,0.0,0.0,5173356380.0,34531644590.0,에너지및자원사업특별회계,2012,492525000.0,국토해양부,1097525970.0,0.0,0.0,0.0
,20367801678000.0,21184972400710.0,56770659000.0,-9807653070.0,257019357000.0,-257019357000.0,322790805040.0,20586918791210.0,일반회계,2012,275262804460.0,국토해양부,613119706780.0,156886992000.0,0.0,201018000.0
,186157000000.0,198209497580.0,0.0,0.0,2162000000.0,-2162000000.0,14886508690.0,180552988890.0,혁신도시건설특별회계,2012,2770000000.0,국토해양부,12052497580.0,0.0,0.0,0.0
,506032966000.0,508958332390.0,343424000.0,-343424000.0,3172600000.0,-3172600000.0,15538882390.0,487416484590.0,일반회계,2012,6002965410.0,국회,2925366390.0,1300000000.0,-1300000000.0,0.0
,423107359000.0,425731540810.0,8218000.0,-8218000.0,230487000.0,-230487000.0,981729820.0,424724810990.0,일반회계,2012,25000000.0,금융위원회,65181810.0,2559000000.0,0.0,0.0
,293551454000.0,310288347450.0,0.0,0.0,566777000.0,-566777000.0,5332881740.0,298554379090.0,일반회계,2012,6401086620.0,기상청,16736893450.0,0.0,0.0,0.0
,15688000000.0,22803190970.0,0.0,0.0,0.0,0.0,40.0,14308445900.0,혁신도시건설특별회계,2012,8494745030.0,기상청,7115190970.0,0.0,0.0,0.0
,16153818110000.0,14398945851770.0,1533082000.0,-1533082000.0,768633000.0,-768633000.0,610086303860.0,13784503189910.0,일반회계,2012,4356358000.0,기획재정부,6736422770.0,388284600000.0,-2149893281000.0,0.0
광역발전계정,198270000000.0,198270000000.0,0.0,0.0,0.0,0.0,930502930.0,189876259460.0,광역지역발전특별회계,2012,7463237610.0,농림수산식품부,0.0,0.0,0.0,0.0
제주특별자치도계정,99015000000.0,99015000000.0,0.0,0.0,0.0,0.0,0.0,88927000000.0,광역지역발전특별회계,2012,10088000000.0,농림수산식품부,0.0,0.0,0.0,0.0
지역개발계정,1362774000000.0,1395874000000.0,0.0,0.0,0.0,0.0,0.0,1025239000000.0,광역지역발전특별회계,2012,370635000000.0,농림수산식품부,33100000000.0,0.0,0.0,0.0
구조개선사업계정,7375244000000.0,7952247053250.0,165456179000.0,-165456179000.0,930626937000.0,-930626937000.0,610786859020.0,5670538668500.0,농어촌구조개선특별회계,2012,1670921525730.0,농림수산식품부,577003053250.0,0.0,0.0,0.0
농어촌특별세사업계정,5272397000000.0,5306165168210.0,21377280000.0,-21377280000.0,1208500000.0,-1208500000.0,243341894800.0,3595691347450.0,농어촌구조개선특별회계,2012,1467131925960.0,농림수산식품부,33768168210.0,0.0,0.0,0.0
손익계정,1428678002000.0,1428693002000.0,0.0,0.0,73516691000.0,-73516691000.0,7165805910.0,1421527196090.0,양곡관리특별회계,2012,0.0,농림수산식품부,15000000.0,0.0,0.0,0.0
자본계정,4000.0,4000.0,0.0,0.0,0.0,0.0,4000.0,0.0,양곡관리특별회계,2012,0.0,농림수산식품부,0.0,0.0,0.0,0.0
융자계정,32475000000.0,32475000000.0,0.0,0.0,0.0,0.0,12064000.0,32462936000.0,에너지및자원사업특별회계,2012,0.0,농림수산식품부,0.0,0.0,0.0,0.0
투자계정,99800000000.0,99800000000.0,0.0,0.0,0.0,0.0,19411598000.0,80388402000.0,에너지및자원사업특별회계,2012,0.0,농림수산식품부,0.0,0.0,0.0,0.0
,5244307801000.0,5383263938980.0,1247872000.0,-585872000.0,1204545000.0,-1204545000.0,37093314750.0,5289240862750.0,일반회계,2012,56929761480.0,농림수산식품부,45340137980.0,92896000000.0,0.0,58000000.0
,125458000000.0,297484861330.0,0.0,0.0,4418200000.0,-4418200000.0,30259000120.0,85780377120.0,혁신도시건설특별회계,2012,181445484090.0,농림수산식품부,172026861330.0,0.0,0.0,0.0
광역발전계정,52742000000.0,52742000000.0,0.0,0.0,0.0,0.0,3043600.0,52738956400.0,광역지역발전특별회계,2012,0.0,농촌진흥청,0.0,0.0,0.0,0.0
제주특별자치도계정,6621000000.0,6621000000.0,0.0,0.0,0.0,0.0,0.0,6621000000.0,광역지역발전특별회계,2012,0.0,농촌진흥청,0.0,0.0,0.0,0.0
지역개발계정,38215000000.0,38215000000.0,0.0,0.0,0.0,0.0,0.0,38215000000.0,광역지역발전특별회계,2012,0.0,농촌진흥청,0.0,0.0,0.0,0.0
구조개선사업계정,39354000000.0,39354000000.0,0.0,0.0,11143000.0,-11143000.0,39199370.0,39314800630.0,농어촌구조개선특별회계,2012,0.0,농촌진흥청,0.0,0.0,0.0,0.0
,619421507000.0,650255235900.0,0.0,0.0,1562306000.0,-1562306000.0,4075528120.0,621359085940.0,일반회계,2012,24820621840.0,농촌진흥청,30833728900.0,0.0,0.0,0.0
,116243000000.0,487354557960.0,0.0,0.0,0.0,0.0,1875020050.0,277188273510.0,혁신도시건설특별회계,2012,208291264400.0,농촌진흥청,371111557960.0,0.0,0.0,0.0
,249351233000.0,264665226780.0,0.0,0.0,543439000.0,-543439000.0,47604411230.0,206064641750.0,등기특별회계,2012,10996173800.0,대법원,15313993780.0,0.0,0.0,0.0
,1156174837000.0,1184695076250.0,0.0,0.0,9971170000.0,-9971170000.0,6819650960.0,1174077384980.0,일반회계,2012,3798040310.0,대법원,28520239250.0,500000000.0,-500000000.0,0.0
,167995418000.0,167995418000.0,0.0,0.0,15000000.0,-15000000.0,8578580480.0,159193647520.0,일반회계,2012,223190000.0,대통령실,0.0,0.0,0.0,0.0
광역발전계정,1800000000.0,1800000000.0,0.0,0.0,0.0,0.0,0.0,1800000000.0,광역지역발전특별회계,2012,0.0,문화재청,0.0,0.0,0.0,0.0
지역개발계정,13020000000.0,13020000000.0,0.0,0.0,0.0,0.0,0.0,13020000000.0,광역지역발전특별회계,2012,0.0,문화재청,0.0,0.0,0.0,0.0
,470004625000.0,473975023650.0,265000000.0,-265000000.0,732314000.0,-732314000.0,2411995490.0,467443825020.0,일반회계,2012,4119203140.0,문화재청,3970398650.0,0.0,0.0,0.0
광역발전계정,139392000000.0,139475382750.0,0.0,0.0,0.0,0.0,29869640.0,139445513110.0,광역지역발전특별회계,2012,0.0,문화체육관광부,83382750.0,0.0,0.0,0.0
제주특별자치도계정,9533000000.0,9533000000.0,0.0,0.0,0.0,0.0,0.0,9533000000.0,광역지역발전특별회계,2012,0.0,문화체육관광부,0.0,0.0,0.0,0.0
지역개발계정,453951000000.0,453951000000.0,0.0,0.0,0.0,0.0,2910004000.0,395205508000.0,광역지역발전특별회계,2012,55835488000.0,문화체육관광부,0.0,0.0,0.0,0.0
,99048000000.0,101773485530.0,0.0,0.0,2037153000.0,-2037153000.0,1298393330.0,96566680930.0,아시아문화중심도시조성특별회계,2012,3908411270.0,문화체육관광부,2725485530.0,0.0,0.0,0.0
,1541935231000.0,1611343814520.0,4117911890.0,-3448827000.0,9306674000.0,-9306674000.0,25643212460.0,1502046635530.0,일반회계,2012,83653966530.0,문화체육관광부,57952493630.0,10452005000.0,0.0,335000000.0
,22968457000.0,22968457000.0,0.0,0.0,98016000.0,-98016000.0,243396530.0,22725060470.0,일반회계,2012,0.0,민주평화통일자문회의,0.0,0.0,0.0,0.0
,284394571000.0,286145722000.0,90000000.0,-90000000.0,1643382000.0,-1643382000.0,5499388940.0,279297533060.0,일반회계,2012,1348800000.0,방송통신위원회,1451151000.0,300000000.0,0.0,0.0
,10065000000.0,23483142260.0,0.0,0.0,0.0,0.0,51945580.0,13194257330.0,혁신도시건설특별회계,2012,10236939350.0,방송통신위원회,13418142260.0,0.0,0.0,0.0
,9893803098000.0,10372346845960.0,150378200000.0,-150378200000.0,90309476510.0,-90309476510.0,194085163330.0,9432218641750.0,일반회계,2012,746043040880.0,방위사업청,478543747960.0,0.0,0.0,0.0
,41960000000.0,42155366900.0,0.0,0.0,1505100000.0,-1505100000.0,6115563770.0,34310027760.0,교도작업특별회계,2012,1729775370.0,법무부,195366900.0,0.0,0.0,0.0
,2451692278000.0,2635269960870.0,19627605000.0,-19627605000.0,9813329000.0,-9813329000.0,21822262190.0,2607377554430.0,일반회계,2012,6070144250.0,법무부,31460660870.0,151793985000.0,0.0,323037000.0
,92723000000.0,163016540040.0,0.0,0.0,84000000.0,-84000000.0,27815429700.0,39030975670.0,혁신도시건설특별회계,2012,96170134670.0,법무부,70293540040.0,0.0,0.0,0.0
,25575230000.0,25585065780.0,0.0,0.0,58657000.0,-58657000.0,264002800.0,25321062980.0,일반회계,2012,0.0,법제처,9835780.0,0.0,0.0,0.0
,175302774000.0,177546922580.0,0.0,0.0,84782000.0,-84782000.0,3116546910.0,174204193670.0,일반회계,2012,226182000.0,병무청,2244148580.0,0.0,0.0,0.0
,10513000000.0,12783819670.0,0.0,0.0,0.0,0.0,133632160.0,12650187510.0,혁신도시건설특별회계,2012,0.0,병무청,2270819670.0,0.0,0.0,0.0
제주특별자치도계정,2333000000.0,2333000000.0,0.0,0.0,0.0,0.0,4131000.0,2328869000.0,광역지역발전특별회계,2012,0.0,보건복지부,0.0,0.0,0.0,0.0
손익계정,10984391000.0,10989736580.0,0.0,0.0,0.0,0.0,454844260.0,10534892320.0,국립공주병원,2012,0.0,보건복지부,5345580.0,0.0,0.0,0.0
자본계정,1356000000.0,1356000000.0,0.0,0.0,0.0,0.0,5917130.0,1350082870.0,국립공주병원,2012,0.0,보건복지부,0.0,0.0,0.0,0.0
손익계정,15679757000.0,15679757000.0,0.0,0.0,83000000.0,-83000000.0,990418880.0,14689338120.0,국립나주병원,2012,0.0,보건복지부,0.0,0.0,0.0,0.0
자본계정,1217000000.0,1217000000.0,0.0,0.0,0.0,0.0,4001130.0,1212998870.0,국립나주병원,2012,0.0,보건복지부,0.0,0.0,0.0,0.0
손익계정,10014466000.0,10014466000.0,0.0,0.0,105680000.0,-105680000.0,1401809060.0,8612656940.0,국립마산병원,2012,0.0,보건복지부,0.0,0.0,0.0,0.0
자본계정,1476000000.0,1711863130.0,0.0,0.0,0.0,0.0,135939640.0,1539923490.0,국립마산병원,2012,36000000.0,보건복지부,235863130.0,0.0,0.0,0.0
손익계정,6335185000.0,6335185000.0,102000000.0,-102000000.0,24505000.0,-24505000.0,48443350.0,6286741650.0,국립목포병원,2012,0.0,보건복지부,0.0,0.0,0.0,0.0
자본계정,1005000000.0,1005000000.0,0.0,0.0,0.0,0.0,4935570.0,1000064430.0,국립목포병원,2012,0.0,보건복지부,0.0,0.0,0.0,0.0
손익계정,13909097000.0,13909097000.0,0.0,0.0,36508000.0,-36508000.0,944579910.0,12964517090.0,국립부곡병원,2012,0.0,보건복지부,0.0,0.0,0.0,0.0
자본계정,533000000.0,533000000.0,0.0,0.0,0.0,0.0,4043570.0,528956430.0,국립부곡병원,2012,0.0,보건복지부,0.0,0.0,0.0,0.0
손익계정,29238021000.0,29238021000.0,0.0,0.0,229282000.0,-229282000.0,607349360.0,28630671640.0,국립서울병원,2012,0.0,보건복지부,0.0,0.0,0.0,0.0
자본계정,13065000000.0,14760455850.0,0.0,0.0,0.0,0.0,663117060.0,2431338790.0,국립서울병원,2012,11666000000.0,보건복지부,1695455850.0,0.0,0.0,0.0
손익계정,27218863000.0,27728363000.0,514000000.0,-514000000.0,542230000.0,-542230000.0,112233070.0,27581129930.0,국립재활원,2012,35000000.0,보건복지부,509500000.0,0.0,0.0,0.0
자본계정,9098000000.0,12464819540.0,0.0,0.0,0.0,0.0,139275020.0,7392959320.0,국립재활원,2012,4932585200.0,보건복지부,3366819540.0,0.0,0.0,0.0
손익계정,9399388000.0,9399388000.0,76000000.0,-76000000.0,12700000.0,-12700000.0,230922130.0,9168465870.0,국립춘천병원,2012,0.0,보건복지부,0.0,0.0,0.0,0.0
자본계정,280000000.0,280000000.0,0.0,0.0,12400000.0,-12400000.0,4581560.0,275418440.0,국립춘천병원,2012,0.0,보건복지부,0.0,0.0,0.0,0.0
농어촌특별세사업계정,60247000000.0,60247000000.0,0.0,0.0,0.0,0.0,0.0,60247000000.0,농어촌구조개선특별회계,2012,0.0,보건복지부,0.0,0.0,0.0,0.0
,22242213434000.0,22526052874640.0,95543255000.0,-95543255000.0,71859421000.0,-71859421000.0,25161443100.0,22474219985690.0,일반회계,2012,26671445850.0,보건복지부,24014838640.0,258683000000.0,0.0,1141602000.0
광역발전계정,129897000000.0,132375907000.0,0.0,0.0,660974000.0,-660974000.0,660509470.0,130818379650.0,광역지역발전특별회계,2012,897017880.0,산림청,0.0,2478907000.0,0.0,0.0
제주특별자치도계정,5263000000.0,5263000000.0,0.0,0.0,0.0,0.0,0.0,5263000000.0,광역지역발전특별회계,2012,0.0,산림청,0.0,0.0,0.0,0.0
지역개발계정,147912000000.0,148413585000.0,0.0,0.0,0.0,0.0,0.0,148413585000.0,광역지역발전특별회계,2012,0.0,산림청,0.0,501585000.0,0.0,0.0
손익계정,20609520000.0,20609520000.0,0.0,0.0,21600000.0,-21600000.0,497867630.0,20111652370.0,국립자연휴양림관리소,2012,0.0,산림청,0.0,0.0,0.0,0.0
자본계정,22183000000.0,22827039160.0,0.0,0.0,0.0,0.0,718652150.0,22108387010.0,국립자연휴양림관리소,2012,0.0,산림청,644039160.0,0.0,0.0,0.0
임업진흥사업계정,602947000000.0,614712072000.0,288266000.0,-288266000.0,3418000000.0,-3418000000.0,1009313740.0,610290035560.0,농어촌구조개선특별회계,2012,3412722700.0,산림청,534214000.0,11230858000.0,0.0,0.0
,1253981653000.0,1331767669980.0,4737816000.0,-4737816000.0,4041778000.0,-4041778000.0,6195623790.0,1269225836660.0,일반회계,2012,56346209530.0,산림청,21143572980.0,56642444000.0,0.0,0.0
,19386000000.0,29910316940.0,0.0,0.0,0.0,0.0,689077270.0,13977362120.0,혁신도시건설특별회계,2012,15243877550.0,산림청,10524316940.0,0.0,0.0,0.0
제주특별자치도계정,358000000.0,358000000.0,0.0,0.0,0.0,0.0,0.0,358000000.0,광역지역발전특별회계,2012,0.0,소방방재청,0.0,0.0,0.0,0.0
농어촌특별세사업계정,226855000000.0,226855000000.0,0.0,0.0,0.0,0.0,0.0,226855000000.0,농어촌구조개선특별회계,2012,0.0,소방방재청,0.0,0.0,0.0,0.0
,646308752000.0,1401712238000.0,871300000.0,-871300000.0,1035084000.0,-1035084000.0,2471499250.0,1398739057750.0,일반회계,2012,501681000.0,소방방재청,504277000.0,754899209000.0,0.0,0.0
,7170000000.0,20380000000.0,0.0,0.0,0.0,0.0,4365606600.0,870661970.0,혁신도시건설특별회계,2012,15143731430.0,소방방재청,13210000000.0,0.0,0.0,0.0
광역발전계정,4458000000.0,4458000000.0,0.0,0.0,0.0,0.0,0.0,4458000000.0,광역지역발전특별회계,2012,0.0,식품의약품안전청,0.0,0.0,0.0,0.0
제주특별자치도계정,136000000.0,136000000.0,0.0,0.0,0.0,0.0,0.0,136000000.0,광역지역발전특별회계,2012,0.0,식품의약품안전청,0.0,0.0,0.0,0.0
,239139424000.0,243968281020.0,1048000000.0,-1048000000.0,1464496000.0,-1464496000.0,3618360080.0,239002148550.0,일반회계,2012,1347772390.0,식품의약품안전청,2859409020.0,0.0,0.0,1969448000.0
제주특별자치도계정,1129000000.0,1129000000.0,0.0,0.0,0.0,0.0,0.0,1129000000.0,광역지역발전특별회계,2012,0.0,여성가족부,0.0,0.0,0.0,0.0
지역개발계정,40348000000.0,40348000000.0,0.0,0.0,0.0,0.0,0.0,40348000000.0,광역지역발전특별회계,2012,0.0,여성가족부,0.0,0.0,0.0,0.0
,205157440000.0,205947322730.0,0.0,0.0,413937000.0,-413937000.0,4046855800.0,201502232440.0,일반회계,2012,398234490.0,여성가족부,469882730.0,320000000.0,0.0,0.0
,1969442923000.0,2002072609200.0,4154649000.0,-4154649000.0,6942298000.0,-6942298000.0,17955734010.0,1982437182030.0,일반회계,2012,1679693160.0,외교통상부,1008363200.0,31621323000.0,0.0,0.0
,77348000000.0,77348000000.0,0.0,0.0,3546000.0,-3546000.0,498883340.0,76794116660.0,일반회계,2012,55000000.0,원자력안전위원회,0.0,0.0,0.0,0.0
손익계정,193643000000.0,194529105530.0,0.0,0.0,755776000.0,-755776000.0,4048299020.0,190360681510.0,조달특별회계,2012,120125000.0,조달청,886105530.0,0.0,0.0,0.0
자본계정,61044660000.0,61355530440.0,0.0,0.0,0.0,0.0,128465060.0,61227065380.0,조달특별회계,2012,0.0,조달청,310870440.0,0.0,0.0,0.0
,14180000000.0,26761068940.0,0.0,0.0,0.0,0.0,581000.0,14517435500.0,혁신도시건설특별회계,2012,12243052440.0,조달청,12581068940.0,0.0,0.0,0.0
광역발전계정,242814000000.0,242814000000.0,0.0,0.0,0.0,0.0,333737890.0,212580262110.0,광역지역발전특별회계,2012,29900000000.0,중소기업청,0.0,0.0,0.0,0.0
제주특별자치도계정,5918000000.0,5918000000.0,0.0,0.0,0.0,0.0,0.0,5918000000.0,광역지역발전특별회계,2012,0.0,중소기업청,0.0,0.0,0.0,0.0
지역개발계정,168344000000.0,168344000000.0,0.0,0.0,0.0,0.0,0.0,168344000000.0,광역지역발전특별회계,2012,0.0,중소기업청,0.0,0.0,0.0,0.0
,1742958934000.0,1744343545250.0,114812000.0,-114812000.0,2024289000.0,-2024289000.0,3621609350.0,1739623685900.0,일반회계,2012,1098250000.0,중소기업청,1384611250.0,0.0,0.0,0.0
,812170827000.0,812170827000.0,376291000.0,-376291000.0,4459793000.0,-4459793000.0,77984600920.0,729094494410.0,일반회계,2012,5091731670.0,중앙선거관리위원회,0.0,460000000.0,-460000000.0,0.0
광역발전계정,1303657000000.0,1338782838000.0,12874550000.0,-12874550000.0,5365124000.0,-5365124000.0,13475568750.0,1295566872190.0,광역지역발전특별회계,2012,29740397060.0,지식경제부,35125838000.0,0.0,0.0,0.0
제주특별자치도계정,1300000000.0,1300000000.0,0.0,0.0,0.0,0.0,0.0,1300000000.0,광역지역발전특별회계,2012,0.0,지식경제부,0.0,0.0,0.0,0.0
지역개발계정,79790000000.0,79790000000.0,0.0,0.0,0.0,0.0,0.0,68290000000.0,광역지역발전특별회계,2012,11500000000.0,지식경제부,0.0,0.0,0.0,0.0
융자계정,1147713000000.0,1147713000000.0,0.0,0.0,0.0,0.0,0.0,1147713000000.0,에너지및자원사업특별회계,2012,0.0,지식경제부,0.0,0.0,0.0,0.0
투자계정,3038049000000.0,3039115254860.0,0.0,0.0,4529000000.0,-4529000000.0,605519283770.0,2433102839460.0,에너지및자원사업특별회계,2012,493131630.0,지식경제부,1066254860.0,0.0,0.0,0.0
,703815000000.0,781670000000.0,0.0,0.0,0.0,0.0,6133425270.0,775390074730.0,우체국보험특별회계,2012,146500000.0,지식경제부,113000000.0,0.0,0.0,77742000000.0
손익계정,2504445000000.0,2819049336200.0,0.0,0.0,0.0,0.0,7803515170.0,2810217321030.0,우체국예금특별회계,2012,1028500000.0,지식경제부,182336200.0,0.0,0.0,314422000000.0
자본계정,15303000000.0,15303000000.0,0.0,0.0,0.0,0.0,243674810.0,15055687290.0,우체국예금특별회계,2012,3637900.0,지식경제부,0.0,0.0,0.0,0.0
손익계정,3435055000000.0,3436626799000.0,56580136000.0,-56580136000.0,23305050000.0,-23305050000.0,112893288400.0,3323659729810.0,우편사업특별회계,2012,73780790.0,지식경제부,1571799000.0,0.0,0.0,0.0
자본계정,264123000000.0,272659950360.0,0.0,0.0,945000000.0,-945000000.0,57669483640.0,203412492710.0,우편사업특별회계,2012,11577974010.0,지식경제부,8536950360.0,0.0,0.0,0.0
,3553132075000.0,3567000005970.0,486900000.0,-486900000.0,24128606000.0,-24128606000.0,263403314230.0,3278256058910.0,일반회계,2012,25340632830.0,지식경제부,8867930970.0,5000000000.0,0.0,0.0
,64717000000.0,108767877850.0,0.0,0.0,0.0,0.0,9312306050.0,63695313500.0,혁신도시건설특별회계,2012,35760258300.0,지식경제부,44050877850.0,0.0,0.0,0.0
,235597166000.0,235890784000.0,0.0,0.0,871767000.0,-871767000.0,4355779350.0,231535004650.0,일반회계,2012,0.0,통계청,0.0,0.0,0.0,293618000.0
,512900850000.0,517705090560.0,1080000000.0,-1080000000.0,3129287000.0,-3129287000.0,189496006850.0,328209083710.0,일반회계,2012,0.0,통일부,2004240560.0,2800000000.0,0.0,0.0
,9498633000.0,9682573220.0,0.0,0.0,0.0,0.0,524413200.0,9081114200.0,일반회계,2012,77045820.0,특임장관실,183940220.0,0.0,0.0,0.0
손익계정,399486000000.0,403376891000.0,0.0,0.0,119124000.0,-119124000.0,4841969540.0,396036200830.0,특허청,2012,2498720630.0,특허청,2744500000.0,0.0,0.0,1146391000.0
자본계정,5929000000.0,6468154000.0,0.0,0.0,0.0,0.0,298159500.0,6169994500.0,특허청,2012,0.0,특허청,0.0,0.0,0.0,539154000.0
,1011400565000.0,1088644032170.0,9621418000.0,-9621418000.0,3589654000.0,-3589654000.0,2980163530.0,1071127756340.0,일반회계,2012,14536112300.0,해양경찰청,59277467170.0,17966000000.0,0.0,0.0
,37002000000.0,95241698080.0,0.0,0.0,0.0,0.0,0.0,58035096890.0,혁신도시건설특별회계,2012,37206601190.0,해양경찰청,58239698080.0,0.0,0.0,0.0
광역발전계정,251584000000.0,251617200000.0,0.0,0.0,0.0,0.0,12252310.0,251604947690.0,광역지역발전특별회계,2012,0.0,행정안전부,33200000.0,0.0,0.0,0.0
제주특별자치도계정,15163000000.0,15163000000.0,0.0,0.0,0.0,0.0,0.0,15163000000.0,광역지역발전특별회계,2012,0.0,행정안전부,0.0,0.0,0.0,0.0
지역개발계정,196800000000.0,198400000000.0,0.0,0.0,0.0,0.0,0.0,158816000000.0,광역지역발전특별회계,2012,39584000000.0,행정안전부,1600000000.0,0.0,0.0,0.0
,36833917184000.0,36930339320430.0,4812372000.0,-4812372000.0,5788122000.0,-5788122000.0,26246917550.0,36893032711130.0,일반회계,2012,11059691750.0,행정안전부,27174430430.0,69151181000.0,0.0,96525000.0
,135631000000.0,260503143910.0,0.0,0.0,0.0,0.0,23740308700.0,107421841630.0,혁신도시건설특별회계,2012,129340993580.0,행정안전부,124872143910.0,0.0,0.0,0.0
,742249174000.0,742967174000.0,0.0,0.0,0.0,0.0,0.0,742967174000.0,일반회계,2012,0.0,행정중심복합도시건설청,0.0,718000000.0,0.0,0.0
,802753174000.0,1002308286590.0,0.0,0.0,175875689000.0,-175875689000.0,17173875310.0,910814846110.0,행정중심복합도시건설특별회계,2012,74319565170.0,행정중심복합도시건설청,198837112590.0,718000000.0,0.0,0.0
,34282607000.0,34629371250.0,0.0,0.0,172000000.0,-172000000.0,1435964530.0,33193406720.0,일반회계,2012,0.0,헌법재판소,346764250.0,0.0,0.0,0.0
광역발전계정,38100000000.0,38118000000.0,0.0,0.0,0.0,0.0,0.0,38118000000.0,광역지역발전특별회계,2012,0.0,환경부,18000000.0,0.0,0.0,0.0
제주특별자치도계정,19548000000.0,19548000000.0,0.0,0.0,0.0,0.0,0.0,19548000000.0,광역지역발전특별회계,2012,0.0,환경부,0.0,0.0,0.0,0.0
지역개발계정,420056000000.0,420056000000.0,0.0,0.0,0.0,0.0,595000000.0,419461000000.0,광역지역발전특별회계,2012,0.0,환경부,0.0,0.0,0.0,0.0
농어촌특별세사업계정,103454000000.0,103454000000.0,0.0,0.0,0.0,0.0,0.0,103454000000.0,농어촌구조개선특별회계,2012,0.0,환경부,0.0,0.0,0.0,0.0
투자계정,122839000000.0,122839000000.0,0.0,0.0,13807000.0,-13807000.0,33294626040.0,87538576560.0,에너지및자원사업특별회계,2012,2005797400.0,환경부,0.0,0.0,0.0,0.0
,2838970000000.0,2858326617000.0,0.0,0.0,0.0,0.0,0.0,2858326617000.0,일반회계,2012,0.0,환경부,0.0,19356617000.0,0.0,0.0
,4363959000000.0,4546054835777.0,846316000.0,-846316000.0,12720407000.0,-12720407000.0,249189979027.0,4171752557370.0,환경개선특별회계,2012,125112299380.0,환경부,160628218777.0,19356617000.0,0.0,2111000000.0
,101007434000.0,101414834700.0,0.0,0.0,0.0,0.0,6081073680.0,94351444020.0,일반회계,2011,982317000.0,감사원,407400700.0,0.0,0.0,0.0
손익계정,63061893000.0,63565522200.0,0.0,0.0,1272600000.0,-1272600000.0,3843933790.0,58191562750.0,경찰병원,2011,1530025660.0,경찰청,1629200.0,0.0,0.0,502000000.0
자본계정,1782000000.0,1782000000.0,0.0,0.0,0.0,0.0,30955140.0,1346778650.0,경찰병원,2011,404266210.0,경찰청,0.0,0.0,0.0,0.0
광역발전계정,27030000000.0,27030000000.0,0.0,0.0,0.0,0.0,0.0,27030000000.0,광역지역발전특별회계,2011,0.0,경찰청,0.0,0.0,0.0,0.0
제주특별자치도계정,2621000000.0,2621000000.0,0.0,0.0,0.0,0.0,0.0,2621000000.0,광역지역발전특별회계,2011,0.0,경찰청,0.0,0.0,0.0,0.0
,7623111183000.0,7682196440084.0,0.0,0.0,22868318000.0,-22868318000.0,98558287834.0,7516472900310.0,일반회계,2011,67165251940.0,경찰청,59085257084.0,0.0,0.0,0.0
,81291000000.0,299288087790.0,0.0,0.0,0.0,0.0,75898300000.0,52956445900.0,혁신도시건설특별회계,2011,170433341890.0,경찰청,217997087790.0,0.0,0.0,0.0
제주특별자치도계정,6892000000.0,6892000000.0,0.0,0.0,0.0,0.0,0.0,6892000000.0,광역지역발전특별회계,2011,0.0,고용노동부,0.0,0.0,0.0,0.0
농어촌특별세사업계정,907000000.0,907000000.0,0.0,0.0,0.0,0.0,0.0,907000000.0,농어촌구조개선특별회계,2011,0.0,고용노동부,0.0,0.0,0.0,0.0
투자계정,54272000000.0,54272000000.0,0.0,0.0,0.0,0.0,1980404270.0,52291595730.0,에너지및자원사업특별회계,2011,0.0,고용노동부,0.0,0.0,0.0,0.0
,1295779848000.0,1301280992820.0,0.0,0.0,24226178000.0,-24226178000.0,52173075860.0,1240518080470.0,일반회계,2011,8589836490.0,고용노동부,5501144820.0,0.0,0.0,0.0
,3478000000.0,4885073500.0,0.0,0.0,0.0,0.0,0.0,3410025690.0,혁신도시건설특별회계,2011,1475047810.0,고용노동부,1407073500.0,0.0,0.0,0.0
,78843437000.0,78843437000.0,0.0,0.0,336783000.0,-336783000.0,1738951560.0,77104485440.0,일반회계,2011,0.0,공정거래위원회,0.0,0.0,0.0,0.0
,417290908000.0,420427961110.0,2979000000.0,-2979000000.0,2414595000.0,-2414595000.0,14082022500.0,402720637600.0,일반회계,2011,3625301010.0,관세청,3137053110.0,0.0,0.0,0.0
,2950000000.0,4386758560.0,0.0,0.0,0.0,0.0,0.0,1528101300.0,혁신도시건설특별회계,2011,2858657260.0,관세청,1436758560.0,0.0,0.0,0.0
광역발전계정,728660000000.0,728660000000.0,0.0,0.0,0.0,0.0,0.0,728660000000.0,광역지역발전특별회계,2011,0.0,교육과학기술부,0.0,0.0,0.0,0.0
손익계정,22073703000.0,22204753000.0,0.0,0.0,6083000.0,-6083000.0,857621960.0,20880443310.0,국립과천과학관,2011,466687730.0,교육과학기술부,131050000.0,0.0,0.0,0.0
자본계정,10997000000.0,11111900000.0,0.0,0.0,0.0,0.0,588630303.0,4375807570.0,국립과천과학관,2011,6147462127.0,교육과학기술부,114900000.0,0.0,0.0,0.0
손익계정,17372357000.0,17372357000.0,0.0,0.0,0.0,0.0,317816620.0,17054540380.0,국립중앙과학관,2011,0.0,교육과학기술부,0.0,0.0,0.0,0.0
자본계정,4728000000.0,4728000000.0,4323000.0,-4323000.0,0.0,0.0,19417270.0,4708582730.0,국립중앙과학관,2011,0.0,교육과학기술부,0.0,0.0,0.0,0.0
투자계정,115744000000.0,115744000000.0,0.0,0.0,0.0,0.0,0.0,115744000000.0,에너지및자원사업특별회계,2011,0.0,교육과학기술부,0.0,0.0,0.0,0.0
,44171493609000.0,44182917094480.0,5229343000.0,-74944138830.0,67820358000.0,-67820358000.0,48092209502.0,44105665756100.0,일반회계,2011,29159128878.0,교육과학기술부,63308849310.0,0.0,0.0,17829432000.0
,45575000000.0,65448000000.0,0.0,0.0,0.0,0.0,2461000000.0,5698779000.0,혁신도시건설특별회계,2011,57288221000.0,교육과학기술부,19873000000.0,0.0,0.0,0.0
,0.0,46833357350.0,32867483350.0,0.0,3424000.0,-3424000.0,2182649820.0,44650707530.0,일반회계,2011,0.0,국가과학기술위원회,0.0,13965874000.0,0.0,0.0
제주특별자치도계정,1286000000.0,1286000000.0,0.0,0.0,0.0,0.0,0.0,1286000000.0,광역지역발전특별회계,2011,0.0,국가보훈처,0.0,0.0,0.0,0.0
투자계정,34180000000.0,34180000000.0,0.0,0.0,0.0,0.0,0.0,34180000000.0,에너지및자원사업특별회계,2011,0.0,국가보훈처,0.0,0.0,0.0,0.0
,3687781344000.0,3694961044330.0,27900000000.0,-27900000000.0,14526882000.0,-14526882000.0,13595597710.0,3678756769780.0,일반회계,2011,2608676840.0,국가보훈처,7179700330.0,0.0,0.0,0.0
,22078640000.0,22515039070.0,0.0,0.0,7300000.0,-7300000.0,1080074490.0,21262743580.0,일반회계,2011,172221000.0,국가인권위원회,436399070.0,0.0,0.0,0.0
,496398534000.0,504061905740.0,0.0,0.0,0.0,0.0,11335644380.0,492305713420.0,일반회계,2011,420547940.0,국가정보원,7663371740.0,0.0,0.0,0.0
투자계정,10803000000.0,10803000000.0,0.0,0.0,0.0,0.0,0.0,10803000000.0,에너지및자원사업특별회계,2011,0.0,국무총리실,0.0,0.0,0.0,0.0
,477142822000.0,477637795600.0,0.0,0.0,625380000.0,-625380000.0,4781316900.0,471518932900.0,일반회계,2011,1337545800.0,국무총리실,494973600.0,0.0,0.0,0.0
,61325668000.0,61662668000.0,0.0,0.0,765051000.0,-765051000.0,2741903890.0,58920764110.0,일반회계,2011,0.0,국민권익위원회,0.0,337000000.0,0.0,0.0
,822660000000.0,926794443230.0,0.0,0.0,0.0,0.0,394122393150.0,495410512000.0,국방·군사시설이전특별회계,2011,37261538080.0,국방부,104134443230.0,0.0,0.0,0.0
,21709575598000.0,22627936418810.0,221026528560.0,-221026528560.0,260569167050.0,-260569167050.0,83878211730.0,21845653277440.0,일반회계,2011,698404929640.0,국방부,755432347810.0,162928473000.0,0.0,0.0
,386900000000.0,435109804720.0,0.0,0.0,364011000.0,-364011000.0,62480542940.0,348603458780.0,주한미군기지이전특별회계,2011,24025803000.0,국방부,48209804720.0,0.0,0.0,0.0
,75710000000.0,181001819700.0,0.0,0.0,0.0,0.0,13218019700.0,1800000.0,혁신도시건설특별회계,2011,167782000000.0,국방부,105291819700.0,0.0,0.0,0.0
,1421191940000.0,1433359936081.0,1244138000.0,-1244138000.0,5306424000.0,-5306424000.0,65633335801.0,1364416550420.0,일반회계,2011,3310049860.0,국세청,12167996081.0,0.0,0.0,0.0
,41919000000.0,66387565400.0,0.0,0.0,0.0,0.0,3378565400.0,6517000000.0,혁신도시건설특별회계,2011,56492000000.0,국세청,24468565400.0,0.0,0.0,0.0
광역발전계정,2610963000000.0,2653358781110.0,0.0,0.0,81769000000.0,-81769000000.0,74612752700.0,2488916053690.0,광역지역발전특별회계,2011,89829974720.0,국토해양부,42395781110.0,0.0,0.0,0.0
제주특별자치도계정,219252000000.0,219252000000.0,0.0,0.0,0.0,0.0,1640000000.0,217612000000.0,광역지역발전특별회계,2011,0.0,국토해양부,0.0,0.0,0.0,0.0
지역개발계정,566599000000.0,566677350000.0,0.0,0.0,0.0,0.0,0.0,566677350000.0,광역지역발전특별회계,2011,0.0,국토해양부,78350000.0,0.0,0.0,0.0
공항계정,871659000000.0,871885855250.0,0.0,0.0,87000000.0,-87000000.0,755209804180.0,113394104630.0,교통시설특별회계,2011,3281946440.0,국토해양부,226855250.0,0.0,0.0,0.0
교통체계관리계정,1126400000000.0,1126635777540.0,517544000.0,-517544000.0,1290000000.0,-1290000000.0,11770031790.0,1114016195750.0,교통시설특별회계,2011,849550000.0,국토해양부,235777540.0,0.0,0.0,0.0
도로계정,7335146000000.0,7436550869950.0,60323000.0,-60323000.0,282954698000.0,-282954698000.0,1059075982220.0,6303222192750.0,교통시설특별회계,2011,74252694980.0,국토해양부,89034869950.0,12370000000.0,0.0,0.0
철도계정,3804209000000.0,3804517200000.0,0.0,0.0,9246166000.0,-9246166000.0,21404214250.0,3782965985750.0,교통시설특별회계,2011,147000000.0,국토해양부,308200000.0,0.0,0.0,0.0
항만계정,1352450000000.0,1441040079820.0,0.0,0.0,132377500000.0,-132377500000.0,45196835700.0,1296090486330.0,교통시설특별회계,2011,99752757790.0,국토해양부,88590079820.0,0.0,0.0,0.0
손익계정,22099000000.0,22529857000.0,0.0,0.0,17000000.0,-17000000.0,881804230.0,21449025770.0,대산지방해양항만청,2011,199027000.0,국토해양부,100000000.0,0.0,0.0,330857000.0
자본계정,39169000000.0,46524672200.0,0.0,0.0,0.0,0.0,1764815750.0,34913663170.0,대산지방해양항만청,2011,9846193280.0,국토해양부,6671672200.0,0.0,0.0,684000000.0
투자계정,34156000000.0,34156000000.0,0.0,0.0,0.0,0.0,128269000.0,32930205030.0,에너지및자원사업특별회계,2011,1097525970.0,국토해양부,0.0,0.0,0.0,0.0
,21526705117000.0,21963185730380.0,26803378000.0,-26803378000.0,61770218000.0,-61770218000.0,49699714240.0,21300366309360.0,일반회계,2011,613119706780.0,국토해양부,423983835380.0,12370000000.0,0.0,126778000.0
,193324000000.0,200396130680.0,0.0,0.0,3000000.0,-3000000.0,8745832020.0,179597801080.0,혁신도시건설특별회계,2011,12052497580.0,국토해양부,7072130680.0,0.0,0.0,0.0
,517490693000.0,536987806450.0,2131000000.0,-2131000000.0,5367807000.0,-5367807000.0,13680942300.0,520381497760.0,일반회계,2011,2925366390.0,국회,4497113450.0,16300000000.0,-1300000000.0,0.0
,1555631157000.0,1555631157000.0,0.0,0.0,142806000.0,-142806000.0,2488740340.0,1553077234850.0,일반회계,2011,65181810.0,금융위원회,0.0,0.0,0.0,0.0
,278244864000.0,286456027050.0,0.0,0.0,796744000.0,-796744000.0,5832500830.0,263886632770.0,일반회계,2011,16736893450.0,기상청,8211163050.0,0.0,0.0,0.0
,10631000000.0,13766469870.0,0.0,0.0,0.0,0.0,700.0,6651278200.0,혁신도시건설특별회계,2011,7115190970.0,기상청,3135469870.0,0.0,0.0,0.0
,15860276688000.0,13828816074000.0,296000000.0,-574240000.0,722976000.0,-722976000.0,1055918675890.0,12766160975340.0,일반회계,2011,6736422770.0,기획재정부,6090681000.0,361290191000.0,-2398563246000.0,0.0
광역발전계정,220882000000.0,220882000000.0,0.0,0.0,0.0,0.0,1239645610.0,219642354390.0,광역지역발전특별회계,2011,0.0,농림수산식품부,0.0,0.0,0.0,0.0
제주특별자치도계정,92985000000.0,92985000000.0,0.0,0.0,0.0,0.0,0.0,92985000000.0,광역지역발전특별회계,2011,0.0,농림수산식품부,0.0,0.0,0.0,0.0
지역개발계정,1387093000000.0,1387093000000.0,0.0,0.0,0.0,0.0,0.0,1353993000000.0,광역지역발전특별회계,2011,33100000000.0,농림수산식품부,0.0,0.0,0.0,0.0
구조개선사업계정,3317263000000.0,4410335429860.0,105198965000.0,-105198965000.0,17472499000.0,-17472499000.0,11713334690.0,3821619041920.0,농어촌구조개선특별회계,2011,577003053250.0,농림수산식품부,482452429860.0,610620000000.0,0.0,0.0
농어촌특별세사업계정,4380675000000.0,4740892799990.0,148771823000.0,-148771823000.0,9554305000.0,-9554305000.0,2777529310.0,4704347102470.0,농어촌구조개선특별회계,2011,33768168210.0,농림수산식품부,360217799990.0,0.0,0.0,0.0
손익계정,1389006562000.0,1487275024160.0,0.0,0.0,6620658000.0,-6620658000.0,107999424780.0,1379260599380.0,양곡관리특별회계,2011,15000000.0,농림수산식품부,98268462160.0,0.0,0.0,0.0
자본계정,4000.0,4000.0,0.0,0.0,0.0,0.0,4000.0,0.0,양곡관리특별회계,2011,0.0,농림수산식품부,0.0,0.0,0.0,0.0
융자계정,16700000000.0,16700000000.0,0.0,0.0,0.0,0.0,830278000.0,15869722000.0,에너지및자원사업특별회계,2011,0.0,농림수산식품부,0.0,0.0,0.0,0.0
투자계정,125450000000.0,125450000000.0,0.0,0.0,0.0,0.0,17998165000.0,107451835000.0,에너지및자원사업특별회계,2011,0.0,농림수산식품부,0.0,0.0,0.0,0.0
,3313701085000.0,4307034743558.0,307023062000.0,-307023062000.0,986529000.0,-986529000.0,8206458968.0,4253488146610.0,일반회계,2011,45340137980.0,농림수산식품부,32650658558.0,960620000000.0,0.0,63000000.0
,186552956000.0,255008432900.0,0.0,0.0,0.0,0.0,6648494640.0,76333076930.0,혁신도시건설특별회계,2011,172026861330.0,농림수산식품부,68455476900.0,0.0,0.0,0.0
광역발전계정,51645000000.0,51645000000.0,0.0,0.0,0.0,0.0,16784160.0,51628215840.0,광역지역발전특별회계,2011,0.0,농촌진흥청,0.0,0.0,0.0,0.0
제주특별자치도계정,6532000000.0,6532000000.0,0.0,0.0,0.0,0.0,0.0,6532000000.0,광역지역발전특별회계,2011,0.0,농촌진흥청,0.0,0.0,0.0,0.0
지역개발계정,41319000000.0,41319000000.0,0.0,0.0,0.0,0.0,0.0,41319000000.0,광역지역발전특별회계,2011,0.0,농촌진흥청,0.0,0.0,0.0,0.0
구조개선사업계정,39353000000.0,39353000000.0,0.0,0.0,0.0,0.0,88510290.0,39264489710.0,농어촌구조개선특별회계,2011,0.0,농촌진흥청,0.0,0.0,0.0,0.0
,598806983000.0,609813065930.0,0.0,0.0,144724000.0,-144724000.0,16192275120.0,562787061910.0,일반회계,2011,30833728900.0,농촌진흥청,11006082930.0,0.0,0.0,0.0
,354204000000.0,522178540940.0,0.0,0.0,0.0,0.0,7973292000.0,143093690980.0,혁신도시건설특별회계,2011,371111557960.0,농촌진흥청,167974540940.0,0.0,0.0,0.0
,240070424000.0,250469980150.0,0.0,0.0,0.0,0.0,38075214420.0,197080771950.0,등기특별회계,2011,15313993780.0,대법원,10399556150.0,0.0,0.0,0.0
,1184178781000.0,1199680064640.0,0.0,0.0,3343528000.0,-3343528000.0,16983692960.0,1154176132430.0,일반회계,2011,28520239250.0,대법원,15501283640.0,226000000.0,-226000000.0,0.0
,161881119000.0,162928809000.0,0.0,0.0,630000000.0,-630000000.0,9245878080.0,153682930920.0,일반회계,2011,0.0,대통령실,69200000.0,978490000.0,0.0,0.0
광역발전계정,3000000000.0,3000000000.0,0.0,0.0,0.0,0.0,0.0,3000000000.0,광역지역발전특별회계,2011,0.0,문화재청,0.0,0.0,0.0,0.0
지역개발계정,18060000000.0,18060000000.0,0.0,0.0,0.0,0.0,0.0,18060000000.0,광역지역발전특별회계,2011,0.0,문화재청,0.0,0.0,0.0,0.0
,445927684000.0,450952519340.0,0.0,0.0,361142000.0,-361142000.0,6056453640.0,440925667050.0,일반회계,2011,3970398650.0,문화재청,5024835340.0,0.0,0.0,0.0
광역발전계정,110976000000.0,111934154380.0,0.0,0.0,0.0,0.0,3564893370.0,108285878260.0,광역지역발전특별회계,2011,83382750.0,문화체육관광부,958154380.0,0.0,0.0,0.0
제주특별자치도계정,8754000000.0,8754000000.0,0.0,0.0,0.0,0.0,1350000000.0,7404000000.0,광역지역발전특별회계,2011,0.0,문화체육관광부,0.0,0.0,0.0,0.0
지역개발계정,506566000000.0,506566000000.0,0.0,0.0,0.0,0.0,6200313000.0,500365687000.0,광역지역발전특별회계,2011,0.0,문화체육관광부,0.0,0.0,0.0,0.0
,71876000000.0,73549661000.0,0.0,0.0,32000000.0,-32000000.0,5850222050.0,64973953420.0,아시아문화중심도시조성특별회계,2011,2725485530.0,문화체육관광부,1673661000.0,0.0,0.0,0.0
,1360098377000.0,1391441446300.0,11187901000.0,-11187901000.0,7310197000.0,-7310197000.0,14497602210.0,1318991350460.0,일반회계,2011,57952493630.0,문화체육관광부,29436355300.0,1555000000.0,0.0,351714000.0
,24317397000.0,24317397000.0,0.0,0.0,42673000.0,-42673000.0,659016170.0,23658380830.0,일반회계,2011,0.0,민주평화통일자문회의,0.0,0.0,0.0,0.0
,305017205000.0,305017205000.0,1100000000.0,-1100000000.0,237100000.0,-237100000.0,9629901930.0,293936152070.0,일반회계,2011,1451151000.0,방송통신위원회,0.0,0.0,0.0,0.0
,15774000000.0,20410964570.0,0.0,0.0,0.0,0.0,204240.0,6992618070.0,혁신도시건설특별회계,2011,13418142260.0,방송통신위원회,4636964570.0,0.0,0.0,0.0
,9693546318000.0,10233996357200.0,113562894690.0,-113562894690.0,54951301230.0,-54951301230.0,150133553860.0,9605319055380.0,일반회계,2011,478543747960.0,방위사업청,540450039200.0,0.0,0.0,0.0
,42986000000.0,42986000000.0,0.0,0.0,32389000.0,-32389000.0,7138280110.0,35652352990.0,교도작업특별회계,2011,195366900.0,법무부,0.0,0.0,0.0,0.0
,2430428979000.0,2539955667840.0,9505521000.0,-9505521000.0,10816275000.0,-10816275000.0,17408258190.0,2491086748780.0,일반회계,2011,31460660870.0,법무부,26617229840.0,82675382000.0,0.0,234077000.0
,80378000000.0,117048338060.0,0.0,0.0,0.0,0.0,4032000000.0,42722798020.0,혁신도시건설특별회계,2011,70293540040.0,법무부,36670338060.0,0.0,0.0,0.0
,24431294000.0,24431294000.0,0.0,0.0,55471000.0,-55471000.0,605604880.0,23815853340.0,일반회계,2011,9835780.0,법제처,0.0,0.0,0.0,0.0
,176856136000.0,176856136000.0,0.0,0.0,980670000.0,-980670000.0,1979678650.0,172632308770.0,일반회계,2011,2244148580.0,병무청,0.0,0.0,0.0,0.0
,5177000000.0,6476502530.0,0.0,0.0,0.0,0.0,0.0,4205682860.0,혁신도시건설특별회계,2011,2270819670.0,병무청,1299502530.0,0.0,0.0,0.0
제주특별자치도계정,1944000000.0,1944000000.0,0.0,0.0,0.0,0.0,0.0,1944000000.0,광역지역발전특별회계,2011,0.0,보건복지부,0.0,0.0,0.0,0.0
손익계정,10816377000.0,10816377000.0,0.0,0.0,77500000.0,-77500000.0,770892550.0,10040138870.0,국립공주병원,2011,5345580.0,보건복지부,0.0,0.0,0.0,0.0
자본계정,628000000.0,628000000.0,0.0,0.0,0.0,0.0,1775260.0,626224740.0,국립공주병원,2011,0.0,보건복지부,0.0,0.0,0.0,0.0
손익계정,15434928000.0,15434928000.0,0.0,0.0,34700000.0,-34700000.0,1256467570.0,14178460430.0,국립나주병원,2011,0.0,보건복지부,0.0,0.0,0.0,0.0
자본계정,1163000000.0,1163000000.0,0.0,0.0,0.0,0.0,5082770.0,1157917230.0,국립나주병원,2011,0.0,보건복지부,0.0,0.0,0.0,0.0
손익계정,8905809000.0,8905809000.0,0.0,0.0,117700000.0,-117700000.0,574178650.0,8331630350.0,국립마산병원,2011,0.0,보건복지부,0.0,0.0,0.0,0.0
자본계정,882000000.0,882000000.0,0.0,0.0,0.0,0.0,52169120.0,593967750.0,국립마산병원,2011,235863130.0,보건복지부,0.0,0.0,0.0,0.0
손익계정,5832412000.0,5832412000.0,0.0,0.0,147400000.0,-147400000.0,178450300.0,5653961700.0,국립목포병원,2011,0.0,보건복지부,0.0,0.0,0.0,0.0
자본계정,1113000000.0,1113000000.0,0.0,0.0,0.0,0.0,1282460.0,1111717540.0,국립목포병원,2011,0.0,보건복지부,0.0,0.0,0.0,0.0
손익계정,13746691000.0,13746691000.0,0.0,0.0,0.0,0.0,1270422750.0,12476268250.0,국립부곡병원,2011,0.0,보건복지부,0.0,0.0,0.0,0.0
자본계정,574000000.0,617235700.0,0.0,0.0,0.0,0.0,2616750.0,614618950.0,국립부곡병원,2011,0.0,보건복지부,43235700.0,0.0,0.0,0.0
손익계정,28437072000.0,28437072000.0,0.0,0.0,257656000.0,-257656000.0,1012389510.0,27424682490.0,국립서울병원,2011,0.0,보건복지부,0.0,0.0,0.0,0.0
자본계정,4593000000.0,4593000000.0,0.0,0.0,0.0,0.0,1500982310.0,1396561840.0,국립서울병원,2011,1695455850.0,보건복지부,0.0,0.0,0.0,0.0
손익계정,26522882000.0,26522882000.0,0.0,0.0,906800000.0,-906800000.0,1037517500.0,24975864500.0,국립재활원,2011,509500000.0,보건복지부,0.0,0.0,0.0,0.0
자본계정,6317000000.0,6716793110.0,0.0,0.0,0.0,0.0,12371030.0,3337602540.0,국립재활원,2011,3366819540.0,보건복지부,399793110.0,0.0,0.0,0.0
손익계정,9371396000.0,9371396000.0,0.0,0.0,415600000.0,-415600000.0,297718240.0,9073677760.0,국립춘천병원,2011,0.0,보건복지부,0.0,0.0,0.0,0.0
자본계정,322000000.0,322000000.0,0.0,0.0,0.0,0.0,1218400.0,320781600.0,국립춘천병원,2011,0.0,보건복지부,0.0,0.0,0.0,0.0
농어촌특별세사업계정,67214000000.0,67214000000.0,0.0,0.0,0.0,0.0,0.0,67214000000.0,농어촌구조개선특별회계,2011,0.0,보건복지부,0.0,0.0,0.0,0.0
,20736845149000.0,20868769275777.0,3347042000.0,-3347042000.0,25608736000.0,-25608736000.0,48141800247.0,20796612636890.0,일반회계,2011,24014838640.0,보건복지부,26307682777.0,103493844000.0,0.0,2122600000.0
광역발전계정,113602000000.0,114552473450.0,0.0,0.0,0.0,0.0,424238240.0,114128235210.0,광역지역발전특별회계,2011,0.0,산림청,706073450.0,244400000.0,0.0,0.0
제주특별자치도계정,5934000000.0,5934000000.0,0.0,0.0,0.0,0.0,0.0,5934000000.0,광역지역발전특별회계,2011,0.0,산림청,0.0,0.0,0.0,0.0
지역개발계정,156157000000.0,156157000000.0,0.0,0.0,0.0,0.0,0.0,156157000000.0,광역지역발전특별회계,2011,0.0,산림청,0.0,0.0,0.0,0.0
손익계정,18597312000.0,18597312000.0,0.0,0.0,64576000.0,-64576000.0,536119940.0,18061192060.0,국립자연휴양림관리소,2011,0.0,산림청,0.0,0.0,0.0,0.0
자본계정,18528000000.0,18528000000.0,0.0,0.0,0.0,0.0,78929910.0,17805030930.0,국립자연휴양림관리소,2011,644039160.0,산림청,0.0,0.0,0.0,0.0
임업진흥사업계정,623205000000.0,624496250000.0,3805000000.0,-3805000000.0,0.0,0.0,1373727520.0,622588308480.0,농어촌구조개선특별회계,2011,534214000.0,산림청,1291250000.0,0.0,0.0,0.0
,1211240330000.0,1236699815210.0,12054656000.0,-12054656000.0,27908563000.0,-27908563000.0,5355280600.0,1210200961630.0,일반회계,2011,21143572980.0,산림청,17759885210.0,7699600000.0,0.0,0.0
,8100147000.0,24823460680.0,0.0,0.0,0.0,0.0,0.0,14299143740.0,혁신도시건설특별회계,2011,10524316940.0,산림청,16723313680.0,0.0,0.0,0.0
제주특별자치도계정,390000000.0,390000000.0,0.0,0.0,0.0,0.0,0.0,390000000.0,광역지역발전특별회계,2011,0.0,소방방재청,0.0,0.0,0.0,0.0
농어촌특별세사업계정,207169000000.0,207169000000.0,0.0,0.0,0.0,0.0,0.0,207169000000.0,농어촌구조개선특별회계,2011,0.0,소방방재청,0.0,0.0,0.0,0.0
,515673426000.0,853215441480.0,1040454000.0,-3406703770.0,1180370000.0,-1180370000.0,1958075530.0,850753088950.0,일반회계,2011,504277000.0,소방방재청,529922250.0,339378343000.0,0.0,0.0
,17225058000.0,31415125280.0,0.0,-9008568000.0,0.0,0.0,17654640840.0,550484440.0,혁신도시건설특별회계,2011,13210000000.0,소방방재청,23198635280.0,0.0,0.0,0.0
광역발전계정,4700000000.0,4700000000.0,0.0,0.0,0.0,0.0,0.0,4700000000.0,광역지역발전특별회계,2011,0.0,식품의약품안전청,0.0,0.0,0.0,0.0
제주특별자치도계정,136000000.0,136000000.0,0.0,0.0,0.0,0.0,0.0,136000000.0,광역지역발전특별회계,2011,0.0,식품의약품안전청,0.0,0.0,0.0,0.0
,225070457000.0,237687614740.0,0.0,0.0,8247878000.0,-8247878000.0,8751921460.0,226076284260.0,일반회계,2011,2859409020.0,식품의약품안전청,9919160740.0,0.0,0.0,2697997000.0
제주특별자치도계정,945000000.0,945000000.0,0.0,0.0,0.0,0.0,0.0,945000000.0,광역지역발전특별회계,2011,0.0,여성가족부,0.0,0.0,0.0,0.0
지역개발계정,48472000000.0,48472000000.0,0.0,0.0,0.0,0.0,0.0,48472000000.0,광역지역발전특별회계,2011,0.0,여성가족부,0.0,0.0,0.0,0.0
,169670730000.0,170354850460.0,332010000.0,-332010000.0,1113256000.0,-1113256000.0,5781074880.0,164103892850.0,일반회계,2011,469882730.0,여성가족부,684120460.0,0.0,0.0,0.0
,1744398140000.0,1768994269540.0,600000000.0,-600000000.0,25577834000.0,-25577834000.0,42290569960.0,1725695336380.0,일반회계,2011,1008363200.0,외교통상부,1230129540.0,23366000000.0,0.0,0.0
,0.0,7405632720.0,4801713720.0,0.0,0.0,0.0,151384880.0,7254247840.0,일반회계,2011,0.0,원자력안전위원회,0.0,2603919000.0,0.0,0.0
손익계정,235803000000.0,236146299000.0,0.0,0.0,14698000.0,-14698000.0,5391092360.0,229869101110.0,조달특별회계,2011,886105530.0,조달청,305979000.0,0.0,0.0,37320000.0
자본계정,146397431000.0,146397431000.0,0.0,0.0,0.0,0.0,25249230080.0,120837330480.0,조달특별회계,2011,310870440.0,조달청,0.0,0.0,0.0,0.0
,13796000000.0,19159012200.0,0.0,0.0,0.0,0.0,1143000.0,6576800260.0,혁신도시건설특별회계,2011,12581068940.0,조달청,5363012200.0,0.0,0.0,0.0
광역발전계정,259609000000.0,259609000000.0,0.0,0.0,1059797000.0,-1059797000.0,109203410.0,259499796590.0,광역지역발전특별회계,2011,0.0,중소기업청,0.0,0.0,0.0,0.0
제주특별자치도계정,6182000000.0,6182000000.0,0.0,0.0,0.0,0.0,0.0,6182000000.0,광역지역발전특별회계,2011,0.0,중소기업청,0.0,0.0,0.0,0.0
지역개발계정,175120000000.0,175120000000.0,0.0,0.0,0.0,0.0,0.0,175120000000.0,광역지역발전특별회계,2011,0.0,중소기업청,0.0,0.0,0.0,0.0
,1531092377000.0,1563416215760.0,32323838760.0,0.0,5659299000.0,-5659299000.0,4512748180.0,1557518856330.0,일반회계,2011,1384611250.0,중소기업청,0.0,0.0,0.0,0.0
,253265062000.0,257171122000.0,0.0,0.0,830800000.0,-830800000.0,1344753890.0,255826368110.0,일반회계,2011,0.0,중앙선거관리위원회,227060000.0,4137200000.0,-458200000.0,0.0
광역발전계정,1373759000000.0,1410002000000.0,0.0,0.0,10300000.0,-10300000.0,28387741570.0,1346488420430.0,광역지역발전특별회계,2011,35125838000.0,지식경제부,36243000000.0,0.0,0.0,0.0
제주특별자치도계정,2373000000.0,2373000000.0,0.0,0.0,0.0,0.0,1000000000.0,1373000000.0,광역지역발전특별회계,2011,0.0,지식경제부,0.0,0.0,0.0,0.0
지역개발계정,101770000000.0,101770000000.0,0.0,0.0,0.0,0.0,0.0,101770000000.0,광역지역발전특별회계,2011,0.0,지식경제부,0.0,0.0,0.0,0.0
융자계정,1305273000000.0,1305273000000.0,0.0,0.0,0.0,0.0,8782200000.0,1296490800000.0,에너지및자원사업특별회계,2011,0.0,지식경제부,0.0,0.0,0.0,0.0
투자계정,2380185000000.0,2398722550000.0,0.0,0.0,170000000.0,-170000000.0,105687377570.0,2291968917570.0,에너지및자원사업특별회계,2011,1066254860.0,지식경제부,18537550000.0,0.0,0.0,0.0
,652832000000.0,707625750000.0,0.0,0.0,0.0,0.0,8841420830.0,698671329170.0,우체국보험특별회계,2011,113000000.0,지식경제부,98750000.0,0.0,0.0,54695000000.0
손익계정,2194453000000.0,2194503000000.0,0.0,0.0,0.0,0.0,9539309240.0,2184781354560.0,우체국예금특별회계,2011,182336200.0,지식경제부,50000000.0,0.0,0.0,0.0
자본계정,13538000000.0,13538000000.0,0.0,0.0,0.0,0.0,215331980.0,13322668020.0,우체국예금특별회계,2011,0.0,지식경제부,0.0,0.0,0.0,0.0
손익계정,3353017000000.0,3353017000000.0,6225160000.0,-6225160000.0,4064693000.0,-4064693000.0,153272142210.0,3198173058790.0,우편사업특별회계,2011,1571799000.0,지식경제부,0.0,0.0,0.0,0.0
자본계정,319037000000.0,326516341190.0,0.0,0.0,0.0,0.0,14031927090.0,303947463740.0,우편사업특별회계,2011,8536950360.0,지식경제부,7479341190.0,0.0,0.0,0.0
,3441707279000.0,3451245559100.0,0.0,0.0,32170773000.0,-32170773000.0,20277395260.0,3422100232870.0,일반회계,2011,8867930970.0,지식경제부,9538280100.0,0.0,0.0,0.0
,57910000000.0,76121730260.0,0.0,0.0,0.0,0.0,888370290.0,31182482120.0,혁신도시건설특별회계,2011,44050877850.0,지식경제부,18211730260.0,0.0,0.0,0.0
,280185273000.0,281761676000.0,0.0,0.0,904360000.0,-904360000.0,10935921030.0,270825754970.0,일반회계,2011,0.0,통계청,0.0,0.0,0.0,1576403000.0
,555620826000.0,569188801000.0,2324000000.0,-2324000000.0,766525000.0,-766525000.0,352146142600.0,215038417840.0,일반회계,2011,2004240560.0,통일부,942975000.0,12625000000.0,0.0,0.0
,9408955000.0,9476803360.0,0.0,0.0,0.0,0.0,794430130.0,8498433010.0,일반회계,2011,183940220.0,특임장관실,67848360.0,0.0,0.0,0.0
손익계정,359084000000.0,360707000000.0,0.0,0.0,302028000.0,-302028000.0,7499307740.0,350463192260.0,특허청,2011,2744500000.0,특허청,1623000000.0,0.0,0.0,0.0
자본계정,4202000000.0,4202000000.0,0.0,0.0,0.0,0.0,270198060.0,3931801940.0,특허청,2011,0.0,특허청,0.0,0.0,0.0,0.0
,995772046000.0,1019175950780.0,11539506000.0,-11539506000.0,2875455000.0,-2875455000.0,17669770050.0,942228713560.0,일반회계,2011,59277467170.0,해양경찰청,23403904780.0,0.0,0.0,0.0
,57660000000.0,79454056860.0,0.0,0.0,0.0,0.0,0.0,21214358780.0,혁신도시건설특별회계,2011,58239698080.0,해양경찰청,21794056860.0,0.0,0.0,0.0
광역발전계정,281749000000.0,281749000000.0,0.0,0.0,0.0,0.0,1196191060.0,280519608940.0,광역지역발전특별회계,2011,33200000.0,행정안전부,0.0,0.0,0.0,0.0
제주특별자치도계정,20996000000.0,20996000000.0,0.0,0.0,0.0,0.0,0.0,20996000000.0,광역지역발전특별회계,2011,0.0,행정안전부,0.0,0.0,0.0,0.0
지역개발계정,196800000000.0,196800000000.0,0.0,0.0,0.0,0.0,0.0,195200000000.0,광역지역발전특별회계,2011,1600000000.0,행정안전부,0.0,0.0,0.0,0.0
,33780487847000.0,33833877718240.0,9123465770.0,-6757216000.0,13424999000.0,-13424999000.0,52514547200.0,33754188740610.0,일반회계,2011,27174430430.0,행정안전부,25954326470.0,24303130000.0,0.0,766165000.0
,114732000000.0,181315142000.0,9008568000.0,0.0,0.0,0.0,4671908000.0,51771090090.0,혁신도시건설특별회계,2011,124872143910.0,행정안전부,57574574000.0,0.0,0.0,0.0
,611216000000.0,611216000000.0,0.0,0.0,0.0,0.0,0.0,611216000000.0,일반회계,2011,0.0,행정중심복합도시건설청,0.0,0.0,0.0,0.0
,785936000000.0,959605860370.0,0.0,0.0,55434562000.0,-55434562000.0,12007956090.0,748760791690.0,행정중심복합도시건설특별회계,2011,198837112590.0,행정중심복합도시건설청,173669860370.0,0.0,0.0,0.0
,31450496000.0,31486124850.0,0.0,0.0,77800000.0,-77800000.0,1341093240.0,29798267360.0,일반회계,2011,346764250.0,헌법재판소,35628850.0,0.0,0.0,0.0
광역발전계정,38583000000.0,38583000000.0,0.0,0.0,0.0,0.0,0.0,38565000000.0,광역지역발전특별회계,2011,18000000.0,환경부,0.0,0.0,0.0,0.0
제주특별자치도계정,16986000000.0,16986000000.0,0.0,0.0,0.0,0.0,0.0,16986000000.0,광역지역발전특별회계,2011,0.0,환경부,0.0,0.0,0.0,0.0
지역개발계정,435254000000.0,435254000000.0,0.0,0.0,0.0,0.0,0.0,435254000000.0,광역지역발전특별회계,2011,0.0,환경부,0.0,0.0,0.0,0.0
농어촌특별세사업계정,90929000000.0,90929000000.0,0.0,0.0,0.0,0.0,0.0,90929000000.0,농어촌구조개선특별회계,2011,0.0,환경부,0.0,0.0,0.0,0.0
투자계정,7959000000.0,7959000000.0,0.0,0.0,0.0,0.0,0.0,7959000000.0,에너지및자원사업특별회계,2011,0.0,환경부,0.0,0.0,0.0,0.0
,2816602911000.0,3086296911000.0,0.0,0.0,0.0,0.0,0.0,3086296911000.0,일반회계,2011,0.0,환경부,0.0,269694000000.0,0.0,0.0
,4271463911000.0,4792244833200.0,9485519000.0,-9485519000.0,39662366000.0,-39662366000.0,265031745853.0,4366584868570.0,환경개선특별회계,2011,160628218777.0,환경부,250074434200.0,269694000000.0,0.0,1012488000.0
,90647758000.0,90736384000.0,0.0,0.0,311000000.0,-311000000.0,5466814350.0,84862168950.0,일반회계,2010,407400700.0,감사원,88626000.0,0.0,0.0,0.0
손익계정,58796212000.0,60980330020.0,0.0,0.0,1679400000.0,-1679400000.0,1304228840.0,59674471980.0,경찰병원,2010,1629200.0,경찰청,556118020.0,0.0,0.0,1628000000.0
자본계정,1309660000.0,1319460000.0,0.0,0.0,0.0,0.0,15362340.0,1304097660.0,경찰병원,2010,0.0,경찰청,9800000.0,0.0,0.0,0.0
광역발전계정,29700000000.0,29700000000.0,0.0,0.0,0.0,0.0,0.0,29700000000.0,광역지역발전특별회계,2010,0.0,경찰청,0.0,0.0,0.0,0.0
제주특별자치도계정,2443000000.0,2443000000.0,0.0,0.0,0.0,0.0,0.0,2443000000.0,광역지역발전특별회계,2010,0.0,경찰청,0.0,0.0,0.0,0.0
손익계정,114730480000.0,114751140000.0,0.0,0.0,1936558000.0,-1936558000.0,4081392030.0,110669747970.0,운전면허시험관리단,2010,0.0,경찰청,20660000.0,0.0,0.0,0.0
자본계정,5104359000.0,5104359000.0,0.0,0.0,0.0,0.0,954298360.0,4150060640.0,운전면허시험관리단,2010,0.0,경찰청,0.0,0.0,0.0,0.0
,7176845992000.0,7211747699270.0,0.0,0.0,46693248000.0,-46693248000.0,185429724796.0,6967232717390.0,일반회계,2010,59085257084.0,경찰청,22291079270.0,12610628000.0,0.0,0.0
,191854333000.0,218759394200.0,0.0,0.0,0.0,0.0,0.0,762306410.0,혁신도시건설특별회계,2010,217997087790.0,경찰청,26905061200.0,0.0,0.0,0.0
제주특별자치도계정,6695511000.0,6695511000.0,0.0,0.0,0.0,0.0,0.0,6695511000.0,광역지역발전특별회계,2010,0.0,고용노동부,0.0,0.0,0.0,0.0
농어촌특별세사업계정,893000000.0,893000000.0,0.0,0.0,0.0,0.0,0.0,893000000.0,농어촌구조개선특별회계,2010,0.0,고용노동부,0.0,0.0,0.0,0.0
투자계정,69178000000.0,69178000000.0,0.0,0.0,15466000.0,-15466000.0,25201200710.0,43976799290.0,에너지및자원사업특별회계,2010,0.0,고용노동부,0.0,0.0,0.0,0.0
,1142211241000.0,1194841886810.0,0.0,0.0,14267980000.0,-14267980000.0,28014417600.0,1161326324390.0,일반회계,2010,5501144820.0,고용노동부,40962645810.0,11668000000.0,0.0,0.0
,1868000000.0,2173000000.0,0.0,0.0,0.0,0.0,0.0,765926500.0,혁신도시건설특별회계,2010,1407073500.0,고용노동부,305000000.0,0.0,0.0,0.0
,73829777000.0,73829777000.0,2297000.0,-2297000.0,707973000.0,-707973000.0,2821513090.0,71008263910.0,일반회계,2010,0.0,공정거래위원회,0.0,0.0,0.0,0.0
,402767305000.0,402816305000.0,0.0,0.0,2877743000.0,-2877743000.0,14105389020.0,385573862870.0,일반회계,2010,3137053110.0,관세청,49000000.0,0.0,0.0,0.0
,1669000000.0,2023000000.0,0.0,0.0,0.0,0.0,0.0,586241440.0,혁신도시건설특별회계,2010,1436758560.0,관세청,354000000.0,0.0,0.0,0.0
광역발전계정,715600000000.0,715600000000.0,0.0,0.0,0.0,0.0,0.0,715600000000.0,광역지역발전특별회계,2010,0.0,교육과학기술부,0.0,0.0,0.0,0.0
손익계정,16625168000.0,16634168000.0,0.0,0.0,11545000.0,-11545000.0,1439710990.0,15063407010.0,국립과천과학관,2010,131050000.0,교육과학기술부,9000000.0,0.0,0.0,0.0
자본계정,4713000000.0,5391008000.0,0.0,0.0,0.0,0.0,117118190.0,5158989810.0,국립과천과학관,2010,114900000.0,교육과학기술부,678008000.0,0.0,0.0,0.0
손익계정,13542775000.0,13542775000.0,0.0,0.0,32560000.0,-32560000.0,596949480.0,12945825520.0,국립중앙과학관,2010,0.0,교육과학기술부,0.0,0.0,0.0,0.0
자본계정,4515000000.0,4515000000.0,10547000.0,-10547000.0,0.0,0.0,30952710.0,4484047290.0,국립중앙과학관,2010,0.0,교육과학기술부,0.0,0.0,0.0,0.0
투자계정,96964000000.0,96964000000.0,0.0,0.0,0.0,0.0,0.0,96964000000.0,에너지및자원사업특별회계,2010,0.0,교육과학기술부,0.0,0.0,0.0,0.0
,40872523410000.0,40981221253025.0,5127467000.0,-5127467000.0,121484390000.0,-121484390000.0,500142391065.0,40417770012650.0,일반회계,2010,63308849310.0,교육과학기술부,66767965025.0,27500000000.0,0.0,14429878000.0
,17412000000.0,19873000000.0,0.0,0.0,0.0,0.0,0.0,0.0,혁신도시건설특별회계,2010,19873000000.0,교육과학기술부,2461000000.0,0.0,0.0,0.0
제주특별자치도계정,1216000000.0,1216000000.0,0.0,0.0,0.0,0.0,0.0,1216000000.0,광역지역발전특별회계,2010,0.0,국가보훈처,0.0,0.0,0.0,0.0
투자계정,34180000000.0,34180000000.0,0.0,0.0,0.0,0.0,0.0,34180000000.0,에너지및자원사업특별회계,2010,0.0,국가보훈처,0.0,0.0,0.0,0.0
,3432533562000.0,3434938723590.0,6989616000.0,-6989616000.0,41119963000.0,-41119963000.0,7061862190.0,3420697161070.0,일반회계,2010,7179700330.0,국가보훈처,2405161590.0,0.0,0.0,0.0
,22284774000.0,22697115000.0,0.0,0.0,33500000.0,-33500000.0,2194872220.0,20065843710.0,일반회계,2010,436399070.0,국가인권위원회,412341000.0,0.0,0.0,0.0
,483672213000.0,506292452840.0,0.0,0.0,0.0,0.0,36579027010.0,462050054090.0,일반회계,2010,7663371740.0,국가정보원,22620239840.0,0.0,0.0,0.0
투자계정,10038000000.0,10038000000.0,0.0,0.0,0.0,0.0,0.0,10038000000.0,에너지및자원사업특별회계,2010,0.0,국무총리실,0.0,0.0,0.0,0.0
,453519576000.0,450037303000.0,0.0,-4534000000.0,1046263000.0,-1046263000.0,6016093760.0,443526235640.0,일반회계,2010,494973600.0,국무총리실,1051727000.0,0.0,0.0,0.0
,60748198000.0,60842098000.0,0.0,0.0,830090000.0,-830090000.0,4291762030.0,56550335970.0,일반회계,2010,0.0,국민권익위원회,93900000.0,0.0,0.0,0.0
,259943610000.0,381071987740.0,0.0,0.0,24941116000.0,-24941116000.0,50015349740.0,226922194770.0,국방·군사시설이전특별회계,2010,104134443230.0,국방부,121128377740.0,0.0,0.0,0.0
,20459698764000.0,21164233397090.0,163111316000.0,-163111316000.0,96602850260.0,-96602850260.0,68388416720.0,20340412632560.0,일반회계,2010,755432347810.0,국방부,635362655090.0,69171978000.0,0.0,0.0
,696739000000.0,713897434300.0,0.0,0.0,30450000.0,-30450000.0,75848837820.0,589838791760.0,주한미군기지이전특별회계,2010,48209804720.0,국방부,17158434300.0,0.0,0.0,0.0
,92072000000.0,106523000000.0,0.0,0.0,0.0,0.0,0.0,1231180300.0,혁신도시건설특별회계,2010,105291819700.0,국방부,14451000000.0,0.0,0.0,0.0
,1414490759000.0,1421820187810.0,0.0,0.0,6110123000.0,-6110123000.0,67900411659.0,1341751780070.0,일반회계,2010,12167996081.0,국세청,7329428810.0,0.0,0.0,0.0
,21090000000.0,24468565400.0,0.0,0.0,0.0,0.0,0.0,0.0,혁신도시건설특별회계,2010,24468565400.0,국세청,3378565400.0,0.0,0.0,0.0
광역발전계정,2727297000000.0,2747947279790.0,3033000000.0,-3033000000.0,98135484000.0,-98135484000.0,17826348730.0,2687725149950.0,광역지역발전특별회계,2010,42395781110.0,국토해양부,20650279790.0,0.0,0.0,0.0
제주특별자치도계정,206034000000.0,206034000000.0,0.0,0.0,0.0,0.0,0.0,206034000000.0,광역지역발전특별회계,2010,0.0,국토해양부,0.0,0.0,0.0,0.0
지역개발계정,661857000000.0,661982000000.0,0.0,0.0,55000000.0,-55000000.0,410448580.0,661493201420.0,광역지역발전특별회계,2010,78350000.0,국토해양부,125000000.0,0.0,0.0,0.0
공항계정,684346000000.0,684797220000.0,0.0,0.0,108428000.0,-108428000.0,523123588530.0,161446776220.0,교통시설특별회계,2010,226855250.0,국토해양부,451220000.0,0.0,0.0,0.0
교통체계관리,1292527000000.0,1292749290540.0,368864000.0,-368864000.0,0.0,0.0,245414720.0,1292268098280.0,교통시설특별회계,2010,235777540.0,국토해양부,222290540.0,0.0,0.0,0.0
도로계정,7663048447000.0,7836976908950.0,4138854000.0,-4138854000.0,515460751000.0,-515460751000.0,326730019960.0,7421212019040.0,교통시설특별회계,2010,89034869950.0,국토해양부,168928461950.0,5000000000.0,0.0,0.0
철도계정,3539492000000.0,3540087115000.0,7050000000.0,-7050000000.0,24611000000.0,-24611000000.0,811451480.0,3538967463520.0,교통시설특별회계,2010,308200000.0,국토해양부,595115000.0,0.0,0.0,0.0
항만계정,1520481657000.0,1618456568940.0,0.0,0.0,105366000000.0,-105366000000.0,38255569700.0,1491610919420.0,교통시설특별회계,2010,88590079820.0,국토해양부,97974911940.0,0.0,0.0,0.0
손익계정,16410000000.0,16510000000.0,70000000.0,-70000000.0,0.0,0.0,835883970.0,15574116030.0,대산지방해양항만청,2010,100000000.0,국토해양부,0.0,0.0,0.0,100000000.0
자본계정,42840097000.0,54959843720.0,0.0,0.0,0.0,0.0,285837240.0,48002334280.0,대산지방해양항만청,2010,6671672200.0,국토해양부,12068476720.0,0.0,0.0,51270000.0
투자계정,25000000000.0,25000000000.0,0.0,0.0,0.0,0.0,21380.0,24999978620.0,에너지및자원사업특별회계,2010,0.0,국토해양부,0.0,0.0,0.0,0.0
,21961356000000.0,22099926501430.0,400000000.0,-400000000.0,460648867000.0,-460648867000.0,53336976020.0,21622605690030.0,일반회계,2010,423983835380.0,국토해양부,70922475430.0,67337000000.0,0.0,311026000.0
,226121000000.0,228001724400.0,0.0,0.0,4199945000.0,-4199945000.0,17497485500.0,203432108220.0,혁신도시건설특별회계,2010,7072130680.0,국토해양부,1880724400.0,0.0,0.0,0.0
,447856524000.0,479832747780.0,869139000.0,-869139000.0,4358996000.0,-4358996000.0,9516040790.0,465819593540.0,일반회계,2010,4497113450.0,국회,31976223780.0,1300000000.0,-1300000000.0,0.0
,3146391344000.0,3146451244000.0,11000000.0,-11000000.0,194407000.0,-194407000.0,3804291820.0,3142646952180.0,일반회계,2010,0.0,금융위원회,59900000.0,0.0,0.0,0.0
,242592825000.0,244772899930.0,290687000.0,-290687000.0,29932695000.0,-29932695000.0,3590594750.0,232971142130.0,일반회계,2010,8211163050.0,기상청,2180074930.0,0.0,0.0,0.0
,4436000000.0,5193992240.0,0.0,0.0,0.0,0.0,55119640.0,2003402730.0,혁신도시건설특별회계,2010,3135469870.0,기상청,757992240.0,0.0,0.0,0.0
,14445785419000.0,13216856278960.0,2520000.0,-2520000.0,1399707000.0,-1399707000.0,1347477482000.0,11863288115960.0,일반회계,2010,6090681000.0,기획재정부,3149736960.0,523592352000.0,-1755671229000.0,0.0
광역발전계정,201936000000.0,201936000000.0,0.0,0.0,0.0,0.0,1398045870.0,200537954130.0,광역지역발전특별회계,2010,0.0,농림수산식품부,0.0,0.0,0.0,0.0
제주특별자치도계정,90116000000.0,90116000000.0,0.0,0.0,0.0,0.0,0.0,90116000000.0,광역지역발전특별회계,2010,0.0,농림수산식품부,0.0,0.0,0.0,0.0
지역개발계정,1419855000000.0,1419855000000.0,0.0,0.0,0.0,0.0,80000000.0,1419775000000.0,광역지역발전특별회계,2010,0.0,농림수산식품부,0.0,0.0,0.0,0.0
구조개선사업계정,4043190348000.0,4672279766240.0,57539223000.0,-57539223000.0,5083142000.0,-5083142000.0,20177809760.0,4169649526620.0,농어촌구조개선특별회계,2010,482452429860.0,농림수산식품부,162294376240.0,466795042000.0,0.0,0.0
농어촌특별세사업계정,4210849000000.0,4217853500710.0,0.0,0.0,3259629000.0,-3259629000.0,87268158620.0,3770367542100.0,농어촌구조개선특별회계,2010,360217799990.0,농림수산식품부,7004500710.0,0.0,0.0,0.0
손익계정,1336803575000.0,1487336080000.0,0.0,0.0,15348919000.0,-15348919000.0,191477006020.0,1197590611820.0,양곡관리특별회계,2010,98268462160.0,농림수산식품부,150532505000.0,0.0,0.0,0.0
자본계정,4000.0,4000.0,0.0,0.0,0.0,0.0,4000.0,0.0,양곡관리특별회계,2010,0.0,농림수산식품부,0.0,0.0,0.0,0.0
융자계정,13100000000.0,13100000000.0,0.0,0.0,0.0,0.0,4127861000.0,8972139000.0,에너지및자원사업특별회계,2010,0.0,농림수산식품부,0.0,0.0,0.0,0.0
투자계정,139650000000.0,139650000000.0,0.0,0.0,0.0,0.0,60601529000.0,79048471000.0,에너지및자원사업특별회계,2010,0.0,농림수산식품부,0.0,0.0,0.0,0.0
,4815140759000.0,5321503408495.0,0.0,0.0,2711810000.0,-2711810000.0,260571640697.0,5028281109240.0,일반회계,2010,32650658558.0,농림수산식품부,39468607495.0,466795042000.0,0.0,99000000.0
,79076616000.0,89701979000.0,0.0,0.0,0.0,0.0,0.0,21246502100.0,혁신도시건설특별회계,2010,68455476900.0,농림수산식품부,10625363000.0,0.0,0.0,0.0
광역발전계정,49648069000.0,49648069000.0,0.0,0.0,0.0,0.0,9739390.0,49638329610.0,광역지역발전특별회계,2010,0.0,농촌진흥청,0.0,0.0,0.0,0.0
제주특별자치도계정,5970000000.0,5970000000.0,0.0,0.0,0.0,0.0,0.0,5970000000.0,광역지역발전특별회계,2010,0.0,농촌진흥청,0.0,0.0,0.0,0.0
지역개발계정,31277000000.0,31277000000.0,0.0,0.0,0.0,0.0,0.0,31277000000.0,광역지역발전특별회계,2010,0.0,농촌진흥청,0.0,0.0,0.0,0.0
구조개선사업계정,38576302000.0,38576302000.0,0.0,0.0,0.0,0.0,261750300.0,38314551700.0,농어촌구조개선특별회계,2010,0.0,농촌진흥청,0.0,0.0,0.0,0.0
,539328760000.0,539328760000.0,0.0,0.0,2720377000.0,-2720377000.0,14856935830.0,513465741240.0,일반회계,2010,11006082930.0,농촌진흥청,0.0,0.0,0.0,0.0
,248219000000.0,273952403770.0,0.0,0.0,0.0,0.0,0.0,105977862830.0,혁신도시건설특별회계,2010,167974540940.0,농촌진흥청,25733403770.0,0.0,0.0,0.0
,229761000000.0,239811930090.0,0.0,0.0,2448355000.0,-2448355000.0,39772663860.0,189639710080.0,등기특별회계,2010,10399556150.0,대법원,10050930090.0,0.0,0.0,0.0
,1123122649000.0,1143046149290.0,0.0,0.0,2705289000.0,-2705289000.0,34158246390.0,1093386619260.0,일반회계,2010,15501283640.0,대법원,19923500290.0,118000000.0,-118000000.0,0.0
,162130750000.0,162333096400.0,0.0,0.0,280000000.0,-280000000.0,9100735200.0,153163161200.0,일반회계,2010,69200000.0,대통령실,202346400.0,0.0,0.0,0.0
광역발전계정,1428000000.0,1428000000.0,0.0,0.0,0.0,0.0,0.0,1428000000.0,광역지역발전특별회계,2010,0.0,문화재청,0.0,0.0,0.0,0.0
지역개발계정,30348000000.0,30348000000.0,0.0,0.0,0.0,0.0,0.0,30348000000.0,광역지역발전특별회계,2010,0.0,문화재청,0.0,0.0,0.0,0.0
,478440231000.0,485036135010.0,0.0,0.0,1754622000.0,-1754622000.0,9697309810.0,470313989860.0,일반회계,2010,5024835340.0,문화재청,3298623010.0,0.0,0.0,3297281000.0
광역발전계정,100229000000.0,100229000000.0,0.0,0.0,0.0,0.0,9032914180.0,90237931440.0,광역지역발전특별회계,2010,958154380.0,문화체육관광부,0.0,0.0,0.0,0.0
제주특별자치도계정,11926000000.0,11926000000.0,0.0,0.0,300000000.0,-300000000.0,0.0,11926000000.0,광역지역발전특별회계,2010,0.0,문화체육관광부,0.0,0.0,0.0,0.0
지역개발계정,465017000000.0,465017000000.0,0.0,0.0,0.0,0.0,8298508000.0,456718492000.0,광역지역발전특별회계,2010,0.0,문화체육관광부,0.0,0.0,0.0,0.0
,49686000000.0,79742691400.0,0.0,0.0,15800000.0,-15800000.0,1970375390.0,76098655010.0,아시아문화중심도시조성특별회계,2010,1673661000.0,문화체육관광부,30056691400.0,0.0,0.0,0.0
,1249425057000.0,1262024414650.0,8419997000.0,-8419997000.0,16215973000.0,-16215973000.0,46048922190.0,1186539137160.0,일반회계,2010,29436355300.0,문화체육관광부,12001532650.0,320766000.0,0.0,277059000.0
,21202608000.0,21202608000.0,0.0,0.0,20824000.0,-20824000.0,248317200.0,20954290800.0,일반회계,2010,0.0,민주평화통일자문회의,0.0,0.0,0.0,0.0
,325637069000.0,325637069000.0,132000000.0,-132000000.0,2211000000.0,-2211000000.0,12569965710.0,313067103290.0,일반회계,2010,0.0,방송통신위원회,0.0,0.0,0.0,0.0
,6496000000.0,7057595300.0,0.0,0.0,0.0,0.0,0.0,2420630730.0,혁신도시건설특별회계,2010,4636964570.0,방송통신위원회,561595300.0,0.0,0.0,0.0
,9103017266000.0,9359999455160.0,96603293000.0,-96603293000.0,91473399260.0,-91473399260.0,82575969290.0,8736973446670.0,일반회계,2010,540450039200.0,방위사업청,166484120160.0,90498069000.0,0.0,0.0
,41960000000.0,41960000000.0,0.0,0.0,0.0,0.0,9976772790.0,31983227210.0,교도작업특별회계,2010,0.0,법무부,0.0,0.0,0.0,0.0
,2256528299000.0,2290876794290.0,31280101000.0,-31280101000.0,13875580000.0,-13875580000.0,32398643640.0,2231860920810.0,일반회계,2010,26617229840.0,법무부,21670495290.0,12678000000.0,0.0,0.0
,46741000000.0,53461000000.0,0.0,0.0,0.0,0.0,0.0,16790661940.0,혁신도시건설특별회계,2010,36670338060.0,법무부,6720000000.0,0.0,0.0,0.0
,22027024000.0,22027024000.0,0.0,0.0,9200000.0,-9200000.0,548069110.0,21478954890.0,일반회계,2010,0.0,법제처,0.0,0.0,0.0,0.0
,174702572000.0,174702572000.0,0.0,0.0,1544795000.0,-1544795000.0,4434472030.0,170268099970.0,일반회계,2010,0.0,병무청,0.0,0.0,0.0,0.0
,2054724000.0,2201096000.0,0.0,0.0,0.0,0.0,66816000.0,834777470.0,혁신도시건설특별회계,2010,1299502530.0,병무청,146372000.0,0.0,0.0,0.0
제주특별자치도계정,2702000000.0,2602000000.0,0.0,-100000000.0,0.0,0.0,0.0,2602000000.0,광역지역발전특별회계,2010,0.0,보건복지부,0.0,0.0,0.0,0.0
지역개발계정,35919000000.0,17702000000.0,0.0,-18217000000.0,0.0,0.0,0.0,17702000000.0,광역지역발전특별회계,2010,0.0,보건복지부,0.0,0.0,0.0,0.0
손익계정,10540045000.0,10540045000.0,0.0,0.0,193200000.0,-193200000.0,720873250.0,9819171750.0,국립공주병원,2010,0.0,보건복지부,0.0,0.0,0.0,0.0
자본계정,432000000.0,432000000.0,0.0,0.0,0.0,0.0,294180.0,431705820.0,국립공주병원,2010,0.0,보건복지부,0.0,0.0,0.0,0.0
손익계정,14865213000.0,14865213000.0,0.0,0.0,341600000.0,-341600000.0,1114104140.0,13751108860.0,국립나주병원,2010,0.0,보건복지부,0.0,0.0,0.0,0.0
자본계정,559000000.0,1729420710.0,0.0,0.0,0.0,0.0,38942200.0,1690478510.0,국립나주병원,2010,0.0,보건복지부,1170420710.0,0.0,0.0,0.0
손익계정,8868363000.0,8868363000.0,0.0,0.0,115000000.0,-115000000.0,835408020.0,8032954980.0,국립마산병원,2010,0.0,보건복지부,0.0,0.0,0.0,0.0
자본계정,616000000.0,616000000.0,0.0,0.0,0.0,0.0,3408900.0,612591100.0,국립마산병원,2010,0.0,보건복지부,0.0,0.0,0.0,0.0
손익계정,5824473000.0,5824473000.0,0.0,0.0,397299000.0,-397299000.0,177363890.0,5647109110.0,국립목포병원,2010,0.0,보건복지부,0.0,0.0,0.0,0.0
자본계정,1235000000.0,1579323150.0,0.0,0.0,0.0,0.0,10741500.0,1568581650.0,국립목포병원,2010,0.0,보건복지부,344323150.0,0.0,0.0,0.0
손익계정,13812891000.0,13812891000.0,0.0,0.0,58354000.0,-58354000.0,1533745570.0,12279145430.0,국립부곡병원,2010,0.0,보건복지부,0.0,0.0,0.0,0.0
자본계정,626000000.0,2476046740.0,0.0,0.0,0.0,0.0,16034350.0,2416776690.0,국립부곡병원,2010,43235700.0,보건복지부,1850046740.0,0.0,0.0,0.0
손익계정,28045063000.0,28045063000.0,0.0,0.0,339043000.0,-339043000.0,2202946280.0,25842116720.0,국립서울병원,2010,0.0,보건복지부,0.0,0.0,0.0,0.0
자본계정,16083000000.0,16083000000.0,0.0,0.0,0.0,0.0,15605875020.0,477124980.0,국립서울병원,2010,0.0,보건복지부,0.0,0.0,0.0,0.0
손익계정,46517325000.0,46517325000.0,0.0,0.0,4813121000.0,-4813121000.0,13915548450.0,32601776550.0,국립의료원,2010,0.0,보건복지부,0.0,0.0,0.0,0.0
자본계정,4976000000.0,5636410000.0,0.0,0.0,0.0,0.0,200358650.0,5436051350.0,국립의료원,2010,0.0,보건복지부,660410000.0,0.0,0.0,0.0
손익계정,21332718000.0,21674718000.0,0.0,0.0,748997000.0,-748997000.0,1364635700.0,20310082300.0,국립재활원,2010,0.0,보건복지부,0.0,0.0,0.0,342000000.0
자본계정,2054000000.0,15803254500.0,0.0,0.0,0.0,0.0,405210920.0,14998250470.0,국립재활원,2010,399793110.0,보건복지부,13652254500.0,0.0,0.0,97000000.0
손익계정,9213385000.0,9213385000.0,0.0,0.0,313053000.0,-313053000.0,582864010.0,8630520990.0,국립춘천병원,2010,0.0,보건복지부,0.0,0.0,0.0,0.0
자본계정,565000000.0,565000000.0,0.0,0.0,0.0,0.0,7225070.0,557774930.0,국립춘천병원,2010,0.0,보건복지부,0.0,0.0,0.0,0.0
농어촌특별세사업계정,71453000000.0,71453000000.0,0.0,0.0,0.0,0.0,0.0,71453000000.0,농어촌구조개선특별회계,2010,0.0,보건복지부,0.0,0.0,0.0,0.0
투자계정,23965000000.0,23965000000.0,0.0,0.0,0.0,0.0,3770245840.0,20194754160.0,에너지및자원사업특별회계,2010,0.0,보건복지부,0.0,0.0,0.0,0.0
,19608338967000.0,19824948060760.0,18548925000.0,-62731210010.0,87736570000.0,-87736570000.0,118884961213.0,19679755416770.0,일반회계,2010,26307682777.0,보건복지부,247955763770.0,12835615000.0,0.0,0.0
제주특별자치도계정,4929976000.0,4929976000.0,0.0,0.0,0.0,0.0,0.0,4929976000.0,광역지역발전특별회계,2010,0.0,산림청,0.0,0.0,0.0,0.0
지역개발계정,203573094000.0,208232504000.0,0.0,0.0,0.0,0.0,0.0,208232504000.0,광역지역발전특별회계,2010,0.0,산림청,0.0,4659410000.0,0.0,0.0
손익계정,16660850000.0,16660850000.0,0.0,0.0,68945000.0,-68945000.0,325240650.0,16335609350.0,국립자연휴양림관리소,2010,0.0,산림청,0.0,0.0,0.0,0.0
자본계정,16383000000.0,16383000000.0,0.0,0.0,0.0,0.0,31071080.0,16351928920.0,국립자연휴양림관리소,2010,0.0,산림청,0.0,0.0,0.0,0.0
임업진흥사업계정,643249000000.0,645406715000.0,771086000.0,-771086000.0,1159025000.0,-1159025000.0,729741520.0,642679650030.0,농어촌구조개선특별회계,2010,1997323450.0,산림청,925143000.0,1232572000.0,0.0,0.0
,1194293334000.0,1217122220800.0,4766945000.0,-4766945000.0,4924292000.0,-4924292000.0,12818491750.0,1186543843840.0,일반회계,2010,17759885210.0,산림청,14552858800.0,8276028000.0,0.0,0.0
,21563044000.0,22302535700.0,0.0,0.0,11890648000.0,-11890648000.0,0.0,5579222020.0,혁신도시건설특별회계,2010,16723313680.0,산림청,739491700.0,0.0,0.0,0.0
제주특별자치도계정,320000000.0,320000000.0,0.0,0.0,0.0,0.0,0.0,320000000.0,광역지역발전특별회계,2010,0.0,소방방재청,0.0,0.0,0.0,0.0
농어촌특별세사업계정,207169000000.0,207169000000.0,0.0,0.0,0.0,0.0,0.0,207169000000.0,농어촌구조개선특별회계,2010,0.0,소방방재청,0.0,0.0,0.0,0.0
,478700717000.0,682054704140.0,1037534000.0,-1205654000.0,667244000.0,-667244000.0,3472554440.0,678052227450.0,일반회계,2010,529922250.0,소방방재청,3731983140.0,199790124000.0,0.0,0.0
,45158835000.0,50449813900.0,0.0,0.0,0.0,0.0,0.0,27251178620.0,혁신도시건설특별회계,2010,23198635280.0,소방방재청,5290978900.0,0.0,0.0,0.0
광역발전계정,4764000000.0,4764000000.0,0.0,0.0,0.0,0.0,0.0,4764000000.0,광역지역발전특별회계,2010,0.0,식품의약품안전청,0.0,0.0,0.0,0.0
제주특별자치도계정,136000000.0,136000000.0,0.0,0.0,0.0,0.0,0.0,136000000.0,광역지역발전특별회계,2010,0.0,식품의약품안전청,0.0,0.0,0.0,0.0
,239102477000.0,247276197040.0,0.0,0.0,11812058000.0,-11812058000.0,9468143640.0,227888892660.0,일반회계,2010,9919160740.0,식품의약품안전청,7017595040.0,0.0,0.0,1156125000.0
제주특별자치도계정,0.0,100000000.0,100000000.0,0.0,0.0,0.0,0.0,100000000.0,광역지역발전특별회계,2010,0.0,여성가족부,0.0,0.0,0.0,0.0
지역개발계정,0.0,18284557000.0,18217000000.0,0.0,0.0,0.0,1383000.0,18283174000.0,광역지역발전특별회계,2010,0.0,여성가족부,0.0,67557000.0,0.0,0.0
,90261617000.0,136250233010.0,44182285010.0,0.0,236717000.0,-236717000.0,9781860700.0,125784251850.0,일반회계,2010,684120460.0,여성가족부,29331000.0,1777000000.0,0.0,0.0
,1520357282000.0,1638649767540.0,9351494000.0,-9351494000.0,29044797000.0,-29044797000.0,9717635280.0,1627702002720.0,일반회계,2010,1230129540.0,외교통상부,679602540.0,102284879000.0,0.0,15328004000.0
손익계정,217244483000.0,218120769750.0,0.0,0.0,626086000.0,-626086000.0,4415389310.0,213399401440.0,조달특별회계,2010,305979000.0,조달청,876286750.0,0.0,0.0,0.0
자본계정,126472173000.0,126537197310.0,0.0,0.0,0.0,0.0,4288367940.0,122248829370.0,조달특별회계,2010,0.0,조달청,65024310.0,0.0,0.0,0.0
,6831661000.0,7164673200.0,0.0,0.0,0.0,0.0,0.0,1801661000.0,혁신도시건설특별회계,2010,5363012200.0,조달청,333012200.0,0.0,0.0,0.0
광역발전계정,293204000000.0,293204000000.0,0.0,0.0,20143000.0,-20143000.0,345689530.0,292858310470.0,광역지역발전특별회계,2010,0.0,중소기업청,0.0,0.0,0.0,0.0
제주특별자치도계정,4324000000.0,4324000000.0,0.0,0.0,0.0,0.0,0.0,4324000000.0,광역지역발전특별회계,2010,0.0,중소기업청,0.0,0.0,0.0,0.0
지역개발계정,156834000000.0,156834000000.0,0.0,0.0,0.0,0.0,0.0,156834000000.0,광역지역발전특별회계,2010,0.0,중소기업청,0.0,0.0,0.0,0.0
,1475374125000.0,1475374125000.0,0.0,0.0,371560000.0,-371560000.0,5503190530.0,1469870934470.0,일반회계,2010,0.0,중소기업청,0.0,0.0,0.0,0.0
,275666120000.0,285860120000.0,0.0,0.0,30000000.0,-30000000.0,10379524810.0,275253535190.0,일반회계,2010,227060000.0,중앙선거관리위원회,0.0,10653863000.0,-459863000.0,0.0
광역발전계정,1363042000000.0,1363042000000.0,0.0,0.0,297430000.0,-297430000.0,17983380440.0,1308815619560.0,광역지역발전특별회계,2010,36243000000.0,지식경제부,0.0,0.0,0.0,0.0
제주특별자치도계정,3328000000.0,3328000000.0,0.0,0.0,0.0,0.0,0.0,3328000000.0,광역지역발전특별회계,2010,0.0,지식경제부,0.0,0.0,0.0,0.0
지역개발계정,70209000000.0,70209000000.0,0.0,0.0,0.0,0.0,0.0,70209000000.0,광역지역발전특별회계,2010,0.0,지식경제부,0.0,0.0,0.0,0.0
융자계정,1149766000000.0,1152873000000.0,0.0,0.0,0.0,0.0,45701400.0,1152827298600.0,에너지및자원사업특별회계,2010,0.0,지식경제부,0.0,3107000000.0,0.0,0.0
투자계정,2945628000000.0,2949295500000.0,0.0,0.0,2204500000.0,-2204500000.0,19905552390.0,2910852397610.0,에너지및자원사업특별회계,2010,18537550000.0,지식경제부,560500000.0,3107000000.0,0.0,0.0
,615172000000.0,615387500000.0,0.0,0.0,0.0,0.0,17500391470.0,597788358530.0,우체국보험특별회계,2010,98750000.0,지식경제부,215500000.0,0.0,0.0,0.0
손익계정,1966182000000.0,2263640500000.0,0.0,0.0,270000000.0,-270000000.0,9785946680.0,2253804553320.0,우체국예금특별회계,2010,50000000.0,지식경제부,49500000.0,0.0,0.0,297409000000.0
자본계정,14251000000.0,14251000000.0,0.0,0.0,0.0,0.0,150119710.0,14100880290.0,우체국예금특별회계,2010,0.0,지식경제부,0.0,0.0,0.0,0.0
손익계정,3167981476000.0,3167989726000.0,0.0,0.0,4322067000.0,-4322067000.0,160142943540.0,3007846782460.0,우편사업특별회계,2010,0.0,지식경제부,8250000.0,0.0,0.0,0.0
자본계정,274714000000.0,281305118130.0,0.0,0.0,0.0,0.0,4811366890.0,269014410050.0,우편사업특별회계,2010,7479341190.0,지식경제부,6591118130.0,0.0,0.0,0.0
,3450514322000.0,3513726947010.0,152851000.0,-152851000.0,13720113000.0,-13720113000.0,18054540250.0,3486134126660.0,일반회계,2010,9538280100.0,지식경제부,10105625010.0,53107000000.0,0.0,0.0
,24083000000.0,27959617060.0,0.0,0.0,0.0,0.0,0.0,9747886800.0,혁신도시건설특별회계,2010,18211730260.0,지식경제부,3876617060.0,0.0,0.0,0.0
,14131476000.0,14131476000.0,0.0,0.0,127510000.0,-127510000.0,1683806730.0,12447669270.0,일반회계,2010,0.0,진실·화해를위한과거사정리위원회,0.0,0.0,0.0,0.0
,409433532000.0,411346673000.0,0.0,0.0,2774850000.0,-2774850000.0,20027408380.0,391319264620.0,일반회계,2010,0.0,통계청,0.0,0.0,0.0,1913141000.0
,504212245000.0,513192245000.0,632000000.0,-632000000.0,2868971000.0,-2868971000.0,353431030620.0,158818239380.0,일반회계,2010,942975000.0,통일부,0.0,8980000000.0,0.0,0.0
,6343433000.0,6343433000.0,0.0,0.0,128500000.0,-128500000.0,707168790.0,5568415850.0,일반회계,2010,67848360.0,특임장관실,0.0,0.0,0.0,0.0
손익계정,346270000000.0,346294920000.0,0.0,0.0,432799000.0,-432799000.0,12783576770.0,331888343230.0,특허청,2010,1623000000.0,특허청,0.0,0.0,0.0,24920000.0
자본계정,3528000000.0,3528000000.0,0.0,0.0,5000000.0,-5000000.0,41472050.0,3486527950.0,특허청,2010,0.0,특허청,0.0,0.0,0.0,0.0
,901235731000.0,907199434220.0,8150588000.0,-8150588000.0,1063329000.0,-1063329000.0,14796210960.0,868999318480.0,일반회계,2010,23403904780.0,해양경찰청,1641703220.0,4322000000.0,0.0,0.0
,54680000000.0,70705586360.0,0.0,0.0,0.0,0.0,0.0,48911529500.0,혁신도시건설특별회계,2010,21794056860.0,해양경찰청,16025586360.0,0.0,0.0,0.0
광역발전계정,261570000000.0,261972600000.0,0.0,0.0,0.0,0.0,292133600.0,261680466400.0,광역지역발전특별회계,2010,0.0,행정안전부,402600000.0,0.0,0.0,0.0
제주특별자치도계정,18483000000.0,18483000000.0,0.0,0.0,0.0,0.0,0.0,18483000000.0,광역지역발전특별회계,2010,0.0,행정안전부,0.0,0.0,0.0,0.0
지역개발계정,191264000000.0,191264000000.0,0.0,0.0,0.0,0.0,0.0,191264000000.0,광역지역발전특별회계,2010,0.0,행정안전부,0.0,0.0,0.0,0.0
,31193191381000.0,31270364984550.0,21678057000.0,-18775937000.0,7470056000.0,-7470056000.0,72790009220.0,31171620648860.0,일반회계,2010,25954326470.0,행정안전부,9815504550.0,63400793000.0,0.0,1055186000.0
,55444659000.0,64959083000.0,0.0,0.0,0.0,0.0,292962000.0,7091547000.0,혁신도시건설특별회계,2010,57574574000.0,행정안전부,9514424000.0,0.0,0.0,0.0
,690798057000.0,690798057000.0,0.0,0.0,0.0,0.0,0.0,690798057000.0,일반회계,2010,0.0,행정중심복합도시건설청,0.0,0.0,0.0,0.0
,695103057000.0,731711720410.0,0.0,0.0,15004000000.0,-15004000000.0,191030777590.0,367011082450.0,행정중심복합도시건설특별회계,2010,173669860370.0,행정중심복합도시건설청,36608663410.0,0.0,0.0,0.0
,25931687000.0,27765687000.0,0.0,0.0,138500000.0,-138500000.0,713761560.0,27016296590.0,일반회계,2010,35628850.0,헌법재판소,0.0,1849000000.0,-15000000.0,0.0
광역발전계정,42313000000.0,42313000000.0,0.0,0.0,0.0,0.0,0.0,42313000000.0,광역지역발전특별회계,2010,0.0,환경부,0.0,0.0,0.0,0.0
제주특별자치도계정,19760000000.0,19760000000.0,0.0,0.0,0.0,0.0,0.0,19760000000.0,광역지역발전특별회계,2010,0.0,환경부,0.0,0.0,0.0,0.0
지역개발계정,426280000000.0,534456000000.0,0.0,0.0,0.0,0.0,0.0,534456000000.0,광역지역발전특별회계,2010,0.0,환경부,0.0,108176000000.0,0.0,0.0
농어촌특별세사업계정,115104000000.0,115104000000.0,0.0,0.0,0.0,0.0,0.0,115104000000.0,농어촌구조개선특별회계,2010,0.0,환경부,0.0,0.0,0.0,0.0
,2605111381000.0,2613609336000.0,1800000000.0,0.0,0.0,0.0,0.0,2613609336000.0,일반회계,2010,0.0,환경부,0.0,6697955000.0,0.0,0.0
,3965057381000.0,4190125795020.0,4489811000.0,-2689811000.0,18282786000.0,-18282786000.0,11173903630.0,3928877457190.0,환경개선특별회계,2010,250074434200.0,환경부,216570459020.0,6697955000.0,0.0,0.0
,89082334000.0,89204927240.0,0.0,0.0,440139000.0,-440139000.0,6989702780.0,82126598460.0,일반회계,2009,88626000.0,감사원,122593240.0,0.0,0.0,0.0
손익계정,57041699000.0,60598116680.0,0.0,0.0,1913906000.0,-1913906000.0,1767553730.0,58274444930.0,경찰병원,2009,556118020.0,경찰청,437831680.0,0.0,0.0,3118586000.0
자본계정,1387397000.0,1410893000.0,0.0,0.0,0.0,0.0,125747960.0,1275345040.0,경찰병원,2009,9800000.0,경찰청,23496000.0,0.0,0.0,0.0
제주특별자치도계정,2283020000.0,2283020000.0,0.0,0.0,0.0,0.0,0.0,2283020000.0,국가균형발전특별회계,2009,0.0,경찰청,0.0,0.0,0.0,0.0
지역개발사업계정,29700000000.0,30382720000.0,0.0,0.0,0.0,0.0,0.0,30382720000.0,국가균형발전특별회계,2009,0.0,경찰청,682720000.0,0.0,0.0,0.0
손익계정,84060000000.0,84060000000.0,0.0,0.0,1012500000.0,-1012500000.0,9412227510.0,74627112490.0,운전면허시험관리단,2009,20660000.0,경찰청,0.0,0.0,0.0,0.0
자본계정,2967288000.0,3110808000.0,0.0,0.0,0.0,0.0,286770.0,3110521230.0,운전면허시험관리단,2009,0.0,경찰청,143520000.0,0.0,0.0,0.0
,7097977742000.0,7179053806510.0,1056556000.0,-1056556000.0,47310291000.0,-47310291000.0,325602552230.0,6831160175010.0,일반회계,2009,22291079270.0,경찰청,65798181510.0,15277883000.0,0.0,0.0
,26933000000.0,26933000000.0,0.0,0.0,0.0,0.0,0.0,27938800.0,혁신도시건설특별회계,2009,26905061200.0,경찰청,0.0,0.0,0.0,0.0
,75874596000.0,75874596000.0,6332000.0,-6332000.0,1741404000.0,-1741404000.0,2480282710.0,73394313290.0,일반회계,2009,0.0,공정거래위원회,0.0,0.0,0.0,0.0
,398493530000.0,404534047770.0,296613000.0,-296613000.0,1236353000.0,-1236353000.0,15050515570.0,389434532200.0,일반회계,2009,49000000.0,관세청,6040517770.0,0.0,0.0,0.0
,354000000.0,354000000.0,0.0,0.0,0.0,0.0,0.0,0.0,혁신도시건설특별회계,2009,354000000.0,관세청,0.0,0.0,0.0,0.0
지역혁신사업계정,691400000000.0,691400000000.0,0.0,0.0,0.0,0.0,82000000.0,691318000000.0,국가균형발전특별회계,2009,0.0,교육과학기술부,0.0,0.0,0.0,0.0
손익계정,14031517000.0,14031517000.0,0.0,0.0,0.0,0.0,1793218900.0,12229298100.0,국립과천과학관,2009,9000000.0,교육과학기술부,0.0,0.0,0.0,0.0
자본계정,6616000000.0,6616000000.0,0.0,0.0,0.0,0.0,138045390.0,5799946610.0,국립과천과학관,2009,678008000.0,교육과학기술부,0.0,0.0,0.0,0.0
손익계정,12952737000.0,12952737000.0,0.0,0.0,7150000.0,-7150000.0,793961530.0,12158775470.0,국립중앙과학관,2009,0.0,교육과학기술부,0.0,0.0,0.0,0.0
자본계정,5175154000.0,5175154000.0,204992000.0,-204992000.0,0.0,0.0,18548940.0,5156605060.0,국립중앙과학관,2009,0.0,교육과학기술부,0.0,0.0,0.0,0.0
투자계정,134655000000.0,134655000000.0,0.0,0.0,0.0,0.0,0.0,134655000000.0,에너지및자원사업특별회계,2009,0.0,교육과학기술부,0.0,0.0,0.0,0.0
,39126994767000.0,39282265356960.0,16586402250.0,-16384713000.0,323448268000.0,-323448268000.0,115559566085.0,39099937825850.0,일반회계,2009,66767965025.0,교육과학기술부,39532138710.0,104077283000.0,0.0,11459479000.0
,2461000000.0,2461000000.0,0.0,0.0,0.0,0.0,0.0,0.0,혁신도시건설특별회계,2009,2461000000.0,교육과학기술부,0.0,0.0,0.0,0.0
제주특별자치도계정,1145896000.0,1145896000.0,0.0,0.0,0.0,0.0,0.0,1145896000.0,국가균형발전특별회계,2009,0.0,국가보훈처,0.0,0.0,0.0,0.0
투자계정,34180131000.0,34180131000.0,0.0,0.0,0.0,0.0,0.0,34180131000.0,에너지및자원사업특별회계,2009,0.0,국가보훈처,0.0,0.0,0.0,0.0
,3193259590000.0,3196359996230.0,23487464000.0,-23487464000.0,23355113000.0,-23355113000.0,10572913700.0,3183381920940.0,일반회계,2009,2405161590.0,국가보훈처,1873433230.0,1226973000.0,0.0,0.0
,23373407000.0,23653710000.0,0.0,0.0,20000000.0,-20000000.0,2232974020.0,21008394980.0,일반회계,2009,412341000.0,국가인권위원회,280303000.0,0.0,0.0,0.0
,485983917000.0,487233885250.0,0.0,0.0,0.0,0.0,22708089840.0,441905555570.0,일반회계,2009,22620239840.0,국가정보원,1249968250.0,0.0,0.0,0.0
투자계정,8371000000.0,8371000000.0,0.0,0.0,0.0,0.0,0.0,8371000000.0,에너지및자원사업특별회계,2009,0.0,국무총리실,0.0,0.0,0.0,0.0
,393009776000.0,394271882000.0,250000000.0,-3113964000.0,4427026000.0,-4427026000.0,3192292070.0,390122862930.0,일반회계,2009,956727000.0,국무총리실,98000000.0,4028070000.0,0.0,0.0
,0.0,1431861000.0,1431861000.0,0.0,25000000.0,-25000000.0,229200830.0,1107660170.0,환경개선특별회계,2009,95000000.0,국무총리실,0.0,0.0,0.0,0.0
,58060877000.0,58614084000.0,0.0,0.0,1654467000.0,-1654467000.0,4025802440.0,54494381560.0,일반회계,2009,93900000.0,국민권익위원회,553207000.0,0.0,0.0,0.0
,221754220000.0,410455401810.0,0.0,0.0,3540500000.0,-3540500000.0,13828887460.0,275498136610.0,국방·군사시설이전특별회계,2009,121128377740.0,국방부,188701181810.0,0.0,0.0,0.0
,20266306000000.0,20950875177450.0,63776856000.0,-63776856000.0,99010086000.0,-99010086000.0,192213250670.0,20123299271690.0,일반회계,2009,635362655090.0,국방부,648548633450.0,36020544000.0,0.0,0.0
,213034000000.0,274522821340.0,0.0,0.0,11691927000.0,-11691927000.0,18775016600.0,238589370440.0,주한미군기지이전특별회계,2009,17158434300.0,국방부,61488821340.0,0.0,0.0,0.0
,14451000000.0,14451000000.0,0.0,0.0,0.0,0.0,0.0,0.0,혁신도시건설특별회계,2009,14451000000.0,국방부,0.0,0.0,0.0,0.0
,1340283771000.0,1366022323400.0,0.0,0.0,10326416000.0,-10326416000.0,57951742170.0,1300741152420.0,일반회계,2009,7329428810.0,국세청,25738552400.0,0.0,0.0,0.0
,3402000000.0,3402000000.0,0.0,0.0,0.0,0.0,0.0,23434600.0,혁신도시건설특별회계,2009,3378565400.0,국세청,0.0,0.0,0.0,0.0
공항계정,97418000000.0,98319833120.0,0.0,0.0,449000000.0,-449000000.0,9234517190.0,88634095930.0,교통시설특별회계,2009,451220000.0,국토해양부,901833120.0,0.0,0.0,0.0
광역교통시설계정,1059282000000.0,1060124600000.0,0.0,0.0,13150000000.0,-13150000000.0,3029877060.0,1056655222940.0,교통시설특별회계,2009,439500000.0,국토해양부,842600000.0,0.0,0.0,0.0
대중교통계정,1741612000000.0,1741701583340.0,0.0,0.0,350000000.0,-350000000.0,2869303330.0,1738609989470.0,교통시설특별회계,2009,222290540.0,국토해양부,89583340.0,0.0,0.0,0.0
도로계정,9068408910000.0,9154231271710.0,32400176000.0,-32400176000.0,609824439000.0,-609824439000.0,25622655190.0,8940389091200.0,교통시설특별회계,2009,188219525320.0,국토해양부,85822361710.0,0.0,0.0,0.0
철도계정,3330344000000.0,3330867300000.0,267780000.0,-267780000.0,10083000000.0,-10083000000.0,21958433640.0,3308313751360.0,교통시설특별회계,2009,595115000.0,국토해양부,523300000.0,0.0,0.0,0.0
항만계정,1782900997000.0,1866531786470.0,127221000.0,-127221000.0,113488285000.0,-113488285000.0,71360080170.0,1697196794360.0,교통시설특별회계,2009,97974911940.0,국토해양부,83630789470.0,0.0,0.0,0.0
제주특별자치도계정,257828000000.0,257828000000.0,0.0,0.0,0.0,0.0,0.0,257828000000.0,국가균형발전특별회계,2009,0.0,국토해양부,0.0,0.0,0.0,0.0
지역개발사업계정,2472804000000.0,2573842312270.0,0.0,0.0,31248000000.0,-31248000000.0,9833077730.0,2559670778540.0,국가균형발전특별회계,2009,4338456000.0,국토해양부,28914670270.0,72123642000.0,0.0,0.0
지역혁신사업계정,30900000000.0,31086760000.0,0.0,0.0,0.0,0.0,433502720.0,30528257280.0,국가균형발전특별회계,2009,125000000.0,국토해양부,186760000.0,0.0,0.0,0.0
손익계정,26228940000.0,26228940000.0,0.0,0.0,7390000.0,-7390000.0,761094460.0,25467845540.0,대산지방해양항만청,2009,0.0,국토해양부,0.0,0.0,0.0,0.0
자본계정,63283435000.0,64488941400.0,0.0,0.0,0.0,0.0,2120038320.0,50300426360.0,대산지방해양항만청,2009,12068476720.0,국토해양부,1205506400.0,0.0,0.0,0.0
투자계정,27000000000.0,27000000000.0,0.0,0.0,0.0,0.0,683270.0,26999316730.0,에너지및자원사업특별회계,2009,0.0,국토해양부,0.0,0.0,0.0,0.0
,22502966530000.0,22567489135320.0,413707000.0,-413707000.0,407760800000.0,-407760800000.0,87865617700.0,22412119781770.0,일반회계,2009,67503735850.0,국토해양부,62992532320.0,1078000000.0,0.0,452073000.0
,156492022000.0,156628222000.0,0.0,0.0,0.0,0.0,3721786130.0,151025711470.0,혁신도시건설특별회계,2009,1880724400.0,국토해양부,136200000.0,0.0,0.0,0.0
,439533499000.0,454853849660.0,321732000.0,-321732000.0,3387642000.0,-3387642000.0,22050486900.0,400827138980.0,일반회계,2009,31976223780.0,국회,15289750660.0,1300000000.0,-1300000000.0,30600000.0
,2886807021000.0,2886807021000.0,488609000.0,-488609000.0,360531000.0,-360531000.0,2975378440.0,2883771742560.0,일반회계,2009,59900000.0,금융위원회,0.0,0.0,0.0,0.0
,223951121000.0,232290860480.0,603830000.0,-603830000.0,2208470000.0,-2208470000.0,4604956420.0,225505829130.0,일반회계,2009,2180074930.0,기상청,8339739480.0,0.0,0.0,0.0
,777000000.0,777000000.0,0.0,0.0,0.0,0.0,0.0,19007760.0,혁신도시건설특별회계,2009,757992240.0,기상청,0.0,0.0,0.0,0.0
,15808385447000.0,13146440969560.0,1182239000.0,-111275000.0,7083972000.0,-7083972000.0,1192862021610.0,11950429210990.0,일반회계,2009,3149736960.0,기획재정부,5635271560.0,444911186000.0,-3113561899000.0,0.0
제주특별자치도계정,5122000000.0,5122000000.0,0.0,0.0,0.0,0.0,0.0,5122000000.0,국가균형발전특별회계,2009,0.0,노동부,0.0,0.0,0.0,0.0
농어촌특별세사업계정,855000000.0,855000000.0,0.0,0.0,0.0,0.0,0.0,855000000.0,농어촌구조개선특별회계,2009,0.0,노동부,0.0,0.0,0.0,0.0
투자계정,60684000000.0,60684000000.0,0.0,0.0,7282000.0,-7282000.0,10391091050.0,50292908950.0,에너지및자원사업특별회계,2009,0.0,노동부,0.0,0.0,0.0,0.0
,1325651492000.0,1341925005750.0,7247935000.0,-7247935000.0,11430883000.0,-11430883000.0,78351014040.0,1222611345900.0,일반회계,2009,40962645810.0,노동부,16273513750.0,0.0,0.0,0.0
,305000000.0,305000000.0,0.0,0.0,305000000.0,-305000000.0,0.0,0.0,혁신도시건설특별회계,2009,305000000.0,노동부,0.0,0.0,0.0,0.0
제주특별자치도계정,105124000000.0,105124000000.0,0.0,0.0,0.0,0.0,0.0,105124000000.0,국가균형발전특별회계,2009,0.0,농림수산식품부,0.0,0.0,0.0,0.0
지역개발사업계정,1732889000000.0,1832976000000.0,0.0,0.0,0.0,0.0,1019750000.0,1831956250000.0,국가균형발전특별회계,2009,0.0,농림수산식품부,100087000000.0,0.0,0.0,0.0
지역혁신사업계정,50434000000.0,50434000000.0,0.0,0.0,0.0,0.0,24244660.0,50409755340.0,국가균형발전특별회계,2009,0.0,농림수산식품부,0.0,0.0,0.0,0.0
구조개선사업계정,3590988869000.0,3686296292270.0,439915000.0,-439915000.0,32059635000.0,-32059635000.0,122540791450.0,3401461124580.0,농어촌구조개선특별회계,2009,162294376240.0,농림수산식품부,95307423270.0,0.0,0.0,0.0
농어촌특별세사업계정,4024569000000.0,4072134025140.0,0.0,0.0,2449918000.0,-2449918000.0,240892152540.0,3824237371890.0,농어촌구조개선특별회계,2009,7004500710.0,농림수산식품부,47565025140.0,0.0,0.0,0.0
손익계정,1465811502000.0,1743226043980.0,0.0,0.0,0.0,0.0,247901554780.0,1344791984200.0,양곡관리특별회계,2009,150532505000.0,농림수산식품부,277414541980.0,0.0,0.0,0.0
자본계정,4000.0,4000.0,0.0,0.0,0.0,0.0,4000.0,0.0,양곡관리특별회계,2009,0.0,농림수산식품부,0.0,0.0,0.0,0.0
,4916255068000.0,4949613924699.0,3846928080.0,-407498000.0,18506083000.0,-18506083000.0,276284398704.0,4633860918500.0,일반회계,2009,39468607495.0,농림수산식품부,29892426619.0,0.0,0.0,27000000.0
,7769000000.0,10625363000.0,2856363000.0,0.0,0.0,0.0,0.0,0.0,혁신도시건설특별회계,2009,10625363000.0,농림수산식품부,0.0,0.0,0.0,0.0
제주특별자치도계정,5724000000.0,5724000000.0,0.0,0.0,0.0,0.0,0.0,5724000000.0,국가균형발전특별회계,2009,0.0,농촌진흥청,0.0,0.0,0.0,0.0
지역개발사업계정,24802000000.0,25802000000.0,0.0,0.0,0.0,0.0,0.0,25802000000.0,국가균형발전특별회계,2009,0.0,농촌진흥청,1000000000.0,0.0,0.0,0.0
지역혁신사업계정,23077000000.0,23077000000.0,0.0,0.0,0.0,0.0,0.0,23077000000.0,국가균형발전특별회계,2009,0.0,농촌진흥청,0.0,0.0,0.0,0.0
구조개선사업계정,66089000000.0,66089000000.0,0.0,0.0,675478000.0,-675478000.0,292631650.0,65796368350.0,농어촌구조개선특별회계,2009,0.0,농촌진흥청,0.0,0.0,0.0,0.0
,507811845000.0,504366481480.0,3527970000.0,-7217400080.0,20166537000.0,-20166537000.0,8582302160.0,495784179320.0,일반회계,2009,0.0,농촌진흥청,244066560.0,0.0,0.0,0.0
,29723000000.0,26866637000.0,0.0,-2856363000.0,0.0,0.0,0.0,1133233230.0,혁신도시건설특별회계,2009,25733403770.0,농촌진흥청,0.0,0.0,0.0,0.0
,223836413000.0,229674201700.0,0.0,0.0,240000000.0,-240000000.0,27023861500.0,192599410110.0,등기특별회계,2009,10050930090.0,대법원,5837788700.0,0.0,0.0,0.0
,1087368829000.0,1109362288600.0,0.0,0.0,3053000000.0,-3053000000.0,42245730940.0,1047193057370.0,일반회계,2009,19923500290.0,대법원,21993459600.0,0.0,0.0,0.0
,140209850000.0,149864022000.0,0.0,0.0,658000000.0,-658000000.0,11552103520.0,138109572080.0,일반회계,2009,202346400.0,대통령실,3006172000.0,6648000000.0,0.0,0.0
제주특별자치도계정,1000000000.0,1000000000.0,0.0,0.0,0.0,0.0,0.0,1000000000.0,국가균형발전특별회계,2009,0.0,문화재청,0.0,0.0,0.0,0.0
지역개발사업계정,32008000000.0,32943747000.0,0.0,0.0,0.0,0.0,0.0,32943747000.0,국가균형발전특별회계,2009,0.0,문화재청,935747000.0,0.0,0.0,0.0
,459517729000.0,470047284930.0,0.0,0.0,627095000.0,-627095000.0,9512528140.0,457236133780.0,일반회계,2009,3298623010.0,문화재청,8540433930.0,0.0,0.0,1989122000.0
제주특별자치도계정,9488000000.0,9488000000.0,0.0,0.0,0.0,0.0,131000000.0,9357000000.0,국가균형발전특별회계,2009,0.0,문화체육관광부,0.0,0.0,0.0,0.0
지역개발사업계정,488301200000.0,508951200000.0,0.0,0.0,0.0,0.0,5992400000.0,502958800000.0,국가균형발전특별회계,2009,0.0,문화체육관광부,20650000000.0,0.0,0.0,0.0
지역혁신사업계정,24730000000.0,24730000000.0,0.0,0.0,0.0,0.0,0.0,24730000000.0,국가균형발전특별회계,2009,0.0,문화체육관광부,0.0,0.0,0.0,0.0
,56882000000.0,74727077450.0,0.0,0.0,0.0,0.0,12087648290.0,32582737760.0,아시아문화중심도시조성특별회계,2009,30056691400.0,문화체육관광부,17845077450.0,0.0,0.0,0.0
,1155658873000.0,1210557893930.0,18090036000.0,-18090036000.0,11425015000.0,-11425015000.0,74878733290.0,1123677627990.0,일반회계,2009,12001532650.0,문화체육관광부,52216201930.0,1844247000.0,0.0,838572000.0
,16767673000.0,16767673000.0,0.0,0.0,24405000.0,-24405000.0,774693450.0,15992979550.0,일반회계,2009,0.0,민주평화통일자문회의,0.0,0.0,0.0,0.0
,318935494000.0,322041720120.0,135000000.0,-135000000.0,613228000.0,-613228000.0,12564101430.0,309477618690.0,일반회계,2009,0.0,방송통신위원회,3106226120.0,0.0,0.0,0.0
,1078000000.0,1078000000.0,0.0,0.0,0.0,0.0,0.0,516404700.0,혁신도시건설특별회계,2009,561595300.0,방송통신위원회,0.0,0.0,0.0,0.0
,8714014489000.0,9014611958060.0,66773999000.0,-66773999000.0,45668787210.0,-45668787210.0,38272791310.0,8809855046590.0,일반회계,2009,166484120160.0,방위사업청,300597469060.0,0.0,0.0,0.0
,45000000000.0,45000000000.0,0.0,0.0,5210000.0,-5210000.0,10625173630.0,34374826370.0,교도작업특별회계,2009,0.0,법무부,0.0,0.0,0.0,0.0
,2202597197000.0,2233167342190.0,70260971000.0,-70260971000.0,19576024000.0,-19576024000.0,27888760190.0,2183608086710.0,일반회계,2009,21670495290.0,법무부,24061362190.0,6508783000.0,0.0,0.0
,6720000000.0,6720000000.0,0.0,0.0,0.0,0.0,0.0,0.0,혁신도시건설특별회계,2009,6720000000.0,법무부,0.0,0.0,0.0,0.0
,21332586000.0,21332586000.0,0.0,0.0,139473000.0,-139473000.0,893620700.0,20438965300.0,일반회계,2009,0.0,법제처,0.0,0.0,0.0,0.0
,215066284000.0,215670929000.0,0.0,0.0,2927417000.0,-2927417000.0,9249977270.0,206420951730.0,일반회계,2009,0.0,병무청,604645000.0,0.0,0.0,0.0
,332000000.0,332000000.0,0.0,0.0,0.0,0.0,0.0,185628000.0,혁신도시건설특별회계,2009,146372000.0,병무청,0.0,0.0,0.0,0.0
제주특별자치도계정,2373000000.0,2373000000.0,0.0,0.0,0.0,0.0,0.0,2373000000.0,국가균형발전특별회계,2009,0.0,보건복지가족부,0.0,0.0,0.0,0.0
지역개발사업계정,35268000000.0,35443105000.0,0.0,0.0,0.0,0.0,19350000.0,35423755000.0,국가균형발전특별회계,2009,0.0,보건복지가족부,175105000.0,0.0,0.0,0.0
손익계정,10040877000.0,10040877000.0,0.0,0.0,325256000.0,-325256000.0,1024729540.0,9016147460.0,국립공주병원,2009,0.0,보건복지가족부,0.0,0.0,0.0,0.0
자본계정,3576673000.0,3656673000.0,0.0,0.0,0.0,0.0,14410250.0,3642262750.0,국립공주병원,2009,0.0,보건복지가족부,80000000.0,0.0,0.0,0.0
손익계정,13858776000.0,14726916000.0,0.0,0.0,452830000.0,-452830000.0,1060082010.0,13666833990.0,국립나주병원,2009,0.0,보건복지가족부,0.0,0.0,0.0,868140000.0
자본계정,4748500000.0,5226640000.0,0.0,0.0,0.0,0.0,68040550.0,3988178740.0,국립나주병원,2009,1170420710.0,보건복지가족부,0.0,0.0,0.0,478140000.0
손익계정,8759217000.0,8759217000.0,0.0,0.0,131376000.0,-131376000.0,867516610.0,7891700390.0,국립마산병원,2009,0.0,보건복지가족부,0.0,0.0,0.0,0.0
자본계정,1427472000.0,1427472000.0,0.0,0.0,0.0,0.0,26936910.0,1400535090.0,국립마산병원,2009,0.0,보건복지가족부,0.0,0.0,0.0,0.0
손익계정,5698632000.0,5965632000.0,0.0,0.0,314015000.0,-314015000.0,434806370.0,5530825630.0,국립목포병원,2009,0.0,보건복지가족부,0.0,0.0,0.0,267000000.0
자본계정,1791066000.0,1848066000.0,0.0,0.0,0.0,0.0,17713490.0,1486029360.0,국립목포병원,2009,344323150.0,보건복지가족부,0.0,0.0,0.0,57000000.0
손익계정,12744245000.0,13100042000.0,0.0,0.0,622160000.0,-622160000.0,1141119320.0,11958922680.0,국립부곡병원,2009,0.0,보건복지가족부,0.0,0.0,0.0,355797000.0
자본계정,2686000000.0,2787297000.0,0.0,0.0,0.0,0.0,15417640.0,921832620.0,국립부곡병원,2009,1850046740.0,보건복지가족부,0.0,0.0,0.0,101297000.0
손익계정,24070632000.0,25170632000.0,0.0,0.0,320646000.0,-320646000.0,2413272530.0,22757359470.0,국립서울병원,2009,0.0,보건복지가족부,0.0,0.0,0.0,1100000000.0
자본계정,2125000000.0,3825010860.0,0.0,0.0,0.0,0.0,1624575280.0,2200435580.0,국립서울병원,2009,0.0,보건복지가족부,1657010860.0,0.0,0.0,43000000.0
손익계정,71546174000.0,71598245000.0,0.0,0.0,4863000000.0,-4863000000.0,1962036860.0,69636208140.0,국립의료원,2009,0.0,보건복지가족부,52071000.0,0.0,0.0,0.0
자본계정,5626000000.0,6122830710.0,0.0,0.0,500000000.0,-500000000.0,99742820.0,5362677890.0,국립의료원,2009,660410000.0,보건복지가족부,496830710.0,0.0,0.0,0.0
손익계정,19769160000.0,20557560000.0,0.0,0.0,488500000.0,-488500000.0,1898079280.0,18659480720.0,국립재활원,2009,0.0,보건복지가족부,22000000.0,0.0,0.0,766400000.0
자본계정,20328128000.0,34943395210.0,0.0,0.0,0.0,0.0,4802286260.0,16488854450.0,국립재활원,2009,13652254500.0,보건복지가족부,14547267210.0,0.0,0.0,68000000.0
손익계정,8981007000.0,8981007000.0,0.0,0.0,451782000.0,-451782000.0,747341510.0,8233665490.0,국립춘천병원,2009,0.0,보건복지가족부,0.0,0.0,0.0,0.0
자본계정,5333576000.0,5333576000.0,0.0,0.0,0.0,0.0,139478230.0,5194097770.0,국립춘천병원,2009,0.0,보건복지가족부,0.0,0.0,0.0,0.0
농어촌특별세사업계정,77487000000.0,77487000000.0,0.0,0.0,0.0,0.0,196800000.0,77290200000.0,농어촌구조개선특별회계,2009,0.0,보건복지가족부,0.0,0.0,0.0,0.0
투자계정,110500000000.0,110500000000.0,0.0,0.0,119602000.0,-119602000.0,25777794310.0,84722205690.0,에너지및자원사업특별회계,2009,0.0,보건복지가족부,0.0,0.0,0.0,0.0
,19451104250000.0,19801437210550.0,149776958000.0,-149776958000.0,58171066000.0,-58171066000.0,336855608070.0,19216625838710.0,일반회계,2009,247955763770.0,보건복지가족부,82207505550.0,267915455000.0,0.0,210000000.0
제주특별자치도계정,5564815000.0,5564815000.0,0.0,0.0,0.0,0.0,0.0,5564815000.0,국가균형발전특별회계,2009,0.0,산림청,0.0,0.0,0.0,0.0
지역개발사업계정,211592980000.0,216034184000.0,0.0,0.0,0.0,0.0,936000.0,216033248000.0,국가균형발전특별회계,2009,0.0,산림청,4112204000.0,329000000.0,0.0,0.0
손익계정,16434487000.0,16434487000.0,0.0,0.0,21358000.0,-21358000.0,1060273470.0,15374213530.0,국립자연휴양림관리소,2009,0.0,산림청,0.0,0.0,0.0,0.0
자본계정,15881000000.0,16023122010.0,0.0,0.0,0.0,0.0,8199270.0,16014922740.0,국립자연휴양림관리소,2009,0.0,산림청,142122010.0,0.0,0.0,0.0
임업진흥사업계정,722291999000.0,722953649000.0,0.0,0.0,0.0,0.0,9452492020.0,712576013980.0,농어촌구조개선특별회계,2009,925143000.0,산림청,661650000.0,0.0,0.0,0.0
,1287644554000.0,1333173023680.0,4241538000.0,-4241538000.0,1215910000.0,-1215910000.0,7944190520.0,1310675974360.0,일반회계,2009,14552858800.0,산림청,15567469680.0,29961000000.0,0.0,0.0
,8139000000.0,8139000000.0,0.0,0.0,0.0,0.0,71260.0,7399437040.0,혁신도시건설특별회계,2009,739491700.0,산림청,0.0,0.0,0.0,0.0
제주특별자치도계정,20683000000.0,20683000000.0,0.0,0.0,0.0,0.0,0.0,20683000000.0,국가균형발전특별회계,2009,0.0,소방방재청,0.0,0.0,0.0,0.0
지역개발사업계정,344101000000.0,349453689000.0,0.0,0.0,0.0,0.0,0.0,349453689000.0,국가균형발전특별회계,2009,0.0,소방방재청,5352689000.0,0.0,0.0,0.0
농어촌특별세사업계정,190171000000.0,190171000000.0,0.0,0.0,0.0,0.0,0.0,190171000000.0,농어촌구조개선특별회계,2009,0.0,소방방재청,0.0,0.0,0.0,0.0
,135877344000.0,291990486200.0,1324769000.0,-1324769000.0,1297883000.0,-1297883000.0,3054065360.0,285204437700.0,일반회계,2009,3731983140.0,소방방재청,3792619200.0,152320523000.0,0.0,0.0
,5411607000.0,5411607000.0,0.0,0.0,0.0,0.0,18359570.0,102268530.0,혁신도시건설특별회계,2009,5290978900.0,소방방재청,0.0,0.0,0.0,0.0
,207950415000.0,214086118140.0,291307000.0,-291307000.0,3959829000.0,-3959829000.0,6272738320.0,200795784780.0,일반회계,2009,7017595040.0,식품의약품안전청,6135703140.0,0.0,0.0,0.0
,86046977000.0,86682977000.0,0.0,0.0,374699000.0,-374699000.0,1389507870.0,85264138130.0,일반회계,2009,29331000.0,여성부,636000000.0,0.0,0.0,0.0
,1317103038000.0,1430959480750.0,16873962000.0,-17075651250.0,37540605000.0,-37540605000.0,4646708720.0,1425633169490.0,일반회계,2009,679602540.0,외교통상부,1120429000.0,99209363000.0,0.0,13728340000.0
손익계정,181668834000.0,182987664920.0,0.0,0.0,227000000.0,-227000000.0,7104571360.0,175006806810.0,조달특별회계,2009,876286750.0,조달청,1318830920.0,0.0,0.0,0.0
자본계정,113068391000.0,119063766480.0,0.0,0.0,0.0,0.0,1312666190.0,117686075980.0,조달특별회계,2009,65024310.0,조달청,5995375480.0,0.0,0.0,0.0
,1165000000.0,1165000000.0,0.0,0.0,0.0,0.0,269086170.0,562901630.0,혁신도시건설특별회계,2009,333012200.0,조달청,0.0,0.0,0.0,0.0
제주특별자치도계정,4514000000.0,4514000000.0,0.0,0.0,0.0,0.0,0.0,4514000000.0,국가균형발전특별회계,2009,0.0,중소기업청,0.0,0.0,0.0,0.0
지역개발사업계정,171700000000.0,176563000000.0,0.0,0.0,0.0,0.0,0.0,176563000000.0,국가균형발전특별회계,2009,0.0,중소기업청,4863000000.0,0.0,0.0,0.0
지역혁신사업계정,193360000000.0,193360000000.0,0.0,0.0,46000000.0,-46000000.0,65519090.0,193294480910.0,국가균형발전특별회계,2009,0.0,중소기업청,0.0,0.0,0.0,0.0
,4944905405000.0,4945519405000.0,0.0,0.0,4025863000.0,-4025863000.0,6651571500.0,4938867833500.0,일반회계,2009,0.0,중소기업청,614000000.0,0.0,0.0,0.0
,216036128000.0,226401043000.0,596280000.0,-596280000.0,2031682000.0,-2031682000.0,7390128100.0,219010914900.0,일반회계,2009,0.0,중앙선거관리위원회,427230000.0,10410548000.0,-472863000.0,0.0
제주특별자치도계정,1725000000.0,1725000000.0,0.0,0.0,0.0,0.0,0.0,1725000000.0,국가균형발전특별회계,2009,0.0,지식경제부,0.0,0.0,0.0,0.0
지역개발사업계정,75523000000.0,75523000000.0,0.0,0.0,0.0,0.0,1700000000.0,73823000000.0,국가균형발전특별회계,2009,0.0,지식경제부,0.0,0.0,0.0,0.0
지역혁신사업계정,1009553000000.0,1009953000000.0,400000000.0,0.0,400000000.0,-400000000.0,0.0,1009953000000.0,국가균형발전특별회계,2009,0.0,지식경제부,0.0,0.0,0.0,0.0
융자및유가완충계정,1141190000000.0,1141190000000.0,0.0,0.0,0.0,0.0,43382410000.0,1097807590000.0,에너지및자원사업특별회계,2009,0.0,지식경제부,0.0,0.0,0.0,0.0
투자계정,2285195000000.0,2285846090000.0,0.0,0.0,414000000.0,-414000000.0,32094160530.0,2253191429470.0,에너지및자원사업특별회계,2009,560500000.0,지식경제부,651090000.0,0.0,0.0,0.0
,570055000000.0,570104750000.0,0.0,0.0,0.0,0.0,25798732010.0,544090517990.0,우체국보험특별회계,2009,215500000.0,지식경제부,49750000.0,0.0,0.0,0.0
손익계정,1896414000000.0,2490716000000.0,0.0,0.0,0.0,0.0,78939433840.0,2411727066160.0,우체국예금특별회계,2009,49500000.0,지식경제부,33000000.0,0.0,0.0,594269000000.0
자본계정,15521000000.0,15521000000.0,0.0,0.0,0.0,0.0,616109810.0,14904890190.0,우체국예금특별회계,2009,0.0,지식경제부,0.0,0.0,0.0,0.0
손익계정,3081287358000.0,3081311475500.0,21233995000.0,-21233995000.0,27082347000.0,-27082347000.0,165328993240.0,2915974232260.0,우편사업특별회계,2009,8250000.0,지식경제부,24117500.0,0.0,0.0,0.0
자본계정,253027000000.0,265823578880.0,0.0,0.0,0.0,0.0,5241949820.0,253990510930.0,우편사업특별회계,2009,6591118130.0,지식경제부,12796578880.0,0.0,0.0,0.0
,4258436802000.0,4264837086440.0,146275000.0,-649627000.0,10618746000.0,-10618746000.0,18924770830.0,4235806690600.0,일반회계,2009,10105625010.0,지식경제부,6903636440.0,0.0,0.0,0.0
,4035000000.0,4035000000.0,0.0,0.0,0.0,0.0,71496050.0,86886890.0,혁신도시건설특별회계,2009,3876617060.0,지식경제부,0.0,0.0,0.0,0.0
,17789161000.0,19384958900.0,0.0,0.0,16000000.0,-16000000.0,2271987400.0,17112971500.0,일반회계,2009,0.0,진실·화해를위한과거사정리위원회,1595797900.0,0.0,0.0,0.0
,8389103000.0,7540558350.0,0.0,-848544650.0,80000000.0,-80000000.0,0.0,7540558350.0,일반회계,2009,0.0,친일반민족행위진상규명위원회,0.0,0.0,0.0,0.0
,224626416000.0,228787202700.0,0.0,0.0,92875011810.0,-92875011810.0,14162901590.0,214624301110.0,일반회계,2009,0.0,통계청,2419408700.0,0.0,0.0,1741378000.0
,471528741000.0,479453255900.0,356000000.0,-356000000.0,857020000.0,-857020000.0,352688656180.0,126764599720.0,일반회계,2009,0.0,통일부,208557900.0,7715957000.0,0.0,0.0
,0.0,2503679000.0,0.0,0.0,30000000.0,-30000000.0,261698450.0,2241980550.0,일반회계,2009,0.0,특임장관실,0.0,2503679000.0,0.0,0.0
손익계정,371840000000.0,374258179900.0,0.0,0.0,1144604000.0,-1144604000.0,48059690360.0,326198489540.0,특허청,2009,0.0,특허청,2397329900.0,0.0,0.0,20850000.0
자본계정,2835000000.0,2835000000.0,0.0,0.0,120000000.0,-120000000.0,43731260.0,2791268740.0,특허청,2009,0.0,특허청,0.0,0.0,0.0,0.0
,844781474000.0,856842309700.0,5493641000.0,-5493641000.0,1094302000.0,-1094302000.0,22558690140.0,832641916340.0,일반회계,2009,1641703220.0,해양경찰청,12060835700.0,0.0,0.0,0.0
,16513000000.0,16513000000.0,0.0,0.0,0.0,0.0,0.0,487413640.0,혁신도시건설특별회계,2009,16025586360.0,해양경찰청,0.0,0.0,0.0,0.0
제주특별자치도계정,70000000.0,70000000.0,0.0,0.0,0.0,0.0,0.0,70000000.0,국가균형발전특별회계,2009,0.0,행정안전부,0.0,0.0,0.0,0.0
지역개발사업계정,446399000000.0,467639783000.0,0.0,0.0,0.0,0.0,0.0,467639783000.0,국가균형발전특별회계,2009,0.0,행정안전부,21240783000.0,0.0,0.0,0.0
지역혁신사업계정,35935000000.0,35675600000.0,0.0,-400000000.0,0.0,0.0,2124805030.0,33148194970.0,국가균형발전특별회계,2009,402600000.0,행정안전부,140600000.0,0.0,0.0,0.0
,31196597706000.0,33180606323170.0,11587063650.0,-8192167000.0,20225568000.0,-20225568000.0,338161117410.0,32832629701210.0,일반회계,2009,9815504550.0,행정안전부,63610912520.0,1914346690000.0,0.0,2656118000.0
,9514424000.0,9514424000.0,0.0,0.0,0.0,0.0,0.0,0.0,혁신도시건설특별회계,2009,9514424000.0,행정안전부,0.0,0.0,0.0,0.0
,577087437000.0,577087437000.0,0.0,0.0,0.0,0.0,0.0,577087437000.0,일반회계,2009,0.0,행정중심복합도시건설청,0.0,0.0,0.0,0.0
,577087437000.0,585817849980.0,0.0,0.0,124144020000.0,-124144020000.0,20994774200.0,528214412370.0,행정중심복합도시건설특별회계,2009,36608663410.0,행정중심복합도시건설청,8730412980.0,0.0,0.0,0.0
,23591305000.0,23749225000.0,0.0,0.0,199499000.0,-199499000.0,969036960.0,22780188040.0,일반회계,2009,0.0,헌법재판소,157920000.0,25000000.0,-25000000.0,0.0
제주특별자치도계정,20253000000.0,20253000000.0,0.0,0.0,0.0,0.0,0.0,20253000000.0,국가균형발전특별회계,2009,0.0,환경부,0.0,0.0,0.0,0.0
지역개발사업계정,501735000000.0,542481533000.0,0.0,0.0,0.0,0.0,0.0,542481533000.0,국가균형발전특별회계,2009,0.0,환경부,31086000000.0,9660533000.0,0.0,0.0
지역혁신사업계정,7800000000.0,7800000000.0,0.0,0.0,0.0,0.0,0.0,7800000000.0,국가균형발전특별회계,2009,0.0,환경부,0.0,0.0,0.0,0.0
농어촌특별세사업계정,112815000000.0,113215000000.0,0.0,0.0,0.0,0.0,0.0,113215000000.0,농어촌구조개선특별회계,2009,0.0,환경부,400000000.0,0.0,0.0,0.0
,2788712682000.0,2796743260000.0,0.0,0.0,0.0,0.0,0.0,2796743260000.0,일반회계,2009,0.0,환경부,0.0,8030578000.0,0.0,0.0
,4117170682000.0,4223327328010.0,3739716000.0,-5171577000.0,10381985000.0,-10381985000.0,17590059450.0,3989166809540.0,환경개선특별회계,2009,216570459020.0,환경부,99299019010.0,8030578000.0,0.0,258910000.0
,85107996000.0,85644569620.0,0.0,0.0,448500000.0,-448500000.0,5687388730.0,79834587650.0,일반회계,2008,122593240.0,감사원,536573620.0,0.0,0.0,0.0
공항계정,221682000000.0,23728268280.0,0.0,-199717108970.0,0.0,0.0,0.0,23728268280.0,교통시설특별회계,2008,0.0,건설교통부,1763377250.0,0.0,0.0,0.0
광역교통시설계정,686550000000.0,0.0,0.0,-686550000000.0,0.0,0.0,0.0,0.0,교통시설특별회계,2008,0.0,건설교통부,0.0,0.0,0.0,0.0
대중교통계정,1367490000000.0,0.0,0.0,-1367490000000.0,0.0,0.0,0.0,0.0,교통시설특별회계,2008,0.0,건설교통부,0.0,0.0,0.0,0.0
도로계정,6975636661000.0,589455302910.0,0.0,-6494062347050.0,9253000000.0,-9253000000.0,0.0,589455302910.0,교통시설특별회계,2008,0.0,건설교통부,107880988960.0,0.0,0.0,0.0
철도계정,2253670000000.0,176062067740.0,0.0,-2079296826260.0,0.0,0.0,0.0,176062067740.0,교통시설특별회계,2008,0.0,건설교통부,1688894000.0,0.0,0.0,0.0
제주특별자치도계정,144503000000.0,4485000000.0,0.0,-140018000000.0,0.0,0.0,0.0,4485000000.0,국가균형발전특별회계,2008,0.0,건설교통부,0.0,0.0,0.0,0.0
지역개발사업계정,2051686334000.0,94462260260.0,0.0,-2021261435420.0,0.0,0.0,0.0,94462260260.0,국가균형발전특별회계,2008,0.0,건설교통부,64037361680.0,0.0,0.0,0.0
지역혁신사업계정,26270000000.0,206507870.0,0.0,-26583942130.0,0.0,0.0,0.0,206507870.0,국가균형발전특별회계,2008,0.0,건설교통부,520450000.0,0.0,0.0,0.0
,14933483847000.0,1760636113320.0,0.0,-13225011662190.0,114118000.0,-114118000.0,0.0,1760636113320.0,일반회계,2008,0.0,건설교통부,52163928510.0,0.0,0.0,0.0
,111300000000.0,6448200.0,0.0,-111293551800.0,0.0,0.0,0.0,6448200.0,혁신도시건설특별회계,2008,0.0,건설교통부,0.0,0.0,0.0,0.0
손익계정,56906605000.0,60389000760.0,0.0,0.0,456120000.0,-456120000.0,3818155870.0,56133013210.0,경찰병원,2008,437831680.0,경찰청,1829395760.0,0.0,0.0,1653000000.0
자본계정,1497200000.0,9533172750.0,0.0,0.0,0.0,0.0,139761890.0,9369914860.0,경찰병원,2008,23496000.0,경찰청,8035972750.0,0.0,0.0,0.0
제주특별자치도계정,2963000000.0,2963000000.0,0.0,0.0,0.0,0.0,0.0,2963000000.0,국가균형발전특별회계,2008,0.0,경찰청,0.0,0.0,0.0,0.0
지역개발사업계정,29700000000.0,29700000000.0,0.0,0.0,0.0,0.0,0.0,29017280000.0,국가균형발전특별회계,2008,682720000.0,경찰청,0.0,0.0,0.0,0.0
손익계정,82439000000.0,82439000000.0,0.0,0.0,677000000.0,-677000000.0,8727410610.0,73711589390.0,운전면허시험관리단,2008,0.0,경찰청,0.0,0.0,0.0,0.0
자본계정,3443000000.0,3443000000.0,0.0,0.0,0.0,0.0,1698644690.0,1600835310.0,운전면허시험관리단,2008,143520000.0,경찰청,0.0,0.0,0.0,0.0
,6828988610000.0,6882980121552.0,349151000.0,-349151000.0,63824387000.0,-63824387000.0,186027246252.0,6631154693790.0,일반회계,2008,65798181510.0,경찰청,49643511552.0,4348000000.0,0.0,0.0
,66950492000.0,67576331000.0,1093554000.0,-487637000.0,2734225000.0,-2734225000.0,1147056890.0,66429274110.0,일반회계,2008,0.0,공정거래위원회,19922000.0,0.0,0.0,0.0
지역혁신사업계정,74820000000.0,10800000000.0,0.0,-64020000000.0,0.0,0.0,0.0,10800000000.0,국가균형발전특별회계,2008,0.0,과학기술부,0.0,0.0,0.0,0.0
손익계정,14071000000.0,1563155030.0,0.0,-12507844970.0,0.0,0.0,0.0,1563155030.0,국립중앙과학관,2008,0.0,과학기술부,0.0,0.0,0.0,0.0
자본계정,7105000000.0,658003810.0,0.0,-7011132920.0,0.0,0.0,0.0,658003810.0,국립중앙과학관,2008,0.0,과학기술부,564136730.0,0.0,0.0,0.0
투자계정,181370000000.0,37897861000.0,0.0,-143472139000.0,0.0,0.0,0.0,37897861000.0,에너지및자원사업특별회계,2008,0.0,과학기술부,0.0,0.0,0.0,0.0
,2282661211000.0,375416181480.0,0.0,-1907568062520.0,0.0,0.0,0.0,375416181480.0,일반회계,2008,0.0,과학기술부,323033000.0,0.0,0.0,0.0
,378933758000.0,384684987000.0,410473000.0,-410473000.0,7505701000.0,-7505701000.0,16456095660.0,362188373570.0,일반회계,2008,6040517770.0,관세청,5751229000.0,0.0,0.0,0.0
지역혁신사업계정,0.0,577120000000.0,577120000000.0,0.0,0.0,0.0,6682000000.0,570438000000.0,국가균형발전특별회계,2008,0.0,교육과학기술부,0.0,0.0,0.0,0.0
손익계정,0.0,36364158020.0,31870927020.0,0.0,457866000.0,-457866000.0,7015474320.0,29328473700.0,국립국제교육원,2008,20210000.0,교육과학기술부,0.0,0.0,0.0,4493231000.0
자본계정,0.0,138752000.0,138752000.0,0.0,0.0,0.0,15024050.0,123727950.0,국립국제교육원,2008,0.0,교육과학기술부,0.0,0.0,0.0,0.0
손익계정,0.0,12507844970.0,12507844970.0,0.0,0.0,0.0,2230698630.0,10277146340.0,국립중앙과학관,2008,0.0,교육과학기술부,0.0,0.0,0.0,0.0
자본계정,0.0,7011132920.0,7093902920.0,-82770000.0,0.0,0.0,1245116640.0,5766016280.0,국립중앙과학관,2008,0.0,교육과학기술부,0.0,0.0,0.0,0.0
투자계정,0.0,53297193000.0,53297193000.0,0.0,0.0,0.0,0.0,53297193000.0,에너지및자원사업특별회계,2008,0.0,교육과학기술부,0.0,0.0,0.0,0.0
,519709000000.0,29940788140230.0,29437898341230.0,-24944959000.0,152959111000.0,-152959111000.0,95132618020.0,29806143593500.0,일반회계,2008,39511928710.0,교육과학기술부,0.0,1725000000.0,0.0,6400758000.0
지역혁신사업계정,543300000000.0,8800000000.0,0.0,-539300000000.0,0.0,0.0,0.0,8800000000.0,국가균형발전특별회계,2008,0.0,교육인적자원부,4800000000.0,0.0,0.0,0.0
손익계정,34984396000.0,3834292980.0,0.0,-31870927020.0,0.0,0.0,0.0,3834292980.0,국립국제교육원,2008,0.0,교육인적자원부,37300000.0,0.0,0.0,683524000.0
자본계정,150000000.0,11248000.0,0.0,-138752000.0,0.0,0.0,0.0,11248000.0,국립국제교육원,2008,0.0,교육인적자원부,0.0,0.0,0.0,0.0
,35318990616000.0,7601669386760.0,22315808000.0,-27759663628410.0,516112000.0,-516112000.0,0.0,7601669386760.0,일반회계,2008,0.0,교육인적자원부,20026591170.0,0.0,0.0,0.0
제주특별자치도계정,1070100000.0,1070100000.0,0.0,0.0,0.0,0.0,0.0,1070100000.0,국가균형발전특별회계,2008,0.0,국가보훈처,0.0,0.0,0.0,0.0
투자계정,34180000000.0,34180000000.0,0.0,0.0,0.0,0.0,0.0,34180000000.0,에너지및자원사업특별회계,2008,0.0,국가보훈처,0.0,0.0,0.0,0.0
,2975230330000.0,2988130924850.0,40938000000.0,-40938000000.0,78821689000.0,-78821689000.0,9412432150.0,2976845059470.0,일반회계,2008,1873433230.0,국가보훈처,12500491850.0,400103000.0,0.0,0.0
,2451726000.0,306214970.0,0.0,-2145511030.0,0.0,0.0,479810.0,305735160.0,일반회계,2008,0.0,국가안전보장회의,0.0,0.0,0.0,0.0
,23349382000.0,23496442000.0,0.0,0.0,722000000.0,-722000000.0,1159551570.0,22056587430.0,일반회계,2008,280303000.0,국가인권위원회,147060000.0,0.0,0.0,0.0
,476616657000.0,484734137000.0,0.0,0.0,0.0,0.0,15649084430.0,467835084320.0,일반회계,2008,1249968250.0,국가정보원,8117480000.0,0.0,0.0,0.0
,25126416000.0,3363351670.0,0.0,-21763064330.0,0.0,0.0,4394510.0,3358957160.0,일반회계,2008,0.0,국가청렴위원회,0.0,0.0,0.0,0.0
제주특별자치도계정,1120000000.0,0.0,0.0,-1120000000.0,0.0,0.0,0.0,0.0,국가균형발전특별회계,2008,0.0,국가청소년위원회,0.0,0.0,0.0,0.0
지역개발사업계정,38131000000.0,0.0,0.0,-38131000000.0,0.0,0.0,0.0,0.0,국가균형발전특별회계,2008,0.0,국가청소년위원회,0.0,0.0,0.0,0.0
,27804791000.0,4569779140.0,0.0,-34459415660.0,0.0,0.0,5187360.0,4564591780.0,일반회계,2008,0.0,국가청소년위원회,11224403800.0,0.0,0.0,0.0
투자계정,6881000000.0,6881000000.0,0.0,0.0,0.0,0.0,0.0,6881000000.0,에너지및자원사업특별회계,2008,0.0,국무총리실,0.0,0.0,0.0,0.0
,356218335000.0,347108361570.0,7998793570.0,-21694548000.0,3324312000.0,-3324312000.0,5006798580.0,342003562990.0,일반회계,2008,98000000.0,국무총리실,443000000.0,4142781000.0,0.0,0.0
,2328703000.0,333715000.0,0.0,-1994988000.0,0.0,0.0,67100810.0,266614190.0,일반회계,2008,0.0,국민경제자문회의,0.0,0.0,0.0,0.0
,27367861000.0,4287152530.0,0.0,-23080708470.0,0.0,0.0,0.0,4287152530.0,일반회계,2008,0.0,국민고충처리위원회,0.0,0.0,0.0,0.0
,0.0,48430361210.0,48430361210.0,0.0,1322683000.0,-1322683000.0,5844940280.0,42032213930.0,일반회계,2008,553207000.0,국민권익위원회,0.0,0.0,0.0,0.0
,327471000000.0,432279177190.0,0.0,0.0,17151915000.0,-17151915000.0,43654324160.0,199923671220.0,국방·군사시설이전특별회계,2008,188701181810.0,국방부,104808177190.0,0.0,0.0,0.0
손익계정,26585000000.0,26605414710.0,0.0,0.0,30000000.0,-30000000.0,1251514070.0,25337117100.0,국방홍보원,2008,16783540.0,국방부,20414710.0,0.0,0.0,0.0
자본계정,1150000000.0,1150000000.0,0.0,0.0,0.0,0.0,166437730.0,983562270.0,국방홍보원,2008,0.0,국방부,0.0,0.0,0.0,0.0
,18967714778000.0,19519656830530.0,185370906000.0,-185370906000.0,86692411000.0,-86692411000.0,102212836700.0,18768912143920.0,일반회계,2008,648531849910.0,국방부,551942052530.0,0.0,0.0,0.0
,262852704000.0,324332679140.0,0.0,0.0,0.0,0.0,61555076690.0,201288781110.0,주한미군기지이전특별회계,2008,61488821340.0,국방부,61479975140.0,0.0,0.0,0.0
,1372898560000.0,1387354154770.0,0.0,0.0,27544723000.0,-27544723000.0,121984809670.0,1239630792700.0,일반회계,2008,25738552400.0,국세청,14455594770.0,0.0,0.0,0.0
,62089058000.0,8386306000.0,0.0,-53702752000.0,0.0,0.0,41135020.0,8345170980.0,일반회계,2008,0.0,국정홍보처,0.0,0.0,0.0,0.0
공항계정,0.0,199717108970.0,199717108970.0,0.0,240238000.0,-240238000.0,70845968940.0,127969306910.0,교통시설특별회계,2008,901833120.0,국토해양부,0.0,0.0,0.0,0.0
광역교통시설계정,92000000000.0,778550000000.0,686550000000.0,0.0,39046000000.0,-39046000000.0,73492130.0,777633907870.0,교통시설특별회계,2008,842600000.0,국토해양부,0.0,0.0,0.0,0.0
대중교통계정,99000000000.0,1466490000000.0,1367490400000.0,-400000.0,5500000000.0,-5500000000.0,180090700.0,1466220325960.0,교통시설특별회계,2008,89583340.0,국토해양부,0.0,0.0,0.0,0.0
도로계정,359800000000.0,6853862347050.0,6498069716050.0,-4007369000.0,387253016000.0,-387253016000.0,7286803250.0,6760753182090.0,교통시설특별회계,2008,85822361710.0,국토해양부,0.0,0.0,0.0,0.0
철도계정,140900000000.0,2220196826260.0,2079296826260.0,0.0,6703437000.0,-6703437000.0,2425532840.0,2217247993420.0,교통시설특별회계,2008,523300000.0,국토해양부,0.0,0.0,0.0,0.0
항만계정,12100000000.0,1622694110140.0,1610678724140.0,-84614000.0,152645669000.0,-152645669000.0,21156483080.0,1517906837590.0,교통시설특별회계,2008,83630789470.0,국토해양부,0.0,0.0,0.0,0.0
제주특별자치도계정,8350000000.0,204813100000.0,196463100000.0,0.0,0.0,0.0,0.0,204813100000.0,국가균형발전특별회계,2008,0.0,국토해양부,0.0,0.0,0.0,0.0
지역개발사업계정,139762000000.0,2166610435420.0,2026848435420.0,0.0,36158282000.0,-36158282000.0,21748838530.0,2115946926620.0,국가균형발전특별회계,2008,28914670270.0,국토해양부,0.0,0.0,0.0,0.0
지역혁신사업계정,0.0,30883942130.0,30883942130.0,0.0,0.0,0.0,933432290.0,29763749840.0,국가균형발전특별회계,2008,186760000.0,국토해양부,0.0,0.0,0.0,0.0
구조개선사업계정,0.0,950000000.0,950000000.0,0.0,0.0,0.0,214922010.0,735077990.0,농어촌구조개선특별회계,2008,0.0,국토해양부,0.0,0.0,0.0,0.0
농어촌특별세사업계정,0.0,1800000000.0,1800000000.0,0.0,0.0,0.0,320913570.0,1479086430.0,농어촌구조개선특별회계,2008,0.0,국토해양부,0.0,0.0,0.0,0.0
손익계정,0.0,25428627970.0,25555563970.0,-141786000.0,10295000.0,-10295000.0,2011248680.0,23417379290.0,대산지방해양항만청,2008,0.0,국토해양부,0.0,0.0,0.0,14850000.0
자본계정,0.0,44375316290.0,44375316290.0,0.0,0.0,0.0,19672995650.0,23496814240.0,대산지방해양항만청,2008,1205506400.0,국토해양부,0.0,0.0,0.0,0.0
투자계정,0.0,30000000000.0,30000000000.0,0.0,0.0,0.0,5431210300.0,24568789700.0,에너지및자원사업특별회계,2008,0.0,국토해양부,0.0,0.0,0.0,0.0
,803830221000.0,15674016211224.0,14850973061224.0,-3120386000.0,141442827000.0,-141442827000.0,107439535504.0,15503584143400.0,일반회계,2008,62992532320.0,국토해양부,0.0,21814756000.0,0.0,518559000.0
,0.0,111293551800.0,111293551800.0,0.0,0.0,0.0,446872310.0,110710479490.0,혁신도시건설특별회계,2008,136200000.0,국토해양부,0.0,0.0,0.0,0.0
,421066329000.0,425144891580.0,0.0,0.0,3075692000.0,-3075692000.0,27027393410.0,382827747510.0,일반회계,2008,15289750660.0,국회,4050792580.0,1300000000.0,-1300000000.0,27770000.0
,0.0,303731402060.0,104051583060.0,-320181000.0,929791000.0,-929791000.0,2417104350.0,301314297710.0,일반회계,2008,0.0,금융위원회,0.0,200000000000.0,0.0,0.0
,200004034000.0,201631325430.0,1893254000.0,-1893254000.0,4003092000.0,-4003092000.0,2102581940.0,191189004010.0,일반회계,2008,8339739480.0,기상청,1627291430.0,0.0,0.0,0.0
,7034568343000.0,1670357303740.0,0.0,-5314148870990.0,0.0,0.0,0.0,1670357303740.0,일반회계,2008,0.0,기획예산처,5361473730.0,95259700000.0,-150683342000.0,0.0
,199481000000.0,8668190333500.0,8885887966500.0,-80039000.0,7341882000.0,-7341882000.0,1612048987740.0,7050506074200.0,일반회계,2008,5635271560.0,기획재정부,0.0,347622583000.0,-764721177000.0,0.0
제주특별자치도계정,4552725000.0,4552725000.0,0.0,0.0,0.0,0.0,0.0,4552725000.0,국가균형발전특별회계,2008,0.0,노동부,0.0,0.0,0.0,0.0
농어촌특별세사업계정,1299729000.0,1299729000.0,0.0,0.0,0.0,0.0,0.0,1299729000.0,농어촌구조개선특별회계,2008,0.0,노동부,0.0,0.0,0.0,0.0
투자계정,53717077000.0,53717077000.0,0.0,0.0,62385000.0,-62385000.0,16851780.0,53700225220.0,에너지및자원사업특별회계,2008,0.0,노동부,0.0,0.0,0.0,0.0
,894427397000.0,906422906206.0,0.0,0.0,26224438000.0,-26224438000.0,30910997226.0,859238395230.0,일반회계,2008,16273513750.0,노동부,11995509206.0,0.0,0.0,0.0
제주특별자치도계정,64914013000.0,0.0,0.0,-64914013000.0,0.0,0.0,0.0,0.0,국가균형발전특별회계,2008,0.0,농림부,0.0,0.0,0.0,0.0
지역개발사업계정,1501181900000.0,169396000000.0,0.0,-1514758900000.0,0.0,0.0,0.0,169396000000.0,국가균형발전특별회계,2008,0.0,농림부,182973000000.0,0.0,0.0,0.0
지역혁신사업계정,23000000000.0,438200.0,0.0,-24418311800.0,0.0,0.0,0.0,438200.0,국가균형발전특별회계,2008,0.0,농림부,1418750000.0,0.0,0.0,0.0
구조개선사업계정,3404062898000.0,386258607820.0,0.0,-3291176553050.0,0.0,0.0,0.0,386258607820.0,농어촌구조개선특별회계,2008,0.0,농림부,273372262870.0,0.0,0.0,0.0
농어촌특별세사업계정,3213235271000.0,370237341730.0,0.0,-2843208743270.0,0.0,0.0,0.0,370237341730.0,농어촌구조개선특별회계,2008,0.0,농림부,210814000.0,0.0,0.0,0.0
손익계정,1322840080000.0,81738854220.0,0.0,-1241261225780.0,0.0,0.0,0.0,81738854220.0,양곡관리특별회계,2008,0.0,농림부,160000000.0,0.0,0.0,0.0
자본계정,4000.0,0.0,0.0,-4000.0,0.0,0.0,0.0,0.0,양곡관리특별회계,2008,0.0,농림부,0.0,0.0,0.0,0.0
,3828085739000.0,738454883130.0,0.0,-3145273166240.0,0.0,0.0,0.0,738454883130.0,일반회계,2008,0.0,농림부,55642310370.0,0.0,0.0,0.0
제주특별자치도계정,0.0,108250013000.0,108250013000.0,0.0,0.0,0.0,0.0,108250013000.0,국가균형발전특별회계,2008,0.0,농림수산식품부,0.0,0.0,0.0,0.0
지역개발사업계정,0.0,1691698900000.0,1691698900000.0,0.0,0.0,0.0,228800000.0,1591383100000.0,국가균형발전특별회계,2008,100087000000.0,농림수산식품부,0.0,0.0,0.0,0.0
지역혁신사업계정,0.0,25940311800.0,25940311800.0,0.0,24000000.0,-24000000.0,22390450.0,25917921350.0,국가균형발전특별회계,2008,0.0,농림수산식품부,0.0,0.0,0.0,0.0
구조개선사업계정,297500000000.0,3731000048140.0,3439648048140.0,-6148000000.0,69658667000.0,-69658667000.0,576346060390.0,3059346564480.0,농어촌구조개선특별회계,2008,95307423270.0,농림수산식품부,0.0,0.0,0.0,0.0
농어촌특별세사업계정,246200000000.0,3325998328420.0,3110655950420.0,-30857622000.0,9352787000.0,-9352787000.0,28500167150.0,3249933136130.0,농어촌구조개선특별회계,2008,47565025140.0,농림수산식품부,0.0,0.0,0.0,0.0
손익계정,207842000000.0,1449103225780.0,1241261225780.0,0.0,51393351000.0,-51393351000.0,9631961400.0,1162056722400.0,양곡관리특별회계,2008,277414541980.0,농림수산식품부,0.0,0.0,0.0,0.0
자본계정,0.0,4000.0,4000.0,0.0,0.0,0.0,4000.0,0.0,양곡관리특별회계,2008,0.0,농림수산식품부,0.0,0.0,0.0,0.0
,607492000000.0,4082736801926.0,3474702725926.0,-669924000.0,4310526000.0,-4310526000.0,59818716877.0,3993025658430.0,일반회계,2008,29892426619.0,농림수산식품부,0.0,1182000000.0,0.0,30000000.0
제주특별자치도계정,5528000000.0,5528000000.0,0.0,0.0,0.0,0.0,0.0,5528000000.0,국가균형발전특별회계,2008,0.0,농촌진흥청,0.0,0.0,0.0,0.0
지역개발사업계정,24956000000.0,24956000000.0,0.0,0.0,0.0,0.0,0.0,23956000000.0,국가균형발전특별회계,2008,1000000000.0,농촌진흥청,0.0,0.0,0.0,0.0
지역혁신사업계정,20608000000.0,20608000000.0,0.0,0.0,0.0,0.0,0.0,20608000000.0,국가균형발전특별회계,2008,0.0,농촌진흥청,0.0,0.0,0.0,0.0
구조개선사업계정,52632000000.0,52632000000.0,0.0,0.0,490000000.0,-490000000.0,437704930.0,52194295070.0,농어촌구조개선특별회계,2008,0.0,농촌진흥청,0.0,0.0,0.0,0.0
,448564561000.0,449396803450.0,308269000.0,-308269000.0,16420234000.0,-16420234000.0,4303962110.0,444848774780.0,일반회계,2008,244066560.0,농촌진흥청,811242450.0,0.0,0.0,21000000.0
,256338000000.0,257924383480.0,0.0,0.0,109000000.0,-109000000.0,36806230610.0,215280364170.0,등기특별회계,2008,5837788700.0,대법원,1586383480.0,0.0,0.0,0.0
,1038557099000.0,1060288443140.0,0.0,0.0,544000000.0,-544000000.0,39433551150.0,998861432390.0,일반회계,2008,21993459600.0,대법원,21731344140.0,0.0,0.0,0.0
,105881371000.0,32395174520.0,0.0,-75008356480.0,0.0,0.0,0.0,32395174520.0,일반회계,2008,0.0,대통령경호실,1522160000.0,0.0,0.0,0.0
,66938811000.0,9735702990.0,0.0,-57203108010.0,0.0,0.0,0.0,9735702990.0,일반회계,2008,0.0,대통령비서실,0.0,0.0,0.0,0.0
,0.0,134783571730.0,134783571730.0,0.0,5655600000.0,-5655600000.0,20050506220.0,111726893510.0,일반회계,2008,3006172000.0,대통령실,0.0,0.0,0.0,0.0
제주특별자치도계정,11846000000.0,0.0,0.0,-11846000000.0,0.0,0.0,0.0,0.0,국가균형발전특별회계,2008,0.0,문화관광부,0.0,0.0,0.0,0.0
지역개발사업계정,418563000000.0,5010000000.0,0.0,-418109000000.0,0.0,0.0,0.0,5010000000.0,국가균형발전특별회계,2008,0.0,문화관광부,4556000000.0,0.0,0.0,0.0
지역혁신사업계정,25124000000.0,411000000.0,0.0,-24713000000.0,0.0,0.0,0.0,411000000.0,국가균형발전특별회계,2008,0.0,문화관광부,0.0,0.0,0.0,0.0
손익계정,21646961000.0,3207827000.0,0.0,-18484134000.0,0.0,0.0,9980.0,3207817020.0,국립중앙극장,2008,0.0,문화관광부,45000000.0,0.0,0.0,0.0
자본계정,3126000000.0,19662000.0,0.0,-3106338000.0,0.0,0.0,0.0,19662000.0,국립중앙극장,2008,0.0,문화관광부,0.0,0.0,0.0,0.0
,91749000000.0,895720000.0,0.0,-90853280000.0,0.0,0.0,372440.0,895347560.0,아시아문화중심도시조성특별회계,2008,0.0,문화관광부,0.0,0.0,0.0,0.0
,1104545711000.0,187976416370.0,0.0,-979963863000.0,0.0,0.0,18650460.0,187957765910.0,일반회계,2008,0.0,문화관광부,63394568370.0,0.0,0.0,0.0
제주특별자치도계정,860000000.0,860000000.0,0.0,0.0,0.0,0.0,0.0,860000000.0,국가균형발전특별회계,2008,0.0,문화재청,0.0,0.0,0.0,0.0
지역개발사업계정,38988000000.0,38988000000.0,0.0,0.0,0.0,0.0,140000000.0,37912253000.0,국가균형발전특별회계,2008,935747000.0,문화재청,0.0,0.0,0.0,0.0
,387937095000.0,403091136350.0,0.0,0.0,6277839000.0,-6277839000.0,10115606200.0,384435096220.0,일반회계,2008,8540433930.0,문화재청,14219686350.0,0.0,0.0,934355000.0
제주특별자치도계정,0.0,11846000000.0,11930000000.0,-84000000.0,0.0,0.0,84000000.0,11762000000.0,국가균형발전특별회계,2008,0.0,문화체육관광부,0.0,0.0,0.0,0.0
지역개발사업계정,0.0,418109000000.0,462273000000.0,-44164000000.0,0.0,0.0,2980000000.0,394479000000.0,국가균형발전특별회계,2008,20650000000.0,문화체육관광부,0.0,0.0,0.0,0.0
지역혁신사업계정,0.0,24713000000.0,24713000000.0,0.0,0.0,0.0,0.0,24713000000.0,국가균형발전특별회계,2008,0.0,문화체육관광부,0.0,0.0,0.0,0.0
손익계정,0.0,18484134000.0,18484134000.0,0.0,963082000.0,-963082000.0,162326820.0,18285897680.0,국립중앙극장,2008,35909500.0,문화체육관광부,0.0,0.0,0.0,0.0
자본계정,0.0,3106338000.0,3106338000.0,0.0,77213000.0,-77213000.0,118623340.0,2987714660.0,국립중앙극장,2008,0.0,문화체육관광부,0.0,0.0,0.0,0.0
,0.0,90853280000.0,90853280000.0,0.0,1300000000.0,-1300000000.0,54249338960.0,18758863590.0,아시아문화중심도시조성특별회계,2008,17845077450.0,문화체육관광부,0.0,0.0,0.0,0.0
,0.0,1065317501270.0,1062238518270.0,-1525759000.0,16571538000.0,-16571538000.0,75347574530.0,937789634310.0,일반회계,2008,52180292430.0,문화체육관광부,0.0,3750000000.0,0.0,854742000.0
,16657875000.0,16657875000.0,0.0,0.0,162973000.0,-162973000.0,893427140.0,15764447860.0,일반회계,2008,0.0,민주평화통일자문회의,0.0,0.0,0.0,0.0
,12998018000.0,90040460.0,0.0,-12907977540.0,0.0,0.0,0.0,90040460.0,일반회계,2008,0.0,방송위원회,0.0,0.0,0.0,0.0
,0.0,257901639080.0,264593109080.0,-6691470000.0,8057176000.0,-8057176000.0,28071527140.0,226723885820.0,일반회계,2008,3106226120.0,방송통신위원회,0.0,0.0,0.0,0.0
,7681344018000.0,8132237111950.0,27590641000.0,-27590641000.0,135925914560.0,-135925914560.0,38536077800.0,7793103565090.0,일반회계,2008,300597469060.0,방위사업청,450893093950.0,0.0,0.0,0.0
,44040000000.0,44040000000.0,0.0,0.0,0.0,0.0,12937626290.0,31102373710.0,교도작업특별회계,2008,0.0,법무부,0.0,0.0,0.0,0.0
,2154587713000.0,2185436041020.0,15254895000.0,-15254895000.0,19777525000.0,-19777525000.0,73189881170.0,2088184797660.0,일반회계,2008,24061362190.0,법무부,24616013020.0,6232315000.0,0.0,0.0
,25267012000.0,21680423590.0,0.0,-3586588410.0,265978000.0,-265978000.0,931779070.0,20748644520.0,일반회계,2008,0.0,법제처,0.0,0.0,0.0,0.0
,216459735000.0,217666138720.0,0.0,0.0,4215170000.0,-4215170000.0,9655743840.0,207405749880.0,일반회계,2008,604645000.0,병무청,1206403720.0,0.0,0.0,0.0
제주특별자치도계정,0.0,1800666000.0,1800666000.0,0.0,0.0,0.0,0.0,1800666000.0,국가균형발전특별회계,2008,0.0,보건복지가족부,0.0,0.0,0.0,0.0
지역개발사업계정,0.0,38131000000.0,38131000000.0,0.0,0.0,0.0,1101000000.0,36854895000.0,국가균형발전특별회계,2008,175105000.0,보건복지가족부,0.0,0.0,0.0,0.0
손익계정,0.0,8302071620.0,8367973620.0,-65902000.0,313393000.0,-313393000.0,697670960.0,7604400660.0,국립공주병원,2008,0.0,보건복지가족부,0.0,0.0,0.0,0.0
자본계정,0.0,342663740.0,342663740.0,0.0,0.0,0.0,163570.0,262500170.0,국립공주병원,2008,80000000.0,보건복지가족부,0.0,0.0,0.0,0.0
손익계정,0.0,12188372580.0,11238372580.0,0.0,542499000.0,-542499000.0,828304670.0,11360067910.0,국립나주병원,2008,0.0,보건복지가족부,0.0,0.0,0.0,950000000.0
자본계정,0.0,541299140.0,471299140.0,0.0,0.0,0.0,1990010.0,539309130.0,국립나주병원,2008,0.0,보건복지가족부,0.0,0.0,0.0,70000000.0
손익계정,0.0,7359865980.0,7109042980.0,-59177000.0,130009000.0,-130009000.0,488054960.0,6871811020.0,국립마산병원,2008,0.0,보건복지가족부,0.0,0.0,0.0,310000000.0
자본계정,0.0,985419300.0,711419300.0,0.0,0.0,0.0,21822510.0,963596790.0,국립마산병원,2008,0.0,보건복지가족부,0.0,0.0,0.0,274000000.0
손익계정,0.0,4705711420.0,4705711420.0,0.0,144395000.0,-144395000.0,382468020.0,4323243400.0,국립목포병원,2008,0.0,보건복지가족부,0.0,0.0,0.0,0.0
자본계정,0.0,788944460.0,788944460.0,0.0,0.0,0.0,21258180.0,767686280.0,국립목포병원,2008,0.0,보건복지가족부,0.0,0.0,0.0,0.0
손익계정,0.0,10449236970.0,10449236970.0,0.0,496620000.0,-496620000.0,611604940.0,9837632030.0,국립부곡병원,2008,0.0,보건복지가족부,0.0,0.0,0.0,0.0
자본계정,0.0,765685200.0,765685200.0,0.0,0.0,0.0,35211570.0,730473630.0,국립부곡병원,2008,0.0,보건복지가족부,0.0,0.0,0.0,0.0
손익계정,0.0,19661078350.0,19739214350.0,-378136000.0,572487000.0,-572487000.0,453625450.0,19207452900.0,국립서울병원,2008,0.0,보건복지가족부,0.0,0.0,0.0,300000000.0
자본계정,0.0,3455104100.0,3401524100.0,0.0,45000000.0,-45000000.0,141595030.0,1656498210.0,국립서울병원,2008,1657010860.0,보건복지가족부,0.0,0.0,0.0,53580000.0
손익계정,0.0,59573121680.0,59991000680.0,-417879000.0,2196000000.0,-2196000000.0,5298605990.0,54222444690.0,국립의료원,2008,52071000.0,보건복지가족부,0.0,0.0,0.0,0.0
자본계정,0.0,7217344820.0,7217344820.0,0.0,0.0,0.0,304007980.0,6416506130.0,국립의료원,2008,496830710.0,보건복지가족부,0.0,0.0,0.0,0.0
손익계정,0.0,16422435200.0,16099725200.0,0.0,317411000.0,-317411000.0,2839991650.0,13560443550.0,국립재활원,2008,22000000.0,보건복지가족부,0.0,0.0,0.0,322710000.0
자본계정,0.0,18067945450.0,18003945450.0,0.0,0.0,0.0,177267370.0,3343410870.0,국립재활원,2008,14547267210.0,보건복지가족부,0.0,0.0,0.0,64000000.0
손익계정,0.0,7375361930.0,7375361930.0,0.0,242248000.0,-242248000.0,817376000.0,6557985930.0,국립춘천병원,2008,0.0,보건복지가족부,0.0,0.0,0.0,0.0
자본계정,0.0,444764000.0,444764000.0,0.0,0.0,0.0,3966780.0,440797220.0,국립춘천병원,2008,0.0,보건복지가족부,0.0,0.0,0.0,0.0
농어촌특별세사업계정,0.0,78536000000.0,78536000000.0,0.0,0.0,0.0,271500000.0,78264500000.0,농어촌구조개선특별회계,2008,0.0,보건복지가족부,0.0,0.0,0.0,0.0
투자계정,0.0,138100000000.0,138100000000.0,0.0,271123000.0,-271123000.0,46418620440.0,91681379560.0,에너지및자원사업특별회계,2008,0.0,보건복지가족부,0.0,0.0,0.0,0.0
,466003000000.0,12685225699950.0,12200621521950.0,-13120907000.0,82525681000.0,-82525681000.0,151802836610.0,12451215357790.0,일반회계,2008,82207505550.0,보건복지가족부,0.0,31722085000.0,0.0,0.0
제주특별자치도계정,1021000000.0,340334000.0,0.0,-680666000.0,0.0,0.0,0.0,340334000.0,국가균형발전특별회계,2008,0.0,보건복지부,0.0,0.0,0.0,0.0
손익계정,9716648000.0,1414576380.0,0.0,-8302071620.0,0.0,0.0,0.0,1414576380.0,국립공주병원,2008,0.0,보건복지부,0.0,0.0,0.0,0.0
자본계정,346363000.0,3699260.0,0.0,-342663740.0,0.0,0.0,0.0,3699260.0,국립공주병원,2008,0.0,보건복지부,0.0,0.0,0.0,0.0
손익계정,13309474000.0,2071101420.0,0.0,-11238372580.0,0.0,0.0,0.0,2071101420.0,국립나주병원,2008,0.0,보건복지부,0.0,0.0,0.0,0.0
자본계정,481498000.0,10198860.0,0.0,-471299140.0,0.0,0.0,0.0,10198860.0,국립나주병원,2008,0.0,보건복지부,0.0,0.0,0.0,0.0
손익계정,8231601000.0,1181735020.0,0.0,-7049865980.0,0.0,0.0,0.0,1181735020.0,국립마산병원,2008,0.0,보건복지부,0.0,0.0,0.0,0.0
자본계정,711765000.0,345700.0,0.0,-711419300.0,0.0,0.0,0.0,345700.0,국립마산병원,2008,0.0,보건복지부,0.0,0.0,0.0,0.0
손익계정,5489803000.0,784091580.0,0.0,-4705711420.0,0.0,0.0,0.0,784091580.0,국립목포병원,2008,0.0,보건복지부,0.0,0.0,0.0,0.0
자본계정,785129000.0,226750330.0,0.0,-788944460.0,0.0,0.0,0.0,226750330.0,국립목포병원,2008,0.0,보건복지부,230565790.0,0.0,0.0,0.0
손익계정,12284636000.0,1835399030.0,0.0,-10449236970.0,0.0,0.0,0.0,1835399030.0,국립부곡병원,2008,0.0,보건복지부,0.0,0.0,0.0,0.0
자본계정,766500000.0,814800.0,0.0,-765685200.0,0.0,0.0,0.0,814800.0,국립부곡병원,2008,0.0,보건복지부,0.0,0.0,0.0,0.0
손익계정,23093238000.0,3732159650.0,0.0,-19361078350.0,0.0,0.0,0.0,3732159650.0,국립서울병원,2008,0.0,보건복지부,0.0,0.0,0.0,0.0
자본계정,3012178000.0,6653900.0,0.0,-3401524100.0,0.0,0.0,0.0,6653900.0,국립서울병원,2008,0.0,보건복지부,396000000.0,0.0,0.0,0.0
손익계정,69649540000.0,10123418320.0,0.0,-59573121680.0,0.0,0.0,0.0,10123418320.0,국립의료원,2008,0.0,보건복지부,47000000.0,0.0,0.0,0.0
자본계정,6755129000.0,789356570.0,0.0,-7217344820.0,0.0,0.0,0.0,789356570.0,국립의료원,2008,0.0,보건복지부,1251572390.0,0.0,0.0,0.0
손익계정,18481101000.0,2381375800.0,0.0,-16099725200.0,42000000.0,-42000000.0,0.0,2381375800.0,국립재활원,2008,0.0,보건복지부,0.0,0.0,0.0,0.0
자본계정,16720507000.0,63090290.0,0.0,-18003945450.0,0.0,0.0,0.0,63090290.0,국립재활원,2008,0.0,보건복지부,1346528740.0,0.0,0.0,0.0
손익계정,8715584000.0,1340222070.0,0.0,-7375361930.0,0.0,0.0,0.0,1340222070.0,국립춘천병원,2008,0.0,보건복지부,0.0,0.0,0.0,0.0
자본계정,455291000.0,10527000.0,0.0,-444764000.0,0.0,0.0,0.0,10527000.0,국립춘천병원,2008,0.0,보건복지부,0.0,0.0,0.0,0.0
농어촌특별세사업계정,78536000000.0,0.0,0.0,-78536000000.0,0.0,0.0,0.0,0.0,농어촌구조개선특별회계,2008,0.0,보건복지부,0.0,0.0,0.0,0.0
투자계정,138100000000.0,0.0,0.0,-138100000000.0,0.0,0.0,0.0,0.0,에너지및자원사업특별회계,2008,0.0,보건복지부,0.0,0.0,0.0,0.0
,14021030336000.0,3113936841990.0,0.0,-10937415954170.0,0.0,0.0,0.0,3113936841990.0,일반회계,2008,0.0,보건복지부,30322460160.0,0.0,0.0,0.0
제주특별자치도계정,5244683000.0,5244683000.0,0.0,0.0,0.0,0.0,0.0,5244683000.0,국가균형발전특별회계,2008,0.0,산림청,0.0,0.0,0.0,0.0
지역개발사업계정,191430771000.0,191564196000.0,0.0,0.0,0.0,0.0,280000000.0,187171992000.0,국가균형발전특별회계,2008,4112204000.0,산림청,0.0,133425000.0,0.0,0.0
손익계정,14116407000.0,14116407000.0,0.0,0.0,36616000.0,-36616000.0,948531860.0,13167875140.0,국립자연휴양림관리소,2008,0.0,산림청,0.0,0.0,0.0,0.0
자본계정,15047000000.0,16196984260.0,0.0,0.0,0.0,0.0,161459130.0,15893403120.0,국립자연휴양림관리소,2008,142122010.0,산림청,958176260.0,191808000.0,0.0,0.0
임업진흥사업계정,525172064000.0,528999972390.0,0.0,0.0,0.0,0.0,44192874850.0,484145447540.0,농어촌구조개선특별회계,2008,661650000.0,산림청,3827908390.0,0.0,0.0,0.0
,892537396000.0,915681130640.0,0.0,0.0,3367295000.0,-3367295000.0,21437810480.0,878675850480.0,일반회계,2008,15567469680.0,산림청,6576566640.0,16567168000.0,0.0,0.0
제주특별자치도계정,1700000000.0,0.0,0.0,-1700000000.0,0.0,0.0,0.0,0.0,국가균형발전특별회계,2008,0.0,산업자원부,0.0,0.0,0.0,0.0
지역개발사업계정,38149000000.0,1400000000.0,0.0,-36899000000.0,0.0,0.0,0.0,1400000000.0,국가균형발전특별회계,2008,0.0,산업자원부,150000000.0,0.0,0.0,0.0
지역혁신사업계정,765945000000.0,15989941000.0,0.0,-764031059000.0,0.0,0.0,0.0,15989941000.0,국가균형발전특별회계,2008,0.0,산업자원부,14076000000.0,0.0,0.0,0.0
융자및유가완충계정,1136961000000.0,9300000000.0,0.0,-1127661000000.0,0.0,0.0,0.0,9300000000.0,에너지및자원사업특별회계,2008,0.0,산업자원부,0.0,0.0,0.0,0.0
투자계정,2029508923000.0,399096494920.0,0.0,-1643781128080.0,0.0,0.0,0.0,399096494920.0,에너지및자원사업특별회계,2008,0.0,산업자원부,13368700000.0,0.0,0.0,0.0
,2163289923000.0,348445727100.0,0.0,-1822595311470.0,0.0,0.0,0.0,348445727100.0,일반회계,2008,0.0,산업자원부,7751115570.0,0.0,0.0,0.0
제주특별자치도계정,15050000000.0,15050000000.0,0.0,0.0,0.0,0.0,0.0,15050000000.0,국가균형발전특별회계,2008,0.0,소방방재청,0.0,0.0,0.0,0.0
지역개발사업계정,143874000000.0,143874000000.0,0.0,0.0,0.0,0.0,0.0,138521311000.0,국가균형발전특별회계,2008,5352689000.0,소방방재청,0.0,0.0,0.0,0.0
농어촌특별세사업계정,66842000000.0,66842000000.0,0.0,0.0,0.0,0.0,0.0,66842000000.0,농어촌구조개선특별회계,2008,0.0,소방방재청,0.0,0.0,0.0,0.0
,147189430000.0,191994963800.0,5274891000.0,-5274891000.0,4830568000.0,-4830568000.0,2407858950.0,185794485650.0,일반회계,2008,3792619200.0,소방방재청,8312126800.0,36493407000.0,0.0,0.0
,178511942000.0,180954038740.0,919000000.0,-998417850.0,4332544000.0,-4332544000.0,5581828060.0,169236507540.0,일반회계,2008,6135703140.0,식품의약품안전청,2169226590.0,0.0,0.0,352288000.0
,1556501509000.0,299623078650.0,0.0,-1257346327100.0,34000000.0,-34000000.0,0.0,299623078650.0,일반회계,2008,0.0,여성가족부,467896750.0,0.0,0.0,0.0
,0.0,45749263320.0,46203489320.0,-454226000.0,1907818000.0,-1907818000.0,1267770540.0,43845492780.0,일반회계,2008,636000000.0,여성부,0.0,0.0,0.0,0.0
,1167803254000.0,1235454441800.0,4395561000.0,-4395561000.0,13474500000.0,-13474500000.0,7110503700.0,1227223509100.0,일반회계,2008,1120429000.0,외교통상부,3871031800.0,37406425000.0,0.0,26373731000.0
,4005229776000.0,206411899140.0,0.0,-3800644911180.0,0.0,0.0,39922860.0,206371976280.0,일반회계,2008,0.0,재정경제부,1827034320.0,0.0,0.0,0.0
제주특별자치도계정,1362000000.0,0.0,0.0,-1362000000.0,0.0,0.0,0.0,0.0,국가균형발전특별회계,2008,0.0,정보통신부,0.0,0.0,0.0,0.0
지역혁신사업계정,19526000000.0,1256000000.0,0.0,-18270000000.0,0.0,0.0,0.0,1256000000.0,국가균형발전특별회계,2008,0.0,정보통신부,0.0,0.0,0.0,0.0
,579476000000.0,56592053600.0,0.0,-523196946400.0,0.0,0.0,0.0,56592053600.0,우체국보험특별회계,2008,0.0,정보통신부,313000000.0,0.0,0.0,0.0
손익계정,1891865730000.0,259543526220.0,0.0,-1632553803780.0,0.0,0.0,0.0,259543526220.0,우체국예금특별회계,2008,0.0,정보통신부,231600000.0,0.0,0.0,0.0
자본계정,17652270000.0,38933230.0,0.0,-17613336770.0,0.0,0.0,0.0,38933230.0,우체국예금특별회계,2008,0.0,정보통신부,0.0,0.0,0.0,0.0
손익계정,2960706235000.0,425334613920.0,0.0,-2535695271080.0,0.0,0.0,0.0,425334613920.0,우편사업특별회계,2008,0.0,정보통신부,323650000.0,0.0,0.0,0.0
자본계정,224657717000.0,8711819690.0,0.0,-220892644060.0,0.0,0.0,0.0,8711819690.0,우편사업특별회계,2008,0.0,정보통신부,4946746750.0,0.0,0.0,0.0
,887551085000.0,104694935230.0,0.0,-782856149770.0,0.0,0.0,58398460.0,104636536770.0,일반회계,2008,0.0,정보통신부,0.0,0.0,0.0,0.0
손익계정,154867000000.0,155557581560.0,953482000.0,-953482000.0,1215500000.0,-1215500000.0,4324938650.0,149913811990.0,조달특별회계,2008,1318830920.0,조달청,690581560.0,0.0,0.0,0.0
자본계정,72339158000.0,72623611050.0,0.0,0.0,0.0,0.0,1531017780.0,65097217790.0,조달특별회계,2008,5995375480.0,조달청,284453050.0,0.0,0.0,0.0
제주특별자치도계정,5695416000.0,5695416000.0,0.0,0.0,0.0,0.0,0.0,5695416000.0,국가균형발전특별회계,2008,0.0,중소기업청,0.0,0.0,0.0,0.0
지역개발사업계정,192596051000.0,192596051000.0,0.0,0.0,0.0,0.0,0.0,187733051000.0,국가균형발전특별회계,2008,4863000000.0,중소기업청,0.0,0.0,0.0,0.0
지역혁신사업계정,126338000000.0,126338000000.0,0.0,0.0,0.0,0.0,27467070.0,126310532930.0,국가균형발전특별회계,2008,0.0,중소기업청,0.0,0.0,0.0,0.0
,1339036153000.0,1340069666510.0,0.0,0.0,29782011000.0,-29782011000.0,5226559890.0,1334229106620.0,일반회계,2008,614000000.0,중소기업청,1033513510.0,0.0,0.0,0.0
,622207064000.0,626254737000.0,0.0,0.0,110000000.0,-110000000.0,92513075040.0,533314431960.0,일반회계,2008,427230000.0,중앙선거관리위원회,4047673000.0,472863000.0,-472863000.0,0.0
,126168666000.0,19664257000.0,0.0,-106504409000.0,0.0,0.0,5948740.0,19658308260.0,일반회계,2008,0.0,중앙인사위원회,0.0,0.0,0.0,0.0
제주특별자치도계정,0.0,3062000000.0,3062000000.0,0.0,0.0,0.0,560000000.0,2502000000.0,국가균형발전특별회계,2008,0.0,지식경제부,0.0,0.0,0.0,0.0
지역개발사업계정,0.0,36899000000.0,36899000000.0,0.0,0.0,0.0,47479000.0,36851521000.0,국가균형발전특별회계,2008,0.0,지식경제부,0.0,0.0,0.0,0.0
지역혁신사업계정,0.0,808501059000.0,808501059000.0,0.0,2500000000.0,-2500000000.0,3031424560.0,805469634440.0,국가균형발전특별회계,2008,0.0,지식경제부,0.0,0.0,0.0,0.0
융자및유가완충계정,50000000000.0,1177661000000.0,1127661000000.0,0.0,10000000000.0,-10000000000.0,900000000.0,1176761000000.0,에너지및자원사업특별회계,2008,0.0,지식경제부,0.0,0.0,0.0,0.0
투자계정,1957100000000.0,3691056074080.0,1733956074080.0,0.0,10117500000.0,-10117500000.0,43577616780.0,3646827367300.0,에너지및자원사업특별회계,2008,651090000.0,지식경제부,0.0,0.0,0.0,0.0
,0.0,523196946400.0,523196946400.0,0.0,150000000.0,-150000000.0,37078500000.0,486068696400.0,우체국보험특별회계,2008,49750000.0,지식경제부,0.0,0.0,0.0,0.0
손익계정,0.0,1887716803780.0,1632553803780.0,0.0,400000000.0,-400000000.0,82385610360.0,1805298193420.0,우체국예금특별회계,2008,33000000.0,지식경제부,0.0,0.0,0.0,255163000000.0
자본계정,0.0,17613336770.0,17613336770.0,0.0,0.0,0.0,555477610.0,17057859160.0,우체국예금특별회계,2008,0.0,지식경제부,0.0,0.0,0.0,0.0
손익계정,0.0,2535695271080.0,2553133201080.0,-17437930000.0,16377391000.0,-16377391000.0,103437979790.0,2432233173790.0,우편사업특별회계,2008,24117500.0,지식경제부,0.0,0.0,0.0,0.0
자본계정,0.0,220892644060.0,220892644060.0,0.0,0.0,0.0,11021342250.0,197074722930.0,우편사업특별회계,2008,12796578880.0,지식경제부,0.0,0.0,0.0,0.0
,1957100000000.0,4402620866830.0,2478009455030.0,-32488588200.0,41386396000.0,-41386396000.0,8562131300.0,4387155099090.0,일반회계,2008,6903636440.0,지식경제부,0.0,0.0,0.0,0.0
,19657045000.0,20104545000.0,0.0,0.0,62000000.0,-62000000.0,2965995240.0,15542751860.0,일반회계,2008,1595797900.0,진실·화해를위한과거사정리위원회,447500000.0,0.0,0.0,0.0
,8969207000.0,8969207000.0,0.0,0.0,0.0,0.0,606469400.0,8362737600.0,일반회계,2008,0.0,친일반민족행위진상규명위원회,0.0,0.0,0.0,0.0
구조개선사업계정,0.0,8620681020.0,8620681020.0,0.0,725396000.0,-725396000.0,458750170.0,8161930850.0,농어촌구조개선특별회계,2008,0.0,통계청,0.0,0.0,0.0,0.0
,161989631000.0,188284540690.0,23289271880.0,0.0,3143054000.0,-3143054000.0,8674845640.0,177190286350.0,일반회계,2008,2419408700.0,통계청,1887287810.0,0.0,0.0,1118350000.0
,775316071000.0,797091382700.0,710375000.0,-653674000.0,2799751000.0,-2799751000.0,4337293560.0,792545531240.0,일반회계,2008,208557900.0,통일부,2512296700.0,19206314000.0,0.0,0.0
손익계정,313738327000.0,313794578000.0,0.0,0.0,5334348000.0,-5334348000.0,9265169800.0,302132078300.0,특허청,2008,2397329900.0,특허청,24700000.0,0.0,0.0,31551000.0
자본계정,4226000000.0,4226000000.0,0.0,0.0,30000000.0,-30000000.0,892680180.0,3333319820.0,특허청,2008,0.0,특허청,0.0,0.0,0.0,0.0
,813403729000.0,830899698720.0,10507900000.0,-10507900000.0,9474196000.0,-9474196000.0,33448312630.0,785390550390.0,일반회계,2008,12060835700.0,해양경찰청,6954969720.0,10541000000.0,0.0,0.0
항만계정,1733592104000.0,269954297930.0,0.0,-1610594110140.0,0.0,0.0,0.0,269954297930.0,교통시설특별회계,2008,0.0,해양수산부,146956304070.0,0.0,0.0,0.0
제주특별자치도계정,101067000000.0,1285900000.0,0.0,-99781100000.0,0.0,0.0,0.0,1285900000.0,국가균형발전특별회계,2008,0.0,해양수산부,0.0,0.0,0.0,0.0
지역개발사업계정,217459000000.0,38252070000.0,0.0,-182527000000.0,0.0,0.0,0.0,38252070000.0,국가균형발전특별회계,2008,0.0,해양수산부,3320070000.0,0.0,0.0,0.0
지역혁신사업계정,5822000000.0,0.0,0.0,-5822000000.0,0.0,0.0,0.0,0.0,국가균형발전특별회계,2008,0.0,해양수산부,0.0,0.0,0.0,0.0
구조개선사업계정,121068812000.0,5278585800.0,0.0,-151894176110.0,0.0,0.0,0.0,5278585800.0,농어촌구조개선특별회계,2008,0.0,해양수산부,36103949910.0,0.0,0.0,0.0
농어촌특별세사업계정,251187000000.0,21965352050.0,0.0,-238389585150.0,0.0,0.0,0.0,21965352050.0,농어촌구조개선특별회계,2008,0.0,해양수산부,9167937200.0,0.0,0.0,0.0
손익계정,26992442000.0,1578664030.0,0.0,-25413777970.0,0.0,0.0,0.0,1578664030.0,대산지방해양항만청,2008,0.0,해양수산부,0.0,0.0,0.0,0.0
자본계정,66112981000.0,26072151280.0,0.0,-44375316290.0,0.0,0.0,0.0,26072151280.0,대산지방해양항만청,2008,0.0,해양수산부,4334486570.0,0.0,0.0,0.0
투자계정,30000000000.0,0.0,0.0,-30000000000.0,0.0,0.0,0.0,0.0,에너지및자원사업특별회계,2008,0.0,해양수산부,0.0,0.0,0.0,0.0
,2582182637000.0,687025735860.0,0.0,-1967012171800.0,110000000.0,-110000000.0,0.0,687025735860.0,일반회계,2008,0.0,해양수산부,25055270660.0,46800000000.0,0.0,0.0
제주특별자치도계정,0.0,450000000.0,450000000.0,0.0,0.0,0.0,0.0,450000000.0,국가균형발전특별회계,2008,0.0,행정안전부,0.0,0.0,0.0,0.0
지역개발사업계정,0.0,388136000000.0,388136000000.0,0.0,0.0,0.0,600000000.0,366295217000.0,국가균형발전특별회계,2008,21240783000.0,행정안전부,0.0,0.0,0.0,0.0
지역혁신사업계정,0.0,38369210060.0,38369210060.0,0.0,0.0,0.0,2474571810.0,35754038250.0,국가균형발전특별회계,2008,140600000.0,행정안전부,0.0,0.0,0.0,0.0
,0.0,27058884696710.0,27037515598710.0,-5226336000.0,53088304000.0,-53088304000.0,1036076332950.0,25959197451240.0,일반회계,2008,63610912520.0,행정안전부,0.0,23812555000.0,0.0,2782879000.0
제주특별자치도계정,506000000.0,56000000.0,0.0,-450000000.0,0.0,0.0,0.0,56000000.0,국가균형발전특별회계,2008,0.0,행정자치부,0.0,0.0,0.0,0.0
지역개발사업계정,388136000000.0,31096177000.0,0.0,-388136000000.0,0.0,0.0,0.0,31096177000.0,국가균형발전특별회계,2008,0.0,행정자치부,31096177000.0,0.0,0.0,0.0
지역혁신사업계정,36940000000.0,114260940.0,0.0,-38369210060.0,0.0,0.0,0.0,114260940.0,국가균형발전특별회계,2008,0.0,행정자치부,1543471000.0,0.0,0.0,0.0
,31509697775000.0,4855428779090.0,0.0,-26677902095870.0,473455000.0,-473455000.0,6420720.0,4855422358370.0,일반회계,2008,0.0,행정자치부,19917772960.0,3715327000.0,0.0,0.0
,326665458000.0,326665458000.0,0.0,0.0,0.0,0.0,0.0,326665458000.0,일반회계,2008,0.0,행정중심복합도시건설청,0.0,0.0,0.0,0.0
,326665458000.0,339037782590.0,0.0,0.0,39885364000.0,-39885364000.0,4196183340.0,326111186270.0,행정중심복합도시건설특별회계,2008,8730412980.0,행정중심복합도시건설청,12372324590.0,0.0,0.0,0.0
,22728151000.0,22743870000.0,0.0,0.0,717367000.0,-717367000.0,887890610.0,21698059390.0,일반회계,2008,157920000.0,헌법재판소,15719000.0,25000000.0,-25000000.0,0.0
제주특별자치도계정,15782447000.0,15782447000.0,0.0,0.0,0.0,0.0,0.0,15782447000.0,국가균형발전특별회계,2008,0.0,환경부,0.0,0.0,0.0,0.0
지역개발사업계정,352966000000.0,442321000000.0,0.0,0.0,0.0,0.0,0.0,411235000000.0,국가균형발전특별회계,2008,31086000000.0,환경부,3400000000.0,85955000000.0,0.0,0.0
지역혁신사업계정,9300000000.0,9300000000.0,0.0,0.0,0.0,0.0,1538000000.0,7762000000.0,국가균형발전특별회계,2008,0.0,환경부,0.0,0.0,0.0,0.0
농어촌특별세사업계정,100587000000.0,100587000000.0,0.0,0.0,0.0,0.0,0.0,100187000000.0,농어촌구조개선특별회계,2008,400000000.0,환경부,0.0,0.0,0.0,0.0
,1820254000000.0,1822917000000.0,0.0,0.0,0.0,0.0,0.0,1822917000000.0,일반회계,2008,0.0,환경부,0.0,2663000000.0,0.0,0.0
,3130911688000.0,3160392762000.0,3235528000.0,-3235528000.0,21618386000.0,-21618386000.0,36078243060.0,3025015499930.0,환경개선특별회계,2008,99299019010.0,환경부,26818074000.0,2663000000.0,0.0,0.0
,82303584000.0,82365584000.0,0.0,0.0,160214000.0,-160214000.0,2354687400.0,79474322980.0,일반회계,2007,536573620.0,감사원,62000000.0,0.0,0.0,0.0
공항계정,345943000000.0,346360035980.0,21000000.0,-21000000.0,5920441000.0,-5920441000.0,2341020270.0,342255638460.0,교통시설특별회계,2007,1763377250.0,건설교통부,417035980.0,0.0,0.0,0.0
광역교통시설계정,678300000000.0,682418890000.0,0.0,0.0,35300000000.0,-35300000000.0,22047870.0,682396842130.0,교통시설특별회계,2007,0.0,건설교통부,4118890000.0,0.0,0.0,0.0
대중교통계정,1348651900000.0,1348651900000.0,0.0,0.0,31497000000.0,-31497000000.0,76840.0,1348651823160.0,교통시설특별회계,2007,0.0,건설교통부,0.0,0.0,0.0,0.0
도로계정,6664082873000.0,6856305088700.0,0.0,0.0,1032123921000.0,-1032123921000.0,15429918000.0,6732994181740.0,교통시설특별회계,2007,107880988960.0,건설교통부,183465595700.0,8756620000.0,0.0,0.0
철도계정,2045939000000.0,2049572426200.0,0.0,0.0,17811000000.0,-17811000000.0,366632290.0,2047516899910.0,교통시설특별회계,2007,1688894000.0,건설교통부,2520620200.0,1112806000.0,0.0,0.0
제주특별자치도계정,120049068000.0,120049068000.0,0.0,0.0,0.0,0.0,0.0,120049068000.0,국가균형발전특별회계,2007,0.0,건설교통부,0.0,0.0,0.0,0.0
지역개발사업계정,1670985000000.0,1732256015000.0,0.0,0.0,0.0,0.0,26517384320.0,1641701269000.0,국가균형발전특별회계,2007,64037361680.0,건설교통부,61271015000.0,0.0,0.0,0.0
지역혁신사업계정,28000000000.0,28000000000.0,0.0,0.0,0.0,0.0,2538604790.0,24940945210.0,국가균형발전특별회계,2007,520450000.0,건설교통부,0.0,0.0,0.0,0.0
,14865783225000.0,15357839928620.0,2463691000.0,-2466739000.0,244221819000.0,-244221819000.0,44434463040.0,15261241537070.0,일반회계,2007,52163928510.0,건설교통부,427935546620.0,63732886000.0,0.0,391319000.0
제주특별자치도계정,2017089000.0,2017089000.0,0.0,0.0,0.0,0.0,0.0,2017089000.0,국가균형발전특별회계,2007,0.0,경찰청,0.0,0.0,0.0,0.0
지역개발사업계정,29300000000.0,29300000000.0,0.0,0.0,0.0,0.0,0.0,29300000000.0,국가균형발전특별회계,2007,0.0,경찰청,0.0,0.0,0.0,0.0
손익계정,52562841000.0,57023978000.0,0.0,0.0,42500000.0,-42500000.0,3135833120.0,52058749120.0,국립경찰병원,2007,1829395760.0,경찰청,3482787000.0,0.0,0.0,978350000.0
자본계정,10643118000.0,10643118000.0,0.0,0.0,0.0,0.0,635595660.0,1971549590.0,국립경찰병원,2007,8035972750.0,경찰청,0.0,0.0,0.0,0.0
손익계정,86355125000.0,86355125000.0,0.0,0.0,135000000.0,-135000000.0,14389966300.0,71965158700.0,운전면허시험관리단,2007,0.0,경찰청,0.0,0.0,0.0,0.0
자본계정,6768000000.0,6768000000.0,0.0,0.0,0.0,0.0,4873035120.0,1894964880.0,운전면허시험관리단,2007,0.0,경찰청,0.0,0.0,0.0,0.0
,6462013075000.0,6578933339000.0,3661000000.0,-3661000000.0,22082325000.0,-22082325000.0,110364665668.0,6418925161780.0,일반회계,2007,49643511552.0,경찰청,115147264000.0,1773000000.0,0.0,0.0
,39488503000.0,54769258300.0,15280755300.0,0.0,773144000.0,-773144000.0,993992410.0,53755343890.0,일반회계,2007,19922000.0,공정거래위원회,0.0,0.0,0.0,0.0
지역혁신사업계정,67720000000.0,70970000000.0,0.0,0.0,0.0,0.0,0.0,70970000000.0,국가균형발전특별회계,2007,0.0,과학기술부,3250000000.0,0.0,0.0,0.0
손익계정,12891891000.0,12891891000.0,0.0,0.0,28284000.0,-28284000.0,606659940.0,12285231060.0,국립중앙과학관,2007,0.0,과학기술부,0.0,0.0,0.0,0.0
자본계정,5000564000.0,5000564000.0,0.0,0.0,0.0,0.0,102530700.0,4333896570.0,국립중앙과학관,2007,564136730.0,과학기술부,0.0,0.0,0.0,0.0
투자계정,171299000000.0,171299000000.0,0.0,0.0,0.0,0.0,0.0,171299000000.0,에너지및자원사업특별회계,2007,0.0,과학기술부,0.0,0.0,0.0,0.0
,2044830768000.0,2045609661000.0,0.0,0.0,2816259000.0,-2816259000.0,2010584600.0,2043276043400.0,일반회계,2007,323033000.0,과학기술부,778893000.0,0.0,0.0,0.0
,357062742000.0,365385074250.0,0.0,0.0,2324044000.0,-2324044000.0,13333344530.0,346300500720.0,일반회계,2007,5751229000.0,관세청,795165250.0,7527167000.0,0.0,0.0
지역혁신사업계정,487400000000.0,487400000000.0,0.0,0.0,0.0,0.0,4965051040.0,477634948960.0,국가균형발전특별회계,2007,4800000000.0,교육인적자원부,0.0,0.0,0.0,0.0
손익계정,20496017000.0,22067874000.0,0.0,0.0,83194000.0,-83194000.0,1584266860.0,20446307140.0,국제교육진흥원,2007,37300000.0,교육인적자원부,0.0,0.0,0.0,1571857000.0
자본계정,120000000.0,120000000.0,0.0,0.0,0.0,0.0,2280100.0,117719900.0,국제교육진흥원,2007,0.0,교육인적자원부,0.0,0.0,0.0,0.0
농어촌특별세사업계정,50400000000.0,50400000000.0,0.0,0.0,0.0,0.0,191508000.0,50208492000.0,농어촌구조개선특별회계,2007,0.0,교육인적자원부,0.0,0.0,0.0,0.0
,30486331967000.0,30520603710600.0,18168404000.0,-18168404000.0,61804839000.0,-61804839000.0,105447413150.0,30395129706280.0,일반회계,2007,20026591170.0,교육인적자원부,26660809600.0,2250226000.0,0.0,5360708000.0
제주특별자치도계정,996524000.0,996524000.0,0.0,0.0,0.0,0.0,0.0,996524000.0,국가균형발전특별회계,2007,0.0,국가보훈처,0.0,0.0,0.0,0.0
투자계정,25900000000.0,25900000000.0,0.0,0.0,0.0,0.0,0.0,25900000000.0,에너지및자원사업특별회계,2007,0.0,국가보훈처,0.0,0.0,0.0,0.0
,2678361748000.0,2797657259250.0,13323794000.0,-13323794000.0,19834860000.0,-19834860000.0,5461542690.0,2779695224710.0,일반회계,2007,12500491850.0,국가보훈처,14062885250.0,105232626000.0,0.0,0.0
,2271124000.0,2271124000.0,0.0,0.0,0.0,0.0,275446550.0,1995677450.0,일반회계,2007,0.0,국가안전보장회의,0.0,0.0,0.0,0.0
,21908557000.0,22182767000.0,0.0,0.0,210800000.0,-210800000.0,1033602480.0,21002104520.0,일반회계,2007,147060000.0,국가인권위원회,274210000.0,0.0,0.0,0.0
,449891520000.0,455522146000.0,0.0,0.0,0.0,0.0,7189912120.0,440214753880.0,일반회계,2007,8117480000.0,국가정보원,5630626000.0,0.0,0.0,0.0
,22840114000.0,22840114000.0,0.0,0.0,102700000.0,-102700000.0,1654413270.0,21185700730.0,일반회계,2007,0.0,국가청렴위원회,0.0,0.0,0.0,0.0
제주특별자치도계정,1050000000.0,1050000000.0,0.0,0.0,0.0,0.0,0.0,1050000000.0,국가균형발전특별회계,2007,0.0,국가청소년위원회,0.0,0.0,0.0,0.0
지역개발사업계정,42078000000.0,42078000000.0,0.0,0.0,0.0,0.0,33000000.0,42045000000.0,국가균형발전특별회계,2007,0.0,국가청소년위원회,0.0,0.0,0.0,0.0
,35387945000.0,35420145000.0,0.0,0.0,322355000.0,-322355000.0,708429100.0,23487312100.0,일반회계,2007,11224403800.0,국가청소년위원회,32200000.0,0.0,0.0,0.0
투자계정,6125000000.0,6125000000.0,0.0,0.0,0.0,0.0,0.0,6125000000.0,에너지및자원사업특별회계,2007,0.0,국무총리실,0.0,0.0,0.0,0.0
,328664016000.0,330146882000.0,0.0,0.0,1131321000.0,-1131321000.0,3218727870.0,326485154130.0,일반회계,2007,443000000.0,국무총리실,163000000.0,1319866000.0,0.0,0.0
,2282181000.0,2333181000.0,0.0,0.0,0.0,0.0,291208860.0,2041972140.0,일반회계,2007,0.0,국민경제자문회의,51000000.0,0.0,0.0,0.0
,23193728000.0,24369218000.0,0.0,0.0,144845000.0,-144845000.0,342356880.0,24026861120.0,일반회계,2007,0.0,국민고충처리위원회,159670000.0,1015820000.0,0.0,0.0
,295075658000.0,410570983960.0,0.0,0.0,274452000.0,-274452000.0,141414569620.0,164348237150.0,국방·군사시설이전특별회계,2007,104808177190.0,국방부,115495325960.0,0.0,0.0,0.0
손익계정,26806000000.0,26806000000.0,0.0,0.0,10000000.0,-10000000.0,1657460180.0,25128125110.0,국방홍보원,2007,20414710.0,국방부,0.0,0.0,0.0,0.0
자본계정,2155000000.0,2155000000.0,0.0,0.0,0.0,0.0,399553770.0,1755446230.0,국방홍보원,2007,0.0,국방부,0.0,0.0,0.0,0.0
,17816487262000.0,18257031060490.0,94563071000.0,-94563071000.0,98557191500.0,-98557191500.0,205232439670.0,17499856568290.0,일반회계,2007,551942052530.0,국방부,440543798490.0,0.0,0.0,0.0
,504855170000.0,607240806040.0,0.0,0.0,14822700000.0,-14822700000.0,362594866630.0,183165964270.0,주한미군기지이전특별회계,2007,61479975140.0,국방부,102385636040.0,0.0,0.0,0.0
,1154182324000.0,1167772183340.0,0.0,-82665000.0,5459529000.0,-5459529000.0,71333229280.0,1081983359290.0,일반회계,2007,14455594770.0,국세청,13672524340.0,0.0,0.0,0.0
,62635529000.0,69868010000.0,0.0,0.0,1050344000.0,-1050344000.0,2909599330.0,66958410670.0,일반회계,2007,0.0,국정홍보처,0.0,5541481000.0,0.0,1691000000.0
,394264015000.0,400035569980.0,466000000.0,-466000000.0,3530095000.0,-3530095000.0,13278229130.0,382706548270.0,일반회계,2007,4050792580.0,국회,4176168980.0,2826386000.0,-1300000000.0,69000000.0
,177336244000.0,177383673300.0,0.0,-7314000.0,1713430000.0,-1713430000.0,2512403020.0,173243978850.0,일반회계,2007,1627291430.0,기상청,54743300.0,0.0,0.0,0.0
,4714238499000.0,4012021123400.0,1932436920.0,0.0,293258000.0,-293258000.0,1226535347440.0,2780124302230.0,일반회계,2007,5361473730.0,기획예산처,18110905480.0,360573395000.0,-1082834113000.0,0.0
제주특별자치도계정,2522161000.0,2522161000.0,0.0,0.0,0.0,0.0,42007000.0,2480154000.0,국가균형발전특별회계,2007,0.0,노동부,0.0,0.0,0.0,0.0
농어촌특별세사업계정,1190186000.0,1190186000.0,0.0,0.0,0.0,0.0,0.0,1190186000.0,농어촌구조개선특별회계,2007,0.0,노동부,0.0,0.0,0.0,0.0
투자계정,57682000000.0,57682000000.0,0.0,0.0,47396000.0,-47396000.0,8695050.0,57673304950.0,에너지및자원사업특별회계,2007,0.0,노동부,0.0,0.0,0.0,0.0
,854573818000.0,874149704900.0,2111495000.0,-3147275480.0,4917821000.0,-4917821000.0,21013863274.0,841140332420.0,일반회계,2007,11995509206.0,노동부,17654662380.0,2957005000.0,0.0,0.0
제주특별자치도계정,54862000000.0,54862000000.0,0.0,0.0,0.0,0.0,0.0,54862000000.0,국가균형발전특별회계,2007,0.0,농림부,0.0,0.0,0.0,0.0
지역개발사업계정,1413222000000.0,1413222000000.0,0.0,0.0,0.0,0.0,0.0,1230249000000.0,국가균형발전특별회계,2007,182973000000.0,농림부,0.0,0.0,0.0,0.0
지역혁신사업계정,22142000000.0,24766828000.0,0.0,0.0,0.0,0.0,25136240.0,23322941760.0,국가균형발전특별회계,2007,1418750000.0,농림부,2624828000.0,0.0,0.0,0.0
구조개선사업계정,4653770923000.0,4879896988000.0,0.0,0.0,329668000.0,-329668000.0,472105075660.0,4134419649470.0,농어촌구조개선특별회계,2007,273372262870.0,농림부,226126065000.0,0.0,0.0,0.0
농어촌특별세사업계정,2835209314000.0,2835218121000.0,15136000000.0,-15136000000.0,2327096000.0,-2327096000.0,22310133980.0,2812697173020.0,농어촌구조개선특별회계,2007,210814000.0,농림부,8807000.0,0.0,0.0,0.0
손익계정,1293659763000.0,1293692763000.0,0.0,0.0,15452898000.0,-15452898000.0,44999219380.0,1248533543620.0,양곡관리특별회계,2007,160000000.0,농림부,33000000.0,0.0,0.0,0.0
자본계정,4000.0,4000.0,0.0,0.0,0.0,0.0,4000.0,0.0,양곡관리특별회계,2007,0.0,농림부,0.0,0.0,0.0,0.0
,5392450277000.0,5456127603000.0,1213409000.0,-1217717000.0,300145000.0,-300145000.0,76830217940.0,5323655074690.0,일반회계,2007,55642310370.0,농림부,63549308000.0,0.0,0.0,132326000.0
제주특별자치도계정,4417000000.0,4417000000.0,0.0,0.0,0.0,0.0,0.0,4417000000.0,국가균형발전특별회계,2007,0.0,농촌진흥청,0.0,0.0,0.0,0.0
지역개발사업계정,22446000000.0,22446000000.0,0.0,0.0,0.0,0.0,0.0,22446000000.0,국가균형발전특별회계,2007,0.0,농촌진흥청,0.0,0.0,0.0,0.0
지역혁신사업계정,16818000000.0,16818000000.0,0.0,0.0,0.0,0.0,0.0,16818000000.0,국가균형발전특별회계,2007,0.0,농촌진흥청,0.0,0.0,0.0,0.0
구조개선사업계정,45020400000.0,45021182760.0,0.0,0.0,0.0,0.0,344960000.0,44676222760.0,농어촌구조개선특별회계,2007,0.0,농촌진흥청,782760.0,0.0,0.0,0.0
농어촌특별세사업계정,8798000000.0,8807818000.0,0.0,0.0,0.0,0.0,279497270.0,8528320730.0,농어촌구조개선특별회계,2007,0.0,농촌진흥청,0.0,0.0,0.0,9818000.0
,416894617000.0,418624175240.0,0.0,-4659000.0,1280300000.0,-1280300000.0,6488505290.0,411324427500.0,일반회계,2007,811242450.0,농촌진흥청,1734217240.0,0.0,0.0,0.0
,272698912000.0,280142489490.0,0.0,0.0,0.0,0.0,64937052760.0,213619053250.0,등기특별회계,2007,1586383480.0,대법원,7443577490.0,0.0,0.0,0.0
,935457505000.0,953963930250.0,80000000.0,-80000000.0,1547000000.0,-1547000000.0,22243365250.0,909989220860.0,일반회계,2007,21731344140.0,대법원,18506425250.0,247670000.0,-247670000.0,0.0
,72926209000.0,72926209000.0,0.0,0.0,776500000.0,-776500000.0,1487859110.0,69916189890.0,일반회계,2007,1522160000.0,대통령경호실,0.0,0.0,0.0,0.0
,64580864000.0,64580864000.0,0.0,0.0,0.0,0.0,2395210940.0,62185653060.0,일반회계,2007,0.0,대통령비서실,0.0,0.0,0.0,0.0
제주특별자치도계정,14169000000.0,14169000000.0,0.0,0.0,0.0,0.0,0.0,14169000000.0,국가균형발전특별회계,2007,0.0,문화관광부,0.0,0.0,0.0,0.0
지역개발사업계정,359175000000.0,361895000000.0,0.0,0.0,0.0,0.0,8740000000.0,348599000000.0,국가균형발전특별회계,2007,4556000000.0,문화관광부,2720000000.0,0.0,0.0,0.0
지역혁신사업계정,22064000000.0,27264000000.0,0.0,0.0,0.0,0.0,4100000000.0,23164000000.0,국가균형발전특별회계,2007,0.0,문화관광부,5200000000.0,0.0,0.0,0.0
손익계정,21818181000.0,21818181000.0,0.0,0.0,667649000.0,-667649000.0,270311610.0,21502869390.0,국립중앙극장,2007,45000000.0,문화관광부,0.0,0.0,0.0,0.0
자본계정,1964780000.0,1964780000.0,0.0,0.0,0.0,0.0,6100000.0,1958680000.0,국립중앙극장,2007,0.0,문화관광부,0.0,0.0,0.0,0.0
,1005783048000.0,1030471746860.0,2812786000.0,-2812786000.0,6642215000.0,-6642215000.0,31787461640.0,935289716850.0,일반회계,2007,63394568370.0,문화관광부,22942072860.0,1542598000.0,0.0,204028000.0
제주특별자치도계정,902000000.0,902000000.0,0.0,0.0,0.0,0.0,0.0,902000000.0,국가균형발전특별회계,2007,0.0,문화재청,0.0,0.0,0.0,0.0
지역개발사업계정,40029000000.0,40029000000.0,0.0,0.0,0.0,0.0,0.0,40029000000.0,국가균형발전특별회계,2007,0.0,문화재청,0.0,0.0,0.0,0.0
,358014425000.0,367961067870.0,0.0,0.0,559150000.0,-559150000.0,8297664800.0,345443716720.0,일반회계,2007,14219686350.0,문화재청,9946642870.0,0.0,0.0,0.0
,13733768000.0,13733768000.0,0.0,0.0,662581000.0,-662581000.0,518710450.0,13215057550.0,일반회계,2007,0.0,민주평화통일자문회의,0.0,0.0,0.0,0.0
,4844296000.0,4855817000.0,0.0,0.0,0.0,0.0,65573340.0,4790243660.0,일반회계,2007,0.0,방송위원회,0.0,11521000.0,0.0,0.0
,6680669102000.0,6997433726200.0,0.0,0.0,23963704440.0,-23963704440.0,173146793360.0,6373393838890.0,일반회계,2007,450893093950.0,방위사업청,316764624200.0,0.0,0.0,0.0
,50722000000.0,50722000000.0,0.0,0.0,0.0,0.0,14984388200.0,35737611800.0,교도작업특별회계,2007,0.0,법무부,0.0,0.0,0.0,0.0
,1969419857000.0,2090114201810.0,11765442000.0,-11776222000.0,20576158000.0,-20576158000.0,36837440830.0,2028660747960.0,일반회계,2007,24616013020.0,법무부,29199466810.0,91505658000.0,0.0,0.0
,20207542000.0,20207542000.0,0.0,0.0,349459000.0,-349459000.0,794727370.0,19412814630.0,일반회계,2007,0.0,법제처,0.0,0.0,0.0,0.0
,149245887000.0,149236967000.0,0.0,-8920000.0,1538840000.0,-1538840000.0,5484621700.0,142545941580.0,일반회계,2007,1206403720.0,병무청,0.0,0.0,0.0,0.0
제주특별자치도계정,987000000.0,987000000.0,0.0,0.0,0.0,0.0,0.0,987000000.0,국가균형발전특별회계,2007,0.0,보건복지부,0.0,0.0,0.0,0.0
손익계정,9133554000.0,9133554000.0,0.0,0.0,105400000.0,-105400000.0,831938090.0,8301615910.0,국립공주병원,2007,0.0,보건복지부,0.0,0.0,0.0,0.0
자본계정,2916400000.0,3028255000.0,0.0,0.0,0.0,0.0,3034950.0,3025220050.0,국립공주병원,2007,0.0,보건복지부,111855000.0,0.0,0.0,0.0
손익계정,12416140000.0,12916140000.0,0.0,0.0,440000000.0,-440000000.0,991001530.0,11925138470.0,국립나주병원,2007,0.0,보건복지부,0.0,0.0,0.0,500000000.0
자본계정,374486000.0,1738520280.0,0.0,0.0,0.0,0.0,575360.0,1737944920.0,국립나주병원,2007,0.0,보건복지부,1364034280.0,0.0,0.0,0.0
손익계정,7663176000.0,7663176000.0,0.0,0.0,150300000.0,-150300000.0,438151500.0,7225024500.0,국립마산병원,2007,0.0,보건복지부,0.0,0.0,0.0,0.0
자본계정,503765000.0,503765000.0,0.0,0.0,0.0,0.0,3554650.0,500210350.0,국립마산병원,2007,0.0,보건복지부,0.0,0.0,0.0,0.0
손익계정,5132129000.0,5132129000.0,0.0,0.0,21703000.0,-21703000.0,563826470.0,4568302530.0,국립목포병원,2007,0.0,보건복지부,0.0,0.0,0.0,0.0
자본계정,692110000.0,692110000.0,0.0,0.0,0.0,0.0,67727350.0,393816860.0,국립목포병원,2007,230565790.0,보건복지부,0.0,0.0,0.0,0.0
손익계정,11361033000.0,11361033000.0,0.0,0.0,94801000.0,-94801000.0,1080431060.0,10280601940.0,국립부곡병원,2007,0.0,보건복지부,0.0,0.0,0.0,0.0
자본계정,1272500000.0,1296113460.0,0.0,0.0,0.0,0.0,27091020.0,1269022440.0,국립부곡병원,2007,0.0,보건복지부,23613460.0,0.0,0.0,0.0
손익계정,21817922000.0,21817922000.0,0.0,0.0,238806000.0,-238806000.0,670546770.0,21147375230.0,국립서울병원,2007,0.0,보건복지부,0.0,0.0,0.0,0.0
자본계정,1320027000.0,1320027000.0,0.0,0.0,0.0,0.0,6070380.0,917956620.0,국립서울병원,2007,396000000.0,보건복지부,0.0,0.0,0.0,0.0
손익계정,64976236000.0,64976236000.0,0.0,0.0,2518900000.0,-2518900000.0,1990894540.0,62938341460.0,국립의료원,2007,47000000.0,보건복지부,0.0,0.0,0.0,0.0
자본계정,6623937000.0,6623937000.0,0.0,0.0,0.0,0.0,165611870.0,5206752740.0,국립의료원,2007,1251572390.0,보건복지부,0.0,0.0,0.0,0.0
손익계정,15100354000.0,15280354000.0,0.0,0.0,45210000.0,-45210000.0,1258142640.0,14022211360.0,국립재활원,2007,0.0,보건복지부,0.0,0.0,0.0,180000000.0
자본계정,6365085000.0,8624689590.0,0.0,0.0,0.0,0.0,974166660.0,6303994190.0,국립재활원,2007,1346528740.0,보건복지부,2259604590.0,0.0,0.0,0.0
손익계정,8033250000.0,8033250000.0,0.0,0.0,193581000.0,-193581000.0,537044800.0,7496205200.0,국립춘천병원,2007,0.0,보건복지부,0.0,0.0,0.0,0.0
자본계정,426291000.0,426291000.0,0.0,0.0,0.0,0.0,15053190.0,411237810.0,국립춘천병원,2007,0.0,보건복지부,0.0,0.0,0.0,0.0
농어촌특별세사업계정,73023900000.0,73023900000.0,0.0,0.0,537000000.0,-537000000.0,272063000.0,72751837000.0,농어촌구조개선특별회계,2007,0.0,보건복지부,0.0,0.0,0.0,0.0
투자계정,157520000000.0,157520000000.0,0.0,0.0,0.0,0.0,0.0,157520000000.0,에너지및자원사업특별회계,2007,0.0,보건복지부,0.0,0.0,0.0,0.0
,11529241189000.0,11561910654080.0,2186305000.0,-2186305000.0,54970750000.0,-54970750000.0,55459253020.0,11476128940900.0,일반회계,2007,30322460160.0,보건복지부,14493963080.0,18175502000.0,0.0,0.0
제주특별자치도계정,5084742000.0,5516079000.0,0.0,0.0,0.0,0.0,0.0,5516079000.0,국가균형발전특별회계,2007,0.0,산림청,0.0,431337000.0,0.0,0.0
지역개발사업계정,177653000000.0,177678289000.0,0.0,0.0,0.0,0.0,0.0,177678289000.0,국가균형발전특별회계,2007,0.0,산림청,0.0,25289000.0,0.0,0.0
손익계정,13416061000.0,13416061000.0,0.0,0.0,198273000.0,-198273000.0,595905690.0,12820155310.0,국립자연휴양림관리소,2007,0.0,산림청,0.0,0.0,0.0,0.0
자본계정,14697301000.0,14697301000.0,0.0,0.0,0.0,0.0,232620620.0,13506504120.0,국립자연휴양림관리소,2007,958176260.0,산림청,0.0,0.0,0.0,0.0
임업진흥사업계정,501653730000.0,533048489000.0,0.0,0.0,0.0,0.0,81130381950.0,448090198660.0,농어촌구조개선특별회계,2007,3827908390.0,산림청,30938133000.0,456626000.0,0.0,0.0
,792097152000.0,905711484000.0,550000000.0,-550000000.0,4480459000.0,-4480459000.0,17403134980.0,881731782380.0,일반회계,2007,6576566640.0,산림청,106752660000.0,6861672000.0,0.0,0.0
제주특별자치도계정,98000000.0,98000000.0,0.0,0.0,0.0,0.0,0.0,98000000.0,국가균형발전특별회계,2007,0.0,산업자원부,0.0,0.0,0.0,0.0
지역개발사업계정,43532000000.0,47919750000.0,0.0,0.0,0.0,0.0,3196909000.0,44572841000.0,국가균형발전특별회계,2007,150000000.0,산업자원부,4387750000.0,0.0,0.0,0.0
지역혁신사업계정,743758000000.0,796150823000.0,0.0,-4200000000.0,730000000.0,-730000000.0,102951000.0,781971872000.0,국가균형발전특별회계,2007,14076000000.0,산업자원부,56592823000.0,0.0,0.0,0.0
융자및유가완충계정,1224164000000.0,1224164000000.0,0.0,0.0,0.0,0.0,520650120.0,1223643349880.0,에너지및자원사업특별회계,2007,0.0,산업자원부,0.0,0.0,0.0,0.0
투자계정,2217570000000.0,2217670600000.0,0.0,0.0,2630000000.0,-2630000000.0,64524582080.0,2139777317920.0,에너지및자원사업특별회계,2007,13368700000.0,산업자원부,100600000.0,0.0,0.0,0.0
,1961847640000.0,1966597722000.0,102300000.0,-102300000.0,1515221000.0,-1515221000.0,11582476130.0,1947264130300.0,일반회계,2007,7751115570.0,산업자원부,4750082000.0,0.0,0.0,0.0
제주특별자치도계정,17328000000.0,17328000000.0,0.0,0.0,0.0,0.0,0.0,17328000000.0,국가균형발전특별회계,2007,0.0,소방방재청,0.0,0.0,0.0,0.0
지역개발사업계정,116423000000.0,116423000000.0,0.0,0.0,0.0,0.0,0.0,116423000000.0,국가균형발전특별회계,2007,0.0,소방방재청,0.0,0.0,0.0,0.0
농어촌특별세사업계정,58983000000.0,58983000000.0,0.0,0.0,0.0,0.0,0.0,58983000000.0,농어촌구조개선특별회계,2007,0.0,소방방재청,0.0,0.0,0.0,0.0
,132026882000.0,304619819000.0,3910000000.0,-3910000000.0,970548000.0,-970548000.0,4365942370.0,291941749830.0,일반회계,2007,8312126800.0,소방방재청,9856294000.0,162736643000.0,0.0,0.0
,165352425000.0,175295322710.0,433000000.0,-435339000.0,489372000.0,-489372000.0,5764876380.0,167361219740.0,일반회계,2007,2169226590.0,식품의약품안전청,9945236710.0,0.0,0.0,0.0
,1137934814000.0,1203210377000.0,0.0,0.0,14138374000.0,-14138374000.0,3296239940.0,1199446240310.0,일반회계,2007,467896750.0,여성가족부,188320000.0,65087243000.0,0.0,0.0
,1095963152000.0,1145348149220.0,2656800000.0,-2663578000.0,18118178000.0,-18118178000.0,13013940250.0,1128463177170.0,일반회계,2007,3871031800.0,외교통상부,1514310220.0,16366749000.0,0.0,31510716000.0
,4206603648000.0,4201607570700.0,0.0,-15280755300.0,1901611000.0,-1901611000.0,121071913730.0,4078708622650.0,일반회계,2007,1827034320.0,재정경제부,1954474000.0,8330204000.0,0.0,0.0
제주특별자치도계정,1200000000.0,1200000000.0,0.0,0.0,0.0,0.0,0.0,1200000000.0,국가균형발전특별회계,2007,0.0,정보통신부,0.0,0.0,0.0,0.0
지역혁신사업계정,17506000000.0,17506000000.0,0.0,0.0,0.0,0.0,31000000.0,17475000000.0,국가균형발전특별회계,2007,0.0,정보통신부,0.0,0.0,0.0,0.0
,594065168000.0,594158952490.0,0.0,0.0,0.0,0.0,85515724230.0,508330228260.0,우체국보험특별회계,2007,313000000.0,정보통신부,93784490.0,0.0,0.0,0.0
손익계정,1871535000000.0,1871595000000.0,0.0,0.0,0.0,0.0,78528382450.0,1792835017550.0,우체국예금특별회계,2007,231600000.0,정보통신부,60000000.0,0.0,0.0,0.0
자본계정,15668025000.0,15668025000.0,0.0,0.0,0.0,0.0,42471830.0,15625553170.0,우체국예금특별회계,2007,0.0,정보통신부,0.0,0.0,0.0,0.0
손익계정,2789862884000.0,2790012884000.0,6258000000.0,-6258000000.0,2540000000.0,-2540000000.0,90821084140.0,2698868149860.0,우편사업특별회계,2007,323650000.0,정보통신부,150000000.0,0.0,0.0,0.0
자본계정,248496745000.0,265189294130.0,0.0,0.0,0.0,0.0,18067630890.0,242174916490.0,우편사업특별회계,2007,4946746750.0,정보통신부,16692549130.0,0.0,0.0,0.0
,788825155000.0,795358612150.0,144293000.0,-21791000.0,905546000.0,-905546000.0,16152907080.0,779205705070.0,일반회계,2007,0.0,정보통신부,3864223150.0,2546732000.0,0.0,0.0
손익계정,141365000000.0,143522325700.0,0.0,0.0,402281000.0,-402281000.0,3323532810.0,139545211330.0,조달특별회계,2007,653581560.0,조달청,2157325700.0,0.0,0.0,0.0
자본계정,60833559000.0,60833559000.0,0.0,0.0,0.0,0.0,171383120.0,60476645880.0,조달특별회계,2007,185530000.0,조달청,0.0,0.0,0.0,0.0
손익계정,7056000000.0,7084500000.0,0.0,0.0,86000000.0,-86000000.0,609101590.0,6438398410.0,품질관리단,2007,37000000.0,조달청,28500000.0,0.0,0.0,0.0
자본계정,3044603000.0,3044603000.0,0.0,0.0,0.0,0.0,1439609080.0,1506070870.0,품질관리단,2007,98923050.0,조달청,0.0,0.0,0.0,0.0
제주특별자치도계정,11525416000.0,11525416000.0,0.0,0.0,0.0,0.0,0.0,11525416000.0,국가균형발전특별회계,2007,0.0,중소기업청,0.0,0.0,0.0,0.0
지역개발사업계정,169000000000.0,169000000000.0,0.0,0.0,0.0,0.0,0.0,169000000000.0,국가균형발전특별회계,2007,0.0,중소기업청,0.0,0.0,0.0,0.0
지역혁신사업계정,95379000000.0,96929000000.0,0.0,0.0,0.0,0.0,0.0,96929000000.0,국가균형발전특별회계,2007,0.0,중소기업청,1550000000.0,0.0,0.0,0.0
,1408572486000.0,1409688684680.0,0.0,-3890000.0,1257940000.0,-1257940000.0,5498754080.0,1403156417090.0,일반회계,2007,1033513510.0,중소기업청,1120088680.0,0.0,0.0,0.0
,367427951000.0,373445507170.0,0.0,0.0,2472291000.0,-2472291000.0,34427360260.0,334970473910.0,일반회계,2007,4047673000.0,중앙선거관리위원회,2035556170.0,4454863000.0,-472863000.0,0.0
,121414697000.0,121410938000.0,0.0,-3759000.0,928783000.0,-928783000.0,5683669620.0,115727268380.0,일반회계,2007,0.0,중앙인사위원회,0.0,0.0,0.0,0.0
,11933576000.0,12832230000.0,0.0,0.0,63367000.0,-63367000.0,1443537060.0,10941192940.0,일반회계,2007,447500000.0,진실·화해를위한과거사정리위원회,313450000.0,585204000.0,0.0,0.0
,7814676000.0,7814676000.0,0.0,0.0,0.0,0.0,744447570.0,7070228430.0,일반회계,2007,0.0,친일반민족행위진상규명위원회,0.0,0.0,0.0,0.0
,145953588000.0,147548376000.0,21257000.0,0.0,3383827000.0,-3383827000.0,7003350340.0,138657737850.0,일반회계,2007,1887287810.0,통계청,0.0,0.0,0.0,1573531000.0
,609847887000.0,618668337000.0,0.0,0.0,1409776000.0,-1409776000.0,1327667880.0,614828372420.0,일반회계,2007,2512296700.0,통일부,10000000.0,8810450000.0,0.0,0.0
손익계정,306224000000.0,311138497350.0,0.0,0.0,1060115000.0,-1060115000.0,12264692850.0,298849104500.0,특허관리,2007,24700000.0,특허청,2377201350.0,0.0,0.0,2537296000.0
자본계정,4895266000.0,5096666000.0,0.0,0.0,445640000.0,-445640000.0,116665510.0,4980000490.0,특허관리,2007,0.0,특허청,0.0,0.0,0.0,201400000.0
,748773710000.0,770938704180.0,1059510000.0,-1064809000.0,1102510000.0,-1102510000.0,27534455780.0,736449278680.0,일반회계,2007,6954969720.0,해양경찰청,12653293180.0,9517000000.0,0.0,0.0
항만계정,1819810437000.0,1952934004700.0,0.0,0.0,65713539000.0,-65713539000.0,37112907370.0,1768864793260.0,교통시설특별회계,2007,146956304070.0,해양수산부,133123567700.0,0.0,0.0,0.0
제주특별자치도계정,97865000000.0,97865000000.0,0.0,0.0,0.0,0.0,540000000.0,97325000000.0,국가균형발전특별회계,2007,0.0,해양수산부,0.0,0.0,0.0,0.0
지역개발사업계정,207436000000.0,212013300000.0,0.0,0.0,0.0,0.0,240000000.0,208453230000.0,국가균형발전특별회계,2007,3320070000.0,해양수산부,4577300000.0,0.0,0.0,0.0
지역혁신사업계정,4300000000.0,4300000000.0,0.0,0.0,0.0,0.0,0.0,4300000000.0,국가균형발전특별회계,2007,0.0,해양수산부,0.0,0.0,0.0,0.0
구조개선사업계정,109723000000.0,114658563240.0,1841900000.0,-1841900000.0,1570680000.0,-1570680000.0,2064478690.0,76490134640.0,농어촌구조개선특별회계,2007,36103949910.0,해양수산부,4935563240.0,0.0,0.0,0.0
농어촌특별세사업계정,244042000000.0,249635659250.0,0.0,0.0,0.0,0.0,2076704230.0,238391017820.0,농어촌구조개선특별회계,2007,9167937200.0,해양수산부,5593659250.0,0.0,0.0,0.0
손익계정,18000675000.0,18166007000.0,0.0,0.0,388000.0,-388000.0,172351610.0,17993655390.0,대산지방해양수산청,2007,0.0,해양수산부,0.0,0.0,0.0,165332000.0
자본계정,63150292000.0,66131226850.0,0.0,0.0,0.0,0.0,7569340170.0,54227400110.0,대산지방해양수산청,2007,4334486570.0,해양수산부,2180934850.0,800000000.0,0.0,0.0
투자계정,34100000000.0,34100000000.0,0.0,0.0,0.0,0.0,9894178270.0,24205821730.0,에너지및자원사업특별회계,2007,0.0,해양수산부,0.0,0.0,0.0,0.0
손익계정,49346700000.0,49346700000.0,0.0,0.0,55526000.0,-55526000.0,18426705520.0,30911772800.0,울산지방해양수산청,2007,8221680.0,해양수산부,0.0,0.0,0.0,0.0
자본계정,153619078000.0,158775922480.0,0.0,0.0,0.0,0.0,6565412180.0,143141267310.0,울산지방해양수산청,2007,9069242990.0,해양수산부,5156844480.0,0.0,0.0,0.0
,2420602097000.0,2556172187910.0,0.0,0.0,8590345000.0,-8590345000.0,17129006840.0,2523065375080.0,일반회계,2007,15977805990.0,해양수산부,32163924910.0,103381166000.0,0.0,25000000.0
제주특별자치도계정,206000000.0,206000000.0,0.0,0.0,0.0,0.0,0.0,206000000.0,국가균형발전특별회계,2007,0.0,행정자치부,0.0,0.0,0.0,0.0
지역개발사업계정,404386000000.0,404386000000.0,0.0,0.0,0.0,0.0,0.0,373289823000.0,국가균형발전특별회계,2007,31096177000.0,행정자치부,0.0,0.0,0.0,0.0
지역혁신사업계정,20000000000.0,24200000000.0,4200000000.0,0.0,0.0,0.0,487843490.0,22168685510.0,국가균형발전특별회계,2007,1543471000.0,행정자치부,0.0,0.0,0.0,0.0
,26906241962000.0,27036684331840.0,1124829000.0,-2021485440.0,8794236000.0,-8794236000.0,29988401970.0,26986778156910.0,일반회계,2007,19917772960.0,행정자치부,106007659280.0,21962385000.0,0.0,3368982000.0
,80122570000.0,80122570000.0,0.0,0.0,0.0,0.0,0.0,80122570000.0,일반회계,2007,0.0,행정중심복합도시건설청,0.0,0.0,0.0,0.0
,80122570000.0,108049185630.0,0.0,0.0,293000000.0,-293000000.0,27174389830.0,68502471210.0,행정중심복합도시건설특별회계,2007,12372324590.0,행정중심복합도시건설청,27926615630.0,0.0,0.0,0.0
,19961988000.0,20010888000.0,0.0,0.0,369183000.0,-369183000.0,1801098030.0,18194070970.0,일반회계,2007,15719000.0,헌법재판소,48900000.0,25000000.0,-25000000.0,0.0
제주특별자치도계정,12337000000.0,20318528000.0,0.0,0.0,0.0,0.0,0.0,20318528000.0,국가균형발전특별회계,2007,0.0,환경부,0.0,7981528000.0,0.0,0.0
지역개발사업계정,215783000000.0,221783000000.0,0.0,0.0,0.0,0.0,0.0,218383000000.0,국가균형발전특별회계,2007,3400000000.0,환경부,6000000000.0,0.0,0.0,0.0
지역혁신사업계정,8713000000.0,8713000000.0,0.0,0.0,0.0,0.0,0.0,8713000000.0,국가균형발전특별회계,2007,0.0,환경부,0.0,0.0,0.0,0.0
농어촌특별세사업계정,89668000000.0,89668000000.0,0.0,0.0,0.0,0.0,0.0,89668000000.0,농어촌구조개선특별회계,2007,0.0,환경부,0.0,0.0,0.0,0.0
,1698600000000.0,1706581528000.0,0.0,0.0,0.0,0.0,0.0,1706581528000.0,일반회계,2007,0.0,환경부,0.0,7981528000.0,0.0,0.0
,2896672000000.0,2926964257290.0,2268237000.0,-2268237000.0,12005354000.0,-12005354000.0,16516794880.0,2883629388410.0,환경개선특별회계,2007,26818074000.0,환경부,30228870290.0,0.0,0.0,63387000.0
