ANE_BDG_CAMT,ANE_VARI_AMT,DUSEAMT,EP_AMT,회계연도,NYR_BFW_AMT,소관명,수납액,예산현액,증감액
14213690000.0,2300695320.0,1697299260.0,11912994680.0,2022,603396060.0,5·18민주화운동 진상규명조사위원회,41901920.0,0.0,41901920.0
15883361960.0,5525365590.0,5525365590.0,10357996370.0,2022,0.0,가습기살균제사건과 4·16세월호참사 특별조사위원회,53544920.0,0.0,53544920.0
135444096450.0,8240412610.0,6672448020.0,127203683840.0,2022,1567964590.0,감사원,563970880.0,716000000.0,-152029120.0
50069365000.0,1877380490.0,1877380490.0,48191984510.0,2022,0.0,개인정보보호위원회,3362564850.0,2906000000.0,456564850.0
12318870390310.0,238115441250.0,220157030450.0,12080754949060.0,2022,17958410800.0,경찰청,1374688482330.0,1079654000000.0,295034482330.0
10594513966500.0,1606273924670.0,1603672324290.0,8988240041830.0,2022,2601600380.0,고용노동부,538360261110.0,141061000000.0,397299261110.0
23721358580.0,5419519460.0,3786134810.0,18301839120.0,2022,1633384650.0,고위공직자범죄수사처,142559650.0,0.0,142559650.0
158607889400.0,3767268320.0,1804264320.0,154840621080.0,2022,1963004000.0,공정거래위원회,673669016560.0,391433000000.0,282236016560.0
19879744980300.0,978599077410.0,951913708470.0,18901145902890.0,2022,26685368940.0,과학기술정보통신부,9904044890940.0,10293634000000.0,-389589109060.0
612971466470.0,23702790520.0,19843640940.0,589268675950.0,2022,3859149580.0,관세청,58216559120.0,37568000000.0,20648559120.0
99440674207360.0,168388527540.0,155017409230.0,99272285679820.0,2022,13371118310.0,교육부,4327205340840.0,4055303000000.0,271902340840.0
1455299000.0,234851630.0,207305440.0,1220447370.0,2022,27546190.0,국가교육위원회,0.0,0.0,0.0
5760645637640.0,97595782890.0,63335176710.0,5663049854750.0,2022,34260606180.0,국가보훈처,6381472590.0,9304000000.0,-2922527410.0
41467621410.0,2362150380.0,2362150380.0,39105471030.0,2022,0.0,국가인권위원회,9816870.0,12000000.0,-2183130.0
839725550500.0,61252606170.0,52839758480.0,778472944330.0,2022,8412847690.0,국가정보원,42317964910.0,7719000000.0,34598964910.0
662827124410.0,32967412810.0,32414443810.0,629859711600.0,2022,552969000.0,국무조정실 및 국무총리비서실,286499820.0,23000000.0,263499820.0
92793000000.0,4308560700.0,4308560700.0,88484439300.0,2022,0.0,국민권익위원회,1178726690.0,539000000.0,639726690.0
39699588628190.0,1978269211610.0,853168248740.0,37721319416580.0,2022,1125100962870.0,국방부,1768988992600.0,1746259000000.0,22729992600.0
1922221000000.0,21926841990.0,21639294070.0,1900294158010.0,2022,287547920.0,국세청,492821303280.0,548192000000.0,-55370696720.0
40862300817530.0,1323598964120.0,528596446520.0,39538701853410.0,2022,795002517600.0,국토교통부,16255958602830.0,15951474000000.0,304484602830.0
720496519540.0,65025676250.0,55604155780.0,655470843290.0,2022,9421520470.0,국회,3764895850.0,4163000000.0,-398104150.0
4156769286380.0,4953459390.0,4863095760.0,4151815826990.0,2022,90363630.0,금융위원회,316551127000.0,281749000000.0,34802127000.0
475242462170.0,33671632900.0,18224679410.0,441570829270.0,2022,15446953490.0,기상청,5692741280.0,21419000000.0,-15726258720.0
22841732246280.0,2906975835370.0,2892201730880.0,19934756410910.0,2022,14774104490.0,기획재정부,495666295291510.0,498780137950000.0,-3113842658490.0
19248224399650.0,1126178392920.0,193620977370.0,18122046006730.0,2022,932557415550.0,농림축산식품부,17293886363060.0,16975645000000.0,318241363060.0
1166143169220.0,24746178480.0,18869825560.0,1141396990740.0,2022,5876352920.0,농촌진흥청,15954682850.0,17541000000.0,-1586317150.0
2042688502240.0,87900853470.0,74942274580.0,1954787648770.0,2022,12958578890.0,대법원,723403230910.0,789450000000.0,-66046769090.0
106575123000.0,2753242730.0,2604626730.0,103821880270.0,2022,148616000.0,대통령경호처,333024450.0,75000000.0,258024450.0
93132000000.0,8881407210.0,8881407210.0,84250592790.0,2022,0.0,대통령비서실 및 국가안보실,664949280.0,297000000.0,367949280.0
1078142177030.0,37153552030.0,19542961600.0,1040988625000.0,2022,17610590430.0,문화재청,46335981930.0,54975000000.0,-8639018070.0
4109218591490.0,179697616490.0,123051976410.0,3929520975000.0,2022,56645640080.0,문화체육관광부,404249958340.0,223607000000.0,180642958340.0
33728000000.0,1042333870.0,1042333870.0,32685666130.0,2022,0.0,민주평화통일자문회의,12112110.0,5000000.0,7112110.0
50676000000.0,2695815300.0,2561815300.0,47980184700.0,2022,134000000.0,방송통신위원회,22348847950.0,31109000000.0,-8760152050.0
16425500451290.0,680726263730.0,298724203840.0,15744774187560.0,2022,382002059890.0,방위사업청,242060908500.0,323335000000.0,-81274091500.0
4267292427770.0,83657174310.0,76797585740.0,4183635253460.0,2022,6859588570.0,법무부,1413125894140.0,1477330000000.0,-64204105860.0
42951600000.0,2281515860.0,2281515860.0,40670084140.0,2022,0.0,법제처,289117610.0,0.0,289117610.0
272021000000.0,30440054820.0,30440054820.0,241580945180.0,2022,0.0,병무청,483439740.0,302000000.0,181439740.0
67573468737180.0,415561198120.0,387333242250.0,67157907539060.0,2022,28227955870.0,보건복지부,1244919650970.0,713006000000.0,531913650970.0
3409408929810.0,114260813540.0,26684113770.0,3295148116270.0,2022,87576699770.0,산림청,1276515995600.0,1092578000000.0,183937995600.0
10854398082340.0,151749183590.0,145128860450.0,10702648898750.0,2022,6620323140.0,산업통상자원부,7843854105210.0,7800423800000.0,43430305210.0
254148841670.0,9154726580.0,3878631290.0,244994115090.0,2022,5276095290.0,새만금개발청,9920082540.0,7903000000.0,2017082540.0
262615367720.0,25855015830.0,6957060390.0,236760351890.0,2022,18897955440.0,소방청,3475056510.0,3579000000.0,-103943490.0
665473060430.0,23901466590.0,14527605660.0,641571593840.0,2022,9373860930.0,식품의약품안전처,34692389010.0,50145000000.0,-15452610990.0
695335040250.0,29704498310.0,16252253320.0,665630541940.0,2022,13452244990.0,여성가족부,34525687330.0,13492000000.0,21033687330.0
2891047566500.0,79500444180.0,72983595940.0,2811547122320.0,2022,6516848240.0,외교부,291599632660.0,231958000000.0,59641632660.0
156067724000.0,1137906250.0,1137906250.0,154929817750.0,2022,0.0,원자력안전위원회,2951452620.0,1677000000.0,1274452620.0
4226301530000.0,6548972800.0,6482610940.0,4219752557200.0,2022,66361860.0,인사혁신처,60847209050.0,60568000000.0,279209050.0
500216448160.0,22890016120.0,15406772660.0,477326432040.0,2022,7483243460.0,조달청,573070293170.0,493987000000.0,79083293170.0
49108684991000.0,9080144490.0,5810710670.0,49099604846510.0,2022,3269433820.0,중소벤처기업부,173897592390.0,184654000000.0,-10756407610.0
870678677900.0,30786506980.0,30664214750.0,839892170920.0,2022,122292230.0,중앙선거관리위원회,6679041220.0,4035000000.0,2644041220.0
13940384870.0,605590530.0,332231670.0,13334794340.0,2022,273358860.0,진실·화해를위한과거사정리위원회,23660.0,0.0,23660.0
13442882587400.0,1633921898640.0,836912582830.0,11808960688760.0,2022,797009315810.0,질병관리청,196775715240.0,39258000000.0,157517715240.0
380464000000.0,12994890940.0,12994890940.0,367469109060.0,2022,0.0,통계청,6260931900.0,3454000000.0,2806931900.0
331889170120.0,35132271040.0,31025088250.0,296756899080.0,2022,4107182790.0,통일부,2739410810.0,1673000000.0,1066410810.0
799309850000.0,12682812450.0,12682812450.0,786627037550.0,2022,0.0,특허청,843538695770.0,794587000000.0,48951695770.0
1727135115780.0,23701269140.0,4772335010.0,1703433846640.0,2022,18928934130.0,해양경찰청,4027013030.0,5244000000.0,-1216986970.0
7252195751590.0,355546818220.0,135256288160.0,6896648933370.0,2022,220290530060.0,해양수산부,1626756041120.0,1546830000000.0,79926041120.0
83298971357020.0,2322723010600.0,2203702525210.0,80976248346420.0,2022,119020485390.0,행정안전부,288199297290.0,66420000000.0,221779297290.0
826228622430.0,60556512310.0,13695383950.0,765672110120.0,2022,46861128360.0,행정중심복합도시건설청,428307493120.0,405202000000.0,23105493120.0
52871000000.0,2798657990.0,2798657990.0,50072342010.0,2022,0.0,헌법재판소,45413010.0,480000000.0,-434586990.0
17833557945730.0,723728382050.0,556127151230.0,17109829563680.0,2022,167601230820.0,환경부,7379412413620.0,6773439000000.0,605973413620.0
12168969000.0,2790049690.0,2309359690.0,9378919310.0,2021,480690000.0,5·18민주화운동 진상규명조사위원회,0.0,0.0,0.0
20034589940.0,8267824370.0,4895462410.0,11766765570.0,2021,3372361960.0,가습기살균제사건과 4·16세월호참사 특별조사위원회,7905560.0,0.0,7905560.0
137419557540.0,11101385400.0,10877788950.0,126318172140.0,2021,223596450.0,감사원,726518920.0,609000000.0,117518920.0
36842000000.0,1301605520.0,1249240520.0,35540394480.0,2021,52365000.0,개인정보보호위원회,16026378270.0,4284000000.0,11742378270.0
12049091061980.0,326220435230.0,309791044920.0,11722870626750.0,2021,16429390310.0,경찰청,1099739555830.0,946618000000.0,153121555830.0
10179963976630.0,732687011670.0,730821045170.0,9447276964960.0,2021,1865966500.0,고용노동부,356246448040.0,86322000000.0,269924448040.0
23220383000.0,9273902770.0,5329544190.0,13946480230.0,2021,3944358580.0,고위공직자범죄수사처,2811980.0,0.0,2811980.0
146576000000.0,4894330340.0,3311190940.0,141681669660.0,2021,1583139400.0,공정거래위원회,790844413720.0,402718000000.0,388126413720.0
17906389220090.0,899157849290.0,789184368990.0,17007231370800.0,2021,109973480300.0,과학기술정보통신부,9924691329710.0,9122749000000.0,801942329710.0
597517674290.0,34444997270.0,33081530800.0,563072677020.0,2021,1363466470.0,관세청,38601780210.0,81293000000.0,-42691219790.0
82087407087550.0,272248452140.0,180999521780.0,81815158635410.0,2021,91248930360.0,교육부,4473849949000.0,4172657000000.0,301192949000.0
5689743965880.0,42140780860.0,23310143220.0,5647603185020.0,2021,18830637640.0,국가보훈처,4138544190.0,8926000000.0,-4787455810.0
38248160000.0,2266221080.0,1859851670.0,35981938920.0,2021,406369410.0,국가인권위원회,28993200.0,102000000.0,-73006800.0
757478919560.0,54381978450.0,45856427950.0,703096941110.0,2021,8525550500.0,국가정보원,19393550490.0,2884941000.0,16508609490.0
648783820870.0,35304109930.0,31165485520.0,613479710940.0,2021,4138624410.0,국무조정실 및 국무총리비서실,362870600.0,0.0,362870600.0
90835000000.0,7421483050.0,7421483050.0,83413516950.0,2021,0.0,국민권익위원회,435124800.0,479000000.0,-43875200.0
38099950670280.0,2195336010960.0,1013388614770.0,35904614659320.0,2021,1181947396190.0,국방부,1677476694840.0,1989416000000.0,-311939305160.0
1890522000000.0,89859166450.0,89859166450.0,1800662833550.0,2021,0.0,국세청,737986647200.0,693957000000.0,44029647200.0
46819724030690.0,953710659560.0,514030685160.0,45866013371130.0,2021,439679974400.0,국토교통부,20416196870820.0,20494875000000.0,-78678129180.0
718167023030.0,76323336890.0,55635817350.0,641843686140.0,2021,20687519540.0,국회,3230187170.0,3688000000.0,-457812830.0
3945268114000.0,5892002510.0,5664716130.0,3939376111490.0,2021,227286380.0,금융위원회,258121599730.0,248069000000.0,10052599730.0
445682178960.0,44139336690.0,20983874520.0,401542842270.0,2021,23155462170.0,기상청,17439047020.0,22723000000.0,-5283952980.0
20079615846670.0,1971103380090.0,1966556576810.0,18108512466580.0,2021,4546803280.0,기획재정부,439655796738580.0,426359667089000.0,13296129649580.0
19642428961100.0,204339208970.0,110391809320.0,19438089752130.0,2021,93947399650.0,농림축산식품부,19831702764420.0,16626727000000.0,3204975764420.0
1129336011200.0,35386725640.0,16374556420.0,1093949285560.0,2021,19012169220.0,농촌진흥청,18268994650.0,12433000000.0,5835994650.0
2092174110170.0,158913716880.0,134302214640.0,1933260393290.0,2021,24611502240.0,대법원,788126041660.0,988194000000.0,-200067958340.0
92862175000.0,8405656230.0,8232026230.0,84456518770.0,2021,173630000.0,대통령경호처,120657220.0,80000000.0,40657220.0
97607000000.0,7659429740.0,7659429740.0,89947570260.0,2021,0.0,대통령비서실 및 국가안보실,702178850.0,243000000.0,459178850.0
1016405286110.0,55864573970.0,23552396940.0,960540712140.0,2021,32312177030.0,문화재청,43384727010.0,44786000000.0,-1401272990.0
3914292984680.0,250945477640.0,146198286150.0,3663347507040.0,2021,104747191490.0,문화체육관광부,248596296800.0,227666000000.0,20930296800.0
32918000000.0,1655507200.0,1655507200.0,31262492800.0,2021,0.0,민주평화통일자문회의,15172000.0,6000000.0,9172000.0
52149761000.0,3811860180.0,3661860180.0,48337900820.0,2021,150000000.0,방송통신위원회,2204544070.0,35250000000.0,-33045455930.0
16635916607050.0,412844972380.0,124004521090.0,16223071634670.0,2021,288840451290.0,방위사업청,271640620190.0,452879000000.0,-181238379810.0
4162053360980.0,225876779160.0,192098417390.0,3936176581820.0,2021,33778361770.0,법무부,1385728007060.0,2068995000000.0,-683266992940.0
40737000000.0,3446450800.0,3446450800.0,37290549200.0,2021,0.0,법제처,83472390.0,0.0,83472390.0
244368000000.0,24350208710.0,24350208710.0,220017791290.0,2021,0.0,병무청,316682190.0,1526000000.0,-1209317810.0
60965711487640.0,93327866580.0,62487748400.0,60872383621060.0,2021,30840118180.0,보건복지부,1021450904740.0,688175000000.0,333275904740.0
3346889053120.0,84027306640.0,41750557830.0,3262861746480.0,2021,42276748810.0,산림청,1132650186690.0,1011480000000.0,121170186690.0
12119758109180.0,443638472920.0,356688174580.0,11676119636260.0,2021,86950298340.0,산업통상자원부,8108641377280.0,8439026000000.0,-330384622720.0
304173504800.0,9606926980.0,3779085310.0,294566577820.0,2021,5827841670.0,새만금개발청,4579194850.0,5390000000.0,-810805150.0
224657073170.0,14834655930.0,7515288210.0,209822417240.0,2021,7319367720.0,소방청,3812805500.0,2840000000.0,972805500.0
618698394300.0,24640532960.0,19809972530.0,594057861340.0,2021,4830560430.0,식품의약품안전처,38036407940.0,32062000000.0,5974407940.0
614330525680.0,18849208120.0,6925167870.0,595481317560.0,2021,11924040250.0,여성가족부,46267581170.0,10717000000.0,35550581170.0
2786281798110.0,176332696060.0,162535129560.0,2609949102050.0,2021,13797566500.0,외교부,49269053580.0,198194000000.0,-148924946420.0
158517374100.0,2165761310.0,2089037310.0,156351612790.0,2021,76724000.0,원자력안전위원회,1472111280.0,1677000000.0,-204888720.0
3775627000000.0,10400502940.0,10400502940.0,3765226497060.0,2021,0.0,인사혁신처,68111145980.0,68328000000.0,-216854020.0
466590998290.0,59471105110.0,53322656950.0,407119893180.0,2021,6148448160.0,조달청,511955753140.0,464271400000.0,47684353140.0
22540260067420.0,24478326430.0,11870135430.0,22515781740990.0,2021,12608191000.0,중소벤처기업부,172150139900.0,155423000000.0,16727139900.0
385260548740.0,25323010850.0,25259332950.0,359937537890.0,2021,63677900.0,중앙선거관리위원회,1144529570.0,1537000000.0,-392470430.0
11448000000.0,3138313250.0,2938928380.0,8309686750.0,2021,199384870.0,진실·화해를위한과거사정리위원회,0.0,0.0,0.0
9096537799500.0,736631172000.0,58116069600.0,8359906627500.0,2021,678515102400.0,질병관리청,62251908090.0,36096000000.0,26155908090.0
417018265000.0,22660718110.0,22660718110.0,394357546890.0,2021,0.0,통계청,4908224940.0,3637000000.0,1271224940.0
329981144770.0,35732831120.0,33754661000.0,294248313650.0,2021,1978170120.0,통일부,2171771390.0,2820000000.0,-648228610.0
639308000000.0,15734691920.0,15734691920.0,623573308080.0,2021,0.0,특허청,723333285660.0,639308000000.0,84025285660.0
1549660441240.0,39433875860.0,32198760080.0,1510226565380.0,2021,7235115780.0,해양경찰청,5299977290.0,6872000000.0,-1572022710.0
7459409487770.0,388628429530.0,201931181940.0,7070781058240.0,2021,186697247590.0,해양수산부,1748810821530.0,1793581000000.0,-44770178470.0
72650735701570.0,202288075300.0,116678180280.0,72448447626270.0,2021,85609895020.0,행정안전부,269606849320.0,61783000000.0,207823849320.0
878599898110.0,36384700860.0,6872078430.0,842215197250.0,2021,29512622430.0,행정중심복합도시건설청,446493231240.0,436102000000.0,10391231240.0
52602000000.0,3800894950.0,3791894950.0,48801105050.0,2021,9000000.0,헌법재판소,96253480.0,41000000.0,55253480.0
16235487104080.0,686897981070.0,447259085210.0,15548589123010.0,2021,239638895860.0,환경부,7669328247970.0,7561276000000.0,108052247970.0
7727488310.0,2010409730.0,1732809730.0,5717078580.0,2020,277600000.0,5·18민주화운동 진상규명조사위원회,56951090.0,0.0,56951090.0
20424690560.0,5642031070.0,4764041130.0,14782659490.0,2020,877989940.0,가습기살균제사건과 4·16세월호참사 특별조사위원회,22450860.0,0.0,22450860.0
134325305910.0,8452737030.0,6866179490.0,125872568880.0,2020,1586557540.0,감사원,481478070.0,475000000.0,6478070.0
12968983470.0,1117244600.0,1117244600.0,11851738870.0,2020,0.0,개인정보보호위원회,63940010.0,2107834000.0,-2043893990.0
11426115405530.0,164872063130.0,133581001150.0,11261243342400.0,2020,31291061980.0,경찰청,982348918500.0,951452000000.0,30896918500.0
12556500944200.0,206292626330.0,201883050700.0,12350208317870.0,2020,4409575630.0,고용노동부,140051480300.0,86322000000.0,53729480300.0
139121687140.0,4699872060.0,4414872060.0,134421815080.0,2020,285000000.0,공정거래위원회,267643064610.0,425320000000.0,-157676935390.0
17470282091510.0,1234478329870.0,1130205209780.0,16235803761640.0,2020,104273120090.0,과학기술정보통신부,8743237465510.0,9110208000000.0,-366970534490.0
571609086000.0,30430466890.0,29113792600.0,541178619110.0,2020,1316674290.0,관세청,93924017210.0,143823000000.0,-49898982790.0
75384906961490.0,143670241000.0,97891222450.0,75241236720490.0,2020,45779018550.0,교육부,4478821797730.0,4192765000000.0,286056797730.0
5523138678310.0,17740221560.0,11268255680.0,5505398456750.0,2020,6471965880.0,국가보훈처,4674441140.0,8338000000.0,-3663558860.0
38369605600.0,2182276380.0,1865116380.0,36187329220.0,2020,317160000.0,국가인권위원회,14431160.0,12000000.0,2431160.0
702878045000.0,82723559410.0,71244639850.0,620154485590.0,2020,11478919560.0,국가정보원,17090739510.0,12439000000.0,4651739510.0
613368904000.0,29196804970.0,27190215100.0,584172099030.0,2020,2006589870.0,국무조정실 및 국무총리비서실,331134590.0,0.0,331134590.0
87163600000.0,5798798420.0,5798798420.0,81364801580.0,2020,0.0,국민권익위원회,334951120.0,471000000.0,-136048880.0
34789177986820.0,1180477945310.0,669654275030.0,33608700041510.0,2020,510823670280.0,국방부,1813968673310.0,1871820000000.0,-57851326690.0
1789811199000.0,50138557460.0,50138557460.0,1739672641540.0,2020,0.0,국세청,899816135440.0,871632000000.0,28184135440.0
40297379482730.0,674160199390.0,185876627700.0,39623219283340.0,2020,488283571690.0,국토교통부,15500048010750.0,15411135000000.0,88913010750.0
677368399600.0,60861958770.0,48012935740.0,616506440830.0,2020,12849023030.0,국회,3294100890.0,3406000000.0,-111899110.0
5677604819000.0,7196728150.0,7100614150.0,5670408090850.0,2020,96114000.0,금융위원회,853607439000.0,854191000000.0,-583561000.0
384608409500.0,26670519080.0,10611401120.0,357937890420.0,2020,16059117960.0,기상청,6361431180.0,22122000000.0,-15760568820.0
15458368166580.0,1623745552920.0,1620513188250.0,13834622613660.0,2020,3232364670.0,기획재정부,393577965051680.0,389193786369000.0,4384178682680.0
20102586939540.0,111794088880.0,85637897780.0,19990792850660.0,2020,26156191100.0,농림축산식품부,15892602578370.0,13472162000000.0,2420440578370.0
1078998905730.0,12437085740.0,8645074540.0,1066561819990.0,2020,3792011200.0,농촌진흥청,20305037810.0,12232000000.0,8073037810.0
2013049343860.0,173474907040.0,158116796870.0,1839574436820.0,2020,15358110170.0,대법원,719760224920.0,947557000000.0,-227796775080.0
89243459270.0,8529627590.0,8354452590.0,80713831680.0,2020,175175000.0,대통령경호처,106146800.0,75370000.0,30776800.0
94827000000.0,2892654280.0,2892654280.0,91934345720.0,2020,0.0,대통령비서실 및 국가안보실,462932820.0,243000000.0,219932820.0
912490581000.0,31047951520.0,21330665410.0,881442629480.0,2020,9717286110.0,문화재청,32786473720.0,52952000000.0,-20165526280.0
3741108161120.0,175847407750.0,109257423070.0,3565260753370.0,2020,66589984680.0,문화체육관광부,182722235160.0,187648000000.0,-4925764840.0
32819402000.0,3136265750.0,3136265750.0,29683136250.0,2020,0.0,민주평화통일자문회의,3944740.0,6000000.0,-2055260.0
59714868420.0,2798237870.0,2716476870.0,56916630550.0,2020,81761000.0,방송통신위원회,63737571940.0,40887581000.0,22849990940.0
16078560672540.0,335299334930.0,132864727880.0,15743261337610.0,2020,202434607050.0,방위사업청,241631901080.0,571606000000.0,-329974098920.0
3832431006830.0,117292074550.0,89674981570.0,3715138932280.0,2020,27617092980.0,법무부,1454899072020.0,1750650000000.0,-295750927980.0
40879410000.0,2462735630.0,2462735630.0,38416674370.0,2020,0.0,법제처,1167430.0,0.0,1167430.0
233275450000.0,22851259600.0,22851259600.0,210424190400.0,2020,0.0,병무청,227760270.0,216000000.0,11760270.0
57975726059350.0,123302504490.0,75867661850.0,57852423554860.0,2020,47434842640.0,보건복지부,788103432150.0,678360000000.0,109743432150.0
3110822383730.0,42238088670.0,26994335550.0,3068584295060.0,2020,15243753120.0,산림청,1057063468200.0,971724000000.0,85339468200.0
11390860249360.0,975644312410.0,951838203230.0,10415215936950.0,2020,23806109180.0,산업통상자원부,6869272394890.0,7929871000000.0,-1060598605110.0
321411972410.0,9639988370.0,1693483570.0,311771984040.0,2020,7946504800.0,새만금개발청,1703178190.0,1709000000.0,-5821810.0
218746578990.0,10288352860.0,6392279690.0,208458226130.0,2020,3896073170.0,소방청,13151975590.0,3499000000.0,9652975590.0
592214264780.0,23062398310.0,15332004010.0,569151866470.0,2020,7730394300.0,식품의약품안전처,31640749490.0,32444000000.0,-803250510.0
573313166990.0,15356925210.0,5978399530.0,557956241780.0,2020,9378525680.0,여성가족부,34838470490.0,10327000000.0,24511470490.0
2463662510120.0,121094098550.0,118720300440.0,2342568411570.0,2020,2373798110.0,외교부,64253261090.0,283734000000.0,-219480738910.0
108406000000.0,1076187490.0,1020074390.0,107329812510.0,2020,56113100.0,원자력안전위원회,1558770530.0,1512000000.0,46770530.0
3248537068000.0,12309943500.0,12309943500.0,3236227124500.0,2020,0.0,인사혁신처,58632131360.0,48846000000.0,9786131360.0
482602870470.0,17827816430.0,15508218140.0,464775054040.0,2020,2319598290.0,조달청,469999060430.0,454275000000.0,15724060430.0
14533796322000.0,14626875280.0,5505938860.0,14519169446720.0,2020,9120936420.0,중소벤처기업부,149921457300.0,115429000000.0,34492457300.0
742820491000.0,32091515950.0,32058967210.0,710728975050.0,2020,32548740.0,중앙선거관리위원회,12215461760.0,10465000000.0,1750461760.0
4193660000.0,139355160.0,139355160.0,4054304840.0,2020,0.0,진실·화해를위한과거사정리위원회,0.0,0.0,0.0
875736405960.0,231240698420.0,18347346920.0,644495707540.0,2020,212893351500.0,질병관리청,15136237370.0,35233000000.0,-20096762630.0
472969300000.0,21070031770.0,20584131770.0,451899268230.0,2020,485900000.0,통계청,4482367040.0,5126000000.0,-643632960.0
356078002150.0,16551532650.0,15925387880.0,339526469500.0,2020,626144770.0,통일부,1164364410.0,2724000000.0,-1559635590.0
635405000000.0,6347545570.0,6347545570.0,629057454430.0,2020,0.0,특허청,682418873520.0,635405000000.0,47013873520.0
1477375696970.0,21691392160.0,13026950920.0,1455684304810.0,2020,8664441240.0,해양경찰청,4156123040.0,4936000000.0,-779876960.0
6585553454950.0,233125769440.0,94071281670.0,6352427685510.0,2020,139054487770.0,해양수산부,1755354351090.0,1623146000000.0,132208351090.0
69107431398550.0,158218541850.0,56989691280.0,68949212856700.0,2020,101228850570.0,행정안전부,65497720280.0,60100585000.0,5397135280.0
642222151480.0,13948236840.0,3130338730.0,628273914640.0,2020,10817898110.0,행정중심복합도시건설청,333974472960.0,320527000000.0,13447472960.0
53650024690.0,4420769750.0,4420769750.0,49229254940.0,2020,0.0,헌법재판소,174672830.0,183000000.0,-8327170.0
14759705513500.0,295053361300.0,177116355220.0,14464652152200.0,2020,117937006080.0,환경부,7105158905680.0,6535879000000.0,569279905680.0
22937492290.0,7702394630.0,5255704070.0,15235097660.0,2019,2446690560.0,가습기살균제사건과 4·16세월호참사 특별조사위원회,0.0,0.0,0.0
133791003960.0,7710982160.0,4030676250.0,126080021800.0,2019,3680305910.0,감사원,1592084080.0,475000000.0,1117084080.0
11049674947520.0,298008338410.0,288965082880.0,10751666609110.0,2019,9043255530.0,경찰청,964618560690.0,963339000000.0,1279560690.0
7301949561730.0,184877045690.0,179469247490.0,7117072516040.0,2019,5407798200.0,고용노동부,161579068390.0,86322000000.0,75257068390.0
132679394600.0,5442672440.0,4260985300.0,127236722160.0,2019,1181687140.0,공정거래위원회,52103264260.0,424754000000.0,-372650735740.0
16380046698530.0,1715026378210.0,1661167286700.0,14665020320320.0,2019,53859091510.0,과학기술정보통신부,8662390741240.0,9433943000000.0,-771552258760.0
553133339390.0,23934222600.0,23410136600.0,529199116790.0,2019,524086000.0,관세청,131788802950.0,132033000000.0,-244197050.0
75076843450220.0,251035937560.0,196020552070.0,74825807512660.0,2019,55015385490.0,교육부,4224092201110.0,4027818000000.0,196274201110.0
5374754012200.0,79275216500.0,65761538190.0,5295478795700.0,2019,13513678310.0,국가보훈처,3148975540.0,8009000000.0,-4860024460.0
38972755000.0,2705099200.0,2482090600.0,36267655800.0,2019,223008600.0,국가인권위원회,12405860.0,17000000.0,-4594140.0
551779406980.0,36754037600.0,23405992600.0,515025369380.0,2019,13348045000.0,국가정보원,42415518000.0,22439000000.0,19976518000.0
587597727000.0,25546467190.0,25512569190.0,562051259810.0,2019,33898000.0,국무조정실 및 국무총리비서실,64106670.0,0.0,64106670.0
87498000000.0,7505902050.0,7505902050.0,79992097950.0,2019,0.0,국민권익위원회,967823180.0,1141000000.0,-173176820.0
33302478656020.0,1090465948320.0,534418622190.0,32212012707700.0,2019,556047326130.0,국방부,1720966511520.0,1510408000000.0,210558511520.0
1745104000000.0,32946815910.0,32804616910.0,1712157184090.0,2019,142199000.0,국세청,1058069876460.0,977843000000.0,80226876460.0
38120516718910.0,960307634960.0,654243091230.0,37160209083950.0,2019,306064543730.0,국토교통부,15205304228550.0,15389358000000.0,-184053771450.0
648748673830.0,59205333070.0,46294933470.0,589543340760.0,2019,12910399600.0,국회,3477200290.0,2601000000.0,876200290.0
3074760839090.0,5935938710.0,5734119710.0,3068824900380.0,2019,201819000.0,금융위원회,36610148770.0,38751000000.0,-2140851230.0
401870205550.0,19122272430.0,10702862930.0,382747933120.0,2019,8419409500.0,기상청,8324799880.0,22036000000.0,-13711200120.0
13986306344320.0,1382255047470.0,1370832671890.0,12604051296850.0,2019,11422375580.0,기획재정부,335982441443180.0,337283297900000.0,-1300856456820.0
20706957449300.0,787946205770.0,521041176230.0,19919011243530.0,2019,266905029540.0,농림축산식품부,14361602150820.0,13477018000000.0,884584150820.0
993801771380.0,17845742170.0,17008155440.0,975956029210.0,2019,837586730.0,농촌진흥청,28080114780.0,18995000000.0,9085114780.0
1939405368050.0,113606675310.0,104496331450.0,1825798692740.0,2019,9110343860.0,대법원,715701718470.0,915469000000.0,-199767281530.0
92331779810.0,10308478560.0,10138019290.0,82023301250.0,2019,170459270.0,대통령경호처,201489760.0,123000000.0,78489760.0
93669000000.0,3674995830.0,3674995830.0,89994004170.0,2019,0.0,대통령비서실 및 국가안보실,327738080.0,94000000.0,233738080.0
794006841500.0,11393740680.0,7552159680.0,782613100820.0,2019,3841581000.0,문화재청,42484476210.0,41859000000.0,625476210.0
3579764542520.0,173307631120.0,85465470000.0,3406456911400.0,2019,87842161120.0,문화체육관광부,154876879690.0,159491000000.0,-4614120310.0
31580000000.0,1580881590.0,820479590.0,29999118410.0,2019,760402000.0,민주평화통일자문회의,16877470.0,5000000.0,11877470.0
63022000000.0,3928688860.0,3928688860.0,59093311140.0,2019,0.0,방송통신위원회,9152869190.0,35188000000.0,-26035130810.0
15966585408760.0,563661337550.0,247781720010.0,15402924071210.0,2019,315879617540.0,방위사업청,231117510610.0,259407000000.0,-28289489390.0
3941826659400.0,264729101410.0,249485674580.0,3677097557990.0,2019,15243426830.0,법무부,1414421883270.0,1741180000000.0,-326758116730.0
36290000000.0,1556848070.0,1556848070.0,34733151930.0,2019,0.0,법제처,11342380.0,0.0,11342380.0
229319664880.0,10757486070.0,9804036070.0,218562178810.0,2019,953450000.0,병무청,258688530.0,206000000.0,52688530.0
46380594601430.0,120219430470.0,45481669160.0,46260375170960.0,2019,74737761310.0,보건복지부,588688600380.0,671335000000.0,-82646399620.0
2929586877620.0,64592629780.0,26686246050.0,2864994247840.0,2019,37906383730.0,산림청,986296917770.0,971016000000.0,15280917770.0
9163979080500.0,820245477960.0,749589228600.0,8343733602540.0,2019,70656249360.0,산업통상자원부,5566915142920.0,6245185000000.0,-678269857080.0
290824255820.0,3410226360.0,2128253950.0,287414029460.0,2019,1281972410.0,새만금개발청,1194222720.0,1265000000.0,-70777280.0
242771716870.0,21267433960.0,5791854970.0,221504282910.0,2019,15475578990.0,소방청,2781276130.0,2537000000.0,244276130.0
515918058130.0,26651964050.0,14215699270.0,489266094080.0,2019,12436264780.0,식품의약품안전처,29429729590.0,24698000000.0,4731729590.0
615007045690.0,21249212200.0,11014085210.0,593757833490.0,2019,10235126990.0,여성가족부,4424718990.0,8094000000.0,-3669281010.0
2389370613610.0,46915384010.0,40343873890.0,2342455229600.0,2019,6571510120.0,외교부,292051319630.0,266734000000.0,25317319630.0
107150360000.0,1215686810.0,1215686810.0,105934673190.0,2019,0.0,원자력안전위원회,1704352660.0,1418000000.0,286352660.0
2968638642000.0,2864250140.0,2864250140.0,2965774391860.0,2019,0.0,인사혁신처,60418120160.0,59280000000.0,1138120160.0
396958304640.0,23666530770.0,21500605300.0,373291773870.0,2019,2165925470.0,조달청,414348958350.0,396610000000.0,17738958350.0
5102732718820.0,37252884780.0,8617397780.0,5065479834040.0,2019,28635487000.0,중소벤처기업부,197427575260.0,81465000000.0,115962575260.0
348036827330.0,19318076600.0,19151585600.0,328718750730.0,2019,166491000.0,중앙선거관리위원회,886094000.0,838000000.0,48094000.0
383468682000.0,13135784870.0,13135784870.0,370332897130.0,2019,0.0,통계청,4341636750.0,3256000000.0,1085636750.0
325962903440.0,10236102210.0,9913100060.0,315726801230.0,2019,323002150.0,통일부,1981406260.0,2811000000.0,-829593740.0
661582404000.0,6127656230.0,6127656230.0,655454747770.0,2019,0.0,특허청,666751580180.0,661550000000.0,5201580180.0
1389450016180.0,53945053010.0,41772356040.0,1335504963170.0,2019,12172696970.0,해양경찰청,12323530410.0,4898000000.0,7425530410.0
6445745595510.0,408743804070.0,104671349120.0,6037001791440.0,2019,304072454950.0,해양수산부,1459360644770.0,1559706000000.0,-100345355230.0
56598925773690.0,371380098710.0,240076774270.0,56227545674980.0,2019,131303324440.0,행정안전부,61153840940.0,58877000000.0,2276840940.0
627408563520.0,19078488060.0,6140336580.0,608330075460.0,2019,12938151480.0,행정중심복합도시건설청,366085863110.0,299737000000.0,66348863110.0
47876000000.0,4209904470.0,2429879780.0,43666095530.0,2019,1780024690.0,헌법재판소,35218810.0,26000000.0,9218810.0
12815338873220.0,269382452910.0,131678939410.0,12545956420310.0,2019,137703513500.0,환경부,6063685618580.0,5810614000000.0,253071618580.0
11794323000.0,5129946820.0,2977454530.0,6664376180.0,2018,2152492290.0,가습기살균제사건과 4·16세월호참사 특별조사위원회,31162530.0,0.0,31162530.0
132323421100.0,8124650060.0,6771646100.0,124198771040.0,2018,1353003960.0,감사원,453266910.0,448000000.0,5266910.0
10608145168340.0,298413919110.0,281366971590.0,10309731249230.0,2018,17046947520.0,경찰청,910585270000.0,968715819000.0,-58130549000.0
6171741403750.0,459481106880.0,456891545150.0,5712260296870.0,2018,2589561730.0,고용노동부,68675975890.0,86917000000.0,-18241024110.0
124841567960.0,5228203680.0,4144819080.0,119613364280.0,2018,1083384600.0,공정거래위원회,241570333090.0,512597000000.0,-271026666910.0
16040915130070.0,2175798460010.0,2128689761480.0,13865116670060.0,2018,47108698530.0,과학기술정보통신부,7923725641250.0,9417818530000.0,-1494092888750.0
540168443200.0,35197232740.0,33398293350.0,504971210460.0,2018,1798939390.0,관세청,86131835000.0,97775000000.0,-11643165000.0
68768682064650.0,140221350860.0,112633866640.0,68628460713790.0,2018,27587484220.0,교육부,4168056265480.0,4095685000000.0,72371265480.0
5350952450990.0,131543690880.0,125960678680.0,5219408760110.0,2018,5583012200.0,국가보훈처,6849368360.0,7690000000.0,-840631640.0
31766697000.0,1682140260.0,1409940260.0,30084556740.0,2018,272200000.0,국가인권위원회,12747480.0,17000000.0,-4252520.0
468537111040.0,33045391370.0,25825984390.0,435491719670.0,2018,7219406980.0,국가정보원,18804234900.0,1875000000.0,16929234900.0
555628337000.0,14648797860.0,14441505860.0,540979539140.0,2018,207292000.0,국무조정실 및 국무총리비서실,526010640.0,0.0,526010640.0
76821274000.0,1303243530.0,1303243530.0,75518030470.0,2018,0.0,국민권익위원회,356745770.0,841000000.0,-484254230.0
31401254978760.0,1190116672640.0,496858016620.0,30211138306120.0,2018,693258656020.0,국방부,1632814474960.0,1377096000000.0,255718474960.0
1678196924000.0,39364452900.0,39364452900.0,1638832471100.0,2018,0.0,국세청,1105383879320.0,1256754000000.0,-151370120680.0
41261886660600.0,842140217670.0,237719384760.0,40419746442930.0,2018,604420832910.0,국토교통부,18022495345720.0,17642878725000.0,379616620720.0
612011759090.0,50541559260.0,42696885430.0,561470199830.0,2018,7844673830.0,국회,3210716310.0,2349000000.0,861716310.0
2446956949300.0,2989148340.0,2751879250.0,2443967800960.0,2018,237269090.0,금융위원회,42965412540.0,28585000000.0,14380412540.0
406055413960.0,21327610390.0,9988404840.0,384727803570.0,2018,11339205550.0,기상청,6107094910.0,9219000000.0,-3111905090.0
13906722846200.0,1592482775740.0,1586204068420.0,12314240070460.0,2018,6278707320.0,기획재정부,318252969770840.0,305189719896000.0,13063249874840.0
19923444607140.0,1531319632350.0,1075549330050.0,18392124974790.0,2018,455770302300.0,농림축산식품부,13723680037550.0,11594670000000.0,2129010037550.0
978094573350.0,17748401160.0,3341292780.0,960346172190.0,2018,14407108380.0,농촌진흥청,22540950740.0,23921000000.0,-1380049260.0
1934700342040.0,153327567980.0,151116199930.0,1781372774060.0,2018,2211368050.0,대법원,690404967900.0,1013975685000.0,-323570717100.0
90925693800.0,11223615860.0,11096836050.0,79702077940.0,2018,126779810.0,대통령경호처,207572570.0,125000000.0,82572570.0
89868155000.0,3666976610.0,3666976610.0,86201178390.0,2018,0.0,대통령비서실 및 국가안보실,410235570.0,79000000.0,331235570.0
697507143200.0,23992401050.0,12294369550.0,673514742150.0,2018,11698031500.0,문화재청,48719013660.0,40459000000.0,8260013660.0
3102780615240.0,181896219910.0,92187751390.0,2920884395330.0,2018,89708468520.0,문화체육관광부,209517333080.0,138641511000.0,70875822080.0
29978083000.0,167154500.0,167154500.0,29810928500.0,2018,0.0,민주평화통일자문회의,3503300.0,5000000.0,-1496700.0
56425024000.0,817095810.0,817095810.0,55607928190.0,2018,0.0,방송통신위원회,57310340460.0,41909000000.0,15401340460.0
14379550027700.0,880226581100.0,286965172340.0,13499323446600.0,2018,593261408760.0,방위사업청,588905487560.0,255798000000.0,333107487560.0
3913701089210.0,125608940000.0,112166516600.0,3788092149210.0,2018,13442423400.0,법무부,1501840346260.0,2044397000000.0,-542556653740.0
33257822000.0,720881180.0,720881180.0,32536940820.0,2018,0.0,법제처,41184840.0,0.0,41184840.0
221647599000.0,6558167110.0,6533642230.0,215089431890.0,2018,24524880.0,병무청,213217000.0,208000000.0,5217000.0
38564465391700.0,114923916110.0,74363985680.0,38449541475590.0,2018,40559930430.0,보건복지부,495934207290.0,627251396000.0,-131317188710.0
2845628564910.0,51546700550.0,32965982930.0,2794081864360.0,2018,18580717620.0,산림청,1046460198490.0,961083967000.0,85376231490.0
8308795204100.0,598149607540.0,577871975040.0,7710645596560.0,2018,20277632500.0,산업통상자원부,5213040807270.0,5640462500000.0,-427421692730.0
284845161010.0,16533630420.0,1909694600.0,268311530590.0,2018,14623935820.0,새만금개발청,382546830.0,614000000.0,-231453170.0
26653962930.0,1405732090.0,1405732090.0,25248230840.0,2018,0.0,세월호선체조사위원회,227519000.0,0.0,227519000.0
201545160610.0,20479469300.0,6601722430.0,181065691310.0,2018,13877746870.0,소방청,777639800.0,0.0,777639800.0
479424292750.0,17658525910.0,14435467780.0,461765766840.0,2018,3223058130.0,식품의약품안전처,24970833900.0,24030000000.0,940833900.0
427143014230.0,10727688570.0,8855642880.0,416415325660.0,2018,1872045690.0,여성가족부,7038521850.0,8094000000.0,-1055478150.0
2305080954150.0,118591167860.0,111245396250.0,2186489786290.0,2018,7345771610.0,외교부,289418094970.0,270737000000.0,18681094970.0
99160976000.0,826311700.0,806951700.0,98334664300.0,2018,19360000.0,원자력안전위원회,1305642860.0,1300000000.0,5642860.0
3650341343220.0,6795869310.0,6795869310.0,3643545473910.0,2018,0.0,인사혁신처,86118383470.0,88934000000.0,-2815616530.0
342660560660.0,4375272530.0,4026967890.0,338285288130.0,2018,348304640.0,조달청,403225949330.0,342035230000.0,61190719330.0
4395112338160.0,10625738330.0,6648019510.0,4384486599830.0,2018,3977718820.0,중소벤처기업부,212841480170.0,72330000000.0,140511480170.0
413611773000.0,28565423660.0,28551752330.0,385046349340.0,2018,13671330.0,중앙선거관리위원회,1602516060.0,4093000000.0,-2490483940.0
302630377000.0,11487230470.0,11487230470.0,291143146530.0,2018,0.0,통계청,5774650980.0,2506000000.0,3268650980.0
323818443810.0,52438213190.0,46350309750.0,271380230620.0,2018,6087903440.0,통일부,1763121370.0,1756000000.0,7121370.0
702340995000.0,11256600830.0,11256600830.0,691084394170.0,2018,0.0,특허청,711363818790.0,702277995000.0,9085823790.0
1304482470910.0,44179232630.0,27945716450.0,1260303238280.0,2018,16233516180.0,해양경찰청,6839831280.0,4486950000.0,2352881280.0
5907017986980.0,423661705700.0,122030865190.0,5483356281280.0,2018,301630840510.0,해양수산부,1548320658660.0,1517620000000.0,30700658660.0
48952676788950.0,179016023890.0,60582503200.0,48773660765060.0,2018,118433520690.0,행정안전부,50676444080.0,57281050000.0,-6604605920.0
623812054510.0,77483472350.0,9715908830.0,546328582160.0,2018,67767563520.0,행정중심복합도시건설청,378967501350.0,290943613000.0,88023888350.0
45444868000.0,2837119000.0,2837119000.0,42607749000.0,2018,0.0,헌법재판소,1265578810.0,1247000000.0,18578810.0
9908064431220.0,162936177660.0,89382634440.0,9745128253560.0,2018,73553543220.0,환경부,5166855018360.0,4796962300000.0,369892718360.0
126209249200.0,5273041480.0,2639401380.0,120936207720.0,2017,2633640100.0,감사원,831324620.0,440000000.0,391324620.0
10182437332130.0,182190659100.0,165402868760.0,10000246673030.0,2017,16787790340.0,경찰청,958341237690.0,908068729000.0,50272508690.0
2473567681770.0,146514919740.0,140973675990.0,2327052762030.0,2017,5541243750.0,고용노동부,99435050980.0,81917000000.0,17518050980.0
114786784390.0,6207260050.0,2987512090.0,108579524340.0,2017,3219747960.0,공정거래위원회,1161179312300.0,485442000000.0,675737312300.0
6514213965800.0,1658272525870.0,1628981057800.0,4855941439930.0,2017,29291468070.0,과학기술정보통신부,3976369583130.0,4361602882980.0,-385233299850.0
513264099590.0,28277826270.0,27116656070.0,484986273320.0,2017,1161170200.0,관세청,32241526030.0,44661000000.0,-12419473970.0
63788676465230.0,177543503530.0,164519450880.0,63611132961700.0,2017,13024052650.0,교육부,4139159217800.0,4162062000000.0,-22902782200.0
4812690443920.0,24439188930.0,13978293940.0,4788251254990.0,2017,10460894990.0,국가보훈처,2449611640.0,7607080000.0,-5157468360.0
29428800000.0,897513090.0,542513090.0,28531286910.0,2017,355000000.0,국가인권위원회,18148950.0,21000000.0,-2851050.0
495848457710.0,49790559760.0,44307418720.0,446057897950.0,2017,5483141040.0,국가정보원,20832000860.0,1350620000.0,19481380860.0
536901716240.0,17671203700.0,17201760700.0,519230512540.0,2017,469443000.0,국무조정실 및 국무총리비서실,365338480.0,0.0,365338480.0
73684662000.0,1051223900.0,1051223900.0,72633438100.0,2017,0.0,국민권익위원회,1549352820.0,816000000.0,733352820.0
1693608768080.0,2584920.0,2584920.0,1693606183160.0,2017,0.0,국민안전처,8443639290.0,7314498000.0,1129141290.0
29854881810680.0,1133882414590.0,504066564830.0,28720999396090.0,2017,629815849760.0,국방부,1482277352810.0,1325098000000.0,157179352810.0
1610515308000.0,17841226840.0,17689688840.0,1592674081160.0,2017,151538000.0,국세청,991012005370.0,1069313000000.0,-78300994630.0
37256218886210.0,867920650950.0,269064326010.0,36388298235260.0,2017,598856324940.0,국토교통부,16359154878420.0,15378582000000.0,980572878420.0
585474631460.0,35467516570.0,28616302480.0,550007114890.0,2017,6851214090.0,국회,2435714060.0,2021000000.0,414714060.0
2033464734000.0,3665145470.0,3614008170.0,2029799588530.0,2017,51137300.0,금융위원회,100843355650.0,77829000000.0,23014355650.0
394839647580.0,17116723560.0,8959918600.0,377722924020.0,2017,8156804960.0,기상청,9440518070.0,6887000000.0,2553518070.0
17757454238160.0,2111950547670.0,2092720189470.0,15645503690490.0,2017,19230358200.0,기획재정부,294794880417660.0,286667439907000.0,8127440510660.0
19792898823150.0,2009525602420.0,162706544280.0,17783373220730.0,2017,1846819058140.0,농림축산식품부,12287091951030.0,11809632000000.0,477459951030.0
976915744880.0,51603812470.0,12282915120.0,925311932410.0,2017,39320897350.0,농촌진흥청,24501836230.0,40671000000.0,-16169163770.0
1809637209040.0,80303228390.0,63280395350.0,1729333980650.0,2017,17022833040.0,대법원,709730797860.0,897001773000.0,-187270975140.0
42232210420.0,0.0,0.0,42232210420.0,2017,0.0,대통령경호실,180336800.0,56966000.0,123370800.0
49276168580.0,10804249210.0,9363662410.0,38471919370.0,2017,1440586800.0,대통령경호처,93305770.0,36034000.0,57271770.0
88063301000.0,12937216940.0,12937216940.0,75126084060.0,2017,0.0,대통령비서실 및 국가안보실,120274010.0,76000000.0,44274010.0
670451096050.0,23354393720.0,12926488520.0,647096702330.0,2017,10427905200.0,문화재청,34184443740.0,40459000000.0,-6274556260.0
3157970104040.0,137660709300.0,86892042060.0,3020309394740.0,2017,50768667240.0,문화체육관광부,181139345330.0,131113720000.0,50025625330.0
8967017452080.0,0.0,0.0,8967017452080.0,2017,0.0,미래창조과학부,3669521342230.0,4465344963020.0,-795823620790.0
27326444000.0,205435420.0,205435420.0,27121008580.0,2017,0.0,민주평화통일자문회의,6959490.0,6000000.0,959490.0
54527796000.0,972383690.0,972383690.0,53555412310.0,2017,0.0,방송통신위원회,22952542880.0,31183000000.0,-8230457120.0
12744682863150.0,1122824978040.0,263566941340.0,11621857885110.0,2017,859258036700.0,방위사업청,406503314740.0,182422000000.0,224081314740.0
3667969326780.0,30755300090.0,29537858880.0,3637214026690.0,2017,1217441210.0,법무부,1603112516670.0,1858895000000.0,-255782483330.0
32659604000.0,806160280.0,806160280.0,31853443720.0,2017,0.0,법제처,7268060.0,0.0,7268060.0
220450108500.0,9552790890.0,9552790890.0,210897317610.0,2017,0.0,병무청,162336560.0,206000000.0,-43663440.0
34945203586740.0,96084409580.0,69608503880.0,34849119177160.0,2017,26475905700.0,보건복지부,706961409600.0,594506539000.0,112454870600.0
2886366645540.0,59051675430.0,35489586520.0,2827314970110.0,2017,23562088910.0,산림청,1045112987680.0,988404682000.0,56708305680.0
8720835201220.0,550300336110.0,546351582010.0,8170534865110.0,2017,3948754100.0,산업통상자원부,5644056833560.0,5956289000000.0,-312232166440.0
123510070470.0,5921292900.0,3369538890.0,117588777570.0,2017,2551754010.0,새만금개발청,573107340.0,107000000.0,466107340.0
29196000000.0,24387700640.0,2362737710.0,4808299360.0,2017,22024962930.0,세월호선체조사위원회,1750320.0,0.0,1750320.0
94379381090.0,18331179990.0,1365898380.0,76048201100.0,2017,16965281610.0,소방청,2284746850.0,0.0,2284746850.0
459251065240.0,23871209090.0,18952722340.0,435379856150.0,2017,4918486750.0,식품의약품안전처,21067134270.0,24146000000.0,-3078865730.0
382352735720.0,22934264190.0,21276358960.0,359418471530.0,2017,1657905230.0,여성가족부,8280396090.0,8094000000.0,186396090.0
2256040713410.0,143687150690.0,142306057540.0,2112353562720.0,2017,1381093150.0,외교부,268131576390.0,249398000000.0,18733576390.0
94455661450.0,967806150.0,920891150.0,93487855300.0,2017,46915000.0,원자력안전위원회,2491531990.0,818000000.0,1673531990.0
3535657282000.0,10950061030.0,7211518810.0,3524707220970.0,2017,3738542220.0,인사혁신처,8151643780.0,7863000000.0,288643780.0
339464919260.0,46865404400.0,46240073740.0,292599514860.0,2017,625330660.0,조달청,365024765100.0,338878650000.0,26146115100.0
2462002978510.0,10400.0,10400.0,2462002968110.0,2017,0.0,중소기업청,44483466900.0,42479269000.0,2004197900.0
1738115079710.0,5904127540.0,5554403380.0,1732210952170.0,2017,349724160.0,중소벤처기업부,51694697420.0,27976731000.0,23717966420.0
712195740150.0,12573842760.0,12374622760.0,699621897390.0,2017,199220000.0,중앙선거관리위원회,5942882920.0,1691000000.0,4251882920.0
292859369000.0,6561809240.0,6561809240.0,286297559760.0,2017,0.0,통계청,4182675960.0,3250000000.0,932675960.0
470835469190.0,70922586990.0,62712884180.0,399912882200.0,2017,8209702810.0,통일부,2379056200.0,2394000000.0,-14943800.0
636951953000.0,12004966290.0,12004966290.0,624946986710.0,2017,0.0,특허청,672774169120.0,636888353000.0,35885816120.0
582612130360.0,36081614450.0,11941425540.0,546530515910.0,2017,24140188910.0,해양경찰청,2123933720.0,2143941000.0,-20007280.0
6164178251270.0,514789121690.0,160149642710.0,5649389129580.0,2017,354639478980.0,해양수산부,1836568129980.0,1572035000000.0,264533129980.0
19429146021460.0,115241904830.0,99106440880.0,19313904116630.0,2017,16135463950.0,행정안전부,24417715740.0,26960765000.0,-2543049260.0
24905666173090.0,318389340.0,318389340.0,24905347783750.0,2017,0.0,행정자치부,24344878880.0,22580796000.0,1764082880.0
552605640960.0,87125724300.0,27202282790.0,465479916660.0,2017,59923441510.0,행정중심복합도시건설청,366203946880.0,312536999000.0,53666947880.0
42735826000.0,1981259720.0,1981259720.0,40754566280.0,2017,0.0,헌법재판소,51714130.0,16000000.0,35714130.0
9877186685500.0,161069269050.0,45329782170.0,9716117416450.0,2017,115739486880.0,환경부,5341508653720.0,5033731204000.0,307777449720.0
6977366370.0,1170919490.0,1170919490.0,5806446880.0,2016,0.0,4·16세월호참사 특별조사위원회,900549980.0,0.0,900549980.0
119274455950.0,2945448460.0,1923105260.0,116329007490.0,2016,1022343200.0,감사원,460347420.0,429000000.0,31347420.0
9877787309850.0,324106823150.0,307539700020.0,9553680486700.0,2016,16567123130.0,경찰청,988986978340.0,901435376000.0,87551602340.0
2288009020130.0,95026771150.0,93294488380.0,2192982248980.0,2016,1732282770.0,고용노동부,100580281270.0,81917000000.0,18663281270.0
110129451000.0,3964019370.0,3867529980.0,106165431630.0,2016,96489390.0,공정거래위원회,379840337880.0,633227000000.0,-253386662120.0
506322113880.0,17824548130.0,17419882540.0,488497565750.0,2016,404665590.0,관세청,31694437310.0,41522000000.0,-9827562690.0
54614648074160.0,255524296470.0,249517357240.0,54359123777690.0,2016,6006939230.0,교육부,189597380220.0,131304000000.0,58293380220.0
4647264282850.0,21289530470.0,12407241550.0,4625974752380.0,2016,8882288920.0,국가보훈처,2344029680.0,3203000000.0,-858970320.0
28324803000.0,1389003050.0,1249003050.0,26935799950.0,2016,140000000.0,국가인권위원회,152868620.0,22000000.0,130868620.0
486039000000.0,15893316550.0,13128828840.0,470145683450.0,2016,2764487710.0,국가정보원,2548407050.0,1310500000.0,1237907050.0
541401427100.0,17429653260.0,17171148020.0,523971773840.0,2016,258505240.0,국무조정실 및 국무총리비서실,406647030.0,0.0,406647030.0
69533676000.0,2360561670.0,2360561670.0,67173114330.0,2016,0.0,국민권익위원회,967461890.0,472970000.0,494491890.0
3564969273500.0,102760028690.0,48463215220.0,3462209244810.0,2016,54296813470.0,국민안전처,22614469310.0,16050000000.0,6564469310.0
29291692397870.0,1470664392560.0,797777374880.0,27821028005310.0,2016,672887017680.0,국방부,1361517253790.0,1223657000000.0,137860253790.0
1549230065200.0,29063364890.0,28755364890.0,1520166700310.0,2016,308000000.0,국세청,1041695745560.0,1130222000000.0,-88526254440.0
38930920267740.0,1492454334960.0,856821531750.0,37438465932780.0,2016,635632803210.0,국토교통부,16287027140570.0,15879557000000.0,407470140570.0
558013726170.0,33513467240.0,28333660780.0,524500258930.0,2016,5179806460.0,국회,2716839550.0,1885000000.0,831839550.0
2330292671000.0,2396319380.0,2345619380.0,2327896351620.0,2016,50700000.0,금융위원회,209458981490.0,225530000000.0,-16071018510.0
414210690650.0,18058735110.0,8395114530.0,396151955540.0,2016,9663620580.0,기상청,5497474840.0,5771000000.0,-273525160.0
25405783995260.0,2821931344050.0,2796138579890.0,22583852651210.0,2016,25792764160.0,기획재정부,285468160523050.0,281213903923000.0,4254256600050.0
20467340938320.0,2773430526440.0,1037388009290.0,17693910411880.0,2016,1736042517150.0,농림축산식품부,11744628204830.0,11932654000000.0,-188025795170.0
959940905310.0,77953294390.0,18201003510.0,881987610920.0,2016,59752290880.0,농촌진흥청,28880654920.0,21057000000.0,7823654920.0
1731467692560.0,80842058190.0,74905740150.0,1650625634370.0,2016,5936318040.0,대법원,700595015320.0,897686333000.0,-197091317680.0
84545117000.0,5989502450.0,5814154450.0,78555614550.0,2016,175348000.0,대통령경호실,1501722360.0,93000000.0,1408722360.0
89022845000.0,4655939640.0,4655939640.0,84366905360.0,2016,0.0,대통령비서실 및 국가안보실,70830290.0,75000000.0,-4169710.0
671672856260.0,15514615080.0,12000997030.0,656158241180.0,2016,3513618050.0,문화재청,36757437760.0,39127000000.0,-2369562240.0
3171145753370.0,283457486990.0,155560647950.0,2887688266380.0,2016,127896839040.0,문화체육관광부,166346105530.0,132669828000.0,33676277530.0
15611101378470.0,2084082776800.0,2016874620700.0,13527018601670.0,2016,67208156100.0,미래창조과학부,8229303429550.0,9471373755000.0,-1242070325450.0
26705779000.0,219167140.0,219167140.0,26486611860.0,2016,0.0,민주평화통일자문회의,5674400.0,6000000.0,-325600.0
55618604000.0,1415571330.0,1415571330.0,54203032670.0,2016,0.0,방송통신위원회,8072405670.0,56256000000.0,-48183594330.0
11897301624520.0,773003435370.0,225271590220.0,11124298189150.0,2016,547731845150.0,방위사업청,199596623420.0,211874000000.0,-12277376580.0
3325120080110.0,24020009870.0,18844218090.0,3301100070240.0,2016,5175791780.0,법무부,1645784212520.0,1888761000000.0,-242976787480.0
31305746000.0,800655950.0,800655950.0,30505090050.0,2016,0.0,법제처,758870.0,0.0,758870.0
204589600000.0,8411878400.0,8407587900.0,196177721600.0,2016,4290500.0,병무청,258289230.0,193000000.0,65289230.0
34014861355450.0,306913157640.0,280673694900.0,33707948197810.0,2016,26239462740.0,보건복지부,617257751820.0,544398681000.0,72859070820.0
2846118124850.0,94584135380.0,32396827840.0,2751533989470.0,2016,62187307540.0,산림청,1030079385560.0,956196989000.0,73882396560.0
9390370648850.0,1136581852520.0,1134408231300.0,8253788796330.0,2016,2173621220.0,산업통상자원부,5153061308270.0,6039336000000.0,-886274691730.0
83364963180.0,3887623990.0,1673014520.0,79477339190.0,2016,2214609470.0,새만금개발청,133861780.0,0.0,133861780.0
437120666690.0,20040739730.0,13015816490.0,417079926960.0,2016,7024923240.0,식품의약품안전처,16419545710.0,14920000000.0,1499545710.0
350343851640.0,6323430830.0,4090826110.0,344020420810.0,2016,2232604720.0,여성가족부,8699292290.0,8085000000.0,614292290.0
2171768726520.0,69121355700.0,61421575290.0,2102647370820.0,2016,7699780410.0,외교부,285340380720.0,241372000000.0,43968380720.0
91014840630.0,818481270.0,677010820.0,90196359360.0,2016,141470450.0,원자력안전위원회,1485126420.0,818000000.0,667126420.0
3194094956880.0,10246378850.0,9963278850.0,3183848578030.0,2016,283100000.0,인사혁신처,6644124030.0,6453000000.0,191124030.0
349906787810.0,100307911840.0,99721642580.0,249598875970.0,2016,586269260.0,조달청,289979225560.0,349236119000.0,-59256893440.0
3388605205000.0,10867763950.0,6867763950.0,3377737441050.0,2016,4000000000.0,중소기업청,74094682480.0,66641000000.0,7453682480.0
638197173000.0,16205396450.0,15956286300.0,621991776550.0,2016,249110150.0,중앙선거관리위원회,9288278980.0,10512000000.0,-1223721020.0
331274529000.0,11110532310.0,11110532310.0,320163996690.0,2016,0.0,통계청,3661160780.0,3412000000.0,249160780.0
462343290190.0,57151406510.0,51078136320.0,405191883680.0,2016,6073270190.0,통일부,1497918140.0,2612000000.0,-1114081860.0
593698597000.0,11051779170.0,10988179170.0,582646817830.0,2016,63600000.0,특허청,615449730090.0,593658597000.0,21791133090.0
6314782418100.0,673956347300.0,289191784030.0,5640826070800.0,2016,384764563270.0,해양수산부,1919449756540.0,1613985869000.0,305463887540.0
38775313666350.0,55696619760.0,23522445150.0,38719617046590.0,2016,32174174610.0,행정자치부,45093600650.0,45410000000.0,-316399350.0
613006384940.0,48419867570.0,12324225610.0,564586517370.0,2016,36095641960.0,행정중심복합도시건설청,457209842050.0,268450626000.0,188759216050.0
40592150000.0,1361562930.0,1361562930.0,39230587070.0,2016,0.0,헌법재판소,68982710.0,482000000.0,-413017290.0
10196795411650.0,242246293770.0,57903492270.0,9954549117880.0,2016,184342801500.0,환경부,5602233824220.0,5037512808000.0,564721016220.0
8910020000.0,1845913830.0,1040458460.0,7064106170.0,2015,805455370.0,4·16세월호참사 특별조사위원회,0.0,0.0,0.0
112114363000.0,1903503910.0,846210960.0,110210859090.0,2015,1057292950.0,감사원,346035080.0,354000000.0,-7964920.0
9468738427340.0,434360390050.0,405653588200.0,9034378037290.0,2015,28706801850.0,경찰청,911060581350.0,976878409000.0,-65817827650.0
2235384445050.0,112921438930.0,111790382800.0,2122463006120.0,2015,1131056130.0,고용노동부,100008298090.0,64352000000.0,35656298090.0
104467838000.0,1399117560.0,1351737560.0,103068720440.0,2015,47380000.0,공정거래위원회,332976612600.0,656555000000.0,-323578387400.0
511546419000.0,15732893070.0,10420270190.0,495813525930.0,2015,5312622880.0,관세청,48045218940.0,36672000000.0,11373218940.0
52625421493780.0,1725782694260.0,1643142345100.0,50899638799520.0,2015,82640349160.0,교육부,302278775300.0,1695465000000.0,-1393186224700.0
4471650439430.0,16016485640.0,10716179790.0,4455633953790.0,2015,5300305850.0,국가보훈처,9117045410.0,2915000000.0,6202045410.0
27253420000.0,807581850.0,658581850.0,26445838150.0,2015,149000000.0,국가인권위원회,9690840.0,20000000.0,-10309160.0
481632203650.0,8106292430.0,8106292430.0,473525911220.0,2015,0.0,국가정보원,1956704370.0,1159000000.0,797704370.0
530977182120.0,5801170480.0,5661274980.0,525176011640.0,2015,139895500.0,국무조정실 및 국무총리비서실,39423790.0,0.0,39423790.0
64926425000.0,2656916890.0,2656916890.0,62269508110.0,2015,0.0,국민권익위원회,373063730.0,113000000.0,260063730.0
3638890180400.0,285892037140.0,102507072640.0,3352998143260.0,2015,183384964500.0,국민안전처,16171588810.0,14413000000.0,1758588810.0
28227004858040.0,1498997250090.0,883259410470.0,26728007607950.0,2015,615737839620.0,국방부,1244496412950.0,1381846000000.0,-137349587050.0
1600046233720.0,56788025330.0,56486446130.0,1543258208390.0,2015,301579200.0,국세청,951385684930.0,1015342000000.0,-63956315070.0
43397782183410.0,1604815597750.0,931100899010.0,41792966585660.0,2015,673714698740.0,국토교통부,18162017186230.0,18042503000000.0,119514186230.0
538101550380.0,20147777410.0,18147351240.0,517953772970.0,2015,2000426170.0,국회,2047885870.0,1836000000.0,211885870.0
1270409936000.0,20327068940.0,20190068940.0,1250082867060.0,2015,137000000.0,금융위원회,137682724240.0,21692000000.0,115990724240.0
393634508660.0,18218422790.0,6093604140.0,375416085870.0,2015,12124818650.0,기상청,6780737210.0,3512000000.0,3268737210.0
16120034145300.0,1520755401050.0,1507183308790.0,14599278744250.0,2015,13572092260.0,기획재정부,265656891778380.0,263254862694000.0,2402029084380.0
22280948201300.0,3742086565760.0,1299503720440.0,18538861635540.0,2015,2442582845320.0,농림축산식품부,12338099167140.0,12606113000000.0,-268013832860.0
1388609943050.0,127722790000.0,94940815690.0,1260887153050.0,2015,32781974310.0,농촌진흥청,396518761300.0,384671000000.0,11847761300.0
1632853992270.0,16876076820.0,13769135260.0,1615977915450.0,2015,3106941560.0,대법원,799435126660.0,904799560000.0,-105364433340.0
80105747000.0,4337991900.0,4262391900.0,75767755100.0,2015,75600000.0,대통령경호실,94366060.0,70000000.0,24366060.0
88687925000.0,3043122100.0,3043122100.0,85644802900.0,2015,0.0,대통령비서실 및 국가안보실,351139780.0,75000000.0,276139780.0
627887335540.0,19858809420.0,11197502160.0,608028526120.0,2015,8661307260.0,문화재청,27051581420.0,33598000000.0,-6546418580.0
2944579771750.0,362349602600.0,109239867230.0,2582230169150.0,2015,253109735370.0,문화체육관광부,209906975260.0,159918680000.0,49988295260.0
14596540688950.0,1519973761700.0,1480450250230.0,13076566927250.0,2015,39523511470.0,미래창조과학부,8326364896560.0,8632717497000.0,-306352600440.0
25864976000.0,237903390.0,237903390.0,25627072610.0,2015,0.0,민주평화통일자문회의,62429620.0,5000000.0,57429620.0
55606600000.0,776452210.0,776452210.0,54830147790.0,2015,0.0,방송통신위원회,39511980940.0,53945000000.0,-14433019060.0
11539780485030.0,763270270770.0,239610459000.0,10776510214260.0,2015,523659811770.0,방위사업청,172626375530.0,210740000000.0,-38113624470.0
3257729718130.0,29650790790.0,23654529680.0,3228078927340.0,2015,5996261110.0,법무부,1665776224960.0,1937052000000.0,-271275775040.0
30151576000.0,1494953740.0,1494953740.0,28656622260.0,2015,0.0,법제처,398640250.0,0.0,398640250.0
200056488000.0,8176261920.0,7951261920.0,191880226080.0,2015,225000000.0,병무청,3405251840.0,3425000000.0,-19748160.0
33848243127010.0,358097237970.0,260547358520.0,33490145889040.0,2015,97549879450.0,보건복지부,635860736860.0,548998843000.0,86861893860.0
2721783805580.0,72779925480.0,47798272630.0,2649003880100.0,2015,24981652850.0,산림청,927014953880.0,862315802000.0,64699151880.0
9483667151870.0,693794666710.0,673383248860.0,8789872485160.0,2015,20411417850.0,산업통상자원부,5810997333350.0,6189667000000.0,-378669666650.0
69355888000.0,3540726210.0,964431030.0,65815161790.0,2015,2576295180.0,새만금개발청,10038910.0,0.0,10038910.0
401423446970.0,16747501490.0,9602387800.0,384675945480.0,2015,7145113690.0,식품의약품안전처,16868721940.0,11387000000.0,5481721940.0
367345010710.0,24405438290.0,7091191650.0,342939572420.0,2015,17314246640.0,여성가족부,5250193780.0,8464000000.0,-3213806220.0
2064918555760.0,60715462690.0,51673575170.0,2004203093070.0,2015,9041887520.0,외교부,236907703680.0,197843000000.0,39064703680.0
101583870260.0,826231340.0,779542710.0,100757638920.0,2015,46688630.0,원자력안전위원회,8958647480.0,5396000000.0,3562647480.0
3266532520700.0,44656554750.0,9189140870.0,3221875965950.0,2015,35467413880.0,인사혁신처,6302063560.0,5322000000.0,980063560.0
345982011300.0,8642961780.0,7972292970.0,337339049520.0,2015,670668810.0,조달청,360932998380.0,335227573000.0,25705425380.0
3220636450000.0,4769416720.0,4769416720.0,3215867033280.0,2015,0.0,중소기업청,76868754410.0,68933000000.0,7935754410.0
293910675000.0,1856855120.0,1856855120.0,292053819880.0,2015,0.0,중앙선거관리위원회,938990920.0,649000000.0,289990920.0
387763177000.0,17026064350.0,17026064350.0,370737112650.0,2015,0.0,통계청,4972602520.0,4311000000.0,661602520.0
351859392380.0,50462728030.0,48266933840.0,301396664350.0,2015,2195794190.0,통일부,2070958920.0,2597000000.0,-526041080.0
527244481260.0,7994774840.0,7994774840.0,519249706420.0,2015,0.0,특허청,546845996070.0,525628011000.0,21217985070.0
5997924634620.0,784724272000.0,273665263900.0,5213200362620.0,2015,511059008100.0,해양수산부,1514230560530.0,1452671446000.0,61559114530.0
36684074499720.0,122165061850.0,44308782500.0,36561909437870.0,2015,77856279350.0,행정자치부,79540187260.0,53321000000.0,26219187260.0
1078933176990.0,181035327430.0,103211568490.0,897897849560.0,2015,77823758940.0,행정중심복합도시건설청,559541133410.0,521985039000.0,37556094410.0
37748990000.0,917517950.0,917517950.0,36831472050.0,2015,0.0,헌법재판소,20787700.0,16000000.0,4787700.0
10250376445370.0,280670548260.0,176970818010.0,9969705897110.0,2015,103699730250.0,환경부,5470932472780.0,5126893000000.0,344039472780.0
109232226500.0,1797824280.0,1457179280.0,107434402220.0,2014,340645000.0,감사원,355451800.0,317000000.0,38451800.0
8889931525924.0,215800868474.0,190787807134.0,8674130657450.0,2014,25013061340.0,경찰청,837910766860.0,917930276000.0,-80019509140.0
2185571830850.0,114741108110.0,113326193060.0,2070830722740.0,2014,1414915050.0,고용노동부,99618755130.0,58443000000.0,41175755130.0
84584693000.0,1256877610.0,1256877610.0,83327815390.0,2014,0.0,공정거래위원회,445810925390.0,698124000000.0,-252313074610.0
491930182000.0,41487477450.0,11327480450.0,450442704550.0,2014,30159997000.0,관세청,39852575040.0,26881000000.0,12971575040.0
51629739570030.0,1007604629540.0,223725492740.0,50622134940490.0,2014,783879136800.0,교육부,330658924780.0,324773125000.0,5885799780.0
4314768062660.0,11895227040.0,11037458610.0,4302872835620.0,2014,857768430.0,국가보훈처,2402090010.0,3667000000.0,-1264909990.0
24730427000.0,486921940.0,259921940.0,24243505060.0,2014,227000000.0,국가인권위원회,19394390.0,20000000.0,-605610.0
471501411700.0,8111564760.0,4715361110.0,463389846940.0,2014,3396203650.0,국가정보원,4338992920.0,1159000000.0,3179992920.0
558031291250.0,3540533600.0,2584067480.0,554490757650.0,2014,956466120.0,국무조정실 및 국무총리비서실,110277880.0,0.0,110277880.0
69867221000.0,3149295210.0,3149295210.0,66717925790.0,2014,0.0,국민권익위원회,6834276520.0,7012000000.0,-177723480.0
418407875296.0,187303326376.0,19110880976.0,231104548920.0,2014,168192445400.0,국민안전처,9301370300.0,13233000000.0,-3931629700.0
26773844239580.0,1207818608190.0,758231092150.0,25566025631390.0,2014,449587516040.0,국방부,1129461422640.0,1305498142000.0,-176036719360.0
1558868755100.0,59188443060.0,47378335340.0,1499680312040.0,2014,11810107720.0,국세청,942927913060.0,951858000000.0,-8930086940.0
37681238777500.0,2460496029820.0,1778085115410.0,35220742747680.0,2014,682410914410.0,국토교통부,15673470211590.0,15829593000000.0,-156122788410.0
507514896080.0,17107228240.0,13118348860.0,490407667840.0,2014,3988879380.0,국회,1860769040.0,1506000000.0,354769040.0
1118288951000.0,1000326697640.0,1000233697640.0,117962253360.0,2014,93000000.0,금융위원회,26356852950.0,16614000000.0,9742852950.0
357401556210.0,16387160810.0,8441685150.0,341014395400.0,2014,7945475660.0,기상청,8112527580.0,3467000000.0,4645527580.0
14199724278180.0,6403029851350.0,6397813117050.0,7796694426830.0,2014,5216734300.0,기획재정부,241507105967610.0,248476205651000.0,-6969099683390.0
21385107034850.0,5365309851680.0,2167754212380.0,16019797183170.0,2014,3197555639300.0,농림축산식품부,11917585029510.0,13900951000000.0,-1983365970490.0
1378773456980.0,176546696080.0,26555743030.0,1202226760900.0,2014,149990953050.0,농촌진흥청,344376132430.0,410190000000.0,-65813867570.0
1577155439080.0,73291105940.0,60639160670.0,1503864333140.0,2014,12651945270.0,대법원,703713997000.0,862556000000.0,-158842003000.0
84296355000.0,6485264110.0,6485264110.0,77811090890.0,2014,0.0,대통령경호실,288312870.0,67000000.0,221312870.0
85172910000.0,7063424120.0,7063424120.0,78109485880.0,2014,0.0,대통령비서실 및 국가안보실,600696300.0,72050000.0,528646300.0
557433725400.0,17945909020.0,10697927480.0,539487816380.0,2014,7247981540.0,문화재청,26652131990.0,31100732000.0,-4448600010.0
2682267052480.0,316575566680.0,98861785930.0,2365691485800.0,2014,217713780750.0,문화체육관광부,268631948410.0,234391000000.0,34240948410.0
13705303337230.0,1084328779660.0,1056247568710.0,12620974557570.0,2014,28081210950.0,미래창조과학부,8174075656920.0,8042003201000.0,132072455920.0
23882911000.0,327456190.0,327456190.0,23555454810.0,2014,0.0,민주평화통일자문회의,38590690.0,4000000.0,34590690.0
50698764000.0,1717294630.0,1717294630.0,48981469370.0,2014,0.0,방송통신위원회,198689612230.0,42747000000.0,155942612230.0
10804766051040.0,691987741430.0,165758853400.0,10112778309610.0,2014,526228888030.0,방위사업청,117953764220.0,102963730000.0,14990034220.0
3124741256420.0,42566797770.0,33406497640.0,3082174458650.0,2014,9160300130.0,법무부,1691097520950.0,1993292000000.0,-302194479050.0
29069819000.0,1000112780.0,1000112780.0,28069706220.0,2014,0.0,법제처,63648330.0,0.0,63648330.0
187493240000.0,3387155940.0,3387155940.0,184106084060.0,2014,0.0,병무청,186553110.0,165000000.0,21553110.0
29846957061720.0,317768622170.0,265254344180.0,29529188439550.0,2014,52514277990.0,보건복지부,530369907170.0,572235419000.0,-41865511830.0
2457191996010.0,86245161150.0,47644605570.0,2370946834860.0,2014,38600555580.0,산림청,795863926230.0,792341000000.0,3522926230.0
9207864712230.0,1717273803870.0,1606457904000.0,7490590908360.0,2014,110815899870.0,산업통상자원부,4767809756110.0,5780920000000.0,-1013110243890.0
20098244990.0,1986392540.0,911980540.0,18111852450.0,2014,1074412000.0,새만금개발청,3766400.0,0.0,3766400.0
856404526500.0,5565000.0,5565000.0,856398961500.0,2014,0.0,소방방재청,2618250550.0,1671000000.0,947250550.0
349976891780.0,13291886570.0,8326311600.0,336685005210.0,2014,4965574970.0,식품의약품안전처,15510237180.0,10267000000.0,5243237180.0
36170430616240.0,44695690.0,44695690.0,36170385920550.0,2014,0.0,안전행정부,30065350880.0,3000000.0,30062350880.0
335625241090.0,14847036770.0,4328657060.0,320778204320.0,2014,10518379710.0,여성가족부,10194616320.0,10158000000.0,36616320.0
2006894785290.0,113361080070.0,106352345310.0,1893533705220.0,2014,7008734760.0,외교부,238174911840.0,181222000000.0,56952911840.0
97665950880.0,526865680.0,397839420.0,97139085200.0,2014,129026260.0,원자력안전위원회,6607030470.0,555000000.0,6052030470.0
48838294790.0,18101336730.0,6345792030.0,30736958060.0,2014,11755544700.0,인사혁신처,267054000.0,71184000.0,195870000.0
487969955420.0,228674340250.0,217919901950.0,259295615170.0,2014,10754438300.0,조달청,308074261820.0,474850000000.0,-166775738180.0
2957401438000.0,36772066810.0,36772066810.0,2920629371190.0,2014,0.0,중소기업청,100982539530.0,90303000000.0,10679539530.0
348637761500.0,4977534340.0,4195934340.0,343660227160.0,2014,781600000.0,중앙선거관리위원회,2020130830.0,1250000000.0,770130830.0
274808441000.0,8236770760.0,8236770760.0,266571670240.0,2014,0.0,통계청,3250478230.0,2798000000.0,452478230.0
339910967000.0,37331624530.0,36445520150.0,302579342470.0,2014,886104380.0,통일부,3495223290.0,2065000000.0,1430223290.0
462320852000.0,5847457680.0,4383462420.0,456473394320.0,2014,1463995260.0,특허청,491074104920.0,461300198000.0,29773906920.0
996700199860.0,0.0,0.0,996700199860.0,2014,0.0,해양경찰청,4129249880.0,0.0,4129249880.0
5373421308540.0,635349245640.0,200253238020.0,4738072062900.0,2014,435096007620.0,해양수산부,1403194383140.0,1413329343000.0,-10134959860.0
6203786683920.0,840591281500.0,41915941780.0,5363195402420.0,2014,798675339720.0,행정자치부,35788489140.0,63986816000.0,-28198326860.0
1474961831090.0,182078917760.0,146743779770.0,1292882913330.0,2014,35335137990.0,행정중심복합도시건설청,689447988640.0,698661438000.0,-9213449360.0
39023340000.0,1201414140.0,1181309140.0,37821925860.0,2014,20105000.0,헌법재판소,108435230.0,448000000.0,-339564770.0
9514291402420.0,666614468290.0,521786022920.0,8847676934130.0,2014,144828445370.0,환경부,4789319965100.0,4877225139000.0,-87905173900.0
107050696840.0,5249762040.0,3194186540.0,101800934800.0,2013,2055575500.0,감사원,884610940.0,762200000.0,122410940.0
8442500743510.0,141827994440.0,135028880500.0,8300672749070.0,2013,6799113940.0,경찰청,763817279880.0,1233846000000.0,-470028720120.0
2092754017440.0,199103635170.0,152379082320.0,1893650382270.0,2013,46724552850.0,고용노동부,94067610750.0,54131000000.0,39936610750.0
93340378000.0,4246806020.0,4227435020.0,89093571980.0,2013,19371000.0,공정거래위원회,335665333300.0,604852000000.0,-269186666700.0
455524044000.0,18582856940.0,9207330940.0,436941187060.0,2013,9375526000.0,관세청,40522922880.0,27107000000.0,13415922880.0
16178685876400.0,0.0,0.0,16178685876400.0,2013,0.0,교육과학기술부,166646726050.0,162588309800.0,4058416250.0
35299223965920.0,1747647801770.0,973431643740.0,33551576164150.0,2013,774216158030.0,교육부,215599810420.0,433274342050.0,-217674531630.0
13461224860.0,0.0,0.0,13461224860.0,2013,0.0,국가과학기술위원회,365230.0,0.0,365230.0
4175871205890.0,42564763210.0,41668658550.0,4133306442680.0,2013,896104660.0,국가보훈처,3029397890.0,5502000000.0,-2472602110.0
24231696450.0,879032080.0,709032080.0,23352664370.0,2013,170000000.0,국가인권위원회,2548760.0,20000000.0,-17451240.0
469446853000.0,12817519720.0,12516108020.0,456629333280.0,2013,301411700.0,국가정보원,1554247410.0,1161730000.0,392517410.0
550132088280.0,19449440900.0,16487677650.0,530682647380.0,2013,2961763250.0,국무조정실 및 국무총리비서실,380585900.0,0.0,380585900.0
68697664000.0,4070049850.0,4070049850.0,64627614150.0,2013,0.0,국민권익위원회,764885930.0,115000000.0,649885930.0
26068233914700.0,1379326636800.0,826090002220.0,24688907277900.0,2013,553236634580.0,국방부,877194312490.0,1125241000000.0,-248046687510.0
1520243092800.0,113037233880.0,55825751780.0,1407205858920.0,2013,57211482100.0,국세청,831588562910.0,859001000000.0,-27412437090.0
27281558707690.0,3717041572220.0,3202898581720.0,23564517135470.0,2013,514142990500.0,국토교통부,9885830765370.0,15625025000000.0,-5739194234630.0
11929020258240.0,1204360.0,1204360.0,11929019053880.0,2013,0.0,국토해양부,6341236010020.0,0.0,6341236010020.0
527874163410.0,12158521490.0,8849437410.0,515715641920.0,2013,3309084080.0,국회,2305466590.0,1139000000.0,1166466590.0
420457151000.0,5288501190.0,5269501190.0,415168649810.0,2013,19000000.0,금융위원회,24041054690.0,14833793000.0,9207261690.0
333733548650.0,21368405740.0,13007849530.0,312365142910.0,2013,8360556210.0,기상청,15736410110.0,6887605000.0,8848805110.0
14054381464100.0,2873867727860.0,2870611510680.0,11180513736240.0,2013,3256217180.0,기획재정부,235324827996020.0,242315003399000.0,-6990175402980.0
3180647249060.0,14454200.0,14454200.0,3180632794860.0,2013,0.0,농림수산식품부,2128286042080.0,-2515590000.0,2130801632080.0
19285544143770.0,6737947076140.0,4025224336290.0,12547597067630.0,2013,2712722739850.0,농림축산식품부,9366690689940.0,13387489141000.0,-4020798451060.0
1306026491240.0,176334110850.0,21151856870.0,1129692380390.0,2013,155182253980.0,농촌진흥청,520078206690.0,613348000000.0,-93269793310.0
1508868392110.0,92244249150.0,76509407070.0,1416624142960.0,2013,15734842080.0,대법원,602237618720.0,778770000000.0,-176532381280.0
62055031360.0,5501970780.0,5225970780.0,56553060580.0,2013,276000000.0,대통령경호실,227322230.0,54000000.0,173322230.0
65192072750.0,7557196020.0,7557196020.0,57634876730.0,2013,0.0,대통령비서실 및 국가안보실,38962420.0,71050000.0,-32087580.0
34861325890.0,0.0,0.0,34861325890.0,2013,0.0,대통령실,74875380.0,0.0,74875380.0
549567432140.0,28396645270.0,25072393870.0,521170786870.0,2013,3324251400.0,문화재청,22261932960.0,26981000000.0,-4719067040.0
2622294692000.0,306271946220.0,130469689740.0,2316022745780.0,2013,175802256480.0,문화체육관광부,191096169660.0,189644000000.0,1452169660.0
10182622830830.0,482197743390.0,427918771160.0,9700425087440.0,2013,54278972230.0,미래창조과학부,7261705951540.0,6420617082150.0,841088869390.0
25034506000.0,915084340.0,915084340.0,24119421660.0,2013,0.0,민주평화통일자문회의,25826110.0,4779000.0,21047110.0
113252907920.0,2264324610.0,2264324610.0,110988583310.0,2013,0.0,방송통신위원회,155066700170.0,98890481000.0,56176219170.0
10920945615880.0,946947786690.0,666954517650.0,9973997829190.0,2013,279993269040.0,방위사업청,212734459340.0,121197000000.0,91537459340.0
2883895991290.0,109455915540.0,66550104120.0,2774440075750.0,2013,42905811420.0,법무부,1606807622790.0,2026824000000.0,-420016377210.0
27738830000.0,1525628830.0,1525628830.0,26213201170.0,2013,0.0,법제처,67703260.0,0.0,67703260.0
180982712000.0,6087595130.0,6087595130.0,174895116870.0,2013,0.0,병무청,272373160.0,277000000.0,-4626840.0
26873296265870.0,280862296380.0,239259915660.0,26592433969490.0,2013,41602380720.0,보건복지부,417169199800.0,632960349000.0,-215791149200.0
2429003485660.0,113453126220.0,65291059210.0,2315550359440.0,2013,48162067010.0,산림청,758257657720.0,809486000000.0,-51228342280.0
8693997333240.0,1394008328640.0,1160589180410.0,7299989004600.0,2013,233419148230.0,산업통상자원부,4775471742180.0,6294497567000.0,-1519025824820.0
6951000000.0,1596426520.0,807328530.0,5354573480.0,2013,789097990.0,새만금개발청,0.0,0.0,0.0
1083182426430.0,127199489860.0,41782542190.0,955982936570.0,2013,85416947670.0,소방방재청,11107462690.0,15567000000.0,-4459537310.0
254829983820.0,16726044910.0,13101545130.0,238103938910.0,2013,3624499780.0,식품의약품안전처,12806370120.0,8615000000.0,4191370120.0
73000665750.0,0.0,0.0,73000665750.0,2013,0.0,식품의약품안전청,1708198440.0,0.0,1708198440.0
32491834298610.0,1385733964780.0,591564369790.0,31106100333830.0,2013,794169594990.0,안전행정부,30744962950.0,39899665000.0,-9154702050.0
311668270490.0,21801816240.0,14119550150.0,289866454250.0,2013,7682266090.0,여성가족부,4556338900.0,8149000000.0,-3592661100.0
1505098897050.0,128595206160.0,127106495870.0,1376503690890.0,2013,1488710290.0,외교부,168060541480.0,140100000000.0,27960541480.0
483876324050.0,0.0,0.0,483876324050.0,2013,0.0,외교통상부,17298371130.0,0.0,17298371130.0
91858422000.0,3057036870.0,2960458990.0,88801385130.0,2013,96577880.0,원자력안전위원회,1296433590.0,195000000.0,1101433590.0
536799177440.0,221287028890.0,208167073470.0,315512148550.0,2013,13119955420.0,조달청,333048211760.0,513998000000.0,-180949788240.0
3135986673470.0,62215889360.0,62215889360.0,3073770784110.0,2013,0.0,중소기업청,62791455160.0,43742000000.0,19049455160.0
362817909670.0,2979647290.0,1805744790.0,359838262380.0,2013,1173902500.0,중앙선거관리위원회,3754194250.0,4705000000.0,-950805750.0
3198321676450.0,0.0,0.0,3198321676450.0,2013,0.0,지식경제부,2665395489950.0,1457843892000.0,1207551597950.0
238182900000.0,8928273980.0,8832529980.0,229254626020.0,2013,95744000.0,통계청,3119836840.0,3202080000.0,-82243160.0
422181561000.0,118298595070.0,118298595070.0,303882965930.0,2013,0.0,통일부,2103783450.0,589000000.0,1514783450.0
1611220110.0,0.0,0.0,1611220110.0,2013,0.0,특임장관실,1263970.0,0.0,1263970.0
435234647630.0,6933014160.0,5912360160.0,428301633470.0,2013,1020654000.0,특허청,465169040920.0,432735927000.0,32433113920.0
1135309019490.0,49461281010.0,30544451420.0,1085847738480.0,2013,18916829590.0,해양경찰청,3478111780.0,3831000000.0,-352888220.0
3956953685590.0,956215767310.0,648756472430.0,3000737918280.0,2013,307459294880.0,해양수산부,917526520210.0,1624346500000.0,-706819979790.0
9993625894360.0,2820750.0,2820750.0,9993623073610.0,2013,0.0,행정안전부,11695466220.0,13446000000.0,-1750533780.0
1674747467170.0,221370927710.0,124263972620.0,1453376539460.0,2013,97106955090.0,행정중심복합도시건설청,807639740470.0,842449951000.0,-34810210530.0
35383727000.0,866916370.0,866916370.0,34516810630.0,2013,0.0,헌법재판소,11295340.0,0.0,11295340.0
9282071153780.0,1014926532610.0,865219408190.0,8267144621170.0,2013,149707124420.0,환경부,4405082189380.0,4825012557000.0,-419930367620.0
104559097000.0,4483014710.0,3935045870.0,100076082290.0,2012,547968840.0,감사원,456325110.0,332949000.0,123376110.0
8284798701700.0,205727744420.0,93735378910.0,8079070957280.0,2012,111992365510.0,경찰청,680608549320.0,998077000000.0,-317468450680.0
1734817833300.0,188201321810.0,184904334370.0,1546616511490.0,2012,3296987440.0,고용노동부,77717852890.0,41246000000.0,36471852890.0
87443736000.0,1621136420.0,1591136420.0,85822599580.0,2012,30000000.0,공정거래위원회,916195204400.0,405068000000.0,511127204400.0
430497960270.0,4760917140.0,3880378140.0,425737043130.0,2012,880539000.0,관세청,28780047950.0,24329000000.0,4451047950.0
49698020685805.0,363165093195.0,243647755555.0,49334855592610.0,2012,119517337640.0,교육과학기술부,419205176950.0,635101948110.0,-215896771160.0
58973212000.0,269925840.0,269925840.0,58703286160.0,2012,0.0,국가과학기술위원회,324706340.0,0.0,324706340.0
3900234175840.0,19755975880.0,11946911990.0,3880478199960.0,2012,7809063890.0,국가보훈처,2218460590.0,2537000000.0,-318539410.0
23226746000.0,738151710.0,597682260.0,22488594290.0,2012,140469450.0,국가인권위원회,128732480.0,20000000.0,108732480.0
469418033940.0,9280798590.0,7013993590.0,460137235350.0,2012,2266805000.0,국가정보원,1739937320.0,1378600000.0,361337320.0
505119012910.0,3490891060.0,3063057030.0,501628121850.0,2012,427834030.0,국무총리실,1219586970.0,1018000000.0,201586970.0
65621302000.0,1691187740.0,1691187740.0,63930114260.0,2012,0.0,국민권익위원회,360027100.0,0.0,360027100.0
25036029371720.0,1501302288200.0,698731834500.0,23534727083520.0,2012,802570453700.0,국방부,806950504970.0,1013708000000.0,-206757495030.0
1448113101860.0,101812898300.0,48944449500.0,1346300203560.0,2012,52868448800.0,국세청,676722385420.0,729357000000.0,-52634614580.0
40034765109470.0,1556097845360.0,686355699880.0,38478667264110.0,2012,869742145480.0,국토해양부,16347716901120.0,16471252905890.0,-123536004770.0
508958332390.0,21541847800.0,15538882390.0,487416484590.0,2012,6002965410.0,국회,1676152400.0,1087000000.0,589152400.0
425731540810.0,1006729820.0,981729820.0,424724810990.0,2012,25000000.0,금융위원회,18829009320.0,11617358000.0,7211651320.0
333091538420.0,20228713430.0,5332881780.0,312862824990.0,2012,14895831650.0,기상청,4323931750.0,2119000000.0,2204931750.0
14398945851770.0,614442661860.0,610086303860.0,13784503189910.0,2012,4356358000.0,기획재정부,225898394946600.0,225030300382000.0,868094564600.0
22193288027770.0,4713615978400.0,949001043530.0,17479672049370.0,2012,3764614934870.0,농림수산식품부,11887487625650.0,14524971006000.0,-2637483380350.0
1274541793860.0,239104677380.0,5992791140.0,1035437116480.0,2012,233111886240.0,농촌진흥청,468566073330.0,6708000000.0,461858073330.0
1449360303030.0,69218276300.0,54424062190.0,1380142026730.0,2012,14794214110.0,대법원,578254418170.0,632784233000.0,-54529814830.0
167995418000.0,8801770480.0,8578580480.0,159193647520.0,2012,223190000.0,대통령실,244731680.0,110050000.0,134681680.0
488795023650.0,6531198630.0,2411995490.0,482263825020.0,2012,4119203140.0,문화재청,25487222520.0,25516000000.0,-28777480.0
2316076682800.0,173279345230.0,29881479430.0,2142797337570.0,2012,143397865800.0,문화체육관광부,155199394450.0,140844000000.0,14355394450.0
22968457000.0,243396530.0,243396530.0,22725060470.0,2012,0.0,민주평화통일자문회의,8251560.0,2500000.0,5751560.0
309628864260.0,17137073870.0,5551334520.0,292491790390.0,2012,11585739350.0,방송통신위원회,267912998750.0,335650000000.0,-67737001250.0
10372346845960.0,940128204210.0,194085163330.0,9432218641750.0,2012,746043040880.0,방위사업청,165458748490.0,105191000000.0,60267748490.0
2840441867810.0,159723309950.0,55753255660.0,2680718557860.0,2012,103970054290.0,법무부,1533435654390.0,1890919000000.0,-357483345610.0
25585065780.0,264002800.0,264002800.0,25321062980.0,2012,0.0,법제처,59500850.0,0.0,59500850.0
190330742250.0,3476361070.0,3250179070.0,186854381180.0,2012,226182000.0,병무청,212496060.0,342000000.0,-129503940.0
22745255026740.0,74259015850.0,30917984800.0,22670996010890.0,2012,43341031050.0,보건복지부,390080945920.0,587886168000.0,-197805222080.0
2305879110080.0,85670871710.0,9771044050.0,2220208238370.0,2012,75899827660.0,산림청,795784559230.0,773320520000.0,22464039230.0
1649305238000.0,22482518280.0,6837105850.0,1626822719720.0,2012,15645412430.0,소방방재청,7541147880.0,12413000000.0,-4871852120.0
248562281020.0,4966132470.0,3618360080.0,243596148550.0,2012,1347772390.0,식품의약품안전청,10550515220.0,8548000000.0,2002515220.0
247424322730.0,4445090290.0,4046855800.0,242979232440.0,2012,398234490.0,여성가족부,6920158160.0,4928000000.0,1992158160.0
2002072609200.0,19635427170.0,17955734010.0,1982437182030.0,2012,1679693160.0,외교통상부,167766206610.0,144470000000.0,23296206610.0
77348000000.0,553883340.0,498883340.0,76794116660.0,2012,55000000.0,원자력안전위원회,792559340.0,194000000.0,598559340.0
282645704910.0,16540522520.0,4177345080.0,266105182390.0,2012,12363177440.0,조달청,298412270880.0,254687660000.0,43724610880.0
2161419545250.0,34953597240.0,3955347240.0,2126465948010.0,2012,30998250000.0,중소기업청,553231392470.0,516578429000.0,36652963470.0
812170827000.0,83076332590.0,77984600920.0,729094494410.0,2012,5091731670.0,중앙선거관리위원회,12259243260.0,11040000000.0,1219243260.0
16607778062240.0,1192118672610.0,1076453860090.0,15415659389630.0,2012,115664812520.0,지식경제부,13458644058740.0,11720968000000.0,1737676058740.0
235890784000.0,4355779350.0,4355779350.0,231535004650.0,2012,0.0,통계청,4870166960.0,4226000000.0,644166960.0
517705090560.0,189496006850.0,189496006850.0,328209083710.0,2012,0.0,통일부,1919851010.0,572000000.0,1347851010.0
9682573220.0,601459020.0,524413200.0,9081114200.0,2012,77045820.0,특임장관실,16922000.0,0.0,16922000.0
409845045000.0,7638849670.0,5140129040.0,402206195330.0,2012,2498720630.0,특허청,433066615250.0,405415000000.0,27651615250.0
1183885730250.0,54722877020.0,2980163530.0,1129162853230.0,2012,51742713490.0,해양경찰청,28411484350.0,3567000000.0,24844484350.0
37656022664340.0,229984163890.0,49999478560.0,37426038500450.0,2012,179984685330.0,행정안전부,36074292120.0,39783000000.0,-3708707880.0
1745275460590.0,91493440480.0,17173875310.0,1653782020110.0,2012,74319565170.0,행정중심복합도시건설청,1004234147540.0,802753174000.0,201480973540.0
34629371250.0,1435964530.0,1435964530.0,33193406720.0,2012,0.0,헌법재판소,460732540.0,440000000.0,20732540.0
8108396452777.0,410197701847.0,283079605067.0,7698198750930.0,2012,127118096780.0,환경부,4193492002470.0,4363959000000.0,-170466997530.0
101414834700.0,7063390680.0,6081073680.0,94351444020.0,2011,982317000.0,감사원,352745060.0,366057000.0,-13311940.0
8076483050074.0,417864362464.0,178331476764.0,7658618687610.0,2011,239532885700.0,경찰청,790478359290.0,993580893000.0,-203102533710.0
1368237066320.0,64218364430.0,54153480130.0,1304018701890.0,2011,10064884300.0,고용노동부,52980312590.0,13059000000.0,39921312590.0
78843437000.0,1738951560.0,1738951560.0,77104485440.0,2011,0.0,공정거래위원회,349100721270.0,408221157000.0,-59120435730.0
424814719670.0,20565980770.0,14082022500.0,404248738900.0,2011,6483958270.0,관세청,26003430030.0,21841000000.0,4162430030.0
45148186104480.0,145398195390.0,52336695655.0,45002787909090.0,2011,93061499735.0,교육과학기술부,570013596320.0,430059060000.0,139954536320.0
46833357350.0,2182649820.0,2182649820.0,44650707530.0,2011,0.0,국가과학기술위원회,421074620.0,0.0,421074620.0
3730427044330.0,16204274550.0,13595597710.0,3714222769780.0,2011,2608676840.0,국가보훈처,7861863830.0,2407000000.0,5454863830.0
22515039070.0,1252295490.0,1080074490.0,21262743580.0,2011,172221000.0,국가인권위원회,19484740.0,20000000.0,-515260.0
504061905740.0,11756192320.0,11335644380.0,492305713420.0,2011,420547940.0,국가정보원,895898450.0,1008030000.0,-112131550.0
488440795600.0,6118862700.0,4781316900.0,482321932900.0,2011,1337545800.0,국무총리실,185341000.0,0.0,185341000.0
61662668000.0,2741903890.0,2741903890.0,58920764110.0,2011,0.0,국민권익위원회,268979270.0,0.0,268979270.0
24170842486460.0,1481173438240.0,553699167520.0,22689669048220.0,2011,927474270720.0,국방부,1016151087820.0,1301797000000.0,-285645912180.0
1499747501481.0,128813951061.0,69011901201.0,1370933550420.0,2011,59802049860.0,국세청,645225369140.0,550368000000.0,94857369140.0
40386710303930.0,2934558930620.0,2030130056080.0,37452151373310.0,2011,904428874540.0,국토해양부,13784199335280.0,16435258161000.0,-2651058825720.0
536987806450.0,16606308690.0,13680942300.0,520381497760.0,2011,2925366390.0,국회,11879937900.0,1040000000.0,10839937900.0
1555631157000.0,2553922150.0,2488740340.0,1553077234850.0,2011,65181810.0,금융위원회,15913967570.0,10710000000.0,5203967570.0
300222496920.0,29684585950.0,5832501530.0,270537910970.0,2011,23852084420.0,기상청,2492600650.0,2153100000.0,339500650.0
13828816074000.0,1062655098660.0,1055918675890.0,12766160975340.0,2011,6736422770.0,기획재정부,218553273972660.0,213408956709000.0,5144317263660.0
17043656434468.0,1018666555768.0,157413334998.0,16024989878700.0,2011,861253220770.0,농림수산식품부,10982416086440.0,9512229566000.0,1470186520440.0
1270840606870.0,426216148430.0,24270861570.0,844624458440.0,2011,401945286860.0,농촌진흥청,16838078690.0,6594000000.0,10244078690.0
1450150044790.0,98893140410.0,55058907380.0,1351256904380.0,2011,43834233030.0,대법원,564694173520.0,611350424000.0,-46656250480.0
162928809000.0,9245878080.0,9245878080.0,153682930920.0,2011,0.0,대통령실,6370894460.0,84079000.0,6286815460.0
472012519340.0,10026852290.0,6056453640.0,461985667050.0,2011,3970398650.0,문화재청,23620625980.0,26939270000.0,-3318644020.0
2092245261680.0,92224392540.0,31463030630.0,2000020869140.0,2011,60761361910.0,문화체육관광부,100838080090.0,111071739000.0,-10233658910.0
24317397000.0,659016170.0,659016170.0,23658380830.0,2011,0.0,민주평화통일자문회의,38657240.0,1779000.0,36878240.0
325428169570.0,24499399430.0,9630106170.0,300928770140.0,2011,14869293260.0,방송통신위원회,318122649570.0,311565000000.0,6557649570.0
10233996357200.0,628677301820.0,150133553860.0,9605319055380.0,2011,478543747960.0,방위사업청,62796655540.0,63651000000.0,-854344460.0
2699990005900.0,130528106110.0,28578538300.0,2569461899790.0,2011,101949567810.0,법무부,1543744073300.0,1848196543000.0,-304452469700.0
24431294000.0,615440660.0,605604880.0,23815853340.0,2011,9835780.0,법제처,3402870.0,0.0,3402870.0
183332638530.0,6494646900.0,1979678650.0,176837991630.0,2011,4514968250.0,병무청,251808990.0,333747000.0,-81938010.0
21073029871587.0,85945158157.0,56117335417.0,20987084713430.0,2011,29827822740.0,보건복지부,433814694940.0,523026567000.0,-89211872060.0
2199788311340.0,40614439290.0,7768296210.0,2159173872050.0,2011,32846143080.0,산림청,908509840870.0,770919312000.0,137590528870.0
1092189566760.0,33326993370.0,19612716370.0,1058862573390.0,2011,13714277000.0,소방방재청,7072323080.0,11083000000.0,-4010676920.0
242523614740.0,11611330480.0,8751921460.0,230912284260.0,2011,2859409020.0,식품의약품안전청,12528423260.0,8311000000.0,4217423260.0
219771850460.0,6250957610.0,5781074880.0,213520892850.0,2011,469882730.0,여성가족부,8277015310.0,2740000000.0,5537015310.0
1768994269540.0,43298933160.0,42290569960.0,1725695336380.0,2011,1008363200.0,외교통상부,151193338570.0,133487000000.0,17706338570.0
7405632720.0,151384880.0,151384880.0,7254247840.0,2011,0.0,원자력안전위원회,125000000.0,0.0,125000000.0
401702742200.0,44419510350.0,30641465440.0,357283231850.0,2011,13778044910.0,조달청,397997904690.0,382200431000.0,15797473690.0
2004327215760.0,6006562840.0,4621951590.0,1998320652920.0,2011,1384611250.0,중소기업청,34306031960.0,13689315000.0,20616716960.0
257171122000.0,1344753890.0,1344753890.0,255826368110.0,2011,0.0,중앙선거관리위원회,706662290.0,789000000.0,-82337710.0
15340707930550.0,450438203280.0,350923216040.0,14890269727270.0,2011,99514987240.0,지식경제부,13166793939960.0,10719410000000.0,2447383939960.0
281761676000.0,10935921030.0,10935921030.0,270825754970.0,2011,0.0,통계청,4672706360.0,2977227000.0,1695479360.0
569188801000.0,354150383160.0,352146142600.0,215038417840.0,2011,2004240560.0,통일부,729402790.0,565300000.0,164102790.0
9476803360.0,978370350.0,794430130.0,8498433010.0,2011,183940220.0,특임장관실,50929960.0,0.0,50929960.0
364909000000.0,10514005800.0,7769505800.0,354394994200.0,2011,2744500000.0,특허청,391904168640.0,363286000000.0,28618168640.0
1098630007640.0,135186935300.0,17669770050.0,963443072340.0,2011,117517165250.0,해양경찰청,3718360460.0,2495000000.0,1223360460.0
34514737860240.0,212062420600.0,58382646260.0,34302675439640.0,2011,153679774340.0,행정안전부,124479966340.0,27621094000.0,96858872340.0
1570821860370.0,210845068680.0,12007956090.0,1359976791690.0,2011,198837112590.0,행정중심복합도시건설청,1007526445780.0,785936000000.0,221590445780.0
31486124850.0,1687857490.0,1341093240.0,29798267360.0,2011,346764250.0,헌법재판소,24351940.0,0.0,24351940.0
8468252744200.0,425677964630.0,265031745853.0,8042574779570.0,2011,160646218777.0,환경부,4399298386160.0,4271463911000.0,127834475160.0
90736384000.0,5874215050.0,5466814350.0,84862168950.0,2010,407400700.0,감사원,316461510.0,303192000.0,13269510.0
7644805382490.0,468868980440.0,191785006366.0,7175936402050.0,2010,277083974074.0,경찰청,1013111434980.0,1116389409000.0,-103277974020.0
1273781397810.0,60123836630.0,53215618310.0,1213657561180.0,2010,6908218320.0,고용노동부,25469569630.0,15592000000.0,9877569630.0
73829777000.0,2821513090.0,2821513090.0,71008263910.0,2010,0.0,공정거래위원회,508400794450.0,373380856000.0,135019938450.0
404839305000.0,18679200690.0,14105389020.0,386160104310.0,2010,4573811670.0,관세청,19795138510.0,20225000000.0,-429861490.0
41853741204025.0,585754921745.0,502327122435.0,41267986282280.0,2010,83427799310.0,교육과학기술부,411799646990.0,383343646000.0,28456000990.0
3470334723590.0,14241562520.0,7061862190.0,3456093161070.0,2010,7179700330.0,국가보훈처,2721140860.0,2176140000.0,545000860.0
22697115000.0,2631271290.0,2194872220.0,20065843710.0,2010,436399070.0,국가인권위원회,16891100.0,20000000.0,-3108900.0
506292452840.0,44242398750.0,36579027010.0,462050054090.0,2010,7663371740.0,국가정보원,7540715640.0,943960000.0,6596755640.0
460075303000.0,6511067360.0,6016093760.0,453564235640.0,2010,494973600.0,국무총리실,604646600.0,0.0,604646600.0
60842098000.0,4291762030.0,4291762030.0,56550335970.0,2010,0.0,국민권익위원회,55769870.0,0.0,55769870.0
22365725819130.0,1207321019740.0,194252604280.0,21158404799390.0,2010,1013068415460.0,국방부,1344531853760.0,1016621610000.0,327910243760.0
1446288753210.0,104536973140.0,67900411659.0,1341751780070.0,2010,36636561481.0,국세청,533243484670.0,674787799000.0,-141544314330.0
41013428452770.0,1638056597740.0,979359045810.0,39375371855030.0,2010,658697551930.0,국토해양부,14952058180830.0,16496366073000.0,-1544307892170.0
479832747780.0,14013154240.0,9516040790.0,465819593540.0,2010,4497113450.0,국회,952184840.0,924000000.0,28184840.0
3146451244000.0,3804291820.0,3804291820.0,3142646952180.0,2010,0.0,금융위원회,12402308920.0,12192651000.0,209657920.0
249966892170.0,14992347310.0,3645714390.0,234974544860.0,2010,11346632920.0,기상청,1856798960.0,2172000000.0,-315201040.0
13216856278960.0,1353568163000.0,1347477482000.0,11863288115960.0,2010,6090681000.0,기획재정부,209435350725030.0,204673945655000.0,4761405070030.0
17653331738445.0,1667746882435.0,625702054967.0,15985584856010.0,2010,1042044827468.0,농림수산식품부,10245505800460.0,10042661229000.0,202844571460.0
938752534770.0,194109049390.0,15128425520.0,744643485380.0,2010,178980623870.0,농촌진흥청,10150502100.0,5894060000.0,4256442100.0
1382858079380.0,99831750040.0,73930910250.0,1283026329340.0,2010,25900839790.0,대법원,480096869420.0,549314000000.0,-69217130580.0
162333096400.0,9169935200.0,9100735200.0,153163161200.0,2010,69200000.0,대통령실,570267660.0,73067000.0,497200660.0
516812135010.0,14722145150.0,9697309810.0,502089989860.0,2010,5024835340.0,문화재청,24331780920.0,20057066000.0,4274714920.0
1918939106050.0,97418890440.0,65350719760.0,1821520215610.0,2010,32068170680.0,문화체육관광부,131341018290.0,88352792000.0,42988226290.0
21202608000.0,248317200.0,248317200.0,20954290800.0,2010,0.0,민주평화통일자문회의,2233790.0,0.0,2233790.0
332694664300.0,17206930280.0,12569965710.0,315487734020.0,2010,4636964570.0,방송통신위원회,340328677730.0,350363000000.0,-10034322270.0
9359999455160.0,623026008490.0,82575969290.0,8736973446670.0,2010,540450039200.0,방위사업청,126164379980.0,69795000000.0,56369379980.0
2386297794290.0,105662984330.0,42375416430.0,2280634809960.0,2010,63287567900.0,법무부,1496864456140.0,1807140543000.0,-310276086860.0
22027024000.0,548069110.0,548069110.0,21478954890.0,2010,0.0,법제처,884510.0,0.0,884510.0
176903668000.0,5800790560.0,4501288030.0,171102877440.0,2010,1299502530.0,병무청,490296870.0,470771000.0,19525870.0
20144951991860.0,188141498740.0,161390787153.0,19956810493120.0,2010,26750711587.0,보건복지부,653937243860.0,408467977000.0,245469266860.0
2131037801500.0,50385067340.0,13904545000.0,2080652734160.0,2010,36480522340.0,산림청,893320813140.0,864740130000.0,28580683140.0
939993518040.0,27201111970.0,3472554440.0,912792406070.0,2010,23728557530.0,소방방재청,1881959410.0,15054000000.0,-13172040590.0
252176197040.0,19387304380.0,9468143640.0,232788892660.0,2010,9919160740.0,식품의약품안전청,10095733960.0,8270000000.0,1825733960.0
154634790010.0,10467364160.0,9783243700.0,144167425850.0,2010,684120460.0,여성가족부,3273917370.0,823000000.0,2450917370.0
1638649767540.0,10947764820.0,9717635280.0,1627702002720.0,2010,1230129540.0,외교통상부,178992097510.0,120127000000.0,58865097510.0
351822640260.0,14372748450.0,8703757250.0,337449891810.0,2010,5668991200.0,조달청,389794718340.0,343716656000.0,46078062340.0
1929736125000.0,5848880060.0,5848880060.0,1923887244940.0,2010,0.0,중소기업청,16862446800.0,11558000000.0,5304446800.0
285860120000.0,10606584810.0,10379524810.0,275253535190.0,2010,227060000.0,중앙선거관리위원회,1646646230.0,838000000.0,808646230.0
15423007908200.0,338538594320.0,248379942770.0,15084469313880.0,2010,90158651550.0,지식경제부,12804112264760.0,10799967476000.0,2004144788760.0
14131476000.0,1683806730.0,1683806730.0,12447669270.0,2010,0.0,진실·화해를위한과거사정리위원회,42342430.0,0.0,42342430.0
411346673000.0,20027408380.0,20027408380.0,391319264620.0,2010,0.0,통계청,4321215720.0,2364630000.0,1956585720.0
513192245000.0,354374005620.0,353431030620.0,158818239380.0,2010,942975000.0,통일부,513526960.0,564600000.0,-51073040.0
6343433000.0,775017150.0,707168790.0,5568415850.0,2010,67848360.0,특임장관실,0.0,0.0,0.0
349822920000.0,14448048820.0,12825048820.0,335374871180.0,2010,1623000000.0,특허청,369523746420.0,349798000000.0,19725746420.0
977905020580.0,59994172600.0,14796210960.0,917910847980.0,2010,45197961640.0,해양경찰청,4038476790.0,1950000000.0,2088476790.0
31807043667550.0,156904005290.0,73375104820.0,31650139662260.0,2010,83528900470.0,행정안전부,37649764960.0,22482055000.0,15167709960.0
1422509777410.0,364700637960.0,191030777590.0,1057809139450.0,2010,173669860370.0,행정중심복합도시건설청,759143566440.0,695103057000.0,64040509440.0
27765687000.0,749390410.0,713761560.0,27016296590.0,2010,35628850.0,헌법재판소,66218910.0,0.0,66218910.0
7515368131020.0,261248337830.0,11173903630.0,7254119793190.0,2010,250074434200.0,환경부,3964092402170.0,3965057381000.0,-964978830.0
89204927240.0,7078328780.0,6989702780.0,82126598460.0,2009,88626000.0,감사원,368593250.0,274308000.0,94285250.0
7387832364190.0,386691086690.0,336908368200.0,7001141277500.0,2009,49782718490.0,경찰청,879439455090.0,1100532894000.0,-221093438910.0
75874596000.0,2480282710.0,2480282710.0,73394313290.0,2009,0.0,공정거래위원회,112122185330.0,191065503000.0,-78943317670.0
404888047770.0,15453515570.0,15050515570.0,389434532200.0,2009,403000000.0,관세청,33370775660.0,17936000000.0,15434775660.0
40149556764960.0,188301313870.0,118385340845.0,39961255451090.0,2009,69915973025.0,교육과학기술부,377177617720.0,361385008000.0,15792609720.0
3231686023230.0,12978075290.0,10572913700.0,3218707947940.0,2009,2405161590.0,국가보훈처,8990292650.0,1021074000.0,7969218650.0
23653710000.0,2645315020.0,2232974020.0,21008394980.0,2009,412341000.0,국가인권위원회,73705600.0,20000000.0,53705600.0
487233885250.0,45328329680.0,22708089840.0,441905555570.0,2009,22620239840.0,국가정보원,8077935620.0,895590000.0,7182345620.0
404074743000.0,4473219900.0,3421492900.0,399601523100.0,2009,1051727000.0,국무총리실,667386570.0,122100000.0,545286570.0
58614084000.0,4119702440.0,4025802440.0,54494381560.0,2009,93900000.0,국민권익위원회,49785180.0,0.0,49785180.0
21650304400600.0,1012917621860.0,224817154730.0,20637386778740.0,2009,788100467130.0,국방부,1006505372890.0,489793220000.0,516712152890.0
1369424323400.0,68659736380.0,57951742170.0,1300764587020.0,2009,10707994210.0,국세청,917233916780.0,789921151000.0,127312765780.0
42956368685630.0,612629622680.0,238810666910.0,42343739062950.0,2009,373818955770.0,국토해양부,18161633460740.0,17816727335000.0,344906125740.0
454853849660.0,54026710680.0,22050486900.0,400827138980.0,2009,31976223780.0,국회,1082134670.0,710000000.0,372134670.0
2886807021000.0,3035278440.0,2975378440.0,2883771742560.0,2009,59900000.0,금융위원회,8832911000.0,13312664000.0,-4479753000.0
233067860480.0,7543023590.0,4604956420.0,225524836890.0,2009,2938067170.0,기상청,2065800060.0,987885000.0,1077915060.0
13146440969560.0,1196011758570.0,1192862021610.0,11950429210990.0,2009,3149736960.0,기획재정부,208519710821990.0,206663123291000.0,1856587530990.0
1408891005750.0,130009750900.0,88742105090.0,1278881254850.0,2009,41267645810.0,노동부,23469347520.0,20173000000.0,3296347520.0
16450429653089.0,1258588248579.0,888662896134.0,15191841404510.0,2009,369925352445.0,농림수산식품부,10076324363590.0,9546518375000.0,529805988590.0
651925118480.0,34608337580.0,8874933810.0,617316780900.0,2009,25733403770.0,농촌진흥청,18970313420.0,5601229000.0,13369084420.0
1339036490300.0,99244022820.0,69269592440.0,1239792467480.0,2009,29974430380.0,대법원,483483157300.0,553781413000.0,-70298255700.0
149864022000.0,11754449920.0,11552103520.0,138109572080.0,2009,202346400.0,대통령실,160784100.0,73067000.0,87717100.0
503991031930.0,12811151150.0,9512528140.0,491179880780.0,2009,3298623010.0,문화재청,22022796070.0,20621123000.0,1401673070.0
1828454171380.0,135148005630.0,93089781580.0,1693306165750.0,2009,42058224050.0,문화체육관광부,123745622590.0,89556192000.0,34189430590.0
16767673000.0,774693450.0,774693450.0,15992979550.0,2009,0.0,민주평화통일자문회의,10455450.0,0.0,10455450.0
323119720120.0,13125696730.0,12564101430.0,309994023390.0,2009,561595300.0,방송통신위원회,357779156850.0,384507000000.0,-26727843150.0
9014611958060.0,204756911470.0,38272791310.0,8809855046590.0,2009,166484120160.0,방위사업청,275332746840.0,105983000000.0,169349746840.0
2284887342190.0,66904429110.0,38513933820.0,2217982913080.0,2009,28390495290.0,법무부,1657372907840.0,1743738543000.0,-86365635160.0
21332586000.0,893620700.0,893620700.0,20438965300.0,2009,0.0,법제처,10393350.0,0.0,10393350.0
216002929000.0,9396349270.0,9249977270.0,206606579730.0,2009,146372000.0,병무청,450320960.0,191838000.0,258482960.0
20271311404330.0,646840356710.0,381207137840.0,19624471047620.0,2009,265633218870.0,보건복지가족부,609293946100.0,427494662000.0,181799284100.0
2318322280690.0,34683656040.0,18466162540.0,2283638624650.0,2009,16217493500.0,산림청,912255549510.0,943069288000.0,-30813738490.0
857709782200.0,12095386970.0,3072424930.0,845614395230.0,2009,9022962040.0,소방방재청,13265868490.0,8762000000.0,4503868490.0
214086118140.0,13290333360.0,6272738320.0,200795784780.0,2009,7017595040.0,식품의약품안전청,10494078100.0,16834900000.0,-6340821900.0
86682977000.0,1418838870.0,1389507870.0,85264138130.0,2009,29331000.0,여성부,790327040.0,803000000.0,-12672960.0
1430959480750.0,5326311260.0,4646708720.0,1425633169490.0,2009,679602540.0,외교통상부,134017808750.0,101352000000.0,32665808750.0
303216431400.0,9960646980.0,8686323720.0,293255784420.0,2009,1274323260.0,조달청,374476388930.0,294737225000.0,79739163930.0
5319956405000.0,6717090590.0,6717090590.0,5313239314410.0,2009,0.0,중소기업청,11321655560.0,9225000000.0,2096655560.0
226401043000.0,7390128100.0,7390128100.0,219010914900.0,2009,0.0,중앙선거관리위원회,1795581460.0,1104000000.0,691581460.0
15206585980820.0,393505166330.0,372098056130.0,14813080814490.0,2009,21407110200.0,지식경제부,11221819568310.0,9700278520000.0,1521541048310.0
19384958900.0,2271987400.0,2271987400.0,17112971500.0,2009,0.0,진실·화해를위한과거사정리위원회,94701470.0,0.0,94701470.0
7540558350.0,0.0,0.0,7540558350.0,2009,0.0,친일반민족행위진상규명위원회,1971220.0,0.0,1971220.0
228787202700.0,14162901590.0,14162901590.0,214624301110.0,2009,0.0,통계청,3283780780.0,1390374000.0,1893406780.0
479453255900.0,352688656180.0,352688656180.0,126764599720.0,2009,0.0,통일부,480134890.0,537800000.0,-57665110.0
2503679000.0,261698450.0,261698450.0,2241980550.0,2009,0.0,특임장관실,0.0,0.0,0.0
377093179900.0,48103421620.0,48103421620.0,328989758280.0,2009,0.0,특허청,342728349530.0,374675000000.0,-31946650470.0
873355309700.0,40225979720.0,22558690140.0,833129329980.0,2009,17667289580.0,해양경찰청,3992159550.0,17850000000.0,-13857840450.0
33693506130170.0,360018450990.0,340285922440.0,33333487679180.0,2009,19732528550.0,행정안전부,28956087800.0,13752081000.0,15204006800.0
1162905286980.0,57603437610.0,20994774200.0,1105301849370.0,2009,36608663410.0,행정중심복합도시건설청,592554969130.0,577087437000.0,15467532130.0
23749225000.0,969036960.0,969036960.0,22780188040.0,2009,0.0,헌법재판소,98549910.0,0.0,98549910.0
7703820121010.0,234160518470.0,17590059450.0,7469659602540.0,2009,216570459020.0,환경부,4004229512790.0,4117170682000.0,-112941169210.0
85644569620.0,5809981970.0,5687388730.0,79834587650.0,2008,122593240.0,감사원,304893230.0,252292000.0,52601230.0
2649041968580.0,0.0,0.0,2649041968580.0,2008,0.0,건설교통부,1400658334720.0,12033039661000.0,-10632381326280.0
7071447295062.0,267496968502.0,200411219312.0,6803950326560.0,2008,67085749190.0,경찰청,855880801710.0,996071868000.0,-140191066290.0
67576331000.0,1147056890.0,1147056890.0,66429274110.0,2008,0.0,공정거래위원회,131489329610.0,136495560000.0,-5006230390.0
426335201320.0,0.0,0.0,426335201320.0,2008,0.0,과학기술부,8490939050.0,7728033000.0,762906050.0
384684987000.0,22496613430.0,16456095660.0,362188373570.0,2008,6040517770.0,관세청,20945817580.0,16994000000.0,3951817580.0
30627227221140.0,151853070370.0,112320931660.0,30475374150770.0,2008,39532138710.0,교육과학기술부,325310921700.0,349167160000.0,-23856238300.0
7614314927740.0,0.0,0.0,7614314927740.0,2008,0.0,교육인적자원부,55771372660.0,0.0,55771372660.0
3023381024850.0,11285865380.0,9412432150.0,3012095159470.0,2008,1873433230.0,국가보훈처,1411460910.0,805709000.0,605751910.0
306214970.0,479810.0,479810.0,305735160.0,2008,0.0,국가안전보장회의,0.0,0.0,0.0
23496442000.0,1439854570.0,1159551570.0,22056587430.0,2008,280303000.0,국가인권위원회,14324470.0,10000000.0,4324470.0
484734137000.0,16899052680.0,15649084430.0,467835084320.0,2008,1249968250.0,국가정보원,3422990080.0,698000000.0,2724990080.0
3363351670.0,4394510.0,4394510.0,3358957160.0,2008,0.0,국가청렴위원회,1863000.0,0.0,1863000.0
4569779140.0,5187360.0,5187360.0,4564591780.0,2008,0.0,국가청소년위원회,36925150.0,29218000.0,7707150.0
353989361570.0,5104798580.0,5006798580.0,348884562990.0,2008,98000000.0,국무총리실,813676600.0,912737000.0,-99060400.0
333715000.0,67100810.0,67100810.0,266614190.0,2008,0.0,국민경제자문회의,0.0,0.0,0.0
4287152530.0,0.0,0.0,4287152530.0,2008,0.0,국민고충처리위원회,0.0,0.0,0.0
48430361210.0,6398147280.0,5844940280.0,42032213930.0,2008,553207000.0,국민권익위원회,14231340.0,0.0,14231340.0
20304024101570.0,1107578825950.0,208840189350.0,19196445275620.0,2008,898738636600.0,국방부,590951906140.0,665668704000.0,-74716797860.0
1387354154770.0,147723362070.0,121984809670.0,1239630792700.0,2008,25738552400.0,국세청,782700485740.0,789079874000.0,-6379388260.0
8386306000.0,41135020.0,41135020.0,8345170980.0,2008,0.0,국정홍보처,95690270.0,37559000.0,58131270.0
31431681577254.0,525434476414.0,260188339784.0,30906247100840.0,2008,265246136630.0,국토해양부,13054327456410.0,2288485506000.0,10765841950410.0
425144891580.0,42317144070.0,27027393410.0,382827747510.0,2008,15289750660.0,국회,1814678190.0,1566000000.0,248678190.0
303731402060.0,2417104350.0,2417104350.0,301314297710.0,2008,0.0,금융위원회,9655026690.0,12331636000.0,-2676609310.0
201631325430.0,10442321420.0,2102581940.0,191189004010.0,2008,8339739480.0,기상청,1592523650.0,826885000.0,765638650.0
1670357303740.0,0.0,0.0,1670357303740.0,2008,0.0,기획예산처,1839920832360.0,1839570139000.0,350693360.0
8668190333500.0,1617684259300.0,1612048987740.0,7050506074200.0,2008,5635271560.0,기획재정부,182142185620820.0,179958097526000.0,2184088094820.0
965992437206.0,47201362756.0,30927849006.0,918791074450.0,2008,16273513750.0,노동부,30069038180.0,24118000000.0,5951038180.0
1746086125100.0,0.0,0.0,1746086125100.0,2008,0.0,농림부,813347375400.0,784489151000.0,28858224400.0
14414727633066.0,1224814517276.0,674548100267.0,13189913115790.0,2008,550266417009.0,농림수산식품부,9030064536510.0,8595230813000.0,434833723510.0
553120803450.0,5985733600.0,4741667040.0,547135069850.0,2008,1244066560.0,농촌진흥청,14733665610.0,4969000000.0,9764665610.0
1318212826620.0,104071030060.0,76239781760.0,1214141796560.0,2008,27831248300.0,대법원,514671482390.0,536266000000.0,-21594517610.0
32395174520.0,0.0,0.0,32395174520.0,2008,0.0,대통령경호실,0.0,0.0,0.0
9735702990.0,0.0,0.0,9735702990.0,2008,0.0,대통령비서실,0.0,0.0,0.0
134783571730.0,23056678220.0,20050506220.0,111726893510.0,2008,3006172000.0,대통령실,315036580.0,48067000.0,266969580.0
197520625370.0,19032880.0,19032880.0,197501592490.0,2008,0.0,문화관광부,68221330990.0,66617254000.0,1604076990.0
442939136350.0,19731787130.0,10255606200.0,423207349220.0,2008,9476180930.0,문화재청,18555665670.0,18385759000.0,169906670.0
1632429253270.0,223653143030.0,132941863650.0,1408776110240.0,2008,90711279380.0,문화체육관광부,51913615890.0,77065266000.0,-25151650110.0
16657875000.0,893427140.0,893427140.0,15764447860.0,2008,0.0,민주평화통일자문회의,10302750.0,0.0,10302750.0
90040460.0,0.0,0.0,90040460.0,2008,0.0,방송위원회,140000000.0,87500000.0,52500000.0
257901639080.0,31177753260.0,28071527140.0,226723885820.0,2008,3106226120.0,방송통신위원회,349020573940.0,436989273000.0,-87968699060.0
8132237111950.0,339133546860.0,38536077800.0,7793103565090.0,2008,300597469060.0,방위사업청,97050698850.0,83922955000.0,13127743850.0
2229476041020.0,110188869650.0,86127507460.0,2119287171370.0,2008,24061362190.0,법무부,1652736347750.0,1609100512000.0,43635835750.0
21680423590.0,931779070.0,931779070.0,20748644520.0,2008,0.0,법제처,6933610.0,0.0,6933610.0
217666138720.0,10260388840.0,9655743840.0,207405749880.0,2008,604645000.0,병무청,299602540.0,144330000.0,155272540.0
13120439791890.0,311956733020.0,212718942690.0,12808483058870.0,2008,99237790330.0,보건복지가족부,304362132800.0,196834272000.0,107527860800.0
3140252691970.0,0.0,0.0,3140252691970.0,2008,0.0,보건복지부,147444594940.0,153896686000.0,-6452091060.0
1671803373290.0,87504122010.0,67020676320.0,1584299251280.0,2008,20483445690.0,산림청,755212640130.0,684804599000.0,70408041130.0
774232163020.0,0.0,0.0,774232163020.0,2008,0.0,산업자원부,641146913550.0,0.0,641146913550.0
417760963800.0,11553167150.0,2407858950.0,406207796650.0,2008,9145308200.0,소방방재청,10681365070.0,8120000000.0,2561365070.0
180954038740.0,11717531200.0,5581828060.0,169236507540.0,2008,6135703140.0,식품의약품안전청,8808405270.0,12234000000.0,-3425594730.0
299623078650.0,0.0,0.0,299623078650.0,2008,0.0,여성가족부,466931550.0,216263000.0,250668550.0
45749263320.0,1903770540.0,1267770540.0,43845492780.0,2008,636000000.0,여성부,375974200.0,646245000.0,-270270800.0
1235454441800.0,8230932700.0,7110503700.0,1227223509100.0,2008,1120429000.0,외교통상부,176921308600.0,140540311000.0,36380997600.0
206411899140.0,39922860.0,39922860.0,206371976280.0,2008,0.0,재정경제부,128884077790.0,22200000.0,128861877790.0
856171881890.0,58398460.0,58398460.0,856113483430.0,2008,0.0,정보통신부,804776703100.0,141612466000.0,663164237100.0
228181192610.0,13170162830.0,5855956430.0,215011029780.0,2008,7314206400.0,조달청,295402137110.0,227206158000.0,68195979110.0
1664699133510.0,10731026960.0,5254026960.0,1653968106550.0,2008,5477000000.0,중소기업청,15034743760.0,8337087000.0,6697656760.0
626254737000.0,92940305040.0,92513075040.0,533314431960.0,2008,427230000.0,중앙선거관리위원회,15344559720.0,11557500000.0,3787059720.0
19664257000.0,5948740.0,5948740.0,19658308260.0,2008,0.0,중앙인사위원회,476015260.0,475575000.0,440260.0
15304915002000.0,311615734470.0,291157561650.0,14993299267530.0,2008,20458172820.0,지식경제부,10836190223350.0,11207533404000.0,-371343180650.0
20104545000.0,4561793140.0,2965995240.0,15542751860.0,2008,1595797900.0,진실·화해를위한과거사정리위원회,0.0,0.0,0.0
8969207000.0,606469400.0,606469400.0,8362737600.0,2008,0.0,친일반민족행위진상규명위원회,6861860.0,0.0,6861860.0
196905221710.0,11553004510.0,9133595810.0,185352217200.0,2008,2419408700.0,통계청,2513774970.0,962928000.0,1550846970.0
797091382700.0,4545851460.0,4337293560.0,792545531240.0,2008,208557900.0,통일부,763525330.0,216751000.0,546774330.0
318020578000.0,12555179880.0,10157849980.0,305465398120.0,2008,2397329900.0,특허청,352761911900.0,317964327000.0,34797584900.0
830899698720.0,45509148330.0,33448312630.0,785390550390.0,2008,12060835700.0,해양경찰청,2025742890.0,1785000000.0,240742890.0
1051412756950.0,0.0,0.0,1051412756950.0,2008,0.0,해양수산부,409820701640.0,266401243000.0,143419458640.0
27485839906770.0,1124143200280.0,1039150904760.0,26361696706490.0,2008,84992295520.0,행정안전부,21220215590.0,11028964000.0,10191251590.0
4886695217030.0,6420720.0,6420720.0,4886688796310.0,2008,0.0,행정자치부,1159494220.0,650702000.0,508792220.0
665703240590.0,12926596320.0,4196183340.0,652776644270.0,2008,8730412980.0,행정중심복합도시건설청,341547495320.0,326665458000.0,14882037320.0
22743870000.0,1045810610.0,887890610.0,21698059390.0,2008,157920000.0,헌법재판소,18911400.0,0.0,18911400.0
5551300209000.0,168401262070.0,37616243060.0,5382898946930.0,2008,130785019010.0,환경부,3033293830770.0,3130911688000.0,-97617857230.0
82365584000.0,2891261020.0,2354687400.0,79474322980.0,2007,536573620.0,감사원,274309700.0,244850000.0,29459700.0
28521453352500.0,319705147820.0,91650147420.0,28201748204680.0,2007,228055000400.0,건설교통부,11903114730120.0,11511544180000.0,391570550120.0
6771040649000.0,192907975930.0,133399095868.0,6578132673070.0,2007,59508880062.0,경찰청,902793820610.0,983476610000.0,-80682789390.0
54769258300.0,1013914410.0,993992410.0,53755343890.0,2007,19922000.0,공정거래위원회,300689238100.0,137629713000.0,163059525100.0
2305771116000.0,3606944970.0,2719775240.0,2302164171030.0,2007,887169730.0,과학기술부,35408997720.0,22657455000.0,12751542720.0
365385074250.0,19084573530.0,13333344530.0,346300500720.0,2007,5751229000.0,관세청,15099010040.0,16408000000.0,-1308989960.0
31080591584600.0,137054410320.0,112190519150.0,30943537174280.0,2007,24863891170.0,교육인적자원부,319777623910.0,385337506000.0,-65559882090.0
2824553783250.0,17962034540.0,5461542690.0,2806591748710.0,2007,12500491850.0,국가보훈처,2424561810.0,3353711000.0,-929149190.0
2271124000.0,275446550.0,275446550.0,1995677450.0,2007,0.0,국가안전보장회의,0.0,0.0,0.0
22182767000.0,1180662480.0,1033602480.0,21002104520.0,2007,147060000.0,국가인권위원회,21618840.0,0.0,21618840.0
455522146000.0,15307392120.0,7189912120.0,440214753880.0,2007,8117480000.0,국가정보원,970880260.0,0.0,970880260.0
22840114000.0,1654413270.0,1654413270.0,21185700730.0,2007,0.0,국가청렴위원회,5436450.0,0.0,5436450.0
78548145000.0,11965832900.0,741429100.0,66582312100.0,2007,11224403800.0,국가청소년위원회,249965850.0,95000000.0,154965850.0
336271882000.0,3661727870.0,3218727870.0,332610154130.0,2007,443000000.0,국무총리실,11876532710.0,13929466000.0,-2052933290.0
2333181000.0,291208860.0,291208860.0,2041972140.0,2007,0.0,국민경제자문회의,0.0,0.0,0.0
24369218000.0,342356880.0,342356880.0,24026861120.0,2007,0.0,국민고충처리위원회,4184260.0,0.0,4184260.0
19303803850490.0,1429549509440.0,711298889870.0,17874254341050.0,2007,718250619570.0,국방부,538502400450.0,868011828000.0,-329509427550.0
1167772183340.0,85788824050.0,71333229280.0,1081983359290.0,2007,14455594770.0,국세청,751415647160.0,719536838000.0,31878809160.0
69868010000.0,2909599330.0,2909599330.0,66958410670.0,2007,0.0,국정홍보처,2238734840.0,603664000.0,1635070840.0
400035569980.0,17329021710.0,13278229130.0,382706548270.0,2007,4050792580.0,국회,739515820.0,530000000.0,209515820.0
177383673300.0,4139694450.0,2512403020.0,173243978850.0,2007,1627291430.0,기상청,1267644740.0,683982000.0,583662740.0
4012021123400.0,1231896821170.0,1226535347440.0,2780124302230.0,2007,5361473730.0,기획예산처,6071088806970.0,6386857000000.0,-315768193030.0
935544051900.0,33060074530.0,21064565324.0,902483977370.0,2007,11995509206.0,노동부,32983803000.0,42607629000.0,-9623826000.0
15957786307000.0,1130046924440.0,616269787200.0,14827739382560.0,2007,513777137240.0,농림부,9626113192550.0,9470870409000.0,155242783550.0
516134176000.0,7924205010.0,7112962560.0,508209970990.0,2007,811242450.0,농촌진흥청,13602875650.0,11715815000.0,1887060650.0
1234106419740.0,110498145630.0,87180418010.0,1123608274110.0,2007,23317727620.0,대법원,518874188060.0,585039943000.0,-66165754940.0
72926209000.0,3010019110.0,1487859110.0,69916189890.0,2007,1522160000.0,대통령경호실,25829880.0,17530000.0,8299880.0
64580864000.0,2395210940.0,2395210940.0,62185653060.0,2007,0.0,대통령비서실,20851370.0,25500000.0,-4648630.0
1457582707860.0,112899441620.0,44903873250.0,1344683266240.0,2007,67995568370.0,문화관광부,56593991870.0,49467503000.0,7126488870.0
408892067870.0,22517351150.0,8297664800.0,386374716720.0,2007,14219686350.0,문화재청,15237465450.0,19722237000.0,-4484771550.0
13733768000.0,518710450.0,518710450.0,13215057550.0,2007,0.0,민주평화통일자문회의,2218130.0,0.0,2218130.0
4855817000.0,65573340.0,65573340.0,4790243660.0,2007,0.0,방송위원회,1052190660.0,839000000.0,213190660.0
6997433726200.0,624039887310.0,173146793360.0,6373393838890.0,2007,450893093950.0,방위사업청,145605290920.0,111898000000.0,33707290920.0
2140836201810.0,76437842050.0,51821829030.0,2064398359760.0,2007,24616013020.0,법무부,1450035331790.0,1686081192000.0,-236045860210.0
20207542000.0,794727370.0,794727370.0,19412814630.0,2007,0.0,법제처,10741730.0,0.0,10741730.0
149236967000.0,6691025420.0,5484621700.0,142545941580.0,2007,1206403720.0,병무청,522593370.0,186152000.0,336441370.0
11974009056410.0,98950305930.0,65356178850.0,11875058750480.0,2007,33594127080.0,보건복지부,324930098610.0,337545001000.0,-12614902390.0
1650067703000.0,110724694530.0,99362043240.0,1539343008470.0,2007,11362651290.0,산림청,658707966930.0,636101159000.0,22606807930.0
6252600895000.0,115273383900.0,79927568330.0,6137327511100.0,2007,35345815570.0,산업자원부,3907902887650.0,3938630467000.0,-30727579350.0
497353819000.0,12678069170.0,4365942370.0,484675749830.0,2007,8312126800.0,소방방재청,7381447220.0,6357000000.0,1024447220.0
175295322710.0,7934102970.0,5764876380.0,167361219740.0,2007,2169226590.0,식품의약품안전청,8828233760.0,8035000000.0,793233760.0
1203210377000.0,3764136690.0,3296239940.0,1199446240310.0,2007,467896750.0,여성가족부,10308192620.0,13203000000.0,-2894807380.0
1145348149220.0,16884972050.0,13013940250.0,1128463177170.0,2007,3871031800.0,외교통상부,176302859580.0,132489000000.0,43813859580.0
4201607570700.0,122898948050.0,121071913730.0,4078708622650.0,2007,1827034320.0,재정경제부,165872358872390.0,150999262716000.0,14873096156390.0
6350688767770.0,294974197370.0,289159200620.0,6055714570400.0,2007,5814996750.0,정보통신부,6400092579980.0,6202651822000.0,197440757980.0
214484987700.0,6518661210.0,5543626600.0,207966326490.0,2007,975034610.0,조달청,291184874510.0,212299162000.0,78885712510.0
1687143100680.0,6532267590.0,5498754080.0,1680610833090.0,2007,1033513510.0,중소기업청,9968888790.0,7580241000.0,2388647790.0
373445507170.0,38475033260.0,34427360260.0,334970473910.0,2007,4047673000.0,중앙선거관리위원회,796048410.0,726500000.0,69548410.0
121410938000.0,5683669620.0,5683669620.0,115727268380.0,2007,0.0,중앙인사위원회,3104817730.0,3324925000.0,-220107270.0
12832230000.0,1891037060.0,1443537060.0,10941192940.0,2007,447500000.0,진실·화해를위한과거사정리위원회,0.0,0.0,0.0
7814676000.0,744447570.0,744447570.0,7070228430.0,2007,0.0,친일반민족행위진상규명위원회,3384460.0,0.0,3384460.0
147548376000.0,8890638150.0,7003350340.0,138657737850.0,2007,1887287810.0,통계청,2384813550.0,852192000.0,1532621550.0
618668337000.0,3839964580.0,1327667880.0,614828372420.0,2007,2512296700.0,통일부,295880140.0,198991000.0,96889140.0
316235163350.0,12406058360.0,12381358360.0,303829104990.0,2007,24700000.0,특허청,370662468490.0,311119266000.0,59543202490.0
770938704180.0,34489425500.0,27534455780.0,736449278680.0,2007,6954969720.0,해양경찰청,2122750460.0,1903000000.0,219750460.0
5514098571430.0,326729103290.0,101791084880.0,5187369468140.0,2007,224938018410.0,해양수산부,2229903327240.0,2123931962000.0,105971365240.0
27465476331840.0,83033666420.0,30476245460.0,27382442665420.0,2007,52557420960.0,행정자치부,25239278910.0,9520000000.0,15719278910.0
188171755630.0,39546714420.0,27174389830.0,148625041210.0,2007,12372324590.0,행정중심복합도시건설청,83201421540.0,80122570000.0,3078851540.0
20010888000.0,1816817030.0,1801098030.0,18194070970.0,2007,15719000.0,헌법재판소,1350014890.0,48452000.0,1301562890.0
4974028313290.0,46734868880.0,16516794880.0,4927293444410.0,2007,30218074000.0,환경부,2929781947670.0,2896672000000.0,33109947670.0
