단위사업명,1월집행금액,2월집행금액,3월집행금액,4월집행금액,5월집행금액,6월집행금액,7월집행금액,8월집행금액,9월집행금액,10월집행금액,11월집행금액,12월집행금액,회계명,회계연도,소관명,연간계획
경찰복지증진,66.0,72.0,219.0,228.0,248.0,0.0,0.0,0.0,0.0,0.0,0.0,0.0,일반회계,2023,경찰청,677.0
경찰장비현대화,22.0,39.0,88.0,134.0,227.0,0.0,0.0,0.0,0.0,0.0,0.0,0.0,일반회계,2023,경찰청,1412.0
교통사고예방,252.0,405.0,621.0,629.0,733.0,0.0,0.0,0.0,0.0,0.0,0.0,0.0,일반회계,2023,경찰청,1486.0
수사지원 및 수사역량강화,125.0,160.0,217.0,245.0,336.0,0.0,0.0,0.0,0.0,0.0,0.0,0.0,일반회계,2023,경찰청,1236.0
정책연구개발(R&D),4.0,483.0,670.0,666.0,667.0,0.0,0.0,0.0,0.0,0.0,0.0,0.0,일반회계,2023,경찰청,674.0
치안행정업무지원,7.0,9.0,39.0,77.0,133.0,0.0,0.0,0.0,0.0,0.0,0.0,0.0,일반회계,2023,경찰청,1183.0
한국기술교육대학교출연,0.0,93.0,181.0,228.0,273.0,0.0,0.0,0.0,0.0,0.0,0.0,0.0,고등·평생교육지원특별회계,2023,고용노동부,510.0
한국폴리텍대학출연,144.0,284.0,431.0,669.0,1179.0,0.0,0.0,0.0,0.0,0.0,0.0,0.0,고등·평생교육지원특별회계,2023,고용노동부,2894.0
진폐근로자보호,87.0,193.0,262.0,349.0,371.0,0.0,0.0,0.0,0.0,0.0,0.0,0.0,에너지및자원사업특별회계,2023,고용노동부,891.0
고용지원인프라운영,17.0,40.0,241.0,357.0,376.0,0.0,0.0,0.0,0.0,0.0,0.0,0.0,일반회계,2023,고용노동부,858.0
국민취업지원제도,134.0,256.0,335.0,463.0,556.0,0.0,0.0,0.0,0.0,0.0,0.0,0.0,일반회계,2023,고용노동부,1495.0
사회적기업육성,452.0,482.0,515.0,708.0,729.0,0.0,0.0,0.0,0.0,0.0,0.0,0.0,일반회계,2023,고용노동부,846.0
청년진로및취업지원(일반),71.0,249.0,612.0,709.0,1082.0,0.0,0.0,0.0,0.0,0.0,0.0,0.0,일반회계,2023,고용노동부,1788.0
한국기술교육대학교출연,98.0,195.0,240.0,322.0,406.0,0.0,0.0,0.0,0.0,0.0,0.0,0.0,일반회계,2023,고용노동부,802.0
한국산업인력공단출연,324.0,647.0,969.0,1184.0,1403.0,0.0,0.0,0.0,0.0,0.0,0.0,0.0,일반회계,2023,고용노동부,2158.0
사회적기업육성,74.0,227.0,322.0,412.0,510.0,0.0,0.0,0.0,0.0,0.0,0.0,0.0,지역균형발전특별회계,2023,고용노동부,1083.0
지역고용촉진지원,80.0,107.0,290.0,408.0,539.0,0.0,0.0,0.0,0.0,0.0,0.0,0.0,지역균형발전특별회계,2023,고용노동부,1472.0
고용보험징수관리,45.0,99.0,143.0,183.0,274.0,0.0,0.0,0.0,0.0,0.0,0.0,0.0,고용보험기금,2023,고용노동부,585.0
능력개발융자지원(융자),100.0,150.0,200.0,300.0,400.0,0.0,0.0,0.0,0.0,0.0,0.0,0.0,고용보험기금,2023,고용노동부,535.0
중소기업능력개발지원,0.0,806.0,959.0,1133.0,1133.0,0.0,0.0,0.0,0.0,0.0,0.0,0.0,고용보험기금,2023,고용노동부,1445.0
한국산업인력공단능력개발사업지원,141.0,283.0,963.0,1057.0,1151.0,0.0,0.0,0.0,0.0,0.0,0.0,0.0,고용보험기금,2023,고용노동부,1712.0
한국폴리텍대학능력개발사업지원,30.0,60.0,80.0,150.0,215.0,0.0,0.0,0.0,0.0,0.0,0.0,0.0,고용보험기금,2023,고용노동부,531.0
근로자생활안정자금(융자),310.0,520.0,620.0,830.0,930.0,0.0,0.0,0.0,0.0,0.0,0.0,0.0,근로복지진흥기금,2023,고용노동부,1500.0
장애인고용인프라지원,54.0,106.0,251.0,337.0,395.0,0.0,0.0,0.0,0.0,0.0,0.0,0.0,장애인고용촉진및직업재활기금,2023,고용노동부,641.0
장애인고용지원,259.0,618.0,1177.0,1436.0,1731.0,0.0,0.0,0.0,0.0,0.0,0.0,0.0,장애인고용촉진및직업재활기금,2023,고용노동부,3008.0
장애인직업능력제고,85.0,153.0,371.0,466.0,542.0,0.0,0.0,0.0,0.0,0.0,0.0,0.0,장애인고용촉진및직업재활기금,2023,고용노동부,896.0
나노·소재기술개발,267.0,496.0,857.0,1300.0,2165.0,0.0,0.0,0.0,0.0,0.0,0.0,0.0,소재부품장비경쟁력강화특별회계,2023,과학기술정보통신부,2805.0
국가과학기술연구회 소속 출연연구기관 지원,188.0,455.0,703.0,937.0,1261.0,0.0,0.0,0.0,0.0,0.0,0.0,0.0,에너지및자원사업특별회계,2023,과학기술정보통신부,2764.0
AI기술개발(일반),15.0,276.0,301.0,516.0,522.0,0.0,0.0,0.0,0.0,0.0,0.0,0.0,일반회계,2023,과학기술정보통신부,858.0
AI반도체경쟁력강화(일반),38.0,570.0,1006.0,1027.0,1048.0,0.0,0.0,0.0,0.0,0.0,0.0,0.0,일반회계,2023,과학기술정보통신부,1223.0
ICT산업기반확충(일반),0.0,178.0,334.0,358.0,379.0,0.0,0.0,0.0,0.0,0.0,0.0,0.0,일반회계,2023,과학기술정보통신부,514.0
SW융합인력양성(일반),55.0,107.0,286.0,407.0,457.0,0.0,0.0,0.0,0.0,0.0,0.0,0.0,일반회계,2023,과학기술정보통신부,602.0
과학기술 기획평가,19.0,152.0,212.0,347.0,351.0,0.0,0.0,0.0,0.0,0.0,0.0,0.0,일반회계,2023,과학기술정보통신부,562.0
국가과학기술연구회 소속 출연연구기관 지원,511.0,1334.0,3456.0,4809.0,4948.0,0.0,0.0,0.0,0.0,0.0,0.0,0.0,일반회계,2023,과학기술정보통신부,12049.0
국제과학비즈니스벨트조성,0.0,144.0,152.0,194.0,198.0,0.0,0.0,0.0,0.0,0.0,0.0,0.0,일반회계,2023,과학기술정보통신부,616.0
기초연구기반구축사업,147.0,180.0,343.0,437.0,437.0,0.0,0.0,0.0,0.0,0.0,0.0,0.0,일반회계,2023,과학기술정보통신부,753.0
기초연구지원,5737.0,18917.0,18917.0,19457.0,20036.0,0.0,0.0,0.0,0.0,0.0,0.0,0.0,일반회계,2023,과학기술정보통신부,20501.0
나노·소재기술개발,199.0,444.0,544.0,793.0,793.0,0.0,0.0,0.0,0.0,0.0,0.0,0.0,일반회계,2023,과학기술정보통신부,793.0
바이오·의료기술개발,1985.0,3855.0,4788.0,5455.0,5455.0,0.0,0.0,0.0,0.0,0.0,0.0,0.0,일반회계,2023,과학기술정보통신부,5564.0
사회문제해결연구,176.0,279.0,424.0,480.0,480.0,0.0,0.0,0.0,0.0,0.0,0.0,0.0,일반회계,2023,과학기술정보통신부,503.0
생산적정보문화조성(정보화),0.0,399.0,643.0,741.0,742.0,0.0,0.0,0.0,0.0,0.0,0.0,0.0,일반회계,2023,과학기술정보통신부,959.0
스마트화산업기반확충(일반),302.0,531.0,659.0,769.0,770.0,0.0,0.0,0.0,0.0,0.0,0.0,0.0,일반회계,2023,과학기술정보통신부,1006.0
연구성과기술사업화지원,179.0,446.0,801.0,974.0,974.0,0.0,0.0,0.0,0.0,0.0,0.0,0.0,일반회계,2023,과학기술정보통신부,974.0
우수학생 국가장학 사업,0.0,0.0,200.0,209.0,209.0,0.0,0.0,0.0,0.0,0.0,0.0,0.0,일반회계,2023,과학기술정보통신부,522.0
우주발사체개발,0.0,133.0,267.0,267.0,267.0,0.0,0.0,0.0,0.0,0.0,0.0,0.0,일반회계,2023,과학기술정보통신부,1277.0
인공위성개발,285.0,687.0,1041.0,1717.0,1834.0,0.0,0.0,0.0,0.0,0.0,0.0,0.0,일반회계,2023,과학기술정보통신부,2708.0
정보보안대응체계구축,7.0,18.0,122.0,541.0,545.0,0.0,0.0,0.0,0.0,0.0,0.0,0.0,일반회계,2023,과학기술정보통신부,813.0
직할출연연구기관지원,473.0,1660.0,2509.0,3878.0,4026.0,0.0,0.0,0.0,0.0,0.0,0.0,0.0,일반회계,2023,과학기술정보통신부,7598.0
차세대정보·컴퓨팅기술개발,107.0,542.0,753.0,879.0,879.0,0.0,0.0,0.0,0.0,0.0,0.0,0.0,일반회계,2023,과학기술정보통신부,897.0
창의적인재육성,443.0,722.0,1171.0,1249.0,1262.0,0.0,0.0,0.0,0.0,0.0,0.0,0.0,일반회계,2023,과학기술정보통신부,1369.0
첨단융합기술개발,371.0,906.0,1214.0,1437.0,1439.0,0.0,0.0,0.0,0.0,0.0,0.0,0.0,일반회계,2023,과학기술정보통신부,1620.0
콘텐츠 진흥,0.0,198.0,229.0,398.0,399.0,0.0,0.0,0.0,0.0,0.0,0.0,0.0,일반회계,2023,과학기술정보통신부,501.0
콘텐츠디바이스기술개발(일반),133.0,464.0,680.0,893.0,957.0,0.0,0.0,0.0,0.0,0.0,0.0,0.0,일반회계,2023,과학기술정보통신부,1140.0
AI기술개발(균특),25.0,131.0,211.0,370.0,533.0,0.0,0.0,0.0,0.0,0.0,0.0,0.0,지역균형발전특별회계,2023,과학기술정보통신부,758.0
기초연구기반구축사업(균특),0.0,0.0,3.0,6.0,6.0,0.0,0.0,0.0,0.0,0.0,0.0,0.0,지역균형발전특별회계,2023,과학기술정보통신부,600.0
산학연협력 활성화 지원,90.0,137.0,297.0,400.0,495.0,0.0,0.0,0.0,0.0,0.0,0.0,0.0,지역균형발전특별회계,2023,과학기술정보통신부,625.0
수출용 신형 연구로 개발 및 실증사업,26.0,58.0,113.0,188.0,248.0,0.0,0.0,0.0,0.0,0.0,0.0,0.0,지역균형발전특별회계,2023,과학기술정보통신부,502.0
스마트화산업기반확충,0.0,0.0,293.0,391.0,446.0,0.0,0.0,0.0,0.0,0.0,0.0,0.0,지역균형발전특별회계,2023,과학기술정보통신부,632.0
연구개발특구육성,0.0,204.0,659.0,843.0,1037.0,0.0,0.0,0.0,0.0,0.0,0.0,0.0,지역균형발전특별회계,2023,과학기술정보통신부,1371.0
AI경쟁력강화(방발),0.0,171.0,171.0,206.0,432.0,0.0,0.0,0.0,0.0,0.0,0.0,0.0,방송통신발전기금,2023,과학기술정보통신부,859.0
ICT사업화지원(방발),87.0,401.0,401.0,1166.0,1166.0,0.0,0.0,0.0,0.0,0.0,0.0,0.0,방송통신발전기금,2023,과학기술정보통신부,1743.0
데이터산업경쟁력강화(방발),0.0,3.0,72.0,133.0,683.0,0.0,0.0,0.0,0.0,0.0,0.0,0.0,방송통신발전기금,2023,과학기술정보통신부,1063.0
미디어 다양성 및 공공성 확보,32.0,128.0,157.0,270.0,375.0,0.0,0.0,0.0,0.0,0.0,0.0,0.0,방송통신발전기금,2023,과학기술정보통신부,734.0
방송인프라지원,4.0,69.0,117.0,271.0,337.0,0.0,0.0,0.0,0.0,0.0,0.0,0.0,방송통신발전기금,2023,과학기술정보통신부,762.0
출연연 연구개발지원(R&D),0.0,141.0,141.0,141.0,322.0,0.0,0.0,0.0,0.0,0.0,0.0,0.0,방송통신발전기금,2023,과학기술정보통신부,942.0
콘텐츠 진흥,0.0,301.0,301.0,987.0,987.0,0.0,0.0,0.0,0.0,0.0,0.0,0.0,방송통신발전기금,2023,과학기술정보통신부,1393.0
콘텐츠디바이스기술개발(방발),92.0,277.0,277.0,793.0,793.0,0.0,0.0,0.0,0.0,0.0,0.0,0.0,방송통신발전기금,2023,과학기술정보통신부,1071.0
원자력및방사선안전규제,0.0,20.0,273.0,364.0,455.0,0.0,0.0,0.0,0.0,0.0,0.0,0.0,원자력기금,2023,과학기술정보통신부,910.0
원자력연구개발사업,321.0,321.0,321.0,596.0,596.0,0.0,0.0,0.0,0.0,0.0,0.0,0.0,원자력기금,2023,과학기술정보통신부,1463.0
AI경쟁력강화(정진),0.0,145.0,345.0,2089.0,2089.0,0.0,0.0,0.0,0.0,0.0,0.0,0.0,정보통신진흥기금,2023,과학기술정보통신부,3480.0
AI기술개발(정진),189.0,231.0,261.0,871.0,873.0,0.0,0.0,0.0,0.0,0.0,0.0,0.0,정보통신진흥기금,2023,과학기술정보통신부,1291.0
SW.디지털콘텐츠기술개발,233.0,233.0,243.0,824.0,824.0,0.0,0.0,0.0,0.0,0.0,0.0,0.0,정보통신진흥기금,2023,과학기술정보통신부,1173.0
SW산업경쟁력강화(정진),85.0,205.0,224.0,712.0,736.0,0.0,0.0,0.0,0.0,0.0,0.0,0.0,정보통신진흥기금,2023,과학기술정보통신부,1058.0
SW융합인력양성,253.0,254.0,361.0,1030.0,1101.0,0.0,0.0,0.0,0.0,0.0,0.0,0.0,정보통신진흥기금,2023,과학기술정보통신부,1681.0
스마트화기술개발(정진),5.0,101.0,101.0,145.0,355.0,0.0,0.0,0.0,0.0,0.0,0.0,0.0,정보통신진흥기금,2023,과학기술정보통신부,508.0
스마트화산업기반확충(정진),0.0,89.0,89.0,379.0,379.0,0.0,0.0,0.0,0.0,0.0,0.0,0.0,정보통신진흥기금,2023,과학기술정보통신부,542.0
정보보호기술개발(정진),9.0,24.0,174.0,183.0,313.0,0.0,0.0,0.0,0.0,0.0,0.0,0.0,정보통신진흥기금,2023,과학기술정보통신부,788.0
4단계 두뇌한국21 사업,0.0,0.0,1721.0,2241.0,3743.0,0.0,0.0,0.0,0.0,0.0,0.0,0.0,고등·평생교육지원특별회계,2023,교육부,5287.0
국립대학 교육기반조성,0.0,192.0,1550.0,4417.0,4989.0,0.0,0.0,0.0,0.0,0.0,0.0,0.0,고등·평생교육지원특별회계,2023,교육부,7955.0
국립대학 시설확충,0.0,1040.0,3249.0,3582.0,5180.0,0.0,0.0,0.0,0.0,0.0,0.0,0.0,고등·평생교육지원특별회계,2023,교육부,9564.0
국립대학법인 운영 지원,0.0,907.0,907.0,959.0,1075.0,0.0,0.0,0.0,0.0,0.0,0.0,0.0,고등·평생교육지원특별회계,2023,교육부,2592.0
국립대학병원 여건개선,0.0,30.0,30.0,61.0,77.0,0.0,0.0,0.0,0.0,0.0,0.0,0.0,고등·평생교육지원특별회계,2023,교육부,788.0
대입전형 자율역량 기반조성,0.0,3.0,213.0,333.0,452.0,0.0,0.0,0.0,0.0,0.0,0.0,0.0,고등·평생교육지원특별회계,2023,교육부,604.0
대학 내 산학연협력 활성화,0.0,54.0,1951.0,2780.0,3988.0,0.0,0.0,0.0,0.0,0.0,0.0,0.0,고등·평생교육지원특별회계,2023,교육부,5891.0
대학혁신지원,73.0,130.0,153.0,7241.0,8241.0,0.0,0.0,0.0,0.0,0.0,0.0,0.0,고등·평생교육지원특별회계,2023,교육부,14813.0
산학협력 선도 전문대학 육성,0.0,0.0,481.0,717.0,924.0,0.0,0.0,0.0,0.0,0.0,0.0,0.0,고등·평생교육지원특별회계,2023,교육부,1141.0
이공학학술연구조성,85.0,1878.0,3001.0,3701.0,4713.0,0.0,0.0,0.0,0.0,0.0,0.0,0.0,고등·평생교육지원특별회계,2023,교육부,5384.0
인문사회학술연구 조성,0.0,133.0,386.0,1012.0,1991.0,0.0,0.0,0.0,0.0,0.0,0.0,0.0,고등·평생교육지원특별회계,2023,교육부,3173.0
전문대학 혁신 지원,0.0,142.0,526.0,4661.0,4910.0,0.0,0.0,0.0,0.0,0.0,0.0,0.0,고등·평생교육지원특별회계,2023,교육부,7383.0
평생학습 활성화지원,0.0,0.0,196.0,523.0,793.0,0.0,0.0,0.0,0.0,0.0,0.0,0.0,고등·평생교육지원특별회계,2023,교육부,793.0
고졸 취업 활성화 지원,0.0,0.0,948.0,948.0,998.0,0.0,0.0,0.0,0.0,0.0,0.0,0.0,일반회계,2023,교육부,1502.0
교육급여,0.0,1109.0,1109.0,1264.0,1264.0,0.0,0.0,0.0,0.0,0.0,0.0,0.0,일반회계,2023,교육부,1573.0
맞춤형 국가장학금 지원,0.0,19992.0,32586.0,32586.0,32586.0,0.0,0.0,0.0,0.0,0.0,0.0,0.0,일반회계,2023,교육부,45644.0
한국장학재단 출연,0.0,615.0,615.0,1325.0,1912.0,0.0,0.0,0.0,0.0,0.0,0.0,0.0,일반회계,2023,교육부,2714.0
그린스마트 스쿨 조성,0.0,0.0,0.0,1360.0,1360.0,0.0,0.0,0.0,0.0,0.0,0.0,0.0,지역균형발전특별회계,2023,교육부,4212.0
교육환경 개선 지원사업,0.0,42.0,354.0,354.0,621.0,0.0,0.0,0.0,0.0,0.0,0.0,0.0,사학진흥기금,2023,교육부,1699.0
국립묘지조성및관리,1.0,3.0,19.0,58.0,76.0,0.0,0.0,0.0,0.0,0.0,0.0,0.0,일반회계,2023,국가보훈부,984.0
군시설이전사업,1.0,103.0,339.0,581.0,948.0,0.0,0.0,0.0,0.0,0.0,0.0,0.0,국방·군사시설이전특별회계,2023,국방부,7582.0
사유재산정리,0.0,1.0,29.0,80.0,141.0,0.0,0.0,0.0,0.0,0.0,0.0,0.0,국방·군사시설이전특별회계,2023,국방부,646.0
간부주거시설,2.0,110.0,448.0,493.0,1150.0,0.0,0.0,0.0,0.0,0.0,0.0,0.0,일반회계,2023,국방부,5211.0
과학화훈련,0.0,54.0,99.0,98.0,127.0,0.0,0.0,0.0,0.0,0.0,0.0,0.0,일반회계,2023,국방부,847.0
교육시설,5.0,94.0,319.0,344.0,540.0,0.0,0.0,0.0,0.0,0.0,0.0,0.0,일반회계,2023,국방부,3147.0
교육용탄약,81.0,431.0,511.0,500.0,879.0,0.0,0.0,0.0,0.0,0.0,0.0,0.0,일반회계,2023,국방부,1958.0
국방행정지원,41.0,83.0,150.0,162.0,226.0,0.0,0.0,0.0,0.0,0.0,0.0,0.0,일반회계,2023,국방부,875.0
군의무,50.0,131.0,384.0,491.0,717.0,0.0,0.0,0.0,0.0,0.0,0.0,0.0,일반회계,2023,국방부,3112.0
군인사,40.0,86.0,136.0,135.0,255.0,0.0,0.0,0.0,0.0,0.0,0.0,0.0,일반회계,2023,국방부,660.0
군인적자원개발교육,2.0,54.0,164.0,191.0,257.0,0.0,0.0,0.0,0.0,0.0,0.0,0.0,일반회계,2023,국방부,735.0
물자획득,27.0,258.0,665.0,687.0,1096.0,0.0,0.0,0.0,0.0,0.0,0.0,0.0,일반회계,2023,국방부,4154.0
병영기본시설,6.0,137.0,648.0,620.0,1150.0,0.0,0.0,0.0,0.0,0.0,0.0,0.0,일반회계,2023,국방부,6704.0
수송활동,42.0,98.0,191.0,195.0,291.0,0.0,0.0,0.0,0.0,0.0,0.0,0.0,일반회계,2023,국방부,735.0
시설유지운영,80.0,363.0,905.0,989.0,2201.0,0.0,0.0,0.0,0.0,0.0,0.0,0.0,일반회계,2023,국방부,10554.0
예비전력유지,15.0,28.0,96.0,118.0,150.0,0.0,0.0,0.0,0.0,0.0,0.0,0.0,일반회계,2023,국방부,597.0
일반시설개선,104.0,731.0,2229.0,2360.0,3783.0,0.0,0.0,0.0,0.0,0.0,0.0,0.0,일반회계,2023,국방부,17616.0
장병복지지원,28.0,117.0,175.0,179.0,278.0,0.0,0.0,0.0,0.0,0.0,0.0,0.0,일반회계,2023,국방부,696.0
장비유지,633.0,4437.0,8303.0,7279.0,12172.0,0.0,0.0,0.0,0.0,0.0,0.0,0.0,일반회계,2023,국방부,38997.0
장비획득,35.0,423.0,893.0,1082.0,1947.0,0.0,0.0,0.0,0.0,0.0,0.0,0.0,일반회계,2023,국방부,7023.0
정보통신체계운영,8.0,162.0,430.0,424.0,714.0,0.0,0.0,0.0,0.0,0.0,0.0,0.0,일반회계,2023,국방부,2815.0
정훈문화활동,96.0,108.0,125.0,126.0,240.0,0.0,0.0,0.0,0.0,0.0,0.0,0.0,일반회계,2023,국방부,690.0
탄약관리,1.0,195.0,247.0,249.0,514.0,0.0,0.0,0.0,0.0,0.0,0.0,0.0,일반회계,2023,국방부,1385.0
피복비,44.0,119.0,159.0,171.0,295.0,0.0,0.0,0.0,0.0,0.0,0.0,0.0,일반회계,2023,국방부,693.0
훈련 및 교육 지원,22.0,58.0,80.0,85.0,167.0,0.0,0.0,0.0,0.0,0.0,0.0,0.0,일반회계,2023,국방부,673.0
미군기지이전사업,49.0,53.0,56.0,75.0,147.0,0.0,0.0,0.0,0.0,0.0,0.0,0.0,주한미군기지이전특별회계,2023,국방부,572.0
미군기지이전지원,0.0,151.0,152.0,152.0,153.0,0.0,0.0,0.0,0.0,0.0,0.0,0.0,주한미군기지이전특별회계,2023,국방부,645.0
장병복지향상,32.0,89.0,190.0,241.0,343.0,0.0,0.0,0.0,0.0,0.0,0.0,0.0,군인복지기금,2023,국방부,1217.0
고속도로건설,699.0,4708.0,5224.0,8315.0,8883.0,0.0,0.0,0.0,0.0,0.0,0.0,0.0,교통시설특별회계,2023,국토교통부,16388.0
고속철도건설,568.0,644.0,1427.0,1427.0,2600.0,0.0,0.0,0.0,0.0,0.0,0.0,0.0,교통시설특별회계,2023,국토교통부,4423.0
광역철도건설지원,0.0,0.0,3674.0,3719.0,5024.0,0.0,0.0,0.0,0.0,0.0,0.0,0.0,교통시설특별회계,2023,국토교통부,11443.0
교통약자이동편의증진,0.0,0.0,1256.0,1256.0,1256.0,0.0,0.0,0.0,0.0,0.0,0.0,0.0,교통시설특별회계,2023,국토교통부,2247.0
대중교통체계구축,0.0,9.0,81.0,167.0,415.0,0.0,0.0,0.0,0.0,0.0,0.0,0.0,교통시설특별회계,2023,국토교통부,1266.0
도로병목지점 개선,2.0,54.0,471.0,516.0,554.0,0.0,0.0,0.0,0.0,0.0,0.0,0.0,교통시설특별회계,2023,국토교통부,1474.0
도로보수(총액계상),0.0,45.0,1639.0,1861.0,2305.0,0.0,0.0,0.0,0.0,0.0,0.0,0.0,교통시설특별회계,2023,국토교통부,8225.0
도로안전 및 환경개선(총액계상),0.0,49.0,2067.0,2196.0,2556.0,0.0,0.0,0.0,0.0,0.0,0.0,0.0,교통시설특별회계,2023,국토교통부,10375.0
민자유치사업지원,1080.0,3288.0,6010.0,7027.0,7223.0,0.0,0.0,0.0,0.0,0.0,0.0,0.0,교통시설특별회계,2023,국토교통부,10739.0
시관내국도대체우회도로건설,61.0,492.0,1336.0,1428.0,1511.0,0.0,0.0,0.0,0.0,0.0,0.0,0.0,교통시설특별회계,2023,국토교통부,3784.0
신공항건설,0.0,11.0,16.0,39.0,162.0,0.0,0.0,0.0,0.0,0.0,0.0,0.0,교통시설특별회계,2023,국토교통부,1660.0
위험도로개선,0.0,27.0,268.0,293.0,334.0,0.0,0.0,0.0,0.0,0.0,0.0,0.0,교통시설특별회계,2023,국토교통부,1784.0
일반국도건설,100.0,1423.0,4490.0,4773.0,5279.0,0.0,0.0,0.0,0.0,0.0,0.0,0.0,교통시설특별회계,2023,국토교통부,16718.0
일반국도조사설계,0.0,39.0,509.0,567.0,610.0,0.0,0.0,0.0,0.0,0.0,0.0,0.0,교통시설특별회계,2023,국토교통부,1078.0
일반철도건설,2241.0,2821.0,5260.0,5260.0,9401.0,0.0,0.0,0.0,0.0,0.0,0.0,0.0,교통시설특별회계,2023,국토교통부,22229.0
지하철건설지원,0.0,510.0,510.0,1563.0,2566.0,0.0,0.0,0.0,0.0,0.0,0.0,0.0,교통시설특별회계,2023,국토교통부,5968.0
철도기술연구,0.0,60.0,276.0,501.0,573.0,0.0,0.0,0.0,0.0,0.0,0.0,0.0,교통시설특별회계,2023,국토교통부,891.0
철도운영지원(교특),0.0,0.0,1.0,474.0,474.0,0.0,0.0,0.0,0.0,0.0,0.0,0.0,교통시설특별회계,2023,국토교통부,674.0
첨단도로교통체계,0.0,4.0,839.0,841.0,1271.0,0.0,0.0,0.0,0.0,0.0,0.0,0.0,교통시설특별회계,2023,국토교통부,3821.0
항공기술연구,0.0,0.0,351.0,487.0,667.0,0.0,0.0,0.0,0.0,0.0,0.0,0.0,교통시설특별회계,2023,국토교통부,984.0
항공산업지원,21.0,37.0,284.0,376.0,381.0,0.0,0.0,0.0,0.0,0.0,0.0,0.0,교통시설특별회계,2023,국토교통부,769.0
건설기술혁신(R&D),0.0,0.0,327.0,338.0,411.0,0.0,0.0,0.0,0.0,0.0,0.0,0.0,일반회계,2023,국토교통부,534.0
교통물류연구,0.0,237.0,590.0,837.0,942.0,0.0,0.0,0.0,0.0,0.0,0.0,0.0,일반회계,2023,국토교통부,1008.0
교통안전공단출연,642.0,803.0,803.0,803.0,803.0,0.0,0.0,0.0,0.0,0.0,0.0,0.0,일반회계,2023,국토교통부,805.0
국토정보제도선진화,1.0,514.0,516.0,517.0,518.0,0.0,0.0,0.0,0.0,0.0,0.0,0.0,일반회계,2023,국토교통부,558.0
국토지형관리,18.0,213.0,362.0,445.0,700.0,0.0,0.0,0.0,0.0,0.0,0.0,0.0,일반회계,2023,국토교통부,1584.0
도시건축연구,0.0,0.0,290.0,438.0,511.0,0.0,0.0,0.0,0.0,0.0,0.0,0.0,일반회계,2023,국토교통부,653.0
부동산공시,1.0,151.0,721.0,729.0,802.0,0.0,0.0,0.0,0.0,0.0,0.0,0.0,일반회계,2023,국토교통부,1222.0
스마트시티 지원,0.0,12.0,13.0,16.0,19.0,0.0,0.0,0.0,0.0,0.0,0.0,0.0,일반회계,2023,국토교통부,1304.0
자동차안전도강화,0.0,304.0,520.0,558.0,579.0,0.0,0.0,0.0,0.0,0.0,0.0,0.0,일반회계,2023,국토교통부,627.0
주택가격조사지원,140.0,329.0,352.0,389.0,600.0,0.0,0.0,0.0,0.0,0.0,0.0,0.0,일반회계,2023,국토교통부,798.0
주택정책지원,2967.0,5850.0,8917.0,12328.0,15569.0,0.0,0.0,0.0,0.0,0.0,0.0,0.0,일반회계,2023,국토교통부,26359.0
철도안전(일반),3581.0,3582.0,5914.0,7808.0,11517.0,0.0,0.0,0.0,0.0,0.0,0.0,0.0,일반회계,2023,국토교통부,19214.0
철도운영지원(일반),0.0,0.0,0.0,576.0,1936.0,0.0,0.0,0.0,0.0,0.0,0.0,0.0,일반회계,2023,국토교통부,3979.0
해외인프라시장개척,0.0,1.0,252.0,306.0,434.0,0.0,0.0,0.0,0.0,0.0,0.0,0.0,일반회계,2023,국토교통부,701.0
개발제한구역지원,0.0,391.0,554.0,588.0,948.0,0.0,0.0,0.0,0.0,0.0,0.0,0.0,지역균형발전특별회계,2023,국토교통부,1599.0
광역도로,0.0,58.0,58.0,58.0,138.0,0.0,0.0,0.0,0.0,0.0,0.0,0.0,지역균형발전특별회계,2023,국토교통부,524.0
광역철도건설지원,0.0,0.0,284.0,284.0,423.0,0.0,0.0,0.0,0.0,0.0,0.0,0.0,지역균형발전특별회계,2023,국토교통부,1983.0
국가지원지방도건설,0.0,22.0,1663.0,1806.0,1808.0,0.0,0.0,0.0,0.0,0.0,0.0,0.0,지역균형발전특별회계,2023,국토교통부,3099.0
도시재생,0.0,0.0,936.0,1547.0,2133.0,0.0,0.0,0.0,0.0,0.0,0.0,0.0,지역균형발전특별회계,2023,국토교통부,5791.0
도시활력증진지역개발,0.0,0.0,212.0,269.0,329.0,0.0,0.0,0.0,0.0,0.0,0.0,0.0,지역균형발전특별회계,2023,국토교통부,562.0
산업단지지원(지원),0.0,0.0,23.0,23.0,173.0,0.0,0.0,0.0,0.0,0.0,0.0,0.0,지역균형발전특별회계,2023,국토교통부,973.0
산업단지진입도로지원,26.0,124.0,365.0,527.0,659.0,0.0,0.0,0.0,0.0,0.0,0.0,0.0,지역균형발전특별회계,2023,국토교통부,3089.0
성장촉진지역개발,0.0,0.0,778.0,997.0,1218.0,0.0,0.0,0.0,0.0,0.0,0.0,0.0,지역균형발전특별회계,2023,국토교통부,2224.0
혼잡도로,0.0,118.0,118.0,118.0,229.0,0.0,0.0,0.0,0.0,0.0,0.0,0.0,지역균형발전특별회계,2023,국토교통부,1157.0
공공임대주택지원(융자),1960.0,3140.0,5439.0,6290.0,9003.0,0.0,0.0,0.0,0.0,0.0,0.0,0.0,주택도시기금,2023,국토교통부,18968.0
국민임대주택지원(융자),0.0,168.0,168.0,257.0,700.0,0.0,0.0,0.0,0.0,0.0,0.0,0.0,주택도시기금,2023,국토교통부,3001.0
다가구매입임대(융자),0.0,0.0,0.0,398.0,8857.0,0.0,0.0,0.0,0.0,0.0,0.0,0.0,주택도시기금,2023,국토교통부,32370.0
도시기능증진지원,218.0,408.0,936.0,1043.0,1716.0,0.0,0.0,0.0,0.0,0.0,0.0,0.0,주택도시기금,2023,국토교통부,5985.0
도시재생지원,38.0,213.0,1119.0,1381.0,1399.0,0.0,0.0,0.0,0.0,0.0,0.0,0.0,주택도시기금,2023,국토교통부,1928.0
분양주택지원(융자),30.0,46.0,3536.0,3546.0,3561.0,0.0,0.0,0.0,0.0,0.0,0.0,0.0,주택도시기금,2023,국토교통부,13955.0
수탁은행관리,410.0,427.0,475.0,498.0,1007.0,0.0,0.0,0.0,0.0,0.0,0.0,0.0,주택도시기금,2023,국토교통부,2284.0
임대주택지원,0.0,20.0,16021.0,16021.0,30226.0,0.0,0.0,0.0,0.0,0.0,0.0,0.0,주택도시기금,2023,국토교통부,57436.0
전세임대주택지원(융자),4369.0,9127.0,14279.0,17209.0,23023.0,0.0,0.0,0.0,0.0,0.0,0.0,0.0,주택도시기금,2023,국토교통부,41750.0
주택구입ㆍ전세자금(융자),9696.0,33027.0,62782.0,81122.0,99760.0,0.0,0.0,0.0,0.0,0.0,0.0,0.0,주택도시기금,2023,국토교통부,103800.0
통합공공임대지원융자,34.0,1375.0,1478.0,1533.0,1884.0,0.0,0.0,0.0,0.0,0.0,0.0,0.0,주택도시기금,2023,국토교통부,11900.0
행복주택(융자),50.0,1279.0,1375.0,1375.0,2278.0,0.0,0.0,0.0,0.0,0.0,0.0,0.0,주택도시기금,2023,국토교통부,10041.0
금융소비자보호,280.0,280.0,280.0,3957.0,3957.0,0.0,0.0,0.0,0.0,0.0,0.0,0.0,일반회계,2023,금융위원회,7561.0
산업은행출자,0.0,0.0,0.0,0.0,1000.0,0.0,0.0,0.0,0.0,0.0,0.0,0.0,일반회계,2023,금융위원회,3000.0
한국자산관리공사출자,0.0,0.0,2800.0,2800.0,2800.0,0.0,0.0,0.0,0.0,0.0,0.0,0.0,일반회계,2023,금융위원회,2800.0
한국주택금융공사출자,0.0,0.0,1668.0,1668.0,1668.0,0.0,0.0,0.0,0.0,0.0,0.0,0.0,일반회계,2023,금융위원회,1668.0
기술개발,420.0,1921.0,3038.0,4561.0,5163.0,0.0,0.0,0.0,0.0,0.0,0.0,0.0,기후대응기금,2023,기획재정부,5806.0
녹색금융,100.0,500.0,747.0,1768.0,1968.0,0.0,0.0,0.0,0.0,0.0,0.0,0.0,기후대응기금,2023,기획재정부,4160.0
도시국토저탄소화,0.0,33.0,281.0,523.0,1213.0,0.0,0.0,0.0,0.0,0.0,0.0,0.0,기후대응기금,2023,기획재정부,2998.0
산업저탄소화,15.0,67.0,658.0,1156.0,1630.0,0.0,0.0,0.0,0.0,0.0,0.0,0.0,기후대응기금,2023,기획재정부,4137.0
순환경제,0.0,0.0,96.0,231.0,236.0,0.0,0.0,0.0,0.0,0.0,0.0,0.0,기후대응기금,2023,기획재정부,510.0
유망기업인력육성,9.0,118.0,198.0,409.0,582.0,0.0,0.0,0.0,0.0,0.0,0.0,0.0,기후대응기금,2023,기획재정부,1505.0
지역공정전환,0.0,19.0,99.0,172.0,335.0,0.0,0.0,0.0,0.0,0.0,0.0,0.0,기후대응기금,2023,기획재정부,560.0
취약계층지원,5.0,78.0,117.0,343.0,573.0,0.0,0.0,0.0,0.0,0.0,0.0,0.0,기후대응기금,2023,기획재정부,1305.0
탄소흡수원조성,0.0,28.0,549.0,837.0,1256.0,0.0,0.0,0.0,0.0,0.0,0.0,0.0,기후대응기금,2023,기획재정부,2855.0
가축방역(농특),226.0,822.0,832.0,1232.0,1257.0,0.0,0.0,0.0,0.0,0.0,0.0,0.0,농어촌구조개선특별회계,2023,농림축산식품부,1713.0
농기자재산업육성,0.0,600.0,607.0,807.0,807.0,0.0,0.0,0.0,0.0,0.0,0.0,0.0,농어촌구조개선특별회계,2023,농림축산식품부,1018.0
농산물소비활성화및식생활개선(농특),160.0,392.0,423.0,671.0,775.0,0.0,0.0,0.0,0.0,0.0,0.0,0.0,농어촌구조개선특별회계,2023,농림축산식품부,1295.0
농식품 글로벌 진출 확대,90.0,239.0,413.0,472.0,832.0,0.0,0.0,0.0,0.0,0.0,0.0,0.0,농어촌구조개선특별회계,2023,농림축산식품부,1472.0
농식품기술개발(농특),342.0,824.0,884.0,1167.0,1167.0,0.0,0.0,0.0,0.0,0.0,0.0,0.0,농어촌구조개선특별회계,2023,농림축산식품부,1837.0
농업시설개선(농특),0.0,1195.0,2040.0,2910.0,4891.0,0.0,0.0,0.0,0.0,0.0,0.0,0.0,농어촌구조개선특별회계,2023,농림축산식품부,8023.0
농업인교육지원,17.0,147.0,226.0,235.0,317.0,0.0,0.0,0.0,0.0,0.0,0.0,0.0,농어촌구조개선특별회계,2023,농림축산식품부,507.0
농업정책보험(구조계정),0.0,800.0,2407.0,3299.0,3306.0,0.0,0.0,0.0,0.0,0.0,0.0,0.0,농어촌구조개선특별회계,2023,농림축산식품부,9097.0
농업정책보험(농촌계정),200.0,200.0,394.0,394.0,494.0,0.0,0.0,0.0,0.0,0.0,0.0,0.0,농어촌구조개선특별회계,2023,농림축산식품부,972.0
농촌공간및정주여건개선,13.0,203.0,220.0,387.0,437.0,0.0,0.0,0.0,0.0,0.0,0.0,0.0,농어촌구조개선특별회계,2023,농림축산식품부,954.0
농촌복지증진,33.0,221.0,274.0,375.0,421.0,0.0,0.0,0.0,0.0,0.0,0.0,0.0,농어촌구조개선특별회계,2023,농림축산식품부,748.0
농촌정착지원,0.0,0.0,220.0,340.0,360.0,0.0,0.0,0.0,0.0,0.0,0.0,0.0,농어촌구조개선특별회계,2023,농림축산식품부,551.0
다목적 용수개발,0.0,920.0,1100.0,1390.0,2215.0,0.0,0.0,0.0,0.0,0.0,0.0,0.0,농어촌구조개선특별회계,2023,농림축산식품부,3372.0
스마트농업육성,0.0,221.0,410.0,426.0,628.0,0.0,0.0,0.0,0.0,0.0,0.0,0.0,농어촌구조개선특별회계,2023,농림축산식품부,1187.0
식량생산유통지원,24.0,45.0,219.0,219.0,219.0,0.0,0.0,0.0,0.0,0.0,0.0,0.0,농어촌구조개선특별회계,2023,농림축산식품부,511.0
재해예방(농특),0.0,860.0,1254.0,2136.0,2231.0,0.0,0.0,0.0,0.0,0.0,0.0,0.0,농어촌구조개선특별회계,2023,농림축산식품부,4783.0
친환경농자재,18.0,357.0,422.0,449.0,627.0,0.0,0.0,0.0,0.0,0.0,0.0,0.0,농어촌구조개선특별회계,2023,농림축산식품부,765.0
농어촌공사시설관리,0.0,200.0,600.0,1244.0,1244.0,0.0,0.0,0.0,0.0,0.0,0.0,0.0,일반회계,2023,농림축산식품부,1609.0
일반농산어촌개발,0.0,842.0,2210.0,3359.0,3524.0,0.0,0.0,0.0,0.0,0.0,0.0,0.0,지역균형발전특별회계,2023,농림축산식품부,7636.0
농산물가격안정및수급조절(농안기금),1.0,1.0,75.0,155.0,204.0,0.0,0.0,0.0,0.0,0.0,0.0,0.0,농산물가격안정기금,2023,농림축산식품부,1031.0
농산물유통개선(농안기금),0.0,202.0,349.0,483.0,888.0,0.0,0.0,0.0,0.0,0.0,0.0,0.0,농산물가격안정기금,2023,농림축산식품부,6341.0
농식품수출촉진(농안),0.0,0.0,34.0,850.0,2111.0,0.0,0.0,0.0,0.0,0.0,0.0,0.0,농산물가격안정기금,2023,농림축산식품부,4584.0
식품산업육성(농안),0.0,0.0,9.0,107.0,383.0,0.0,0.0,0.0,0.0,0.0,0.0,0.0,농산물가격안정기금,2023,농림축산식품부,1446.0
경영회생지원,0.0,799.0,1308.0,1599.0,1962.0,0.0,0.0,0.0,0.0,0.0,0.0,0.0,농지관리기금,2023,농림축산식품부,2907.0
농가소득안정(복지)(농지기금),407.0,717.0,1165.0,1578.0,1828.0,0.0,0.0,0.0,0.0,0.0,0.0,0.0,농지관리기금,2023,농림축산식품부,2558.0
대단위농업개발(농지),0.0,362.0,752.0,1096.0,1507.0,0.0,0.0,0.0,0.0,0.0,0.0,0.0,농지관리기금,2023,농림축산식품부,2932.0
맞춤형농지지원(농지기금),1038.0,2266.0,3438.0,5802.0,6332.0,0.0,0.0,0.0,0.0,0.0,0.0,0.0,농지관리기금,2023,농림축산식품부,8987.0
원예산업경쟁력강화(FTA기금),0.0,551.0,792.0,907.0,1079.0,0.0,0.0,0.0,0.0,0.0,0.0,0.0,자유무역협정이행지원기금,2023,농림축산식품부,1189.0
축사시설현대화(FTA),0.0,210.0,455.0,553.0,566.0,0.0,0.0,0.0,0.0,0.0,0.0,0.0,자유무역협정이행지원기금,2023,농림축산식품부,1485.0
가축방역(축발),53.0,196.0,219.0,447.0,447.0,0.0,0.0,0.0,0.0,0.0,0.0,0.0,축산발전기금,2023,농림축산식품부,638.0
축산기술보급,65.0,93.0,150.0,215.0,218.0,0.0,0.0,0.0,0.0,0.0,0.0,0.0,축산발전기금,2023,농림축산식품부,524.0
축산물수급관리,119.0,238.0,260.0,380.0,592.0,0.0,0.0,0.0,0.0,0.0,0.0,0.0,축산발전기금,2023,농림축산식품부,1480.0
축산물품질관리(축발),22.0,113.0,113.0,233.0,283.0,0.0,0.0,0.0,0.0,0.0,0.0,0.0,축산발전기금,2023,농림축산식품부,605.0
축산업경쟁력제고(축발),0.0,0.0,1040.0,1118.0,1396.0,0.0,0.0,0.0,0.0,0.0,0.0,0.0,축산발전기금,2023,농림축산식품부,4396.0
친환경축산(축발),15.0,15.0,275.0,297.0,468.0,0.0,0.0,0.0,0.0,0.0,0.0,0.0,축산발전기금,2023,농림축산식품부,1632.0
기술농업지원(일반),58.0,170.0,323.0,461.0,509.0,0.0,0.0,0.0,0.0,0.0,0.0,0.0,일반회계,2023,농촌진흥청,629.0
농업과학기반연구,6.0,49.0,114.0,179.0,253.0,0.0,0.0,0.0,0.0,0.0,0.0,0.0,일반회계,2023,농촌진흥청,702.0
농업신성장동력연구,112.0,161.0,283.0,500.0,516.0,0.0,0.0,0.0,0.0,0.0,0.0,0.0,일반회계,2023,농촌진흥청,748.0
농업정책지원및기반육성,269.0,402.0,649.0,733.0,795.0,0.0,0.0,0.0,0.0,0.0,0.0,0.0,일반회계,2023,농촌진흥청,1287.0
신기술보급사업(일반),22.0,125.0,324.0,523.0,613.0,0.0,0.0,0.0,0.0,0.0,0.0,0.0,일반회계,2023,농촌진흥청,645.0
원예특작연구(책임운영),21.0,56.0,126.0,204.0,270.0,0.0,0.0,0.0,0.0,0.0,0.0,0.0,일반회계,2023,농촌진흥청,612.0
지속가능한농업연구,0.0,156.0,573.0,649.0,692.0,0.0,0.0,0.0,0.0,0.0,0.0,0.0,일반회계,2023,농촌진흥청,1026.0
축산연구(책임운영),674.0,699.0,771.0,821.0,854.0,0.0,0.0,0.0,0.0,0.0,0.0,0.0,일반회계,2023,농촌진흥청,1419.0
"지역농촌지도사업활성화지원(균특,지역자율)",5.0,89.0,152.0,236.0,295.0,0.0,0.0,0.0,0.0,0.0,0.0,0.0,지역균형발전특별회계,2023,농촌진흥청,537.0
국제교류및세계유산등재,52.0,273.0,288.0,357.0,357.0,0.0,0.0,0.0,0.0,0.0,0.0,0.0,일반회계,2023,문화재청,530.0
궁능원시설관리운영,114.0,120.0,139.0,86.0,112.0,0.0,0.0,0.0,0.0,0.0,0.0,0.0,일반회계,2023,문화재청,665.0
기념물문화재 보존강화,25.0,113.0,128.0,216.0,221.0,0.0,0.0,0.0,0.0,0.0,0.0,0.0,일반회계,2023,문화재청,739.0
문화재보수정비,0.0,2858.0,4634.0,4634.0,4634.0,0.0,0.0,0.0,0.0,0.0,0.0,0.0,일반회계,2023,문화재청,4634.0
문화재보호행정기반조성,21.0,233.0,307.0,328.0,350.0,0.0,0.0,0.0,0.0,0.0,0.0,0.0,일반회계,2023,문화재청,1101.0
문화재활용활성화,227.0,389.0,490.0,532.0,579.0,0.0,0.0,0.0,0.0,0.0,0.0,0.0,일반회계,2023,문화재청,789.0
문화중심도시조성,30.0,144.0,236.0,332.0,383.0,0.0,0.0,0.0,0.0,0.0,0.0,0.0,아시아문화중심도시조성특별회계,2023,문화체육관광부,1284.0
공연 및 전통예술 진흥기반 구축,35.0,217.0,237.0,308.0,360.0,0.0,0.0,0.0,0.0,0.0,0.0,0.0,일반회계,2023,문화체육관광부,802.0
국립박물관 운영,9.0,45.0,132.0,173.0,254.0,0.0,0.0,0.0,0.0,0.0,0.0,0.0,일반회계,2023,문화체육관광부,1368.0
국어문화진흥,114.0,144.0,375.0,417.0,445.0,0.0,0.0,0.0,0.0,0.0,0.0,0.0,일반회계,2023,문화체육관광부,943.0
기초예술역량강화,364.0,447.0,631.0,702.0,734.0,0.0,0.0,0.0,0.0,0.0,0.0,0.0,일반회계,2023,문화체육관광부,1909.0
문화예술교육지원,198.0,581.0,736.0,771.0,888.0,0.0,0.0,0.0,0.0,0.0,0.0,0.0,일반회계,2023,문화체육관광부,1213.0
문화예술단체지원,297.0,485.0,500.0,569.0,733.0,0.0,0.0,0.0,0.0,0.0,0.0,0.0,일반회계,2023,문화체육관광부,1228.0
문화콘텐츠산업 기술지원,1.0,847.0,847.0,847.0,847.0,0.0,0.0,0.0,0.0,0.0,0.0,0.0,일반회계,2023,문화체육관광부,857.0
문화콘텐츠산업 육성,82.0,1259.0,1726.0,1833.0,1941.0,0.0,0.0,0.0,0.0,0.0,0.0,0.0,일반회계,2023,문화체육관광부,3017.0
문화콘텐츠산업 진흥 환경 조성,187.0,618.0,757.0,1285.0,2468.0,0.0,0.0,0.0,0.0,0.0,0.0,0.0,일반회계,2023,문화체육관광부,2989.0
방송영상콘텐츠 및 광고산업 활성화,70.0,840.0,1056.0,1073.0,1084.0,0.0,0.0,0.0,0.0,0.0,0.0,0.0,일반회계,2023,문화체육관광부,1417.0
시각예술 진흥기반 구축,44.0,82.0,116.0,150.0,218.0,0.0,0.0,0.0,0.0,0.0,0.0,0.0,일반회계,2023,문화체육관광부,667.0
저작권 인식제고 및 보호활동 강화,133.0,191.0,280.0,364.0,439.0,0.0,0.0,0.0,0.0,0.0,0.0,0.0,일반회계,2023,문화체육관광부,626.0
전통문화 진흥,33.0,211.0,359.0,383.0,383.0,0.0,0.0,0.0,0.0,0.0,0.0,0.0,일반회계,2023,문화체육관광부,600.0
종교문화활동 및 보존지원,21.0,38.0,358.0,417.0,448.0,0.0,0.0,0.0,0.0,0.0,0.0,0.0,일반회계,2023,문화체육관광부,844.0
해외문화홍보원 운영,49.0,130.0,214.0,231.0,308.0,0.0,0.0,0.0,0.0,0.0,0.0,0.0,일반회계,2023,문화체육관광부,800.0
관광자원활성화,0.0,2.0,11.0,15.0,122.0,0.0,0.0,0.0,0.0,0.0,0.0,0.0,지역균형발전특별회계,2023,문화체육관광부,594.0
광역관광자원개발,0.0,63.0,98.0,98.0,227.0,0.0,0.0,0.0,0.0,0.0,0.0,0.0,지역균형발전특별회계,2023,문화체육관광부,660.0
고부가가치 관광산업육성,0.0,107.0,296.0,310.0,402.0,0.0,0.0,0.0,0.0,0.0,0.0,0.0,관광진흥개발기금,2023,문화체육관광부,643.0
관광사업체 융자지원,81.0,321.0,766.0,1288.0,1791.0,0.0,0.0,0.0,0.0,0.0,0.0,0.0,관광진흥개발기금,2023,문화체육관광부,4566.0
관광산업 활성화 지원,1.0,409.0,466.0,508.0,526.0,0.0,0.0,0.0,0.0,0.0,0.0,0.0,관광진흥개발기금,2023,문화체육관광부,1098.0
관광인프라 조성,115.0,219.0,292.0,297.0,321.0,0.0,0.0,0.0,0.0,0.0,0.0,0.0,관광진흥개발기금,2023,문화체육관광부,509.0
국내관광육성지원,62.0,407.0,671.0,681.0,882.0,0.0,0.0,0.0,0.0,0.0,0.0,0.0,관광진흥개발기금,2023,문화체육관광부,992.0
해외관광객유치활동사업,660.0,1084.0,1333.0,1372.0,1378.0,0.0,0.0,0.0,0.0,0.0,0.0,0.0,관광진흥개발기금,2023,문화체육관광부,2134.0
국제스포츠 교류 활성화,318.0,407.0,461.0,586.0,654.0,0.0,0.0,0.0,0.0,0.0,0.0,0.0,국민체육진흥기금,2023,문화체육관광부,1052.0
기금조성 기반시설 지원,164.0,200.0,746.0,924.0,958.0,0.0,0.0,0.0,0.0,0.0,0.0,0.0,국민체육진흥기금,2023,문화체육관광부,1570.0
생활체육 활성화,298.0,807.0,1817.0,2003.0,2407.0,0.0,0.0,0.0,0.0,0.0,0.0,0.0,국민체육진흥기금,2023,문화체육관광부,3408.0
생활체육시설 지원,0.0,523.0,1139.0,1376.0,1723.0,0.0,0.0,0.0,0.0,0.0,0.0,0.0,국민체육진흥기금,2023,문화체육관광부,2582.0
스포츠산업 활성화,0.0,137.0,442.0,811.0,1112.0,0.0,0.0,0.0,0.0,0.0,0.0,0.0,국민체육진흥기금,2023,문화체육관광부,1572.0
장애인체육 육성,108.0,444.0,732.0,753.0,753.0,0.0,0.0,0.0,0.0,0.0,0.0,0.0,국민체육진흥기금,2023,문화체육관광부,961.0
전문체육 육성,437.0,2100.0,2770.0,2811.0,2884.0,0.0,0.0,0.0,0.0,0.0,0.0,0.0,국민체육진흥기금,2023,문화체육관광부,3854.0
예술창작역량강화,40.0,59.0,251.0,393.0,480.0,0.0,0.0,0.0,0.0,0.0,0.0,0.0,문화예술진흥기금,2023,문화체육관광부,983.0
예술향유기회 확대,0.0,624.0,919.0,961.0,1167.0,0.0,0.0,0.0,0.0,0.0,0.0,0.0,문화예술진흥기금,2023,문화체육관광부,2580.0
영화산업 육성 및 지원,42.0,53.0,64.0,143.0,277.0,0.0,0.0,0.0,0.0,0.0,0.0,0.0,영화발전기금,2023,문화체육관광부,686.0
국방과학연구소,293.0,503.0,648.0,648.0,1016.0,0.0,0.0,0.0,0.0,0.0,0.0,0.0,일반회계,2023,방위사업청,3013.0
국방기술개발,2549.0,3801.0,5692.0,6630.0,14283.0,0.0,0.0,0.0,0.0,0.0,0.0,0.0,일반회계,2023,방위사업청,27176.0
국방기술품질원,33.0,86.0,127.0,127.0,237.0,0.0,0.0,0.0,0.0,0.0,0.0,0.0,일반회계,2023,방위사업청,765.0
기동화력 양산/구매,589.0,1888.0,5515.0,5984.0,7644.0,0.0,0.0,0.0,0.0,0.0,0.0,0.0,일반회계,2023,방위사업청,30823.0
방위산업육성지원,0.0,387.0,727.0,730.0,786.0,0.0,0.0,0.0,0.0,0.0,0.0,0.0,일반회계,2023,방위사업청,1568.0
유도무기 대정부국외획득,239.0,565.0,747.0,749.0,931.0,0.0,0.0,0.0,0.0,0.0,0.0,0.0,일반회계,2023,방위사업청,2754.0
유도무기 양산/구매,51.0,1733.0,2765.0,2947.0,4470.0,0.0,0.0,0.0,0.0,0.0,0.0,0.0,일반회계,2023,방위사업청,14801.0
유도무기 연구개발,563.0,827.0,1329.0,1470.0,2511.0,0.0,0.0,0.0,0.0,0.0,0.0,0.0,일반회계,2023,방위사업청,5506.0
지휘정찰 양산/구매,9.0,367.0,906.0,1195.0,1969.0,0.0,0.0,0.0,0.0,0.0,0.0,0.0,일반회계,2023,방위사업청,16061.0
지휘정찰 연구개발,44.0,774.0,2629.0,3016.0,3074.0,0.0,0.0,0.0,0.0,0.0,0.0,0.0,일반회계,2023,방위사업청,5650.0
함정 양산/구매,13.0,583.0,2986.0,3564.0,5323.0,0.0,0.0,0.0,0.0,0.0,0.0,0.0,일반회계,2023,방위사업청,19492.0
함정 연구개발,61.0,68.0,85.0,86.0,1133.0,0.0,0.0,0.0,0.0,0.0,0.0,0.0,일반회계,2023,방위사업청,1875.0
항공기 대정부국외획득,0.0,5.0,3802.0,3829.0,4901.0,0.0,0.0,0.0,0.0,0.0,0.0,0.0,일반회계,2023,방위사업청,9311.0
항공기 양산/구매,382.0,1038.0,2009.0,2041.0,2898.0,0.0,0.0,0.0,0.0,0.0,0.0,0.0,일반회계,2023,방위사업청,10637.0
항공기 연구개발,32.0,40.0,127.0,127.0,166.0,0.0,0.0,0.0,0.0,0.0,0.0,0.0,일반회계,2023,방위사업청,1442.0
획득지원,24.0,28.0,260.0,282.0,509.0,0.0,0.0,0.0,0.0,0.0,0.0,0.0,일반회계,2023,방위사업청,1993.0
검찰운영,4.0,18.0,41.0,81.0,125.0,0.0,0.0,0.0,0.0,0.0,0.0,0.0,일반회계,2023,법무부,658.0
교도소운영,65.0,89.0,182.0,237.0,309.0,0.0,0.0,0.0,0.0,0.0,0.0,0.0,일반회계,2023,법무부,1340.0
법률구조,209.0,210.0,210.0,419.0,419.0,0.0,0.0,0.0,0.0,0.0,0.0,0.0,일반회계,2023,법무부,600.0
재소자수용및교화,69.0,185.0,297.0,401.0,519.0,0.0,0.0,0.0,0.0,0.0,0.0,0.0,일반회계,2023,법무부,1361.0
가정양육수당 지원사업,205.0,515.0,739.0,967.0,1196.0,0.0,0.0,0.0,0.0,0.0,0.0,0.0,일반회계,2023,보건복지부,1759.0
공공보건의료지원,0.0,23.0,24.0,24.0,25.0,0.0,0.0,0.0,0.0,0.0,0.0,0.0,일반회계,2023,보건복지부,2652.0
국립암센터운영,287.0,290.0,290.0,529.0,529.0,0.0,0.0,0.0,0.0,0.0,0.0,0.0,일반회계,2023,보건복지부,658.0
기초생활급여,6034.0,13034.0,18034.0,27371.0,36371.0,0.0,0.0,0.0,0.0,0.0,0.0,0.0,일반회계,2023,보건복지부,60532.0
기초연금 지원,20000.0,41418.0,56300.0,75798.0,95296.0,0.0,0.0,0.0,0.0,0.0,0.0,0.0,일반회계,2023,보건복지부,185302.0
긴급복지,335.0,966.0,1582.0,1917.0,2523.0,0.0,0.0,0.0,0.0,0.0,0.0,0.0,일반회계,2023,보건복지부,3155.0
노인관련기관지원,409.0,587.0,587.0,629.0,630.0,0.0,0.0,0.0,0.0,0.0,0.0,0.0,일반회계,2023,보건복지부,914.0
노인일자리지원,3815.0,5850.0,5850.0,11147.0,11147.0,0.0,0.0,0.0,0.0,0.0,0.0,0.0,일반회계,2023,보건복지부,15400.0
보건산업진흥,106.0,483.0,619.0,660.0,873.0,0.0,0.0,0.0,0.0,0.0,0.0,0.0,일반회계,2023,보건복지부,1267.0
보건의료연구개발,3457.0,4091.0,4523.0,4769.0,5117.0,0.0,0.0,0.0,0.0,0.0,0.0,0.0,일반회계,2023,보건복지부,5511.0
부모급여(영아수당) 지원,2270.0,4040.0,6486.0,8270.0,10053.0,0.0,0.0,0.0,0.0,0.0,0.0,0.0,일반회계,2023,보건복지부,16215.0
사회보장시스템 및 사회보장 정보원 운영,306.0,308.0,363.0,624.0,629.0,0.0,0.0,0.0,0.0,0.0,0.0,0.0,일반회계,2023,보건복지부,982.0
아동보호 및 권리보장,200.0,200.0,225.0,407.0,414.0,0.0,0.0,0.0,0.0,0.0,0.0,0.0,일반회계,2023,보건복지부,670.0
아동수당 지원,2256.0,4513.0,6585.0,8963.0,11138.0,0.0,0.0,0.0,0.0,0.0,0.0,0.0,일반회계,2023,보건복지부,22564.0
아동자립지원,118.0,213.0,230.0,383.0,388.0,0.0,0.0,0.0,0.0,0.0,0.0,0.0,일반회계,2023,보건복지부,597.0
어린이집 지원,3380.0,3660.0,6499.0,6503.0,9342.0,0.0,0.0,0.0,0.0,0.0,0.0,0.0,일반회계,2023,보건복지부,17510.0
어린이집 확충 및 환경개선,58.0,179.0,179.0,192.0,205.0,0.0,0.0,0.0,0.0,0.0,0.0,0.0,일반회계,2023,보건복지부,526.0
영유아보육료지원,4527.0,8591.0,13696.0,17655.0,21311.0,0.0,0.0,0.0,0.0,0.0,0.0,0.0,일반회계,2023,보건복지부,30456.0
의료급여,7011.0,16107.0,28212.0,38220.0,47317.0,0.0,0.0,0.0,0.0,0.0,0.0,0.0,일반회계,2023,보건복지부,90982.0
자활지원,2466.0,2738.0,2838.0,7492.0,7493.0,0.0,0.0,0.0,0.0,0.0,0.0,0.0,일반회계,2023,보건복지부,9396.0
장애인복지시설지원,2068.0,2600.0,3853.0,3871.0,3873.0,0.0,0.0,0.0,0.0,0.0,0.0,0.0,일반회계,2023,보건복지부,6610.0
장애인선택적복지,5303.0,10196.0,10666.0,11314.0,19267.0,0.0,0.0,0.0,0.0,0.0,0.0,0.0,일반회계,2023,보건복지부,24277.0
장애인소득보장,3446.0,3618.0,4844.0,7031.0,7086.0,0.0,0.0,0.0,0.0,0.0,0.0,0.0,일반회계,2023,보건복지부,11662.0
장애인일자리지원,180.0,829.0,829.0,1658.0,1658.0,0.0,0.0,0.0,0.0,0.0,0.0,0.0,일반회계,2023,보건복지부,2073.0
저출산대응인구정책,1041.0,1041.0,1041.0,1399.0,2712.0,0.0,0.0,0.0,0.0,0.0,0.0,0.0,일반회계,2023,보건복지부,3588.0
정신보건시설기능보강,340.0,533.0,605.0,610.0,997.0,0.0,0.0,0.0,0.0,0.0,0.0,0.0,일반회계,2023,보건복지부,1604.0
노인돌봄서비스,437.0,1373.0,1961.0,2059.0,2112.0,0.0,0.0,0.0,0.0,0.0,0.0,0.0,지역균형발전특별회계,2023,보건복지부,5008.0
노인요양시설확충,6.0,6.0,276.0,296.0,364.0,0.0,0.0,0.0,0.0,0.0,0.0,0.0,지역균형발전특별회계,2023,보건복지부,548.0
방과후 돌봄 지원,327.0,779.0,1093.0,1388.0,1474.0,0.0,0.0,0.0,0.0,0.0,0.0,0.0,지역균형발전특별회계,2023,보건복지부,2866.0
사회복지전달체계,140.0,359.0,530.0,845.0,919.0,0.0,0.0,0.0,0.0,0.0,0.0,0.0,지역균형발전특별회계,2023,보건복지부,1867.0
장사시설,8.0,168.0,172.0,299.0,365.0,0.0,0.0,0.0,0.0,0.0,0.0,0.0,지역균형발전특별회계,2023,보건복지부,519.0
지방의료원 등 육성,2.0,101.0,496.0,1141.0,1260.0,0.0,0.0,0.0,0.0,0.0,0.0,0.0,지역균형발전특별회계,2023,보건복지부,1469.0
지역자율형 사회서비스 투자사업,184.0,645.0,1040.0,1411.0,1431.0,0.0,0.0,0.0,0.0,0.0,0.0,0.0,지역균형발전특별회계,2023,보건복지부,2359.0
첨단의료복합단지조성,0.0,90.0,90.0,189.0,189.0,0.0,0.0,0.0,0.0,0.0,0.0,0.0,지역균형발전특별회계,2023,보건복지부,520.0
국가암관리사업지원,0.0,214.0,298.0,411.0,594.0,0.0,0.0,0.0,0.0,0.0,0.0,0.0,국민건강증진기금,2023,보건복지부,606.0
국립중앙의료원 지원,0.0,74.0,75.0,3873.0,3873.0,0.0,0.0,0.0,0.0,0.0,0.0,0.0,국민건강증진기금,2023,보건복지부,5551.0
금연사업,387.0,592.0,626.0,630.0,630.0,0.0,0.0,0.0,0.0,0.0,0.0,0.0,국민건강증진기금,2023,보건복지부,1139.0
보건소건강증진,125.0,184.0,185.0,362.0,364.0,0.0,0.0,0.0,0.0,0.0,0.0,0.0,국민건강증진기금,2023,보건복지부,729.0
예방접종관리,695.0,1408.0,1410.0,2463.0,2464.0,0.0,0.0,0.0,0.0,0.0,0.0,0.0,국민건강증진기금,2023,보건복지부,3566.0
정신건강증진사업,1014.0,1086.0,1089.0,1187.0,1214.0,0.0,0.0,0.0,0.0,0.0,0.0,0.0,국민건강증진기금,2023,보건복지부,1634.0
치매관리사업지원,288.0,549.0,755.0,1235.0,1291.0,0.0,0.0,0.0,0.0,0.0,0.0,0.0,국민건강증진기금,2023,보건복지부,1897.0
응급의료기관 지원,5.0,34.0,352.0,425.0,430.0,0.0,0.0,0.0,0.0,0.0,0.0,0.0,응급의료기금,2023,보건복지부,1360.0
목재 및 임산물활용(농특),44.0,100.0,242.0,339.0,513.0,0.0,0.0,0.0,0.0,0.0,0.0,0.0,농어촌구조개선특별회계,2023,산림청,807.0
산림병해충 예방 및 대응(농특),891.0,1087.0,1244.0,1402.0,1455.0,0.0,0.0,0.0,0.0,0.0,0.0,0.0,농어촌구조개선특별회계,2023,산림청,1347.0
산림자원 육성·관리(농특),12.0,1120.0,1265.0,1670.0,2488.0,0.0,0.0,0.0,0.0,0.0,0.0,0.0,농어촌구조개선특별회계,2023,산림청,4020.0
임업정책자금 지원(농특),0.0,1.0,26.0,27.0,54.0,0.0,0.0,0.0,0.0,0.0,0.0,0.0,농어촌구조개선특별회계,2023,산림청,581.0
국유재산관리(일반),1.0,53.0,81.0,103.0,168.0,0.0,0.0,0.0,0.0,0.0,0.0,0.0,일반회계,2023,산림청,642.0
산림과학기술개발(일반),4.0,15.0,43.0,93.0,137.0,0.0,0.0,0.0,0.0,0.0,0.0,0.0,일반회계,2023,산림청,553.0
산림복지서비스 기반 조성(일반),0.0,99.0,160.0,166.0,175.0,0.0,0.0,0.0,0.0,0.0,0.0,0.0,일반회계,2023,산림청,670.0
산림복지서비스 제공·운영,107.0,259.0,373.0,435.0,449.0,0.0,0.0,0.0,0.0,0.0,0.0,0.0,일반회계,2023,산림청,778.0
산림재해대응(일반),85.0,477.0,742.0,800.0,1005.0,0.0,0.0,0.0,0.0,0.0,0.0,0.0,일반회계,2023,산림청,1333.0
산림헬기(일반),182.0,193.0,233.0,254.0,266.0,0.0,0.0,0.0,0.0,0.0,0.0,0.0,일반회계,2023,산림청,1049.0
산사태 예방 및 대응(일반),0.0,1334.0,2002.0,2021.0,2049.0,0.0,0.0,0.0,0.0,0.0,0.0,0.0,일반회계,2023,산림청,2326.0
한국수목원관리원 지원(일반),75.0,141.0,222.0,284.0,347.0,0.0,0.0,0.0,0.0,0.0,0.0,0.0,일반회계,2023,산림청,563.0
"임도시설(균특,자율)",0.0,86.0,285.0,427.0,427.0,0.0,0.0,0.0,0.0,0.0,0.0,0.0,지역균형발전특별회계,2023,산림청,813.0
"임도시설(균특,지원)",0.0,13.0,473.0,595.0,704.0,0.0,0.0,0.0,0.0,0.0,0.0,0.0,지역균형발전특별회계,2023,산림청,1605.0
소재부품장비기반구축,586.0,1009.0,1009.0,1609.0,1709.0,0.0,0.0,0.0,0.0,0.0,0.0,0.0,소재부품장비경쟁력강화특별회계,2023,산업통상자원부,2531.0
소재부품장비기술개발,447.0,5495.0,7575.0,9851.0,10051.0,0.0,0.0,0.0,0.0,0.0,0.0,0.0,소재부품장비경쟁력강화특별회계,2023,산업통상자원부,14364.0
가스안전관리,0.0,30.0,156.0,340.0,611.0,0.0,0.0,0.0,0.0,0.0,0.0,0.0,에너지및자원사업특별회계,2023,산업통상자원부,976.0
광물자원개발융자,0.0,0.0,0.0,0.0,0.0,0.0,0.0,0.0,0.0,0.0,0.0,0.0,에너지및자원사업특별회계,2023,산업통상자원부,1754.0
광해광업공단,100.0,364.0,539.0,665.0,915.0,0.0,0.0,0.0,0.0,0.0,0.0,0.0,에너지및자원사업특별회계,2023,산업통상자원부,2022.0
기반구축,45.0,463.0,512.0,529.0,641.0,0.0,0.0,0.0,0.0,0.0,0.0,0.0,에너지및자원사업특별회계,2023,산업통상자원부,696.0
석유안정공급,66.0,68.0,373.0,459.0,482.0,0.0,0.0,0.0,0.0,0.0,0.0,0.0,에너지및자원사업특별회계,2023,산업통상자원부,859.0
에너지복지지원,0.0,919.0,1019.0,1740.0,1980.0,0.0,0.0,0.0,0.0,0.0,0.0,0.0,에너지및자원사업특별회계,2023,산업통상자원부,1910.0
에너지수요기술,0.0,1155.0,1261.0,1396.0,1614.0,0.0,0.0,0.0,0.0,0.0,0.0,0.0,에너지및자원사업특별회계,2023,산업통상자원부,2985.0
에너지이용합리화,30.0,110.0,1030.0,1377.0,1652.0,0.0,0.0,0.0,0.0,0.0,0.0,0.0,에너지및자원사업특별회계,2023,산업통상자원부,3442.0
공공기술개발,182.0,424.0,598.0,684.0,687.0,0.0,0.0,0.0,0.0,0.0,0.0,0.0,일반회계,2023,산업통상자원부,776.0
국가표준혁신및국제협력,23.0,66.0,330.0,695.0,777.0,0.0,0.0,0.0,0.0,0.0,0.0,0.0,일반회계,2023,산업통상자원부,1150.0
기업입지환경개선,0.0,815.0,1911.0,2525.0,2658.0,0.0,0.0,0.0,0.0,0.0,0.0,0.0,일반회계,2023,산업통상자원부,3168.0
로봇산업진흥,88.0,186.0,441.0,441.0,541.0,0.0,0.0,0.0,0.0,0.0,0.0,0.0,일반회계,2023,산업통상자원부,626.0
바이오산업육성,0.0,29.0,236.0,348.0,361.0,0.0,0.0,0.0,0.0,0.0,0.0,0.0,일반회계,2023,산업통상자원부,560.0
바이오헬스기술개발,734.0,1332.0,1607.0,2139.0,2200.0,0.0,0.0,0.0,0.0,0.0,0.0,0.0,일반회계,2023,산업통상자원부,2689.0
산업기술기반구축,654.0,2115.0,2549.0,2777.0,3501.0,0.0,0.0,0.0,0.0,0.0,0.0,0.0,일반회계,2023,산업통상자원부,5808.0
수송기기기술개발,1212.0,3115.0,4452.0,4689.0,4879.0,0.0,0.0,0.0,0.0,0.0,0.0,0.0,일반회계,2023,산업통상자원부,5397.0
수출역량강화,595.0,1024.0,1432.0,1915.0,2638.0,0.0,0.0,0.0,0.0,0.0,0.0,0.0,일반회계,2023,산업통상자원부,4874.0
스마트전자기술개발,0.0,823.0,1127.0,1550.0,1603.0,0.0,0.0,0.0,0.0,0.0,0.0,0.0,일반회계,2023,산업통상자원부,2103.0
양자간통상협력지원,3.0,5.0,9.0,22.0,122.0,0.0,0.0,0.0,0.0,0.0,0.0,0.0,일반회계,2023,산업통상자원부,514.0
우수기술역량강화,403.0,736.0,899.0,1198.0,1343.0,0.0,0.0,0.0,0.0,0.0,0.0,0.0,일반회계,2023,산업통상자원부,1819.0
인력양성(일반회계),30.0,274.0,1200.0,1225.0,1548.0,0.0,0.0,0.0,0.0,0.0,0.0,0.0,일반회계,2023,산업통상자원부,1875.0
제조기반기술개발,275.0,1930.0,2504.0,2585.0,2832.0,0.0,0.0,0.0,0.0,0.0,0.0,0.0,일반회계,2023,산업통상자원부,3202.0
중견기업역량강화,1.0,56.0,98.0,220.0,563.0,0.0,0.0,0.0,0.0,0.0,0.0,0.0,일반회계,2023,산업통상자원부,853.0
경제자유구역지원,1.0,13.0,155.0,215.0,295.0,0.0,0.0,0.0,0.0,0.0,0.0,0.0,지역균형발전특별회계,2023,산업통상자원부,735.0
외국인투자유치활성화,12.0,212.0,595.0,745.0,972.0,0.0,0.0,0.0,0.0,0.0,0.0,0.0,지역균형발전특별회계,2023,산업통상자원부,1617.0
지역산업거점기관지원,0.0,0.0,145.0,311.0,345.0,0.0,0.0,0.0,0.0,0.0,0.0,0.0,지역균형발전특별회계,2023,산업통상자원부,1608.0
지역산업경쟁력강화,67.0,265.0,782.0,898.0,1507.0,0.0,0.0,0.0,0.0,0.0,0.0,0.0,지역균형발전특별회계,2023,산업통상자원부,2319.0
지역투자유치활성화,0.0,132.0,256.0,273.0,449.0,0.0,0.0,0.0,0.0,0.0,0.0,0.0,지역균형발전특별회계,2023,산업통상자원부,2032.0
중저준위방사성폐기물관리,181.0,275.0,477.0,546.0,637.0,0.0,0.0,0.0,0.0,0.0,0.0,0.0,방사성폐기물관리기금,2023,산업통상자원부,893.0
농어촌전기공급지원(기금),0.0,0.0,531.0,1061.0,1061.0,0.0,0.0,0.0,0.0,0.0,0.0,0.0,전력산업기반기금,2023,산업통상자원부,1326.0
발전소주변지역지원(기금),19.0,849.0,849.0,1059.0,1059.0,0.0,0.0,0.0,0.0,0.0,0.0,0.0,전력산업기반기금,2023,산업통상자원부,1076.0
에너지신산업,18.0,18.0,18.0,58.0,188.0,0.0,0.0,0.0,0.0,0.0,0.0,0.0,전력산업기반기금,2023,산업통상자원부,600.0
재생에너지지원,0.0,40.0,1457.0,3474.0,4711.0,0.0,0.0,0.0,0.0,0.0,0.0,0.0,전력산업기반기금,2023,산업통상자원부,8313.0
전기안전관리(기금),50.0,458.0,478.0,909.0,930.0,0.0,0.0,0.0,0.0,0.0,0.0,0.0,전력산업기반기금,2023,산업통상자원부,1297.0
전력공급기술,2445.0,2967.0,3553.0,4211.0,4211.0,0.0,0.0,0.0,0.0,0.0,0.0,0.0,전력산업기반기금,2023,산업통상자원부,4199.0
전력수요관리(기금),0.0,0.0,187.0,245.0,375.0,0.0,0.0,0.0,0.0,0.0,0.0,0.0,전력산업기반기금,2023,산업통상자원부,551.0
전력수요기술,371.0,654.0,675.0,878.0,950.0,0.0,0.0,0.0,0.0,0.0,0.0,0.0,전력산업기반기금,2023,산업통상자원부,1030.0
전선로 지중화 지원,0.0,0.0,0.0,0.0,208.0,0.0,0.0,0.0,0.0,0.0,0.0,0.0,전력산업기반기금,2023,산업통상자원부,525.0
새만금개발사업지원,8.0,151.0,390.0,487.0,544.0,0.0,0.0,0.0,0.0,0.0,0.0,0.0,일반회계,2023,새만금개발청,1170.0
자율소방안전관리강화,97.0,99.0,102.0,154.0,169.0,0.0,0.0,0.0,0.0,0.0,0.0,0.0,일반회계,2023,소방청,522.0
중앙119구조본부지원,132.0,148.0,158.0,201.0,204.0,0.0,0.0,0.0,0.0,0.0,0.0,0.0,일반회계,2023,소방청,790.0
식의약품 안전 연구개발,235.0,864.0,889.0,905.0,983.0,0.0,0.0,0.0,0.0,0.0,0.0,0.0,일반회계,2023,식품의약품안전처,1312.0
집단급식소 위생강화,198.0,213.0,442.0,460.0,462.0,0.0,0.0,0.0,0.0,0.0,0.0,0.0,일반회계,2023,식품의약품안전처,687.0
아이돌봄지원,580.0,1326.0,1621.0,1950.0,2346.0,0.0,0.0,0.0,0.0,0.0,0.0,0.0,일반회계,2023,여성가족부,3546.0
여성경제활동 촉진지원,42.0,117.0,203.0,288.0,373.0,0.0,0.0,0.0,0.0,0.0,0.0,0.0,지역균형발전특별회계,2023,여성가족부,742.0
가족서비스지원,251.0,332.0,337.0,534.0,534.0,0.0,0.0,0.0,0.0,0.0,0.0,0.0,양성평등기금,2023,여성가족부,1081.0
한부모가족지원(기금),857.0,857.0,1694.0,2124.0,2537.0,0.0,0.0,0.0,0.0,0.0,0.0,0.0,양성평등기금,2023,여성가족부,5055.0
청소년 사회안전망구축,230.0,298.0,403.0,682.0,755.0,0.0,0.0,0.0,0.0,0.0,0.0,0.0,청소년육성기금,2023,여성가족부,1120.0
개발협력 및 인도적 지원,558.0,1402.0,1499.0,2644.0,2752.0,0.0,0.0,0.0,0.0,0.0,0.0,0.0,일반회계,2023,외교부,3391.0
글로벌 프로그램,524.0,524.0,1019.0,1253.0,1487.0,0.0,0.0,0.0,0.0,0.0,0.0,0.0,일반회계,2023,외교부,2296.0
아시아 및 태평양지역 국가원조,324.0,324.0,971.0,1254.0,1509.0,0.0,0.0,0.0,0.0,0.0,0.0,0.0,일반회계,2023,외교부,2426.0
아프리카지역 국가원조,318.0,318.0,954.0,1232.0,1483.0,0.0,0.0,0.0,0.0,0.0,0.0,0.0,일반회계,2023,외교부,2385.0
재외동포재단,140.0,140.0,280.0,280.0,323.0,0.0,0.0,0.0,0.0,0.0,0.0,0.0,일반회계,2023,외교부,559.0
전자여권발급및서비스개선(수입대체경비),3.0,90.0,130.0,190.0,259.0,0.0,0.0,0.0,0.0,0.0,0.0,0.0,일반회계,2023,외교부,809.0
중남미지역 국가원조,130.0,130.0,389.0,502.0,587.0,0.0,0.0,0.0,0.0,0.0,0.0,0.0,일반회계,2023,외교부,972.0
중동CIS지역 국가원조,109.0,109.0,327.0,422.0,517.0,0.0,0.0,0.0,0.0,0.0,0.0,0.0,일반회계,2023,외교부,816.0
협력사업 지원,88.0,88.0,220.0,278.0,336.0,0.0,0.0,0.0,0.0,0.0,0.0,0.0,일반회계,2023,외교부,517.0
원자력안전규제기술개발(R&D),455.0,455.0,455.0,503.0,503.0,0.0,0.0,0.0,0.0,0.0,0.0,0.0,일반회계,2023,원자력안전위원회,505.0
조달물자 구매 및 관리지원(자본),1.0,15.0,47.0,80.0,108.0,0.0,0.0,0.0,0.0,0.0,0.0,0.0,조달특별회계,2023,조달청,507.0
기술개발지원(R&D),92.0,545.0,754.0,1024.0,1234.0,0.0,0.0,0.0,0.0,0.0,0.0,0.0,소재부품장비경쟁력강화특별회계,2023,중소벤처기업부,1883.0
기술개발지원(R&D),1015.0,4673.0,5794.0,7314.0,8185.0,0.0,0.0,0.0,0.0,0.0,0.0,0.0,일반회계,2023,중소벤처기업부,12607.0
중소기업경쟁력강화,131.0,448.0,547.0,860.0,1087.0,0.0,0.0,0.0,0.0,0.0,0.0,0.0,일반회계,2023,중소벤처기업부,1892.0
중소기업수출역량강화,0.0,0.0,325.0,527.0,639.0,0.0,0.0,0.0,0.0,0.0,0.0,0.0,일반회계,2023,중소벤처기업부,1196.0
중소기업인력양성및취업촉진,0.0,235.0,588.0,870.0,1164.0,0.0,0.0,0.0,0.0,0.0,0.0,0.0,일반회계,2023,중소벤처기업부,2633.0
중소기업판로및컨설팅지원,0.0,0.0,349.0,465.0,620.0,0.0,0.0,0.0,0.0,0.0,0.0,0.0,일반회계,2023,중소벤처기업부,897.0
중소기업해외시장개척지원,0.0,410.0,557.0,671.0,716.0,0.0,0.0,0.0,0.0,0.0,0.0,0.0,일반회계,2023,중소벤처기업부,948.0
창업생태계기반조성,42.0,183.0,213.0,299.0,371.0,0.0,0.0,0.0,0.0,0.0,0.0,0.0,일반회계,2023,중소벤처기업부,855.0
창업활성화지원,372.0,1690.0,2557.0,3078.0,3729.0,0.0,0.0,0.0,0.0,0.0,0.0,0.0,일반회계,2023,중소벤처기업부,6009.0
규제자유특구제도,0.0,138.0,365.0,389.0,483.0,0.0,0.0,0.0,0.0,0.0,0.0,0.0,지역균형발전특별회계,2023,중소벤처기업부,705.0
"산학연협력기술개발(균특, R&D)",74.0,167.0,309.0,440.0,462.0,0.0,0.0,0.0,0.0,0.0,0.0,0.0,지역균형발전특별회계,2023,중소벤처기업부,834.0
전통시장활성화지원(기금),0.0,81.0,132.0,199.0,272.0,0.0,0.0,0.0,0.0,0.0,0.0,0.0,지역균형발전특별회계,2023,중소벤처기업부,670.0
지역산업경쟁력강화,0.0,472.0,932.0,1294.0,1394.0,0.0,0.0,0.0,0.0,0.0,0.0,0.0,지역균형발전특별회계,2023,중소벤처기업부,2073.0
창업인프라지원(균특),0.0,30.0,59.0,124.0,243.0,0.0,0.0,0.0,0.0,0.0,0.0,0.0,지역균형발전특별회계,2023,중소벤처기업부,1524.0
소상공인지원(기금),681.0,1427.0,2643.0,3498.0,3646.0,0.0,0.0,0.0,0.0,0.0,0.0,0.0,소상공인시장진흥기금,2023,중소벤처기업부,5060.0
소상공인지원융자(기금),6516.0,9920.0,12994.0,15153.0,18060.0,0.0,0.0,0.0,0.0,0.0,0.0,0.0,소상공인시장진흥기금,2023,중소벤처기업부,30000.0
전통시장활성화지원(기금),188.0,188.0,188.0,399.0,1640.0,0.0,0.0,0.0,0.0,0.0,0.0,0.0,소상공인시장진흥기금,2023,중소벤처기업부,3899.0
지역신용보증재단지원(기금),1409.0,1409.0,1409.0,1409.0,1409.0,0.0,0.0,0.0,0.0,0.0,0.0,0.0,소상공인시장진흥기금,2023,중소벤처기업부,1409.0
모태조합출자(기금),2835.0,2835.0,2835.0,2835.0,2835.0,0.0,0.0,0.0,0.0,0.0,0.0,0.0,중소벤처기업창업및진흥기금,2023,중소벤처기업부,2835.0
성장안정자금(기금),1353.0,4186.0,7029.0,7993.0,8953.0,0.0,0.0,0.0,0.0,0.0,0.0,0.0,중소벤처기업창업및진흥기금,2023,중소벤처기업부,15448.0
재도약지원(기금),176.0,447.0,788.0,986.0,1488.0,0.0,0.0,0.0,0.0,0.0,0.0,0.0,중소벤처기업창업및진흥기금,2023,중소벤처기업부,4109.0
창업기업지원융자(기금),875.0,4191.0,8260.0,10459.0,12889.0,0.0,0.0,0.0,0.0,0.0,0.0,0.0,중소벤처기업창업및진흥기금,2023,중소벤처기업부,23174.0
감염병예방관리,31.0,123.0,167.0,223.0,288.0,0.0,0.0,0.0,0.0,0.0,0.0,0.0,일반회계,2023,질병관리청,604.0
국가 보건의료연구 인프라 구축,189.0,401.0,493.0,538.0,601.0,0.0,0.0,0.0,0.0,0.0,0.0,0.0,일반회계,2023,질병관리청,1308.0
신종감염병 예방접종관리,0.0,1167.0,4161.0,4619.0,4623.0,0.0,0.0,0.0,0.0,0.0,0.0,0.0,일반회계,2023,질병관리청,9936.0
위기대응관리,1245.0,3854.0,7890.0,8289.0,9425.0,0.0,0.0,0.0,0.0,0.0,0.0,0.0,일반회계,2023,질병관리청,14503.0
R&D 효율성제고를위한 특허정보 활용강화,0.0,6.0,484.0,495.0,512.0,0.0,0.0,0.0,0.0,0.0,0.0,0.0,특허청,2023,특허청,648.0
심사·심판처리 지원,2.0,396.0,416.0,505.0,571.0,0.0,0.0,0.0,0.0,0.0,0.0,0.0,특허청,2023,특허청,845.0
연구개발,75.0,75.0,438.0,479.0,515.0,0.0,0.0,0.0,0.0,0.0,0.0,0.0,일반회계,2023,해양경찰청,520.0
장비도입,322.0,647.0,1521.0,1669.0,1754.0,0.0,0.0,0.0,0.0,0.0,0.0,0.0,일반회계,2023,해양경찰청,2399.0
정비지원,35.0,52.0,413.0,461.0,486.0,0.0,0.0,0.0,0.0,0.0,0.0,0.0,일반회계,2023,해양경찰청,1126.0
그린포트 구축,150.0,181.0,387.0,440.0,522.0,0.0,0.0,0.0,0.0,0.0,0.0,0.0,교통시설특별회계,2023,해양수산부,1111.0
신항만 개발,211.0,1209.0,3642.0,3852.0,3957.0,0.0,0.0,0.0,0.0,0.0,0.0,0.0,교통시설특별회계,2023,해양수산부,8407.0
일반항 건설,34.0,165.0,296.0,347.0,431.0,0.0,0.0,0.0,0.0,0.0,0.0,0.0,교통시설특별회계,2023,해양수산부,1498.0
주요항 건설,25.0,118.0,269.0,293.0,321.0,0.0,0.0,0.0,0.0,0.0,0.0,0.0,교통시설특별회계,2023,해양수산부,1314.0
항로표지시설 확충 및 안전관리,13.0,94.0,243.0,262.0,305.0,0.0,0.0,0.0,0.0,0.0,0.0,0.0,교통시설특별회계,2023,해양수산부,548.0
항만시설유지보수(교특),78.0,267.0,422.0,463.0,529.0,0.0,0.0,0.0,0.0,0.0,0.0,0.0,교통시설특별회계,2023,해양수산부,1443.0
해양안전기술개발(R&D),144.0,210.0,479.0,689.0,709.0,0.0,0.0,0.0,0.0,0.0,0.0,0.0,교통시설특별회계,2023,해양수산부,709.0
수산어촌알리기,140.0,295.0,368.0,370.0,417.0,0.0,0.0,0.0,0.0,0.0,0.0,0.0,농어촌구조개선특별회계,2023,해양수산부,660.0
수산연구개발,47.0,326.0,462.0,462.0,486.0,0.0,0.0,0.0,0.0,0.0,0.0,0.0,농어촌구조개선특별회계,2023,해양수산부,512.0
수산자원조성,90.0,393.0,501.0,505.0,697.0,0.0,0.0,0.0,0.0,0.0,0.0,0.0,농어촌구조개선특별회계,2023,해양수산부,874.0
어가소득보전,4.0,5.0,74.0,179.0,187.0,0.0,0.0,0.0,0.0,0.0,0.0,0.0,농어촌구조개선특별회계,2023,해양수산부,928.0
어항기반시설조성(농특),55.0,614.0,1124.0,1499.0,1704.0,0.0,0.0,0.0,0.0,0.0,0.0,0.0,농어촌구조개선특별회계,2023,해양수산부,3518.0
연근해어업구조조정,3.0,484.0,494.0,499.0,500.0,0.0,0.0,0.0,0.0,0.0,0.0,0.0,농어촌구조개선특별회계,2023,해양수산부,1351.0
재해대책,161.0,1152.0,1152.0,1153.0,1153.0,0.0,0.0,0.0,0.0,0.0,0.0,0.0,농어촌구조개선특별회계,2023,해양수산부,1632.0
친환경양식육성(농특),1.0,281.0,546.0,760.0,1064.0,0.0,0.0,0.0,0.0,0.0,0.0,0.0,농어촌구조개선특별회계,2023,해양수산부,1484.0
어업안전지도강화,435.0,811.0,1087.0,1134.0,1157.0,0.0,0.0,0.0,0.0,0.0,0.0,0.0,일반회계,2023,해양수산부,2044.0
연구장비개발 및 인프라구축(R&D),34.0,651.0,676.0,693.0,702.0,0.0,0.0,0.0,0.0,0.0,0.0,0.0,일반회계,2023,해양수산부,702.0
연안환경관리(일반),40.0,62.0,167.0,187.0,226.0,0.0,0.0,0.0,0.0,0.0,0.0,0.0,일반회계,2023,해양수산부,654.0
한국해양과학기술원 운영지원,0.0,339.0,505.0,885.0,942.0,0.0,0.0,0.0,0.0,0.0,0.0,0.0,일반회계,2023,해양수산부,1582.0
해양관광육성,0.0,0.0,245.0,245.0,269.0,0.0,0.0,0.0,0.0,0.0,0.0,0.0,일반회계,2023,해양수산부,579.0
해양문화활성화,31.0,212.0,340.0,425.0,456.0,0.0,0.0,0.0,0.0,0.0,0.0,0.0,일반회계,2023,해양수산부,957.0
해양생태계 보전 및 복원,0.0,103.0,256.0,389.0,416.0,0.0,0.0,0.0,0.0,0.0,0.0,0.0,일반회계,2023,해양수산부,579.0
해양수산산업진흥(R&D),9.0,411.0,604.0,636.0,646.0,0.0,0.0,0.0,0.0,0.0,0.0,0.0,일반회계,2023,해양수산부,646.0
해양안전관리시스템 구축.운영(일반),346.0,471.0,523.0,546.0,615.0,0.0,0.0,0.0,0.0,0.0,0.0,0.0,일반회계,2023,해양수산부,1057.0
해양지형조사 및 정보제공,19.0,99.0,368.0,443.0,734.0,0.0,0.0,0.0,0.0,0.0,0.0,0.0,일반회계,2023,해양수산부,1103.0
해운물류지원,28.0,65.0,171.0,250.0,267.0,0.0,0.0,0.0,0.0,0.0,0.0,0.0,일반회계,2023,해양수산부,535.0
해운인력양성 지원,85.0,171.0,198.0,363.0,421.0,0.0,0.0,0.0,0.0,0.0,0.0,0.0,일반회계,2023,해양수산부,543.0
어항기반시설조성,0.0,815.0,842.0,842.0,941.0,0.0,0.0,0.0,0.0,0.0,0.0,0.0,지역균형발전특별회계,2023,해양수산부,3309.0
해양 및 수자원 관리,0.0,451.0,470.0,470.0,470.0,0.0,0.0,0.0,0.0,0.0,0.0,0.0,지역균형발전특별회계,2023,해양수산부,545.0
수산물가격안정(기금·융자),0.0,0.0,137.0,257.0,323.0,0.0,0.0,0.0,0.0,0.0,0.0,0.0,수산발전기금,2023,해양수산부,1154.0
수산물유통자금지원(기금),0.0,40.0,634.0,692.0,705.0,0.0,0.0,0.0,0.0,0.0,0.0,0.0,수산발전기금,2023,해양수산부,1187.0
품목별경쟁력강화,0.0,0.0,232.0,482.0,653.0,0.0,0.0,0.0,0.0,0.0,0.0,0.0,수산발전기금,2023,해양수산부,1324.0
해양환경개선(기금),0.0,122.0,234.0,287.0,287.0,0.0,0.0,0.0,0.0,0.0,0.0,0.0,수산발전기금,2023,해양수산부,539.0
공공데이터개방및이용활성화지원(정보화),0.0,252.0,278.0,615.0,667.0,0.0,0.0,0.0,0.0,0.0,0.0,0.0,일반회계,2023,행정안전부,874.0
국가정보관리원대구센터신축,0.0,0.0,1.0,256.0,257.0,0.0,0.0,0.0,0.0,0.0,0.0,0.0,일반회계,2023,행정안전부,866.0
국가정보자원관리원운영(정보화),8.0,11.0,132.0,136.0,144.0,0.0,0.0,0.0,0.0,0.0,0.0,0.0,일반회계,2023,행정안전부,1538.0
재난안전기술개발,2.0,492.0,530.0,826.0,835.0,0.0,0.0,0.0,0.0,0.0,0.0,0.0,일반회계,2023,행정안전부,927.0
재난예방지원,0.0,105.0,156.0,401.0,514.0,0.0,0.0,0.0,0.0,0.0,0.0,0.0,일반회계,2023,행정안전부,785.0
전자정부실행기반마련(정보화),9.0,92.0,153.0,251.0,323.0,0.0,0.0,0.0,0.0,0.0,0.0,0.0,일반회계,2023,행정안전부,607.0
정부청사시설관리,88.0,105.0,143.0,283.0,322.0,0.0,0.0,0.0,0.0,0.0,0.0,0.0,일반회계,2023,행정안전부,873.0
주한미군공여구역주변지역등지원,67.0,129.0,298.0,382.0,466.0,0.0,0.0,0.0,0.0,0.0,0.0,0.0,일반회계,2023,행정안전부,1110.0
지방소멸대응,10000.0,10000.0,10000.0,10000.0,10000.0,0.0,0.0,0.0,0.0,0.0,0.0,0.0,일반회계,2023,행정안전부,10000.0
재난예방지원,0.0,1.0,1001.0,1877.0,1892.0,0.0,0.0,0.0,0.0,0.0,0.0,0.0,지역균형발전특별회계,2023,행정안전부,7085.0
접경권발전지원,150.0,231.0,231.0,368.0,372.0,0.0,0.0,0.0,0.0,0.0,0.0,0.0,지역균형발전특별회계,2023,행정안전부,515.0
지역경제지원,0.0,3522.0,3523.0,3523.0,3523.0,0.0,0.0,0.0,0.0,0.0,0.0,0.0,지역균형발전특별회계,2023,행정안전부,3525.0
지역일자리창출,0.0,665.0,720.0,1295.0,1333.0,0.0,0.0,0.0,0.0,0.0,0.0,0.0,지역균형발전특별회계,2023,행정안전부,2154.0
특수상황지역개발,0.0,519.0,692.0,1195.0,1295.0,0.0,0.0,0.0,0.0,0.0,0.0,0.0,지역균형발전특별회계,2023,행정안전부,2165.0
광역교통시설건설,0.0,7.0,177.0,179.0,222.0,0.0,0.0,0.0,0.0,0.0,0.0,0.0,행정중심복합도시건설특별회계,2023,행정중심복합도시건설청,694.0
국가행정시설 건립,0.0,0.0,0.0,0.0,1.0,0.0,0.0,0.0,0.0,0.0,0.0,0.0,행정중심복합도시건설특별회계,2023,행정중심복합도시건설청,731.0
문화시설 건립,0.0,34.0,90.0,93.0,93.0,0.0,0.0,0.0,0.0,0.0,0.0,0.0,행정중심복합도시건설특별회계,2023,행정중심복합도시건설청,543.0
대기오염 발생원 관리,268.0,2275.0,7700.0,11597.0,13416.0,0.0,0.0,0.0,0.0,0.0,0.0,0.0,에너지및자원사업특별회계,2023,환경부,30960.0
광역상수도 관리,0.0,0.0,129.0,256.0,447.0,0.0,0.0,0.0,0.0,0.0,0.0,0.0,일반회계,2023,환경부,699.0
국가하천정비지원,18.0,400.0,2100.0,2446.0,2984.0,0.0,0.0,0.0,0.0,0.0,0.0,0.0,일반회계,2023,환경부,7977.0
댐운영 및 안전관리,0.0,0.0,1302.0,1672.0,1919.0,0.0,0.0,0.0,0.0,0.0,0.0,0.0,일반회계,2023,환경부,1919.0
수문조사 및 시설운영,87.0,103.0,156.0,219.0,351.0,0.0,0.0,0.0,0.0,0.0,0.0,0.0,일반회계,2023,환경부,897.0
수자원정책 및 조사,1010.0,2612.0,2676.0,2747.0,2767.0,0.0,0.0,0.0,0.0,0.0,0.0,0.0,일반회계,2023,환경부,3662.0
지방상수도 관리(지역지원),60.0,497.0,724.0,1034.0,1408.0,0.0,0.0,0.0,0.0,0.0,0.0,0.0,지역균형발전특별회계,2023,환경부,3934.0
하수도 관리,133.0,1266.0,1730.0,2298.0,3611.0,0.0,0.0,0.0,0.0,0.0,0.0,0.0,지역균형발전특별회계,2023,환경부,9531.0
환경피해 사후관리,0.0,311.0,476.0,591.0,651.0,0.0,0.0,0.0,0.0,0.0,0.0,0.0,지역균형발전특별회계,2023,환경부,849.0
대기오염 발생원 관리,29.0,616.0,1214.0,2201.0,3396.0,0.0,0.0,0.0,0.0,0.0,0.0,0.0,환경개선특별회계,2023,환경부,6014.0
대기환경 개선 정책기반강화 및 국제협력,4.0,25.0,65.0,247.0,318.0,0.0,0.0,0.0,0.0,0.0,0.0,0.0,환경개선특별회계,2023,환경부,700.0
물산업 및 물기술 진흥,2.0,151.0,489.0,648.0,999.0,0.0,0.0,0.0,0.0,0.0,0.0,0.0,환경개선특별회계,2023,환경부,1558.0
산업폐수 및 기타오염원 관리,11.0,23.0,303.0,491.0,919.0,0.0,0.0,0.0,0.0,0.0,0.0,0.0,환경개선특별회계,2023,환경부,2491.0
수질개선기반구축,199.0,383.0,779.0,1025.0,1212.0,0.0,0.0,0.0,0.0,0.0,0.0,0.0,환경개선특별회계,2023,환경부,2358.0
자연의 보전·관리,2932.0,3231.0,3553.0,3933.0,4355.0,0.0,0.0,0.0,0.0,0.0,0.0,0.0,환경개선특별회계,2023,환경부,5262.0
자연자원의 이용,37.0,391.0,571.0,640.0,898.0,0.0,0.0,0.0,0.0,0.0,0.0,0.0,환경개선특별회계,2023,환경부,1114.0
지방상수도 관리,0.0,41.0,223.0,277.0,345.0,0.0,0.0,0.0,0.0,0.0,0.0,0.0,환경개선특별회계,2023,환경부,703.0
최종처리 및 안전관리,0.0,10.0,112.0,278.0,497.0,0.0,0.0,0.0,0.0,0.0,0.0,0.0,환경개선특별회계,2023,환경부,1943.0
출연사업,100.0,250.0,378.0,566.0,646.0,0.0,0.0,0.0,0.0,0.0,0.0,0.0,환경개선특별회계,2023,환경부,1307.0
친환경산업 육성·지원,125.0,224.0,744.0,1406.0,2718.0,0.0,0.0,0.0,0.0,0.0,0.0,0.0,환경개선특별회계,2023,환경부,3813.0
폐기물 수집 및 재활용,0.0,49.0,136.0,224.0,327.0,0.0,0.0,0.0,0.0,0.0,0.0,0.0,환경개선특별회계,2023,환경부,784.0
하수도 관리,30.0,540.0,1118.0,1754.0,3556.0,0.0,0.0,0.0,0.0,0.0,0.0,0.0,환경개선특별회계,2023,환경부,11719.0
화학물질 관리기반 구축,17.0,169.0,312.0,791.0,857.0,0.0,0.0,0.0,0.0,0.0,0.0,0.0,환경개선특별회계,2023,환경부,1198.0
환경시험연구,78.0,137.0,225.0,258.0,334.0,0.0,0.0,0.0,0.0,0.0,0.0,0.0,환경개선특별회계,2023,환경부,576.0
환경기초시설(금강),44.0,122.0,235.0,300.0,366.0,0.0,0.0,0.0,0.0,0.0,0.0,0.0,금강수계관리기금,2023,환경부,637.0
환경기초시설(낙동강),105.0,204.0,204.0,432.0,542.0,0.0,0.0,0.0,0.0,0.0,0.0,0.0,낙동강수계관리기금,2023,환경부,1467.0
기타 수질개선지원(한강),45.0,112.0,159.0,220.0,247.0,0.0,0.0,0.0,0.0,0.0,0.0,0.0,한강수계관리기금,2023,환경부,560.0
주민지원사업(한강),5.0,64.0,201.0,334.0,438.0,0.0,0.0,0.0,0.0,0.0,0.0,0.0,한강수계관리기금,2023,환경부,852.0
토지매수및수변구역관리(한강),162.0,204.0,274.0,376.0,529.0,0.0,0.0,0.0,0.0,0.0,0.0,0.0,한강수계관리기금,2023,환경부,1026.0
환경기초시설(한강),264.0,509.0,749.0,1047.0,1167.0,0.0,0.0,0.0,0.0,0.0,0.0,0.0,한강수계관리기금,2023,환경부,2702.0
경찰복지증진,47.0,49.0,190.0,215.0,218.0,233.0,341.0,351.0,372.0,492.0,520.0,626.0,일반회계,2022,경찰청,678.0
경찰장비현대화,14.0,28.0,178.0,197.0,225.0,424.0,450.0,493.0,644.0,790.0,863.0,1287.0,일반회계,2022,경찰청,1332.0
교통사고예방,252.0,376.0,495.0,660.0,764.0,834.0,939.0,1144.0,1244.0,1329.0,1414.0,1542.0,일반회계,2022,경찰청,1545.0
수사지원 및 수사역량강화,81.0,170.0,232.0,258.0,297.0,429.0,461.0,543.0,597.0,639.0,716.0,932.0,일반회계,2022,경찰청,951.0
자치경찰지원(여청),6.0,344.0,344.0,591.0,591.0,685.0,685.0,685.0,687.0,752.0,752.0,752.0,일반회계,2022,경찰청,752.0
정책연구개발(R&D),183.0,330.0,478.0,547.0,580.0,585.0,585.0,585.0,585.0,585.0,585.0,586.0,일반회계,2022,경찰청,586.0
치안행정업무지원,6.0,19.0,76.0,111.0,177.0,261.0,341.0,407.0,561.0,712.0,910.0,1425.0,일반회계,2022,경찰청,1462.0
사회적기업육성,72.0,232.0,361.0,547.0,594.0,681.0,733.0,757.0,757.0,844.0,992.0,1009.0,국가균형발전특별회계,2022,고용노동부,1044.0
지역고용촉진지원,90.0,202.0,358.0,1222.0,1267.0,1309.0,1309.0,1311.0,1314.0,1314.0,1315.0,1320.0,국가균형발전특별회계,2022,고용노동부,1324.0
국민취업지원제도,216.0,249.0,316.0,413.0,519.0,609.0,757.0,851.0,946.0,1041.0,1137.0,1155.0,일반회계,2022,고용노동부,2136.0
사회적기업육성,335.0,471.0,485.0,677.0,695.0,705.0,767.0,769.0,769.0,769.0,770.0,772.0,일반회계,2022,고용노동부,773.0
일자리안정자금지원,958.0,1673.0,2387.0,3101.0,3101.0,3101.0,3101.0,3206.0,3206.0,3206.0,3214.0,3214.0,일반회계,2022,고용노동부,3735.0
중소기업청년인턴제,0.0,155.0,159.0,160.0,160.0,160.0,166.0,303.0,673.0,1200.0,1835.0,2331.0,일반회계,2022,고용노동부,5426.0
청년내일채움공제,1112.0,1768.0,2548.0,3435.0,4360.0,5198.0,5940.0,6474.0,6984.0,7477.0,7984.0,8419.0,일반회계,2022,고용노동부,8755.0
청년진로및취업지원(일반),59.0,134.0,309.0,635.0,753.0,824.0,918.0,961.0,991.0,1105.0,1106.0,1151.0,일반회계,2022,고용노동부,1153.0
한국기술교육대학교출연,0.0,125.0,377.0,501.0,626.0,753.0,840.0,926.0,929.0,1102.0,1102.0,1276.0,일반회계,2022,고용노동부,1278.0
한국산업인력공단출연,0.0,266.0,799.0,999.0,1198.0,1398.0,1498.0,1598.0,1598.0,1797.0,1797.0,2022.0,일반회계,2022,고용노동부,1997.0
한국폴리텍대학출연,3.0,183.0,561.0,867.0,1169.0,1491.0,1629.0,1764.0,1784.0,2056.0,2056.0,2242.0,일반회계,2022,고용노동부,2332.0
고용보험징수관리,45.0,98.0,232.0,271.0,359.0,423.0,456.0,484.0,517.0,566.0,669.0,725.0,고용보험기금,2022,고용노동부,725.0
일·가정양립지원,99.0,146.0,233.0,280.0,288.0,367.0,412.0,434.0,491.0,502.0,530.0,568.0,고용보험기금,2022,고용노동부,686.0
중소기업능력개발지원,0.0,806.0,806.0,1012.0,1012.0,1012.0,1015.0,1215.0,1215.0,1316.0,1319.0,1317.0,고용보험기금,2022,고용노동부,1319.0
청년내일채움공제(고보),516.0,852.0,1180.0,1505.0,1986.0,2414.0,2766.0,3048.0,3277.0,3506.0,3728.0,3886.0,고용보험기금,2022,고용노동부,4343.0
한국산업인력공단능력개발사업지원,0.0,632.0,895.0,1194.0,1293.0,1392.0,1441.0,1527.0,1577.0,1626.0,1676.0,1688.0,고용보험기금,2022,고용노동부,1770.0
한국폴리텍대학능력개발사업지원,0.0,43.0,151.0,205.0,286.0,378.0,403.0,427.0,452.0,476.0,503.0,531.0,고용보험기금,2022,고용노동부,539.0
근로자생활안정자금(융자),250.0,350.0,1131.0,1542.0,1693.0,1733.0,1880.0,1981.0,2091.0,2139.0,2212.0,2213.0,근로복지진흥기금,2022,고용노동부,1991.0
장애인고용인프라지원,45.0,88.0,207.0,279.0,327.0,390.0,427.0,463.0,490.0,521.0,526.0,531.0,장애인고용촉진및직업재활기금,2022,고용노동부,531.0
장애인고용지원,226.0,550.0,1056.0,1282.0,1541.0,1840.0,1961.0,2071.0,2192.0,2332.0,2459.0,2703.0,장애인고용촉진및직업재활기금,2022,고용노동부,2715.0
장애인직업능력제고,41.0,114.0,306.0,392.0,463.0,538.0,611.0,642.0,673.0,739.0,773.0,784.0,장애인고용촉진및직업재활기금,2022,고용노동부,784.0
AI기술개발(균특),91.0,254.0,358.0,504.0,701.0,836.0,848.0,868.0,874.0,880.0,896.0,896.0,국가균형발전특별회계,2022,과학기술정보통신부,896.0
연구개발특구육성,3.0,343.0,638.0,893.0,1147.0,1421.0,1433.0,1454.0,1460.0,1481.0,1484.0,1484.0,국가균형발전특별회계,2022,과학기술정보통신부,1484.0
혁신원자력연구개발기반조성,0.0,0.0,0.0,0.0,0.0,0.0,60.0,93.0,166.0,281.0,361.0,548.0,국가균형발전특별회계,2022,과학기술정보통신부,548.0
나노·소재기술개발,249.0,745.0,1305.0,1695.0,1973.0,2517.0,2568.0,2658.0,2749.0,2787.0,2787.0,2787.0,소재부품장비경쟁력강화특별회계,2022,과학기술정보통신부,2787.0
국가과학기술연구회 소속 출연연구기관 지원,261.0,620.0,1010.0,1426.0,1541.0,2174.0,2203.0,2229.0,2379.0,2570.0,2597.0,2623.0,에너지및자원사업특별회계,2022,과학기술정보통신부,2632.0
AI기술개발(일반),32.0,62.0,123.0,322.0,474.0,563.0,593.0,604.0,619.0,630.0,630.0,630.0,일반회계,2022,과학기술정보통신부,630.0
AI반도체경쟁력강화(일반),221.0,364.0,518.0,569.0,830.0,962.0,972.0,972.0,972.0,972.0,972.0,972.0,일반회계,2022,과학기술정보통신부,972.0
과학기술 기획평가,0.0,0.0,161.0,234.0,299.0,326.0,378.0,378.0,391.0,494.0,503.0,503.0,일반회계,2022,과학기술정보통신부,503.0
국가과학기술연구회 소속 출연연구기관 지원,491.0,1404.0,3736.0,4861.0,6405.0,8254.0,8597.0,8738.0,9811.0,10562.0,10985.0,11325.0,일반회계,2022,과학기술정보통신부,11348.0
국제과학비즈니스벨트조성,0.0,31.0,264.0,285.0,317.0,355.0,373.0,423.0,515.0,533.0,613.0,888.0,일반회계,2022,과학기술정보통신부,1010.0
기초연구기반구축사업,45.0,122.0,464.0,464.0,464.0,474.0,474.0,670.0,737.0,737.0,737.0,738.0,일반회계,2022,과학기술정보통신부,747.0
기초연구지원,2819.0,18302.0,18302.0,18552.0,19873.0,19873.0,19873.0,20014.0,20014.0,20014.0,20014.0,20014.0,일반회계,2022,과학기술정보통신부,20014.0
나노·소재기술개발,229.0,295.0,578.0,685.0,685.0,685.0,685.0,685.0,685.0,685.0,685.0,685.0,일반회계,2022,과학기술정보통신부,685.0
바이오·의료기술개발,1370.0,1966.0,4180.0,4734.0,5321.0,5457.0,5475.0,5475.0,5514.0,5526.0,5527.0,5527.0,일반회계,2022,과학기술정보통신부,5532.0
생산적정보문화조성(정보화),0.0,504.0,696.0,703.0,783.0,808.0,808.0,808.0,824.0,849.0,851.0,851.0,일반회계,2022,과학기술정보통신부,866.0
스마트화산업기반확충(일반),161.0,366.0,452.0,602.0,678.0,704.0,748.0,758.0,779.0,819.0,825.0,825.0,일반회계,2022,과학기술정보통신부,825.0
연구성과기술사업화지원,55.0,328.0,675.0,759.0,822.0,850.0,850.0,850.0,850.0,850.0,850.0,850.0,일반회계,2022,과학기술정보통신부,850.0
우수학생 국가장학 사업,0.0,0.0,254.0,312.0,312.0,312.0,529.0,529.0,529.0,529.0,529.0,529.0,일반회계,2022,과학기술정보통신부,529.0
우주발사체개발,0.0,35.0,45.0,67.0,167.0,319.0,495.0,495.0,495.0,1305.0,1305.0,1811.0,일반회계,2022,과학기술정보통신부,1811.0
인공위성개발,428.0,852.0,1551.0,1660.0,1666.0,1695.0,1695.0,1695.0,1695.0,1695.0,1695.0,1795.0,일반회계,2022,과학기술정보통신부,1795.0
정보보안대응체계구축,1.0,2.0,219.0,264.0,424.0,490.0,522.0,556.0,600.0,684.0,701.0,703.0,일반회계,2022,과학기술정보통신부,703.0
직할출연연구기관지원,341.0,1060.0,2513.0,3231.0,4292.0,5204.0,5543.0,5743.0,6411.0,7141.0,7483.0,7690.0,일반회계,2022,과학기술정보통신부,7715.0
창의적인재육성,154.0,435.0,987.0,1080.0,1195.0,1259.0,1261.0,1261.0,1261.0,1261.0,1261.0,1261.0,일반회계,2022,과학기술정보통신부,1261.0
첨단융합기술개발,382.0,817.0,1267.0,1395.0,1468.0,1505.0,1557.0,1571.0,1595.0,1595.0,1595.0,1595.0,일반회계,2022,과학기술정보통신부,1595.0
콘텐츠 진흥,25.0,117.0,299.0,371.0,429.0,447.0,502.0,515.0,531.0,556.0,560.0,560.0,일반회계,2022,과학기술정보통신부,563.0
콘텐츠디바이스기술개발(일반),118.0,258.0,394.0,588.0,841.0,868.0,903.0,903.0,903.0,903.0,903.0,903.0,일반회계,2022,과학기술정보통신부,903.0
AI경쟁력강화(방발),0.0,157.0,178.0,205.0,563.0,563.0,568.0,713.0,713.0,716.0,787.0,795.0,방송통신발전기금,2022,과학기술정보통신부,795.0
ICT사업화지원(방발),143.0,466.0,466.0,1237.0,1237.0,1298.0,1298.0,1486.0,1588.0,1698.0,1698.0,1698.0,방송통신발전기금,2022,과학기술정보통신부,1698.0
네트워크기반조성,1.0,50.0,190.0,249.0,250.0,251.0,553.0,556.0,560.0,577.0,579.0,580.0,방송통신발전기금,2022,과학기술정보통신부,580.0
데이터산업경쟁력강화(방발),0.0,90.0,92.0,1152.0,1152.0,1152.0,1206.0,1206.0,1206.0,1447.0,1447.0,1447.0,방송통신발전기금,2022,과학기술정보통신부,1447.0
미디어 다양성 및 공공성 확보,49.0,118.0,163.0,274.0,384.0,517.0,559.0,622.0,638.0,659.0,674.0,706.0,방송통신발전기금,2022,과학기술정보통신부,709.0
방송인프라지원,0.0,60.0,165.0,272.0,366.0,503.0,549.0,593.0,631.0,660.0,676.0,716.0,방송통신발전기금,2022,과학기술정보통신부,716.0
출연연 연구개발지원(R&D),0.0,198.0,496.0,496.0,991.0,991.0,991.0,991.0,991.0,991.0,991.0,991.0,방송통신발전기금,2022,과학기술정보통신부,991.0
콘텐츠 진흥,0.0,0.0,319.0,1013.0,1013.0,1013.0,1258.0,1258.0,1258.0,1388.0,1388.0,1388.0,방송통신발전기금,2022,과학기술정보통신부,1388.0
콘텐츠디바이스기술개발(방발),66.0,300.0,618.0,1166.0,1166.0,1166.0,1166.0,1343.0,1343.0,1497.0,1497.0,1497.0,방송통신발전기금,2022,과학기술정보통신부,1497.0
원자력및방사선안전규제,0.0,33.0,257.0,342.0,426.0,510.0,562.0,615.0,668.0,715.0,760.0,805.0,원자력기금,2022,과학기술정보통신부,809.0
원자력연구개발사업,113.0,113.0,380.0,380.0,380.0,676.0,676.0,676.0,902.0,902.0,902.0,1411.0,원자력기금,2022,과학기술정보통신부,1411.0
AI경쟁력강화(정진),0.0,236.0,1457.0,4684.0,4751.0,4769.0,5297.0,5864.0,5883.0,6227.0,6517.0,6536.0,정보통신진흥기금,2022,과학기술정보통신부,6536.0
AI기술개발(정진),556.0,668.0,933.0,1274.0,1276.0,1279.0,1516.0,1540.0,1542.0,1558.0,1562.0,1649.0,정보통신진흥기금,2022,과학기술정보통신부,1649.0
SW.디지털콘텐츠기술개발,275.0,297.0,297.0,922.0,922.0,922.0,1131.0,1131.0,1139.0,1262.0,1262.0,1262.0,정보통신진흥기금,2022,과학기술정보통신부,1262.0
SW산업경쟁력강화(정진),13.0,247.0,265.0,812.0,818.0,850.0,1018.0,1020.0,1033.0,1110.0,1110.0,1112.0,정보통신진흥기금,2022,과학기술정보통신부,1112.0
SW융합인력양성,189.0,300.0,478.0,1315.0,1455.0,1455.0,1823.0,1823.0,1823.0,1983.0,1983.0,1983.0,정보통신진흥기금,2022,과학기술정보통신부,1983.0
데이터산업경쟁력강화(정진),70.0,70.0,140.0,350.0,350.0,489.0,559.0,559.0,629.0,699.0,699.0,699.0,정보통신진흥기금,2022,과학기술정보통신부,699.0
스마트화산업기반확충(정진),0.0,149.0,174.0,586.0,586.0,586.0,690.0,707.0,759.0,779.0,779.0,779.0,정보통신진흥기금,2022,과학기술정보통신부,779.0
정보보호기술개발(정진),4.0,312.0,312.0,323.0,323.0,723.0,723.0,855.0,855.0,855.0,855.0,855.0,정보통신진흥기금,2022,과학기술정보통신부,855.0
대학 내 산학연협력 활성화,0.0,977.0,1572.0,2490.0,3042.0,3712.0,3907.0,4056.0,4215.0,4312.0,4389.0,4690.0,국가균형발전특별회계,2022,교육부,4690.0
대학혁신지원,0.0,335.0,335.0,335.0,1135.0,1791.0,1988.0,2145.0,2271.0,2372.0,2453.0,2775.0,국가균형발전특별회계,2022,교육부,2775.0
산학협력 선도 전문대학 육성,0.0,302.0,432.0,582.0,786.0,944.0,996.0,1046.0,1046.0,1076.0,1101.0,1206.0,국가균형발전특별회계,2022,교육부,1206.0
전문대학 혁신 지원,0.0,1170.0,1835.0,2435.0,3071.0,3703.0,3893.0,4045.0,4166.0,4263.0,4341.0,4652.0,국가균형발전특별회계,2022,교육부,4652.0
4단계 두뇌한국21 사업,0.0,0.0,3027.0,3085.0,3085.0,3085.0,3085.0,4140.0,4140.0,4140.0,4140.0,4140.0,일반회계,2022,교육부,4140.0
고졸 취업 활성화 지원,0.0,945.0,953.0,980.0,980.0,1007.0,1007.0,1007.0,1067.0,1267.0,1487.0,1487.0,일반회계,2022,교육부,1487.0
국립대학 교육기반조성,150.0,295.0,564.0,1849.0,2052.0,2180.0,2198.0,2234.0,2262.0,2729.0,2752.0,2756.0,일반회계,2022,교육부,2761.0
국립대학 시설확충,726.0,2185.0,3295.0,3824.0,4500.0,4810.0,5041.0,5440.0,5565.0,5906.0,6104.0,6386.0,일반회계,2022,교육부,6480.0
국립대학법인 운영 지원,640.0,735.0,735.0,1090.0,1090.0,1090.0,1825.0,1825.0,1825.0,2181.0,2181.0,2181.0,일반회계,2022,교육부,2181.0
국립대학병원 여건개선,0.0,0.0,0.0,0.0,140.0,244.0,256.0,620.0,620.0,661.0,661.0,663.0,일반회계,2022,교육부,653.0
국립부설학교 역량강화 지원,2.0,14.0,81.0,121.0,170.0,201.0,219.0,265.0,329.0,375.0,405.0,481.0,일반회계,2022,교육부,606.0
그린스마트 스쿨 조성,0.0,0.0,2992.0,2992.0,2992.0,3636.0,3636.0,3636.0,3636.0,4124.0,4124.0,4124.0,일반회계,2022,교육부,4315.0
대입전형 자율역량 기반조성,0.0,10.0,452.0,452.0,452.0,452.0,601.0,601.0,604.0,604.0,604.0,604.0,일반회계,2022,교육부,604.0
대학혁신지원,95.0,95.0,2320.0,2320.0,2791.0,2802.0,5317.0,8148.0,8165.0,8165.0,8165.0,8165.0,일반회계,2022,교육부,8165.0
맞춤형 국가장학금 지원,0.0,21693.0,31693.0,31693.0,31693.0,32162.0,42162.0,42162.0,46546.0,46546.0,46247.0,46247.0,일반회계,2022,교육부,46546.0
이공학학술연구조성,1841.0,4135.0,4135.0,4135.0,4135.0,4936.0,4936.0,5474.0,5474.0,5474.0,5474.0,5474.0,일반회계,2022,교육부,5474.0
인문사회학술연구 조성,0.0,1747.0,1747.0,1938.0,1958.0,2049.0,2544.0,2629.0,2642.0,2642.0,2642.0,2642.0,일반회계,2022,교육부,2642.0
평생학습 활성화지원,57.0,82.0,582.0,582.0,582.0,582.0,582.0,582.0,582.0,582.0,582.0,582.0,일반회계,2022,교육부,582.0
한국장학재단 출연,0.0,0.0,439.0,1090.0,1090.0,1090.0,1363.0,1363.0,1363.0,1514.0,1514.0,1813.0,일반회계,2022,교육부,1514.0
교육환경 개선 지원사업,0.0,0.0,203.0,396.0,774.0,869.0,901.0,918.0,918.0,1024.0,1238.0,1907.0,사학진흥기금,2022,교육부,1959.0
국립묘지조성및관리,1.0,4.0,22.0,52.0,67.0,101.0,109.0,123.0,147.0,283.0,304.0,415.0,일반회계,2022,국가보훈처,759.0
군시설이전사업,26.0,50.0,267.0,503.0,799.0,1501.0,1711.0,1837.0,2045.0,2300.0,2526.0,3918.0,국방·군사시설이전특별회계,2022,국방부,7031.0
사유재산정리,0.0,5.0,11.0,14.0,93.0,158.0,174.0,207.0,234.0,284.0,337.0,562.0,국방·군사시설이전특별회계,2022,국방부,894.0
간부주거시설,53.0,150.0,470.0,567.0,842.0,1669.0,1715.0,1827.0,1989.0,2049.0,2144.0,3426.0,일반회계,2022,국방부,4014.0
과학화훈련,1.0,37.0,122.0,171.0,201.0,237.0,239.0,287.0,414.0,484.0,528.0,664.0,일반회계,2022,국방부,826.0
교육시설,25.0,203.0,438.0,556.0,655.0,975.0,1017.0,1084.0,1204.0,1269.0,1407.0,2128.0,일반회계,2022,국방부,2488.0
교육용탄약,43.0,426.0,540.0,568.0,665.0,1009.0,1079.0,1090.0,1421.0,1478.0,1613.0,2101.0,일반회계,2022,국방부,2452.0
국방행정지원,9.0,15.0,56.0,75.0,111.0,191.0,280.0,303.0,332.0,367.0,405.0,567.0,일반회계,2022,국방부,638.0
군의무,159.0,214.0,543.0,729.0,1061.0,1531.0,1641.0,1806.0,1963.0,2187.0,2355.0,2820.0,일반회계,2022,국방부,3265.0
군인사,38.0,89.0,152.0,232.0,285.0,338.0,394.0,446.0,498.0,552.0,613.0,690.0,일반회계,2022,국방부,698.0
군인적자원개발교육,1.0,38.0,142.0,186.0,235.0,429.0,390.0,364.0,409.0,465.0,547.0,696.0,일반회계,2022,국방부,757.0
물자획득,22.0,204.0,480.0,834.0,1059.0,1591.0,1859.0,2099.0,2349.0,2572.0,2859.0,3736.0,일반회계,2022,국방부,4040.0
병영기본시설,51.0,148.0,507.0,636.0,918.0,1672.0,1731.0,1784.0,1909.0,2024.0,2190.0,3599.0,일반회계,2022,국방부,4564.0
수송활동,36.0,134.0,200.0,244.0,286.0,372.0,395.0,442.0,483.0,519.0,583.0,680.0,일반회계,2022,국방부,678.0
시설유지운영,99.0,321.0,764.0,1194.0,1891.0,4154.0,4356.0,4824.0,5449.0,6096.0,7006.0,9502.0,일반회계,2022,국방부,10304.0
예비군훈련장확보,3.0,19.0,47.0,56.0,85.0,199.0,211.0,227.0,245.0,269.0,294.0,486.0,일반회계,2022,국방부,639.0
예비전력유지,16.0,32.0,73.0,85.0,106.0,251.0,256.0,267.0,278.0,297.0,352.0,489.0,일반회계,2022,국방부,712.0
일반시설개선,228.0,530.0,1890.0,2577.0,3371.0,7423.0,7610.0,8065.0,8557.0,9017.0,9749.0,14811.0,일반회계,2022,국방부,18167.0
장병복지지원,57.0,107.0,226.0,281.0,301.0,439.0,461.0,449.0,480.0,446.0,508.0,602.0,일반회계,2022,국방부,619.0
장비유지,701.0,4714.0,6819.0,8661.0,10771.0,15745.0,16692.0,18073.0,20430.0,22102.0,24192.0,31403.0,일반회계,2022,국방부,33600.0
장비획득,62.0,189.0,745.0,1073.0,1828.0,3112.0,3365.0,3621.0,3885.0,4376.0,4940.0,6368.0,일반회계,2022,국방부,7391.0
정보통신체계운영,7.0,76.0,301.0,470.0,591.0,934.0,983.0,1160.0,1319.0,1432.0,1631.0,2938.0,일반회계,2022,국방부,3081.0
정훈문화활동,97.0,113.0,126.0,222.0,296.0,350.0,401.0,449.0,469.0,511.0,564.0,681.0,일반회계,2022,국방부,693.0
탄약관리,4.0,239.0,395.0,428.0,550.0,721.0,727.0,811.0,926.0,980.0,1021.0,1256.0,일반회계,2022,국방부,1313.0
피복비,38.0,81.0,211.0,194.0,297.0,376.0,419.0,466.0,551.0,548.0,626.0,691.0,일반회계,2022,국방부,733.0
훈련 및 교육 지원,25.0,53.0,75.0,92.0,130.0,215.0,212.0,233.0,264.0,307.0,370.0,518.0,일반회계,2022,국방부,640.0
미군기지이전사업,13.0,35.0,75.0,127.0,163.0,283.0,298.0,307.0,334.0,358.0,400.0,492.0,주한미군기지이전특별회계,2022,국방부,615.0
미군기지이전지원,40.0,130.0,130.0,172.0,173.0,433.0,433.0,434.0,434.0,502.0,503.0,824.0,주한미군기지이전특별회계,2022,국방부,850.0
장병복지향상,30.0,76.0,126.0,182.0,268.0,369.0,459.0,557.0,634.0,714.0,843.0,1056.0,군인복지기금,2022,국방부,1175.0
고속도로건설,0.0,3163.0,10730.0,13291.0,13291.0,13291.0,18500.0,18869.0,19455.0,20861.0,22061.0,22952.0,교통시설특별회계,2022,국토교통부,23078.0
고속철도건설,0.0,670.0,1339.0,1489.0,1689.0,2715.0,2715.0,3154.0,3154.0,3924.0,4244.0,5088.0,교통시설특별회계,2022,국토교통부,5088.0
광역철도건설지원,0.0,0.0,1508.0,1508.0,1508.0,1641.0,1784.0,2027.0,2272.0,2881.0,2881.0,3417.0,교통시설특별회계,2022,국토교통부,4257.0
교통약자이동편의증진,0.0,0.0,268.0,325.0,325.0,936.0,936.0,997.0,1042.0,1043.0,1061.0,1086.0,교통시설특별회계,2022,국토교통부,1092.0
대중교통체계구축,0.0,69.0,246.0,268.0,314.0,447.0,448.0,487.0,523.0,526.0,835.0,844.0,교통시설특별회계,2022,국토교통부,867.0
도로병목지점 개선,5.0,27.0,434.0,475.0,549.0,816.0,849.0,910.0,1016.0,1039.0,1111.0,1524.0,교통시설특별회계,2022,국토교통부,1635.0
도로보수(총액계상),2.0,57.0,1708.0,1901.0,2352.0,4636.0,4803.0,5017.0,5606.0,5776.0,6099.0,7475.0,교통시설특별회계,2022,국토교통부,7979.0
도로안전 및 환경개선(총액계상),0.0,58.0,2111.0,2341.0,2717.0,4728.0,4829.0,5048.0,6054.0,6204.0,6577.0,8764.0,교통시설특별회계,2022,국토교통부,9500.0
민자유치사업지원,4275.0,4754.0,5265.0,5444.0,5626.0,6413.0,6603.0,6893.0,7079.0,7079.0,7516.0,8153.0,교통시설특별회계,2022,국토교통부,8171.0
시관내국도대체우회도로건설,221.0,828.0,1717.0,1734.0,1818.0,2296.0,2314.0,2342.0,2502.0,2525.0,2648.0,3494.0,교통시설특별회계,2022,국토교통부,3726.0
신공항건설,0.0,6.0,312.0,325.0,326.0,630.0,632.0,632.0,700.0,716.0,734.0,920.0,교통시설특별회계,2022,국토교통부,1900.0
위험도로개선,2.0,12.0,426.0,482.0,593.0,833.0,865.0,912.0,987.0,1026.0,1076.0,1441.0,교통시설특별회계,2022,국토교통부,1632.0
일반국도건설,195.0,1533.0,4876.0,5057.0,5564.0,7297.0,7443.0,7769.0,8493.0,9044.0,9296.0,11940.0,교통시설특별회계,2022,국토교통부,14308.0
일반철도건설,0.0,5249.0,8090.0,8290.0,9640.0,15120.0,15120.0,15681.0,15681.0,19350.0,21744.0,27260.0,교통시설특별회계,2022,국토교통부,28023.0
지하철건설지원,0.0,0.0,992.0,1126.0,1762.0,2116.0,2116.0,2236.0,2242.0,3132.0,3691.0,6833.0,교통시설특별회계,2022,국토교통부,6952.0
철도기술연구,0.0,259.0,570.0,748.0,816.0,868.0,868.0,880.0,880.0,885.0,885.0,885.0,교통시설특별회계,2022,국토교통부,899.0
철도운영지원(교특),0.0,0.0,271.0,271.0,271.0,271.0,271.0,271.0,272.0,299.0,300.0,699.0,교통시설특별회계,2022,국토교통부,714.0
첨단도로교통체계,0.0,0.0,4441.0,4605.0,4605.0,4884.0,4883.0,5043.0,5043.0,5097.0,5321.0,5324.0,교통시설특별회계,2022,국토교통부,5325.0
항공기술연구,0.0,142.0,444.0,585.0,603.0,716.0,720.0,882.0,888.0,897.0,897.0,897.0,교통시설특별회계,2022,국토교통부,897.0
항공산업지원,18.0,191.0,228.0,474.0,483.0,626.0,626.0,640.0,640.0,669.0,678.0,733.0,교통시설특별회계,2022,국토교통부,877.0
개발제한구역지원,0.0,462.0,625.0,630.0,631.0,979.0,1004.0,1079.0,1235.0,1380.0,1606.0,1611.0,국가균형발전특별회계,2022,국토교통부,1615.0
광역철도건설지원,0.0,947.0,1385.0,2410.0,2678.0,2972.0,3142.0,3990.0,4026.0,4743.0,5190.0,6853.0,국가균형발전특별회계,2022,국토교통부,8815.0
국가지원지방도건설,0.0,0.0,1010.0,1216.0,1217.0,2214.0,2214.0,2218.0,2533.0,2919.0,2919.0,2980.0,국가균형발전특별회계,2022,국토교통부,3010.0
도시재생,0.0,45.0,2633.0,2633.0,5072.0,5484.0,5484.0,5652.0,5796.0,5995.0,7124.0,7657.0,국가균형발전특별회계,2022,국토교통부,8815.0
도시활력증진지역개발,0.0,248.0,248.0,269.0,314.0,338.0,338.0,338.0,345.0,410.0,422.0,507.0,국가균형발전특별회계,2022,국토교통부,690.0
산업단지진입도로지원,2.0,136.0,644.0,839.0,923.0,1360.0,1468.0,1514.0,1612.0,1726.0,2021.0,3033.0,국가균형발전특별회계,2022,국토교통부,3934.0
성장촉진지역개발,0.0,0.0,850.0,910.0,1109.0,1275.0,1275.0,1387.0,1456.0,1580.0,1680.0,2077.0,국가균형발전특별회계,2022,국토교통부,2077.0
주차환경개선지원,0.0,209.0,1073.0,1073.0,1090.0,1892.0,2085.0,2192.0,2191.0,2376.0,2601.0,2853.0,국가균형발전특별회계,2022,국토교통부,2853.0
혼잡도로,0.0,0.0,120.0,218.0,218.0,279.0,348.0,348.0,376.0,393.0,458.0,988.0,국가균형발전특별회계,2022,국토교통부,1020.0
건설기술혁신(R&D),0.0,0.0,491.0,491.0,491.0,572.0,572.0,572.0,572.0,572.0,572.0,572.0,일반회계,2022,국토교통부,572.0
건축서비스산업지원,0.0,0.0,280.0,310.0,324.0,383.0,433.0,440.0,453.0,463.0,487.0,524.0,일반회계,2022,국토교통부,547.0
교통물류연구,50.0,228.0,603.0,663.0,704.0,704.0,704.0,704.0,704.0,704.0,704.0,704.0,일반회계,2022,국토교통부,704.0
국토교통기술역량강화(R&D),736.0,736.0,767.0,768.0,790.0,798.0,798.0,807.0,807.0,808.0,809.0,809.0,일반회계,2022,국토교통부,811.0
국토안전관리원출연,0.0,64.0,555.0,555.0,555.0,555.0,555.0,555.0,555.0,605.0,605.0,605.0,일반회계,2022,국토교통부,605.0
국토정보제도선진화,646.0,671.0,672.0,672.0,691.0,691.0,692.0,698.0,698.0,744.0,744.0,750.0,일반회계,2022,국토교통부,754.0
국토지형관리,14.0,37.0,357.0,481.0,633.0,905.0,934.0,952.0,1030.0,1052.0,1067.0,1186.0,일반회계,2022,국토교통부,1375.0
도시건축연구,0.0,78.0,297.0,297.0,458.0,611.0,634.0,652.0,652.0,652.0,652.0,652.0,일반회계,2022,국토교통부,652.0
부동산공시,0.0,176.0,766.0,767.0,823.0,897.0,898.0,898.0,987.0,1010.0,1019.0,1174.0,일반회계,2022,국토교통부,1191.0
산업단지지원(일반),0.0,265.0,265.0,292.0,512.0,569.0,609.0,627.0,659.0,780.0,974.0,1076.0,일반회계,2022,국토교통부,1160.0
새만금개발사업지원,0.0,0.0,0.0,0.0,0.0,383.0,383.0,383.0,383.0,383.0,383.0,1001.0,일반회계,2022,국토교통부,1001.0
스마트시티 지원,0.0,12.0,187.0,187.0,462.0,1078.0,1113.0,1164.0,1211.0,1404.0,1405.0,1615.0,일반회계,2022,국토교통부,1763.0
자동차안전도강화,143.0,581.0,581.0,581.0,583.0,583.0,583.0,588.0,609.0,609.0,624.0,625.0,일반회계,2022,국토교통부,625.0
주택가격조사지원,128.0,329.0,337.0,385.0,585.0,626.0,636.0,640.0,646.0,678.0,678.0,719.0,일반회계,2022,국토교통부,736.0
주택정책지원,0.0,31.0,319.0,334.0,334.0,629.0,629.0,629.0,629.0,917.0,917.0,938.0,일반회계,2022,국토교통부,962.0
철도안전(일반),2.0,2754.0,4960.0,6073.0,12343.0,13944.0,16016.0,16530.0,16544.0,18356.0,18586.0,18705.0,일반회계,2022,국토교통부,18951.0
철도운영지원(일반),0.0,0.0,1608.0,2608.0,2608.0,2608.0,2608.0,3114.0,3311.0,3594.0,3782.0,3845.0,일반회계,2022,국토교통부,3845.0
해외인프라시장개척,0.0,2.0,238.0,340.0,341.0,641.0,641.0,641.0,642.0,648.0,849.0,936.0,일반회계,2022,국토교통부,1064.0
공공임대주택지원(융자),1982.0,2807.0,4406.0,6504.0,8117.0,9472.0,10778.0,12441.0,13933.0,15400.0,17579.0,19639.0,주택도시기금,2022,국토교통부,19705.0
국민임대주택지원(융자),0.0,0.0,689.0,804.0,835.0,2250.0,2341.0,2506.0,2956.0,3804.0,4134.0,5467.0,주택도시기금,2022,국토교통부,6917.0
다가구매입임대(융자),0.0,126.0,126.0,878.0,8826.0,29363.0,36695.0,39748.0,42869.0,52283.0,52681.0,54403.0,주택도시기금,2022,국토교통부,58093.0
도시기능증진지원,876.0,1121.0,1260.0,1431.0,1726.0,2502.0,2588.0,2746.0,2872.0,3154.0,3508.0,4459.0,주택도시기금,2022,국토교통부,4631.0
도시재생지원,1.0,18.0,28.0,130.0,130.0,473.0,683.0,918.0,918.0,1596.0,1948.0,1960.0,주택도시기금,2022,국토교통부,2009.0
분양주택지원(융자),27.0,45.0,66.0,92.0,183.0,215.0,242.0,1024.0,1054.0,1125.0,1220.0,2017.0,주택도시기금,2022,국토교통부,2563.0
수탁은행관리,405.0,516.0,527.0,548.0,659.0,1048.0,1066.0,1125.0,1141.0,1542.0,1626.0,1992.0,주택도시기금,2022,국토교통부,2286.0
임대주택지원,0.0,0.0,32900.0,33282.0,33302.0,36574.0,36694.0,36694.0,43235.0,43649.0,43649.0,49652.0,주택도시기금,2022,국토교통부,66594.0
전세임대주택지원(융자),3315.0,6660.0,9742.0,12933.0,16817.0,20679.0,24790.0,29244.0,33194.0,37105.0,41724.0,46612.0,주택도시기금,2022,국토교통부,45328.0
주택구입ㆍ전세자금(융자),6653.0,14395.0,21306.0,32095.0,43941.0,55179.0,60125.0,62518.0,65506.0,69899.0,80885.0,85217.0,주택도시기금,2022,국토교통부,85300.0
통합공공임대지원융자,0.0,0.0,1124.0,1124.0,1160.0,1406.0,1406.0,1406.0,1448.0,1448.0,1639.0,1685.0,주택도시기금,2022,국토교통부,9656.0
행복주택(융자),177.0,177.0,4693.0,5255.0,5667.0,8314.0,8415.0,9169.0,9902.0,10452.0,11456.0,13182.0,주택도시기금,2022,국토교통부,15088.0
산업은행출자,0.0,3720.0,3720.0,3720.0,3720.0,6000.0,6000.0,6000.0,6000.0,6000.0,6000.0,6000.0,일반회계,2022,금융위원회,6000.0
한국주택금융공사출자,0.0,0.0,0.0,0.0,0.0,0.0,0.0,0.0,500.0,500.0,500.0,500.0,일반회계,2022,금융위원회,500.0
기술개발,650.0,1490.0,2841.0,3497.0,4749.0,5219.0,5226.0,5250.0,5406.0,5424.0,5435.0,5437.0,기후대응기금,2022,기획재정부,5447.0
녹색금융,0.0,450.0,650.0,650.0,650.0,1450.0,1450.0,1450.0,1990.0,1990.0,2140.0,2090.0,기후대응기금,2022,기획재정부,2912.0
도시국토저탄소화,0.0,28.0,896.0,991.0,1066.0,1887.0,1895.0,1934.0,2085.0,2648.0,2723.0,2833.0,기후대응기금,2022,기획재정부,3249.0
산업저탄소화,0.0,0.0,218.0,905.0,2152.0,2260.0,2260.0,2261.0,2601.0,2731.0,2768.0,2653.0,기후대응기금,2022,기획재정부,2827.0
유망기업인력육성,0.0,13.0,478.0,694.0,912.0,1029.0,1038.0,1055.0,1172.0,1187.0,1205.0,1301.0,기후대응기금,2022,기획재정부,1456.0
취약계층지원,0.0,25.0,51.0,440.0,440.0,512.0,512.0,533.0,638.0,806.0,880.0,1016.0,기후대응기금,2022,기획재정부,1279.0
탄소흡수원조성,0.0,321.0,1742.0,2698.0,2791.0,2947.0,2978.0,2978.0,3006.0,2906.0,2972.0,3059.0,기후대응기금,2022,기획재정부,3414.0
일반농산어촌개발,0.0,1428.0,2717.0,3872.0,3971.0,5146.0,5207.0,5507.0,5507.0,5773.0,5926.0,6295.0,국가균형발전특별회계,2022,농림축산식품부,7372.0
가축방역(농특),415.0,668.0,712.0,1129.0,1347.0,1410.0,1432.0,1499.0,1642.0,1771.0,1936.0,1960.0,농어촌구조개선특별회계,2022,농림축산식품부,2014.0
농산물소비활성화및식생활개선(농특),165.0,185.0,275.0,324.0,379.0,520.0,534.0,534.0,836.0,841.0,841.0,841.0,농어촌구조개선특별회계,2022,농림축산식품부,541.0
농식품 글로벌 진출 확대,0.0,214.0,214.0,214.0,428.0,428.0,428.0,455.0,511.0,511.0,574.0,595.0,농어촌구조개선특별회계,2022,농림축산식품부,595.0
농식품기술개발(농특),548.0,1048.0,1643.0,1655.0,1663.0,2010.0,2010.0,2010.0,2010.0,2010.0,2010.0,2010.0,농어촌구조개선특별회계,2022,농림축산식품부,2010.0
농업시설개선(농특),0.0,60.0,1753.0,1939.0,2837.0,4752.0,4752.0,4862.0,4862.0,4862.0,5060.0,6653.0,농어촌구조개선특별회계,2022,농림축산식품부,7343.0
농업정책보험(구조계정),0.0,0.0,1873.0,1880.0,2648.0,2648.0,4993.0,4993.0,4993.0,5159.0,5559.0,6622.0,농어촌구조개선특별회계,2022,농림축산식품부,7422.0
농업정책보험(농촌계정),0.0,0.0,8.0,358.0,658.0,658.0,778.0,778.0,778.0,899.0,899.0,899.0,농어촌구조개선특별회계,2022,농림축산식품부,899.0
농촌복지증진,63.0,266.0,354.0,382.0,450.0,466.0,597.0,626.0,635.0,648.0,648.0,648.0,농어촌구조개선특별회계,2022,농림축산식품부,648.0
농촌지역개발(농특)(농촌계정),1.0,118.0,279.0,339.0,485.0,532.0,609.0,732.0,801.0,905.0,918.0,1025.0,농어촌구조개선특별회계,2022,농림축산식품부,1096.0
다목적 용수개발,0.0,676.0,676.0,676.0,1221.0,1231.0,1921.0,2165.0,2165.0,2165.0,2289.0,2289.0,농어촌구조개선특별회계,2022,농림축산식품부,2839.0
스마트농업육성,7.0,76.0,214.0,220.0,272.0,369.0,519.0,549.0,652.0,790.0,906.0,920.0,농어촌구조개선특별회계,2022,농림축산식품부,946.0
재해예방(농특),0.0,748.0,837.0,1422.0,2427.0,2562.0,3001.0,3197.0,3197.0,3197.0,3408.0,3658.0,농어촌구조개선특별회계,2022,농림축산식품부,4158.0
친환경농자재,5.0,24.0,448.0,478.0,504.0,516.0,537.0,577.0,677.0,683.0,683.0,689.0,농어촌구조개선특별회계,2022,농림축산식품부,690.0
농어촌공사시설관리,0.0,0.0,562.0,562.0,562.0,1154.0,1154.0,1154.0,1366.0,1366.0,1366.0,1518.0,일반회계,2022,농림축산식품부,1518.0
농산물가격안정및수급조절(농안기금),0.0,6.0,205.0,274.0,293.0,372.0,495.0,516.0,528.0,643.0,719.0,1031.0,농산물가격안정기금,2022,농림축산식품부,1146.0
농산물유통개선(농안기금),0.0,20.0,55.0,1209.0,3689.0,5012.0,6034.0,6704.0,6966.0,7713.0,8723.0,9084.0,농산물가격안정기금,2022,농림축산식품부,9374.0
농식품수출촉진(농안),0.0,177.0,219.0,1056.0,2421.0,2837.0,3127.0,3502.0,3671.0,4326.0,4549.0,5086.0,농산물가격안정기금,2022,농림축산식품부,5086.0
식품산업육성(농안),0.0,91.0,102.0,235.0,582.0,756.0,913.0,1182.0,1366.0,1533.0,1701.0,1836.0,농산물가격안정기금,2022,농림축산식품부,1865.0
경영회생지원,0.0,677.0,1077.0,1077.0,1785.0,2062.0,2062.0,2585.0,2831.0,2923.0,3165.0,3232.0,농지관리기금,2022,농림축산식품부,3077.0
농가소득안정(복지)(농지기금),343.0,610.0,850.0,1070.0,1274.0,1500.0,1640.0,1872.0,2327.0,2327.0,2651.0,2651.0,농지관리기금,2022,농림축산식품부,2349.0
대단위농업개발(농지),0.0,501.0,1104.0,1480.0,1856.0,2257.0,2386.0,2525.0,2693.0,2866.0,3031.0,3181.0,농지관리기금,2022,농림축산식품부,3181.0
맞춤형농지지원(농지기금),0.0,2031.0,3087.0,3837.0,4487.0,5137.0,5813.0,6403.0,6842.0,7209.0,7862.0,7876.0,농지관리기금,2022,농림축산식품부,8178.0
원예산업경쟁력강화(FTA기금),7.0,660.0,862.0,1104.0,1112.0,1122.0,1123.0,1146.0,1230.0,1246.0,1251.0,1312.0,자유무역협정이행지원기금,2022,농림축산식품부,1324.0
축사시설현대화(FTA),142.0,229.0,369.0,732.0,1074.0,1429.0,1527.0,1545.0,1545.0,1554.0,1690.0,1704.0,자유무역협정이행지원기금,2022,농림축산식품부,1607.0
가축방역(축발),54.0,115.0,172.0,295.0,418.0,517.0,571.0,571.0,571.0,643.0,665.0,665.0,축산발전기금,2022,농림축산식품부,624.0
축산기술보급,60.0,103.0,140.0,188.0,231.0,347.0,348.0,446.0,447.0,518.0,518.0,525.0,축산발전기금,2022,농림축산식품부,525.0
축산물수급관리,43.0,53.0,195.0,221.0,290.0,377.0,638.0,686.0,966.0,996.0,1188.0,1447.0,축산발전기금,2022,농림축산식품부,1265.0
축산물품질관리(축발),33.0,102.0,161.0,215.0,297.0,474.0,487.0,487.0,487.0,518.0,551.0,559.0,축산발전기금,2022,농림축산식품부,585.0
축산업경쟁력제고(축발),0.0,0.0,2311.0,2418.0,2518.0,2747.0,3713.0,3741.0,4162.0,4376.0,4404.0,4404.0,축산발전기금,2022,농림축산식품부,4428.0
친환경축산(축발),55.0,96.0,233.0,407.0,848.0,1221.0,1361.0,1470.0,1514.0,1708.0,1725.0,1729.0,축산발전기금,2022,농림축산식품부,1730.0
"지역농촌지도사업활성화지원(균특,지역자율)",5.0,128.0,216.0,303.0,347.0,471.0,509.0,525.0,539.0,551.0,583.0,659.0,국가균형발전특별회계,2022,농촌진흥청,659.0
농업신성장동력연구,85.0,141.0,203.0,344.0,372.0,562.0,648.0,651.0,651.0,651.0,651.0,651.0,일반회계,2022,농촌진흥청,651.0
농업정책지원및기반육성,238.0,266.0,428.0,622.0,675.0,787.0,829.0,840.0,843.0,856.0,866.0,896.0,일반회계,2022,농촌진흥청,901.0
신기술보급사업(일반),2.0,267.0,278.0,487.0,552.0,555.0,556.0,556.0,557.0,557.0,559.0,562.0,일반회계,2022,농촌진흥청,562.0
지속가능한농업연구,0.0,68.0,385.0,493.0,543.0,732.0,745.0,749.0,749.0,750.0,750.0,750.0,일반회계,2022,농촌진흥청,750.0
국제교류및세계유산등재,18.0,366.0,793.0,814.0,842.0,861.0,861.0,868.0,874.0,875.0,887.0,897.0,일반회계,2022,문화재청,898.0
궁능원시설관리운영,5.0,9.0,36.0,57.0,82.0,113.0,145.0,157.0,195.0,228.0,291.0,462.0,일반회계,2022,문화재청,518.0
기념물문화재 보존강화,108.0,115.0,128.0,199.0,238.0,344.0,353.0,369.0,382.0,411.0,442.0,547.0,일반회계,2022,문화재청,635.0
문화재보수정비,0.0,1322.0,3740.0,3740.0,3740.0,3915.0,3915.0,3915.0,3915.0,3915.0,3915.0,3915.0,일반회계,2022,문화재청,3915.0
문화재활용활성화,226.0,413.0,545.0,596.0,608.0,692.0,762.0,767.0,770.0,785.0,786.0,826.0,일반회계,2022,문화재청,829.0
광역관광자원개발,0.0,0.0,4.0,69.0,94.0,94.0,94.0,123.0,172.0,301.0,469.0,517.0,국가균형발전특별회계,2022,문화체육관광부,594.0
문화시설 확충(지역자율),0.0,213.0,1656.0,1656.0,2018.0,2072.0,2142.0,2226.0,2295.0,2437.0,2452.0,2776.0,국가균형발전특별회계,2022,문화체육관광부,2808.0
문화콘텐츠산업 진흥 환경 조성,0.0,0.0,365.0,365.0,365.0,372.0,375.0,406.0,428.0,501.0,501.0,501.0,국가균형발전특별회계,2022,문화체육관광부,501.0
체육진흥시설지원,0.0,109.0,194.0,194.0,928.0,928.0,1127.0,1227.0,1350.0,1350.0,1589.0,1970.0,국가균형발전특별회계,2022,문화체육관광부,1970.0
문화중심도시조성,75.0,83.0,270.0,348.0,424.0,512.0,537.0,563.0,622.0,720.0,761.0,1031.0,아시아문화중심도시조성특별회계,2022,문화체육관광부,1174.0
공연 및 전통예술 진흥기반 구축,28.0,132.0,415.0,429.0,459.0,494.0,692.0,723.0,784.0,826.0,852.0,890.0,일반회계,2022,문화체육관광부,962.0
국립박물관 운영,27.0,52.0,98.0,159.0,213.0,269.0,321.0,381.0,454.0,547.0,655.0,935.0,일반회계,2022,문화체육관광부,1151.0
국어문화진흥,82.0,254.0,316.0,363.0,392.0,417.0,461.0,734.0,761.0,858.0,881.0,1021.0,일반회계,2022,문화체육관광부,1072.0
기초예술역량강화,299.0,535.0,673.0,693.0,1072.0,1082.0,1304.0,1486.0,1513.0,1667.0,1687.0,1692.0,일반회계,2022,문화체육관광부,1713.0
문화예술교육지원,292.0,772.0,834.0,996.0,997.0,1023.0,1151.0,1189.0,1208.0,1241.0,1241.0,1251.0,일반회계,2022,문화체육관광부,1254.0
문화예술단체지원,187.0,419.0,449.0,455.0,523.0,685.0,816.0,896.0,896.0,913.0,913.0,913.0,일반회계,2022,문화체육관광부,913.0
문화콘텐츠산업 기술지원,0.0,882.0,883.0,883.0,893.0,893.0,893.0,893.0,893.0,893.0,893.0,893.0,일반회계,2022,문화체육관광부,893.0
문화콘텐츠산업 육성,338.0,1334.0,1915.0,2062.0,2342.0,2629.0,2879.0,3158.0,3287.0,3387.0,3462.0,3541.0,일반회계,2022,문화체육관광부,3562.0
문화콘텐츠산업 진흥 환경 조성,58.0,456.0,730.0,1431.0,2119.0,2119.0,2232.0,2328.0,2356.0,2378.0,2378.0,2378.0,일반회계,2022,문화체육관광부,2379.0
방송영상콘텐츠 및 광고산업 활성화,154.0,545.0,555.0,565.0,570.0,573.0,648.0,701.0,714.0,727.0,729.0,730.0,일반회계,2022,문화체육관광부,731.0
시각예술 진흥기반 구축,61.0,144.0,156.0,177.0,240.0,272.0,294.0,313.0,317.0,358.0,371.0,385.0,일반회계,2022,문화체육관광부,522.0
저작권 인식제고 및 보호활동 강화,157.0,288.0,306.0,404.0,536.0,560.0,603.0,640.0,656.0,664.0,684.0,683.0,일반회계,2022,문화체육관광부,685.0
전통문화 진흥,15.0,173.0,362.0,366.0,370.0,382.0,398.0,501.0,506.0,517.0,500.0,524.0,일반회계,2022,문화체육관광부,539.0
종교문화활동 및 보존지원,14.0,36.0,248.0,326.0,355.0,373.0,398.0,415.0,454.0,483.0,501.0,555.0,일반회계,2022,문화체육관광부,603.0
지역문화 진흥,132.0,137.0,170.0,232.0,333.0,338.0,350.0,436.0,464.0,480.0,495.0,495.0,일반회계,2022,문화체육관광부,713.0
해외문화홍보원 운영,83.0,441.0,507.0,544.0,580.0,672.0,718.0,762.0,804.0,811.0,815.0,923.0,일반회계,2022,문화체육관광부,1053.0
고부가가치 관광산업육성,0.0,0.0,316.0,457.0,470.0,502.0,562.0,633.0,642.0,655.0,690.0,696.0,관광진흥개발기금,2022,문화체육관광부,713.0
관광사업체 융자지원,42.0,326.0,846.0,1158.0,1532.0,2297.0,2420.0,2666.0,3210.0,3538.0,4025.0,4826.0,관광진흥개발기금,2022,문화체육관광부,5590.0
관광산업 활성화 지원,4.0,451.0,481.0,484.0,541.0,559.0,1112.0,1191.0,1196.0,1212.0,1216.0,1282.0,관광진흥개발기금,2022,문화체육관광부,1338.0
관광인프라 조성,167.0,257.0,284.0,349.0,493.0,500.0,578.0,590.0,681.0,819.0,865.0,866.0,관광진흥개발기금,2022,문화체육관광부,872.0
관광자원활성화,0.0,0.0,10.0,10.0,139.0,159.0,241.0,241.0,244.0,279.0,360.0,441.0,관광진흥개발기금,2022,문화체육관광부,508.0
국내관광육성지원,191.0,575.0,778.0,1161.0,1183.0,1189.0,1359.0,1423.0,1436.0,1494.0,1524.0,1526.0,관광진흥개발기금,2022,문화체육관광부,1133.0
해외관광객유치활동사업,548.0,737.0,982.0,1018.0,1040.0,1318.0,1401.0,1433.0,1814.0,1900.0,1910.0,1911.0,관광진흥개발기금,2022,문화체육관광부,1910.0
국제스포츠 교류 활성화,142.0,217.0,380.0,486.0,559.0,629.0,729.0,761.0,789.0,832.0,837.0,865.0,국민체육진흥기금,2022,문화체육관광부,887.0
기금조성 기반시설 지원,115.0,229.0,510.0,686.0,689.0,1398.0,1470.0,1506.0,1661.0,1825.0,1840.0,1928.0,국민체육진흥기금,2022,문화체육관광부,1937.0
생활체육 활성화,594.0,1078.0,1778.0,2082.0,2162.0,2552.0,2859.0,3114.0,3389.0,3409.0,3438.0,3459.0,국민체육진흥기금,2022,문화체육관광부,3514.0
생활체육시설 지원,0.0,547.0,1233.0,1558.0,2104.0,2185.0,2422.0,2484.0,2540.0,2624.0,2677.0,2731.0,국민체육진흥기금,2022,문화체육관광부,2758.0
스포츠산업 활성화,26.0,497.0,773.0,1195.0,1641.0,1830.0,2052.0,2523.0,2608.0,2629.0,3116.0,3159.0,국민체육진흥기금,2022,문화체육관광부,2731.0
장애인체육 육성,110.0,172.0,497.0,656.0,722.0,812.0,817.0,817.0,854.0,889.0,890.0,897.0,국민체육진흥기금,2022,문화체육관광부,899.0
전문체육 육성,733.0,1784.0,2452.0,2511.0,2714.0,2720.0,3179.0,3198.0,3238.0,3285.0,3403.0,3450.0,국민체육진흥기금,2022,문화체육관광부,3470.0
예술창작역량강화,8.0,86.0,280.0,418.0,489.0,623.0,690.0,746.0,863.0,915.0,982.0,1043.0,문화예술진흥기금,2022,문화체육관광부,1019.0
예술향유기회 확대,0.0,601.0,621.0,913.0,1333.0,1583.0,1620.0,1841.0,2010.0,2206.0,2493.0,2532.0,문화예술진흥기금,2022,문화체육관광부,2351.0
영화산업 육성 및 지원,19.0,53.0,439.0,521.0,604.0,641.0,667.0,693.0,728.0,782.0,823.0,869.0,영화발전기금,2022,문화체육관광부,933.0
국방과학연구소,95.0,291.0,562.0,632.0,1480.0,2328.0,2434.0,2541.0,2648.0,2804.0,2959.0,6192.0,일반회계,2022,방위사업청,3114.0
국방기술개발,2384.0,2732.0,5304.0,7729.0,10784.0,13773.0,14603.0,15613.0,16223.0,18220.0,19938.0,42716.0,일반회계,2022,방위사업청,21360.0
국방기술품질원,47.0,73.0,101.0,167.0,238.0,385.0,439.0,497.0,560.0,619.0,741.0,1868.0,일반회계,2022,방위사업청,935.0
기동화력 양산/구매,407.0,1379.0,6487.0,8137.0,9239.0,14121.0,14711.0,15366.0,17750.0,19246.0,20914.0,60699.0,일반회계,2022,방위사업청,31092.0
방위산업육성지원,1.0,2.0,364.0,389.0,430.0,803.0,817.0,823.0,1071.0,1073.0,1073.0,2317.0,일반회계,2022,방위사업청,1140.0
유도무기 양산/구매,234.0,322.0,1881.0,2297.0,2727.0,5516.0,5828.0,6170.0,6736.0,7457.0,8011.0,27305.0,일반회계,2022,방위사업청,14220.0
유도무기 연구개발,30.0,75.0,1541.0,1930.0,2020.0,3196.0,3250.0,3280.0,3380.0,3802.0,4196.0,10076.0,일반회계,2022,방위사업청,4837.0
지휘정찰 양산/구매,75.0,486.0,1170.0,2641.0,3296.0,6900.0,7451.0,7708.0,8809.0,9573.0,10049.0,31292.0,일반회계,2022,방위사업청,16806.0
지휘정찰 연구개발,450.0,690.0,1785.0,2342.0,2491.0,5488.0,5490.0,5541.0,5698.0,5896.0,5952.0,13154.0,일반회계,2022,방위사업청,6661.0
함정 양산/구매,52.0,422.0,1748.0,2119.0,3983.0,7070.0,10075.0,10452.0,10650.0,11216.0,11807.0,39741.0,일반회계,2022,방위사업청,21144.0
함정 연구개발,74.0,74.0,81.0,317.0,951.0,1138.0,1142.0,1147.0,1157.0,1181.0,1588.0,3255.0,일반회계,2022,방위사업청,1629.0
항공기 양산/구매,97.0,120.0,1866.0,2022.0,2258.0,5876.0,5911.0,5954.0,6564.0,6632.0,6885.0,19305.0,일반회계,2022,방위사업청,9652.0
항공기 연구개발,72.0,72.0,2380.0,2932.0,2963.0,3284.0,3285.0,3297.0,3301.0,3487.0,3487.0,12759.0,일반회계,2022,방위사업청,6666.0
획득지원,30.0,33.0,54.0,87.0,207.0,310.0,450.0,530.0,612.0,694.0,807.0,3376.0,일반회계,2022,방위사업청,2433.0
검찰운영,9.0,21.0,55.0,105.0,160.0,226.0,265.0,297.0,351.0,390.0,449.0,573.0,일반회계,2022,법무부,583.0
교도소운영,63.0,88.0,138.0,246.0,321.0,438.0,556.0,672.0,798.0,917.0,1053.0,1399.0,일반회계,2022,법무부,1452.0
법률구조,225.0,225.0,225.0,450.0,450.0,450.0,538.0,538.0,538.0,625.0,626.0,626.0,일반회계,2022,법무부,626.0
재소자수용및교화,81.0,188.0,339.0,460.0,579.0,677.0,800.0,918.0,1025.0,1139.0,1266.0,1430.0,일반회계,2022,법무부,1337.0
형사사법공통시스템 운영,0.0,1.0,3.0,3.0,3.0,3.0,3.0,11.0,136.0,638.0,638.0,736.0,일반회계,2022,법무부,754.0
지역자율형 사회서비스 투자사업,273.0,529.0,679.0,1034.0,1407.0,1754.0,1823.0,1865.0,1912.0,2023.0,2100.0,2100.0,국가균형발전특별회계,2022,보건복지부,2100.0
첨단의료복합단지조성,36.0,136.0,268.0,348.0,479.0,601.0,642.0,667.0,695.0,721.0,773.0,827.0,국가균형발전특별회계,2022,보건복지부,828.0
가정양육수당 지원사업,762.0,1474.0,2134.0,2795.0,3456.0,4065.0,4294.0,4447.0,4566.0,4719.0,4812.0,4812.0,일반회계,2022,보건복지부,4829.0
공공보건의료지원,695.0,848.0,2599.0,2729.0,4130.0,4195.0,4278.0,4281.0,4415.0,3574.0,4155.0,4041.0,일반회계,2022,보건복지부,2815.0
국립암센터운영,274.0,293.0,293.0,517.0,517.0,517.0,600.0,600.0,600.0,660.0,660.0,660.0,일반회계,2022,보건복지부,660.0
긴급복지,431.0,646.0,862.0,1293.0,1509.0,1725.0,1777.0,1777.0,1777.0,1936.0,2036.0,2036.0,일반회계,2022,보건복지부,2156.0
노인관련기관지원,540.0,540.0,540.0,696.0,699.0,700.0,742.0,742.0,743.0,897.0,898.0,899.0,일반회계,2022,보건복지부,861.0
노인돌봄서비스,718.0,1076.0,2144.0,2151.0,2151.0,3221.0,3228.0,3305.0,4343.0,4343.0,4351.0,4353.0,일반회계,2022,보건복지부,4354.0
노인요양시설확충,1.0,6.0,7.0,502.0,503.0,554.0,554.0,554.0,556.0,589.0,589.0,589.0,일반회계,2022,보건복지부,625.0
노인일자리지원,5294.0,5294.0,5316.0,9749.0,10739.0,10739.0,13783.0,14357.0,14376.0,14379.0,14380.0,14380.0,일반회계,2022,보건복지부,14422.0
방과후 돌봄 지원,934.0,935.0,935.0,1549.0,1671.0,1671.0,1868.0,1873.0,2002.0,2349.0,2350.0,2350.0,일반회계,2022,보건복지부,2456.0
보건산업진흥,168.0,443.0,876.0,879.0,935.0,964.0,1029.0,1070.0,1660.0,1660.0,1676.0,1722.0,일반회계,2022,보건복지부,1731.0
보건의료연구개발,3001.0,4519.0,4519.0,4882.0,5118.0,5138.0,5347.0,5409.0,5436.0,5436.0,4578.0,4586.0,일반회계,2022,보건복지부,5504.0
사회보장시스템 및 사회보장 정보원 운영,260.0,384.0,387.0,688.0,720.0,721.0,752.0,872.0,873.0,875.0,878.0,896.0,일반회계,2022,보건복지부,1023.0
사회복지전달체계,724.0,867.0,875.0,1347.0,1387.0,1456.0,1661.0,1742.0,1742.0,1939.0,1941.0,1964.0,일반회계,2022,보건복지부,2031.0
아동발달지원계좌 지원,132.0,202.0,208.0,208.0,208.0,416.0,416.0,485.0,485.0,485.0,485.0,554.0,일반회계,2022,보건복지부,554.0
아동보호 및 권리보장,90.0,140.0,196.0,306.0,366.0,404.0,484.0,495.0,504.0,587.0,596.0,605.0,일반회계,2022,보건복지부,624.0
어린이집 지원,3723.0,3916.0,6662.0,6665.0,9402.0,9402.0,12243.0,12243.0,14565.0,14565.0,16869.0,17066.0,일반회계,2022,보건복지부,16887.0
어린이집 확충 및 환경개선,0.0,200.0,239.0,291.0,324.0,324.0,332.0,332.0,409.0,445.0,498.0,534.0,일반회계,2022,보건복지부,648.0
영아수당 지원,70.0,837.0,1567.0,2052.0,2537.0,2985.0,3136.0,3136.0,3136.0,3136.0,3320.0,3418.0,일반회계,2022,보건복지부,3487.0
자활지원,2671.0,2994.0,2994.0,6548.0,6548.0,6550.0,7319.0,7324.0,7324.0,8187.0,8209.0,8210.0,일반회계,2022,보건복지부,8211.0
장애인복지시설지원,1166.0,3521.0,3613.0,3684.0,3764.0,5204.0,5224.0,5232.0,5668.0,6535.0,6562.0,6567.0,일반회계,2022,보건복지부,6578.0
장애인선택적복지,1275.0,1798.0,1799.0,2408.0,2408.0,3164.0,3391.0,3406.0,3408.0,3413.0,3413.0,3418.0,일반회계,2022,보건복지부,3600.0
장애인소득보장,592.0,592.0,592.0,940.0,940.0,1091.0,1176.0,1176.0,1176.0,1283.0,1286.0,1286.0,일반회계,2022,보건복지부,1323.0
장애인일자리지원,741.0,741.0,741.0,1482.0,1483.0,1483.0,1668.0,1668.0,1668.0,1853.0,1853.0,1853.0,일반회계,2022,보건복지부,1853.0
저출산대응인구정책,1681.0,1682.0,1690.0,3088.0,3142.0,3237.0,3237.0,3238.0,3373.0,3563.0,3735.0,3736.0,일반회계,2022,보건복지부,3959.0
정신보건시설기능보강,152.0,650.0,655.0,700.0,793.0,1052.0,1066.0,1116.0,1124.0,1366.0,1388.0,1419.0,일반회계,2022,보건복지부,1604.0
지방의료원 등 육성,19.0,397.0,792.0,972.0,1086.0,1166.0,1262.0,1402.0,1414.0,1427.0,1521.0,1617.0,일반회계,2022,보건복지부,1666.0
국가암관리사업지원,0.0,208.0,286.0,476.0,571.0,575.0,575.0,575.0,575.0,576.0,577.0,579.0,국민건강증진기금,2022,보건복지부,583.0
국립중앙의료원 지원,66.0,66.0,66.0,2233.0,2234.0,2234.0,2263.0,2263.0,2263.0,2291.0,2291.0,2350.0,국민건강증진기금,2022,보건복지부,2378.0
금연사업,36.0,561.0,577.0,633.0,633.0,944.0,965.0,1025.0,1051.0,1057.0,1074.0,1164.0,국민건강증진기금,2022,보건복지부,1164.0
보건소건강증진,94.0,178.0,182.0,343.0,363.0,365.0,526.0,544.0,545.0,719.0,721.0,724.0,국민건강증진기금,2022,보건복지부,725.0
보건의료연구개발,458.0,458.0,458.0,480.0,480.0,480.0,488.0,488.0,488.0,488.0,488.0,488.0,국민건강증진기금,2022,보건복지부,519.0
예방접종관리,47.0,776.0,1131.0,1148.0,2594.0,2596.0,2601.0,3345.0,3346.0,3350.0,3717.0,3734.0,국민건강증진기금,2022,보건복지부,3741.0
정신건강증진사업,955.0,967.0,967.0,1041.0,1071.0,1085.0,1235.0,1465.0,1502.0,1505.0,1506.0,1508.0,국민건강증진기금,2022,보건복지부,1510.0
치매관리사업지원,161.0,506.0,773.0,773.0,1117.0,1120.0,1713.0,1730.0,1794.0,2065.0,2066.0,2074.0,국민건강증진기금,2022,보건복지부,2076.0
응급의료기관 지원,1.0,48.0,396.0,430.0,608.0,653.0,672.0,1060.0,1154.0,1248.0,1342.0,1352.0,응급의료기금,2022,보건복지부,1406.0
"산림휴양녹색공간조성(균특,자율)",0.0,176.0,220.0,288.0,325.0,457.0,457.0,475.0,475.0,494.0,645.0,661.0,국가균형발전특별회계,2022,산림청,663.0
"임도시설(균특,자율)",0.0,125.0,148.0,240.0,436.0,516.0,570.0,594.0,596.0,653.0,727.0,727.0,국가균형발전특별회계,2022,산림청,727.0
"임도시설(균특,지원)",0.0,8.0,400.0,510.0,602.0,682.0,693.0,711.0,738.0,808.0,937.0,1321.0,국가균형발전특별회계,2022,산림청,1342.0
목재 및 임산물활용(농특),0.0,37.0,174.0,303.0,384.0,423.0,537.0,596.0,620.0,635.0,641.0,661.0,농어촌구조개선특별회계,2022,산림청,664.0
산림병해충 예방 및 대응(농특),250.0,652.0,720.0,759.0,798.0,845.0,850.0,854.0,855.0,856.0,858.0,929.0,농어촌구조개선특별회계,2022,산림청,894.0
산림자원 육성·관리(농특),13.0,827.0,1700.0,2352.0,2749.0,3033.0,3039.0,3077.0,3139.0,3224.0,3274.0,3401.0,농어촌구조개선특별회계,2022,산림청,3482.0
임업정책자금 지원(농특),0.0,1.0,18.0,123.0,208.0,300.0,369.0,402.0,452.0,552.0,988.0,1021.0,농어촌구조개선특별회계,2022,산림청,1030.0
산림복지서비스 기반 조성(일반),0.0,55.0,57.0,186.0,253.0,478.0,481.0,492.0,496.0,522.0,534.0,608.0,일반회계,2022,산림청,682.0
산림복지서비스 제공·운영,198.0,216.0,366.0,404.0,429.0,453.0,471.0,477.0,493.0,506.0,525.0,640.0,일반회계,2022,산림청,724.0
산림재해대응(일반),53.0,387.0,449.0,648.0,783.0,810.0,817.0,826.0,831.0,832.0,838.0,953.0,일반회계,2022,산림청,1180.0
산림헬기(일반),25.0,30.0,36.0,45.0,54.0,120.0,123.0,137.0,183.0,188.0,230.0,588.0,일반회계,2022,산림청,682.0
산사태 예방 및 대응(일반),500.0,995.0,2042.0,2059.0,2085.0,2256.0,2268.0,2297.0,2304.0,2312.0,2329.0,2385.0,일반회계,2022,산림청,2395.0
한국수목원관리원 지원(일반),60.0,102.0,223.0,223.0,268.0,268.0,336.0,336.0,434.0,503.0,531.0,531.0,일반회계,2022,산림청,529.0
경제자유구역지원,0.0,59.0,225.0,250.0,300.0,314.0,463.0,468.0,505.0,564.0,564.0,565.0,국가균형발전특별회계,2022,산업통상자원부,582.0
외국인투자유치활성화,12.0,111.0,199.0,417.0,419.0,491.0,664.0,689.0,689.0,955.0,1035.0,1525.0,국가균형발전특별회계,2022,산업통상자원부,1525.0
지역산업거점기관지원,0.0,541.0,1158.0,1158.0,1811.0,2020.0,2159.0,2162.0,2220.0,2220.0,2220.0,2220.0,국가균형발전특별회계,2022,산업통상자원부,2220.0
지역산업경쟁력강화,147.0,277.0,1243.0,1410.0,1970.0,2270.0,2317.0,2390.0,2421.0,2448.0,2448.0,2457.0,국가균형발전특별회계,2022,산업통상자원부,2467.0
지역투자유치활성화,0.0,53.0,71.0,584.0,646.0,1024.0,1193.0,1193.0,1343.0,1625.0,1681.0,1725.0,국가균형발전특별회계,2022,산업통상자원부,1735.0
소재부품장비기반구축,324.0,908.0,999.0,1488.0,2005.0,2196.0,2270.0,2270.0,2270.0,2270.0,2270.0,2270.0,소재부품장비경쟁력강화특별회계,2022,산업통상자원부,2270.0
소재부품장비기술개발,0.0,3165.0,11140.0,11340.0,12640.0,13273.0,13367.0,13522.0,13626.0,13626.0,13626.0,13626.0,소재부품장비경쟁력강화특별회계,2022,산업통상자원부,13626.0
가스안전관리,111.0,225.0,271.0,449.0,520.0,673.0,755.0,760.0,808.0,885.0,898.0,922.0,에너지및자원사업특별회계,2022,산업통상자원부,926.0
광물자원개발융자,0.0,0.0,0.0,0.0,0.0,0.0,0.0,0.0,0.0,553.0,553.0,902.0,에너지및자원사업특별회계,2022,산업통상자원부,631.0
광해광업공단,159.0,348.0,501.0,737.0,948.0,1164.0,1193.0,1193.0,1293.0,1401.0,1549.0,1676.0,에너지및자원사업특별회계,2022,산업통상자원부,1676.0
기반구축,45.0,192.0,420.0,465.0,628.0,726.0,748.0,769.0,789.0,790.0,791.0,791.0,에너지및자원사업특별회계,2022,산업통상자원부,791.0
석유안정공급,36.0,74.0,147.0,253.0,278.0,434.0,450.0,450.0,471.0,484.0,515.0,563.0,에너지및자원사업특별회계,2022,산업통상자원부,563.0
에너지복지지원,0.0,10.0,10.0,10.0,64.0,90.0,180.0,698.0,1063.0,1353.0,1389.0,1389.0,에너지및자원사업특별회계,2022,산업통상자원부,1389.0
에너지수요기술,442.0,1001.0,1523.0,1860.0,1917.0,1998.0,2475.0,2596.0,2707.0,2931.0,2931.0,2931.0,에너지및자원사업특별회계,2022,산업통상자원부,2931.0
에너지이용합리화,22.0,262.0,1571.0,1619.0,2195.0,2947.0,2998.0,3054.0,3144.0,3253.0,3436.0,3440.0,에너지및자원사업특별회계,2022,산업통상자원부,3449.0
국가표준혁신및국제협력,33.0,112.0,446.0,840.0,1016.0,1022.0,1053.0,1059.0,1064.0,1076.0,1078.0,1098.0,일반회계,2022,산업통상자원부,1110.0
기업입지환경개선,0.0,1321.0,2027.0,3562.0,3703.0,3807.0,3807.0,3807.0,3864.0,3998.0,4066.0,4083.0,일반회계,2022,산업통상자원부,4083.0
로봇산업진흥,0.0,208.0,417.0,417.0,542.0,625.0,625.0,625.0,625.0,625.0,625.0,625.0,일반회계,2022,산업통상자원부,625.0
바이오산업육성,65.0,108.0,183.0,215.0,356.0,391.0,411.0,411.0,457.0,611.0,611.0,611.0,일반회계,2022,산업통상자원부,611.0
바이오헬스기술개발,567.0,567.0,1519.0,1800.0,2551.0,2551.0,2616.0,2616.0,2665.0,2665.0,2665.0,2665.0,일반회계,2022,산업통상자원부,2665.0
산업기술기반구축,665.0,1097.0,2232.0,2561.0,3026.0,3692.0,3787.0,3853.0,4063.0,4209.0,4394.0,4500.0,일반회계,2022,산업통상자원부,4500.0
수송기기기술개발,749.0,2167.0,3534.0,3845.0,4096.0,4544.0,4709.0,4709.0,4716.0,4716.0,4716.0,4724.0,일반회계,2022,산업통상자원부,4724.0
수출역량강화,596.0,1168.0,1857.0,2538.0,3285.0,3593.0,3793.0,3861.0,4127.0,4406.0,4606.0,4802.0,일반회계,2022,산업통상자원부,4755.0
스마트전자기술개발,746.0,764.0,941.0,1131.0,1484.0,1484.0,1585.0,1609.0,1660.0,1708.0,1708.0,1708.0,일반회계,2022,산업통상자원부,1708.0
우수기술역량강화,84.0,728.0,1058.0,1511.0,1511.0,1609.0,1609.0,1609.0,1610.0,1629.0,1629.0,1629.0,일반회계,2022,산업통상자원부,1629.0
인력양성(일반회계),41.0,112.0,988.0,1207.0,1310.0,1710.0,1767.0,1780.0,1805.0,1805.0,1805.0,1805.0,일반회계,2022,산업통상자원부,1805.0
제조기반기술개발,331.0,873.0,2182.0,2498.0,3154.0,3271.0,3308.0,3317.0,3333.0,3333.0,3333.0,3333.0,일반회계,2022,산업통상자원부,3334.0
중견기업역량강화,0.0,357.0,557.0,687.0,785.0,800.0,804.0,804.0,804.0,805.0,805.0,806.0,일반회계,2022,산업통상자원부,808.0
포항지진 피해구제,0.0,664.0,698.0,698.0,1451.0,1631.0,1641.0,1651.0,1665.0,1682.0,1687.0,1692.0,일반회계,2022,산업통상자원부,708.0
중저준위방사성폐기물관리,153.0,178.0,329.0,398.0,421.0,674.0,674.0,674.0,674.0,674.0,674.0,674.0,방사성폐기물관리기금,2022,산업통상자원부,674.0
기반구축(기금),288.0,288.0,308.0,480.0,567.0,567.0,577.0,588.0,588.0,588.0,588.0,588.0,전력산업기반기금,2022,산업통상자원부,588.0
농어촌전기공급지원(기금),0.0,0.0,405.0,1005.0,1005.0,1005.0,1129.0,1129.0,1129.0,1236.0,1236.0,1859.0,전력산업기반기금,2022,산업통상자원부,1236.0
발전소주변지역지원(기금),17.0,313.0,313.0,321.0,502.0,511.0,511.0,511.0,588.0,597.0,606.0,632.0,전력산업기반기금,2022,산업통상자원부,623.0
에너지신산업,0.0,0.0,30.0,125.0,125.0,403.0,459.0,459.0,619.0,724.0,730.0,830.0,전력산업기반기금,2022,산업통상자원부,830.0
재생에너지지원,0.0,38.0,3846.0,3865.0,5716.0,7625.0,8098.0,8944.0,9408.0,10039.0,10039.0,10069.0,전력산업기반기금,2022,산업통상자원부,10101.0
전기안전관리(기금),10.0,10.0,424.0,424.0,858.0,912.0,912.0,1068.0,1077.0,1213.0,1213.0,1213.0,전력산업기반기금,2022,산업통상자원부,1213.0
전력공급기술,2393.0,2397.0,2488.0,4344.0,4344.0,4222.0,4222.0,4222.0,4222.0,4222.0,4222.0,4222.0,전력산업기반기금,2022,산업통상자원부,4222.0
전력수요관리(기금),0.0,0.0,138.0,217.0,217.0,221.0,710.0,749.0,753.0,753.0,1026.0,1026.0,전력산업기반기금,2022,산업통상자원부,1062.0
전력수요기술,259.0,411.0,429.0,429.0,565.0,629.0,629.0,629.0,863.0,863.0,863.0,863.0,전력산업기반기금,2022,산업통상자원부,863.0
전선로 지중화 지원,0.0,0.0,0.0,328.0,328.0,328.0,328.0,328.0,513.0,510.0,510.0,515.0,전력산업기반기금,2022,산업통상자원부,525.0
새만금개발사업지원,4.0,562.0,688.0,758.0,778.0,1275.0,1282.0,1333.0,1406.0,1447.0,1502.0,1959.0,일반회계,2022,새만금개발청,2033.0
식의약품 안전 연구개발,121.0,698.0,752.0,809.0,884.0,897.0,906.0,913.0,922.0,928.0,934.0,1058.0,일반회계,2022,식품의약품안전처,1092.0
집단급식소 위생강화,241.0,261.0,269.0,448.0,451.0,640.0,642.0,645.0,644.0,645.0,647.0,656.0,일반회계,2022,식품의약품안전처,658.0
가족친화환경조성,34.0,34.0,197.0,272.0,387.0,414.0,440.0,440.0,456.0,476.0,498.0,530.0,국가균형발전특별회계,2022,여성가족부,550.0
아이돌봄지원,568.0,995.0,1296.0,1596.0,1867.0,1983.0,2089.0,2189.0,2302.0,2527.0,2744.0,2795.0,일반회계,2022,여성가족부,2778.0
여성경제활동 촉진지원,71.0,211.0,512.0,512.0,521.0,531.0,571.0,627.0,695.0,728.0,730.0,735.0,일반회계,2022,여성가족부,736.0
가족서비스지원,395.0,395.0,396.0,569.0,670.0,670.0,804.0,892.0,892.0,892.0,992.0,992.0,양성평등기금,2022,여성가족부,996.0
청소년 사회안전망구축,299.0,310.0,312.0,518.0,588.0,644.0,816.0,876.0,876.0,1016.0,1016.0,1018.0,청소년육성기금,2022,여성가족부,1023.0
원자력안전규제기술개발(R&D),249.0,440.0,529.0,586.0,586.0,586.0,587.0,587.0,587.0,587.0,587.0,587.0,일반회계,2022,원자력안전위원회,588.0
규제자유특구제도,111.0,182.0,610.0,736.0,736.0,987.0,1023.0,1066.0,1100.0,1128.0,1150.0,1238.0,국가균형발전특별회계,2022,중소벤처기업부,1238.0
"산학연협력기술개발(균특, R&D)",6.0,231.0,369.0,466.0,491.0,663.0,698.0,748.0,759.0,778.0,797.0,874.0,국가균형발전특별회계,2022,중소벤처기업부,874.0
지역산업경쟁력강화,0.0,520.0,758.0,1069.0,1124.0,1680.0,1930.0,1965.0,2018.0,2036.0,2074.0,2144.0,국가균형발전특별회계,2022,중소벤처기업부,2144.0
창업인프라지원(균특),0.0,26.0,147.0,246.0,253.0,464.0,611.0,619.0,636.0,636.0,653.0,743.0,국가균형발전특별회계,2022,중소벤처기업부,743.0
기술개발지원(R&D),65.0,446.0,801.0,1038.0,1470.0,1514.0,1982.0,2074.0,2116.0,2138.0,2138.0,2138.0,소재부품장비경쟁력강화특별회계,2022,중소벤처기업부,2138.0
모태조합출자,0.0,234.0,344.0,395.0,395.0,576.0,586.0,596.0,599.0,600.0,600.0,600.0,소재부품장비경쟁력강화특별회계,2022,중소벤처기업부,600.0
기술개발지원(R&D),1041.0,3226.0,7921.0,8900.0,10317.0,10759.0,11096.0,11264.0,11551.0,11806.0,11880.0,11880.0,일반회계,2022,중소벤처기업부,11880.0
벤처성장인프라지원,0.0,113.0,467.0,476.0,498.0,498.0,504.0,515.0,537.0,547.0,547.0,547.0,일반회계,2022,중소벤처기업부,547.0
중소기업경쟁력강화,522.0,654.0,886.0,1635.0,1676.0,2048.0,2832.0,3085.0,3473.0,3683.0,3753.0,3757.0,일반회계,2022,중소벤처기업부,3757.0
중소기업수출역량강화,0.0,225.0,644.0,698.0,767.0,767.0,891.0,939.0,1016.0,1060.0,1074.0,1074.0,일반회계,2022,중소벤처기업부,1075.0
중소기업인력양성및취업촉진,4.0,799.0,1266.0,1651.0,2149.0,2433.0,2657.0,2827.0,3103.0,3260.0,3314.0,3316.0,일반회계,2022,중소벤처기업부,3316.0
중소기업판로및컨설팅지원,0.0,0.0,383.0,492.0,527.0,528.0,753.0,796.0,890.0,956.0,958.0,960.0,일반회계,2022,중소벤처기업부,961.0
중소기업해외시장개척지원,0.0,173.0,380.0,392.0,535.0,593.0,717.0,744.0,744.0,776.0,881.0,891.0,일반회계,2022,중소벤처기업부,892.0
창업생태계기반조성,56.0,201.0,252.0,433.0,669.0,749.0,860.0,907.0,987.0,1031.0,1046.0,1046.0,일반회계,2022,중소벤처기업부,1046.0
창업활성화지원,602.0,1485.0,2930.0,3561.0,4445.0,4814.0,5244.0,5454.0,5795.0,6006.0,6052.0,6052.0,일반회계,2022,중소벤처기업부,6052.0
소상공인지원(기금),13039.0,13983.0,17040.0,26895.0,26913.0,26995.0,27126.0,27723.0,27738.0,27848.0,27872.0,27863.0,소상공인시장진흥기금,2022,중소벤처기업부,4374.0
소상공인지원융자(기금),4264.0,11170.0,14713.0,18205.0,23080.0,26316.0,28747.0,31074.0,32145.0,32727.0,32927.0,33082.0,소상공인시장진흥기금,2022,중소벤처기업부,42000.0
전통시장활성화지원(기금),143.0,219.0,2987.0,3054.0,3056.0,3057.0,3057.0,3225.0,3299.0,4269.0,4293.0,4293.0,소상공인시장진흥기금,2022,중소벤처기업부,4302.0
지역신용보증재단지원(기금),1595.0,1595.0,1595.0,1595.0,1595.0,1595.0,1595.0,1595.0,1595.0,1595.0,1595.0,1595.0,소상공인시장진흥기금,2022,중소벤처기업부,1595.0
지역신용보증지원(기금),4904.0,4904.0,4904.0,4904.0,4904.0,4904.0,4904.0,4904.0,4904.0,4904.0,4904.0,4904.0,소상공인시장진흥기금,2022,중소벤처기업부,4904.0
모태조합출자(기금),4600.0,4600.0,4600.0,4600.0,4600.0,4600.0,4600.0,4600.0,4600.0,4600.0,4600.0,4600.0,중소벤처기업창업및진흥기금,2022,중소벤처기업부,4600.0
성장안정자금(기금),1903.0,4429.0,8503.0,10796.0,12716.0,15128.0,16170.0,17893.0,21035.0,23130.0,26000.0,26000.0,중소벤처기업창업및진흥기금,2022,중소벤처기업부,22200.0
재도약지원(기금),86.0,323.0,765.0,1233.0,1667.0,2114.0,2385.0,2693.0,3233.0,3688.0,4262.0,4295.0,중소벤처기업창업및진흥기금,2022,중소벤처기업부,4294.0
창업기업지원융자(기금),1361.0,4831.0,9452.0,12230.0,14844.0,17707.0,18674.0,19962.0,21576.0,22608.0,23828.0,23869.0,중소벤처기업창업및진흥기금,2022,중소벤처기업부,23874.0
투융자복합금융지원(기금),3.0,18.0,48.0,88.0,203.0,734.0,734.0,770.0,1035.0,1058.0,1200.0,1200.0,중소벤처기업창업및진흥기금,2022,중소벤처기업부,1200.0
감염병관리,0.0,804.0,804.0,804.0,804.0,804.0,811.0,811.0,811.0,811.0,835.0,1070.0,일반회계,2022,질병관리청,1471.0
감염병예방관리,113.0,355.0,844.0,1506.0,3018.0,4078.0,4121.0,4155.0,4290.0,5363.0,5523.0,5591.0,일반회계,2022,질병관리청,3908.0
국가 보건의료연구 인프라 구축,79.0,135.0,189.0,220.0,247.0,288.0,327.0,356.0,416.0,440.0,465.0,557.0,일반회계,2022,질병관리청,647.0
신종감염병 예방접종관리,2574.0,4933.0,7728.0,9114.0,9122.0,10455.0,18166.0,18210.0,18216.0,18987.0,19068.0,23833.0,일반회계,2022,질병관리청,32321.0
위기대응관리,3510.0,5456.0,9012.0,13588.0,14964.0,15049.0,16670.0,16737.0,16759.0,16825.0,16906.0,17155.0,일반회계,2022,질병관리청,16233.0
R&D 효율성제고를위한 특허정보 활용강화,0.0,19.0,393.0,449.0,449.0,478.0,478.0,478.0,478.0,478.0,478.0,601.0,특허청,2022,특허청,602.0
심사·심판처리 지원,2.0,420.0,440.0,567.0,609.0,628.0,660.0,683.0,702.0,738.0,757.0,840.0,특허청,2022,특허청,841.0
지식재산 활용촉진,263.0,307.0,353.0,353.0,442.0,442.0,532.0,532.0,532.0,532.0,532.0,539.0,특허청,2022,특허청,539.0
구조안전인프라,13.0,30.0,47.0,70.0,110.0,263.0,270.0,281.0,304.0,312.0,327.0,487.0,일반회계,2022,해양경찰청,510.0
장비도입,8.0,327.0,514.0,631.0,1479.0,1553.0,1613.0,1614.0,1615.0,1653.0,1679.0,1994.0,일반회계,2022,해양경찰청,1943.0
정비지원,42.0,57.0,90.0,108.0,136.0,207.0,463.0,481.0,567.0,590.0,619.0,849.0,일반회계,2022,해양경찰청,1012.0
광양항 개발,21.0,193.0,398.0,421.0,425.0,713.0,716.0,722.0,779.0,785.0,855.0,1088.0,교통시설특별회계,2022,해양수산부,1098.0
그린포트 구축,485.0,563.0,691.0,808.0,826.0,936.0,958.0,893.0,1017.0,1033.0,1131.0,1326.0,교통시설특별회계,2022,해양수산부,1497.0
부산항 신항만 개발,436.0,469.0,654.0,681.0,796.0,907.0,908.0,917.0,917.0,924.0,929.0,1033.0,교통시설특별회계,2022,해양수산부,1113.0
새만금신항 개발,25.0,73.0,480.0,485.0,507.0,661.0,664.0,664.0,755.0,770.0,820.0,1045.0,교통시설특별회계,2022,해양수산부,1043.0
울산신항 개발,111.0,359.0,962.0,1022.0,1083.0,1280.0,1286.0,1321.0,1386.0,1418.0,1443.0,1675.0,교통시설특별회계,2022,해양수산부,1697.0
인천신항 개발,0.0,49.0,311.0,311.0,311.0,342.0,342.0,342.0,388.0,395.0,404.0,619.0,교통시설특별회계,2022,해양수산부,534.0
일반항 건설,44.0,95.0,311.0,344.0,406.0,579.0,582.0,597.0,660.0,682.0,716.0,978.0,교통시설특별회계,2022,해양수산부,1317.0
주요항 건설,33.0,134.0,222.0,245.0,330.0,547.0,551.0,574.0,616.0,661.0,686.0,869.0,교통시설특별회계,2022,해양수산부,965.0
평택당진항 개발,61.0,203.0,219.0,233.0,271.0,321.0,330.0,336.0,364.0,375.0,394.0,535.0,교통시설특별회계,2022,해양수산부,553.0
항로표지시설 확충 및 안전관리,91.0,107.0,258.0,270.0,328.0,415.0,428.0,441.0,456.0,474.0,501.0,558.0,교통시설특별회계,2022,해양수산부,568.0
항만 재개발,88.0,244.0,408.0,416.0,435.0,481.0,493.0,502.0,525.0,545.0,557.0,636.0,교통시설특별회계,2022,해양수산부,806.0
항만시설유지보수(교특),139.0,280.0,354.0,427.0,490.0,695.0,711.0,779.0,829.0,856.0,943.0,1220.0,교통시설특별회계,2022,해양수산부,1366.0
해양 및 수자원 관리,34.0,123.0,376.0,376.0,476.0,531.0,532.0,537.0,537.0,537.0,537.0,537.0,국가균형발전특별회계,2022,해양수산부,537.0
수산연구개발,26.0,209.0,509.0,578.0,578.0,578.0,591.0,591.0,591.0,591.0,591.0,591.0,농어촌구조개선특별회계,2022,해양수산부,591.0
수산자원조성,93.0,401.0,594.0,595.0,660.0,739.0,748.0,750.0,792.0,821.0,822.0,897.0,농어촌구조개선특별회계,2022,해양수산부,928.0
어가소득보전,0.0,2.0,123.0,123.0,269.0,300.0,300.0,364.0,406.0,408.0,462.0,481.0,농어촌구조개선특별회계,2022,해양수산부,577.0
어항기반시설조성(농특),685.0,1702.0,2432.0,2583.0,2736.0,5246.0,5345.0,5498.0,5766.0,7104.0,7195.0,7801.0,농어촌구조개선특별회계,2022,해양수산부,8387.0
연근해어업구조조정,0.0,122.0,125.0,125.0,127.0,688.0,766.0,921.0,922.0,1145.0,1211.0,1212.0,농어촌구조개선특별회계,2022,해양수산부,1214.0
재해대책,200.0,367.0,551.0,789.0,876.0,1064.0,1118.0,1408.0,1408.0,1409.0,1409.0,1442.0,농어촌구조개선특별회계,2022,해양수산부,1478.0
친환경양식육성(농특),0.0,46.0,575.0,687.0,915.0,992.0,1002.0,1014.0,1053.0,1077.0,1082.0,1142.0,농어촌구조개선특별회계,2022,해양수산부,1206.0
어업안전지도강화,57.0,267.0,310.0,601.0,715.0,1223.0,1339.0,1361.0,1503.0,1588.0,1606.0,1769.0,일반회계,2022,해양수산부,2068.0
연안환경관리(일반),45.0,112.0,225.0,240.0,290.0,328.0,333.0,344.0,380.0,417.0,443.0,537.0,일반회계,2022,해양수산부,624.0
한국해양과학기술원 운영지원,71.0,316.0,612.0,612.0,1095.0,1250.0,1343.0,1362.0,1427.0,1427.0,1528.0,1528.0,일반회계,2022,해양수산부,1528.0
해양문화활성화,256.0,269.0,333.0,418.0,450.0,491.0,513.0,527.0,584.0,619.0,647.0,751.0,일반회계,2022,해양수산부,884.0
해양수산산업진흥(R&D),215.0,396.0,545.0,545.0,642.0,642.0,642.0,642.0,642.0,642.0,642.0,642.0,일반회계,2022,해양수산부,642.0
해양안전관리시스템 구축.운영(일반),203.0,231.0,306.0,323.0,397.0,608.0,612.0,709.0,711.0,744.0,746.0,776.0,일반회계,2022,해양수산부,824.0
해양지형조사 및 정보제공,48.0,61.0,324.0,439.0,493.0,528.0,532.0,569.0,591.0,592.0,613.0,767.0,일반회계,2022,해양수산부,844.0
해운물류지원,0.0,51.0,105.0,127.0,203.0,226.0,231.0,281.0,386.0,721.0,734.0,824.0,일반회계,2022,해양수산부,889.0
해운인력양성 지원,57.0,143.0,430.0,434.0,438.0,451.0,455.0,460.0,469.0,470.0,470.0,472.0,일반회계,2022,해양수산부,545.0
수산물가격안정(기금·융자),0.0,0.0,82.0,201.0,246.0,442.0,439.0,474.0,498.0,533.0,589.0,659.0,수산발전기금,2022,해양수산부,659.0
수산물유통자금지원(기금),40.0,40.0,631.0,723.0,735.0,951.0,928.0,933.0,983.0,1025.0,1078.0,1187.0,수산발전기금,2022,해양수산부,1187.0
품목별경쟁력강화,0.0,0.0,192.0,449.0,582.0,772.0,893.0,1046.0,1103.0,1103.0,1221.0,1322.0,수산발전기금,2022,해양수산부,1324.0
접경권발전지원,59.0,179.0,229.0,229.0,313.0,398.0,413.0,444.0,457.0,554.0,554.0,555.0,국가균형발전특별회계,2022,행정안전부,555.0
지역경제지원,0.0,2000.0,3500.0,5000.0,5000.0,5000.0,5002.0,5002.0,5002.0,5002.0,5955.0,5955.0,국가균형발전특별회계,2022,행정안전부,6053.0
지역교통안전환경개선,0.0,3.0,506.0,935.0,1116.0,1282.0,1392.0,1475.0,1541.0,1894.0,1896.0,1896.0,국가균형발전특별회계,2022,행정안전부,1896.0
특수상황지역개발,141.0,402.0,686.0,865.0,921.0,1235.0,1266.0,1313.0,1373.0,1539.0,1876.0,2206.0,국가균형발전특별회계,2022,행정안전부,2206.0
공공데이터개방및이용활성화지원(정보화),0.0,449.0,549.0,1102.0,1149.0,1164.0,1191.0,1306.0,1306.0,1326.0,1449.0,1495.0,일반회계,2022,행정안전부,1497.0
국가정보관리원대구센터신축,0.0,65.0,304.0,321.0,338.0,408.0,417.0,417.0,417.0,417.0,417.0,417.0,일반회계,2022,행정안전부,944.0
국가정보자원관리원운영(정보화),24.0,25.0,29.0,1640.0,1650.0,1669.0,1742.0,1922.0,2328.0,2405.0,2408.0,2922.0,일반회계,2022,행정안전부,2960.0
재난안전기술개발,71.0,513.0,576.0,602.0,654.0,782.0,786.0,785.0,785.0,792.0,797.0,813.0,일반회계,2022,행정안전부,818.0
재난예방지원,1.0,73.0,1629.0,1722.0,3527.0,5158.0,5235.0,5235.0,5235.0,6864.0,6864.0,6871.0,일반회계,2022,행정안전부,6873.0
전자정부실행기반마련(정보화),0.0,103.0,203.0,318.0,415.0,511.0,559.0,599.0,639.0,687.0,731.0,790.0,일반회계,2022,행정안전부,758.0
정부청사시설관리,85.0,91.0,166.0,194.0,290.0,584.0,692.0,728.0,771.0,823.0,911.0,1095.0,일반회계,2022,행정안전부,923.0
주한미군공여구역주변지역등지원,356.0,456.0,556.0,640.0,724.0,808.0,828.0,833.0,833.0,887.0,1051.0,1051.0,일반회계,2022,행정안전부,1051.0
지방소멸대응,0.0,0.0,0.0,0.0,0.0,0.0,0.0,0.0,7500.0,7500.0,7500.0,7500.0,일반회계,2022,행정안전부,7500.0
지역일자리창출,955.0,955.0,983.0,1666.0,1666.0,1669.0,1669.0,2391.0,2391.0,2391.0,2391.0,2393.0,일반회계,2022,행정안전부,2395.0
광역교통시설건설,0.0,0.0,287.0,287.0,300.0,502.0,505.0,508.0,510.0,516.0,522.0,591.0,행정중심복합도시건설특별회계,2022,행정중심복합도시건설청,707.0
문화시설 건립,1.0,13.0,136.0,152.0,165.0,387.0,395.0,403.0,409.0,444.0,628.0,720.0,행정중심복합도시건설특별회계,2022,행정중심복합도시건설청,900.0
중앙행정기관 건립,1.0,36.0,224.0,302.0,403.0,531.0,680.0,768.0,903.0,1061.0,1280.0,1409.0,행정중심복합도시건설특별회계,2022,행정중심복합도시건설청,1491.0
지방상수도 관리(지역자율),0.0,30.0,142.0,194.0,489.0,608.0,637.0,713.0,727.0,773.0,967.0,1222.0,국가균형발전특별회계,2022,환경부,1222.0
지방상수도 관리(지역지원),80.0,160.0,664.0,1400.0,1943.0,2356.0,2514.0,3025.0,3172.0,3319.0,3732.0,4509.0,국가균형발전특별회계,2022,환경부,4509.0
대기오염 발생원 관리,943.0,1836.0,7599.0,10233.0,11930.0,13833.0,15499.0,15610.0,17492.0,19982.0,21191.0,21634.0,에너지및자원사업특별회계,2022,환경부,26207.0
광역상수도 관리,53.0,53.0,248.0,248.0,420.0,528.0,528.0,591.0,591.0,825.0,825.0,872.0,일반회계,2022,환경부,923.0
국가하천정비지원,0.0,8.0,2071.0,2502.0,2714.0,3453.0,3584.0,3748.0,4082.0,4228.0,4465.0,6270.0,일반회계,2022,환경부,7045.0
댐운영 및 안전관리,0.0,1264.0,1929.0,2479.0,2479.0,2479.0,2479.0,2479.0,2479.0,2479.0,2479.0,2479.0,일반회계,2022,환경부,1729.0
수문조사 및 시설운영,96.0,96.0,188.0,192.0,239.0,363.0,393.0,398.0,428.0,468.0,499.0,712.0,일반회계,2022,환경부,819.0
수자원정책 및 조사,12.0,2751.0,2764.0,2822.0,3131.0,3490.0,3594.0,3703.0,3859.0,3926.0,3987.0,4013.0,일반회계,2022,환경부,4182.0
대기오염 발생원 관리,63.0,700.0,3538.0,3813.0,4939.0,6218.0,6542.0,6736.0,6898.0,7241.0,7373.0,7609.0,환경개선특별회계,2022,환경부,8148.0
대기환경 개선 정책기반강화 및 국제협력,3.0,24.0,246.0,257.0,310.0,396.0,413.0,448.0,457.0,488.0,518.0,596.0,환경개선특별회계,2022,환경부,662.0
물산업 및 물기술 진흥,0.0,80.0,515.0,578.0,629.0,797.0,798.0,810.0,823.0,868.0,941.0,1038.0,환경개선특별회계,2022,환경부,1050.0
사전예방 보건정책,8.0,129.0,340.0,399.0,433.0,454.0,457.0,457.0,464.0,465.0,467.0,480.0,환경개선특별회계,2022,환경부,502.0
산업폐수 및 기타오염원 관리,6.0,64.0,350.0,593.0,1035.0,1594.0,1629.0,1681.0,1961.0,2191.0,2477.0,3029.0,환경개선특별회계,2022,환경부,3065.0
수질개선기반구축,12.0,57.0,431.0,1056.0,1571.0,1673.0,1709.0,1912.0,2047.0,2086.0,2117.0,2252.0,환경개선특별회계,2022,환경부,2394.0
자연의 보전·관리,344.0,1210.0,1809.0,2429.0,3607.0,3894.0,3981.0,4011.0,4095.0,4112.0,4136.0,4170.0,환경개선특별회계,2022,환경부,4201.0
자연자원의 이용,239.0,584.0,715.0,730.0,982.0,986.0,990.0,990.0,993.0,1003.0,1017.0,1037.0,환경개선특별회계,2022,환경부,1096.0
지방상수도 관리,50.0,505.0,963.0,1325.0,1818.0,2360.0,2424.0,2683.0,2736.0,2812.0,3017.0,3257.0,환경개선특별회계,2022,환경부,3276.0
지속가능발전위원회,2.0,48.0,173.0,222.0,525.0,690.0,691.0,837.0,839.0,1158.0,1197.0,1211.0,환경개선특별회계,2022,환경부,1407.0
최종처리 및 안전관리,0.0,55.0,226.0,341.0,666.0,908.0,930.0,947.0,1075.0,1208.0,1377.0,1696.0,환경개선특별회계,2022,환경부,1733.0
출연사업,100.0,343.0,656.0,656.0,732.0,1232.0,1236.0,1236.0,1236.0,1236.0,1236.0,1236.0,환경개선특별회계,2022,환경부,1236.0
친환경산업 육성·지원,40.0,1238.0,2561.0,2748.0,2757.0,2950.0,2986.0,3001.0,3010.0,3037.0,3047.0,3106.0,환경개선특별회계,2022,환경부,3388.0
폐기물 수집 및 재활용,0.0,0.0,129.0,422.0,538.0,605.0,610.0,653.0,677.0,690.0,770.0,839.0,환경개선특별회계,2022,환경부,849.0
하수도 관리,196.0,1151.0,3789.0,4930.0,7692.0,10847.0,11111.0,11584.0,12975.0,14776.0,16299.0,17806.0,환경개선특별회계,2022,환경부,17931.0
화학물질 관리기반 구축,19.0,54.0,615.0,750.0,842.0,881.0,882.0,910.0,918.0,926.0,930.0,968.0,환경개선특별회계,2022,환경부,1036.0
환경피해 사후관리,8.0,593.0,894.0,897.0,901.0,901.0,903.0,909.0,910.0,911.0,911.0,921.0,환경개선특별회계,2022,환경부,933.0
환경기초시설(금강),60.0,186.0,232.0,289.0,359.0,359.0,446.0,446.0,499.0,582.0,618.0,622.0,금강수계관리기금,2022,환경부,612.0
환경기초시설(낙동강),125.0,239.0,370.0,415.0,534.0,587.0,587.0,841.0,1076.0,1076.0,1242.0,1521.0,낙동강수계관리기금,2022,환경부,1522.0
기타 수질개선지원(한강),48.0,118.0,202.0,281.0,305.0,320.0,348.0,368.0,380.0,400.0,496.0,521.0,한강수계관리기금,2022,환경부,512.0
주민지원사업(한강),37.0,131.0,224.0,358.0,512.0,598.0,609.0,649.0,707.0,721.0,771.0,839.0,한강수계관리기금,2022,환경부,840.0
토지매수및수변구역관리(한강),169.0,241.0,245.0,422.0,597.0,647.0,677.0,678.0,768.0,868.0,955.0,900.0,한강수계관리기금,2022,환경부,982.0
환경기초시설(한강),260.0,452.0,803.0,1063.0,1251.0,1379.0,1683.0,1956.0,2112.0,2232.0,2434.0,2577.0,한강수계관리기금,2022,환경부,2577.0
경비경찰역량강화,88.0,123.0,211.0,255.0,322.0,546.0,527.0,591.0,672.0,718.0,772.0,0.0,일반회계,2021,경찰청,918.0
경찰복지증진,47.0,48.0,159.0,172.0,177.0,206.0,282.0,290.0,303.0,393.0,416.0,0.0,일반회계,2021,경찰청,551.0
경찰유무선망개선,14.0,27.0,59.0,71.0,90.0,518.0,525.0,548.0,572.0,586.0,608.0,0.0,일반회계,2021,경찰청,1055.0
경찰장비현대화,133.0,173.0,305.0,358.0,437.0,1000.0,1044.0,1154.0,1300.0,1407.0,1577.0,0.0,일반회계,2021,경찰청,2210.0
교통사고예방,314.0,462.0,659.0,805.0,1095.0,1331.0,1360.0,1542.0,1689.0,1914.0,1945.0,0.0,일반회계,2021,경찰청,2194.0
범죄수사,287.0,340.0,663.0,724.0,769.0,1108.0,1139.0,1189.0,1258.0,1304.0,1350.0,0.0,일반회계,2021,경찰청,1448.0
사회적약자보호,30.0,116.0,244.0,326.0,406.0,511.0,519.0,592.0,652.0,666.0,725.0,0.0,일반회계,2021,경찰청,792.0
치안행정업무지원,430.0,844.0,1441.0,1745.0,2109.0,2767.0,3033.0,3455.0,4120.0,4579.0,5040.0,0.0,일반회계,2021,경찰청,6029.0
사회적기업육성,0.0,294.0,354.0,508.0,641.0,760.0,762.0,762.0,820.0,871.0,949.0,0.0,국가균형발전특별회계,2021,고용노동부,986.0
지역고용촉진지원,116.0,356.0,462.0,664.0,883.0,1349.0,1474.0,1474.0,1478.0,1479.0,1479.0,0.0,국가균형발전특별회계,2021,고용노동부,1492.0
사회적기업육성,310.0,314.0,458.0,659.0,662.0,670.0,731.0,732.0,733.0,733.0,734.0,0.0,일반회계,2021,고용노동부,737.0
청년진로및취업지원(일반),70.0,130.0,293.0,422.0,489.0,602.0,656.0,682.0,711.0,733.0,733.0,0.0,일반회계,2021,고용노동부,783.0
한국기술교육대학교출연,138.0,276.0,413.0,551.0,689.0,827.0,880.0,934.0,987.0,1041.0,1094.0,0.0,일반회계,2021,고용노동부,1148.0
한국산업인력공단출연,315.0,630.0,630.0,1023.0,1100.0,1178.0,1268.0,1369.0,1468.0,1519.0,1570.0,0.0,일반회계,2021,고용노동부,1628.0
한국폴리텍대학출연,107.0,443.0,443.0,960.0,1141.0,1323.0,1469.0,1616.0,1763.0,1909.0,2056.0,0.0,일반회계,2021,고용노동부,2203.0
고용유지지원금,1300.0,2500.0,4200.0,5422.0,6250.0,6795.0,7507.0,8207.0,9447.0,10447.0,11145.0,0.0,고용보험기금,2021,고용노동부,13728.0
고용창출장려금,4350.0,6051.0,7952.0,10053.0,11749.0,13141.0,14608.0,15988.0,17289.0,18710.0,20347.0,0.0,고용보험기금,2021,고용노동부,13881.0
사업주능력개발지원금,200.0,416.0,716.0,920.0,1219.0,1419.0,1720.0,1920.0,2120.0,2330.0,2629.0,0.0,고용보험기금,2021,고용노동부,2763.0
실업급여,300.0,700.0,1200.0,1700.0,2000.0,2450.0,2850.0,3150.0,3473.0,3773.0,4123.0,0.0,고용보험기금,2021,고용노동부,3474.0
실업자및근로자능력개발지원,600.0,1301.0,2053.0,2855.0,3752.0,4703.0,5604.0,6554.0,7455.0,8255.0,9029.0,0.0,고용보험기금,2021,고용노동부,8004.0
일·가정양립지원,401.0,651.0,819.0,998.0,1208.0,1395.0,1643.0,1865.0,2012.0,2270.0,2550.0,0.0,고용보험기금,2021,고용노동부,1548.0
중소기업능력개발지원,0.0,298.0,539.0,626.0,632.0,632.0,673.0,867.0,919.0,981.0,990.0,0.0,고용보험기금,2021,고용노동부,1143.0
한국산업인력공단능력개발사업지원,373.0,702.0,1076.0,1619.0,1797.0,1980.0,2299.0,2472.0,2641.0,2995.0,3207.0,0.0,고용보험기금,2021,고용노동부,3318.0
한국폴리텍대학능력개발사업지원,61.0,164.0,281.0,360.0,439.0,518.0,555.0,592.0,629.0,666.0,703.0,0.0,고용보험기금,2021,고용노동부,740.0
근로자생활안정자금(융자),644.0,644.0,771.0,682.0,731.0,678.0,632.0,682.0,782.0,882.0,982.0,0.0,근로복지진흥기금,2021,고용노동부,991.0
장애인고용지원,463.0,949.0,1523.0,2034.0,2480.0,2811.0,3155.0,3586.0,3787.0,4193.0,4513.0,0.0,장애인고용촉진및직업재활기금,2021,고용노동부,4594.0
장애인직업능력제고,51.0,128.0,256.0,342.0,406.0,471.0,521.0,566.0,591.0,662.0,692.0,0.0,장애인고용촉진및직업재활기금,2021,고용노동부,673.0
AI기술개발(균특),0.0,291.0,293.0,293.0,492.0,545.0,571.0,571.0,616.0,650.0,655.0,0.0,국가균형발전특별회계,2021,과학기술정보통신부,788.0
연구개발특구육성,38.0,511.0,580.0,734.0,867.0,1060.0,1210.0,1483.0,1520.0,1612.0,1617.0,0.0,국가균형발전특별회계,2021,과학기술정보통신부,1670.0
나노·소재기술개발,1053.0,1379.0,2277.0,2419.0,2419.0,2514.0,2514.0,2514.0,2514.0,2514.0,2514.0,0.0,소재부품장비경쟁력강화특별회계,2021,과학기술정보통신부,2514.0
국가과학기술연구회 소속 출연연구기관 지원,6.0,256.0,657.0,1237.0,1759.0,1762.0,1902.0,2045.0,2110.0,2362.0,2453.0,0.0,에너지및자원사업특별회계,2021,과학기술정보통신부,2511.0
예금사업활성화,95.0,150.0,240.0,328.0,387.0,478.0,545.0,614.0,682.0,787.0,867.0,0.0,우체국예금특별회계,2021,과학기술정보통신부,1035.0
우체국금융정보화,29.0,211.0,260.0,275.0,285.0,438.0,457.0,466.0,495.0,515.0,530.0,0.0,우체국예금특별회계,2021,과학기술정보통신부,947.0
국내우편사업,106.0,163.0,219.0,320.0,374.0,420.0,539.0,592.0,645.0,712.0,796.0,0.0,우편사업특별회계,2021,과학기술정보통신부,932.0
국제우편사업,128.0,215.0,253.0,315.0,467.0,546.0,626.0,701.0,772.0,834.0,965.0,0.0,우편사업특별회계,2021,과학기술정보통신부,845.0
우정사업인프라구축,8.0,47.0,107.0,197.0,335.0,397.0,488.0,579.0,682.0,893.0,1059.0,0.0,우편사업특별회계,2021,과학기술정보통신부,1752.0
우편사업물류지원,608.0,743.0,863.0,1215.0,1336.0,1590.0,1806.0,1839.0,1873.0,1921.0,2267.0,0.0,우편사업특별회계,2021,과학기술정보통신부,2460.0
AI기술개발(일반),317.0,405.0,514.0,793.0,845.0,866.0,909.0,955.0,955.0,961.0,961.0,0.0,일반회계,2021,과학기술정보통신부,961.0
국가과학기술연구회 소속 출연연구기관 지원,772.0,1476.0,3477.0,5323.0,6960.0,8261.0,8428.0,9139.0,9758.0,10142.0,10763.0,0.0,일반회계,2021,과학기술정보통신부,11040.0
국제과학비즈니스벨트조성,0.0,149.0,192.0,913.0,1100.0,1154.0,1179.0,1200.0,1216.0,1246.0,1315.0,0.0,일반회계,2021,과학기술정보통신부,2221.0
기초연구기반구축사업,244.0,259.0,411.0,478.0,478.0,684.0,684.0,684.0,684.0,684.0,684.0,0.0,일반회계,2021,과학기술정보통신부,699.0
기초연구지원,2063.0,14761.0,14987.0,15781.0,17298.0,17298.0,17591.0,17907.0,17907.0,17907.0,17907.0,0.0,일반회계,2021,과학기술정보통신부,17907.0
바이오·의료기술개발,2283.0,2855.0,4138.0,4840.0,5101.0,5236.0,5236.0,5236.0,5236.0,5236.0,5236.0,0.0,일반회계,2021,과학기술정보통신부,5237.0
생산적정보문화조성(정보화),0.0,40.0,313.0,313.0,526.0,546.0,651.0,679.0,688.0,744.0,771.0,0.0,일반회계,2021,과학기술정보통신부,872.0
스마트화산업기반확충(일반),52.0,110.0,310.0,436.0,444.0,444.0,460.0,460.0,460.0,547.0,547.0,0.0,일반회계,2021,과학기술정보통신부,547.0
에너지·환경기술개발,540.0,801.0,1264.0,1467.0,1508.0,1530.0,1573.0,1573.0,1573.0,1573.0,1573.0,0.0,일반회계,2021,과학기술정보통신부,1591.0
연구성과기술사업화지원,0.0,188.0,547.0,751.0,771.0,780.0,780.0,780.0,780.0,780.0,780.0,0.0,일반회계,2021,과학기술정보통신부,780.0
우수학생 국가장학 사업,0.0,0.0,200.0,278.0,287.0,287.0,400.0,486.0,522.0,522.0,522.0,0.0,일반회계,2021,과학기술정보통신부,522.0
우주발사체개발,148.0,278.0,488.0,800.0,1000.0,1100.0,1209.0,1343.0,1480.0,1565.0,1650.0,0.0,일반회계,2021,과학기술정보통신부,1718.0
인공위성개발,179.0,598.0,788.0,1055.0,1055.0,1055.0,1055.0,1097.0,1115.0,1143.0,1143.0,0.0,일반회계,2021,과학기술정보통신부,1143.0
정보보안대응체계구축,0.0,73.0,121.0,122.0,323.0,376.0,376.0,437.0,474.0,495.0,525.0,0.0,일반회계,2021,과학기술정보통신부,537.0
직할출연연구기관지원,337.0,1065.0,2290.0,3419.0,4374.0,5444.0,5621.0,6157.0,6935.0,7235.0,7717.0,0.0,일반회계,2021,과학기술정보통신부,8235.0
창의적인재육성,58.0,293.0,721.0,886.0,948.0,948.0,948.0,948.0,948.0,948.0,948.0,0.0,일반회계,2021,과학기술정보통신부,948.0
첨단융합기술개발,501.0,805.0,1223.0,1350.0,1384.0,1414.0,1486.0,1532.0,1532.0,1544.0,1544.0,0.0,일반회계,2021,과학기술정보통신부,1544.0
콘텐츠디바이스기술개발(일반),177.0,215.0,281.0,479.0,494.0,494.0,533.0,570.0,570.0,570.0,570.0,0.0,일반회계,2021,과학기술정보통신부,570.0
AI경쟁력강화(방발),0.0,50.0,50.0,433.0,433.0,433.0,433.0,433.0,433.0,495.0,497.0,0.0,방송통신발전기금,2021,과학기술정보통신부,619.0
ICT사업화지원(방발),41.0,248.0,513.0,978.0,1078.0,1078.0,1263.0,1309.0,1414.0,1434.0,1438.0,0.0,방송통신발전기금,2021,과학기술정보통신부,1539.0
네트워크기반조성,0.0,8.0,42.0,583.0,586.0,590.0,613.0,614.0,614.0,625.0,625.0,0.0,방송통신발전기금,2021,과학기술정보통신부,842.0
미디어 다양성 및 공공성 확보,46.0,128.0,194.0,274.0,354.0,448.0,477.0,518.0,528.0,565.0,600.0,0.0,방송통신발전기금,2021,과학기술정보통신부,712.0
방송인프라지원,32.0,74.0,226.0,283.0,340.0,455.0,489.0,522.0,542.0,575.0,597.0,0.0,방송통신발전기금,2021,과학기술정보통신부,721.0
방송통신콘텐츠진흥,5.0,15.0,24.0,408.0,423.0,436.0,444.0,460.0,499.0,535.0,535.0,0.0,방송통신발전기금,2021,과학기술정보통신부,559.0
인터넷이용환경고도화(방발),23.0,98.0,212.0,1442.0,1442.0,1442.0,1498.0,1583.0,1583.0,1975.0,1980.0,0.0,방송통신발전기금,2021,과학기술정보통신부,2080.0
출연연 연구개발지원(R&D),0.0,204.0,511.0,511.0,511.0,511.0,937.0,937.0,937.0,937.0,937.0,0.0,방송통신발전기금,2021,과학기술정보통신부,1022.0
콘텐츠 진흥,0.0,159.0,165.0,756.0,756.0,879.0,936.0,936.0,1064.0,1124.0,1124.0,0.0,방송통신발전기금,2021,과학기술정보통신부,1217.0
콘텐츠디바이스기술개발(방발),153.0,176.0,504.0,1182.0,1197.0,1225.0,1318.0,1318.0,1318.0,1387.0,1387.0,0.0,방송통신발전기금,2021,과학기술정보통신부,1670.0
국제핵융합실험로공동개발사업,119.0,119.0,237.0,237.0,237.0,456.0,456.0,456.0,656.0,656.0,656.0,0.0,원자력기금,2021,과학기술정보통신부,671.0
원자력및방사선안전규제,41.0,110.0,202.0,267.0,331.0,398.0,465.0,530.0,594.0,661.0,727.0,0.0,원자력기금,2021,과학기술정보통신부,792.0
원자력연구개발사업,376.0,376.0,490.0,690.0,690.0,981.0,981.0,981.0,1184.0,1184.0,1184.0,0.0,원자력기금,2021,과학기술정보통신부,1457.0
AI기술개발(정진),72.0,127.0,292.0,1315.0,2072.0,2835.0,3133.0,3373.0,3374.0,3472.0,3472.0,0.0,정보통신진흥기금,2021,과학기술정보통신부,4261.0
SW.디지털콘텐츠기술개발,487.0,495.0,495.0,710.0,710.0,842.0,1043.0,1043.0,1043.0,1186.0,1197.0,0.0,정보통신진흥기금,2021,과학기술정보통신부,1197.0
SW산업경쟁력강화(정진),12.0,163.0,265.0,669.0,671.0,748.0,916.0,919.0,922.0,945.0,945.0,0.0,정보통신진흥기금,2021,과학기술정보통신부,1031.0
SW융합인력양성,130.0,269.0,465.0,926.0,1042.0,1143.0,1587.0,1717.0,1717.0,1778.0,1778.0,0.0,정보통신진흥기금,2021,과학기술정보통신부,1778.0
스마트화산업기반확충(정진),0.0,251.0,550.0,1334.0,1524.0,1873.0,2016.0,2026.0,2157.0,2234.0,2239.0,0.0,정보통신진흥기금,2021,과학기술정보통신부,2394.0
정보보호기술개발(정진),5.0,224.0,224.0,529.0,529.0,529.0,747.0,747.0,747.0,747.0,747.0,0.0,정보통신진흥기금,2021,과학기술정보통신부,747.0
대학 내 산학연협력 활성화,0.0,965.0,1081.0,1562.0,1728.0,2978.0,3018.0,3483.0,3483.0,3563.0,3694.0,0.0,국가균형발전특별회계,2021,교육부,4306.0
산학협력 선도 전문대학 육성,0.0,0.0,95.0,345.0,463.0,663.0,663.0,813.0,813.0,833.0,882.0,0.0,국가균형발전특별회계,2021,교육부,1005.0
전문대학 혁신 지원,0.0,1197.0,1517.0,1867.0,2567.0,2952.0,2952.0,3152.0,3332.0,4105.0,4398.0,0.0,국가균형발전특별회계,2021,교육부,4398.0
4단계 두뇌한국21 사업,0.0,3027.0,3162.0,3162.0,3162.0,3162.0,3162.0,4216.0,4216.0,4216.0,4216.0,0.0,일반회계,2021,교육부,4216.0
고등학교 무상교육,0.0,5659.0,5659.0,5659.0,7545.0,7545.0,7545.0,9431.0,9431.0,9431.0,9431.0,0.0,일반회계,2021,교육부,9431.0
교육급여,698.0,702.0,702.0,805.0,805.0,805.0,805.0,927.0,927.0,927.0,1030.0,0.0,일반회계,2021,교육부,1030.0
국립대학 교육기반조성,19.0,264.0,601.0,2160.0,2328.0,2449.0,2501.0,2996.0,3025.0,3038.0,3052.0,0.0,일반회계,2021,교육부,3084.0
국립대학 시설확충,281.0,1492.0,2881.0,4172.0,5412.0,7055.0,7099.0,7255.0,7690.0,7761.0,7740.0,0.0,일반회계,2021,교육부,7966.0
국립대학법인 운영 지원,668.0,668.0,668.0,988.0,988.0,988.0,1656.0,1656.0,1656.0,1976.0,1976.0,0.0,일반회계,2021,교육부,1976.0
국립부설학교 역량강화 지원,2.0,54.0,87.0,126.0,162.0,195.0,212.0,256.0,307.0,360.0,415.0,0.0,일반회계,2021,교육부,676.0
그린스마트 스쿨 조성,0.0,0.0,0.0,0.0,435.0,545.0,661.0,853.0,893.0,893.0,943.0,0.0,일반회계,2021,교육부,943.0
대입전형 자율역량 기반조성,0.0,0.0,4.0,433.0,433.0,433.0,576.0,577.0,577.0,577.0,577.0,0.0,일반회계,2021,교육부,577.0
대학혁신지원,40.0,3275.0,3337.0,3337.0,3341.0,3355.0,7108.0,7129.0,7129.0,7144.0,7147.0,0.0,일반회계,2021,교육부,7147.0
맞춤형 국가장학금 지원,0.0,18096.0,20701.0,26603.0,26603.0,26603.0,29983.0,33610.0,36861.0,39926.0,39926.0,0.0,일반회계,2021,교육부,39926.0
보통교부금,47038.0,118950.0,174929.0,220537.0,275537.0,328559.0,358559.0,412117.0,419552.0,477416.0,517416.0,0.0,일반회계,2021,교육부,517416.0
이공학학술연구조성,734.0,3748.0,3748.0,3748.0,5007.0,5007.0,5007.0,5577.0,5577.0,5577.0,5577.0,0.0,일반회계,2021,교육부,5577.0
인문사회학술연구 조성,22.0,22.0,34.0,1279.0,1369.0,2551.0,2551.0,2573.0,2620.0,2620.0,2628.0,0.0,일반회계,2021,교육부,2628.0
평생학습 활성화지원,0.0,59.0,318.0,559.0,559.0,559.0,559.0,559.0,559.0,559.0,559.0,0.0,일반회계,2021,교육부,559.0
학교교육과정 운영지원,124.0,137.0,520.0,676.0,684.0,686.0,686.0,814.0,814.0,814.0,815.0,0.0,일반회계,2021,교육부,822.0
국립묘지조성및관리,92.0,116.0,180.0,198.0,208.0,280.0,319.0,329.0,372.0,441.0,460.0,0.0,일반회계,2021,국가보훈처,653.0
현충시설,24.0,26.0,41.0,80.0,100.0,139.0,162.0,170.0,247.0,333.0,337.0,0.0,일반회계,2021,국가보훈처,506.0
군시설이전사업,8.0,47.0,214.0,385.0,621.0,1364.0,1420.0,1503.0,1715.0,1804.0,1921.0,0.0,국방·군사시설이전특별회계,2021,국방부,3916.0
간부주거시설,12.0,195.0,1859.0,1996.0,2145.0,4624.0,4644.0,4712.0,6187.0,6261.0,6469.0,0.0,일반회계,2021,국방부,9553.0
과학화훈련,2.0,18.0,120.0,138.0,158.0,338.0,339.0,349.0,370.0,387.0,401.0,0.0,일반회계,2021,국방부,797.0
교육시설,18.0,102.0,254.0,332.0,415.0,863.0,903.0,944.0,1031.0,1102.0,1275.0,0.0,일반회계,2021,국방부,2241.0
교육용탄약,52.0,163.0,461.0,529.0,684.0,1178.0,1231.0,1357.0,1418.0,1477.0,1676.0,0.0,일반회계,2021,국방부,2379.0
군의무,150.0,225.0,556.0,669.0,908.0,1324.0,1402.0,1483.0,1590.0,1677.0,1827.0,0.0,일반회계,2021,국방부,2401.0
군인적자원개발교육,6.0,11.0,167.0,213.0,254.0,308.0,354.0,382.0,414.0,429.0,482.0,0.0,일반회계,2021,국방부,600.0
물자획득,26.0,179.0,443.0,671.0,947.0,1503.0,1714.0,1860.0,2086.0,2259.0,2602.0,0.0,일반회계,2021,국방부,3597.0
병영기본시설,27.0,208.0,666.0,827.0,998.0,1917.0,1965.0,2028.0,2158.0,2243.0,2384.0,0.0,일반회계,2021,국방부,4627.0
수송활동,34.0,90.0,174.0,238.0,284.0,341.0,384.0,431.0,484.0,505.0,550.0,0.0,일반회계,2021,국방부,725.0
시설유지운영,123.0,319.0,897.0,1383.0,2118.0,4389.0,4666.0,5081.0,5776.0,6239.0,6999.0,0.0,일반회계,2021,국방부,10152.0
연료확보,202.0,429.0,990.0,1466.0,1810.0,2809.0,2841.0,3142.0,3723.0,3957.0,4431.0,0.0,일반회계,2021,국방부,5537.0
예비군훈련장확보,0.0,3.0,53.0,64.0,98.0,238.0,238.0,240.0,252.0,269.0,299.0,0.0,일반회계,2021,국방부,587.0
예비전력유지,15.0,36.0,83.0,99.0,120.0,236.0,244.0,251.0,284.0,313.0,376.0,0.0,일반회계,2021,국방부,815.0
일반시설개선,281.0,786.0,2094.0,2641.0,3250.0,6873.0,6954.0,7128.0,7771.0,8065.0,8595.0,0.0,일반회계,2021,국방부,15425.0
장비유지,557.0,1397.0,2430.0,3622.0,4381.0,6365.0,6911.0,7410.0,7957.0,8482.0,9092.0,0.0,일반회계,2021,국방부,11959.0
장비획득,0.0,476.0,784.0,875.0,929.0,1564.0,1577.0,1645.0,1788.0,1994.0,2338.0,0.0,일반회계,2021,국방부,3030.0
정보통신체계운영,80.0,429.0,942.0,1140.0,1379.0,2127.0,2174.0,2275.0,2457.0,2611.0,2713.0,0.0,일반회계,2021,국방부,4032.0
정훈문화활동,50.0,61.0,81.0,146.0,235.0,320.0,340.0,378.0,422.0,441.0,492.0,0.0,일반회계,2021,국방부,670.0
주한미군 방위비분담금,0.0,22.0,156.0,274.0,486.0,1562.0,1562.0,1566.0,1728.0,1733.0,1834.0,0.0,일반회계,2021,국방부,3506.0
탄약관리,0.0,38.0,238.0,287.0,427.0,902.0,917.0,958.0,1078.0,1121.0,1210.0,0.0,일반회계,2021,국방부,1727.0
피복비,270.0,843.0,1354.0,1776.0,2128.0,2904.0,3054.0,3285.0,3471.0,3643.0,3955.0,0.0,일반회계,2021,국방부,4836.0
훈련 및 교육 지원,32.0,60.0,132.0,157.0,198.0,265.0,280.0,305.0,329.0,374.0,463.0,0.0,일반회계,2021,국방부,754.0
미군기지이전사업,2.0,19.0,60.0,65.0,74.0,298.0,303.0,316.0,362.0,367.0,401.0,0.0,주한미군기지이전특별회계,2021,국방부,1136.0
미군기지이전지원,60.0,150.0,150.0,378.0,378.0,606.0,606.0,606.0,606.0,666.0,748.0,0.0,주한미군기지이전특별회계,2021,국방부,748.0
국세징수활동지원,103.0,182.0,343.0,355.0,357.0,420.0,421.0,432.0,492.0,490.0,494.0,0.0,일반회계,2021,국세청,505.0
고속도로건설,0.0,3698.0,9132.0,11422.0,13686.0,16572.0,16670.0,16831.0,18114.0,18366.0,18832.0,0.0,교통시설특별회계,2021,국토교통부,20151.0
고속철도건설,258.0,258.0,358.0,658.0,658.0,1468.0,1908.0,1908.0,1908.0,2208.0,3218.0,0.0,교통시설특별회계,2021,국토교통부,3469.0
교통약자이동편의증진,0.0,0.0,300.0,356.0,735.0,751.0,752.0,752.0,753.0,754.0,754.0,0.0,교통시설특별회계,2021,국토교통부,755.0
도로병목지점 개선,2.0,190.0,632.0,668.0,709.0,1023.0,1047.0,1070.0,1162.0,1209.0,1260.0,0.0,교통시설특별회계,2021,국토교통부,1745.0
도로보수(총액계상),2.0,82.0,2009.0,2133.0,2450.0,4314.0,4511.0,4700.0,5237.0,5389.0,5597.0,0.0,교통시설특별회계,2021,국토교통부,6853.0
도로안전 및 환경개선(총액계상),0.0,164.0,2366.0,2494.0,2828.0,5220.0,5336.0,5503.0,6158.0,6291.0,6535.0,0.0,교통시설특별회계,2021,국토교통부,8806.0
민자유치사업지원,586.0,612.0,1186.0,1191.0,1191.0,5377.0,5377.0,5397.0,5504.0,5564.0,5697.0,0.0,교통시설특별회계,2021,국토교통부,5939.0
시관내국도대체우회도로건설,282.0,1048.0,1711.0,1735.0,1824.0,2467.0,2493.0,2543.0,2718.0,2688.0,2754.0,0.0,교통시설특별회계,2021,국토교통부,3744.0
신공항건설,0.0,0.0,1.0,220.0,290.0,650.0,659.0,660.0,665.0,698.0,715.0,0.0,교통시설특별회계,2021,국토교통부,1191.0
위험도로개선,2.0,198.0,536.0,561.0,605.0,902.0,925.0,952.0,1038.0,1071.0,1125.0,0.0,교통시설특별회계,2021,국토교통부,1559.0
일반국도건설,631.0,3445.0,5442.0,5700.0,6079.0,8391.0,8503.0,8560.0,9583.0,9766.0,10270.0,0.0,교통시설특별회계,2021,국토교통부,14152.0
일반국도조사설계,84.0,142.0,226.0,239.0,240.0,283.0,285.0,287.0,425.0,426.0,428.0,0.0,교통시설특별회계,2021,국토교통부,645.0
일반철도건설,4875.0,6739.0,12967.0,14081.0,15958.0,19468.0,19818.0,20418.0,21018.0,23348.0,27294.0,0.0,교통시설특별회계,2021,국토교통부,29411.0
일반철도조사설계,477.0,477.0,477.0,477.0,605.0,995.0,1195.0,1195.0,1495.0,1495.0,2884.0,0.0,교통시설특별회계,2021,국토교통부,3285.0
지하철건설지원,0.0,2565.0,3360.0,3360.0,3511.0,3770.0,3770.0,3880.0,3880.0,4263.0,4463.0,0.0,교통시설특별회계,2021,국토교통부,5012.0
철도기술연구,0.0,34.0,324.0,535.0,702.0,750.0,750.0,750.0,750.0,750.0,750.0,0.0,교통시설특별회계,2021,국토교통부,739.0
철도운영지원(교특),0.0,856.0,2356.0,2356.0,2582.0,4149.0,4149.0,4149.0,5742.0,5742.0,5742.0,0.0,교통시설특별회계,2021,국토교통부,7449.0
첨단도로교통체계,0.0,927.0,2767.0,4515.0,4567.0,4777.0,4781.0,4810.0,4815.0,5138.0,5143.0,0.0,교통시설특별회계,2021,국토교통부,5179.0
항공기술연구,0.0,0.0,0.0,176.0,176.0,830.0,830.0,830.0,830.0,830.0,830.0,0.0,교통시설특별회계,2021,국토교통부,830.0
항공산업지원,0.0,0.0,23.0,216.0,239.0,282.0,313.0,313.0,330.0,330.0,345.0,0.0,교통시설특별회계,2021,국토교통부,534.0
개발제한구역지원,0.0,667.0,668.0,674.0,1161.0,1275.0,1285.0,1435.0,1439.0,1448.0,1600.0,0.0,국가균형발전특별회계,2021,국토교통부,1619.0
광역철도건설지원,0.0,1468.0,3727.0,3815.0,5434.0,5967.0,5967.0,6128.0,6490.0,7034.0,7044.0,0.0,국가균형발전특별회계,2021,국토교통부,9079.0
국가지원지방도건설,2.0,367.0,775.0,936.0,1285.0,2266.0,2266.0,2370.0,2418.0,2418.0,2435.0,0.0,국가균형발전특별회계,2021,국토교통부,2589.0
도시재생,1198.0,1217.0,1301.0,2214.0,3198.0,5163.0,5163.0,5163.0,5279.0,6101.0,6449.0,0.0,국가균형발전특별회계,2021,국토교통부,7863.0
도시활력증진지역개발,0.0,274.0,274.0,294.0,497.0,547.0,547.0,547.0,547.0,547.0,627.0,0.0,국가균형발전특별회계,2021,국토교통부,817.0
산업단지진입도로지원,69.0,382.0,817.0,983.0,1172.0,1736.0,1765.0,1805.0,1908.0,2031.0,2252.0,0.0,국가균형발전특별회계,2021,국토교통부,3450.0
성장촉진지역개발,0.0,784.0,1094.0,1259.0,1829.0,1834.0,1834.0,1894.0,1914.0,1914.0,1914.0,0.0,국가균형발전특별회계,2021,국토교통부,2127.0
주차환경개선지원,0.0,0.0,210.0,404.0,807.0,1452.0,1452.0,1452.0,1452.0,1747.0,1747.0,0.0,국가균형발전특별회계,2021,국토교통부,2468.0
혼잡도로,76.0,82.0,140.0,227.0,520.0,542.0,565.0,565.0,565.0,575.0,596.0,0.0,국가균형발전특별회계,2021,국토교통부,1158.0
건설기술혁신(R&D),530.0,612.0,612.0,642.0,642.0,642.0,642.0,642.0,642.0,642.0,642.0,0.0,일반회계,2021,국토교통부,642.0
교통물류연구,213.0,464.0,605.0,826.0,826.0,826.0,826.0,826.0,826.0,826.0,826.0,0.0,일반회계,2021,국토교통부,826.0
국가하천정비지원,46.0,2657.0,4164.0,4330.0,4720.0,6050.0,6107.0,6181.0,6563.0,6666.0,6851.0,0.0,일반회계,2021,국토교통부,9198.0
국토교통기술역량강화(R&D),481.0,481.0,746.0,930.0,930.0,930.0,930.0,930.0,931.0,931.0,932.0,0.0,일반회계,2021,국토교통부,934.0
국토정보제도선진화,0.0,541.0,557.0,609.0,610.0,649.0,649.0,655.0,662.0,662.0,662.0,0.0,일반회계,2021,국토교통부,683.0
국토지형관리,3.0,200.0,834.0,869.0,897.0,967.0,976.0,1016.0,1029.0,1038.0,1080.0,0.0,일반회계,2021,국토교통부,1351.0
녹색건축물보급 활성화 지원,0.0,0.0,43.0,1636.0,1636.0,2319.0,2319.0,2338.0,2338.0,2338.0,2338.0,0.0,일반회계,2021,국토교통부,2338.0
도시건축연구,0.0,76.0,827.0,872.0,943.0,943.0,943.0,943.0,943.0,943.0,943.0,0.0,일반회계,2021,국토교통부,943.0
부동산공시,0.0,101.0,618.0,693.0,702.0,809.0,809.0,863.0,931.0,931.0,945.0,0.0,일반회계,2021,국토교통부,1114.0
산업단지지원(일반),0.0,232.0,236.0,690.0,712.0,743.0,745.0,745.0,867.0,914.0,1000.0,0.0,일반회계,2021,국토교통부,1194.0
새만금개발사업지원,0.0,0.0,500.0,1000.0,1003.0,1003.0,1003.0,1003.0,1003.0,1003.0,1003.0,0.0,일반회계,2021,국토교통부,1005.0
스마트시티 지원,0.0,12.0,153.0,257.0,363.0,1439.0,1478.0,1536.0,1542.0,1547.0,1632.0,0.0,일반회계,2021,국토교통부,2022.0
자동차안전도강화,0.0,522.0,578.0,593.0,594.0,615.0,628.0,643.0,643.0,655.0,655.0,0.0,일반회계,2021,국토교통부,658.0
주택가격조사지원,0.0,312.0,347.0,352.0,559.0,594.0,594.0,630.0,646.0,659.0,672.0,0.0,일반회계,2021,국토교통부,727.0
철도안전(일반),5716.0,5717.0,7027.0,12525.0,12780.0,15248.0,16191.0,16247.0,17462.0,18285.0,18350.0,0.0,일반회계,2021,국토교통부,18388.0
철도운영지원(일반),0.0,0.0,2580.0,2580.0,2580.0,2580.0,3113.0,3796.0,3796.0,3796.0,3796.0,0.0,일반회계,2021,국토교통부,3796.0
해외인프라시장개척,0.0,0.0,153.0,953.0,953.0,954.0,958.0,963.0,963.0,966.0,966.0,0.0,일반회계,2021,국토교통부,1017.0
혁신도시,0.0,1.0,156.0,283.0,283.0,550.0,758.0,758.0,758.0,758.0,795.0,0.0,혁신도시건설특별회계,2021,국토교통부,798.0
공공임대주택지원(융자),679.0,3436.0,5702.0,7502.0,8853.0,10600.0,11608.0,12825.0,14456.0,15628.0,17764.0,0.0,주택도시기금,2021,국토교통부,21231.0
국민임대주택지원(융자),0.0,474.0,1176.0,1396.0,1782.0,1782.0,2587.0,3235.0,4749.0,4960.0,5249.0,0.0,주택도시기금,2021,국토교통부,8272.0
다가구매입임대(융자),0.0,0.0,16756.0,23467.0,29770.0,42106.0,42106.0,49036.0,49036.0,49036.0,49428.0,0.0,주택도시기금,2021,국토교통부,32810.0
도시기능증진지원,1.0,296.0,840.0,1261.0,1686.0,2966.0,3115.0,3255.0,3537.0,3607.0,4509.0,0.0,주택도시기금,2021,국토교통부,5540.0
도시재생지원,0.0,30.0,750.0,759.0,878.0,1274.0,1275.0,1288.0,1292.0,1292.0,1880.0,0.0,주택도시기금,2021,국토교통부,4024.0
분양주택지원(융자),0.0,829.0,844.0,1258.0,1275.0,2588.0,2605.0,3908.0,4115.0,4754.0,5659.0,0.0,주택도시기금,2021,국토교통부,4782.0
수탁은행관리,0.0,135.0,541.0,984.0,1068.0,1085.0,1530.0,1628.0,1638.0,1675.0,1757.0,0.0,주택도시기금,2021,국토교통부,2271.0
임대주택지원,0.0,20.0,27480.0,27480.0,27480.0,40182.0,40182.0,40182.0,42722.0,42722.0,43180.0,0.0,주택도시기금,2021,국토교통부,63256.0
전세임대주택지원(융자),294.0,6678.0,9909.0,13219.0,15983.0,18529.0,21391.0,24391.0,27558.0,31081.0,35638.0,0.0,주택도시기금,2021,국토교통부,43663.0
주택구입ㆍ전세자금(융자),403.0,13516.0,23305.0,35265.0,45810.0,56513.0,64700.0,70598.0,76223.0,83189.0,93042.0,0.0,주택도시기금,2021,국토교통부,99000.0
주택신보출연,0.0,193.0,280.0,376.0,474.0,575.0,670.0,768.0,866.0,961.0,1059.0,0.0,주택도시기금,2021,국토교통부,1147.0
통합공공임대지원융자,0.0,0.0,0.0,0.0,0.0,0.0,0.0,0.0,0.0,0.0,304.0,0.0,주택도시기금,2021,국토교통부,929.0
행복주택(융자),0.0,4437.0,6823.0,6919.0,7482.0,7504.0,8313.0,8319.0,11068.0,11237.0,11788.0,0.0,주택도시기금,2021,국토교통부,21131.0
디지털예산회계시스템 운영,34.0,36.0,251.0,283.0,292.0,297.0,313.0,316.0,417.0,433.0,436.0,0.0,일반회계,2021,기획재정부,599.0
일반농산어촌개발,0.0,1174.0,2818.0,3369.0,4006.0,4440.0,4440.0,5502.0,5944.0,6415.0,6944.0,0.0,국가균형발전특별회계,2021,농림축산식품부,7376.0
가축방역(농특),300.0,689.0,864.0,941.0,991.0,1152.0,1390.0,1716.0,1756.0,1767.0,1776.0,0.0,농어촌구조개선특별회계,2021,농림축산식품부,1840.0
농산물소비활성화및식생활개선(농특),542.0,591.0,626.0,647.0,722.0,723.0,738.0,898.0,927.0,927.0,927.0,0.0,농어촌구조개선특별회계,2021,농림축산식품부,927.0
농식품기술개발(농특),1678.0,1756.0,1756.0,1937.0,1937.0,1937.0,1937.0,1937.0,1937.0,1937.0,1937.0,0.0,농어촌구조개선특별회계,2021,농림축산식품부,1937.0
농업시설개선(농특),0.0,126.0,653.0,2153.0,4769.0,5004.0,5004.0,5004.0,5283.0,5893.0,6060.0,0.0,농어촌구조개선특별회계,2021,농림축산식품부,7347.0
농업인교육지원,47.0,86.0,260.0,297.0,359.0,447.0,449.0,454.0,465.0,490.0,512.0,0.0,농어촌구조개선특별회계,2021,농림축산식품부,520.0
농촌복지증진,76.0,263.0,268.0,336.0,376.0,387.0,454.0,484.0,505.0,515.0,515.0,0.0,농어촌구조개선특별회계,2021,농림축산식품부,532.0
농촌정착지원,0.0,1300.0,1300.0,1300.0,1300.0,1300.0,1300.0,1300.0,1300.0,1300.0,1300.0,0.0,농어촌구조개선특별회계,2021,농림축산식품부,1300.0
농촌지역개발(농특)(농촌계정),54.0,146.0,332.0,446.0,538.0,573.0,671.0,697.0,738.0,784.0,862.0,0.0,농어촌구조개선특별회계,2021,농림축산식품부,1100.0
다목적 용수개발,0.0,376.0,799.0,999.0,1399.0,1981.0,2131.0,2131.0,2556.0,2706.0,3195.0,0.0,농어촌구조개선특별회계,2021,농림축산식품부,3195.0
재해예방(농특),0.0,664.0,772.0,2172.0,2259.0,2346.0,2452.0,2452.0,3268.0,3268.0,3706.0,0.0,농어촌구조개선특별회계,2021,농림축산식품부,3706.0
친환경농자재,3.0,37.0,647.0,647.0,1291.0,1494.0,1728.0,1728.0,1728.0,1728.0,1728.0,0.0,농어촌구조개선특별회계,2021,농림축산식품부,1728.0
양곡매입 및 관리,0.0,20.0,2304.0,2304.0,2304.0,4040.0,4040.0,4048.0,4452.0,4457.0,4457.0,0.0,양곡관리특별회계,2021,농림축산식품부,4457.0
농어촌공사시설관리,0.0,0.0,546.0,546.0,546.0,1139.0,1139.0,1139.0,1366.0,1366.0,1366.0,0.0,일반회계,2021,농림축산식품부,1518.0
농산물유통개선(농안기금),0.0,500.0,974.0,3010.0,3909.0,4293.0,4448.0,4684.0,4787.0,4840.0,6031.0,0.0,농산물가격안정기금,2021,농림축산식품부,6658.0
소비지유통활성화,0.0,200.0,271.0,283.0,312.0,346.0,363.0,376.0,412.0,414.0,440.0,0.0,농산물가격안정기금,2021,농림축산식품부,512.0
대단위농업개발(농지),0.0,0.0,967.0,1243.0,1767.0,2216.0,2307.0,2401.0,2626.0,2782.0,2971.0,0.0,농지관리기금,2021,농림축산식품부,3236.0
원예산업경쟁력강화(FTA기금),0.0,422.0,902.0,1009.0,1139.0,1224.0,1226.0,1241.0,1249.0,1266.0,1266.0,0.0,자유무역협정이행지원기금,2021,농림축산식품부,1268.0
직접피해지원(FTA기금),845.0,897.0,917.0,917.0,917.0,917.0,925.0,925.0,925.0,925.0,925.0,0.0,자유무역협정이행지원기금,2021,농림축산식품부,1100.0
축사시설현대화(FTA),65.0,65.0,282.0,534.0,859.0,1078.0,1562.0,1636.0,1636.0,1636.0,1749.0,0.0,자유무역협정이행지원기금,2021,농림축산식품부,1912.0
축산물수급관리,38.0,152.0,250.0,375.0,505.0,679.0,688.0,1684.0,1749.0,1837.0,1864.0,0.0,축산발전기금,2021,농림축산식품부,1483.0
축산물품질관리(축발),14.0,39.0,80.0,135.0,176.0,236.0,277.0,331.0,372.0,407.0,441.0,0.0,축산발전기금,2021,농림축산식품부,506.0
축산업경쟁력제고(축발),0.0,0.0,917.0,2299.0,2344.0,2467.0,2537.0,2399.0,2402.0,2405.0,2717.0,0.0,축산발전기금,2021,농림축산식품부,4199.0
친환경축산(축발),5.0,8.0,167.0,494.0,644.0,932.0,958.0,1468.0,1529.0,1625.0,1642.0,0.0,축산발전기금,2021,농림축산식품부,1905.0
"지역농촌지도사업활성화지원(균특,지역자율)",0.0,80.0,85.0,184.0,285.0,454.0,500.0,500.0,503.0,503.0,508.0,0.0,국가균형발전특별회계,2021,농촌진흥청,558.0
농업과학기반연구,8.0,20.0,58.0,103.0,189.0,335.0,334.0,346.0,449.0,399.0,433.0,0.0,일반회계,2021,농촌진흥청,555.0
농업신성장동력연구,83.0,83.0,286.0,371.0,381.0,472.0,489.0,494.0,534.0,512.0,524.0,0.0,일반회계,2021,농촌진흥청,550.0
농업정책지원및기반육성,240.0,254.0,415.0,519.0,653.0,745.0,768.0,781.0,895.0,846.0,981.0,0.0,일반회계,2021,농촌진흥청,1067.0
원예특작연구(책임운영),11.0,28.0,66.0,122.0,169.0,280.0,290.0,316.0,403.0,385.0,414.0,0.0,일반회계,2021,농촌진흥청,517.0
지속가능한농업연구,0.0,2.0,336.0,464.0,584.0,749.0,771.0,796.0,916.0,860.0,902.0,0.0,일반회계,2021,농촌진흥청,969.0
국제교류및세계유산등재,359.0,374.0,662.0,684.0,684.0,825.0,826.0,830.0,840.0,842.0,848.0,0.0,일반회계,2021,문화재청,858.0
궁능원시설관리운영,11.0,20.0,38.0,58.0,128.0,194.0,206.0,216.0,238.0,258.0,292.0,0.0,일반회계,2021,문화재청,564.0
문화재보수정비,0.0,369.0,2481.0,3874.0,3970.0,3970.0,3970.0,3970.0,3970.0,3970.0,3970.0,0.0,일반회계,2021,문화재청,3970.0
문화재활용활성화,209.0,401.0,529.0,571.0,614.0,677.0,708.0,709.0,728.0,745.0,745.0,0.0,일반회계,2021,문화재청,790.0
광역관광자원개발,0.0,0.0,227.0,274.0,421.0,457.0,543.0,560.0,708.0,708.0,866.0,0.0,국가균형발전특별회계,2021,문화체육관광부,1349.0
문화시설 확충(지역자율),185.0,185.0,839.0,853.0,1473.0,1706.0,1928.0,1940.0,1948.0,1948.0,1948.0,0.0,국가균형발전특별회계,2021,문화체육관광부,2581.0
체육진흥시설지원,0.0,0.0,464.0,464.0,671.0,1085.0,1102.0,1102.0,1111.0,1111.0,1111.0,0.0,국가균형발전특별회계,2021,문화체육관광부,1853.0
문화중심도시조성,21.0,45.0,243.0,401.0,511.0,634.0,729.0,788.0,873.0,948.0,961.0,0.0,아시아문화중심도시조성특별회계,2021,문화체육관광부,1173.0
국립박물관 운영,33.0,51.0,117.0,159.0,205.0,320.0,387.0,445.0,538.0,595.0,679.0,0.0,일반회계,2021,문화체육관광부,1115.0
국어문화진흥,116.0,145.0,157.0,326.0,332.0,357.0,475.0,518.0,573.0,755.0,778.0,0.0,일반회계,2021,문화체육관광부,997.0
기초예술역량강화,231.0,455.0,459.0,569.0,780.0,864.0,869.0,1156.0,1158.0,1235.0,1237.0,0.0,일반회계,2021,문화체육관광부,1254.0
문화예술교육지원,224.0,572.0,791.0,893.0,951.0,1067.0,1211.0,1260.0,1260.0,1280.0,1296.0,0.0,일반회계,2021,문화체육관광부,1323.0
문화예술단체지원,97.0,344.0,376.0,376.0,554.0,666.0,723.0,846.0,846.0,846.0,846.0,0.0,일반회계,2021,문화체육관광부,846.0
종교문화활동 및 보존지원,3.0,64.0,240.0,315.0,332.0,337.0,374.0,383.0,419.0,443.0,489.0,0.0,일반회계,2021,문화체육관광부,590.0
지역문화 진흥,81.0,342.0,431.0,441.0,507.0,537.0,586.0,617.0,650.0,652.0,659.0,0.0,일반회계,2021,문화체육관광부,733.0
고부가가치 관광산업육성,0.0,0.0,0.0,355.0,372.0,419.0,471.0,549.0,553.0,560.0,585.0,0.0,관광진흥개발기금,2021,문화체육관광부,608.0
관광사업체 융자지원,136.0,523.0,1064.0,1785.0,2259.0,2953.0,3057.0,3244.0,3573.0,3835.0,4143.0,0.0,관광진흥개발기금,2021,문화체육관광부,5990.0
관광인프라 조성,164.0,251.0,254.0,324.0,388.0,425.0,462.0,473.0,605.0,612.0,638.0,0.0,관광진흥개발기금,2021,문화체육관광부,970.0
국내관광육성지원,112.0,558.0,561.0,721.0,726.0,731.0,851.0,900.0,941.0,955.0,958.0,0.0,관광진흥개발기금,2021,문화체육관광부,986.0
해외관광객유치활동사업,13.0,217.0,304.0,371.0,436.0,456.0,566.0,689.0,733.0,764.0,791.0,0.0,관광진흥개발기금,2021,문화체육관광부,779.0
국제스포츠 교류 활성화,49.0,122.0,193.0,285.0,380.0,429.0,468.0,472.0,524.0,559.0,573.0,0.0,국민체육진흥기금,2021,문화체육관광부,684.0
생활체육 활성화,200.0,472.0,938.0,2221.0,1245.0,1322.0,1510.0,1560.0,1779.0,1963.0,2025.0,0.0,국민체육진흥기금,2021,문화체육관광부,1646.0
생활체육시설 지원,0.0,575.0,1561.0,1941.0,2323.0,2527.0,2819.0,2882.0,2990.0,3207.0,3247.0,0.0,국민체육진흥기금,2021,문화체육관광부,3509.0
스포츠산업 활성화,61.0,224.0,402.0,703.0,867.0,1036.0,1271.0,1538.0,1778.0,2067.0,2107.0,0.0,국민체육진흥기금,2021,문화체육관광부,1802.0
장애인체육 육성,73.0,271.0,320.0,481.0,481.0,514.0,550.0,550.0,585.0,601.0,601.0,0.0,국민체육진흥기금,2021,문화체육관광부,608.0
전문체육 육성,2.0,360.0,1396.0,1549.0,1704.0,1704.0,1716.0,1750.0,1858.0,1865.0,1889.0,0.0,국민체육진흥기금,2021,문화체육관광부,1964.0
예술창작역량강화,8.0,41.0,261.0,364.0,414.0,487.0,556.0,687.0,760.0,816.0,874.0,0.0,문화예술진흥기금,2021,문화체육관광부,898.0
예술향유기회 확대,1.0,486.0,756.0,1067.0,1138.0,1513.0,1548.0,1709.0,1739.0,1815.0,1854.0,0.0,문화예술진흥기금,2021,문화체육관광부,1752.0
영화산업 육성 및 지원,13.0,372.0,412.0,484.0,584.0,839.0,865.0,897.0,989.0,1039.0,1191.0,0.0,영화발전기금,2021,문화체육관광부,1049.0
국방과학연구소,192.0,358.0,395.0,444.0,717.0,1186.0,1187.0,1187.0,1192.0,1194.0,1244.0,0.0,일반회계,2021,방위사업청,1683.0
국방기술개발,2082.0,2432.0,2806.0,2841.0,3823.0,4972.0,4974.0,5142.0,5152.0,5488.0,7046.0,0.0,일반회계,2021,방위사업청,8443.0
국방기술품질원,101.0,167.0,196.0,201.0,212.0,367.0,388.0,413.0,448.0,479.0,533.0,0.0,일반회계,2021,방위사업청,758.0
기동화력 양산/구매,578.0,1538.0,5417.0,5726.0,6023.0,7654.0,7968.0,8471.0,9055.0,9162.0,9892.0,0.0,일반회계,2021,방위사업청,12281.0
유도무기 양산/구매,68.0,110.0,2635.0,2747.0,3344.0,4766.0,4940.0,5026.0,5432.0,5733.0,5999.0,0.0,일반회계,2021,방위사업청,8148.0
유도무기 연구개발,394.0,411.0,1328.0,1422.0,2226.0,4285.0,4287.0,4287.0,4287.0,4451.0,4562.0,0.0,일반회계,2021,방위사업청,4753.0
지휘정찰 양산/구매,3.0,564.0,1539.0,1794.0,2291.0,4339.0,4666.0,4833.0,6577.0,7314.0,7925.0,0.0,일반회계,2021,방위사업청,13119.0
지휘정찰 연구개발,576.0,1079.0,1837.0,2169.0,2256.0,4066.0,4066.0,4074.0,4078.0,4128.0,4642.0,0.0,일반회계,2021,방위사업청,4840.0
함정 양산/구매,23.0,68.0,2450.0,2566.0,3248.0,9796.0,10250.0,10677.0,11704.0,11805.0,12898.0,0.0,일반회계,2021,방위사업청,21456.0
함정 연구개발,91.0,91.0,93.0,95.0,366.0,914.0,918.0,918.0,920.0,929.0,1041.0,0.0,일반회계,2021,방위사업청,1345.0
항공기 양산/구매,0.0,2921.0,4203.0,4230.0,4246.0,6178.0,6398.0,6462.0,6609.0,6723.0,7038.0,0.0,일반회계,2021,방위사업청,9243.0
항공기 연구개발,103.0,132.0,2340.0,2341.0,2531.0,6305.0,6305.0,6312.0,6313.0,6421.0,6438.0,0.0,일반회계,2021,방위사업청,9972.0
교도소운영,65.0,79.0,105.0,214.0,262.0,341.0,404.0,446.0,511.0,568.0,659.0,0.0,일반회계,2021,법무부,1029.0
법률구조,193.0,193.0,193.0,386.0,386.0,386.0,461.0,461.0,461.0,536.0,536.0,0.0,일반회계,2021,법무부,537.0
지역자율형 사회서비스 투자사업,200.0,750.0,1124.0,1452.0,1874.0,2324.0,2424.0,2483.0,2886.0,3095.0,3095.0,0.0,국가균형발전특별회계,2021,보건복지부,3304.0
첨단의료복합단지조성,0.0,60.0,60.0,263.0,363.0,363.0,363.0,403.0,449.0,449.0,458.0,0.0,국가균형발전특별회계,2021,보건복지부,560.0
농어촌의료서비스 개선,484.0,484.0,484.0,546.0,546.0,546.0,546.0,546.0,546.0,546.0,546.0,0.0,농어촌구조개선특별회계,2021,보건복지부,546.0
기초연금 지원,16391.0,28042.0,39692.0,54170.0,74111.0,103100.0,109097.0,116093.0,125089.0,134885.0,144681.0,0.0,일반회계,2021,보건복지부,149632.0
긴급복지,927.0,1113.0,1298.0,1718.0,1856.0,2156.0,2156.0,2156.0,2156.0,2156.0,2156.0,0.0,일반회계,2021,보건복지부,1856.0
노인돌봄서비스,1001.0,1001.0,1002.0,2003.0,2003.0,2997.0,3005.0,3005.0,4101.0,4112.0,4112.0,0.0,일반회계,2021,보건복지부,4171.0
노인요양시설확충,432.0,565.0,566.0,567.0,567.0,657.0,658.0,658.0,658.0,659.0,668.0,0.0,일반회계,2021,보건복지부,674.0
노인일자리지원,4681.0,4762.0,4762.0,9134.0,9784.0,9784.0,13111.0,13111.0,13122.0,13151.0,13151.0,0.0,일반회계,2021,보건복지부,13151.0
방과후 돌봄 지원,769.0,837.0,839.0,1312.0,1316.0,1425.0,1786.0,1786.0,1788.0,2215.0,2215.0,0.0,일반회계,2021,보건복지부,2287.0
보건산업진흥,121.0,269.0,414.0,446.0,458.0,496.0,570.0,637.0,688.0,721.0,722.0,0.0,일반회계,2021,보건복지부,721.0
보건의료연구개발,3577.0,3579.0,4099.0,4387.0,4503.0,4678.0,4917.0,4919.0,4929.0,4936.0,4939.0,0.0,일반회계,2021,보건복지부,4968.0
사회보장시스템 및 사회보장 정보원 운영,67.0,113.0,171.0,308.0,594.0,834.0,884.0,926.0,961.0,981.0,1079.0,0.0,일반회계,2021,보건복지부,1716.0
사회복무제도 운영,620.0,620.0,620.0,1197.0,1197.0,1718.0,1718.0,1748.0,1748.0,2216.0,2216.0,0.0,일반회계,2021,보건복지부,2482.0
사회복지전달체계,536.0,679.0,891.0,1211.0,1240.0,1383.0,1608.0,1643.0,1643.0,1836.0,1840.0,0.0,일반회계,2021,보건복지부,1879.0
어린이집 지원,66.0,66.0,201.0,268.0,336.0,402.0,471.0,471.0,538.0,538.0,591.0,0.0,일반회계,2021,보건복지부,606.0
어린이집 확충 및 환경개선,0.0,79.0,113.0,178.0,280.0,329.0,381.0,391.0,421.0,421.0,496.0,0.0,일반회계,2021,보건복지부,677.0
영유아보육료지원,6832.0,10132.0,12132.0,18312.0,20137.0,23532.0,24532.0,27884.0,29384.0,31238.0,33152.0,0.0,일반회계,2021,보건복지부,33952.0
의료기관 질관리 및 정책지원,252.0,268.0,279.0,304.0,331.0,437.0,439.0,460.0,469.0,483.0,484.0,0.0,일반회계,2021,보건복지부,611.0
자활지원,2986.0,2987.0,2987.0,5460.0,5461.0,5461.0,6053.0,6177.0,6184.0,7094.0,7111.0,0.0,일반회계,2021,보건복지부,7112.0
장사시설,262.0,373.0,386.0,541.0,541.0,541.0,549.0,549.0,551.0,559.0,559.0,0.0,일반회계,2021,보건복지부,561.0
장애인복지시설지원,1642.0,1700.0,1786.0,3457.0,3471.0,3610.0,4700.0,4705.0,4716.0,5963.0,5983.0,0.0,일반회계,2021,보건복지부,6080.0
장애인선택적복지,9403.0,9408.0,9415.0,9533.0,9536.0,13813.0,13927.0,13998.0,14040.0,17590.0,17590.0,0.0,일반회계,2021,보건복지부,17794.0
장애인소득보장,1624.0,2967.0,4311.0,5624.0,6639.0,7652.0,8376.0,8974.0,9573.0,10007.0,10373.0,0.0,일반회계,2021,보건복지부,10375.0
장애인일자리지원,638.0,638.0,638.0,1277.0,1277.0,1277.0,1436.0,1436.0,1436.0,1596.0,1596.0,0.0,일반회계,2021,보건복지부,1596.0
정신보건시설기능보강,396.0,399.0,400.0,804.0,831.0,857.0,1040.0,1041.0,1048.0,1054.0,1248.0,0.0,일반회계,2021,보건복지부,1329.0
지방의료원 등 육성,35.0,593.0,1040.0,1053.0,1054.0,1116.0,1157.0,1162.0,1247.0,1287.0,1318.0,0.0,일반회계,2021,보건복지부,1433.0
결핵관리(국민건강증진기금),143.0,225.0,246.0,263.0,264.0,391.0,467.0,470.0,473.0,476.0,478.0,0.0,국민건강증진기금,2021,보건복지부,506.0
국가암관리사업지원,0.0,451.0,469.0,919.0,919.0,923.0,941.0,941.0,942.0,942.0,943.0,0.0,국민건강증진기금,2021,보건복지부,950.0
금연사업,1.0,528.0,674.0,674.0,679.0,992.0,1062.0,1082.0,1084.0,1136.0,1153.0,0.0,국민건강증진기금,2021,보건복지부,1228.0
보건소건강증진,173.0,180.0,186.0,357.0,360.0,375.0,533.0,533.0,536.0,706.0,706.0,0.0,국민건강증진기금,2021,보건복지부,715.0
보건의료연구개발,513.0,621.0,643.0,646.0,663.0,702.0,818.0,818.0,818.0,818.0,818.0,0.0,국민건강증진기금,2021,보건복지부,849.0
예방접종관리,498.0,749.0,1013.0,1014.0,1017.0,2303.0,2307.0,3105.0,3107.0,3434.0,3439.0,0.0,국민건강증진기금,2021,보건복지부,3472.0
정신건강증진사업,151.0,802.0,788.0,865.0,865.0,868.0,1281.0,1289.0,1298.0,1302.0,1303.0,0.0,국민건강증진기금,2021,보건복지부,1280.0
치매관리사업지원,166.0,476.0,725.0,729.0,1378.0,1400.0,1687.0,1699.0,1725.0,1977.0,1977.0,0.0,국민건강증진기금,2021,보건복지부,2047.0
응급의료기관 지원,75.0,110.0,164.0,395.0,428.0,955.0,976.0,1131.0,1220.0,1285.0,1286.0,0.0,응급의료기금,2021,보건복지부,1353.0
"산림휴양녹색공간조성(균특,자율)",0.0,57.0,57.0,66.0,226.0,237.0,329.0,329.0,364.0,365.0,416.0,0.0,국가균형발전특별회계,2021,산림청,522.0
"임도시설(균특,자율)",0.0,199.0,200.0,243.0,400.0,400.0,400.0,404.0,439.0,439.0,536.0,0.0,국가균형발전특별회계,2021,산림청,665.0
"임도시설(균특,지원)",0.0,13.0,224.0,383.0,470.0,550.0,555.0,568.0,608.0,654.0,762.0,0.0,국가균형발전특별회계,2021,산림청,1055.0
목재 및 임산물활용(농특),1.0,208.0,265.0,412.0,415.0,439.0,508.0,643.0,644.0,656.0,663.0,0.0,농어촌구조개선특별회계,2021,산림청,692.0
산림병해충 예방 및 대응(농특),13.0,512.0,591.0,617.0,633.0,827.0,828.0,828.0,840.0,842.0,845.0,0.0,농어촌구조개선특별회계,2021,산림청,888.0
산림자원 육성·관리(농특),10.0,1582.0,1702.0,2290.0,2409.0,2687.0,2728.0,2822.0,2884.0,2910.0,2942.0,0.0,농어촌구조개선특별회계,2021,산림청,3030.0
미세먼지 저감 대응 기반구축,0.0,156.0,1028.0,1035.0,1247.0,1734.0,1735.0,1759.0,1944.0,2020.0,2247.0,0.0,에너지및자원사업특별회계,2021,산림청,2337.0
산림복지서비스 제공·운영,28.0,170.0,328.0,376.0,383.0,419.0,456.0,459.0,462.0,467.0,475.0,0.0,일반회계,2021,산림청,651.0
산림재해대응(일반),298.0,314.0,318.0,583.0,652.0,661.0,662.0,669.0,671.0,673.0,675.0,0.0,일반회계,2021,산림청,679.0
산림헬기(일반),11.0,14.0,67.0,73.0,97.0,240.0,244.0,305.0,351.0,450.0,480.0,0.0,일반회계,2021,산림청,594.0
산사태 예방 및 대응(일반),869.0,974.0,1121.0,1477.0,1498.0,1634.0,1640.0,1646.0,1652.0,1658.0,1677.0,0.0,일반회계,2021,산림청,1723.0
한국수목원관리원 지원(일반),80.0,117.0,144.0,264.0,264.0,359.0,359.0,359.0,359.0,426.0,506.0,0.0,일반회계,2021,산림청,513.0
경제자유구역지원,0.0,0.0,182.0,197.0,378.0,378.0,398.0,529.0,553.0,601.0,781.0,0.0,국가균형발전특별회계,2021,산업통상자원부,801.0
외국인투자유치활성화,275.0,298.0,400.0,400.0,663.0,663.0,820.0,820.0,848.0,911.0,994.0,0.0,국가균형발전특별회계,2021,산업통상자원부,1739.0
지역산업거점기관지원,400.0,1314.0,1413.0,1413.0,1513.0,1756.0,1756.0,2006.0,2006.0,2056.0,2178.0,0.0,국가균형발전특별회계,2021,산업통상자원부,2178.0
지역산업경쟁력강화,349.0,689.0,870.0,1045.0,1226.0,1808.0,1875.0,2282.0,2464.0,2551.0,2578.0,0.0,국가균형발전특별회계,2021,산업통상자원부,2578.0
지역투자유치활성화,0.0,241.0,282.0,488.0,681.0,976.0,989.0,1095.0,1305.0,1428.0,1801.0,0.0,국가균형발전특별회계,2021,산업통상자원부,1959.0
소재부품장비기반구축,293.0,386.0,563.0,725.0,725.0,2315.0,2402.0,2515.0,2515.0,2515.0,2515.0,0.0,소재부품장비경쟁력강화특별회계,2021,산업통상자원부,2515.0
소재부품장비기술개발,4331.0,6746.0,12591.0,12629.0,13011.0,13011.0,13031.0,13036.0,13036.0,13036.0,13036.0,0.0,소재부품장비경쟁력강화특별회계,2021,산업통상자원부,13036.0
가스안전관리,46.0,147.0,163.0,393.0,508.0,617.0,643.0,660.0,662.0,780.0,866.0,0.0,에너지및자원사업특별회계,2021,산업통상자원부,903.0
광산지역진흥,34.0,207.0,443.0,516.0,597.0,598.0,600.0,611.0,611.0,611.0,602.0,0.0,에너지및자원사업특별회계,2021,산업통상자원부,633.0
광해관리공단,50.0,411.0,500.0,769.0,1130.0,1179.0,1179.0,1299.0,1299.0,1299.0,1550.0,0.0,에너지및자원사업특별회계,2021,산업통상자원부,1554.0
기반구축,0.0,19.0,186.0,830.0,1020.0,1030.0,1030.0,1036.0,1041.0,1124.0,1209.0,0.0,에너지및자원사업특별회계,2021,산업통상자원부,1211.0
에너지복지지원,0.0,150.0,150.0,450.0,450.0,450.0,450.0,600.0,600.0,869.0,869.0,0.0,에너지및자원사업특별회계,2021,산업통상자원부,869.0
에너지수요기술,21.0,453.0,467.0,1440.0,1570.0,2157.0,2390.0,2752.0,2752.0,2869.0,2941.0,0.0,에너지및자원사업특별회계,2021,산업통상자원부,2947.0
에너지이용합리화,23.0,561.0,571.0,1328.0,2070.0,2760.0,2835.0,2868.0,2872.0,3286.0,3648.0,0.0,에너지및자원사업특별회계,2021,산업통상자원부,4032.0
공공기술개발,35.0,145.0,212.0,496.0,587.0,588.0,605.0,605.0,605.0,605.0,605.0,0.0,일반회계,2021,산업통상자원부,605.0
국가표준혁신및국제협력,519.0,816.0,901.0,1256.0,1598.0,1608.0,1667.0,1674.0,1717.0,1802.0,1813.0,0.0,일반회계,2021,산업통상자원부,1853.0
기업입지환경개선,0.0,1742.0,2277.0,2746.0,3906.0,4297.0,4312.0,4402.0,4422.0,4467.0,4467.0,0.0,일반회계,2021,산업통상자원부,4467.0
로봇산업진흥,0.0,254.0,254.0,345.0,345.0,445.0,508.0,508.0,508.0,508.0,508.0,0.0,일반회계,2021,산업통상자원부,508.0
바이오헬스기술개발,628.0,678.0,1379.0,2194.0,2267.0,2267.0,2359.0,2359.0,2360.0,2360.0,2360.0,0.0,일반회계,2021,산업통상자원부,2360.0
산업기술기반구축,1006.0,1108.0,1187.0,1317.0,1837.0,2206.0,2273.0,2363.0,2437.0,2522.0,2522.0,0.0,일반회계,2021,산업통상자원부,2631.0
수송기기기술개발,34.0,818.0,2024.0,2423.0,3107.0,3266.0,3266.0,3366.0,3400.0,3400.0,3400.0,0.0,일반회계,2021,산업통상자원부,3400.0
수출역량강화,919.0,1933.0,1956.0,2522.0,3153.0,3353.0,3502.0,3752.0,4003.0,4345.0,4531.0,0.0,일반회계,2021,산업통상자원부,4625.0
스마트전자기술개발,602.0,726.0,892.0,925.0,1219.0,1264.0,1264.0,1264.0,1264.0,1264.0,1264.0,0.0,일반회계,2021,산업통상자원부,1264.0
우수기술역량강화,428.0,682.0,869.0,985.0,1474.0,1474.0,1502.0,1504.0,1504.0,1504.0,1504.0,0.0,일반회계,2021,산업통상자원부,1504.0
인력양성(일반회계),14.0,199.0,853.0,1227.0,1443.0,1443.0,1443.0,1443.0,1459.0,1459.0,1459.0,0.0,일반회계,2021,산업통상자원부,1459.0
제조기반기술개발,136.0,929.0,1612.0,2461.0,2499.0,3015.0,3077.0,3381.0,3381.0,3393.0,3393.0,0.0,일반회계,2021,산업통상자원부,3393.0
중견기업역량강화,55.0,671.0,685.0,686.0,686.0,686.0,690.0,697.0,698.0,698.0,698.0,0.0,일반회계,2021,산업통상자원부,700.0
포항지진 피해구제,0.0,0.0,0.0,34.0,326.0,542.0,711.0,901.0,1187.0,1664.0,1985.0,0.0,일반회계,2021,산업통상자원부,3000.0
중저준위방사성폐기물관리,63.0,166.0,242.0,285.0,319.0,490.0,629.0,632.0,666.0,762.0,762.0,0.0,방사성폐기물관리기금,2021,산업통상자원부,762.0
기반구축(기금),149.0,290.0,635.0,635.0,652.0,897.0,914.0,914.0,1049.0,1049.0,1049.0,0.0,전력산업기반기금,2021,산업통상자원부,1049.0
농어촌전기공급지원(기금),0.0,0.0,344.0,962.0,962.0,962.0,1102.0,1102.0,1102.0,1102.0,1373.0,0.0,전력산업기반기금,2021,산업통상자원부,1373.0
발전소주변지역지원(기금),20.0,20.0,995.0,1570.0,1602.0,1610.0,1730.0,1730.0,1759.0,1841.0,1841.0,0.0,전력산업기반기금,2021,산업통상자원부,1851.0
에너지신산업,1.0,1.0,168.0,212.0,217.0,280.0,280.0,282.0,412.0,412.0,413.0,0.0,전력산업기반기금,2021,산업통상자원부,511.0
재생에너지지원,154.0,389.0,3644.0,4931.0,6857.0,8476.0,10055.0,10993.0,11930.0,12541.0,12831.0,0.0,전력산업기반기금,2021,산업통상자원부,13372.0
전기안전관리(기금),30.0,30.0,417.0,666.0,671.0,792.0,792.0,792.0,951.0,951.0,1108.0,0.0,전력산업기반기금,2021,산업통상자원부,1108.0
전력공급기술,1763.0,2370.0,2612.0,3901.0,3937.0,3950.0,4026.0,4026.0,4026.0,4215.0,4215.0,0.0,전력산업기반기금,2021,산업통상자원부,4215.0
전력수요관리(기금),0.0,0.0,169.0,169.0,258.0,1026.0,1108.0,1108.0,1357.0,1362.0,1362.0,0.0,전력산업기반기금,2021,산업통상자원부,1380.0
전력수요기술,270.0,413.0,854.0,882.0,914.0,942.0,948.0,948.0,948.0,948.0,948.0,0.0,전력산업기반기금,2021,산업통상자원부,948.0
새만금개발사업지원,9.0,548.0,1016.0,1175.0,1266.0,1728.0,1741.0,1813.0,1980.0,1992.0,2096.0,0.0,일반회계,2021,새만금개발청,2674.0
중앙119구조본부지원,49.0,50.0,52.0,281.0,288.0,292.0,293.0,297.0,442.0,445.0,464.0,0.0,일반회계,2021,소방청,524.0
식의약품 안전 연구개발,200.0,431.0,520.0,631.0,709.0,820.0,843.0,861.0,872.0,879.0,897.0,0.0,일반회계,2021,식품의약품안전처,1106.0
집단급식소 위생강화,228.0,244.0,247.0,414.0,419.0,603.0,616.0,618.0,625.0,630.0,631.0,0.0,일반회계,2021,식품의약품안전처,644.0
아이돌봄지원,1028.0,1028.0,1028.0,1808.0,1808.0,1808.0,2307.0,2308.0,2308.0,2376.0,2496.0,0.0,일반회계,2021,여성가족부,2515.0
여성경제활동 촉진지원,167.0,205.0,399.0,451.0,451.0,486.0,497.0,669.0,693.0,693.0,700.0,0.0,일반회계,2021,여성가족부,701.0
가족서비스지원,256.0,360.0,360.0,637.0,650.0,650.0,820.0,820.0,821.0,914.0,914.0,0.0,양성평등기금,2021,여성가족부,928.0
청소년 사회안전망구축,128.0,201.0,263.0,359.0,453.0,453.0,613.0,620.0,622.0,623.0,629.0,0.0,청소년육성기금,2021,여성가족부,637.0
글로벌 프로그램,303.0,609.0,915.0,1182.0,1449.0,1716.0,1830.0,1944.0,1944.0,2059.0,2023.0,0.0,일반회계,2021,외교부,2269.0
아시아 및 태평양지역 국가원조,343.0,745.0,1020.0,1269.0,1517.0,1766.0,1879.0,1993.0,1993.0,2106.0,1913.0,0.0,일반회계,2021,외교부,2323.0
아프리카지역 국가원조,164.0,329.0,493.0,637.0,781.0,924.0,989.0,1048.0,1048.0,1109.0,1146.0,0.0,일반회계,2021,외교부,1233.0
중남미지역 국가원조,95.0,197.0,300.0,387.0,474.0,562.0,593.0,624.0,624.0,654.0,650.0,0.0,일반회계,2021,외교부,709.0
중동CIS지역 국가원조,101.0,284.0,300.0,358.0,416.0,474.0,520.0,528.0,528.0,536.0,509.0,0.0,일반회계,2021,외교부,551.0
협력사업 지원,95.0,153.0,201.0,260.0,318.0,377.0,402.0,428.0,428.0,453.0,469.0,0.0,일반회계,2021,외교부,503.0
원자력안전규제기술개발(R&D),289.0,442.0,442.0,661.0,661.0,661.0,663.0,663.0,663.0,663.0,663.0,0.0,일반회계,2021,원자력안전위원회,663.0
규제자유특구제도,414.0,537.0,670.0,673.0,992.0,1183.0,1183.0,1183.0,1472.0,1555.0,1555.0,0.0,국가균형발전특별회계,2021,중소벤처기업부,1653.0
"산학연협력기술개발(균특, R＆D)",37.0,174.0,326.0,426.0,530.0,713.0,713.0,713.0,713.0,722.0,743.0,0.0,국가균형발전특별회계,2021,중소벤처기업부,743.0
지역산업경쟁력강화,204.0,408.0,418.0,638.0,985.0,1443.0,1443.0,1443.0,1443.0,1715.0,1922.0,0.0,국가균형발전특별회계,2021,중소벤처기업부,2239.0
창업인프라지원(균특),0.0,34.0,80.0,209.0,271.0,378.0,378.0,378.0,378.0,475.0,638.0,0.0,국가균형발전특별회계,2021,중소벤처기업부,771.0
기술개발지원(R&D),233.0,412.0,649.0,1380.0,1405.0,1580.0,1785.0,1953.0,1953.0,1953.0,1953.0,0.0,소재부품장비경쟁력강화특별회계,2021,중소벤처기업부,1953.0
기술개발지원(R&D),1657.0,2745.0,4123.0,8250.0,8320.0,9372.0,9910.0,10489.0,10806.0,10941.0,11441.0,0.0,일반회계,2021,중소벤처기업부,11441.0
매출채권보험계정출연,168.0,318.0,504.0,550.0,550.0,550.0,550.0,550.0,550.0,550.0,550.0,0.0,일반회계,2021,중소벤처기업부,550.0
벤처성장인프라지원,0.0,497.0,522.0,842.0,1793.0,2236.0,2242.0,2251.0,2259.0,2259.0,2259.0,0.0,일반회계,2021,중소벤처기업부,2259.0
중소기업경쟁력강화,50.0,451.0,529.0,3134.0,3475.0,3753.0,4040.0,4362.0,4525.0,4579.0,4604.0,0.0,일반회계,2021,중소벤처기업부,4604.0
중소기업수출역량강화,0.0,250.0,561.0,624.0,798.0,798.0,890.0,989.0,989.0,1049.0,1063.0,0.0,일반회계,2021,중소벤처기업부,1063.0
중소기업인력양성및취업촉진,345.0,575.0,1218.0,2167.0,2198.0,2576.0,2940.0,3024.0,3462.0,3538.0,3667.0,0.0,일반회계,2021,중소벤처기업부,3670.0
중소기업판로및컨설팅지원,0.0,34.0,174.0,372.0,392.0,665.0,671.0,692.0,787.0,810.0,851.0,0.0,일반회계,2021,중소벤처기업부,852.0
중소기업해외시장개척지원,0.0,266.0,363.0,697.0,697.0,697.0,739.0,769.0,808.0,815.0,902.0,0.0,일반회계,2021,중소벤처기업부,943.0
창업생태계기반조성,52.0,154.0,155.0,829.0,831.0,961.0,1105.0,1263.0,1344.0,1360.0,1382.0,0.0,일반회계,2021,중소벤처기업부,1383.0
창업활성화지원,281.0,767.0,1809.0,3930.0,5101.0,5334.0,5514.0,5743.0,5803.0,5876.0,5980.0,0.0,일반회계,2021,중소벤처기업부,5980.0
소상공인지원(기금),35582.0,36302.0,41669.0,42174.0,42213.0,42224.0,28974.0,72133.0,72253.0,92737.0,96875.0,0.0,소상공인시장진흥기금,2021,중소벤처기업부,3516.0
소상공인지원융자(기금),1321.0,4330.0,5345.0,8146.0,10074.0,11151.0,12224.0,16832.0,20046.0,21325.0,23392.0,0.0,소상공인시장진흥기금,2021,중소벤처기업부,37000.0
전통시장활성화지원(기금),43.0,228.0,3144.0,3198.0,3316.0,3414.0,3493.0,4288.0,4436.0,4643.0,4643.0,0.0,소상공인시장진흥기금,2021,중소벤처기업부,4377.0
지역신용보증재단지원(기금),0.0,1697.0,1697.0,1697.0,1697.0,1697.0,1697.0,1697.0,1697.0,2329.0,2329.0,0.0,소상공인시장진흥기금,2021,중소벤처기업부,2329.0
성장안정자금(기금),981.0,3638.0,8291.0,11796.0,14618.0,17778.0,19867.0,21843.0,24723.0,27247.0,30454.0,0.0,중소벤처기업창업및진흥기금,2021,중소벤처기업부,27700.0
재도약지원(기금),42.0,293.0,706.0,901.0,1074.0,1326.0,1502.0,1717.0,2012.0,2222.0,2516.0,0.0,중소벤처기업창업및진흥기금,2021,중소벤처기업부,2518.0
창업기업지원융자(기금),1523.0,5828.0,11244.0,13426.0,15399.0,17421.0,18382.0,18862.0,19982.0,21429.0,23454.0,0.0,중소벤처기업창업및진흥기금,2021,중소벤처기업부,23514.0
투융자복합금융지원(기금),50.0,70.0,149.0,212.0,297.0,1119.0,1162.0,1281.0,1331.0,1373.0,1400.0,0.0,중소벤처기업창업및진흥기금,2021,중소벤처기업부,1400.0
감염병관리,4539.0,5451.0,9140.0,12336.0,15880.0,18085.0,18454.0,18725.0,18999.0,19838.0,20419.0,0.0,일반회계,2021,질병관리청,2507.0
국가 보건의료연구 인프라 구축,17.0,55.0,93.0,130.0,143.0,167.0,221.0,253.0,284.0,328.0,381.0,0.0,일반회계,2021,질병관리청,529.0
R&D 효율성제고를위한 특허정보 활용강화,0.0,0.0,434.0,434.0,434.0,434.0,434.0,434.0,434.0,434.0,434.0,0.0,특허청,2021,특허청,545.0
심사·심판처리 지원,2.0,208.0,327.0,344.0,363.0,554.0,591.0,611.0,642.0,663.0,681.0,0.0,특허청,2021,특허청,752.0
지식재산 활용촉진,326.0,368.0,401.0,401.0,484.0,484.0,567.0,567.0,567.0,567.0,567.0,0.0,특허청,2021,특허청,573.0
보급지원,29.0,175.0,282.0,394.0,489.0,656.0,697.0,779.0,968.0,996.0,1085.0,0.0,일반회계,2021,해양경찰청,1135.0
광양항 개발,18.0,209.0,258.0,271.0,272.0,338.0,338.0,346.0,368.0,369.0,371.0,0.0,교통시설특별회계,2021,해양수산부,594.0
그린포트 구축,248.0,530.0,567.0,654.0,762.0,997.0,1019.0,1068.0,1231.0,1349.0,1451.0,0.0,교통시설특별회계,2021,해양수산부,1604.0
동해신항 개발,0.0,538.0,571.0,602.0,710.0,946.0,968.0,985.0,1038.0,1106.0,1167.0,0.0,교통시설특별회계,2021,해양수산부,1456.0
부산항 신항만 개발,57.0,288.0,357.0,399.0,437.0,577.0,577.0,585.0,624.0,651.0,723.0,0.0,교통시설특별회계,2021,해양수산부,976.0
새만금신항 개발,16.0,111.0,122.0,305.0,305.0,433.0,435.0,437.0,521.0,564.0,564.0,0.0,교통시설특별회계,2021,해양수산부,758.0
울산신항 개발,412.0,499.0,597.0,780.0,884.0,979.0,1085.0,1166.0,1225.0,1324.0,1395.0,0.0,교통시설특별회계,2021,해양수산부,1867.0
인천신항 개발,7.0,537.0,625.0,625.0,625.0,735.0,735.0,735.0,786.0,787.0,800.0,0.0,교통시설특별회계,2021,해양수산부,1114.0
일반항 건설,194.0,363.0,501.0,647.0,736.0,961.0,987.0,1133.0,1251.0,1267.0,1310.0,0.0,교통시설특별회계,2021,해양수산부,1766.0
평택당진항 개발,69.0,80.0,211.0,214.0,232.0,321.0,321.0,320.0,345.0,346.0,353.0,0.0,교통시설특별회계,2021,해양수산부,531.0
항로표지시설 확충 및 안전관리,38.0,93.0,238.0,262.0,284.0,397.0,405.0,417.0,432.0,448.0,491.0,0.0,교통시설특별회계,2021,해양수산부,607.0
항만 재개발,412.0,412.0,468.0,477.0,503.0,551.0,555.0,570.0,616.0,620.0,639.0,0.0,교통시설특별회계,2021,해양수산부,874.0
항만시설유지보수(교특),130.0,241.0,394.0,478.0,605.0,795.0,811.0,840.0,907.0,939.0,981.0,0.0,교통시설특별회계,2021,해양수산부,1203.0
지방이양항만,0.0,0.0,84.0,470.0,961.0,1538.0,1598.0,1598.0,1598.0,1598.0,1598.0,0.0,국가균형발전특별회계,2021,해양수산부,1598.0
해양 및 수자원 관리,200.0,350.0,374.0,413.0,437.0,501.0,501.0,501.0,501.0,501.0,501.0,0.0,국가균형발전특별회계,2021,해양수산부,501.0
수산연구개발,330.0,361.0,398.0,473.0,534.0,534.0,534.0,534.0,534.0,534.0,534.0,0.0,농어촌구조개선특별회계,2021,해양수산부,534.0
수산자원조성,468.0,473.0,487.0,493.0,499.0,506.0,601.0,602.0,692.0,693.0,698.0,0.0,농어촌구조개선특별회계,2021,해양수산부,707.0
어항기반시설조성(농특),2756.0,3312.0,3687.0,3836.0,6370.0,7018.0,7116.0,7179.0,7400.0,7428.0,7524.0,0.0,농어촌구조개선특별회계,2021,해양수산부,8381.0
연근해어업구조조정,67.0,67.0,115.0,115.0,315.0,695.0,696.0,696.0,843.0,958.0,1008.0,0.0,농어촌구조개선특별회계,2021,해양수산부,1271.0
재해대책,677.0,677.0,679.0,1135.0,1135.0,1135.0,1312.0,1489.0,1489.0,1489.0,1490.0,0.0,농어촌구조개선특별회계,2021,해양수산부,1490.0
친환경양식육성(농특),13.0,96.0,488.0,609.0,616.0,738.0,777.0,812.0,821.0,847.0,869.0,0.0,농어촌구조개선특별회계,2021,해양수산부,888.0
연안선사 유류비 지원,0.0,0.0,14.0,49.0,51.0,78.0,84.0,105.0,125.0,140.0,161.0,0.0,에너지및자원사업특별회계,2021,해양수산부,765.0
어업안전지도강화,12.0,230.0,285.0,324.0,353.0,411.0,444.0,466.0,716.0,869.0,902.0,0.0,일반회계,2021,해양수산부,1323.0
연안환경관리(일반),78.0,160.0,222.0,255.0,276.0,313.0,327.0,341.0,378.0,397.0,416.0,0.0,일반회계,2021,해양수산부,512.0
한국해양과학기술원 운영지원,133.0,296.0,480.0,1257.0,1257.0,1257.0,1294.0,1370.0,1396.0,1396.0,1453.0,0.0,일반회계,2021,해양수산부,1489.0
해양문화활성화,151.0,153.0,195.0,233.0,258.0,331.0,345.0,348.0,433.0,457.0,474.0,0.0,일반회계,2021,해양수산부,661.0
해양안전관리시스템 구축.운영(일반),57.0,197.0,276.0,445.0,470.0,481.0,533.0,608.0,666.0,685.0,701.0,0.0,일반회계,2021,해양수산부,753.0
해양지형조사 및 정보제공,41.0,73.0,283.0,462.0,486.0,556.0,575.0,594.0,615.0,618.0,641.0,0.0,일반회계,2021,해양수산부,823.0
해운물류지원,27.0,63.0,126.0,206.0,525.0,771.0,798.0,816.0,858.0,879.0,1146.0,0.0,일반회계,2021,해양수산부,1256.0
수산물가격안정(기금·융자),0.0,0.0,114.0,486.0,563.0,1225.0,1237.0,1490.0,1746.0,1814.0,1890.0,0.0,수산발전기금,2021,해양수산부,1414.0
수산물유통자금지원(기금),0.0,45.0,669.0,751.0,774.0,959.0,964.0,985.0,1014.0,1023.0,1123.0,0.0,수산발전기금,2021,해양수산부,1278.0
해양환경개선(기금),240.0,325.0,325.0,362.0,372.0,441.0,501.0,502.0,502.0,538.0,538.0,0.0,수산발전기금,2021,해양수산부,559.0
접경권발전지원,0.0,260.0,311.0,311.0,311.0,508.0,508.0,508.0,594.0,594.0,599.0,0.0,국가균형발전특별회계,2021,행정안전부,694.0
지역교통안전환경개선,0.0,38.0,1070.0,1094.0,1278.0,2090.0,2093.0,2093.0,2418.0,2418.0,2485.0,0.0,국가균형발전특별회계,2021,행정안전부,2785.0
지역일자리창출,233.0,510.0,624.0,624.0,899.0,969.0,988.0,988.0,991.0,997.0,1045.0,0.0,국가균형발전특별회계,2021,행정안전부,1174.0
특수상황지역개발,0.0,244.0,244.0,370.0,598.0,1271.0,1271.0,1312.0,1312.0,1362.0,1614.0,0.0,국가균형발전특별회계,2021,행정안전부,2089.0
공공데이터개방및이용활성화지원(정보화),0.0,1.0,688.0,689.0,704.0,1406.0,1413.0,1413.0,1710.0,1992.0,1992.0,0.0,일반회계,2021,행정안전부,2018.0
보통교부세,35600.0,89549.0,154000.0,185908.0,245908.0,326364.0,348054.0,377736.0,409211.0,422773.0,445377.0,0.0,일반회계,2021,행정안전부,445377.0
소방안전교부세,2260.0,2260.0,2260.0,4519.0,4519.0,4519.0,6779.0,6779.0,6779.0,9039.0,9039.0,0.0,일반회계,2021,행정안전부,9039.0
재난안전기술개발,2.0,579.0,607.0,640.0,748.0,770.0,774.0,778.0,784.0,783.0,793.0,0.0,일반회계,2021,행정안전부,677.0
재난예방지원,3439.0,3874.0,4004.0,4104.0,4207.0,4282.0,5778.0,5828.0,5899.0,5899.0,5899.0,0.0,일반회계,2021,행정안전부,5900.0
전자정부실행기반마련(정보화),0.0,94.0,234.0,283.0,369.0,453.0,492.0,528.0,563.0,603.0,638.0,0.0,일반회계,2021,행정안전부,674.0
정부청사시설관리,86.0,96.0,216.0,251.0,269.0,418.0,433.0,464.0,565.0,565.0,617.0,0.0,일반회계,2021,행정안전부,865.0
주한미군공여구역주변지역등지원,67.0,482.0,582.0,624.0,641.0,754.0,804.0,854.0,905.0,1015.0,1053.0,0.0,일반회계,2021,행정안전부,1054.0
지역경제지원,2807.0,5162.0,5263.0,7620.0,7621.0,7621.0,10526.0,10526.0,10526.0,10526.0,10526.0,0.0,일반회계,2021,행정안전부,10527.0
지역일자리창출,937.0,937.0,948.0,1651.0,1656.0,1656.0,2327.0,2327.0,2346.0,2346.0,2346.0,0.0,일반회계,2021,행정안전부,2350.0
광역교통시설건설,1.0,10.0,236.0,244.0,269.0,348.0,351.0,380.0,399.0,430.0,432.0,0.0,행정중심복합도시건설특별회계,2021,행정중심복합도시건설청,558.0
문화시설 건립,155.0,178.0,280.0,304.0,334.0,383.0,392.0,401.0,424.0,427.0,438.0,0.0,행정중심복합도시건설특별회계,2021,행정중심복합도시건설청,599.0
복합커뮤니티센터 건립,21.0,78.0,307.0,324.0,401.0,520.0,530.0,573.0,597.0,604.0,608.0,0.0,행정중심복합도시건설특별회계,2021,행정중심복합도시건설청,613.0
중앙행정기관 건립,2.0,157.0,305.0,383.0,445.0,881.0,948.0,986.0,1082.0,1120.0,1137.0,0.0,행정중심복합도시건설특별회계,2021,행정중심복합도시건설청,1622.0
지방상수도 관리(지역자율),16.0,106.0,269.0,416.0,608.0,849.0,849.0,856.0,856.0,914.0,947.0,0.0,국가균형발전특별회계,2021,환경부,1237.0
지방상수도 관리(지역지원),0.0,1010.0,1771.0,1895.0,2464.0,3129.0,3257.0,3257.0,3257.0,3282.0,3532.0,0.0,국가균형발전특별회계,2021,환경부,4579.0
대기오염 발생원 관리,17.0,490.0,3992.0,4662.0,8940.0,9873.0,9875.0,10324.0,11490.0,12819.0,13666.0,0.0,에너지및자원사업특별회계,2021,환경부,15921.0
온실가스감축,0.0,249.0,368.0,431.0,593.0,606.0,621.0,667.0,667.0,669.0,669.0,0.0,에너지및자원사업특별회계,2021,환경부,685.0
공업용수도 관리,28.0,28.0,56.0,333.0,333.0,409.0,409.0,409.0,409.0,513.0,513.0,0.0,일반회계,2021,환경부,567.0
광역상수도 관리,40.0,40.0,146.0,367.0,367.0,367.0,454.0,454.0,454.0,594.0,594.0,0.0,일반회계,2021,환경부,620.0
댐운영지원,0.0,0.0,445.0,899.0,1153.0,1185.0,1185.0,1185.0,1185.0,1185.0,1185.0,0.0,일반회계,2021,환경부,1160.0
수문조사 및 시설운영,35.0,42.0,79.0,108.0,169.0,215.0,289.0,307.0,323.0,344.0,383.0,0.0,일반회계,2021,환경부,560.0
수자원정책 및 조사,8.0,1135.0,2556.0,2613.0,3307.0,3472.0,3475.0,3751.0,3754.0,3910.0,4088.0,0.0,일반회계,2021,환경부,4235.0
대기오염 발생원 관리,788.0,2632.0,3942.0,5169.0,8109.0,9235.0,9967.0,10237.0,10530.0,10893.0,10959.0,0.0,환경개선특별회계,2021,환경부,12496.0
대기환경 개선 정책기반강화 및 국제협력,3.0,66.0,328.0,341.0,402.0,459.0,488.0,528.0,567.0,577.0,607.0,0.0,환경개선특별회계,2021,환경부,744.0
물재이용 및 물기술 개발,0.0,146.0,419.0,459.0,495.0,586.0,599.0,644.0,653.0,665.0,787.0,0.0,환경개선특별회계,2021,환경부,908.0
법정경비,0.0,0.0,0.0,341.0,341.0,379.0,1218.0,1218.0,1218.0,1561.0,1561.0,0.0,환경개선특별회계,2021,환경부,1561.0
사전예방 보건정책,84.0,877.0,1213.0,1259.0,1286.0,1331.0,1366.0,1374.0,1385.0,1410.0,1427.0,0.0,환경개선특별회계,2021,환경부,1542.0
산업폐수 및 기타오염원 관리,0.0,128.0,385.0,759.0,1071.0,1690.0,1746.0,1875.0,2007.0,2297.0,2427.0,0.0,환경개선특별회계,2021,환경부,2749.0
수질개선기반구축,26.0,646.0,865.0,1189.0,1391.0,1506.0,1530.0,1571.0,1605.0,1657.0,1697.0,0.0,환경개선특별회계,2021,환경부,1995.0
자연생태 복원,1.0,1.0,137.0,215.0,316.0,379.0,418.0,461.0,474.0,490.0,502.0,0.0,환경개선특별회계,2021,환경부,634.0
자연의 보전·관리,1786.0,3220.0,3582.0,4012.0,4077.0,4234.0,4330.0,4466.0,4494.0,4667.0,4796.0,0.0,환경개선특별회계,2021,환경부,4802.0
자연자원의 이용,257.0,557.0,672.0,863.0,869.0,878.0,932.0,934.0,935.0,940.0,946.0,0.0,환경개선특별회계,2021,환경부,990.0
지방상수도 관리,41.0,639.0,1233.0,1926.0,3022.0,3653.0,3737.0,4341.0,4612.0,4663.0,4865.0,0.0,환경개선특별회계,2021,환경부,5277.0
지속가능발전위원회,0.0,25.0,42.0,494.0,519.0,535.0,541.0,576.0,580.0,580.0,615.0,0.0,환경개선특별회계,2021,환경부,743.0
최종처리 및 안전관리,4.0,36.0,169.0,369.0,601.0,754.0,813.0,952.0,1063.0,1115.0,1251.0,0.0,환경개선특별회계,2021,환경부,1559.0
출연사업,0.0,799.0,990.0,1222.0,1222.0,1222.0,1302.0,1302.0,1302.0,1302.0,1383.0,0.0,환경개선특별회계,2021,환경부,1383.0
친환경산업 육성·지원,561.0,2570.0,4626.0,4955.0,4967.0,5012.0,5035.0,5054.0,5078.0,5110.0,5129.0,0.0,환경개선특별회계,2021,환경부,5530.0
토양 지하수 관리,0.0,583.0,583.0,604.0,605.0,610.0,612.0,614.0,615.0,616.0,618.0,0.0,환경개선특별회계,2021,환경부,626.0
폐기물 수집 및 재활용,156.0,176.0,214.0,247.0,378.0,495.0,508.0,522.0,556.0,584.0,594.0,0.0,환경개선특별회계,2021,환경부,667.0
하수도 관리,172.0,639.0,2762.0,4828.0,6897.0,10219.0,10854.0,12216.0,13157.0,13876.0,14914.0,0.0,환경개선특별회계,2021,환경부,16307.0
환경시험연구,76.0,254.0,261.0,311.0,366.0,450.0,481.0,502.0,516.0,536.0,572.0,0.0,환경개선특별회계,2021,환경부,688.0
환경위해 관리,1.0,156.0,514.0,569.0,579.0,591.0,684.0,691.0,720.0,731.0,781.0,0.0,환경개선특별회계,2021,환경부,856.0
환경피해 사후관리,83.0,109.0,504.0,828.0,966.0,971.0,971.0,975.0,975.0,975.0,975.0,0.0,환경개선특별회계,2021,환경부,1000.0
환경기초시설(금강),0.0,0.0,219.0,265.0,265.0,265.0,385.0,463.0,463.0,481.0,497.0,0.0,금강수계관리기금,2021,환경부,525.0
환경기초시설(낙동강),129.0,246.0,398.0,538.0,649.0,760.0,865.0,977.0,1113.0,1253.0,1349.0,0.0,낙동강수계관리기금,2021,환경부,1547.0
주민지원사업(한강),61.0,120.0,203.0,303.0,411.0,474.0,529.0,584.0,633.0,675.0,739.0,0.0,한강수계관리기금,2021,환경부,782.0
토지매수및수변구역관리(한강),158.0,208.0,245.0,434.0,580.0,706.0,828.0,906.0,906.0,1052.0,1114.0,0.0,한강수계관리기금,2021,환경부,1123.0
환경기초시설(한강),189.0,461.0,786.0,1003.0,1276.0,1540.0,1702.0,1803.0,2049.0,2238.0,2454.0,0.0,한강수계관리기금,2021,환경부,2594.0
경비경찰역량강화,80.0,134.0,181.0,216.0,261.0,448.0,441.0,484.0,542.0,743.0,774.0,934.0,일반회계,2020,경찰청,1061.0
경찰유무선망개선,16.0,28.0,60.0,99.0,125.0,476.0,487.0,499.0,520.0,537.0,558.0,1081.0,일반회계,2020,경찰청,1213.0
경찰장비현대화,107.0,176.0,348.0,549.0,646.0,1128.0,1264.0,1388.0,1639.0,1746.0,2002.0,2194.0,일반회계,2020,경찰청,2321.0
교통사고예방,358.0,609.0,784.0,907.0,940.0,1309.0,1357.0,1401.0,1505.0,1800.0,1839.0,2022.0,일반회계,2020,경찰청,2089.0
범죄수사,228.0,334.0,644.0,685.0,716.0,979.0,1031.0,1073.0,1158.0,1238.0,1272.0,1323.0,일반회계,2020,경찰청,1335.0
사회적약자보호,28.0,123.0,246.0,323.0,334.0,363.0,480.0,501.0,527.0,557.0,581.0,623.0,일반회계,2020,경찰청,626.0
치안행정업무지원,395.0,849.0,1476.0,1795.0,2147.0,2778.0,3093.0,3483.0,4005.0,4484.0,4901.0,5506.0,일반회계,2020,경찰청,5590.0
사회적기업육성,305.0,405.0,449.0,511.0,511.0,664.0,664.0,664.0,745.0,790.0,816.0,907.0,국가균형발전특별회계,2020,고용노동부,983.0
지역고용촉진지원,0.0,228.0,394.0,625.0,909.0,1094.0,1094.0,1156.0,1227.0,1287.0,1408.0,1473.0,국가균형발전특별회계,2020,고용노동부,1629.0
국민취업지원제도,220.0,432.0,624.0,652.0,690.0,815.0,1055.0,1303.0,1559.0,1817.0,2129.0,2507.0,일반회계,2020,고용노동부,2793.0
사회적기업육성,312.0,317.0,421.0,597.0,655.0,666.0,721.0,722.0,725.0,725.0,726.0,728.0,일반회계,2020,고용노동부,730.0
청년진로및취업지원(일반),73.0,152.0,359.0,500.0,518.0,633.0,673.0,714.0,739.0,755.0,770.0,780.0,일반회계,2020,고용노동부,787.0
한국기술교육대학교출연,129.0,258.0,388.0,513.0,639.0,639.0,833.0,887.0,926.0,976.0,1027.0,1077.0,일반회계,2020,고용노동부,1077.0
한국산업인력공단출연,158.0,282.0,411.0,765.0,953.0,953.0,1072.0,1166.0,1255.0,1301.0,1346.0,1415.0,일반회계,2020,고용노동부,1377.0
한국폴리텍대학출연,97.0,290.0,483.0,773.0,1062.0,1062.0,1504.0,1504.0,1633.0,1762.0,1848.0,1906.0,일반회계,2020,고용노동부,1943.0
고용유지지원금,50.0,80.0,140.0,790.0,3090.0,6495.0,10452.0,7962.0,12198.0,421.0,755.0,8542.0,고용보험기금,2020,고용노동부,682.0
고용창출장려금,3651.0,4951.0,6299.0,7553.0,9053.0,10654.0,11854.0,10922.0,10628.0,10857.0,11107.0,10896.0,고용보험기금,2020,고용노동부,11179.0
사업주능력개발지원금,350.0,804.0,915.0,956.0,957.0,1157.0,1458.0,1558.0,1757.0,1911.0,2217.0,2441.0,고용보험기금,2020,고용노동부,2912.0
실업급여,350.0,550.0,850.0,1200.0,1500.0,1800.0,2100.0,2300.0,2500.0,2800.0,3000.0,3213.0,고용보험기금,2020,고용노동부,3378.0
일·가정양립지원,100.0,230.0,313.0,480.0,562.0,762.0,919.0,1022.0,1020.0,1376.0,1577.0,1458.0,고용보험기금,2020,고용노동부,1634.0
중소기업능력개발지원,0.0,400.0,633.0,691.0,711.0,720.0,926.0,998.0,1088.0,1097.0,1109.0,1124.0,고용보험기금,2020,고용노동부,1167.0
한국산업인력공단능력개발사업지원,251.0,553.0,1143.0,1486.0,1766.0,1873.0,2176.0,2334.0,2551.0,2906.0,3157.0,3389.0,고용보험기금,2020,고용노동부,3667.0
한국폴리텍대학능력개발사업지원,81.0,171.0,257.0,414.0,572.0,580.0,781.0,829.0,877.0,922.0,967.0,998.0,고용보험기금,2020,고용노동부,1011.0
근로자생활안정자금(융자),220.0,262.0,556.0,638.0,830.0,1098.0,1103.0,1390.0,988.0,230.0,1450.0,1083.0,근로복지진흥기금,2020,고용노동부,1103.0
AI기술개발(균특),0.0,160.0,188.0,188.0,188.0,342.0,342.0,342.0,342.0,406.0,465.0,483.0,국가균형발전특별회계,2020,과학기술정보통신부,626.0
연구개발특구육성,0.0,447.0,566.0,672.0,1213.0,1305.0,1305.0,1305.0,1336.0,1336.0,1336.0,1338.0,국가균형발전특별회계,2020,과학기술정보통신부,1354.0
나노·소재기술개발,844.0,1181.0,1679.0,1679.0,1689.0,1657.0,1675.0,1685.0,1690.0,1694.0,1697.0,1697.0,소재부품장비경쟁력강화특별회계,2020,과학기술정보통신부,1697.0
직할출연연구기관지원,8.0,17.0,293.0,300.0,308.0,432.0,476.0,504.0,552.0,596.0,646.0,646.0,소재부품장비경쟁력강화특별회계,2020,과학기술정보통신부,646.0
국가과학기술연구회 소속 출연연구기관 지원,310.0,575.0,868.0,968.0,1382.0,1698.0,1814.0,1814.0,1824.0,1840.0,1854.0,2144.0,에너지및자원사업특별회계,2020,과학기술정보통신부,2144.0
예금사업활성화,99.0,159.0,255.0,322.0,383.0,469.0,533.0,611.0,704.0,775.0,872.0,1018.0,우체국예금특별회계,2020,과학기술정보통신부,1037.0
국내우편사업,104.0,176.0,267.0,336.0,369.0,430.0,475.0,517.0,560.0,611.0,672.0,738.0,우편사업특별회계,2020,과학기술정보통신부,797.0
국제우편사업,71.0,157.0,226.0,299.0,363.0,412.0,472.0,530.0,601.0,659.0,735.0,856.0,우편사업특별회계,2020,과학기술정보통신부,940.0
우편배달지원,66.0,85.0,155.0,177.0,202.0,255.0,279.0,304.0,369.0,395.0,438.0,527.0,우편사업특별회계,2020,과학기술정보통신부,640.0
우편사업물류지원,403.0,625.0,687.0,1176.0,1207.0,1449.0,1622.0,1695.0,1865.0,1961.0,2103.0,2143.0,우편사업특별회계,2020,과학기술정보통신부,2628.0
AI기술개발(일반),80.0,131.0,201.0,271.0,318.0,360.0,398.0,456.0,505.0,614.0,614.0,614.0,일반회계,2020,과학기술정보통신부,614.0
국가과학기술연구회 소속 출연연구기관 지원,1770.0,3087.0,3823.0,4035.0,4204.0,5606.0,7070.0,8337.0,8767.0,10042.0,10164.0,10341.0,일반회계,2020,과학기술정보통신부,10345.0
국제과학비즈니스벨트조성,3022.0,3100.0,3101.0,3101.0,3107.0,3107.0,3133.0,3133.0,3133.0,3134.0,3134.0,3137.0,일반회계,2020,과학기술정보통신부,3533.0
기초연구기반구축사업,115.0,444.0,459.0,459.0,459.0,459.0,536.0,569.0,605.0,679.0,679.0,679.0,일반회계,2020,과학기술정보통신부,679.0
기초연구지원,12550.0,14365.0,14365.0,14365.0,14475.0,14573.0,14573.0,14670.0,14770.0,14997.0,14997.0,14997.0,일반회계,2020,과학기술정보통신부,14997.0
바이오·의료기술개발,3055.0,3400.0,3469.0,3469.0,3516.0,3565.0,3690.0,3808.0,3918.0,4165.0,4165.0,4165.0,일반회계,2020,과학기술정보통신부,4165.0
에너지·환경기술개발,41.0,1044.0,1167.0,1208.0,1211.0,1269.0,1292.0,1310.0,1327.0,1353.0,1353.0,1353.0,일반회계,2020,과학기술정보통신부,1377.0
연구공동체육성지원,0.0,0.0,205.0,212.0,280.0,339.0,449.0,525.0,564.0,602.0,602.0,602.0,일반회계,2020,과학기술정보통신부,602.0
우수학생 국가장학 사업,0.0,0.0,201.0,217.0,228.0,257.0,320.0,484.0,504.0,512.0,512.0,512.0,일반회계,2020,과학기술정보통신부,512.0
우주발사체개발,400.0,600.0,700.0,760.0,850.0,970.0,1110.0,1266.0,1446.0,1916.0,1966.0,2000.0,일반회계,2020,과학기술정보통신부,2000.0
인공위성개발,0.0,720.0,793.0,895.0,947.0,998.0,1028.0,1058.0,1093.0,1171.0,1171.0,1171.0,일반회계,2020,과학기술정보통신부,1171.0
직할출연연구기관지원,940.0,1778.0,2364.0,2501.0,2614.0,3041.0,3601.0,4151.0,5863.0,6932.0,7052.0,7324.0,일반회계,2020,과학기술정보통신부,7349.0
첨단융합기술개발,221.0,1141.0,1194.0,1225.0,1246.0,1276.0,1328.0,1382.0,1454.0,1559.0,1559.0,1559.0,일반회계,2020,과학기술정보통신부,1565.0
ICT사업화지원(방발),24.0,100.0,159.0,705.0,705.0,705.0,858.0,872.0,872.0,894.0,894.0,894.0,방송통신발전기금,2020,과학기술정보통신부,894.0
미디어 다양성 및 공공성 확보,57.0,108.0,163.0,243.0,312.0,368.0,431.0,502.0,550.0,592.0,648.0,676.0,방송통신발전기금,2020,과학기술정보통신부,680.0
방송인프라지원,28.0,80.0,204.0,310.0,404.0,508.0,573.0,636.0,700.0,745.0,784.0,824.0,방송통신발전기금,2020,과학기술정보통신부,828.0
인터넷이용환경고도화(방발),15.0,163.0,188.0,907.0,995.0,1014.0,1163.0,1186.0,1200.0,1429.0,1434.0,1442.0,방송통신발전기금,2020,과학기술정보통신부,1931.0
출연연 연구개발지원(R&D),0.0,228.0,228.0,551.0,1089.0,1029.0,1029.0,1029.0,1029.0,1029.0,1029.0,1029.0,방송통신발전기금,2020,과학기술정보통신부,1029.0
콘텐츠 진흥,0.0,273.0,273.0,770.0,770.0,770.0,1018.0,1029.0,1029.0,1062.0,1062.0,1062.0,방송통신발전기금,2020,과학기술정보통신부,1062.0
콘텐츠디바이스기술개발(방발),223.0,248.0,273.0,867.0,867.0,867.0,1102.0,1102.0,1102.0,1197.0,1197.0,1197.0,방송통신발전기금,2020,과학기술정보통신부,1197.0
원자력및방사선안전규제,0.0,100.0,196.0,261.0,324.0,386.0,451.0,511.0,572.0,635.0,696.0,753.0,원자력기금,2020,과학기술정보통신부,753.0
원자력연구개발사업,570.0,570.0,744.0,776.0,789.0,983.0,983.0,983.0,1333.0,1333.0,1333.0,1370.0,원자력기금,2020,과학기술정보통신부,1370.0
AI기술개발(정진),82.0,243.0,243.0,739.0,799.0,799.0,966.0,1036.0,1041.0,1052.0,1052.0,1052.0,정보통신진흥기금,2020,과학기술정보통신부,1052.0
SW.디지털콘텐츠기술개발,276.0,317.0,335.0,748.0,749.0,749.0,1015.0,1015.0,1086.0,1087.0,1087.0,1087.0,정보통신진흥기금,2020,과학기술정보통신부,1087.0
SW산업경쟁력강화(정진),49.0,213.0,213.0,734.0,734.0,734.0,869.0,869.0,941.0,956.0,1011.0,1011.0,정보통신진흥기금,2020,과학기술정보통신부,1011.0
SW융합인력양성,138.0,174.0,316.0,1023.0,1232.0,1232.0,1486.0,1554.0,1554.0,1616.0,1616.0,1616.0,정보통신진흥기금,2020,과학기술정보통신부,1616.0
스마트화산업기반확충(정진),0.0,199.0,253.0,898.0,1061.0,1064.0,1197.0,1205.0,1301.0,1374.0,1388.0,1389.0,정보통신진흥기금,2020,과학기술정보통신부,1389.0
정보보호기술개발(정진),0.0,182.0,190.0,439.0,439.0,439.0,621.0,621.0,621.0,621.0,621.0,621.0,정보통신진흥기금,2020,과학기술정보통신부,621.0
산학협력 선도 전문대학 육성,0.0,993.0,993.0,993.0,993.0,993.0,993.0,993.0,993.0,993.0,993.0,993.0,국가균형발전특별회계,2020,교육부,993.0
산학협력 선도대학(LINC) 육성,133.0,133.0,878.0,1278.0,1301.0,2305.0,2305.0,2369.0,2873.0,3297.0,3740.0,3740.0,국가균형발전특별회계,2020,교육부,3740.0
전문대학 혁신 지원,0.0,292.0,1072.0,1572.0,1572.0,2472.0,2472.0,2722.0,2922.0,3090.0,3090.0,3908.0,국가균형발전특별회계,2020,교육부,4176.0
BK21 플러스사업,0.0,1349.0,1548.0,1548.0,1548.0,1518.0,1518.0,1518.0,1518.0,1518.0,3768.0,3768.0,일반회계,2020,교육부,3768.0
고졸 취업 활성화 지원,0.0,0.0,0.0,0.0,184.0,251.0,251.0,905.0,905.0,980.0,980.0,980.0,일반회계,2020,교육부,980.0
교육급여,712.0,712.0,713.0,814.0,814.0,814.0,814.0,814.0,915.0,915.0,1016.0,1016.0,일반회계,2020,교육부,1016.0
국립대학 교육기반조성,297.0,266.0,603.0,764.0,854.0,1046.0,1094.0,1146.0,1165.0,1184.0,1202.0,1231.0,일반회계,2020,교육부,1236.0
국립대학 시설확충,428.0,1696.0,3289.0,3904.0,4518.0,6270.0,6221.0,6309.0,6636.0,6867.0,7001.0,7229.0,일반회계,2020,교육부,7299.0
국립대학혁신 지원,0.0,0.0,0.0,755.0,755.0,755.0,1425.0,1425.0,1425.0,1425.0,1425.0,1425.0,일반회계,2020,교육부,1425.0
대학교육 역량 강화,0.0,2.0,4931.0,5081.0,5081.0,5081.0,5082.0,5082.0,6656.0,8233.0,8233.0,8233.0,일반회계,2020,교육부,8233.0
보통교부금,50000.0,107434.0,162434.0,209334.0,269134.0,337819.0,373619.0,403619.0,432112.0,472112.0,499400.0,517592.0,일반회계,2020,교육부,517592.0
이공학학술연구조성,3574.0,3874.0,3874.0,3874.0,4637.0,4637.0,4671.0,5023.0,5023.0,5023.0,5023.0,5023.0,일반회계,2020,교육부,5023.0
인문사회학술연구 조성,24.0,24.0,1254.0,1360.0,1371.0,2504.0,2536.0,2536.0,2603.0,2609.0,2609.0,2609.0,일반회계,2020,교육부,2609.0
초중등교육 역량강화,156.0,3455.0,3614.0,3661.0,5316.0,5358.0,5365.0,5366.0,5372.0,6800.0,6894.0,7098.0,일반회계,2020,교육부,6733.0
교육환경 개선 지원사업,82.0,181.0,236.0,247.0,247.0,327.0,459.0,477.0,582.0,665.0,910.0,2241.0,사학진흥기금,2020,교육부,2349.0
국립묘지조성및관리,4.0,17.0,156.0,181.0,201.0,264.0,293.0,320.0,382.0,460.0,484.0,586.0,일반회계,2020,국가보훈처,626.0
보훈단체지원,70.0,70.0,138.0,146.0,146.0,216.0,252.0,391.0,454.0,474.0,482.0,488.0,일반회계,2020,국가보훈처,517.0
군시설이전사업,20.0,78.0,191.0,357.0,498.0,1234.0,1338.0,1411.0,1566.0,1604.0,1758.0,2566.0,국방·군사시설이전특별회계,2020,국방부,3599.0
사유재산정리,0.0,1.0,40.0,51.0,69.0,166.0,169.0,173.0,186.0,216.0,224.0,488.0,국방·군사시설이전특별회계,2020,국방부,579.0
간부주거시설,13.0,87.0,1722.0,1835.0,1951.0,3873.0,3928.0,3959.0,5316.0,5371.0,5456.0,7119.0,일반회계,2020,국방부,7854.0
과학화훈련,7.0,47.0,205.0,208.0,260.0,373.0,377.0,384.0,401.0,405.0,421.0,642.0,일반회계,2020,국방부,678.0
교육시설,23.0,106.0,317.0,396.0,480.0,867.0,919.0,960.0,1048.0,1093.0,1186.0,1659.0,일반회계,2020,국방부,2019.0
교육용탄약,330.0,425.0,692.0,886.0,1025.0,1543.0,1589.0,1643.0,1720.0,1862.0,1975.0,2394.0,일반회계,2020,국방부,2487.0
군의무,35.0,82.0,279.0,494.0,720.0,1250.0,1320.0,1430.0,1608.0,1695.0,1800.0,2104.0,일반회계,2020,국방부,2109.0
물자획득,47.0,170.0,516.0,712.0,974.0,1598.0,1865.0,2011.0,2151.0,2284.0,2449.0,3023.0,일반회계,2020,국방부,3122.0
병영기본시설,16.0,157.0,809.0,944.0,1101.0,2010.0,2130.0,2169.0,2321.0,2375.0,2532.0,3527.0,일반회계,2020,국방부,3889.0
수송활동,38.0,107.0,180.0,254.0,325.0,415.0,399.0,429.0,464.0,495.0,547.0,644.0,일반회계,2020,국방부,714.0
시설유지운영,108.0,335.0,973.0,1322.0,1913.0,3905.0,4348.0,4662.0,5261.0,5708.0,6460.0,8771.0,일반회계,2020,국방부,9193.0
연료확보,185.0,824.0,1644.0,1838.0,2150.0,2554.0,2645.0,2914.0,3196.0,3448.0,3629.0,4370.0,일반회계,2020,국방부,4430.0
예비전력유지,16.0,172.0,219.0,239.0,269.0,336.0,374.0,392.0,454.0,489.0,571.0,783.0,일반회계,2020,국방부,901.0
일반시설개선,142.0,990.0,2262.0,2678.0,3122.0,6527.0,6882.0,7034.0,7420.0,7611.0,7989.0,11021.0,일반회계,2020,국방부,12689.0
장비유지,805.0,1648.0,2801.0,4078.0,4859.0,6218.0,7024.0,7454.0,8084.0,8470.0,8944.0,10803.0,일반회계,2020,국방부,11700.0
장비획득,153.0,448.0,917.0,959.0,1223.0,1874.0,2146.0,2183.0,2227.0,2313.0,2377.0,2609.0,일반회계,2020,국방부,2703.0
정보통신체계운영,160.0,426.0,910.0,1096.0,1245.0,1895.0,1969.0,2042.0,2243.0,2384.0,2504.0,3536.0,일반회계,2020,국방부,3784.0
정훈문화활동,45.0,69.0,82.0,137.0,173.0,249.0,323.0,334.0,343.0,388.0,428.0,482.0,일반회계,2020,국방부,558.0
주한미군 방위비분담금,0.0,188.0,973.0,1174.0,1301.0,1966.0,1987.0,2048.0,2215.0,2251.0,2329.0,3296.0,일반회계,2020,국방부,3558.0
탄약관리,8.0,74.0,168.0,214.0,271.0,645.0,664.0,723.0,862.0,888.0,996.0,1270.0,일반회계,2020,국방부,1319.0
피복비,198.0,693.0,1145.0,1575.0,1898.0,2414.0,2659.0,2863.0,3138.0,3310.0,3665.0,4129.0,일반회계,2020,국방부,4241.0
훈련 및 교육 지원,29.0,49.0,84.0,110.0,173.0,287.0,315.0,336.0,384.0,413.0,457.0,560.0,일반회계,2020,국방부,690.0
미군기지이전사업,21.0,65.0,157.0,193.0,223.0,421.0,623.0,683.0,757.0,782.0,805.0,1036.0,주한미군기지이전특별회계,2020,국방부,1675.0
미군기지이전지원,285.0,285.0,285.0,346.0,346.0,376.0,376.0,498.0,498.0,498.0,562.0,562.0,주한미군기지이전특별회계,2020,국방부,562.0
국세징수활동지원,159.0,177.0,224.0,235.0,294.0,397.0,404.0,413.0,455.0,463.0,488.0,498.0,일반회계,2020,국세청,501.0
국세행정 전산화(정보화),1.0,81.0,122.0,125.0,211.0,283.0,287.0,332.0,366.0,369.0,405.0,488.0,일반회계,2020,국세청,505.0
고속도로건설,0.0,1113.0,7334.0,8614.0,8614.0,10392.0,10956.0,12987.0,14165.0,15469.0,16029.0,16339.0,교통시설특별회계,2020,국토교통부,18209.0
고속철도건설,0.0,70.0,345.0,345.0,361.0,376.0,376.0,376.0,376.0,376.0,376.0,506.0,교통시설특별회계,2020,국토교통부,506.0
교통약자이동편의증진,0.0,0.0,339.0,339.0,453.0,609.0,601.0,609.0,595.0,618.0,618.0,620.0,교통시설특별회계,2020,국토교통부,663.0
도로병목지점 개선,1.0,71.0,466.0,502.0,554.0,856.0,859.0,867.0,939.0,954.0,993.0,1395.0,교통시설특별회계,2020,국토교통부,1459.0
도로보수(총액계상),0.0,128.0,1770.0,1883.0,2264.0,4286.0,4339.0,4421.0,4780.0,4878.0,5051.0,6352.0,교통시설특별회계,2020,국토교통부,6647.0
도로안전 및 환경개선(총액계상),0.0,203.0,2333.0,2406.0,2763.0,5280.0,5366.0,5445.0,6025.0,6123.0,6295.0,7743.0,교통시설특별회계,2020,국토교통부,7953.0
민자유치사업지원,711.0,1720.0,2793.0,3076.0,3308.0,6621.0,6650.0,6794.0,6841.0,6944.0,7229.0,7418.0,교통시설특별회계,2020,국토교통부,7420.0
시관내국도대체우회도로건설,335.0,1311.0,1888.0,1931.0,2057.0,2497.0,2527.0,2553.0,2754.0,2776.0,2795.0,3427.0,교통시설특별회계,2020,국토교통부,3524.0
위험도로개선,14.0,101.0,432.0,474.0,528.0,805.0,834.0,855.0,941.0,977.0,1000.0,1318.0,교통시설특별회계,2020,국토교통부,1397.0
일반국도건설,864.0,3232.0,5369.0,5552.0,5956.0,8114.0,8140.0,8342.0,9295.0,9396.0,9447.0,11957.0,교통시설특별회계,2020,국토교통부,13232.0
일반철도건설,13134.0,13738.0,15369.0,15369.0,15517.0,18976.0,19042.0,19942.0,20350.0,20350.0,21548.0,23339.0,교통시설특별회계,2020,국토교통부,23635.0
지하철건설지원,0.0,771.0,1445.0,1599.0,2154.0,2154.0,2367.0,2534.0,2534.0,3312.0,3312.0,3312.0,교통시설특별회계,2020,국토교통부,3463.0
철도기술연구,0.0,0.0,158.0,171.0,402.0,635.0,635.0,638.0,638.0,638.0,638.0,638.0,교통시설특별회계,2020,국토교통부,638.0
철도운영지원(교특),0.0,50.0,1503.0,1504.0,1504.0,3385.0,3385.0,3386.0,4653.0,5468.0,5571.0,6641.0,교통시설특별회계,2020,국토교통부,7280.0
첨단도로교통체계,0.0,0.0,1351.0,1397.0,1449.0,1892.0,1893.0,1894.0,1926.0,1985.0,2020.0,2105.0,교통시설특별회계,2020,국토교통부,2111.0
항공기술연구,0.0,474.0,580.0,580.0,580.0,580.0,580.0,580.0,580.0,580.0,580.0,580.0,교통시설특별회계,2020,국토교통부,580.0
항공산업지원,1.0,20.0,274.0,274.0,275.0,305.0,305.0,305.0,306.0,325.0,325.0,439.0,교통시설특별회계,2020,국토교통부,535.0
개발제한구역지원,0.0,580.0,589.0,595.0,707.0,1043.0,1043.0,1055.0,1337.0,1341.0,1482.0,1489.0,국가균형발전특별회계,2020,국토교통부,1505.0
광역도로,0.0,0.0,7.0,189.0,189.0,417.0,417.0,421.0,421.0,421.0,489.0,489.0,국가균형발전특별회계,2020,국토교통부,502.0
광역철도건설지원,27.0,2043.0,3235.0,3813.0,3895.0,5198.0,5198.0,5208.0,5343.0,5430.0,5517.0,5517.0,국가균형발전특별회계,2020,국토교통부,6461.0
국가지원지방도건설,0.0,806.0,839.0,842.0,848.0,2597.0,2597.0,2599.0,2602.0,2607.0,2613.0,2867.0,국가균형발전특별회계,2020,국토교통부,2897.0
대중교통지원(지역지원),0.0,0.0,0.0,331.0,331.0,843.0,843.0,843.0,857.0,916.0,1022.0,1124.0,국가균형발전특별회계,2020,국토교통부,1634.0
도시재생,0.0,1230.0,2007.0,2622.0,3007.0,4946.0,4949.0,4949.0,4958.0,5353.0,6053.0,6546.0,국가균형발전특별회계,2020,국토교통부,6957.0
도시활력증진지역개발,100.0,246.0,246.0,336.0,343.0,538.0,538.0,558.0,651.0,823.0,823.0,828.0,국가균형발전특별회계,2020,국토교통부,842.0
산업단지진입도로지원,12.0,68.0,779.0,822.0,930.0,1515.0,1534.0,1557.0,1634.0,1652.0,1729.0,1921.0,국가균형발전특별회계,2020,국토교통부,2679.0
성장촉진지역개발,0.0,0.0,1237.0,1454.0,1510.0,1913.0,1913.0,1952.0,1966.0,2082.0,2082.0,2098.0,국가균형발전특별회계,2020,국토교통부,2098.0
주차환경개선지원,0.0,0.0,659.0,659.0,659.0,1749.0,1749.0,1749.0,1749.0,1749.0,2115.0,2643.0,국가균형발전특별회계,2020,국토교통부,2643.0
건설기술혁신(R&D),0.0,190.0,449.0,449.0,499.0,704.0,704.0,704.0,704.0,704.0,704.0,704.0,일반회계,2020,국토교통부,704.0
교통물류연구,423.0,536.0,623.0,657.0,657.0,657.0,657.0,657.0,657.0,657.0,657.0,657.0,일반회계,2020,국토교통부,657.0
국가하천정비지원,719.0,1020.0,2284.0,2331.0,2836.0,3751.0,3783.0,3837.0,4070.0,4144.0,4228.0,5268.0,일반회계,2020,국토교통부,5535.0
국토교통기술역량강화(R&D),479.0,479.0,479.0,479.0,561.0,619.0,619.0,619.0,620.0,620.0,620.0,620.0,일반회계,2020,국토교통부,620.0
국토정보제도선진화,21.0,21.0,396.0,399.0,399.0,448.0,449.0,461.0,506.0,506.0,506.0,515.0,일반회계,2020,국토교통부,526.0
국토지형관리,1.0,71.0,333.0,336.0,345.0,567.0,590.0,647.0,665.0,699.0,717.0,867.0,일반회계,2020,국토교통부,965.0
도시건축연구,0.0,518.0,944.0,944.0,1005.0,1155.0,1155.0,1155.0,1155.0,1155.0,1155.0,1155.0,일반회계,2020,국토교통부,1155.0
부동산공시,110.0,509.0,551.0,557.0,560.0,681.0,692.0,729.0,792.0,792.0,829.0,945.0,일반회계,2020,국토교통부,950.0
산업단지지원(일반),175.0,175.0,325.0,325.0,352.0,567.0,582.0,607.0,701.0,701.0,701.0,732.0,일반회계,2020,국토교통부,733.0
새만금개발사업지원,0.0,1000.0,1000.0,1000.0,1000.0,1000.0,1000.0,1000.0,1000.0,1000.0,1000.0,1000.0,일반회계,2020,국토교통부,1000.0
스마트시티 지원,12.0,22.0,381.0,497.0,513.0,924.0,955.0,1031.0,1048.0,1046.0,1046.0,1193.0,일반회계,2020,국토교통부,1355.0
주거환경개선지원,0.0,0.0,215.0,255.0,277.0,402.0,402.0,661.0,661.0,661.0,661.0,692.0,일반회계,2020,국토교통부,700.0
주택가격조사지원,198.0,315.0,366.0,367.0,549.0,603.0,622.0,622.0,627.0,644.0,649.0,728.0,일반회계,2020,국토교통부,742.0
철도안전(일반),2264.0,5467.0,6630.0,6630.0,6631.0,10680.0,10682.0,10690.0,10690.0,14575.0,14750.0,14706.0,일반회계,2020,국토교통부,15526.0
철도운영지원(일반),0.0,0.0,0.0,0.0,800.0,2620.0,2620.0,3528.0,3528.0,3528.0,3528.0,3528.0,일반회계,2020,국토교통부,3528.0
해외인프라시장개척,0.0,103.0,111.0,115.0,617.0,619.0,626.0,926.0,926.0,927.0,927.0,956.0,일반회계,2020,국토교통부,974.0
공공임대주택지원(융자),1203.0,1203.0,4422.0,6679.0,7972.0,10820.0,12209.0,12209.0,12209.0,17427.0,18967.0,19873.0,주택도시기금,2020,국토교통부,25549.0
국민임대주택지원(융자),826.0,826.0,3124.0,3457.0,4002.0,4530.0,4776.0,4776.0,4776.0,5694.0,6192.0,6609.0,주택도시기금,2020,국토교통부,8154.0
다가구매입임대(융자),0.0,0.0,13354.0,14446.0,14446.0,14446.0,18998.0,18998.0,18998.0,21315.0,21413.0,24026.0,주택도시기금,2020,국토교통부,22420.0
도시기능증진지원,171.0,171.0,934.0,1432.0,1873.0,2133.0,2912.0,2912.0,2912.0,4095.0,4597.0,6173.0,주택도시기금,2020,국토교통부,6681.0
도시재생지원,0.0,0.0,662.0,662.0,683.0,1638.0,1668.0,1668.0,1668.0,1924.0,1924.0,1947.0,주택도시기금,2020,국토교통부,2732.0
분양주택지원(융자),16.0,16.0,83.0,109.0,317.0,599.0,640.0,640.0,640.0,826.0,1091.0,1448.0,주택도시기금,2020,국토교통부,1455.0
임대주택지원,0.0,0.0,18326.0,18476.0,18476.0,23370.0,26046.0,26046.0,26046.0,32643.0,33285.0,34642.0,주택도시기금,2020,국토교통부,48858.0
전세임대주택지원(융자),3926.0,3926.0,11166.0,13899.0,16178.0,18982.0,21688.0,21688.0,21688.0,30525.0,34906.0,39339.0,주택도시기금,2020,국토교통부,44693.0
주거환경개선지원(융자),69.0,69.0,294.0,398.0,454.0,524.0,593.0,593.0,593.0,818.0,932.0,1033.0,주택도시기금,2020,국토교통부,2775.0
주택구입ㆍ전세자금(융자),5733.0,5733.0,21162.0,33440.0,44941.0,58168.0,69113.0,69113.0,69113.0,87600.0,92600.0,98455.0,주택도시기금,2020,국토교통부,93992.0
행복주택(융자),2201.0,2201.0,6480.0,7370.0,7935.0,8582.0,8894.0,8894.0,8894.0,9652.0,10152.0,11658.0,주택도시기금,2020,국토교통부,16713.0
산업은행출자,0.0,0.0,0.0,2000.0,2000.0,2000.0,2000.0,2000.0,2000.0,2000.0,2000.0,2000.0,소재부품장비경쟁력강화특별회계,2020,금융위원회,2000.0
기업은행 출자,0.0,0.0,0.0,2640.0,2640.0,3718.0,3718.0,3718.0,3718.0,3718.0,3718.0,3718.0,일반회계,2020,금융위원회,3718.0
산업은행출자,0.0,0.0,0.0,2505.0,2505.0,2505.0,2505.0,2505.0,2505.0,2505.0,2505.0,2505.0,일반회계,2020,금융위원회,2505.0
디지털예산회계시스템 운영,33.0,35.0,479.0,518.0,521.0,559.0,563.0,574.0,583.0,587.0,599.0,779.0,일반회계,2020,기획재정부,787.0
일반농산어촌개발,0.0,1960.0,2661.0,2681.0,3631.0,4406.0,4806.0,5256.0,5256.0,6079.0,6622.0,7222.0,국가균형발전특별회계,2020,농림축산식품부,7243.0
가축방역(농특),440.0,493.0,861.0,1439.0,1439.0,1481.0,1508.0,1519.0,1584.0,1634.0,1640.0,1869.0,농어촌구조개선특별회계,2020,농림축산식품부,1769.0
농식품기술개발(농특),1105.0,1117.0,1200.0,1456.0,1503.0,1548.0,1548.0,1624.0,1651.0,1683.0,1683.0,1683.0,농어촌구조개선특별회계,2020,농림축산식품부,1683.0
농업시설개선(농특),0.0,239.0,761.0,1150.0,2074.0,3771.0,3771.0,3771.0,3893.0,4493.0,5341.0,6112.0,농어촌구조개선특별회계,2020,농림축산식품부,6533.0
농촌지역개발(농특)(농촌계정),76.0,153.0,241.0,318.0,349.0,470.0,510.0,549.0,576.0,625.0,641.0,707.0,농어촌구조개선특별회계,2020,농림축산식품부,732.0
다목적 용수개발,0.0,550.0,1100.0,1200.0,1540.0,2094.0,2214.0,2417.0,2592.0,2926.0,2926.0,3224.0,농어촌구조개선특별회계,2020,농림축산식품부,3224.0
스마트농업육성,160.0,190.0,486.0,514.0,517.0,581.0,666.0,677.0,722.0,905.0,947.0,954.0,농어촌구조개선특별회계,2020,농림축산식품부,957.0
재해예방(농특),500.0,551.0,1164.0,1255.0,1405.0,2191.0,2191.0,2191.0,2686.0,3019.0,3071.0,3401.0,농어촌구조개선특별회계,2020,농림축산식품부,3401.0
친환경농자재,2.0,34.0,1022.0,1457.0,1459.0,1660.0,1660.0,1863.0,1865.0,1994.0,1995.0,1996.0,농어촌구조개선특별회계,2020,농림축산식품부,1996.0
양곡매입 및 관리,0.0,0.0,2164.0,2208.0,2208.0,3626.0,4367.0,4373.0,4373.0,4373.0,4379.0,4766.0,양곡관리특별회계,2020,농림축산식품부,4379.0
농어촌공사시설관리,0.0,0.0,525.0,525.0,525.0,1050.0,1050.0,1050.0,1350.0,1350.0,1350.0,1500.0,일반회계,2020,농림축산식품부,1500.0
농산물유통개선(농안기금),0.0,9.0,849.0,1339.0,2268.0,4845.0,5299.0,5887.0,5884.0,6052.0,6191.0,6150.0,농산물가격안정기금,2020,농림축산식품부,6226.0
소비지유통활성화,0.0,242.0,361.0,366.0,380.0,439.0,796.0,494.0,502.0,511.0,609.0,538.0,농산물가격안정기금,2020,농림축산식품부,538.0
대단위농업개발(농지),0.0,435.0,1078.0,1351.0,1774.0,2291.0,2553.0,2865.0,3125.0,3230.0,3385.0,3573.0,농지관리기금,2020,농림축산식품부,3573.0
원예산업경쟁력강화(FTA기금),95.0,357.0,1118.0,1182.0,1281.0,1490.0,1496.0,1500.0,1500.0,1505.0,1508.0,1514.0,자유무역협정이행지원기금,2020,농림축산식품부,1526.0
축사시설현대화(FTA),0.0,254.0,980.0,1119.0,1216.0,1421.0,1555.0,1665.0,1659.0,1887.0,1944.0,2002.0,자유무역협정이행지원기금,2020,농림축산식품부,2080.0
축산기술보급,36.0,76.0,158.0,200.0,202.0,305.0,428.0,431.0,431.0,431.0,432.0,502.0,축산발전기금,2020,농림축산식품부,502.0
축산물수급관리,48.0,48.0,206.0,253.0,297.0,606.0,607.0,596.0,704.0,951.0,1007.0,1317.0,축산발전기금,2020,농림축산식품부,1439.0
축산업경쟁력제고(축발),0.0,13.0,2780.0,3269.0,3380.0,3552.0,3636.0,3669.0,4078.0,4086.0,4139.0,4297.0,축산발전기금,2020,농림축산식품부,4189.0
친환경축산(축발),32.0,43.0,114.0,331.0,339.0,722.0,892.0,1054.0,1165.0,1258.0,1422.0,1729.0,축산발전기금,2020,농림축산식품부,1809.0
"지역농촌지도사업활성화지원(균특,지역자율)",115.0,185.0,200.0,314.0,414.0,491.0,491.0,516.0,550.0,621.0,735.0,747.0,국가균형발전특별회계,2020,농촌진흥청,747.0
농업신성장동력연구,17.0,59.0,146.0,211.0,262.0,378.0,493.0,512.0,562.0,572.0,587.0,671.0,일반회계,2020,농촌진흥청,672.0
농업정책지원및기반육성,296.0,303.0,463.0,511.0,517.0,553.0,589.0,617.0,640.0,649.0,658.0,698.0,일반회계,2020,농촌진흥청,705.0
신기술보급사업(일반),117.0,117.0,162.0,237.0,238.0,344.0,388.0,417.0,431.0,513.0,514.0,519.0,일반회계,2020,농촌진흥청,519.0
지속가능한농업연구,0.0,13.0,255.0,333.0,365.0,518.0,544.0,575.0,665.0,693.0,731.0,776.0,일반회계,2020,농촌진흥청,778.0
차세대바이오그린21,0.0,167.0,202.0,206.0,213.0,279.0,345.0,440.0,477.0,488.0,498.0,513.0,일반회계,2020,농촌진흥청,516.0
국제교류및세계유산등재,352.0,640.0,699.0,727.0,732.0,726.0,728.0,759.0,776.0,788.0,788.0,793.0,일반회계,2020,문화재청,795.0
궁능원시설관리운영,4.0,11.0,34.0,88.0,107.0,140.0,172.0,197.0,235.0,250.0,282.0,418.0,일반회계,2020,문화재청,516.0
문화재보수정비,0.0,2900.0,2935.0,2935.0,2935.0,3345.0,3475.0,3670.0,3893.0,3933.0,3933.0,3933.0,일반회계,2020,문화재청,3933.0
문화재활용활성화,174.0,369.0,392.0,464.0,481.0,518.0,552.0,572.0,573.0,591.0,609.0,656.0,일반회계,2020,문화재청,673.0
광역관광자원개발,0.0,0.0,49.0,369.0,919.0,1071.0,1210.0,1210.0,1210.0,1277.0,1373.0,1402.0,국가균형발전특별회계,2020,문화체육관광부,1648.0
문화시설확충및운영,0.0,0.0,313.0,586.0,782.0,1377.0,1377.0,1463.0,1763.0,2680.0,2680.0,2712.0,국가균형발전특별회계,2020,문화체육관광부,2801.0
체육진흥시설지원,0.0,0.0,1147.0,1147.0,1483.0,2083.0,2083.0,2083.0,2163.0,2229.0,2242.0,2287.0,국가균형발전특별회계,2020,문화체육관광부,2309.0
문화중심도시조성,121.0,298.0,316.0,322.0,490.0,598.0,690.0,694.0,738.0,814.0,820.0,837.0,아시아문화중심도시조성특별회계,2020,문화체육관광부,883.0
국립박물관 운영,40.0,51.0,126.0,183.0,254.0,353.0,449.0,490.0,547.0,575.0,656.0,895.0,일반회계,2020,문화체육관광부,1080.0
국어문화진흥,190.0,190.0,236.0,237.0,246.0,254.0,281.0,313.0,399.0,401.0,468.0,494.0,일반회계,2020,문화체육관광부,660.0
기초예술역량강화,137.0,305.0,306.0,508.0,548.0,572.0,576.0,813.0,843.0,876.0,892.0,895.0,일반회계,2020,문화체육관광부,898.0
문화예술교육지원,424.0,782.0,841.0,951.0,1009.0,1123.0,1250.0,1250.0,1290.0,1292.0,1291.0,1291.0,일반회계,2020,문화체육관광부,1296.0
지역문화 진흥,137.0,142.0,933.0,962.0,963.0,980.0,1052.0,1109.0,1116.0,1119.0,1120.0,1121.0,일반회계,2020,문화체육관광부,1121.0
관광사업체 융자지원,27.0,500.0,1325.0,3233.0,3845.0,3845.0,3865.0,4082.0,4380.0,6150.0,6248.0,6480.0,관광진흥개발기금,2020,문화체육관광부,6480.0
관광인프라 조성,55.0,278.0,424.0,455.0,489.0,529.0,543.0,634.0,667.0,725.0,836.0,845.0,관광진흥개발기금,2020,문화체육관광부,858.0
국내관광육성지원,147.0,391.0,551.0,557.0,589.0,636.0,724.0,743.0,1125.0,1203.0,1229.0,1346.0,관광진흥개발기금,2020,문화체육관광부,1009.0
해외관광객유치활동사업,2.0,227.0,322.0,336.0,380.0,380.0,402.0,424.0,473.0,482.0,492.0,580.0,관광진흥개발기금,2020,문화체육관광부,754.0
국제스포츠 교류 활성화,57.0,174.0,189.0,289.0,345.0,363.0,415.0,411.0,426.0,441.0,473.0,457.0,국민체육진흥기금,2020,문화체육관광부,533.0
생활체육 활성화,90.0,470.0,749.0,854.0,998.0,1055.0,1179.0,1203.0,1347.0,1250.0,1428.0,1446.0,국민체육진흥기금,2020,문화체육관광부,1353.0
생활체육시설 지원,0.0,246.0,925.0,1702.0,1863.0,2225.0,2467.0,2526.0,2737.0,3120.0,3371.0,3750.0,국민체육진흥기금,2020,문화체육관광부,3573.0
스포츠산업 활성화,1.0,5.0,231.0,708.0,898.0,1086.0,1245.0,1483.0,1591.0,1463.0,1797.0,1936.0,국민체육진흥기금,2020,문화체육관광부,1723.0
장애인체육 육성,76.0,112.0,423.0,423.0,441.0,531.0,531.0,518.0,551.0,551.0,540.0,540.0,국민체육진흥기금,2020,문화체육관광부,561.0
전문체육 육성,236.0,481.0,551.0,1423.0,1679.0,1733.0,1846.0,1846.0,1846.0,1851.0,1949.0,1973.0,국민체육진흥기금,2020,문화체육관광부,1977.0
예술창작역량강화,6.0,31.0,166.0,242.0,318.0,494.0,558.0,608.0,708.0,743.0,790.0,898.0,문화예술진흥기금,2020,문화체육관광부,919.0
예술향유기회 확대,1.0,193.0,481.0,514.0,1268.0,1312.0,1366.0,1488.0,1538.0,1617.0,1649.0,1778.0,문화예술진흥기금,2020,문화체육관광부,1706.0
영화산업 육성 및 지원,14.0,285.0,306.0,366.0,451.0,641.0,735.0,746.0,849.0,922.0,973.0,1057.0,영화발전기금,2020,문화체육관광부,1023.0
국방과학연구소,161.0,292.0,424.0,517.0,549.0,702.0,785.0,846.0,907.0,1064.0,1221.0,1377.0,일반회계,2020,방위사업청,1377.0
국방기술개발,425.0,833.0,1232.0,1787.0,1808.0,2874.0,3175.0,3465.0,3784.0,4335.0,4876.0,5372.0,일반회계,2020,방위사업청,5385.0
국방기술품질원,168.0,278.0,390.0,483.0,507.0,605.0,647.0,687.0,727.0,770.0,843.0,918.0,일반회계,2020,방위사업청,920.0
기동화력 양산/구매,15.0,306.0,1830.0,2086.0,2671.0,3522.0,3777.0,3918.0,4008.0,4084.0,4375.0,5040.0,일반회계,2020,방위사업청,5594.0
방위산업육성지원,27.0,57.0,81.0,182.0,194.0,377.0,451.0,542.0,602.0,617.0,633.0,652.0,일반회계,2020,방위사업청,680.0
유도무기 대정부국외획득,0.0,0.0,225.0,225.0,225.0,797.0,797.0,797.0,797.0,797.0,807.0,807.0,일반회계,2020,방위사업청,920.0
유도무기 양산/구매,593.0,785.0,4021.0,4293.0,4853.0,6603.0,6668.0,6762.0,7304.0,7357.0,7769.0,8631.0,일반회계,2020,방위사업청,9734.0
유도무기 연구개발,54.0,1097.0,1790.0,1953.0,2077.0,2292.0,2303.0,2338.0,3090.0,3247.0,3343.0,3905.0,일반회계,2020,방위사업청,4113.0
지휘정찰 양산/구매,68.0,400.0,401.0,511.0,532.0,1813.0,1861.0,2009.0,2758.0,2966.0,3180.0,4437.0,일반회계,2020,방위사업청,4623.0
지휘정찰 연구개발,152.0,604.0,1655.0,2070.0,2241.0,3281.0,3327.0,3328.0,3665.0,4164.0,4195.0,4296.0,일반회계,2020,방위사업청,4348.0
함정 양산/구매,15.0,292.0,1001.0,1023.0,1300.0,6412.0,6456.0,6897.0,9855.0,10121.0,10180.0,14939.0,일반회계,2020,방위사업청,15213.0
함정 연구개발,18.0,33.0,47.0,299.0,834.0,835.0,851.0,851.0,851.0,1063.0,1063.0,1075.0,일반회계,2020,방위사업청,1075.0
항공기 대정부국외획득,8.0,14569.0,15044.0,15046.0,15048.0,15133.0,15146.0,15700.0,17810.0,17817.0,17849.0,17900.0,일반회계,2020,방위사업청,17937.0
항공기 양산/구매,2001.0,5704.0,7900.0,8235.0,9971.0,12015.0,12330.0,12532.0,13178.0,13438.0,13924.0,16677.0,일반회계,2020,방위사업청,18447.0
항공기 연구개발,54.0,1885.0,2334.0,2359.0,6680.0,7086.0,7097.0,7098.0,7140.0,7178.0,10998.0,11495.0,일반회계,2020,방위사업청,11498.0
교도소운영,55.0,70.0,95.0,130.0,221.0,304.0,379.0,443.0,489.0,545.0,612.0,787.0,일반회계,2020,법무부,859.0
법률구조,195.0,195.0,195.0,390.0,390.0,391.0,460.0,460.0,460.0,526.0,526.0,527.0,일반회계,2020,법무부,527.0
지역자율형 사회서비스 투자사업,394.0,705.0,955.0,1215.0,2098.0,2516.0,2516.0,2568.0,2600.0,2672.0,2832.0,3090.0,국가균형발전특별회계,2020,보건복지부,3140.0
감염병관리,21.0,255.0,1187.0,1693.0,2144.0,2358.0,2736.0,3002.0,3147.0,3147.0,3147.0,3147.0,일반회계,2020,보건복지부,3168.0
노인돌봄서비스,1469.0,1481.0,1481.0,1849.0,1860.0,2990.0,2990.0,2990.0,2993.0,3698.0,3701.0,3706.0,일반회계,2020,보건복지부,3716.0
노인요양시설확충,74.0,145.0,145.0,146.0,198.0,306.0,364.0,364.0,504.0,539.0,693.0,694.0,일반회계,2020,보건복지부,699.0
노인일자리지원,4579.0,4589.0,4804.0,6404.0,7904.0,8359.0,8582.0,11512.0,11512.0,11714.0,11714.0,11714.0,일반회계,2020,보건복지부,12015.0
방과후 돌봄 지원,713.0,718.0,806.0,1054.0,1154.0,1337.0,1509.0,1510.0,1647.0,1670.0,1823.0,1823.0,일반회계,2020,보건복지부,1830.0
보건산업진흥,0.0,216.0,239.0,251.0,255.0,270.0,348.0,403.0,437.0,481.0,506.0,518.0,일반회계,2020,보건복지부,524.0
보건의료연구개발,1233.0,1290.0,1617.0,1889.0,1937.0,2106.0,2161.0,2262.0,2493.0,2495.0,2496.0,2517.0,일반회계,2020,보건복지부,2523.0
사회복지전달체계,508.0,528.0,618.0,1151.0,1151.0,1179.0,1280.0,1322.0,1377.0,1455.0,1501.0,1501.0,일반회계,2020,보건복지부,1342.0
어린이집 지원,2164.0,3596.0,5165.0,6476.0,7126.0,8819.0,9770.0,10720.0,12321.0,13260.0,14242.0,14242.0,일반회계,2020,보건복지부,14242.0
어린이집 확충 및 환경개선,41.0,376.0,410.0,410.0,425.0,506.0,647.0,647.0,699.0,730.0,755.0,791.0,일반회계,2020,보건복지부,946.0
영유아보육료지원,6832.0,11957.0,17081.0,17081.0,20642.0,22386.0,25776.0,25776.0,29156.0,29156.0,34162.0,34162.0,일반회계,2020,보건복지부,34162.0
의료급여,15411.0,22413.0,29415.0,36418.0,43421.0,50695.0,54900.0,58402.0,61903.0,65405.0,68206.0,70037.0,일반회계,2020,보건복지부,70037.0
자활지원,2653.0,2719.0,2719.0,3415.0,4416.0,4767.0,5697.0,5697.0,5710.0,6513.0,6714.0,6715.0,일반회계,2020,보건복지부,6819.0
장애인선택적복지,7839.0,9161.0,9163.0,9164.0,9213.0,9343.0,10732.0,12135.0,12177.0,13689.0,14925.0,14928.0,일반회계,2020,보건복지부,14973.0
장애인소득보장,1376.0,2800.0,4024.0,5045.0,5963.0,6957.0,7618.0,8207.0,8797.0,9315.0,9919.0,9942.0,일반회계,2020,보건복지부,9946.0
장애인일자리지원,566.0,566.0,566.0,1132.0,1132.0,1132.0,1274.0,1274.0,1274.0,1415.0,1415.0,1415.0,일반회계,2020,보건복지부,1415.0
정신보건시설기능보강,497.0,498.0,522.0,525.0,608.0,853.0,855.0,856.0,854.0,1025.0,1028.0,1039.0,일반회계,2020,보건복지부,1049.0
지방의료원 등 육성,71.0,680.0,729.0,755.0,959.0,1013.0,1124.0,1145.0,1212.0,1214.0,1239.0,1258.0,일반회계,2020,보건복지부,1265.0
국가암관리사업지원,92.0,434.0,441.0,841.0,841.0,862.0,883.0,883.0,883.0,884.0,984.0,986.0,국민건강증진기금,2020,보건복지부,990.0
금연사업,40.0,598.0,622.0,627.0,629.0,704.0,802.0,820.0,872.0,952.0,959.0,1075.0,국민건강증진기금,2020,보건복지부,1078.0
보건소건강증진,227.0,238.0,239.0,465.0,467.0,470.0,576.0,481.0,574.0,670.0,672.0,676.0,국민건강증진기금,2020,보건복지부,682.0
보건의료연구개발,526.0,618.0,633.0,844.0,897.0,926.0,961.0,961.0,961.0,969.0,969.0,969.0,국민건강증진기금,2020,보건복지부,994.0
예방접종관리,252.0,405.0,1008.0,1013.0,1015.0,2016.0,2477.0,2023.0,3016.0,3018.0,3350.0,3377.0,국민건강증진기금,2020,보건복지부,3381.0
정신건강증진사업,382.0,539.0,539.0,541.0,543.0,545.0,957.0,958.0,968.0,960.0,968.0,974.0,국민건강증진기금,2020,보건복지부,977.0
치매관리사업지원,270.0,536.0,540.0,1021.0,1021.0,1094.0,1480.0,1481.0,1863.0,1869.0,1869.0,1886.0,국민건강증진기금,2020,보건복지부,1888.0
응급의료기관 지원,0.0,321.0,333.0,4720.0,4960.0,5064.0,5091.0,1233.0,1237.0,1237.0,1242.0,1255.0,응급의료기금,2020,보건복지부,1362.0
"임도시설(균특,자율)",180.0,240.0,242.0,242.0,242.0,403.0,403.0,429.0,458.0,573.0,576.0,690.0,국가균형발전특별회계,2020,산림청,690.0
"임도시설(균특,지원)",0.0,14.0,263.0,414.0,455.0,576.0,577.0,587.0,611.0,639.0,737.0,913.0,국가균형발전특별회계,2020,산림청,926.0
목재 및 임산물활용(농특),37.0,223.0,251.0,253.0,263.0,282.0,293.0,407.0,461.0,464.0,660.0,689.0,농어촌구조개선특별회계,2020,산림청,703.0
산림병해충 예방 및 대응(농특),202.0,661.0,737.0,765.0,775.0,788.0,796.0,798.0,869.0,871.0,878.0,920.0,농어촌구조개선특별회계,2020,산림청,927.0
산림자원 육성·관리(농특),23.0,1564.0,2071.0,2125.0,2193.0,2474.0,2492.0,2576.0,2683.0,2874.0,3035.0,3092.0,농어촌구조개선특별회계,2020,산림청,3101.0
미세먼지 저감 대응 기반구축,200.0,1366.0,1732.0,1543.0,1581.0,1611.0,1616.0,1620.0,1625.0,1633.0,1659.0,1697.0,에너지및자원사업특별회계,2020,산림청,1718.0
국유재산관리(일반),3.0,17.0,100.0,135.0,198.0,297.0,339.0,363.0,410.0,435.0,479.0,556.0,일반회계,2020,산림청,562.0
산림복지서비스 제공·운영,129.0,138.0,238.0,269.0,283.0,312.0,339.0,351.0,367.0,372.0,392.0,458.0,일반회계,2020,산림청,503.0
산림재해대응(일반),145.0,248.0,424.0,426.0,428.0,460.0,502.0,507.0,534.0,661.0,664.0,666.0,일반회계,2020,산림청,668.0
산림헬기(일반),105.0,124.0,176.0,182.0,195.0,251.0,256.0,284.0,337.0,348.0,409.0,550.0,일반회계,2020,산림청,561.0
산사태 예방 및 대응(일반),146.0,1076.0,1315.0,1340.0,1372.0,1457.0,1469.0,1471.0,1479.0,1482.0,1488.0,1525.0,일반회계,2020,산림청,1528.0
외국인투자유치활성화,186.0,236.0,278.0,426.0,426.0,434.0,434.0,434.0,551.0,597.0,656.0,698.0,국가균형발전특별회계,2020,산업통상자원부,890.0
지역산업거점기관지원,0.0,893.0,893.0,1082.0,1142.0,1790.0,1790.0,1790.0,1790.0,1790.0,1851.0,1910.0,국가균형발전특별회계,2020,산업통상자원부,1910.0
지역산업경쟁력강화,285.0,653.0,1068.0,1931.0,2140.0,2942.0,2951.0,2982.0,3038.0,3096.0,3127.0,3434.0,국가균형발전특별회계,2020,산업통상자원부,3517.0
지역투자유치활성화,4.0,238.0,465.0,469.0,497.0,1092.0,1100.0,1100.0,1373.0,1666.0,1666.0,2223.0,국가균형발전특별회계,2020,산업통상자원부,2276.0
미래성장동력,0.0,1225.0,1227.0,1227.0,1407.0,1452.0,1463.0,1463.0,1466.0,1466.0,1465.0,1467.0,소재부품장비경쟁력강화특별회계,2020,산업통상자원부,1471.0
소재부품산업기술개발,125.0,3842.0,7042.0,7042.0,7137.0,7227.0,7462.0,7492.0,7494.0,7494.0,7494.0,7494.0,소재부품장비경쟁력강화특별회계,2020,산업통상자원부,7494.0
시스템산업기술개발,282.0,344.0,344.0,344.0,957.0,1097.0,1130.0,1130.0,1130.0,1130.0,1130.0,1130.0,소재부품장비경쟁력강화특별회계,2020,산업통상자원부,1130.0
가스수급안정,0.0,0.0,99.0,209.0,216.0,431.0,544.0,554.0,554.0,557.0,597.0,639.0,에너지및자원사업특별회계,2020,산업통상자원부,639.0
가스안전관리,80.0,170.0,301.0,389.0,484.0,667.0,716.0,772.0,782.0,797.0,855.0,910.0,에너지및자원사업특별회계,2020,산업통상자원부,1003.0
광해관리공단,580.0,930.0,1100.0,1150.0,1174.0,1200.0,1200.0,1200.0,1200.0,1200.0,1200.0,1200.0,에너지및자원사업특별회계,2020,산업통상자원부,1200.0
기반구축,2.0,73.0,79.0,258.0,590.0,802.0,802.0,802.0,823.0,842.0,854.0,908.0,에너지및자원사업특별회계,2020,산업통상자원부,909.0
에너지복지지원,0.0,320.0,320.0,320.0,349.0,380.0,380.0,380.0,380.0,541.0,641.0,767.0,에너지및자원사업특별회계,2020,산업통상자원부,767.0
에너지수요기술,53.0,1025.0,1206.0,1321.0,1582.0,1839.0,1904.0,1925.0,1926.0,1927.0,1931.0,1931.0,에너지및자원사업특별회계,2020,산업통상자원부,1931.0
에너지이용합리화,116.0,536.0,1561.0,1564.0,2075.0,2332.0,2379.0,2520.0,2712.0,2928.0,3114.0,3647.0,에너지및자원사업특별회계,2020,산업통상자원부,3681.0
공공기술개발,276.0,653.0,735.0,735.0,735.0,783.0,785.0,785.0,788.0,788.0,788.0,788.0,일반회계,2020,산업통상자원부,788.0
국가표준혁신및국제협력,0.0,382.0,488.0,492.0,519.0,620.0,677.0,717.0,733.0,755.0,763.0,785.0,일반회계,2020,산업통상자원부,798.0
기업입지환경개선,1014.0,5063.0,5086.0,5102.0,5112.0,4832.0,4832.0,4856.0,4906.0,4956.0,4956.0,4998.0,일반회계,2020,산업통상자원부,4998.0
미래성장동력,63.0,195.0,195.0,206.0,272.0,272.0,574.0,706.0,846.0,921.0,968.0,968.0,일반회계,2020,산업통상자원부,968.0
산업기술기반구축,250.0,1527.0,1642.0,1799.0,1849.0,1907.0,2352.0,2551.0,2765.0,2975.0,3141.0,3142.0,일반회계,2020,산업통상자원부,3142.0
수출역량강화,193.0,663.0,691.0,716.0,724.0,725.0,725.0,810.0,1262.0,1279.0,1483.0,1499.0,일반회계,2020,산업통상자원부,1508.0
시스템산업기술개발,1437.0,2645.0,3129.0,3208.0,3282.0,3368.0,3546.0,3645.0,4090.0,4177.0,4234.0,4234.0,일반회계,2020,산업통상자원부,4234.0
우수기술역량강화,383.0,831.0,831.0,831.0,831.0,866.0,929.0,929.0,961.0,977.0,993.0,993.0,일반회계,2020,산업통상자원부,993.0
인력양성(일반회계),88.0,208.0,1205.0,1223.0,1253.0,1292.0,1292.0,1412.0,1412.0,1412.0,1412.0,1412.0,일반회계,2020,산업통상자원부,1412.0
창의산업기술개발,183.0,1266.0,1266.0,1280.0,1326.0,1333.0,1548.0,1722.0,2048.0,2114.0,2141.0,2141.0,일반회계,2020,산업통상자원부,2141.0
중저준위방사성폐기물관리,38.0,56.0,237.0,448.0,479.0,527.0,645.0,691.0,693.0,816.0,831.0,831.0,방사성폐기물관리기금,2020,산업통상자원부,831.0
농어촌전기공급지원(기금),0.0,0.0,328.0,655.0,655.0,655.0,856.0,856.0,856.0,1057.0,1057.0,1194.0,전력산업기반기금,2020,산업통상자원부,1057.0
발전소주변지역지원(기금),691.0,691.0,691.0,1315.0,1672.0,1674.0,1857.0,1857.0,1857.0,1879.0,1879.0,1879.0,전력산업기반기금,2020,산업통상자원부,1879.0
재생에너지지원,0.0,777.0,3000.0,4061.0,6032.0,7091.0,7584.0,7636.0,8524.0,9271.0,9281.0,9496.0,전력산업기반기금,2020,산업통상자원부,9616.0
전기안전관리(기금),0.0,0.0,264.0,537.0,540.0,681.0,681.0,796.0,897.0,1086.0,1086.0,1086.0,전력산업기반기금,2020,산업통상자원부,1086.0
전력공급기술,1525.0,2052.0,3248.0,3473.0,3655.0,3655.0,3657.0,3663.0,3663.0,3663.0,3663.0,3663.0,전력산업기반기금,2020,산업통상자원부,3663.0
전력수요기술,0.0,504.0,521.0,675.0,709.0,748.0,773.0,780.0,780.0,780.0,780.0,783.0,전력산업기반기금,2020,산업통상자원부,783.0
새만금개발사업지원,22.0,853.0,1076.0,1227.0,1298.0,1704.0,1738.0,1898.0,2080.0,2131.0,2155.0,2530.0,일반회계,2020,새만금개발청,2609.0
식의약품 안전 연구개발,192.0,362.0,414.0,461.0,513.0,613.0,633.0,657.0,671.0,683.0,700.0,870.0,일반회계,2020,식품의약품안전처,919.0
집단급식소 위생강화,244.0,249.0,264.0,280.0,283.0,429.0,441.0,454.0,536.0,542.0,548.0,557.0,일반회계,2020,식품의약품안전처,559.0
아이돌봄지원,975.0,975.0,975.0,1750.0,1750.0,1750.0,1921.0,2195.0,2195.0,2367.0,2367.0,2483.0,일반회계,2020,여성가족부,2483.0
여성경제활동 촉진지원,192.0,197.0,335.0,379.0,380.0,380.0,483.0,505.0,531.0,567.0,580.0,581.0,일반회계,2020,여성가족부,585.0
가족서비스지원,111.0,177.0,340.0,588.0,601.0,603.0,664.0,712.0,723.0,826.0,826.0,827.0,양성평등기금,2020,여성가족부,830.0
청소년 사회안전망구축,122.0,169.0,229.0,413.0,420.0,422.0,514.0,524.0,524.0,618.0,621.0,623.0,청소년육성기금,2020,여성가족부,630.0
글로벌 프로그램,366.0,708.0,889.0,1203.0,1233.0,1283.0,1406.0,1533.0,1660.0,1672.0,1692.0,1710.0,일반회계,2020,외교부,1852.0
아시아 및 태평양지역 국가원조,293.0,566.0,711.0,962.0,1115.0,1151.0,1353.0,1462.0,1561.0,1587.0,1655.0,1670.0,일반회계,2020,외교부,2008.0
아프리카지역 국가원조,204.0,387.0,477.0,646.0,795.0,786.0,927.0,981.0,1035.0,1044.0,1056.0,1062.0,일반회계,2020,외교부,1270.0
재외동포재단,15.0,42.0,235.0,338.0,443.0,462.0,474.0,486.0,498.0,510.0,517.0,520.0,일반회계,2020,외교부,520.0
중남미지역 국가원조,86.0,166.0,209.0,282.0,327.0,343.0,425.0,446.0,467.0,476.0,485.0,486.0,일반회계,2020,외교부,573.0
협력사업 지원,94.0,161.0,207.0,263.0,319.0,375.0,403.0,427.0,450.0,471.0,493.0,501.0,일반회계,2020,외교부,501.0
규제자유특구제도,0.0,396.0,431.0,555.0,579.0,1000.0,1000.0,1007.0,1077.0,1077.0,1077.0,1077.0,국가균형발전특별회계,2020,중소벤처기업부,1077.0
"산학연협력기술개발(균특, R&D)",0.0,172.0,276.0,340.0,430.0,541.0,541.0,542.0,552.0,552.0,576.0,576.0,국가균형발전특별회계,2020,중소벤처기업부,576.0
지역산업경쟁력강화,0.0,397.0,398.0,854.0,1333.0,1911.0,1911.0,1955.0,2014.0,2060.0,2108.0,2108.0,국가균형발전특별회계,2020,중소벤처기업부,2108.0
창업인프라지원(균특),0.0,89.0,175.0,284.0,322.0,365.0,502.0,502.0,513.0,513.0,513.0,706.0,국가균형발전특별회계,2020,중소벤처기업부,716.0
기술개발지원(R&D),0.0,5.0,98.0,155.0,194.0,872.0,1058.0,1067.0,1093.0,1128.0,1146.0,1186.0,소재부품장비경쟁력강화특별회계,2020,중소벤처기업부,1186.0
모태조합출자,0.0,0.0,600.0,600.0,600.0,600.0,600.0,600.0,600.0,600.0,600.0,600.0,소재부품장비경쟁력강화특별회계,2020,중소벤처기업부,600.0
신용보증기관출연,0.0,800.0,800.0,800.0,800.0,800.0,800.0,800.0,800.0,800.0,800.0,800.0,소재부품장비경쟁력강화특별회계,2020,중소벤처기업부,800.0
기술개발지원(R&D),3040.0,3187.0,3430.0,4860.0,5737.0,7020.0,7786.0,7900.0,8897.0,9654.0,10189.0,10364.0,일반회계,2020,중소벤처기업부,10364.0
신용보증기관출연,3600.0,3600.0,3600.0,3600.0,4560.0,4560.0,4560.0,4560.0,4560.0,4560.0,4560.0,4560.0,일반회계,2020,중소벤처기업부,4560.0
중소기업경쟁력강화,5.0,26.0,1093.0,3250.0,3265.0,3265.0,3571.0,3571.0,4628.0,4628.0,4628.0,4628.0,일반회계,2020,중소벤처기업부,4628.0
중소기업수출역량강화,0.0,95.0,99.0,698.0,698.0,698.0,726.0,730.0,997.0,997.0,998.0,998.0,일반회계,2020,중소벤처기업부,998.0
중소기업인력양성및취업촉진,0.0,1145.0,1183.0,1323.0,1323.0,1952.0,2015.0,2185.0,2625.0,2790.0,2961.0,2965.0,일반회계,2020,중소벤처기업부,2965.0
중소기업판로및컨설팅지원,0.0,120.0,133.0,570.0,579.0,588.0,634.0,648.0,685.0,727.0,775.0,777.0,일반회계,2020,중소벤처기업부,777.0
중소기업해외시장개척지원,0.0,224.0,271.0,387.0,395.0,460.0,561.0,562.0,607.0,708.0,708.0,737.0,일반회계,2020,중소벤처기업부,789.0
창업생태계기반조성,92.0,451.0,711.0,711.0,711.0,822.0,881.0,881.0,941.0,955.0,1031.0,1035.0,일반회계,2020,중소벤처기업부,1067.0
창업활성화지원,1071.0,1470.0,1808.0,2380.0,4066.0,4136.0,4412.0,4727.0,4922.0,5207.0,5395.0,5395.0,일반회계,2020,중소벤처기업부,5395.0
소상공인지원(기금),0.0,171.0,473.0,3085.0,3454.0,4368.0,4463.0,2050.0,2074.0,2275.0,2315.0,2339.0,소상공인시장진흥기금,2020,중소벤처기업부,3972.0
소상공인지원융자(기금),1287.0,4657.0,10332.0,29645.0,33180.0,33615.0,33630.0,33630.0,21891.0,22489.0,23767.0,27800.0,소상공인시장진흥기금,2020,중소벤처기업부,27800.0
전통시장활성화지원(기금),91.0,903.0,1812.0,2719.0,3029.0,4302.0,4302.0,4302.0,4658.0,4698.0,4699.0,4679.0,소상공인시장진흥기금,2020,중소벤처기업부,4705.0
지역신용보증재단지원(기금),1011.0,1011.0,1011.0,1011.0,1011.0,1131.0,1600.0,1600.0,331.0,331.0,442.0,1131.0,소상공인시장진흥기금,2020,중소벤처기업부,1131.0
모태조합출자(기금),0.0,4400.0,7400.0,7400.0,7400.0,7400.0,7400.0,7400.0,7400.0,7400.0,7400.0,7400.0,중소벤처기업창업및진흥기금,2020,중소벤처기업부,7400.0
사업전환및재도약지원(기금),52.0,213.0,577.0,797.0,1089.0,1688.0,1925.0,2159.0,2521.0,2698.0,3005.0,3108.0,중소벤처기업창업및진흥기금,2020,중소벤처기업부,3108.0
성장안정자금(기금),857.0,3071.0,7124.0,10069.0,12330.0,14496.0,15782.0,16230.0,19651.0,19560.0,22241.0,23300.0,중소벤처기업창업및진흥기금,2020,중소벤처기업부,23300.0
창업기업지원융자(기금),1256.0,5174.0,10774.0,12784.0,14989.0,17808.0,19506.0,21223.0,24810.0,25804.0,27954.0,28477.0,중소벤처기업창업및진흥기금,2020,중소벤처기업부,28477.0
투융자복합금융지원(기금),10.0,25.0,110.0,225.0,296.0,619.0,624.0,639.0,1743.0,1811.0,2000.0,2000.0,중소벤처기업창업및진흥기금,2020,중소벤처기업부,2000.0
심사·심판처리 지원,0.0,188.0,275.0,311.0,334.0,527.0,547.0,568.0,606.0,626.0,647.0,723.0,특허청,2020,특허청,724.0
특허기술 활용촉진,238.0,314.0,355.0,360.0,430.0,430.0,500.0,500.0,505.0,505.0,505.0,514.0,특허청,2020,특허청,516.0
보급지원,10.0,133.0,288.0,328.0,429.0,586.0,623.0,709.0,817.0,849.0,930.0,1002.0,일반회계,2020,해양경찰청,997.0
그린포트 구축,106.0,160.0,283.0,392.0,499.0,677.0,682.0,730.0,885.0,889.0,964.0,1133.0,교통시설특별회계,2020,해양수산부,1171.0
부산항 신항만 개발,413.0,572.0,596.0,627.0,681.0,1001.0,1002.0,1006.0,1042.0,1054.0,1067.0,1310.0,교통시설특별회계,2020,해양수산부,1411.0
울산신항 개발,645.0,693.0,691.0,801.0,991.0,1100.0,1113.0,1129.0,1139.0,1151.0,1210.0,1352.0,교통시설특별회계,2020,해양수산부,1356.0
인천북항 개발,252.0,260.0,271.0,275.0,286.0,540.0,543.0,543.0,558.0,559.0,559.0,574.0,교통시설특별회계,2020,해양수산부,654.0
인천신항 개발,242.0,564.0,564.0,566.0,604.0,794.0,794.0,794.0,863.0,863.0,863.0,980.0,교통시설특별회계,2020,해양수산부,890.0
일반항 건설,1106.0,1433.0,1587.0,1725.0,2100.0,2881.0,2967.0,3052.0,3400.0,3468.0,3611.0,4300.0,교통시설특별회계,2020,해양수산부,4985.0
주요항 건설,128.0,198.0,227.0,274.0,328.0,445.0,454.0,460.0,506.0,520.0,528.0,616.0,교통시설특별회계,2020,해양수산부,724.0
항로표지시설 확충 및 안전관리,16.0,87.0,240.0,261.0,305.0,417.0,430.0,440.0,471.0,484.0,500.0,587.0,교통시설특별회계,2020,해양수산부,601.0
항만시설유지보수(교특),104.0,254.0,300.0,353.0,519.0,912.0,948.0,983.0,1157.0,1210.0,1303.0,1611.0,교통시설특별회계,2020,해양수산부,1793.0
수산자원조성,495.0,539.0,549.0,638.0,641.0,687.0,687.0,740.0,792.0,818.0,819.0,821.0,농어촌구조개선특별회계,2020,해양수산부,825.0
어항기반시설조성(농특),1405.0,3229.0,3864.0,4007.0,4123.0,4723.0,4752.0,4960.0,5611.0,5762.0,5820.0,6843.0,농어촌구조개선특별회계,2020,해양수산부,6949.0
연근해어업구조조정,220.0,224.0,224.0,224.0,230.0,583.0,583.0,666.0,723.0,723.0,742.0,743.0,농어촌구조개선특별회계,2020,해양수산부,756.0
재해대책,0.0,610.0,610.0,885.0,963.0,1147.0,1334.0,1439.0,1495.0,1523.0,1524.0,1739.0,농어촌구조개선특별회계,2020,해양수산부,1525.0
친환경양식육성(농특),18.0,194.0,563.0,617.0,635.0,692.0,734.0,749.0,742.0,732.0,738.0,784.0,농어촌구조개선특별회계,2020,해양수산부,843.0
어업안전지도강화,11.0,91.0,149.0,186.0,209.0,314.0,333.0,394.0,422.0,487.0,518.0,565.0,일반회계,2020,해양수산부,571.0
연구장비개발 및 인프라구축(R&D),162.0,254.0,412.0,421.0,455.0,504.0,504.0,504.0,504.0,504.0,504.0,504.0,일반회계,2020,해양수산부,504.0
연안환경관리(일반),163.0,195.0,257.0,273.0,284.0,430.0,436.0,452.0,516.0,608.0,655.0,778.0,일반회계,2020,해양수산부,816.0
한국해양과학기술원 운영지원,800.0,800.0,800.0,800.0,800.0,921.0,1071.0,1237.0,1237.0,1409.0,1409.0,1409.0,일반회계,2020,해양수산부,1416.0
해양문화활성화,237.0,264.0,306.0,316.0,325.0,453.0,455.0,480.0,483.0,487.0,504.0,603.0,일반회계,2020,해양수산부,626.0
해양안전관리시스템 구축.운영(일반),222.0,265.0,374.0,383.0,406.0,466.0,468.0,546.0,557.0,636.0,641.0,696.0,일반회계,2020,해양수산부,707.0
해양지형조사 및 정보제공,47.0,182.0,379.0,422.0,474.0,619.0,626.0,629.0,646.0,653.0,701.0,836.0,일반회계,2020,해양수산부,878.0
해운물류지원,1.0,21.0,598.0,615.0,641.0,699.0,730.0,743.0,773.0,800.0,821.0,866.0,일반회계,2020,해양수산부,974.0
해운인력양성 지원,187.0,187.0,187.0,206.0,246.0,393.0,450.0,470.0,479.0,561.0,561.0,561.0,일반회계,2020,해양수산부,561.0
지역교통안전환경개선,0.0,529.0,532.0,629.0,1181.0,1281.0,1281.0,1283.0,1395.0,1472.0,1472.0,1494.0,국가균형발전특별회계,2020,행정안전부,1768.0
지역일자리창출,18.0,347.0,373.0,414.0,571.0,602.0,602.0,615.0,627.0,640.0,640.0,646.0,국가균형발전특별회계,2020,행정안전부,646.0
특수상황지역개발,0.0,227.0,354.0,724.0,1093.0,1516.0,1516.0,1516.0,1516.0,1516.0,1985.0,2021.0,국가균형발전특별회계,2020,행정안전부,2021.0
보통교부세,60000.0,119517.0,158000.0,217156.0,263907.0,322907.0,342907.0,368907.0,388907.0,417906.0,448622.0,448622.0,일반회계,2020,행정안전부,448622.0
소방안전교부세,921.0,921.0,921.0,2995.0,2995.0,2995.0,5069.0,5069.0,5069.0,6851.0,6851.0,6851.0,일반회계,2020,행정안전부,6851.0
재난복구지원,0.0,6.0,6.0,6.0,57.0,60.0,75.0,96.0,4115.0,5912.0,5926.0,7430.0,일반회계,2020,행정안전부,5930.0
재난안전기술개발,2.0,369.0,451.0,454.0,465.0,527.0,529.0,536.0,546.0,547.0,555.0,577.0,일반회계,2020,행정안전부,587.0
재난예방지원,1801.0,3264.0,3364.0,3364.0,3439.0,3589.0,4889.0,4890.0,4940.0,4940.0,4940.0,4940.0,일반회계,2020,행정안전부,4940.0
재난정보통신관리(정보화),1.0,5.0,38.0,39.0,53.0,433.0,462.0,462.0,788.0,789.0,1190.0,1484.0,일반회계,2020,행정안전부,1770.0
전자정부실행기반마련(정보화),0.0,0.0,219.0,380.0,554.0,715.0,760.0,808.0,852.0,900.0,944.0,989.0,일반회계,2020,행정안전부,989.0
정부청사시설관리,72.0,90.0,156.0,243.0,276.0,444.0,470.0,488.0,529.0,548.0,591.0,662.0,일반회계,2020,행정안전부,706.0
주한미군공여구역주변지역등지원,0.0,515.0,559.0,563.0,650.0,700.0,750.0,750.0,750.0,800.0,800.0,801.0,일반회계,2020,행정안전부,801.0
지역일자리창출,0.0,907.0,938.0,940.0,1709.0,1709.0,2345.0,2345.0,2345.0,2345.0,2345.0,2347.0,일반회계,2020,행정안전부,2350.0
광역교통시설건설,115.0,139.0,289.0,304.0,601.0,793.0,820.0,836.0,869.0,913.0,928.0,1126.0,행정중심복합도시건설특별회계,2020,행정중심복합도시건설청,1290.0
중앙행정기관 건립,0.0,22.0,189.0,205.0,215.0,391.0,400.0,416.0,428.0,444.0,467.0,578.0,행정중심복합도시건설특별회계,2020,행정중심복합도시건설청,666.0
상수도 관리(지역자율),0.0,103.0,361.0,467.0,677.0,805.0,805.0,860.0,903.0,1096.0,1224.0,1298.0,국가균형발전특별회계,2020,환경부,1360.0
상수도 관리(지역지원),35.0,1314.0,1318.0,1393.0,2229.0,2997.0,3001.0,3001.0,3243.0,3243.0,3956.0,4494.0,국가균형발전특별회계,2020,환경부,4699.0
하수도 관리(농특),0.0,16.0,74.0,102.0,159.0,248.0,263.0,307.0,339.0,390.0,461.0,508.0,농어촌구조개선특별회계,2020,환경부,508.0
대기오염 발생원 관리,0.0,14.0,722.0,3444.0,4270.0,8418.0,8438.0,8457.0,9091.0,9482.0,9773.0,10649.0,에너지및자원사업특별회계,2020,환경부,11452.0
광역상수도건설출자,0.0,193.0,193.0,193.0,193.0,428.0,428.0,428.0,441.0,556.0,556.0,621.0,일반회계,2020,환경부,671.0
국가하천정비지원,210.0,2392.0,2399.0,2407.0,2439.0,2447.0,2465.0,2468.0,2469.0,3200.0,3504.0,3522.0,일반회계,2020,환경부,3534.0
댐운영지원,0.0,0.0,887.0,887.0,887.0,887.0,887.0,887.0,887.0,887.0,887.0,887.0,일반회계,2020,환경부,887.0
수자원계획 및 조사,14.0,198.0,279.0,279.0,356.0,535.0,535.0,607.0,608.0,608.0,613.0,625.0,일반회계,2020,환경부,643.0
대기오염 발생원 관리,153.0,3619.0,6312.0,6507.0,6921.0,7655.0,7885.0,8063.0,8280.0,8922.0,9017.0,9071.0,환경개선특별회계,2020,환경부,9597.0
대기오염 측정감시,239.0,563.0,577.0,606.0,628.0,631.0,678.0,744.0,763.0,790.0,818.0,860.0,환경개선특별회계,2020,환경부,952.0
물재이용 및 물기술 개발,0.0,7.0,14.0,209.0,211.0,257.0,264.0,270.0,294.0,428.0,438.0,514.0,환경개선특별회계,2020,환경부,518.0
법정경비,0.0,0.0,191.0,191.0,191.0,934.0,934.0,934.0,934.0,934.0,1425.0,1425.0,환경개선특별회계,2020,환경부,1425.0
사전예방 보건정책,138.0,894.0,939.0,1001.0,1019.0,1077.0,1100.0,1110.0,1128.0,1141.0,1147.0,1201.0,환경개선특별회계,2020,환경부,1270.0
산업폐수 및 기타오염원 관리,60.0,496.0,779.0,900.0,979.0,1425.0,1558.0,1673.0,1826.0,1967.0,2212.0,2401.0,환경개선특별회계,2020,환경부,2403.0
상수도 관리,0.0,220.0,328.0,384.0,397.0,772.0,1051.0,1286.0,1559.0,2471.0,2827.0,2984.0,환경개선특별회계,2020,환경부,3017.0
수질개선기반구축,97.0,487.0,548.0,655.0,771.0,917.0,983.0,1020.0,1061.0,1099.0,1131.0,1340.0,환경개선특별회계,2020,환경부,1565.0
자연의 보전·관리,2161.0,2263.0,2416.0,2545.0,2686.0,3147.0,3223.0,3237.0,3351.0,3482.0,3692.0,3853.0,환경개선특별회계,2020,환경부,3935.0
자연자원의 이용,586.0,587.0,599.0,611.0,641.0,641.0,668.0,672.0,752.0,763.0,770.0,783.0,환경개선특별회계,2020,환경부,886.0
최종처리 및 안전관리,0.0,88.0,330.0,511.0,599.0,796.0,872.0,969.0,1085.0,1125.0,1231.0,1525.0,환경개선특별회계,2020,환경부,1710.0
출연사업,199.0,1115.0,1115.0,1115.0,1115.0,1302.0,1302.0,1302.0,1302.0,1396.0,1396.0,1396.0,환경개선특별회계,2020,환경부,1396.0
친환경산업 육성·지원,35.0,556.0,729.0,734.0,794.0,802.0,804.0,815.0,830.0,832.0,845.0,924.0,환경개선특별회계,2020,환경부,1046.0
토양 지하수 관리,387.0,482.0,493.0,494.0,496.0,497.0,499.0,510.0,511.0,513.0,514.0,524.0,환경개선특별회계,2020,환경부,525.0
폐기물 수집 및 재활용,677.0,717.0,840.0,1420.0,1604.0,1911.0,1960.0,1971.0,2004.0,2007.0,2007.0,2022.0,환경개선특별회계,2020,환경부,2092.0
하수도 관리,556.0,1399.0,2897.0,3400.0,3809.0,7005.0,7466.0,8621.0,11098.0,12639.0,13783.0,14417.0,환경개선특별회계,2020,환경부,14536.0
환경기술 개발·보급,267.0,736.0,737.0,739.0,743.0,787.0,788.0,791.0,791.0,792.0,795.0,799.0,환경개선특별회계,2020,환경부,800.0
환경시험연구,112.0,144.0,161.0,192.0,245.0,319.0,351.0,370.0,405.0,423.0,432.0,502.0,환경개선특별회계,2020,환경부,536.0
환경위해 관리,769.0,878.0,897.0,928.0,943.0,973.0,1013.0,1022.0,1032.0,1037.0,1053.0,1095.0,환경개선특별회계,2020,환경부,1113.0
환경피해 사후관리,203.0,928.0,933.0,933.0,964.0,975.0,977.0,977.0,977.0,984.0,985.0,989.0,환경개선특별회계,2020,환경부,1007.0
환경기초시설(금강),0.0,105.0,192.0,278.0,332.0,350.0,425.0,480.0,466.0,453.0,559.0,559.0,금강수계관리기금,2020,환경부,559.0
환경기초시설(낙동강),130.0,232.0,369.0,487.0,607.0,759.0,872.0,993.0,1127.0,1189.0,1313.0,1313.0,낙동강수계관리기금,2020,환경부,1507.0
주민지원사업(한강),32.0,79.0,213.0,312.0,381.0,487.0,529.0,565.0,616.0,653.0,680.0,744.0,한강수계관리기금,2020,환경부,744.0
토지매수및수변구역관리(한강),193.0,248.0,282.0,464.0,604.0,728.0,842.0,927.0,1007.0,1083.0,1119.0,1117.0,한강수계관리기금,2020,환경부,1119.0
환경기초시설(한강),118.0,236.0,646.0,898.0,1156.0,1339.0,1595.0,1791.0,2028.0,2167.0,2308.0,2436.0,한강수계관리기금,2020,환경부,2436.0
경비경찰역량강화,97.0,122.0,155.0,183.0,212.0,420.0,419.0,456.0,480.0,514.0,550.0,794.0,일반회계,2019,경찰청,830.0
경찰유무선망개선,21.0,31.0,55.0,72.0,112.0,194.0,191.0,201.0,287.0,298.0,323.0,538.0,일반회계,2019,경찰청,543.0
경찰장비현대화,120.0,174.0,403.0,522.0,783.0,1391.0,1368.0,1421.0,1575.0,1657.0,2047.0,2231.0,일반회계,2019,경찰청,2402.0
교통사고예방,244.0,441.0,563.0,719.0,820.0,1153.0,1147.0,1288.0,1358.0,1550.0,1589.0,1753.0,일반회계,2019,경찰청,1732.0
범죄수사,273.0,359.0,590.0,705.0,776.0,1118.0,1062.0,1094.0,1123.0,1148.0,1173.0,1209.0,일반회계,2019,경찰청,1219.0
사회적약자보호,47.0,95.0,160.0,265.0,372.0,546.0,552.0,590.0,631.0,662.0,673.0,737.0,일반회계,2019,경찰청,738.0
일반행정업무지원,359.0,835.0,1305.0,1710.0,2103.0,2896.0,2989.0,3340.0,3795.0,4226.0,4658.0,5293.0,일반회계,2019,경찰청,5428.0
사회적기업육성,150.0,275.0,365.0,615.0,660.0,715.0,785.0,780.0,800.0,837.0,853.0,881.0,국가균형발전특별회계,2019,고용노동부,903.0
대상별취업지원,461.0,747.0,1072.0,1360.0,1657.0,1897.0,2194.0,2381.0,2576.0,2818.0,3020.0,3273.0,일반회계,2019,고용노동부,3705.0
사회적기업육성,282.0,317.0,354.0,557.0,581.0,635.0,685.0,687.0,687.0,688.0,688.0,691.0,일반회계,2019,고용노동부,692.0
청년진로및취업지원(일반),113.0,175.0,382.0,452.0,589.0,742.0,827.0,886.0,970.0,994.0,1008.0,1022.0,일반회계,2019,고용노동부,1030.0
한국기술교육대학교출연,121.0,238.0,355.0,476.0,594.0,711.0,762.0,813.0,863.0,915.0,965.0,1015.0,일반회계,2019,고용노동부,1015.0
한국산업인력공단출연,206.0,294.0,433.0,662.0,868.0,916.0,1022.0,1103.0,1115.0,1179.0,1257.0,1308.0,일반회계,2019,고용노동부,1308.0
한국폴리텍대학출연,146.0,293.0,439.0,649.0,860.0,1223.0,1359.0,1472.0,1585.0,1642.0,1699.0,1714.0,일반회계,2019,고용노동부,1755.0
고용창출장려금,1151.0,1802.0,2925.0,3627.0,4798.0,6199.0,6740.0,6171.0,7111.0,7870.0,7821.0,7782.0,고용보험기금,2019,고용노동부,8720.0
사업주능력개발지원금,600.0,1054.0,1454.0,1966.0,2238.0,2690.0,3144.0,3444.0,3768.0,4219.0,4519.0,4848.0,고용보험기금,2019,고용노동부,4147.0
실업급여,251.0,451.0,681.0,1031.0,1292.0,1542.0,1792.0,2092.0,2292.0,2492.0,2842.0,2903.0,고용보험기금,2019,고용노동부,2104.0
일·가정양립지원,110.0,210.0,298.0,466.0,507.0,570.0,648.0,728.0,848.0,1005.0,1055.0,1138.0,고용보험기금,2019,고용노동부,1583.0
중소기업능력개발지원,0.0,565.0,864.0,1145.0,1145.0,1145.0,1145.0,1253.0,1253.0,1656.0,1656.0,1555.0,고용보험기금,2019,고용노동부,1921.0
지역고용촉진지원,25.0,661.0,975.0,989.0,990.0,1002.0,1050.0,1051.0,1052.0,1053.0,1054.0,1058.0,고용보험기금,2019,고용노동부,1079.0
한국산업인력공단능력개발사업지원,73.0,191.0,434.0,611.0,816.0,970.0,1047.0,1101.0,1132.0,1152.0,1313.0,1374.0,고용보험기금,2019,고용노동부,1384.0
한국폴리텍대학능력개발사업지원,91.0,216.0,375.0,511.0,648.0,785.0,865.0,917.0,1021.0,1100.0,1184.0,1253.0,고용보험기금,2019,고용노동부,1264.0
근로자생활안정자금(융자),204.0,266.0,344.0,404.0,456.0,526.0,638.0,662.0,765.0,915.0,939.0,902.0,근로복지진흥기금,2019,고용노동부,847.0
연구개발특구육성,0.0,235.0,326.0,445.0,445.0,475.0,812.0,812.0,812.0,812.0,812.0,825.0,국가균형발전특별회계,2019,과학기술정보통신부,867.0
국가과학기술연구회 소속 출연연구기관 지원,340.0,672.0,995.0,1315.0,1599.0,1906.0,1972.0,2029.0,2087.0,2118.0,2195.0,2247.0,에너지및자원사업특별회계,2019,과학기술정보통신부,2249.0
보험사업활성화,341.0,355.0,397.0,449.0,484.0,521.0,560.0,594.0,627.0,679.0,738.0,820.0,우체국보험특별회계,2019,과학기술정보통신부,832.0
예금사업활성화,94.0,121.0,195.0,236.0,274.0,326.0,370.0,417.0,462.0,524.0,588.0,687.0,우체국예금특별회계,2019,과학기술정보통신부,703.0
국내우편사업,120.0,156.0,223.0,262.0,303.0,417.0,442.0,476.0,529.0,569.0,597.0,647.0,우편사업특별회계,2019,과학기술정보통신부,659.0
국제우편사업,74.0,229.0,372.0,485.0,564.0,777.0,864.0,1028.0,1136.0,1213.0,1373.0,1651.0,우편사업특별회계,2019,과학기술정보통신부,1937.0
우편배달지원,401.0,479.0,661.0,867.0,1049.0,1257.0,1433.0,1632.0,1815.0,1976.0,2095.0,2396.0,우편사업특별회계,2019,과학기술정보통신부,1983.0
우편사업물류지원,540.0,590.0,1078.0,1141.0,1174.0,1560.0,1664.0,1705.0,2311.0,2371.0,2411.0,2607.0,우편사업특별회계,2019,과학기술정보통신부,1847.0
국가과학기술연구회 소속 출연연구기관 지원,1965.0,3350.0,4930.0,6255.0,7496.0,8919.0,9266.0,9746.0,10085.0,10403.0,10684.0,10980.0,일반회계,2019,과학기술정보통신부,11008.0
국제과학비즈니스벨트조성,2412.0,2499.0,2499.0,2507.0,2507.0,2520.0,2530.0,2530.0,2530.0,2530.0,2530.0,2539.0,일반회계,2019,과학기술정보통신부,2556.0
글로벌전문기술(일반회계),0.0,402.0,402.0,402.0,402.0,402.0,568.0,568.0,568.0,568.0,568.0,568.0,일반회계,2019,과학기술정보통신부,568.0
기초연구기반구축사업,41.0,423.0,423.0,423.0,423.0,634.0,634.0,634.0,634.0,634.0,634.0,634.0,일반회계,2019,과학기술정보통신부,634.0
기초연구지원,259.0,11586.0,11586.0,11702.0,11871.0,11871.0,12006.0,12006.0,12006.0,12006.0,12006.0,12006.0,일반회계,2019,과학기술정보통신부,12006.0
나노·소재기술개발,556.0,814.0,814.0,838.0,838.0,868.0,868.0,868.0,868.0,868.0,868.0,868.0,일반회계,2019,과학기술정보통신부,868.0
바이오·의료기술개발,2984.0,2984.0,2984.0,3140.0,3622.0,3700.0,3718.0,3718.0,3718.0,3718.0,3718.0,3718.0,일반회계,2019,과학기술정보통신부,3718.0
방사선이용기술개발,411.0,508.0,535.0,565.0,569.0,593.0,593.0,593.0,593.0,593.0,593.0,593.0,일반회계,2019,과학기술정보통신부,593.0
에너지·환경기술개발,456.0,614.0,773.0,976.0,1138.0,1153.0,1200.0,1224.0,1224.0,1224.0,1224.0,1224.0,일반회계,2019,과학기술정보통신부,1275.0
연구공동체육성지원,0.0,1.0,657.0,657.0,657.0,657.0,657.0,657.0,657.0,657.0,657.0,657.0,일반회계,2019,과학기술정보통신부,657.0
우수학생 국가장학 사업,0.0,0.0,245.0,289.0,289.0,289.0,505.0,505.0,505.0,507.0,507.0,507.0,일반회계,2019,과학기술정보통신부,507.0
우주발사체개발,400.0,500.0,600.0,800.0,1000.0,1200.0,1300.0,1350.0,1400.0,1500.0,1550.0,1596.0,일반회계,2019,과학기술정보통신부,1596.0
인공위성개발,714.0,813.0,1005.0,1010.0,1060.0,1060.0,1060.0,1060.0,1060.0,1060.0,1060.0,1060.0,일반회계,2019,과학기술정보통신부,1060.0
직할출연연구기관지원,1063.0,1950.0,3102.0,3898.0,4590.0,5514.0,5921.0,6302.0,6872.0,7152.0,7422.0,7788.0,일반회계,2019,과학기술정보통신부,7829.0
첨단융합기술개발,865.0,952.0,1044.0,1350.0,1381.0,1522.0,1591.0,1622.0,1648.0,1667.0,1667.0,1667.0,일반회계,2019,과학기술정보통신부,1667.0
미디어 다양성 및 공공성 확보,78.0,156.0,228.0,306.0,384.0,456.0,488.0,521.0,557.0,592.0,627.0,662.0,방송통신발전기금,2019,과학기술정보통신부,652.0
방송인프라지원,33.0,80.0,250.0,361.0,461.0,570.0,612.0,653.0,701.0,745.0,786.0,834.0,방송통신발전기금,2019,과학기술정보통신부,840.0
인터넷이용환경고도화(방발),41.0,375.0,575.0,869.0,891.0,934.0,1169.0,1179.0,1194.0,1290.0,1306.0,1325.0,방송통신발전기금,2019,과학기술정보통신부,1325.0
출연연 연구개발지원(R&D),214.0,260.0,260.0,260.0,773.0,773.0,773.0,1029.0,1029.0,1029.0,1029.0,1029.0,방송통신발전기금,2019,과학기술정보통신부,1029.0
콘텐츠 진흥,0.0,280.0,280.0,416.0,416.0,528.0,678.0,678.0,678.0,754.0,754.0,754.0,방송통신발전기금,2019,과학기술정보통신부,754.0
콘텐츠디바이스기술개발(방발),74.0,400.0,580.0,634.0,715.0,752.0,1071.0,1071.0,1071.0,1071.0,1071.0,1071.0,방송통신발전기금,2019,과학기술정보통신부,1071.0
원자력및방사선안전규제,0.0,123.0,182.0,241.0,300.0,359.0,412.0,465.0,518.0,571.0,624.0,675.0,원자력기금,2019,과학기술정보통신부,675.0
원자력연구개발사업,364.0,364.0,694.0,857.0,857.0,1161.0,1181.0,1181.0,1315.0,1315.0,1315.0,1331.0,원자력기금,2019,과학기술정보통신부,1331.0
AI기술개발(정진),59.0,148.0,411.0,411.0,415.0,415.0,568.0,568.0,568.0,568.0,568.0,568.0,정보통신진흥기금,2019,과학기술정보통신부,568.0
ICT인력양성(정진),0.0,16.0,424.0,491.0,491.0,491.0,521.0,521.0,521.0,521.0,521.0,521.0,정보통신진흥기금,2019,과학기술정보통신부,521.0
SW.디지털콘텐츠기술개발,505.0,669.0,669.0,808.0,901.0,914.0,1048.0,1048.0,1183.0,1226.0,1226.0,1226.0,정보통신진흥기금,2019,과학기술정보통신부,1226.0
SW산업경쟁력강화(정진),79.0,308.0,372.0,609.0,623.0,624.0,759.0,781.0,801.0,872.0,874.0,879.0,정보통신진흥기금,2019,과학기술정보통신부,879.0
SW융합인력양성,181.0,181.0,375.0,618.0,832.0,834.0,1074.0,1075.0,1075.0,1145.0,1145.0,1145.0,정보통신진흥기금,2019,과학기술정보통신부,1145.0
스마트화산업기반확충(정진),158.0,169.0,456.0,952.0,956.0,960.0,1091.0,1095.0,1098.0,1140.0,1357.0,1358.0,정보통신진흥기금,2019,과학기술정보통신부,1358.0
신산업융합원천기술,352.0,352.0,412.0,512.0,649.0,712.0,888.0,888.0,888.0,920.0,920.0,920.0,정보통신진흥기금,2019,과학기술정보통신부,920.0
정보보호기술개발(정진),0.0,248.0,248.0,433.0,433.0,433.0,619.0,619.0,619.0,619.0,619.0,619.0,정보통신진흥기금,2019,과학기술정보통신부,619.0
산학협력 선도 전문대학 육성,0.0,0.0,610.0,610.0,938.0,938.0,938.0,938.0,938.0,938.0,938.0,938.0,국가균형발전특별회계,2019,교육부,938.0
산학협력 선도대학(LINC) 육성,0.0,0.0,1502.0,1791.0,2185.0,2447.0,2577.0,2787.0,2792.0,2792.0,2792.0,2792.0,국가균형발전특별회계,2019,교육부,2925.0
전문대학 혁신 지원,0.0,228.0,521.0,821.0,980.0,2036.0,2606.0,2816.0,2816.0,2816.0,2843.0,2843.0,국가균형발전특별회계,2019,교육부,3135.0
BK21 플러스사업,0.0,1915.0,2158.0,2158.0,2158.0,2158.0,2158.0,2967.0,2967.0,2967.0,2967.0,2967.0,일반회계,2019,교육부,2967.0
고교 취업연계 장려금 지원,0.0,0.0,546.0,546.0,546.0,546.0,646.0,646.0,646.0,646.0,780.0,780.0,일반회계,2019,교육부,780.0
교육급여,529.0,529.0,530.0,1054.0,1054.0,1054.0,1054.0,1054.0,1184.0,1184.0,1184.0,1243.0,일반회계,2019,교육부,1317.0
국립대학 교육기반조성,66.0,78.0,258.0,333.0,366.0,526.0,531.0,548.0,559.0,561.0,561.0,564.0,일반회계,2019,교육부,565.0
국립대학 시설확충,910.0,1255.0,1977.0,2440.0,2828.0,5099.0,5296.0,5447.0,5696.0,5847.0,6020.0,6399.0,일반회계,2019,교육부,6479.0
국립대학혁신 지원,29.0,37.0,1541.0,1549.0,1549.0,1549.0,1569.0,1569.0,1607.0,1607.0,1610.0,1602.0,일반회계,2019,교육부,1625.0
대학교육 역량 강화,192.0,192.0,766.0,4154.0,4166.0,4174.0,5868.0,5868.0,5868.0,5868.0,5874.0,5876.0,일반회계,2019,교육부,5884.0
보통교부금,45000.0,105000.0,161047.0,218547.0,276047.0,345776.0,378776.0,418776.0,461776.0,501776.0,531823.0,536823.0,일반회계,2019,교육부,536823.0
이공학학술연구조성,3325.0,3325.0,3325.0,4636.0,4636.0,4636.0,5099.0,5099.0,5099.0,5099.0,5099.0,5099.0,일반회계,2019,교육부,5099.0
인문사회학술연구 조성,0.0,1736.0,1736.0,1736.0,1736.0,1736.0,2480.0,2480.0,2480.0,2480.0,2480.0,2480.0,일반회계,2019,교육부,2480.0
교육환경 개선 지원사업,0.0,81.0,390.0,543.0,595.0,595.0,744.0,744.0,817.0,847.0,1093.0,2133.0,사학진흥기금,2019,교육부,2133.0
국립묘지조성및관리,1.0,13.0,23.0,41.0,53.0,87.0,93.0,104.0,120.0,212.0,232.0,375.0,일반회계,2019,국가보훈처,501.0
군시설이전사업,0.0,25.0,75.0,166.0,239.0,535.0,546.0,574.0,612.0,639.0,689.0,959.0,국방·군사시설이전특별회계,2019,국방부,1052.0
간부주거시설,34.0,63.0,1351.0,2162.0,2086.0,3905.0,3920.0,3922.0,5089.0,4975.0,4963.0,6593.0,일반회계,2019,국방부,7099.0
과학화훈련,46.0,64.0,148.0,165.0,177.0,234.0,241.0,246.0,252.0,264.0,292.0,468.0,일반회계,2019,국방부,557.0
교육시설,18.0,115.0,268.0,358.0,406.0,804.0,818.0,827.0,881.0,938.0,1046.0,1487.0,일반회계,2019,국방부,1785.0
교육용탄약,185.0,312.0,466.0,584.0,724.0,1488.0,1728.0,1815.0,1837.0,2019.0,2181.0,2527.0,일반회계,2019,국방부,2559.0
국방통합데이터센터 운영,66.0,66.0,103.0,194.0,199.0,261.0,332.0,332.0,368.0,460.0,467.0,569.0,일반회계,2019,국방부,594.0
군의무,37.0,118.0,315.0,421.0,505.0,791.0,866.0,914.0,1022.0,1100.0,1201.0,1477.0,일반회계,2019,국방부,1684.0
물자획득,35.0,235.0,578.0,804.0,1189.0,1742.0,1859.0,1962.0,2108.0,2235.0,2474.0,2974.0,일반회계,2019,국방부,3060.0
병영기본시설,19.0,69.0,334.0,476.0,625.0,1553.0,1578.0,1417.0,1474.0,1500.0,1575.0,2298.0,일반회계,2019,국방부,2634.0
수송활동,41.0,98.0,177.0,274.0,342.0,421.0,424.0,453.0,491.0,538.0,597.0,685.0,일반회계,2019,국방부,719.0
시설유지운영,80.0,246.0,664.0,1011.0,1631.0,3460.0,3606.0,3812.0,4225.0,4675.0,5375.0,7607.0,일반회계,2019,국방부,7901.0
연료확보,511.0,959.0,1419.0,1891.0,2307.0,3095.0,3204.0,3641.0,3833.0,4554.0,5060.0,6162.0,일반회계,2019,국방부,6806.0
예비전력유지,22.0,47.0,81.0,116.0,142.0,244.0,252.0,270.0,287.0,313.0,358.0,495.0,일반회계,2019,국방부,521.0
일반시설개선,304.0,839.0,1621.0,2131.0,2711.0,5922.0,5964.0,6014.0,6358.0,6635.0,7091.0,10205.0,일반회계,2019,국방부,11801.0
장비유지,339.0,1111.0,1808.0,2919.0,3657.0,6265.0,6676.0,6932.0,7229.0,7625.0,8261.0,10446.0,일반회계,2019,국방부,11041.0
장비획득,4.0,70.0,334.0,669.0,1088.0,1477.0,1530.0,1677.0,1799.0,1928.0,2139.0,2512.0,일반회계,2019,국방부,2466.0
정보통신체계운영,119.0,291.0,785.0,1041.0,1215.0,1872.0,1928.0,1986.0,2083.0,2324.0,2430.0,3277.0,일반회계,2019,국방부,3604.0
정훈문화활동,49.0,60.0,75.0,201.0,231.0,297.0,331.0,349.0,362.0,411.0,436.0,533.0,일반회계,2019,국방부,539.0
주한미군 방위비분담금,182.0,436.0,1009.0,1657.0,1876.0,2782.0,2948.0,3158.0,3365.0,3628.0,3836.0,4843.0,일반회계,2019,국방부,6240.0
탄약관리,2.0,16.0,155.0,190.0,233.0,654.0,672.0,677.0,737.0,810.0,838.0,1131.0,일반회계,2019,국방부,1167.0
피복비,282.0,610.0,978.0,1371.0,1808.0,2319.0,2512.0,2707.0,2906.0,3156.0,3426.0,3989.0,일반회계,2019,국방부,4042.0
훈련 및 교육 지원,25.0,48.0,91.0,121.0,150.0,249.0,270.0,303.0,335.0,363.0,396.0,527.0,일반회계,2019,국방부,588.0
미군기지이전사업,25.0,110.0,222.0,303.0,413.0,805.0,836.0,924.0,1005.0,1091.0,1216.0,1741.0,주한미군기지이전특별회계,2019,국방부,2185.0
미군기지이전지원,150.0,150.0,150.0,150.0,150.0,413.0,413.0,413.0,413.0,413.0,561.0,561.0,주한미군기지이전특별회계,2019,국방부,561.0
국세행정 전산화(정보화),2.0,36.0,91.0,126.0,165.0,205.0,233.0,270.0,333.0,353.0,382.0,508.0,일반회계,2019,국세청,525.0
고속도로건설,800.0,800.0,5250.0,6725.0,9914.0,11758.0,11758.0,11758.0,12256.0,12572.0,13585.0,14325.0,교통시설특별회계,2019,국토교통부,14075.0
도로병목지점 개선,3.0,23.0,240.0,306.0,454.0,782.0,797.0,820.0,928.0,953.0,1035.0,1394.0,교통시설특별회계,2019,국토교통부,1494.0
도로보수(총액계상),5.0,36.0,833.0,1190.0,2011.0,5821.0,6020.0,6355.0,7693.0,7953.0,8399.0,10583.0,교통시설특별회계,2019,국토교통부,10900.0
도로안전 및 환경개선(총액계상),1.0,7.0,86.0,167.0,325.0,1283.0,1327.0,1397.0,1793.0,1868.0,1992.0,2477.0,교통시설특별회계,2019,국토교통부,2499.0
민자유치사업지원,651.0,1415.0,1799.0,1799.0,2135.0,4598.0,4600.0,4630.0,4631.0,5150.0,5215.0,5492.0,교통시설특별회계,2019,국토교통부,5493.0
시관내국도대체우회도로건설,111.0,615.0,1392.0,1441.0,1526.0,2106.0,2055.0,2094.0,2304.0,2344.0,2411.0,2989.0,교통시설특별회계,2019,국토교통부,3213.0
위험도로개선,0.0,26.0,258.0,341.0,404.0,701.0,736.0,774.0,910.0,950.0,981.0,1388.0,교통시설특별회계,2019,국토교통부,1594.0
일반국도건설,317.0,1497.0,4486.0,4978.0,5644.0,8260.0,8414.0,8586.0,9358.0,9502.0,9700.0,12688.0,교통시설특별회계,2019,국토교통부,13434.0
일반철도건설,6512.0,6512.0,6512.0,17124.0,18142.0,18142.0,22459.0,22972.0,24033.0,24033.0,24938.0,26068.0,교통시설특별회계,2019,국토교통부,26068.0
지역간선국도8차,0.0,7.0,337.0,349.0,355.0,577.0,593.0,598.0,657.0,665.0,690.0,888.0,교통시설특별회계,2019,국토교통부,872.0
지하철건설지원,0.0,475.0,475.0,710.0,890.0,890.0,1070.0,1170.0,1320.0,1330.0,1410.0,1606.0,교통시설특별회계,2019,국토교통부,1914.0
철도기술연구,0.0,481.0,481.0,481.0,795.0,795.0,795.0,795.0,795.0,795.0,795.0,795.0,교통시설특별회계,2019,국토교통부,795.0
철도운영지원(교특),0.0,1.0,1434.0,1434.0,1434.0,3147.0,3147.0,3147.0,4340.0,4340.0,4340.0,6076.0,교통시설특별회계,2019,국토교통부,6165.0
첨단도로교통체계,64.0,163.0,533.0,681.0,751.0,771.0,771.0,771.0,880.0,880.0,880.0,885.0,교통시설특별회계,2019,국토교통부,886.0
항공기술연구,0.0,454.0,454.0,504.0,504.0,504.0,504.0,518.0,518.0,518.0,518.0,518.0,교통시설특별회계,2019,국토교통부,518.0
항공안전운영,7.0,41.0,244.0,291.0,339.0,429.0,459.0,470.0,522.0,562.0,587.0,889.0,교통시설특별회계,2019,국토교통부,1023.0
개발제한구역지원,0.0,0.0,0.0,0.0,996.0,996.0,1021.0,1334.0,1389.0,1405.0,1421.0,1476.0,국가균형발전특별회계,2019,국토교통부,1482.0
광역도로,0.0,159.0,344.0,344.0,344.0,648.0,648.0,648.0,648.0,648.0,663.0,684.0,국가균형발전특별회계,2019,국토교통부,816.0
광역철도건설지원,0.0,460.0,540.0,1351.0,2632.0,3020.0,3170.0,3352.0,3708.0,3744.0,3925.0,4515.0,국가균형발전특별회계,2019,국토교통부,5461.0
국가지원지방도건설,0.0,824.0,1366.0,1629.0,2406.0,2466.0,2497.0,2540.0,2551.0,2597.0,2688.0,2746.0,국가균형발전특별회계,2019,국토교통부,3069.0
대중교통지원(지역자율),0.0,50.0,484.0,580.0,692.0,783.0,812.0,844.0,869.0,869.0,880.0,971.0,국가균형발전특별회계,2019,국토교통부,971.0
대중교통지원(지역지원),0.0,336.0,599.0,599.0,599.0,1046.0,1046.0,1046.0,1046.0,1046.0,1094.0,1126.0,국가균형발전특별회계,2019,국토교통부,1209.0
도시재생,0.0,0.0,2062.0,2062.0,2112.0,2928.0,3122.0,4054.0,4217.0,4350.0,4525.0,4805.0,국가균형발전특별회계,2019,국토교통부,5089.0
도시활력증진지역개발,0.0,340.0,513.0,631.0,909.0,1223.0,1237.0,1237.0,1299.0,1357.0,1399.0,1584.0,국가균형발전특별회계,2019,국토교통부,1606.0
산업단지진입도로지원,80.0,339.0,772.0,927.0,1051.0,1460.0,1517.0,1550.0,1781.0,1832.0,1916.0,2643.0,국가균형발전특별회계,2019,국토교통부,2870.0
성장촉진지역개발,0.0,74.0,672.0,865.0,1068.0,1463.0,1558.0,1669.0,1757.0,1757.0,1828.0,2118.0,국가균형발전특별회계,2019,국토교통부,2118.0
주차환경개선지원,0.0,0.0,39.0,214.0,254.0,608.0,608.0,608.0,608.0,608.0,608.0,622.0,국가균형발전특별회계,2019,국토교통부,608.0
지방하천정비지원,0.0,1554.0,2433.0,3043.0,3976.0,5026.0,5025.0,5089.0,5214.0,5249.0,5340.0,5691.0,국가균형발전특별회계,2019,국토교통부,5697.0
건설기술혁신(R&D),0.0,200.0,200.0,438.0,438.0,553.0,553.0,553.0,553.0,553.0,553.0,553.0,일반회계,2019,국토교통부,553.0
교통물류연구,0.0,465.0,465.0,485.0,557.0,557.0,557.0,557.0,557.0,557.0,557.0,557.0,일반회계,2019,국토교통부,557.0
국가하천정비지원,142.0,536.0,1723.0,2283.0,2581.0,3400.0,3487.0,3610.0,3855.0,3941.0,4083.0,5151.0,일반회계,2019,국토교통부,5229.0
국토교통기술역량강화(R&D),247.0,621.0,622.0,622.0,622.0,623.0,624.0,624.0,624.0,625.0,625.0,626.0,일반회계,2019,국토교통부,627.0
국토지형관리,39.0,76.0,295.0,460.0,524.0,631.0,656.0,682.0,706.0,726.0,770.0,962.0,일반회계,2019,국토교통부,1048.0
도시건축연구,339.0,774.0,964.0,995.0,1005.0,1015.0,1015.0,1015.0,1015.0,1015.0,1015.0,1015.0,일반회계,2019,국토교통부,1015.0
부동산공시,77.0,165.0,561.0,583.0,658.0,686.0,708.0,760.0,760.0,803.0,856.0,903.0,일반회계,2019,국토교통부,907.0
산업단지지원(일반),0.0,227.0,227.0,227.0,465.0,531.0,533.0,533.0,533.0,702.0,702.0,720.0,일반회계,2019,국토교통부,743.0
새만금개발사업지원,500.0,500.0,500.0,500.0,500.0,500.0,500.0,500.0,500.0,500.0,500.0,500.0,일반회계,2019,국토교통부,500.0
스마트시티 지원,0.0,7.0,123.0,185.0,397.0,447.0,455.0,455.0,488.0,489.0,502.0,519.0,일반회계,2019,국토교통부,560.0
주거환경개선지원,0.0,0.0,426.0,426.0,492.0,582.0,583.0,609.0,621.0,641.0,662.0,674.0,일반회계,2019,국토교통부,680.0
주택가격조사지원,224.0,304.0,328.0,334.0,554.0,578.0,580.0,580.0,580.0,597.0,600.0,675.0,일반회계,2019,국토교통부,683.0
주택정책지원,1867.0,3447.0,5134.0,6686.0,8307.0,9858.0,10505.0,11688.0,12472.0,13008.0,13574.0,14209.0,일반회계,2019,국토교통부,16766.0
철도안전(일반),250.0,2247.0,3346.0,4356.0,5245.0,6463.0,6862.0,9359.0,10327.0,10328.0,10344.0,10460.0,일반회계,2019,국토교통부,10357.0
철도운영지원(일반),0.0,0.0,0.0,2150.0,2150.0,2150.0,3528.0,3528.0,3528.0,3528.0,3528.0,3528.0,일반회계,2019,국토교통부,3528.0
해외인프라시장개척,0.0,0.0,106.0,116.0,164.0,175.0,185.0,219.0,426.0,429.0,429.0,490.0,일반회계,2019,국토교통부,509.0
공공임대주택지원(융자),0.0,7615.0,9864.0,13342.0,15409.0,17260.0,20366.0,22843.0,24604.0,26519.0,28825.0,32028.0,주택도시기금,2019,국토교통부,29968.0
국민임대주택지원(융자),0.0,433.0,3541.0,4144.0,4215.0,4326.0,4441.0,4768.0,4768.0,4924.0,6075.0,7144.0,주택도시기금,2019,국토교통부,7952.0
다가구매입임대(융자),0.0,0.0,10157.0,11982.0,12972.0,12972.0,15543.0,16348.0,17522.0,15930.0,20287.0,22619.0,주택도시기금,2019,국토교통부,15930.0
도시기능증진지원,0.0,331.0,683.0,797.0,1136.0,1877.0,1999.0,2302.0,2514.0,2625.0,2784.0,3741.0,주택도시기금,2019,국토교통부,3614.0
도시재생지원,0.0,1.0,8.0,71.0,72.0,148.0,148.0,148.0,648.0,656.0,668.0,1762.0,주택도시기금,2019,국토교통부,2404.0
분양주택지원(융자),0.0,432.0,477.0,823.0,927.0,1070.0,1777.0,1840.0,1876.0,1935.0,2130.0,2194.0,주택도시기금,2019,국토교통부,3005.0
임대주택지원,0.0,751.0,5630.0,14805.0,14819.0,18931.0,18931.0,19420.0,25521.0,24878.0,26959.0,37647.0,주택도시기금,2019,국토교통부,43705.0
전세임대주택지원(융자),0.0,7123.0,10179.0,12974.0,15866.0,18786.0,22720.0,27392.0,31341.0,35168.0,38874.0,42253.0,주택도시기금,2019,국토교통부,29073.0
주거환경개선지원(융자),0.0,1140.0,1238.0,1296.0,1330.0,1346.0,1375.0,1386.0,1454.0,1847.0,2022.0,2413.0,주택도시기금,2019,국토교통부,3000.0
주택구입ㆍ전세자금(융자),0.0,16319.0,25942.0,35273.0,43450.0,50417.0,58293.0,66480.0,73558.0,80961.0,86773.0,94124.0,주택도시기금,2019,국토교통부,78442.0
행복주택(융자),0.0,252.0,666.0,1096.0,3106.0,6241.0,6607.0,7466.0,7770.0,8042.0,8974.0,11446.0,주택도시기금,2019,국토교통부,13269.0
기업은행 출자,0.0,2000.0,2000.0,2000.0,2000.0,2000.0,2000.0,2000.0,2000.0,2000.0,2000.0,2000.0,일반회계,2019,금융위원회,2000.0
산업은행출자,0.0,0.0,5000.0,5000.0,5000.0,5000.0,5000.0,5000.0,5000.0,5000.0,5000.0,5000.0,일반회계,2019,금융위원회,5000.0
한국주택금융공사출자,0.0,0.0,0.0,900.0,900.0,900.0,900.0,900.0,900.0,900.0,900.0,900.0,일반회계,2019,금융위원회,900.0
농업기반정비,0.0,316.0,416.0,600.0,815.0,1277.0,1415.0,1545.0,1545.0,1545.0,1925.0,1925.0,국가균형발전특별회계,2019,농림축산식품부,1923.0
농촌자원복합산업화지원,0.0,254.0,354.0,493.0,704.0,1108.0,1108.0,1178.0,1178.0,1303.0,1469.0,1472.0,국가균형발전특별회계,2019,농림축산식품부,1463.0
일반농산어촌개발,1333.0,3022.0,3712.0,5458.0,6835.0,8645.0,8745.0,9503.0,9595.0,10179.0,10567.0,11067.0,국가균형발전특별회계,2019,농림축산식품부,11984.0
가축방역(농특),0.0,356.0,443.0,873.0,1244.0,1246.0,1258.0,1259.0,1448.0,1467.0,1482.0,1820.0,농어촌구조개선특별회계,2019,농림축산식품부,1339.0
농식품기술개발(농특),948.0,948.0,1030.0,1161.0,1330.0,1344.0,1558.0,1558.0,1558.0,1565.0,1568.0,1568.0,농어촌구조개선특별회계,2019,농림축산식품부,1577.0
농업시설개선(농특),0.0,153.0,973.0,2023.0,2908.0,3398.0,3538.0,3539.0,4574.0,4604.0,4604.0,5170.0,농어촌구조개선특별회계,2019,농림축산식품부,6091.0
농촌지역개발(농특)(농촌계정),1.0,112.0,212.0,309.0,370.0,410.0,425.0,508.0,527.0,555.0,557.0,637.0,농어촌구조개선특별회계,2019,농림축산식품부,688.0
다목적 용수개발,344.0,844.0,944.0,1544.0,2034.0,2454.0,2454.0,2454.0,3284.0,3284.0,3284.0,3846.0,농어촌구조개선특별회계,2019,농림축산식품부,3846.0
대단위농업개발 및 시설정비,89.0,416.0,416.0,666.0,851.0,1085.0,1125.0,1125.0,1352.0,1481.0,1481.0,1551.0,농어촌구조개선특별회계,2019,농림축산식품부,1551.0
스마트농업육성,0.0,0.0,111.0,357.0,546.0,547.0,547.0,558.0,570.0,710.0,780.0,788.0,농어촌구조개선특별회계,2019,농림축산식품부,788.0
재해예방(농특),161.0,1180.0,1230.0,1320.0,1760.0,1974.0,1974.0,1974.0,2887.0,2917.0,2917.0,3310.0,농어촌구조개선특별회계,2019,농림축산식품부,3310.0
정책금융보험관리,414.0,819.0,1202.0,1737.0,2010.0,2545.0,2820.0,3083.0,3344.0,3606.0,3855.0,4289.0,농어촌구조개선특별회계,2019,농림축산식품부,4278.0
친환경농자재,0.0,2.0,1288.0,1294.0,1298.0,1899.0,1902.0,1902.0,1904.0,1907.0,1908.0,1908.0,농어촌구조개선특별회계,2019,농림축산식품부,1908.0
양곡매입 및 관리,1000.0,1000.0,2032.0,2032.0,2048.0,3840.0,3840.0,3840.0,3840.0,3858.0,3858.0,4431.0,양곡관리특별회계,2019,농림축산식품부,3860.0
농어촌공사시설관리,0.0,0.0,450.0,450.0,450.0,1050.0,1050.0,1050.0,1350.0,1350.0,1350.0,1500.0,일반회계,2019,농림축산식품부,1500.0
농산물유통개선(농안기금),0.0,760.0,2128.0,3980.0,4871.0,5217.0,5235.0,5253.0,5487.0,5620.0,5731.0,5794.0,농산물가격안정기금,2019,농림축산식품부,5822.0
소비지유통활성화,0.0,261.0,314.0,360.0,397.0,424.0,479.0,489.0,490.0,490.0,502.0,515.0,농산물가격안정기금,2019,농림축산식품부,515.0
대단위농업개발(농지),0.0,267.0,724.0,958.0,1204.0,1504.0,1630.0,1745.0,2036.0,2099.0,2215.0,2256.0,농지관리기금,2019,농림축산식품부,2256.0
원예산업경쟁력강화(FTA기금),0.0,306.0,700.0,1075.0,1177.0,1395.0,1503.0,1530.0,1544.0,1545.0,1754.0,1832.0,자유무역협정이행지원기금,2019,농림축산식품부,1839.0
축사시설현대화(FTA),0.0,0.0,152.0,745.0,1241.0,1462.0,1465.0,1489.0,1989.0,2053.0,2134.0,2153.0,자유무역협정이행지원기금,2019,농림축산식품부,2132.0
축산기술보급,23.0,87.0,137.0,194.0,232.0,367.0,393.0,430.0,433.0,512.0,512.0,524.0,축산발전기금,2019,농림축산식품부,533.0
축산물수급관리,38.0,114.0,264.0,299.0,323.0,586.0,623.0,623.0,754.0,1012.0,1109.0,1451.0,축산발전기금,2019,농림축산식품부,1104.0
축산업경쟁력제고(축발),0.0,0.0,1085.0,2311.0,2431.0,2550.0,3497.0,3497.0,3514.0,3671.0,3765.0,4207.0,축산발전기금,2019,농림축산식품부,4276.0
친환경축산(축발),14.0,14.0,684.0,865.0,1125.0,1363.0,1364.0,1483.0,1536.0,1642.0,1620.0,1638.0,축산발전기금,2019,농림축산식품부,1707.0
"지역농촌지도사업활성화지원(균특,지역자율)",0.0,196.0,277.0,352.0,436.0,582.0,622.0,647.0,667.0,687.0,701.0,752.0,국가균형발전특별회계,2019,농촌진흥청,751.0
농업공동연구,33.0,44.0,242.0,538.0,652.0,699.0,724.0,756.0,789.0,827.0,881.0,947.0,일반회계,2019,농촌진흥청,949.0
차세대바이오그린21,0.0,123.0,152.0,324.0,332.0,443.0,455.0,463.0,472.0,484.0,496.0,515.0,일반회계,2019,농촌진흥청,516.0
국제교류및세계유산등재,177.0,391.0,510.0,522.0,588.0,588.0,667.0,677.0,689.0,690.0,690.0,694.0,일반회계,2019,문화재청,694.0
문화재보수정비,0.0,2473.0,2473.0,3601.0,3601.0,3601.0,3601.0,3601.0,3602.0,3602.0,3602.0,3602.0,일반회계,2019,문화재청,3601.0
관광자원개발,0.0,116.0,408.0,502.0,879.0,1349.0,1362.0,1487.0,1671.0,1687.0,1921.0,2658.0,국가균형발전특별회계,2019,문화체육관광부,2665.0
광역관광자원개발,0.0,0.0,73.0,77.0,121.0,504.0,746.0,806.0,872.0,1003.0,1079.0,1079.0,국가균형발전특별회계,2019,문화체육관광부,1284.0
문화시설확충및운영,30.0,639.0,1277.0,1591.0,1844.0,2117.0,2185.0,2249.0,2309.0,2406.0,2419.0,2481.0,국가균형발전특별회계,2019,문화체육관광부,2535.0
체육진흥시설지원,0.0,391.0,631.0,1190.0,1679.0,2066.0,2270.0,2270.0,2315.0,2315.0,2315.0,2334.0,국가균형발전특별회계,2019,문화체육관광부,2319.0
문화중심도시조성,203.0,206.0,226.0,249.0,313.0,392.0,403.0,479.0,503.0,560.0,569.0,621.0,아시아문화중심도시조성특별회계,2019,문화체육관광부,633.0
국립박물관 운영,36.0,89.0,122.0,177.0,264.0,341.0,388.0,486.0,582.0,663.0,741.0,1029.0,일반회계,2019,문화체육관광부,1155.0
기초예술역량강화,36.0,233.0,263.0,269.0,339.0,439.0,439.0,488.0,600.0,627.0,642.0,642.0,일반회계,2019,문화체육관광부,650.0
문화예술교육지원,722.0,799.0,801.0,906.0,908.0,925.0,1173.0,1214.0,1214.0,1214.0,1214.0,1214.0,일반회계,2019,문화체육관광부,1217.0
문화예술단체지원,115.0,322.0,367.0,367.0,590.0,636.0,718.0,739.0,854.0,877.0,893.0,893.0,일반회계,2019,문화체육관광부,893.0
종교문화활동 및 보존지원,12.0,38.0,56.0,152.0,262.0,272.0,292.0,320.0,344.0,377.0,471.0,486.0,일반회계,2019,문화체육관광부,564.0
지역문화 진흥,71.0,1342.0,1391.0,1434.0,1628.0,1678.0,1754.0,1756.0,1762.0,1783.0,1784.0,1795.0,일반회계,2019,문화체육관광부,1798.0
관광사업체 융자지원,15.0,262.0,595.0,986.0,1496.0,2021.0,2093.0,2513.0,2766.0,3140.0,3501.0,4228.0,관광진흥개발기금,2019,문화체육관광부,4950.0
관광인프라 조성,145.0,202.0,280.0,431.0,501.0,532.0,572.0,720.0,754.0,760.0,815.0,843.0,관광진흥개발기금,2019,문화체육관광부,848.0
국내관광육성지원,171.0,248.0,355.0,417.0,430.0,460.0,492.0,576.0,585.0,606.0,611.0,611.0,관광진흥개발기금,2019,문화체육관광부,594.0
해외관광객유치활동사업,567.0,661.0,825.0,855.0,855.0,857.0,1121.0,1259.0,1270.0,1297.0,1309.0,1318.0,관광진흥개발기금,2019,문화체육관광부,1299.0
국제스포츠 교류 활성화,0.0,199.0,255.0,729.0,738.0,887.0,923.0,935.0,969.0,987.0,1029.0,1044.0,국민체육진흥기금,2019,문화체육관광부,1059.0
기금조성 기반시설 지원,0.0,217.0,217.0,217.0,217.0,203.0,283.0,283.0,290.0,290.0,504.0,504.0,국민체육진흥기금,2019,문화체육관광부,504.0
생활체육 활성화,0.0,223.0,484.0,956.0,1010.0,1061.0,1098.0,1226.0,1259.0,1275.0,1296.0,1329.0,국민체육진흥기금,2019,문화체육관광부,1339.0
생활체육시설 지원,0.0,0.0,121.0,586.0,1340.0,1613.0,1943.0,2139.0,2327.0,2484.0,2734.0,2895.0,국민체육진흥기금,2019,문화체육관광부,2937.0
스포츠산업 활성화,0.0,10.0,46.0,338.0,373.0,376.0,390.0,422.0,550.0,615.0,733.0,1022.0,국민체육진흥기금,2019,문화체육관광부,792.0
장애인체육 육성,0.0,176.0,342.0,498.0,569.0,598.0,607.0,614.0,640.0,640.0,641.0,641.0,국민체육진흥기금,2019,문화체육관광부,653.0
전문체육 육성,0.0,34.0,73.0,897.0,1247.0,1276.0,1279.0,1338.0,1339.0,1356.0,1368.0,1447.0,국민체육진흥기금,2019,문화체육관광부,1456.0
예술창작역량강화,2.0,13.0,60.0,171.0,206.0,238.0,261.0,299.0,333.0,357.0,418.0,536.0,문화예술진흥기금,2019,문화체육관광부,564.0
예술향유기회 확대,1.0,150.0,457.0,560.0,617.0,1095.0,1214.0,1252.0,1278.0,1335.0,1353.0,1377.0,문화예술진흥기금,2019,문화체육관광부,1384.0
영화산업 육성 및 지원,11.0,26.0,130.0,149.0,205.0,302.0,370.0,421.0,469.0,513.0,554.0,580.0,영화발전기금,2019,문화체육관광부,629.0
국방과학연구소,230.0,439.0,538.0,649.0,718.0,1389.0,1426.0,1463.0,1671.0,1671.0,1699.0,1981.0,일반회계,2019,방위사업청,1982.0
국방기술개발,47.0,1302.0,2383.0,2965.0,3147.0,5083.0,5083.0,5493.0,7074.0,7074.0,8027.0,9453.0,일반회계,2019,방위사업청,9457.0
국방기술품질원,203.0,302.0,437.0,511.0,585.0,647.0,694.0,743.0,781.0,816.0,850.0,885.0,일반회계,2019,방위사업청,885.0
기동화력 양산/구매,180.0,639.0,2319.0,3517.0,5340.0,6858.0,7448.0,9160.0,9741.0,10378.0,11132.0,13935.0,일반회계,2019,방위사업청,13940.0
유도무기 양산/구매,1501.0,1591.0,2784.0,4793.0,5233.0,7532.0,7689.0,7858.0,8233.0,8559.0,8780.0,11037.0,일반회계,2019,방위사업청,11180.0
유도무기 연구개발,5.0,669.0,670.0,670.0,830.0,1023.0,1024.0,1296.0,1296.0,1296.0,1389.0,1910.0,일반회계,2019,방위사업청,1565.0
지휘정찰 양산/구매,14.0,126.0,178.0,297.0,642.0,939.0,956.0,1126.0,1169.0,1368.0,1522.0,4176.0,일반회계,2019,방위사업청,4244.0
지휘정찰 연구개발,3.0,290.0,1446.0,1873.0,2554.0,3701.0,3710.0,3711.0,3818.0,3840.0,3986.0,4226.0,일반회계,2019,방위사업청,4297.0
함정 양산/구매,5.0,13.0,18.0,164.0,348.0,4509.0,4559.0,4981.0,5165.0,5405.0,5948.0,9664.0,일반회계,2019,방위사업청,9375.0
함정 연구개발,2.0,157.0,280.0,402.0,782.0,899.0,899.0,899.0,1036.0,1036.0,1058.0,1085.0,일반회계,2019,방위사업청,1085.0
항공기 양산/구매,3158.0,3753.0,3938.0,4420.0,5820.0,6839.0,6891.0,7004.0,7244.0,7286.0,7369.0,9015.0,일반회계,2019,방위사업청,8374.0
항공기 연구개발,47.0,130.0,3352.0,3846.0,3858.0,4384.0,4384.0,4384.0,7243.0,7243.0,7250.0,7834.0,일반회계,2019,방위사업청,7835.0
교도소운영,54.0,64.0,90.0,126.0,183.0,333.0,388.0,432.0,492.0,551.0,605.0,810.0,일반회계,2019,법무부,891.0
법률구조,196.0,196.0,196.0,392.0,392.0,392.0,470.0,471.0,471.0,549.0,549.0,549.0,일반회계,2019,법무부,549.0
지역자율형 사회서비스 투자사업,412.0,837.0,1080.0,1347.0,1615.0,1882.0,2030.0,2178.0,2312.0,2422.0,2515.0,2744.0,국가균형발전특별회계,2019,보건복지부,2768.0
가정양육수당 지원사업,982.0,2320.0,3569.0,4462.0,5265.0,6068.0,6692.0,7317.0,7942.0,8477.0,8606.0,8606.0,일반회계,2019,보건복지부,8923.0
노인관련기관지원,313.0,328.0,408.0,465.0,468.0,468.0,506.0,506.0,506.0,528.0,528.0,528.0,일반회계,2019,보건복지부,528.0
노인돌봄서비스,468.0,501.0,504.0,904.0,904.0,904.0,1012.0,1012.0,1012.0,1121.0,1121.0,1121.0,일반회계,2019,보건복지부,1124.0
노인요양시설확충,2.0,2.0,58.0,98.0,613.0,741.0,798.0,822.0,822.0,960.0,1077.0,1123.0,일반회계,2019,보건복지부,1133.0
노인일자리지원,3254.0,3269.0,3280.0,5648.0,5753.0,5836.0,8212.0,8212.0,8214.0,8218.0,8218.0,8220.0,일반회계,2019,보건복지부,8220.0
방과후 돌봄 지원,415.0,577.0,711.0,875.0,1167.0,1222.0,1369.0,1500.0,1602.0,1715.0,1725.0,1726.0,일반회계,2019,보건복지부,1731.0
보건의료연구개발,471.0,620.0,644.0,1140.0,1175.0,1258.0,1330.0,1344.0,1394.0,1396.0,1398.0,1405.0,일반회계,2019,보건복지부,1396.0
사회복지전달체계,882.0,975.0,1044.0,1476.0,1943.0,2012.0,2295.0,2342.0,2387.0,2690.0,2690.0,2690.0,일반회계,2019,보건복지부,2690.0
아동수당 지원,1738.0,3462.0,5149.0,7126.0,9057.0,10813.0,12557.0,14230.0,16180.0,18053.0,20052.0,21627.0,일반회계,2019,보건복지부,21627.0
어린이집 지원,1532.0,3331.0,4545.0,5861.0,7098.0,8293.0,9220.0,10069.0,10908.0,11793.0,12497.0,12497.0,일반회계,2019,보건복지부,12497.0
어린이집 확충 및 환경개선,0.0,116.0,184.0,187.0,335.0,438.0,507.0,524.0,556.0,583.0,720.0,721.0,일반회계,2019,보건복지부,794.0
영유아보육료지원,6823.0,10245.0,13665.0,15931.0,18495.0,21058.0,24472.0,27033.0,29595.0,34156.0,34381.0,35192.0,일반회계,2019,보건복지부,34163.0
의료급여,14064.0,20455.0,26845.0,33235.0,39625.0,45388.0,49226.0,52421.0,55806.0,65137.0,68321.0,68325.0,일반회계,2019,보건복지부,63916.0
자활지원,2161.0,2348.0,2348.0,4695.0,4701.0,4934.0,5467.0,5684.0,5689.0,5807.0,5814.0,5815.0,일반회계,2019,보건복지부,5816.0
장애인복지시설지원,1464.0,1514.0,1603.0,3081.0,3129.0,3166.0,4149.0,4183.0,4205.0,4844.0,5159.0,5240.0,일반회계,2019,보건복지부,5197.0
장애인선택적복지,3986.0,4867.0,5737.0,7785.0,8095.0,8222.0,9747.0,9959.0,10056.0,11979.0,12360.0,12363.0,일반회계,2019,보건복지부,11498.0
장애인소득보장,1379.0,2553.0,3703.0,4780.0,5630.0,6479.0,7135.0,7679.0,8294.0,8747.0,9171.0,9474.0,일반회계,2019,보건복지부,9254.0
장애인일자리지원,510.0,510.0,510.0,947.0,947.0,947.0,1081.0,1081.0,1081.0,1208.0,1208.0,1208.0,일반회계,2019,보건복지부,1208.0
지방의료원 등 육성,12.0,446.0,621.0,807.0,831.0,923.0,937.0,991.0,1010.0,1019.0,1057.0,1125.0,일반회계,2019,보건복지부,1136.0
국가암관리사업지원,0.0,427.0,444.0,676.0,821.0,826.0,836.0,836.0,836.0,837.0,837.0,840.0,국민건강증진기금,2019,보건복지부,844.0
금연사업,244.0,268.0,433.0,676.0,743.0,948.0,1098.0,1150.0,1220.0,1236.0,1286.0,1383.0,국민건강증진기금,2019,보건복지부,1386.0
보건소건강증진,117.0,235.0,241.0,356.0,466.0,467.0,563.0,564.0,565.0,662.0,662.0,668.0,국민건강증진기금,2019,보건복지부,669.0
보건의료연구개발,491.0,960.0,979.0,1056.0,1099.0,1125.0,1155.0,1254.0,1280.0,1286.0,1286.0,1307.0,국민건강증진기금,2019,보건복지부,1369.0
정신건강증진사업,451.0,477.0,479.0,482.0,493.0,499.0,657.0,713.0,719.0,721.0,723.0,728.0,국민건강증진기금,2019,보건복지부,739.0
치매관리사업지원,214.0,474.0,482.0,866.0,1295.0,1295.0,2097.0,2097.0,2097.0,2130.0,2320.0,2323.0,국민건강증진기금,2019,보건복지부,2363.0
응급의료기관 지원,3.0,219.0,292.0,648.0,1006.0,1065.0,1169.0,1191.0,1242.0,1261.0,1261.0,1271.0,응급의료기금,2019,보건복지부,1380.0
"산림휴양녹색공간조성(균특,자율)",0.0,63.0,230.0,463.0,574.0,1052.0,1161.0,1170.0,1346.0,1567.0,1625.0,1778.0,국가균형발전특별회계,2019,산림청,1778.0
"임도시설(균특,자율)",0.0,0.0,0.0,577.0,577.0,577.0,577.0,577.0,577.0,577.0,696.0,866.0,국가균형발전특별회계,2019,산림청,866.0
"임도시설(균특,지원)",4.0,4.0,178.0,242.0,270.0,324.0,331.0,341.0,402.0,462.0,526.0,644.0,국가균형발전특별회계,2019,산림청,658.0
목재 및 임산물활용(농특),3.0,16.0,209.0,426.0,447.0,480.0,503.0,515.0,675.0,707.0,711.0,721.0,농어촌구조개선특별회계,2019,산림청,755.0
산림병해충 예방 및 대응(농특),352.0,717.0,746.0,809.0,815.0,830.0,832.0,839.0,937.0,939.0,942.0,980.0,농어촌구조개선특별회계,2019,산림청,974.0
산림자원 육성·관리(농특),21.0,548.0,1720.0,2055.0,2352.0,2632.0,2752.0,2809.0,2899.0,2941.0,2985.0,3103.0,농어촌구조개선특별회계,2019,산림청,3119.0
국립수목원 조성(일반),2.0,6.0,24.0,264.0,299.0,406.0,421.0,436.0,458.0,477.0,514.0,638.0,일반회계,2019,산림청,662.0
국유재산관리(일반),15.0,57.0,94.0,177.0,233.0,326.0,350.0,374.0,399.0,414.0,446.0,560.0,일반회계,2019,산림청,563.0
산림재해대응(일반),236.0,516.0,520.0,546.0,548.0,551.0,563.0,564.0,565.0,567.0,569.0,572.0,일반회계,2019,산림청,573.0
산사태 예방 및 대응(일반),1216.0,1278.0,1362.0,1391.0,1406.0,1563.0,1572.0,1576.0,1593.0,1604.0,1612.0,1674.0,일반회계,2019,산림청,1685.0
경제자유구역지원,78.0,141.0,159.0,355.0,405.0,452.0,609.0,680.0,680.0,698.0,699.0,706.0,국가균형발전특별회계,2019,산업통상자원부,828.0
외국인투자유치활성화,0.0,67.0,153.0,233.0,266.0,310.0,311.0,342.0,342.0,342.0,367.0,460.0,국가균형발전특별회계,2019,산업통상자원부,942.0
지역산업거점기관지원,186.0,558.0,787.0,839.0,1343.0,1343.0,1595.0,1595.0,1595.0,1595.0,1727.0,1797.0,국가균형발전특별회계,2019,산업통상자원부,1657.0
지역산업경쟁력강화,480.0,1419.0,2265.0,2945.0,2945.0,2958.0,2958.0,2958.0,2958.0,2966.0,3007.0,3033.0,국가균형발전특별회계,2019,산업통상자원부,3131.0
지역투자유치활성화,142.0,142.0,142.0,549.0,551.0,564.0,895.0,895.0,1048.0,1058.0,1083.0,1328.0,국가균형발전특별회계,2019,산업통상자원부,1682.0
지역특성화산업육성,157.0,622.0,622.0,622.0,823.0,990.0,1030.0,1070.0,1100.0,1100.0,1131.0,1237.0,국가균형발전특별회계,2019,산업통상자원부,1237.0
가스수급안정,0.0,5.0,5.0,545.0,602.0,691.0,714.0,747.0,813.0,856.0,886.0,951.0,에너지및자원사업특별회계,2019,산업통상자원부,951.0
가스안전관리,72.0,355.0,433.0,513.0,605.0,716.0,756.0,808.0,871.0,900.0,912.0,913.0,에너지및자원사업특별회계,2019,산업통상자원부,970.0
광산지역진흥,0.0,677.0,677.0,697.0,697.0,697.0,718.0,718.0,723.0,747.0,747.0,748.0,에너지및자원사업특별회계,2019,산업통상자원부,748.0
광해관리공단,540.0,1126.0,1342.0,1342.0,1342.0,1342.0,1342.0,1342.0,1342.0,1342.0,1342.0,1342.0,에너지및자원사업특별회계,2019,산업통상자원부,1342.0
에너지복지지원,9.0,9.0,275.0,275.0,275.0,315.0,476.0,476.0,1288.0,1288.0,1635.0,1635.0,에너지및자원사업특별회계,2019,산업통상자원부,1635.0
에너지수요기술,101.0,961.0,1152.0,1602.0,1907.0,1910.0,1916.0,1923.0,1923.0,1923.0,1923.0,1923.0,에너지및자원사업특별회계,2019,산업통상자원부,1923.0
에너지이용합리화,487.0,1013.0,1587.0,1593.0,1898.0,2398.0,2478.0,2723.0,3023.0,3294.0,3399.0,3399.0,에너지및자원사업특별회계,2019,산업통상자원부,3399.0
공공기술개발,339.0,1007.0,1043.0,1072.0,1077.0,1077.0,1082.0,1093.0,1093.0,1093.0,1093.0,1093.0,일반회계,2019,산업통상자원부,1093.0
국가표준혁신및국제협력,116.0,403.0,416.0,442.0,449.0,507.0,537.0,557.0,595.0,598.0,605.0,627.0,일반회계,2019,산업통상자원부,629.0
기업입지환경개선,0.0,116.0,216.0,3382.0,3387.0,3411.0,3421.0,3451.0,3467.0,3472.0,3472.0,3472.0,일반회계,2019,산업통상자원부,3472.0
미래성장동력,482.0,482.0,728.0,805.0,805.0,839.0,948.0,964.0,964.0,964.0,965.0,968.0,일반회계,2019,산업통상자원부,964.0
산업기술기반구축,776.0,1734.0,2116.0,2566.0,2739.0,3003.0,3169.0,3369.0,3538.0,3754.0,3815.0,3815.0,일반회계,2019,산업통상자원부,3640.0
소재부품산업기술개발,1041.0,1041.0,2320.0,3679.0,4128.0,4429.0,4430.0,4444.0,4453.0,4703.0,4703.0,4703.0,일반회계,2019,산업통상자원부,4453.0
수출역량강화,948.0,1276.0,1319.0,1929.0,2572.0,2573.0,2989.0,2994.0,3373.0,3514.0,3655.0,3669.0,일반회계,2019,산업통상자원부,3670.0
시스템산업기술개발,1898.0,2856.0,3316.0,3795.0,4146.0,4146.0,4244.0,4244.0,4253.0,4253.0,4268.0,4268.0,일반회계,2019,산업통상자원부,4268.0
우수기술역량강화,567.0,946.0,946.0,946.0,966.0,966.0,966.0,978.0,978.0,978.0,978.0,978.0,일반회계,2019,산업통상자원부,978.0
인력양성(일반회계),0.0,2.0,1242.0,1386.0,1386.0,1386.0,1386.0,1386.0,1386.0,1386.0,1386.0,1386.0,일반회계,2019,산업통상자원부,1386.0
창의산업기술개발,895.0,1541.0,1744.0,1888.0,1888.0,1933.0,2036.0,2036.0,2036.0,2036.0,2036.0,2036.0,일반회계,2019,산업통상자원부,2036.0
중저준위방사성폐기물관리,69.0,112.0,173.0,244.0,261.0,450.0,468.0,483.0,489.0,631.0,765.0,762.0,방사성폐기물관리기금,2019,산업통상자원부,765.0
기반구축(기금),37.0,107.0,247.0,251.0,287.0,441.0,450.0,450.0,518.0,577.0,577.0,590.0,전력산업기반기금,2019,산업통상자원부,577.0
농어촌전기공급지원(기금),0.0,0.0,280.0,280.0,280.0,594.0,594.0,914.0,914.0,1282.0,1282.0,1282.0,전력산업기반기금,2019,산업통상자원부,1138.0
발전소주변지역지원(기금),8.0,8.0,607.0,611.0,1111.0,1111.0,1555.0,1558.0,1822.0,1828.0,1830.0,1831.0,전력산업기반기금,2019,산업통상자원부,1833.0
재생에너지지원,0.0,413.0,6238.0,6677.0,7096.0,7562.0,7818.0,8181.0,8481.0,8430.0,9115.0,9151.0,전력산업기반기금,2019,산업통상자원부,9073.0
전기안전관리(기금),0.0,332.0,332.0,448.0,448.0,617.0,617.0,801.0,802.0,988.0,988.0,997.0,전력산업기반기금,2019,산업통상자원부,997.0
전력공급기술,183.0,1515.0,1515.0,2443.0,3026.0,3223.0,3245.0,3246.0,3246.0,3263.0,3263.0,3263.0,전력산업기반기금,2019,산업통상자원부,3263.0
전력수요관리(기금),0.0,62.0,245.0,381.0,421.0,466.0,469.0,488.0,666.0,666.0,679.0,679.0,전력산업기반기금,2019,산업통상자원부,501.0
전력수요기술,318.0,391.0,391.0,606.0,737.0,858.0,858.0,858.0,903.0,903.0,903.0,903.0,전력산업기반기금,2019,산업통상자원부,903.0
새만금개발사업지원,28.0,420.0,1074.0,1247.0,1301.0,1566.0,1581.0,1610.0,1723.0,1856.0,1990.0,2397.0,일반회계,2019,새만금개발청,2208.0
중앙119구조본부지원,6.0,257.0,266.0,268.0,281.0,336.0,338.0,341.0,389.0,402.0,412.0,476.0,일반회계,2019,소방청,600.0
식의약품 안전 연구개발,175.0,393.0,415.0,440.0,492.0,507.0,534.0,548.0,562.0,578.0,603.0,774.0,일반회계,2019,식품의약품안전처,808.0
집단급식소 위생강화,226.0,227.0,244.0,248.0,422.0,448.0,454.0,460.0,463.0,489.0,497.0,513.0,일반회계,2019,식품의약품안전처,514.0
청소년시설확충,0.0,212.0,279.0,348.0,453.0,453.0,492.0,712.0,712.0,717.0,722.0,733.0,국가균형발전특별회계,2019,여성가족부,733.0
아이돌봄지원,886.0,886.0,886.0,1761.0,1761.0,1761.0,1761.0,1950.0,2013.0,2064.0,2120.0,2246.0,일반회계,2019,여성가족부,2246.0
여성경제활동 촉진지원,201.0,206.0,330.0,400.0,401.0,412.0,549.0,551.0,555.0,555.0,555.0,557.0,일반회계,2019,여성가족부,559.0
가족서비스지원,175.0,327.0,354.0,494.0,612.0,619.0,710.0,764.0,794.0,871.0,886.0,886.0,양성평등기금,2019,여성가족부,888.0
글로벌 프로그램,341.0,681.0,1022.0,1356.0,1690.0,2023.0,2145.0,2267.0,2389.0,2492.0,2595.0,2676.0,일반회계,2019,외교부,2698.0
아시아 및 태평양지역 국가원조,219.0,313.0,456.0,685.0,851.0,1026.0,1103.0,1202.0,1322.0,1375.0,1452.0,1474.0,일반회계,2019,외교부,1474.0
아프리카지역 국가원조,160.0,312.0,408.0,579.0,736.0,908.0,1021.0,1094.0,1170.0,1216.0,1283.0,1300.0,일반회계,2019,외교부,1300.0
재외동포재단,9.0,27.0,27.0,328.0,439.0,473.0,507.0,530.0,544.0,562.0,577.0,592.0,일반회계,2019,외교부,592.0
전자여권발급및서비스개선(수입대체경비),69.0,149.0,269.0,343.0,408.0,446.0,577.0,664.0,750.0,846.0,871.0,1011.0,일반회계,2019,외교부,952.0
중남미지역 국가원조,63.0,126.0,170.0,262.0,315.0,383.0,440.0,467.0,488.0,511.0,529.0,542.0,일반회계,2019,외교부,542.0
"산학연협력기술개발(균특, R&D)",0.0,0.0,299.0,555.0,555.0,555.0,555.0,555.0,555.0,555.0,555.0,555.0,국가균형발전특별회계,2019,중소벤처기업부,555.0
전통시장및중소유통물류기반조성(균특),479.0,557.0,984.0,1059.0,1105.0,1175.0,1195.0,1215.0,1225.0,1225.0,1225.0,1266.0,국가균형발전특별회계,2019,중소벤처기업부,1274.0
지역산업경쟁력강화,132.0,167.0,954.0,1148.0,1313.0,1766.0,1802.0,1842.0,1913.0,1934.0,1943.0,1943.0,국가균형발전특별회계,2019,중소벤처기업부,1977.0
창업인프라지원(균특),0.0,138.0,138.0,163.0,163.0,206.0,232.0,247.0,247.0,317.0,378.0,482.0,국가균형발전특별회계,2019,중소벤처기업부,603.0
기술개발지원(R&D),939.0,2360.0,3008.0,5372.0,5382.0,5904.0,7454.0,7454.0,7932.0,8662.0,8662.0,8662.0,일반회계,2019,중소벤처기업부,8612.0
신용보증기관출연,1540.0,1540.0,1540.0,1540.0,1540.0,1540.0,1540.0,1540.0,1540.0,1540.0,1540.0,1540.0,일반회계,2019,중소벤처기업부,1540.0
중소기업경쟁력강화,1029.0,1029.0,1374.0,1374.0,1374.0,2390.0,3428.0,3428.0,3428.0,3428.0,3428.0,3428.0,일반회계,2019,중소벤처기업부,3428.0
중소기업수출역량강화,0.0,85.0,85.0,689.0,689.0,689.0,889.0,901.0,901.0,984.0,984.0,984.0,일반회계,2019,중소벤처기업부,984.0
중소기업인력양성및취업촉진,0.0,681.0,697.0,911.0,1680.0,1681.0,2390.0,2512.0,2568.0,2568.0,2570.0,2571.0,일반회계,2019,중소벤처기업부,2572.0
중소기업해외시장개척지원,0.0,110.0,271.0,273.0,429.0,430.0,647.0,680.0,683.0,726.0,726.0,731.0,일반회계,2019,중소벤처기업부,772.0
창업생태계기반조성,127.0,445.0,771.0,771.0,771.0,772.0,1035.0,1035.0,1063.0,1063.0,1063.0,1063.0,일반회계,2019,중소벤처기업부,1064.0
창업활성화지원,755.0,785.0,815.0,2860.0,3072.0,3126.0,3902.0,3916.0,3916.0,3926.0,3926.0,3926.0,일반회계,2019,중소벤처기업부,3926.0
소상공인지원(기금),8.0,21.0,525.0,682.0,986.0,1024.0,1316.0,1316.0,1540.0,1811.0,1836.0,1861.0,소상공인시장진흥기금,2019,중소벤처기업부,1861.0
소상공인지원융자(기금),2142.0,5935.0,8490.0,10772.0,12407.0,13204.0,14334.0,14954.0,15752.0,16324.0,17641.0,19600.0,소상공인시장진흥기금,2019,중소벤처기업부,19500.0
전통시장활성화지원(기금),0.0,12.0,825.0,891.0,1569.0,1899.0,2910.0,3089.0,3501.0,4099.0,4134.0,4134.0,소상공인시장진흥기금,2019,중소벤처기업부,4134.0
모태조합출자(기금),0.0,0.0,2400.0,2400.0,2400.0,2400.0,2400.0,2400.0,2400.0,2400.0,2400.0,2400.0,중소벤처기업창업및진흥기금,2019,중소벤처기업부,2400.0
사업전환및재도약지원(기금),49.0,245.0,639.0,931.0,1182.0,1708.0,1681.0,1812.0,1975.0,2131.0,2606.0,2609.0,중소벤처기업창업및진흥기금,2019,중소벤처기업부,2309.0
성장안정자금(기금),785.0,2013.0,4516.0,5717.0,6755.0,9337.0,8381.0,8860.0,9539.0,10168.0,12600.0,12600.0,중소벤처기업창업및진흥기금,2019,중소벤처기업부,11600.0
창업기업지원융자(기금),994.0,3557.0,9098.0,11862.0,14380.0,18736.0,17804.0,18553.0,19990.0,20585.0,21608.0,21661.0,중소벤처기업창업및진흥기금,2019,중소벤처기업부,21663.0
투융자복합금융지원(기금),27.0,68.0,157.0,213.0,265.0,394.0,492.0,568.0,1176.0,1255.0,1553.0,2000.0,중소벤처기업창업및진흥기금,2019,중소벤처기업부,2000.0
심사·심판처리 지원,0.0,132.0,189.0,228.0,298.0,354.0,391.0,430.0,475.0,517.0,560.0,681.0,특허청,2019,특허청,682.0
보급지원,6.0,135.0,239.0,430.0,548.0,631.0,639.0,736.0,831.0,892.0,1036.0,1156.0,일반회계,2019,해양경찰청,1069.0
장비도입,140.0,175.0,177.0,248.0,517.0,1008.0,1014.0,1039.0,1063.0,1065.0,1095.0,1227.0,일반회계,2019,해양경찰청,1233.0
그린포트 구축,37.0,104.0,213.0,297.0,396.0,608.0,657.0,719.0,787.0,838.0,922.0,1078.0,교통시설특별회계,2019,해양수산부,1475.0
부산항 신항만 개발,132.0,138.0,643.0,743.0,745.0,1363.0,1369.0,1370.0,1487.0,1503.0,1611.0,1623.0,교통시설특별회계,2019,해양수산부,1529.0
울산신항 개발,13.0,55.0,130.0,500.0,509.0,838.0,838.0,862.0,873.0,895.0,938.0,958.0,교통시설특별회계,2019,해양수산부,1164.0
일반항 건설,381.0,672.0,1053.0,1320.0,1576.0,2297.0,2402.0,2508.0,2932.0,3083.0,3250.0,3433.0,교통시설특별회계,2019,해양수산부,4208.0
주요항 건설,108.0,178.0,203.0,263.0,295.0,487.0,491.0,503.0,549.0,586.0,618.0,640.0,교통시설특별회계,2019,해양수산부,698.0
평택당진항 개발,33.0,43.0,75.0,104.0,135.0,287.0,306.0,316.0,343.0,352.0,382.0,437.0,교통시설특별회계,2019,해양수산부,514.0
항로표지시설 확충 및 안전관리,11.0,60.0,124.0,179.0,219.0,382.0,386.0,407.0,445.0,463.0,499.0,562.0,교통시설특별회계,2019,해양수산부,609.0
항만시설유지보수(교특),98.0,168.0,244.0,346.0,466.0,700.0,745.0,807.0,925.0,981.0,1076.0,1272.0,교통시설특별회계,2019,해양수산부,2044.0
어업기반정비,0.0,150.0,550.0,650.0,737.0,807.0,827.0,910.0,1047.0,1166.0,1186.0,1267.0,국가균형발전특별회계,2019,해양수산부,1231.0
해양 및 수자원 관리,0.0,156.0,282.0,295.0,311.0,341.0,446.0,498.0,498.0,615.0,626.0,664.0,국가균형발전특별회계,2019,해양수산부,649.0
수산금융자금이차보전,168.0,243.0,311.0,386.0,458.0,532.0,602.0,674.0,743.0,808.0,875.0,1026.0,농어촌구조개선특별회계,2019,해양수산부,1035.0
수산자원조성,124.0,543.0,552.0,556.0,559.0,565.0,571.0,573.0,806.0,809.0,812.0,818.0,농어촌구조개선특별회계,2019,해양수산부,819.0
어항기반시설조성(농특),914.0,1386.0,1580.0,1696.0,2151.0,3218.0,3241.0,3272.0,3609.0,3804.0,3863.0,4453.0,농어촌구조개선특별회계,2019,해양수산부,4619.0
재해대책,0.0,516.0,516.0,957.0,957.0,957.0,1472.0,1472.0,1472.0,1472.0,1472.0,1473.0,농어촌구조개선특별회계,2019,해양수산부,1473.0
친환경양식육성(농특),1.0,10.0,172.0,403.0,462.0,577.0,677.0,697.0,722.0,740.0,753.0,793.0,농어촌구조개선특별회계,2019,해양수산부,824.0
어업안전지도강화,20.0,186.0,276.0,375.0,398.0,485.0,550.0,578.0,614.0,777.0,816.0,875.0,일반회계,2019,해양수산부,871.0
연구장비개발 및 인프라구축(R&D),0.0,347.0,682.0,682.0,682.0,682.0,682.0,682.0,682.0,682.0,682.0,682.0,일반회계,2019,해양수산부,682.0
연안환경관리(일반),142.0,158.0,207.0,219.0,253.0,379.0,390.0,433.0,479.0,531.0,624.0,774.0,일반회계,2019,해양수산부,781.0
한국해양과학기술원 운영지원,453.0,453.0,453.0,971.0,971.0,971.0,1346.0,1346.0,1346.0,1513.0,1513.0,1515.0,일반회계,2019,해양수산부,1516.0
해양문화활성화,231.0,313.0,318.0,376.0,395.0,586.0,598.0,616.0,648.0,667.0,671.0,852.0,일반회계,2019,해양수산부,890.0
해양지형조사 및 정보제공,44.0,96.0,270.0,318.0,347.0,442.0,447.0,462.0,483.0,492.0,532.0,734.0,일반회계,2019,해양수산부,779.0
해운물류지원,2.0,37.0,155.0,1010.0,1056.0,1079.0,1094.0,1113.0,1143.0,1163.0,1179.0,1219.0,일반회계,2019,해양수산부,1213.0
해운인력양성 지원,200.0,200.0,200.0,352.0,389.0,389.0,512.0,512.0,512.0,558.0,558.0,558.0,일반회계,2019,해양수산부,558.0
수산물가격안정(기금·융자),0.0,0.0,95.0,226.0,306.0,407.0,422.0,474.0,560.0,598.0,648.0,782.0,수산발전기금,2019,해양수산부,782.0
수산물유통자금지원(기금),1.0,43.0,311.0,441.0,450.0,567.0,571.0,580.0,1042.0,1097.0,1177.0,1291.0,수산발전기금,2019,해양수산부,1259.0
품목별경쟁력강화,0.0,0.0,187.0,377.0,509.0,568.0,688.0,785.0,801.0,915.0,1157.0,1275.0,수산발전기금,2019,해양수산부,1181.0
재난예방지원,304.0,304.0,937.0,1235.0,1536.0,1767.0,1865.0,2068.0,2068.0,2130.0,2366.0,2608.0,국가균형발전특별회계,2019,행정안전부,2617.0
지역교통안전환경개선,0.0,287.0,370.0,417.0,475.0,520.0,527.0,562.0,566.0,566.0,568.0,575.0,국가균형발전특별회계,2019,행정안전부,569.0
특수상황지역개발,208.0,455.0,683.0,683.0,683.0,1250.0,1250.0,1450.0,1540.0,1701.0,1701.0,1951.0,국가균형발전특별회계,2019,행정안전부,1951.0
국가정보관리원대구센터신축,0.0,0.0,0.0,0.0,0.0,7.0,7.0,7.0,7.0,7.0,9.0,350.0,일반회계,2019,행정안전부,1073.0
국가정보자원관리원운영(정보화),78.0,80.0,119.0,121.0,128.0,627.0,641.0,652.0,689.0,781.0,800.0,1221.0,일반회계,2019,행정안전부,1282.0
보통교부세,57000.0,120470.0,159470.0,215370.0,268840.0,323840.0,363784.0,398791.0,438812.0,474374.0,474374.0,476026.0,일반회계,2019,행정안전부,476026.0
부동산교부세,0.0,0.0,0.0,3349.0,3349.0,3349.0,3349.0,3349.0,3349.0,3349.0,3349.0,28494.0,일반회계,2019,행정안전부,28494.0
재난예방지원,3958.0,3983.0,4021.0,4085.0,4116.0,4347.0,4367.0,4367.0,4427.0,4427.0,4512.0,4512.0,일반회계,2019,행정안전부,4512.0
전자정부실행기반마련(정보화),0.0,0.0,174.0,261.0,348.0,530.0,617.0,660.0,704.0,747.0,791.0,877.0,일반회계,2019,행정안전부,877.0
정부청사시설관리,57.0,73.0,125.0,166.0,201.0,341.0,361.0,385.0,410.0,447.0,496.0,620.0,일반회계,2019,행정안전부,689.0
주한미군공여구역주변지역등지원,138.0,138.0,301.0,544.0,544.0,647.0,681.0,681.0,718.0,761.0,764.0,989.0,일반회계,2019,행정안전부,990.0
지역일자리창출,2070.0,2489.0,2489.0,2501.0,2502.0,2502.0,2502.0,2502.0,2502.0,2502.0,2502.0,2503.0,일반회계,2019,행정안전부,2086.0
특별교부세,93.0,141.0,141.0,2740.0,2740.0,3035.0,3035.0,3310.0,6331.0,6480.0,6920.0,7361.0,일반회계,2019,행정안전부,7361.0
광역교통시설건설,0.0,192.0,283.0,360.0,552.0,832.0,849.0,865.0,892.0,925.0,952.0,1142.0,행정중심복합도시건설특별회계,2019,행정중심복합도시건설청,1278.0
국가행정시설 건립,16.0,18.0,34.0,73.0,103.0,466.0,485.0,487.0,487.0,494.0,494.0,531.0,행정중심복합도시건설특별회계,2019,행정중심복합도시건설청,602.0
중앙행정기관 건립,0.0,34.0,160.0,220.0,285.0,424.0,441.0,490.0,524.0,605.0,687.0,796.0,행정중심복합도시건설특별회계,2019,행정중심복합도시건설청,660.0
상수도 관리(지역자율),1930.0,2838.0,3284.0,3309.0,4891.0,6158.0,6254.0,6704.0,6783.0,6783.0,6850.0,7339.0,국가균형발전특별회계,2019,환경부,7690.0
하천생태보전(지역자율),0.0,15.0,145.0,349.0,492.0,522.0,542.0,542.0,542.0,542.0,598.0,909.0,국가균형발전특별회계,2019,환경부,909.0
하수도 관리(농특),5.0,60.0,110.0,128.0,261.0,313.0,370.0,398.0,435.0,479.0,513.0,612.0,농어촌구조개선특별회계,2019,환경부,625.0
대기오염 발생원 관리,157.0,2415.0,3714.0,4485.0,5849.0,6099.0,6534.0,6534.0,6888.0,6929.0,6929.0,7047.0,에너지및자원사업특별회계,2019,환경부,7105.0
국가하천정비지원,532.0,533.0,2243.0,2246.0,2803.0,2811.0,2815.0,2815.0,3452.0,3458.0,3462.0,3499.0,일반회계,2019,환경부,3511.0
댐운영지원,0.0,0.0,420.0,420.0,420.0,699.0,699.0,699.0,699.0,699.0,699.0,699.0,일반회계,2019,환경부,699.0
대기오염 발생원 관리,535.0,760.0,1053.0,2349.0,2426.0,2516.0,2544.0,2575.0,2647.0,2665.0,2687.0,2722.0,환경개선특별회계,2019,환경부,2710.0
대기오염 측정감시,71.0,199.0,399.0,422.0,435.0,454.0,511.0,520.0,511.0,542.0,600.0,640.0,환경개선특별회계,2019,환경부,737.0
물재이용 및 물기술 개발,4.0,27.0,91.0,376.0,462.0,636.0,654.0,667.0,684.0,721.0,757.0,838.0,환경개선특별회계,2019,환경부,883.0
법정경비,0.0,0.0,0.0,164.0,164.0,956.0,956.0,956.0,1219.0,1349.0,1474.0,1615.0,환경개선특별회계,2019,환경부,1500.0
사전예방 보건정책,22.0,223.0,532.0,559.0,648.0,736.0,758.0,806.0,816.0,821.0,826.0,864.0,환경개선특별회계,2019,환경부,921.0
산업폐수 및 기타오염원 관리,37.0,66.0,243.0,571.0,820.0,1170.0,1292.0,1339.0,1434.0,1601.0,1843.0,1984.0,환경개선특별회계,2019,환경부,2055.0
수질개선기반구축,3.0,201.0,411.0,455.0,517.0,566.0,647.0,694.0,763.0,810.0,850.0,1018.0,환경개선특별회계,2019,환경부,1170.0
자연의 보전·관리,2454.0,2471.0,2593.0,2648.0,2694.0,2712.0,2844.0,2860.0,2873.0,2888.0,2946.0,3085.0,환경개선특별회계,2019,환경부,2950.0
자연자원의 이용,132.0,547.0,554.0,561.0,562.0,583.0,597.0,605.0,609.0,621.0,624.0,639.0,환경개선특별회계,2019,환경부,635.0
최종처리 및 안전관리,649.0,652.0,734.0,840.0,944.0,1161.0,1237.0,1297.0,1384.0,1427.0,1512.0,1597.0,환경개선특별회계,2019,환경부,1611.0
출연사업,400.0,400.0,400.0,799.0,799.0,799.0,1150.0,1150.0,1150.0,1331.0,1331.0,1331.0,환경개선특별회계,2019,환경부,1331.0
친환경산업 육성·지원,100.0,142.0,314.0,326.0,461.0,466.0,470.0,473.0,483.0,488.0,497.0,509.0,환경개선특별회계,2019,환경부,516.0
토양 지하수 관리,250.0,370.0,595.0,602.0,707.0,737.0,740.0,745.0,750.0,752.0,752.0,773.0,환경개선특별회계,2019,환경부,793.0
폐기물 수집 및 재활용,402.0,447.0,486.0,938.0,996.0,1277.0,1293.0,1293.0,1486.0,1521.0,1522.0,1540.0,환경개선특별회계,2019,환경부,1543.0
하수도 관리,487.0,1303.0,2662.0,4731.0,7018.0,8567.0,10112.0,10734.0,11515.0,12521.0,13951.0,15354.0,환경개선특별회계,2019,환경부,15606.0
환경기술 개발·보급,680.0,681.0,806.0,901.0,902.0,904.0,909.0,911.0,912.0,913.0,913.0,921.0,환경개선특별회계,2019,환경부,926.0
환경시험연구,7.0,41.0,134.0,246.0,287.0,337.0,379.0,408.0,463.0,480.0,501.0,617.0,환경개선특별회계,2019,환경부,660.0
환경위해 관리,1.0,245.0,253.0,300.0,489.0,511.0,540.0,548.0,560.0,568.0,582.0,618.0,환경개선특별회계,2019,환경부,636.0
환경피해 사후관리,55.0,448.0,701.0,707.0,707.0,709.0,731.0,737.0,738.0,739.0,740.0,745.0,환경개선특별회계,2019,환경부,778.0
환경기초시설(금강),24.0,56.0,176.0,221.0,221.0,282.0,383.0,433.0,461.0,503.0,577.0,577.0,금강수계관리기금,2019,환경부,577.0
환경기초시설(낙동강),131.0,249.0,412.0,580.0,693.0,763.0,900.0,1030.0,1164.0,1370.0,1491.0,1587.0,낙동강수계관리기금,2019,환경부,1541.0
주민지원사업(한강),79.0,158.0,241.0,241.0,437.0,515.0,437.0,600.0,611.0,651.0,696.0,720.0,한강수계관리기금,2019,환경부,720.0
토지매수및수변구역관리(한강),262.0,312.0,363.0,363.0,592.0,692.0,592.0,1039.0,1209.0,1209.0,1311.0,1273.0,한강수계관리기금,2019,환경부,1311.0
환경기초시설(한강),126.0,302.0,522.0,522.0,885.0,1155.0,885.0,1405.0,1553.0,1716.0,1830.0,1926.0,한강수계관리기금,2019,환경부,1920.0
경비경찰역량강화,119.0,158.0,257.0,296.0,327.0,451.0,482.0,503.0,522.0,562.0,616.0,710.0,일반회계,2018,경찰청,706.0
경찰장비현대화,112.0,203.0,342.0,451.0,537.0,1024.0,1067.0,1209.0,1396.0,1625.0,2055.0,2375.0,일반회계,2018,경찰청,2399.0
교통사고예방,221.0,387.0,493.0,721.0,816.0,1098.0,1192.0,1245.0,1290.0,1463.0,1507.0,1664.0,일반회계,2018,경찰청,1649.0
범죄수사,162.0,233.0,408.0,483.0,518.0,674.0,699.0,730.0,799.0,860.0,882.0,913.0,일반회계,2018,경찰청,924.0
여성청소년보호활동,14.0,78.0,131.0,220.0,230.0,385.0,431.0,460.0,491.0,519.0,544.0,573.0,일반회계,2018,경찰청,573.0
일반행정업무지원,406.0,852.0,1362.0,1786.0,2167.0,2854.0,3168.0,3565.0,3991.0,4408.0,4790.0,5346.0,일반회계,2018,경찰청,5514.0
대상별취업지원,420.0,793.0,1275.0,1685.0,2123.0,2529.0,2993.0,3331.0,3683.0,4311.0,4702.0,5014.0,일반회계,2018,고용노동부,5025.0
사회적기업육성,165.0,264.0,316.0,555.0,581.0,616.0,636.0,636.0,647.0,698.0,693.0,707.0,일반회계,2018,고용노동부,707.0
실업자능력개발지원,55.0,96.0,136.0,164.0,245.0,310.0,370.0,440.0,483.0,551.0,597.0,673.0,일반회계,2018,고용노동부,676.0
청년내일채움공제,37.0,89.0,191.0,299.0,441.0,619.0,803.0,967.0,1177.0,1413.0,1702.0,1844.0,일반회계,2018,고용노동부,1848.0
한국기술교육대학교출연,57.0,115.0,180.0,238.0,295.0,361.0,385.0,410.0,442.0,467.0,492.0,525.0,일반회계,2018,고용노동부,529.0
한국산업인력공단출연,93.0,221.0,349.0,436.0,535.0,643.0,720.0,801.0,883.0,964.0,1046.0,1163.0,일반회계,2018,고용노동부,1163.0
한국폴리텍대학출연,240.0,470.0,740.0,980.0,1210.0,1492.0,1655.0,1794.0,2026.0,2201.0,2366.0,2570.0,일반회계,2018,고용노동부,2590.0
사회적기업육성,0.0,84.0,368.0,488.0,608.0,668.0,734.0,734.0,734.0,734.0,734.0,734.0,지역발전특별회계,2018,고용노동부,734.0
고령자고용촉진지원,201.0,261.0,544.0,836.0,916.0,919.0,1090.0,1216.0,1246.0,1324.0,1427.0,1401.0,고용보험기금,2018,고용노동부,1025.0
고용창출장려금,211.0,358.0,538.0,698.0,858.0,1009.0,1517.0,1922.0,2386.0,3089.0,3890.0,4706.0,고용보험기금,2018,고용노동부,3924.0
사업주능력개발지원금,950.0,1354.0,1790.0,2440.0,2994.0,3544.0,3794.0,4593.0,5097.0,5389.0,5691.0,5904.0,고용보험기금,2018,고용노동부,4351.0
실업급여,200.0,360.0,611.0,831.0,1031.0,1212.0,1452.0,1652.0,1852.0,1952.0,2173.0,2298.0,고용보험기금,2018,고용노동부,1357.0
실업자및근로자능력개발지원,1370.0,1880.0,2510.0,3211.0,4032.0,4590.0,5271.0,6111.0,6602.0,7502.0,7682.0,7822.0,고용보험기금,2018,고용노동부,6204.0
일·가정양립지원,473.0,579.0,654.0,754.0,1047.0,1158.0,1368.0,1487.0,1693.0,1857.0,2142.0,2357.0,고용보험기금,2018,고용노동부,2830.0
중소기업능력개발지원,10.0,713.0,1289.0,1289.0,1769.0,2006.0,2120.0,2170.0,2464.0,2381.0,2385.0,2364.0,고용보험기금,2018,고용노동부,2865.0
지역고용촉진지원,142.0,357.0,667.0,979.0,1003.0,1043.0,1072.0,1076.0,1079.0,1085.0,1089.0,1090.0,고용보험기금,2018,고용노동부,1111.0
청년내일채움공제,56.0,160.0,300.0,413.0,520.0,673.0,858.0,1088.0,1260.0,1476.0,1768.0,1986.0,고용보험기금,2018,고용노동부,1706.0
한국기술교육대학교능력개발사업지원,66.0,131.0,197.0,263.0,329.0,394.0,420.0,445.0,471.0,497.0,522.0,548.0,고용보험기금,2018,고용노동부,548.0
한국산업인력공단능력개발사업지원,95.0,313.0,627.0,841.0,1011.0,1201.0,1304.0,1414.0,1525.0,1606.0,1722.0,1768.0,고용보험기금,2018,고용노동부,1869.0
한국폴리텍대학능력개발사업지원,60.0,165.0,335.0,419.0,539.0,683.0,724.0,789.0,857.0,924.0,1027.0,1118.0,고용보험기금,2018,고용노동부,1129.0
근로자생활안정자금(융자),100.0,215.0,330.0,400.0,470.0,477.0,622.0,702.0,837.0,877.0,932.0,932.0,근로복지진흥기금,2018,고용노동부,900.0
장애인고용장려금,146.0,374.0,521.0,690.0,870.0,954.0,1130.0,1345.0,1435.0,1635.0,1858.0,1895.0,장애인고용촉진및직업재활기금,2018,고용노동부,1993.0
국가과학기술연구회 소속 출연연구기관 지원,308.0,616.0,924.0,1138.0,1364.0,1627.0,1773.0,1930.0,2109.0,2190.0,2276.0,2353.0,에너지및자원사업특별회계,2018,과학기술정보통신부,2369.0
보험영업활성화,149.0,182.0,328.0,359.0,412.0,508.0,534.0,568.0,630.0,669.0,705.0,811.0,우체국보험특별회계,2018,과학기술정보통신부,833.0
우체국예금안정적운영,91.0,121.0,195.0,228.0,278.0,338.0,390.0,433.0,491.0,540.0,604.0,691.0,우체국예금특별회계,2018,과학기술정보통신부,712.0
국제우편사업활성화,105.0,192.0,354.0,519.0,600.0,752.0,854.0,922.0,1031.0,1122.0,1258.0,1691.0,우편사업특별회계,2018,과학기술정보통신부,2177.0
우편소통품질향상,654.0,804.0,1185.0,1482.0,1661.0,2044.0,2393.0,2664.0,2979.0,3221.0,3731.0,4068.0,우편사업특별회계,2018,과학기술정보통신부,3301.0
과학기술인 복지향상,510.0,510.0,517.0,517.0,517.0,517.0,517.0,517.0,517.0,517.0,517.0,517.0,일반회계,2018,과학기술정보통신부,517.0
국가과학기술연구회 소속 출연연구기관 지원,1640.0,2977.0,4840.0,5934.0,6977.0,8100.0,9040.0,9755.0,10498.0,10883.0,11269.0,11629.0,일반회계,2018,과학기술정보통신부,11743.0
국제과학비즈니스벨트조성,217.0,383.0,2337.0,2337.0,2337.0,2337.0,2337.0,2337.0,2337.0,2344.0,2344.0,2346.0,일반회계,2018,과학기술정보통신부,2410.0
글로벌전문기술(일반회계),0.0,105.0,105.0,210.0,357.0,412.0,412.0,574.0,574.0,574.0,574.0,574.0,일반회계,2018,과학기술정보통신부,574.0
기초연구기반구축사업,26.0,351.0,412.0,412.0,412.0,412.0,694.0,694.0,694.0,694.0,694.0,694.0,일반회계,2018,과학기술정보통신부,694.0
기초연구지원,251.0,1326.0,8784.0,8880.0,8892.0,9482.0,9502.0,9711.0,9719.0,9719.0,9719.0,9719.0,일반회계,2018,과학기술정보통신부,9719.0
나노·소재기술개발,183.0,636.0,759.0,759.0,759.0,837.0,837.0,837.0,844.0,844.0,844.0,844.0,일반회계,2018,과학기술정보통신부,844.0
바이오·의료기술개발,2312.0,2312.0,2422.0,3254.0,3295.0,3295.0,3490.0,3490.0,3490.0,3490.0,3490.0,3490.0,일반회계,2018,과학기술정보통신부,3490.0
방사선이용기술개발,426.0,504.0,547.0,547.0,547.0,602.0,602.0,602.0,602.0,602.0,602.0,602.0,일반회계,2018,과학기술정보통신부,602.0
신산업융합원천기술,324.0,324.0,324.0,566.0,566.0,566.0,728.0,728.0,728.0,803.0,803.0,803.0,일반회계,2018,과학기술정보통신부,803.0
에너지·환경기술개발,30.0,264.0,553.0,647.0,736.0,863.0,1010.0,1010.0,1010.0,1010.0,1010.0,1010.0,일반회계,2018,과학기술정보통신부,1010.0
우수학생 국가장학 사업,0.0,0.0,281.0,307.0,307.0,307.0,560.0,560.0,560.0,563.0,563.0,563.0,일반회계,2018,과학기술정보통신부,563.0
우주발사체개발,0.0,140.0,400.0,511.0,601.0,601.0,831.0,1021.0,1250.0,1342.0,1429.0,1760.0,일반회계,2018,과학기술정보통신부,1760.0
인공위성개발,807.0,1042.0,1042.0,1042.0,1042.0,1046.0,1046.0,1046.0,1046.0,1046.0,1046.0,1046.0,일반회계,2018,과학기술정보통신부,1046.0
정보보호기반강화,68.0,139.0,207.0,303.0,393.0,484.0,533.0,579.0,607.0,646.0,670.0,691.0,일반회계,2018,과학기술정보통신부,691.0
직할출연연구기관지원,1098.0,2113.0,3355.0,4170.0,4944.0,5939.0,6457.0,6921.0,7625.0,7918.0,8202.0,8575.0,일반회계,2018,과학기술정보통신부,8675.0
첨단융합기술개발,117.0,740.0,865.0,1006.0,1250.0,1738.0,1834.0,1834.0,1834.0,1844.0,1844.0,1844.0,일반회계,2018,과학기술정보통신부,1849.0
연구개발특구육성,23.0,356.0,357.0,662.0,677.0,692.0,854.0,854.0,889.0,983.0,983.0,983.0,지역발전특별회계,2018,과학기술정보통신부,1008.0
미디어 다양성 및 공공성 확보,51.0,102.0,154.0,205.0,257.0,308.0,350.0,411.0,462.0,529.0,573.0,616.0,방송통신발전기금,2018,과학기술정보통신부,616.0
방송인프라지원,43.0,138.0,203.0,276.0,341.0,406.0,479.0,544.0,610.0,683.0,748.0,813.0,방송통신발전기금,2018,과학기술정보통신부,813.0
방송통신산업 원천기술개발(R&D),28.0,311.0,421.0,459.0,494.0,494.0,817.0,904.0,904.0,969.0,977.0,977.0,방송통신발전기금,2018,과학기술정보통신부,977.0
인터넷이용환경고도화,33.0,121.0,179.0,365.0,384.0,417.0,486.0,523.0,540.0,586.0,597.0,607.0,방송통신발전기금,2018,과학기술정보통신부,607.0
출연연 연구개발지원(R&D),0.0,317.0,528.0,528.0,739.0,739.0,739.0,821.0,821.0,1055.0,1055.0,1055.0,방송통신발전기금,2018,과학기술정보통신부,1055.0
콘텐츠 진흥,0.0,180.0,180.0,418.0,418.0,418.0,582.0,582.0,582.0,644.0,644.0,644.0,방송통신발전기금,2018,과학기술정보통신부,644.0
원자력및방사선안전규제,0.0,0.0,198.0,264.0,328.0,397.0,445.0,494.0,542.0,590.0,644.0,691.0,원자력기금,2018,과학기술정보통신부,691.0
원자력연구개발사업,190.0,190.0,418.0,418.0,718.0,1013.0,1074.0,1074.0,1232.0,1232.0,1243.0,1277.0,원자력기금,2018,과학기술정보통신부,1277.0
기술확산지원,150.0,150.0,150.0,268.0,268.0,268.0,497.0,497.0,497.0,537.0,537.0,537.0,정보통신진흥기금,2018,과학기술정보통신부,537.0
인력양성(정진기금),0.0,0.0,414.0,415.0,425.0,512.0,547.0,547.0,547.0,547.0,547.0,547.0,정보통신진흥기금,2018,과학기술정보통신부,547.0
정보통신기업성장지원(일반),120.0,122.0,225.0,236.0,383.0,431.0,491.0,491.0,517.0,565.0,567.0,567.0,정보통신진흥기금,2018,과학기술정보통신부,533.0
정보통신산업융합원천기술,339.0,557.0,671.0,1014.0,1199.0,1199.0,1925.0,1925.0,1993.0,2212.0,2212.0,2212.0,정보통신진흥기금,2018,과학기술정보통신부,2172.0
중소기업연구개발,94.0,107.0,206.0,234.0,341.0,349.0,387.0,469.0,469.0,469.0,576.0,576.0,정보통신진흥기금,2018,과학기술정보통신부,576.0
유아교육비 보육료 지원,3893.0,7785.0,11678.0,15571.0,19464.0,23356.0,25951.0,28547.0,31142.0,33737.0,36332.0,38927.0,유아교육지원특별회계,2018,교육부,38927.0
BK21 플러스사업,0.0,1915.0,2168.0,2168.0,2168.0,2168.0,2168.0,2977.0,2977.0,2977.0,2977.0,2977.0,일반회계,2018,교육부,2977.0
교육급여,527.0,527.0,527.0,919.0,919.0,919.0,919.0,919.0,919.0,1063.0,1063.0,1063.0,일반회계,2018,교육부,1312.0
국립대학 교육기반조성,0.0,74.0,178.0,239.0,375.0,461.0,542.0,590.0,610.0,618.0,624.0,625.0,일반회계,2018,교육부,625.0
국립대학 시설확충,402.0,750.0,1421.0,2151.0,2729.0,4059.0,4657.0,4942.0,5317.0,5515.0,5985.0,6363.0,일반회계,2018,교육부,6180.0
국립대학법인 운영 지원,1530.0,1865.0,1865.0,1865.0,2520.0,2795.0,4325.0,4451.0,4451.0,5107.0,5233.0,5233.0,일반회계,2018,교육부,5233.0
국립대학병원 여건개선,106.0,106.0,112.0,221.0,221.0,340.0,340.0,341.0,347.0,350.0,560.0,560.0,일반회계,2018,교육부,560.0
대학교육 역량 강화,0.0,153.0,1259.0,1560.0,1811.0,1822.0,1950.0,2394.0,2515.0,2515.0,2515.0,2522.0,일반회계,2018,교육부,2522.0
대학구조개혁 지원,0.0,55.0,55.0,855.0,863.0,884.0,884.0,884.0,887.0,890.0,890.0,890.0,일반회계,2018,교육부,890.0
대학자율역량 강화,4.0,59.0,488.0,488.0,488.0,510.0,683.0,685.0,711.0,711.0,711.0,712.0,일반회계,2018,교육부,712.0
맞춤형 국가장학금 지원,0.0,13125.0,13410.0,21202.0,21202.0,22335.0,32015.0,32015.0,32015.0,37773.0,38240.0,39928.0,일반회계,2018,교육부,39958.0
보통교부금,49762.0,99524.0,134524.0,191974.0,251974.0,298932.0,343932.0,388932.0,423018.0,481569.0,481569.0,481569.0,일반회계,2018,교육부,481569.0
이공학학술연구조성,80.0,1909.0,1909.0,1912.0,3338.0,3345.0,3345.0,4374.0,4374.0,4525.0,4525.0,4525.0,일반회계,2018,교육부,4525.0
인문사회학술연구 조성,0.0,157.0,167.0,479.0,479.0,1057.0,2110.0,2110.0,2154.0,2407.0,2407.0,2407.0,일반회계,2018,교육부,2407.0
특별교부금,496.0,6737.0,10666.0,10829.0,10978.0,10978.0,10978.0,11381.0,11726.0,12226.0,13554.0,13838.0,일반회계,2018,교육부,13838.0
한국장학재단 출연,0.0,0.0,224.0,557.0,557.0,557.0,1202.0,1202.0,1202.0,1570.0,1570.0,1740.0,일반회계,2018,교육부,1976.0
대학교육 역량 강화,0.0,0.0,0.0,518.0,518.0,518.0,518.0,740.0,740.0,740.0,740.0,740.0,지역발전특별회계,2018,교육부,740.0
산학협력 선도 전문대학 육성,0.0,0.0,0.0,787.0,787.0,787.0,787.0,787.0,787.0,787.0,787.0,787.0,지역발전특별회계,2018,교육부,787.0
산학협력 선도대학(LINC) 육성,0.0,0.0,2025.0,2151.0,2164.0,2169.0,2176.0,2203.0,2203.0,2203.0,2203.0,2203.0,지역발전특별회계,2018,교육부,2212.0
지방대학육성사업,0.0,0.0,1063.0,1063.0,1063.0,1063.0,1063.0,1111.0,1111.0,1518.0,1518.0,1518.0,지역발전특별회계,2018,교육부,1518.0
특성화 전문대학 육성,0.0,0.0,1000.0,1000.0,1755.0,1755.0,2257.0,2257.0,2257.0,2257.0,2257.0,2257.0,지역발전특별회계,2018,교육부,2508.0
사학시설자금융자,0.0,53.0,161.0,248.0,248.0,278.0,327.0,434.0,558.0,641.0,641.0,967.0,사학진흥기금,2018,교육부,1003.0
행복기숙사지원사업,0.0,100.0,174.0,174.0,183.0,266.0,266.0,266.0,330.0,330.0,330.0,1116.0,사학진흥기금,2018,교육부,1116.0
군시설이전사업,0.0,30.0,49.0,148.0,243.0,986.0,1015.0,1102.0,1245.0,1279.0,1397.0,2101.0,국방·군사시설이전특별회계,2018,국방부,3549.0
간부주거시설,8.0,62.0,1405.0,1519.0,1589.0,3411.0,3413.0,3425.0,4702.0,4734.0,4770.0,6205.0,일반회계,2018,국방부,6859.0
교육시설,23.0,130.0,186.0,233.0,328.0,799.0,801.0,817.0,842.0,884.0,994.0,1398.0,일반회계,2018,국방부,1565.0
교육용탄약,39.0,214.0,521.0,862.0,1062.0,1817.0,1855.0,1901.0,2111.0,2176.0,2265.0,2700.0,일반회계,2018,국방부,2708.0
국방통합데이터센터 운영,67.0,70.0,109.0,175.0,213.0,283.0,349.0,363.0,397.0,463.0,499.0,580.0,일반회계,2018,국방부,585.0
군의무,50.0,107.0,292.0,375.0,491.0,861.0,887.0,962.0,1043.0,1126.0,1194.0,1397.0,일반회계,2018,국방부,1664.0
물자획득,48.0,167.0,402.0,601.0,828.0,1267.0,1371.0,1495.0,1619.0,1776.0,1941.0,2440.0,일반회계,2018,국방부,2519.0
병영기본시설,24.0,206.0,453.0,569.0,746.0,1290.0,1313.0,1351.0,1435.0,1492.0,1630.0,2147.0,일반회계,2018,국방부,2532.0
수송활동,49.0,105.0,173.0,223.0,289.0,427.0,402.0,430.0,467.0,510.0,560.0,641.0,일반회계,2018,국방부,672.0
시설유지운영,66.0,229.0,473.0,745.0,1162.0,2465.0,2414.0,2583.0,2856.0,3148.0,3562.0,4566.0,일반회계,2018,국방부,4746.0
연료확보,211.0,970.0,1786.0,2206.0,2715.0,3710.0,3746.0,4126.0,4418.0,5111.0,5721.0,6825.0,일반회계,2018,국방부,6354.0
일반시설개선,391.0,977.0,1650.0,2292.0,2935.0,5200.0,5279.0,5395.0,5754.0,6044.0,6457.0,8392.0,일반회계,2018,국방부,9529.0
장비유지,313.0,830.0,1266.0,1951.0,2501.0,4973.0,5034.0,5250.0,5565.0,6016.0,7156.0,9458.0,일반회계,2018,국방부,10414.0
장비획득,26.0,50.0,685.0,787.0,970.0,1612.0,1652.0,1820.0,1914.0,2119.0,2296.0,2552.0,일반회계,2018,국방부,2728.0
정보통신체계운영,124.0,260.0,771.0,1052.0,1246.0,1838.0,1972.0,2001.0,2083.0,2318.0,2465.0,3143.0,일반회계,2018,국방부,3309.0
주한미군 방위비분담금,86.0,292.0,724.0,1189.0,1822.0,3160.0,3351.0,3546.0,3886.0,4100.0,4406.0,5307.0,일반회계,2018,국방부,6314.0
탄약관리,0.0,83.0,113.0,188.0,199.0,378.0,404.0,532.0,611.0,640.0,658.0,916.0,일반회계,2018,국방부,929.0
피복비,317.0,769.0,1119.0,1429.0,1836.0,2715.0,2869.0,2876.0,3031.0,3373.0,3783.0,4797.0,일반회계,2018,국방부,5277.0
훈련 및 교육 지원,25.0,40.0,111.0,139.0,177.0,250.0,268.0,288.0,326.0,354.0,398.0,527.0,일반회계,2018,국방부,553.0
미군기지이전사업,38.0,97.0,271.0,338.0,459.0,806.0,917.0,1065.0,1142.0,1207.0,1288.0,1728.0,주한미군기지이전특별회계,2018,국방부,2462.0
미군기지이전지원,3.0,8.0,13.0,18.0,102.0,241.0,249.0,362.0,369.0,374.0,449.0,580.0,주한미군기지이전특별회계,2018,국방부,738.0
장병복지향상,40.0,107.0,170.0,247.0,339.0,554.0,650.0,773.0,916.0,1034.0,1178.0,1505.0,군인복지기금,2018,국방부,1886.0
고속도로건설,0.0,0.0,4548.0,5748.0,6638.0,8948.0,8948.0,8948.0,8948.0,8948.0,9448.0,11704.0,교통시설특별회계,2018,국토교통부,11204.0
고속철도건설,0.0,72.0,176.0,351.0,451.0,501.0,551.0,702.0,702.0,702.0,702.0,702.0,교통시설특별회계,2018,국토교통부,702.0
도로병목지점 개선,0.0,24.0,217.0,251.0,285.0,576.0,600.0,632.0,696.0,744.0,786.0,1173.0,교통시설특별회계,2018,국토교통부,1502.0
도로보수(총액계상),6.0,97.0,962.0,1340.0,1735.0,4796.0,5008.0,5322.0,5947.0,6467.0,7100.0,9518.0,교통시설특별회계,2018,국토교통부,10527.0
도로안전 및 환경개선(총액계상),0.0,8.0,145.0,206.0,277.0,891.0,936.0,1019.0,1171.0,1304.0,1466.0,1992.0,교통시설특별회계,2018,국토교통부,2182.0
민자유치사업지원,0.0,1081.0,2507.0,2528.0,2529.0,5056.0,5074.0,5188.0,5189.0,5190.0,6039.0,6526.0,교통시설특별회계,2018,국토교통부,6623.0
시관내국도대체우회도로건설,1.0,85.0,1073.0,1158.0,1281.0,1803.0,1824.0,1844.0,1982.0,2020.0,2078.0,2629.0,교통시설특별회계,2018,국토교통부,3208.0
신공항건설,0.0,0.0,0.0,0.0,5.0,5.0,6.0,6.0,6.0,7.0,8.0,9.0,교통시설특별회계,2018,국토교통부,527.0
위험도로개선,4.0,60.0,234.0,268.0,313.0,459.0,478.0,512.0,579.0,603.0,624.0,1004.0,교통시설특별회계,2018,국토교통부,1428.0
일반국도건설,63.0,822.0,4124.0,4499.0,5201.0,7765.0,7907.0,8112.0,8593.0,8847.0,9273.0,12346.0,교통시설특별회계,2018,국토교통부,12949.0
일반국도조사설계,0.0,12.0,133.0,137.0,167.0,329.0,329.0,331.0,348.0,349.0,351.0,502.0,교통시설특별회계,2018,국토교통부,603.0
일반철도건설,5147.0,7547.0,7688.0,13274.0,15839.0,16097.0,17735.0,18647.0,19764.0,22092.0,22842.0,22922.0,교통시설특별회계,2018,국토교통부,22822.0
지역간선국도5차,3.0,10.0,90.0,112.0,134.0,330.0,345.0,376.0,429.0,485.0,534.0,679.0,교통시설특별회계,2018,국토교통부,664.0
지역간선국도6차,0.0,57.0,400.0,460.0,491.0,843.0,854.0,861.0,937.0,951.0,1161.0,1455.0,교통시설특별회계,2018,국토교통부,1476.0
지역간선국도7차,1.0,5.0,296.0,304.0,354.0,605.0,606.0,616.0,697.0,731.0,732.0,1049.0,교통시설특별회계,2018,국토교통부,850.0
지역간선국도8차,15.0,82.0,904.0,980.0,1042.0,1467.0,1476.0,1506.0,1673.0,1694.0,1736.0,2214.0,교통시설특별회계,2018,국토교통부,2470.0
지하철건설지원,0.0,113.0,954.0,954.0,1947.0,1947.0,1947.0,2365.0,2407.0,2741.0,2930.0,3962.0,교통시설특별회계,2018,국토교통부,3962.0
철도기술연구,0.0,0.0,217.0,843.0,843.0,843.0,867.0,867.0,867.0,867.0,867.0,867.0,교통시설특별회계,2018,국토교통부,867.0
철도시설공단지원,0.0,0.0,0.0,481.0,481.0,729.0,729.0,729.0,729.0,930.0,930.0,1203.0,교통시설특별회계,2018,국토교통부,1203.0
철도운영지원(교특),0.0,0.0,949.0,1781.0,1781.0,2718.0,2718.0,2718.0,4043.0,4062.0,4149.0,5577.0,교통시설특별회계,2018,국토교통부,5609.0
첨단도로교통체계,0.0,198.0,482.0,545.0,546.0,602.0,602.0,602.0,602.0,662.0,661.0,664.0,교통시설특별회계,2018,국토교통부,666.0
항공기술연구,0.0,0.0,470.0,470.0,487.0,487.0,487.0,506.0,506.0,506.0,506.0,506.0,교통시설특별회계,2018,국토교통부,506.0
항공안전운영,0.0,28.0,51.0,62.0,104.0,116.0,126.0,197.0,217.0,235.0,263.0,382.0,교통시설특별회계,2018,국토교통부,643.0
건설기술혁신(R&D),0.0,406.0,721.0,753.0,753.0,753.0,767.0,767.0,767.0,767.0,767.0,767.0,일반회계,2018,국토교통부,767.0
교통물류연구,0.0,0.0,562.0,597.0,597.0,597.0,597.0,597.0,597.0,597.0,597.0,597.0,일반회계,2018,국토교통부,597.0
국가하천정비지원,92.0,713.0,2560.0,4999.0,5220.0,6335.0,6377.0,6476.0,6754.0,6965.0,7099.0,8231.0,일반회계,2018,국토교통부,8330.0
국토교통기술역량강화(R&D),0.0,0.0,632.0,776.0,776.0,781.0,781.0,781.0,781.0,781.0,781.0,781.0,일반회계,2018,국토교통부,785.0
국토지형관리,25.0,38.0,267.0,414.0,447.0,512.0,555.0,570.0,580.0,609.0,666.0,792.0,일반회계,2018,국토교통부,964.0
도시건축연구,0.0,286.0,805.0,825.0,840.0,840.0,840.0,840.0,840.0,840.0,840.0,840.0,일반회계,2018,국토교통부,840.0
부동산공시,21.0,557.0,584.0,606.0,654.0,676.0,697.0,745.0,745.0,788.0,836.0,883.0,일반회계,2018,국토교통부,886.0
새만금개발사업지원,0.0,0.0,0.0,0.0,0.0,2.0,2.0,2.0,4.0,504.0,504.0,510.0,일반회계,2018,국토교통부,510.0
주택가격조사지원,117.0,336.0,355.0,535.0,535.0,559.0,570.0,572.0,574.0,593.0,593.0,662.0,일반회계,2018,국토교통부,675.0
주택정책지원,1000.0,2262.0,3887.0,4868.0,5521.0,6592.0,7432.0,7747.0,8368.0,9291.0,10237.0,10916.0,일반회계,2018,국토교통부,11273.0
철도안전(일반),0.0,1.0,1.0,2383.0,3928.0,6185.0,6185.0,6739.0,6739.0,8307.0,8382.0,9262.0,일반회계,2018,국토교통부,9309.0
철도운영지원(일반),0.0,0.0,1962.0,1962.0,1962.0,1962.0,3238.0,3238.0,3238.0,3238.0,3238.0,3238.0,일반회계,2018,국토교통부,3238.0
개발제한구역지원,0.0,0.0,599.0,874.0,879.0,1129.0,1267.0,1267.0,1267.0,1406.0,1406.0,1432.0,지역발전특별회계,2018,국토교통부,1451.0
광역도로,117.0,197.0,197.0,222.0,402.0,410.0,410.0,420.0,424.0,424.0,424.0,438.0,지역발전특별회계,2018,국토교통부,680.0
광역철도건설지원,0.0,380.0,1096.0,1096.0,1097.0,2233.0,2233.0,2236.0,2616.0,2911.0,2921.0,3017.0,지역발전특별회계,2018,국토교통부,4067.0
국가지원지방도건설,0.0,1526.0,1535.0,1542.0,1546.0,3170.0,3170.0,3171.0,3166.0,3167.0,3169.0,3158.0,지역발전특별회계,2018,국토교통부,3728.0
대중교통지원(경제),277.0,277.0,279.0,292.0,378.0,398.0,398.0,409.0,453.0,453.0,508.0,543.0,지역발전특별회계,2018,국토교통부,921.0
대중교통지원(생활),0.0,50.0,125.0,445.0,536.0,650.0,668.0,684.0,711.0,761.0,818.0,1095.0,지역발전특별회계,2018,국토교통부,1092.0
도시재생,0.0,430.0,690.0,690.0,690.0,695.0,695.0,695.0,2241.0,2472.0,2721.0,2801.0,지역발전특별회계,2018,국토교통부,3032.0
도시활력증진지역개발,0.0,9.0,649.0,1085.0,1085.0,1085.0,1128.0,1128.0,1378.0,1382.0,1468.0,1606.0,지역발전특별회계,2018,국토교통부,1606.0
산업단지진입도로지원,16.0,149.0,553.0,691.0,864.0,1607.0,1634.0,1736.0,1833.0,1866.0,2001.0,2587.0,지역발전특별회계,2018,국토교통부,3238.0
성장촉진지역개발,0.0,90.0,419.0,839.0,1029.0,1319.0,1319.0,1369.0,1430.0,1680.0,1877.0,2091.0,지역발전특별회계,2018,국토교통부,2091.0
주차환경개선지원,0.0,0.0,0.0,330.0,330.0,403.0,523.0,582.0,593.0,601.0,601.0,605.0,지역발전특별회계,2018,국토교통부,601.0
지방하천정비지원,0.0,510.0,2300.0,2420.0,3754.0,4434.0,4434.0,4434.0,4567.0,5300.0,5649.0,5691.0,지역발전특별회계,2018,국토교통부,5691.0
공공임대주택지원(융자),3376.0,6841.0,10087.0,13103.0,15980.0,19045.0,21601.0,25805.0,30161.0,32363.0,32980.0,34674.0,주택도시기금,2018,국토교통부,27954.0
국민임대주택지원(융자),17.0,17.0,257.0,2523.0,2593.0,2776.0,2852.0,2861.0,2996.0,3212.0,3683.0,5331.0,주택도시기금,2018,국토교통부,4942.0
다가구매입임대(융자),184.0,184.0,6650.0,6650.0,6650.0,6350.0,7378.0,7378.0,8113.0,8113.0,8113.0,9009.0,주택도시기금,2018,국토교통부,9325.0
도시기능증진지원,14.0,25.0,30.0,66.0,210.0,325.0,336.0,368.0,432.0,487.0,811.0,1222.0,주택도시기금,2018,국토교통부,3970.0
도시재생지원,0.0,0.0,0.0,1.0,1.0,72.0,72.0,213.0,213.0,213.0,215.0,2135.0,주택도시기금,2018,국토교통부,2779.0
분양주택지원(융자),113.0,339.0,438.0,666.0,1570.0,2096.0,2210.0,2250.0,2321.0,2816.0,2856.0,2973.0,주택도시기금,2018,국토교통부,3339.0
이차보전 지원,0.0,0.0,0.0,135.0,135.0,135.0,135.0,135.0,315.0,315.0,792.0,1372.0,주택도시기금,2018,국토교통부,1043.0
임대주택지원,0.0,0.0,8621.0,8621.0,8621.0,8578.0,8441.0,8441.0,11481.0,11487.0,11772.0,16644.0,주택도시기금,2018,국토교통부,19227.0
주거환경개선지원(융자),7.0,8.0,14.0,20.0,33.0,81.0,144.0,392.0,970.0,1439.0,2028.0,3284.0,주택도시기금,2018,국토교통부,3133.0
주택구입ㆍ전세자금(융자),6472.0,12934.0,25589.0,34799.0,41373.0,50598.0,57518.0,64313.0,74446.0,85015.0,87649.0,88047.0,주택도시기금,2018,국토교통부,73500.0
주택도시보증 지원,0.0,0.0,0.0,0.0,0.0,0.0,700.0,700.0,700.0,700.0,700.0,700.0,주택도시기금,2018,국토교통부,700.0
주택신보출연,95.0,187.0,271.0,365.0,457.0,553.0,553.0,744.0,841.0,938.0,938.0,1135.0,주택도시기금,2018,국토교통부,1055.0
가축방역(농특),0.0,3.0,446.0,899.0,966.0,967.0,1252.0,1630.0,1644.0,1663.0,1692.0,1724.0,농어촌구조개선특별회계,2018,농림축산식품부,1632.0
경쟁력제고(농특),43.0,146.0,196.0,235.0,296.0,299.0,353.0,403.0,411.0,446.0,451.0,523.0,농어촌구조개선특별회계,2018,농림축산식품부,526.0
농식품기술개발,10.0,1024.0,1152.0,1446.0,1480.0,1503.0,1715.0,1719.0,1793.0,1818.0,1822.0,1822.0,농어촌구조개선특별회계,2018,농림축산식품부,1822.0
농업시설개선(농특),106.0,2209.0,2316.0,2816.0,3306.0,4226.0,5026.0,5026.0,5216.0,5846.0,5846.0,7032.0,농어촌구조개선특별회계,2018,농림축산식품부,7282.0
농촌지역개발(농특),0.0,128.0,327.0,389.0,443.0,482.0,604.0,658.0,683.0,721.0,843.0,916.0,농어촌구조개선특별회계,2018,농림축산식품부,733.0
다목적 용수개발,762.0,1781.0,2543.0,2543.0,2693.0,2823.0,3063.0,3563.0,3743.0,4453.0,4453.0,5053.0,농어촌구조개선특별회계,2018,농림축산식품부,5594.0
대단위농업개발 및 시설정비,288.0,491.0,857.0,857.0,927.0,1157.0,1317.0,1317.0,1417.0,1497.0,1507.0,1661.0,농어촌구조개선특별회계,2018,농림축산식품부,1841.0
재해예방(농특),0.0,1345.0,1935.0,1935.0,2185.0,2899.0,3169.0,3248.0,3278.0,3278.0,3648.0,4171.0,농어촌구조개선특별회계,2018,농림축산식품부,4611.0
친환경농자재,0.0,0.0,1287.0,1287.0,1737.0,1740.0,1742.0,1742.0,2040.0,2041.0,2041.0,2041.0,농어촌구조개선특별회계,2018,농림축산식품부,2041.0
양곡매입 및 관리,955.0,1222.0,1528.0,1819.0,2159.0,2475.0,2760.0,2997.0,3233.0,3461.0,3494.0,3777.0,양곡관리특별회계,2018,농림축산식품부,3682.0
농어촌공사시설관리,0.0,0.0,479.0,479.0,479.0,959.0,959.0,959.0,1290.0,1290.0,1290.0,1622.0,일반회계,2018,농림축산식품부,1622.0
농업기반정비,0.0,498.0,498.0,648.0,1169.0,1282.0,1282.0,1332.0,1332.0,1482.0,1485.0,1598.0,지역발전특별회계,2018,농림축산식품부,1909.0
농촌자원 복합산업화지원,0.0,404.0,654.0,664.0,854.0,1037.0,1044.0,1144.0,1144.0,1244.0,1244.0,1351.0,지역발전특별회계,2018,농림축산식품부,1603.0
일반농산어촌개발,0.0,1980.0,3398.0,4578.0,5844.0,7312.0,7312.0,7437.0,7787.0,8487.0,9137.0,9998.0,지역발전특별회계,2018,농림축산식품부,11786.0
농산물수출촉진,38.0,121.0,121.0,896.0,2004.0,2254.0,2496.0,2789.0,2962.0,3730.0,3871.0,4110.0,농산물가격안정기금,2018,농림축산식품부,4221.0
농산물유통개선(농안기금),5.0,5.0,85.0,276.0,450.0,466.0,498.0,504.0,625.0,625.0,626.0,733.0,농산물가격안정기금,2018,농림축산식품부,811.0
"산지유통활성화(농안,융자)",0.0,0.0,2600.0,4113.0,5044.0,5556.0,5583.0,5660.0,5673.0,5708.0,5728.0,5752.0,농산물가격안정기금,2018,농림축산식품부,6093.0
소비지유통활성화,0.0,200.0,362.0,362.0,386.0,405.0,477.0,487.0,487.0,487.0,506.0,525.0,농산물가격안정기금,2018,농림축산식품부,530.0
"농지은행(농지,융자)",0.0,992.0,2481.0,3120.0,3945.0,5207.0,5020.0,5432.0,5887.0,6373.0,6482.0,5786.0,농지관리기금,2018,농림축산식품부,6483.0
대단위농업개발(농지),0.0,18.0,646.0,770.0,922.0,1502.0,1467.0,1705.0,1965.0,2003.0,2224.0,2503.0,농지관리기금,2018,농림축산식품부,2487.0
과수및원예경쟁력제고,0.0,0.0,422.0,511.0,716.0,900.0,910.0,976.0,988.0,1072.0,1126.0,1126.0,자유무역협정이행지원기금,2018,농림축산식품부,1186.0
축사시설현대화(FTA),0.0,0.0,204.0,551.0,1040.0,1414.0,1421.0,1492.0,1500.0,1894.0,1895.0,1935.0,자유무역협정이행지원기금,2018,농림축산식품부,2072.0
축산기술보급,18.0,73.0,109.0,160.0,190.0,331.0,366.0,416.0,436.0,514.0,517.0,531.0,축산발전기금,2018,농림축산식품부,551.0
축산물수급관리,27.0,37.0,222.0,370.0,378.0,401.0,464.0,486.0,653.0,765.0,865.0,1051.0,축산발전기금,2018,농림축산식품부,1043.0
축산물위생안전성(축발),117.0,181.0,240.0,344.0,400.0,426.0,521.0,533.0,533.0,626.0,628.0,629.0,축산발전기금,2018,농림축산식품부,626.0
축산업경쟁력제고(축발),0.0,3.0,1604.0,1815.0,1935.0,3516.0,3589.0,3808.0,4461.0,4479.0,4507.0,4701.0,축산발전기금,2018,농림축산식품부,4745.0
친환경축산(축발),10.0,10.0,111.0,895.0,936.0,1131.0,1272.0,1661.0,1665.0,1711.0,1749.0,1854.0,축산발전기금,2018,농림축산식품부,1897.0
농업공동연구,26.0,111.0,389.0,526.0,613.0,816.0,843.0,874.0,905.0,961.0,1017.0,1110.0,일반회계,2018,농촌진흥청,1112.0
차세대바이오그린21,0.0,112.0,318.0,322.0,332.0,418.0,445.0,457.0,463.0,475.0,498.0,516.0,일반회계,2018,농촌진흥청,516.0
축산연구(책임운영),23.0,41.0,66.0,91.0,132.0,244.0,260.0,294.0,362.0,402.0,453.0,724.0,일반회계,2018,농촌진흥청,871.0
"지역농촌지도사업활성화지원(지특,생활)",0.0,0.0,143.0,151.0,233.0,317.0,467.0,467.0,526.0,576.0,576.0,576.0,지역발전특별회계,2018,농촌진흥청,576.0
국제교류및세계유산등재,14.0,308.0,424.0,439.0,440.0,444.0,535.0,535.0,536.0,541.0,541.0,550.0,일반회계,2018,문화재청,554.0
문화재보수정비,0.0,1800.0,1800.0,1800.0,2900.0,2951.0,2951.0,2951.0,2951.0,2951.0,2951.0,2951.0,일반회계,2018,문화재청,2951.0
문화중심도시조성,42.0,180.0,200.0,206.0,210.0,217.0,294.0,403.0,408.0,418.0,455.0,503.0,아시아문화중심도시조성특별회계,2018,문화체육관광부,531.0
국립박물관 운영,20.0,57.0,96.0,132.0,189.0,246.0,301.0,391.0,439.0,491.0,552.0,710.0,일반회계,2018,문화체육관광부,929.0
국립현대미술관 운영 활성화,8.0,36.0,63.0,87.0,119.0,171.0,233.0,288.0,375.0,414.0,498.0,680.0,일반회계,2018,문화체육관광부,709.0
기초예술역량강화,29.0,210.0,219.0,249.0,363.0,364.0,410.0,532.0,535.0,537.0,549.0,588.0,일반회계,2018,문화체육관광부,598.0
문화예술교육지원,2.0,526.0,764.0,873.0,912.0,929.0,1047.0,1225.0,1226.0,1226.0,1226.0,1246.0,일반회계,2018,문화체육관광부,1246.0
문화예술단체지원,84.0,223.0,267.0,476.0,539.0,574.0,767.0,792.0,860.0,860.0,860.0,860.0,일반회계,2018,문화체육관광부,860.0
문화콘텐츠산업 기술지원,375.0,542.0,542.0,542.0,542.0,542.0,561.0,561.0,561.0,561.0,561.0,560.0,일반회계,2018,문화체육관광부,561.0
문화콘텐츠산업 육성,6.0,116.0,545.0,725.0,751.0,816.0,951.0,1118.0,1135.0,1171.0,1205.0,1235.0,일반회계,2018,문화체육관광부,1237.0
문화콘텐츠산업 진흥 환경 조성,0.0,232.0,348.0,510.0,1315.0,1355.0,1416.0,1577.0,1621.0,1646.0,1676.0,1685.0,일반회계,2018,문화체육관광부,1704.0
종교문화활동 및 보존지원,8.0,25.0,172.0,252.0,308.0,338.0,401.0,436.0,449.0,472.0,491.0,542.0,일반회계,2018,문화체육관광부,806.0
지역·전통문화 진흥,43.0,56.0,62.0,71.0,141.0,177.0,204.0,290.0,502.0,514.0,529.0,530.0,일반회계,2018,문화체육관광부,539.0
해외문화홍보원 운영,172.0,212.0,262.0,276.0,378.0,474.0,492.0,511.0,540.0,570.0,598.0,736.0,일반회계,2018,문화체육관광부,724.0
관광자원개발,60.0,110.0,189.0,525.0,581.0,1360.0,1364.0,1375.0,1375.0,1778.0,1891.0,2273.0,지역발전특별회계,2018,문화체육관광부,2548.0
광역관광자원개발,0.0,0.0,82.0,460.0,460.0,460.0,737.0,737.0,750.0,1049.0,1308.0,1415.0,지역발전특별회계,2018,문화체육관광부,1478.0
문화시설확충및운영,0.0,91.0,355.0,1165.0,1272.0,1284.0,1654.0,1716.0,1734.0,1786.0,1840.0,1863.0,지역발전특별회계,2018,문화체육관광부,1866.0
체육진흥시설지원,0.0,0.0,150.0,797.0,1207.0,1207.0,1236.0,1236.0,1236.0,1236.0,1236.0,1257.0,지역발전특별회계,2018,문화체육관광부,1236.0
관광사업체 융자지원,490.0,730.0,1184.0,1679.0,2331.0,2747.0,2809.0,3109.0,3566.0,3846.0,4410.0,4920.0,관광진흥개발기금,2018,문화체육관광부,4950.0
관광인프라 조성,135.0,212.0,242.0,289.0,320.0,466.0,520.0,595.0,720.0,730.0,745.0,757.0,관광진흥개발기금,2018,문화체육관광부,789.0
국내관광육성지원,69.0,276.0,319.0,398.0,424.0,509.0,527.0,592.0,763.0,821.0,822.0,823.0,관광진흥개발기금,2018,문화체육관광부,806.0
해외관광객유치활동사업,628.0,1072.0,1148.0,1166.0,1189.0,1214.0,1669.0,1875.0,1961.0,1961.0,1979.0,2031.0,관광진흥개발기금,2018,문화체육관광부,2010.0
국제체육 지원,0.0,0.0,398.0,422.0,652.0,825.0,1003.0,1032.0,1032.0,1081.0,1298.0,1308.0,국민체육진흥기금,2018,문화체육관광부,1377.0
기금조성 기반시설 지원,0.0,0.0,211.0,311.0,311.0,311.0,339.0,513.0,513.0,513.0,513.0,513.0,국민체육진흥기금,2018,문화체육관광부,513.0
대한체육회 지원,0.0,0.0,683.0,1341.0,1697.0,1820.0,2360.0,2467.0,2467.0,2584.0,2716.0,2778.0,국민체육진흥기금,2018,문화체육관광부,2764.0
생활체육 활성화,0.0,0.0,828.0,1054.0,1122.0,1249.0,1404.0,1509.0,1509.0,1629.0,1686.0,1729.0,국민체육진흥기금,2018,문화체육관광부,1728.0
생활체육시설 지원,0.0,0.0,64.0,64.0,404.0,605.0,803.0,855.0,855.0,882.0,1215.0,1385.0,국민체육진흥기금,2018,문화체육관광부,1374.0
스포츠산업 활성화,0.0,0.0,162.0,353.0,357.0,367.0,428.0,452.0,452.0,489.0,773.0,834.0,국민체육진흥기금,2018,문화체육관광부,780.0
장애인체육 육성,0.0,0.0,272.0,278.0,278.0,413.0,551.0,556.0,556.0,576.0,611.0,618.0,국민체육진흥기금,2018,문화체육관광부,620.0
예술가치의사회적확산,0.0,163.0,370.0,741.0,827.0,860.0,887.0,1144.0,1173.0,1223.0,1247.0,1264.0,문화예술진흥기금,2018,문화체육관광부,1268.0
국방과학연구소,151.0,417.0,844.0,844.0,1066.0,1637.0,1637.0,1637.0,1769.0,1769.0,1904.0,2014.0,일반회계,2018,방위사업청,2015.0
국방기술개발,724.0,1147.0,2754.0,2760.0,4114.0,5820.0,5820.0,5821.0,7028.0,7032.0,8132.0,9090.0,일반회계,2018,방위사업청,9108.0
국방기술품질원,73.0,133.0,400.0,434.0,475.0,714.0,714.0,714.0,714.0,736.0,754.0,821.0,일반회계,2018,방위사업청,821.0
기동화력 양산/구매,32.0,2469.0,5404.0,5424.0,6411.0,10135.0,10523.0,11993.0,13887.0,15235.0,16005.0,19036.0,일반회계,2018,방위사업청,19999.0
유도무기 양산/구매,727.0,1363.0,2802.0,3887.0,4235.0,6937.0,7124.0,7308.0,9663.0,9916.0,11005.0,14836.0,일반회계,2018,방위사업청,14828.0
유도무기 연구개발,105.0,1415.0,1705.0,1879.0,1977.0,2376.0,2377.0,2695.0,2827.0,2828.0,3051.0,3666.0,일반회계,2018,방위사업청,3721.0
지휘정찰 양산/구매,7.0,465.0,985.0,1463.0,2060.0,3031.0,3453.0,3567.0,4063.0,4190.0,4561.0,7138.0,일반회계,2018,방위사업청,8286.0
지휘정찰 연구개발,80.0,119.0,695.0,730.0,813.0,1161.0,1162.0,1162.0,1198.0,1229.0,1671.0,2533.0,일반회계,2018,방위사업청,2544.0
함정 양산/구매,5.0,402.0,837.0,1074.0,1459.0,2841.0,2917.0,2925.0,2951.0,2993.0,3377.0,9976.0,일반회계,2018,방위사업청,10699.0
함정 연구개발,50.0,52.0,240.0,240.0,428.0,824.0,825.0,905.0,936.0,936.0,1032.0,1210.0,일반회계,2018,방위사업청,1776.0
항공기 양산/구매,0.0,1266.0,3554.0,4194.0,4872.0,5217.0,5317.0,5354.0,5478.0,5652.0,5691.0,6760.0,일반회계,2018,방위사업청,7185.0
항공기 연구개발,91.0,1421.0,1766.0,1766.0,4208.0,4291.0,4291.0,4291.0,4354.0,4354.0,4364.0,5598.0,일반회계,2018,방위사업청,5601.0
검찰운영,25.0,47.0,83.0,117.0,161.0,202.0,238.0,273.0,319.0,365.0,445.0,575.0,일반회계,2018,법무부,581.0
교도소운영,31.0,44.0,92.0,127.0,173.0,259.0,300.0,352.0,402.0,470.0,533.0,691.0,일반회계,2018,법무부,791.0
법률구조,199.0,200.0,200.0,361.0,361.0,361.0,479.0,479.0,479.0,537.0,537.0,537.0,일반회계,2018,법무부,538.0
가정양육수당 지원사업,1198.0,2396.0,3594.0,4683.0,5664.0,6644.0,7624.0,8604.0,8604.0,9005.0,9405.0,9405.0,일반회계,2018,보건복지부,10891.0
기초생활급여,97.0,195.0,292.0,390.0,549.0,549.0,834.0,834.0,834.0,834.0,902.0,903.0,일반회계,2018,보건복지부,834.0
노인돌봄서비스,345.0,345.0,345.0,690.0,690.0,691.0,838.0,838.0,839.0,986.0,987.0,987.0,일반회계,2018,보건복지부,987.0
노인요양시설확충,2.0,24.0,49.0,50.0,123.0,351.0,357.0,428.0,448.0,677.0,705.0,794.0,일반회계,2018,보건복지부,859.0
노인일자리지원,1824.0,1928.0,1928.0,3855.0,3888.0,3888.0,5072.0,5272.0,5272.0,6366.0,6368.0,6368.0,일반회계,2018,보건복지부,6349.0
방과후활동지원,310.0,466.0,622.0,776.0,930.0,1084.0,1204.0,1325.0,1432.0,1544.0,1582.0,1585.0,일반회계,2018,보건복지부,1587.0
보건의료연구개발,464.0,809.0,955.0,961.0,1241.0,1296.0,1297.0,1433.0,1433.0,1459.0,1462.0,1477.0,일반회계,2018,보건복지부,1485.0
사회복지전달체계,104.0,203.0,335.0,418.0,475.0,529.0,609.0,652.0,696.0,748.0,794.0,828.0,일반회계,2018,보건복지부,919.0
아동수당 지원,0.0,0.0,0.0,79.0,79.0,85.0,85.0,87.0,1835.0,3584.0,5325.0,6911.0,일반회계,2018,보건복지부,7096.0
어린이집 기능보강,0.0,2.0,108.0,159.0,208.0,227.0,229.0,321.0,360.0,496.0,615.0,678.0,일반회계,2018,보건복지부,742.0
어린이집 지원,1488.0,2583.0,3717.0,4889.0,5984.0,7079.0,7747.0,8416.0,9036.0,9657.0,10595.0,10703.0,일반회계,2018,보건복지부,10487.0
영유아보육료지원,4323.0,8634.0,12945.0,16288.0,19629.0,22971.0,24913.0,26854.0,28793.0,30732.0,33942.0,33942.0,일반회계,2018,보건복지부,32672.0
의료급여,9750.0,16699.0,23113.0,28458.0,33805.0,39150.0,42611.0,45124.0,47636.0,49935.0,51699.0,55799.0,일반회계,2018,보건복지부,53466.0
자활지원,1639.0,1639.0,1653.0,3469.0,3469.0,3469.0,4238.0,4238.0,4249.0,4622.0,4634.0,4640.0,일반회계,2018,보건복지부,4706.0
장애인복지시설지원,1432.0,1446.0,1487.0,2987.0,2998.0,3015.0,3965.0,3977.0,3983.0,4623.0,4623.0,4939.0,일반회계,2018,보건복지부,4946.0
장애인선택적복지,1515.0,2431.0,3311.0,4217.0,5096.0,5979.0,6858.0,7429.0,7871.0,7897.0,8184.0,8187.0,일반회계,2018,보건복지부,7901.0
장애인소득보장,977.0,1950.0,2924.0,3700.0,4477.0,5251.0,5741.0,6228.0,6717.0,7020.0,7557.0,7763.0,일반회계,2018,보건복지부,7580.0
장애인일자리지원,333.0,336.0,336.0,672.0,672.0,814.0,815.0,815.0,952.0,957.0,957.0,957.0,일반회계,2018,보건복지부,957.0
정신보건시설기능보강,275.0,275.0,277.0,584.0,587.0,646.0,653.0,870.0,870.0,879.0,882.0,890.0,일반회계,2018,보건복지부,911.0
지방의료원 등 육성,120.0,121.0,341.0,341.0,343.0,447.0,447.0,488.0,546.0,547.0,572.0,628.0,일반회계,2018,보건복지부,633.0
지역자율형 사회서비스 투자사업,334.0,534.0,734.0,1151.0,1526.0,1674.0,2025.0,2125.0,2225.0,2309.0,2336.0,2361.0,지역발전특별회계,2018,보건복지부,2361.0
국가암관리사업지원,113.0,199.0,241.0,401.0,405.0,554.0,561.0,561.0,561.0,562.0,564.0,567.0,국민건강증진기금,2018,보건복지부,571.0
국립중앙의료원 지원,83.0,83.0,371.0,454.0,454.0,455.0,491.0,491.0,491.0,491.0,526.0,526.0,국민건강증진기금,2018,보건복지부,660.0
금연사업,255.0,391.0,728.0,763.0,804.0,1046.0,1186.0,1233.0,1234.0,1302.0,1307.0,1449.0,국민건강증진기금,2018,보건복지부,1466.0
보건소건강증진,234.0,237.0,237.0,458.0,459.0,461.0,556.0,556.0,556.0,652.0,652.0,662.0,국민건강증진기금,2018,보건복지부,663.0
보건의료연구개발,430.0,542.0,631.0,681.0,743.0,747.0,773.0,878.0,901.0,1047.0,1049.0,1049.0,국민건강증진기금,2018,보건복지부,1069.0
예방접종관리,400.0,403.0,691.0,1371.0,1375.0,1376.0,2201.0,2205.0,2209.0,3393.0,3395.0,3414.0,국민건강증진기금,2018,보건복지부,3421.0
정신건강증진사업,259.0,261.0,266.0,405.0,407.0,410.0,558.0,558.0,570.0,605.0,605.0,610.0,국민건강증진기금,2018,보건복지부,605.0
치매관리사업지원,212.0,664.0,664.0,952.0,1020.0,1044.0,1045.0,1278.0,1316.0,1432.0,1457.0,1460.0,국민건강증진기금,2018,보건복지부,1460.0
응급의료기관 지원,45.0,102.0,102.0,114.0,156.0,379.0,630.0,732.0,765.0,790.0,790.0,798.0,응급의료기금,2018,보건복지부,810.0
산림병해충방제(농특),310.0,801.0,884.0,934.0,960.0,975.0,980.0,982.0,1032.0,1048.0,1069.0,1110.0,농어촌구조개선특별회계,2018,산림청,1096.0
임업인정책자금 및 기술지도,4.0,40.0,67.0,197.0,346.0,386.0,442.0,550.0,597.0,623.0,652.0,792.0,농어촌구조개선특별회계,2018,산림청,793.0
청정임산물이용증진(농특),0.0,0.0,227.0,343.0,344.0,360.0,361.0,373.0,562.0,562.0,569.0,577.0,농어촌구조개선특별회계,2018,산림청,601.0
탄소흡수원확충(농특),402.0,819.0,1009.0,1926.0,2139.0,2363.0,2664.0,2918.0,3000.0,3040.0,3080.0,3160.0,농어촌구조개선특별회계,2018,산림청,3172.0
국유재산관리,9.0,65.0,152.0,207.0,260.0,400.0,428.0,460.0,488.0,503.0,536.0,614.0,일반회계,2018,산림청,625.0
산림복지서비스증진(일반),20.0,129.0,201.0,256.0,283.0,351.0,385.0,398.0,433.0,449.0,476.0,573.0,일반회계,2018,산림청,584.0
산림생물다양성증진(일반),95.0,96.0,166.0,185.0,222.0,415.0,429.0,478.0,495.0,530.0,560.0,674.0,일반회계,2018,산림청,784.0
산림재해방지(일반),564.0,1031.0,1811.0,1852.0,2014.0,2262.0,2304.0,2314.0,2501.0,2715.0,2818.0,2969.0,일반회계,2018,산림청,3026.0
산림헬기 운영,10.0,258.0,271.0,287.0,331.0,516.0,525.0,536.0,546.0,576.0,608.0,671.0,일반회계,2018,산림청,639.0
"산림경영자원육성(지특,경제)",0.0,0.0,140.0,234.0,262.0,312.0,317.0,326.0,411.0,453.0,527.0,655.0,지역발전특별회계,2018,산림청,691.0
"산림경영자원육성(지특,생활)",0.0,326.0,401.0,764.0,764.0,769.0,997.0,997.0,997.0,997.0,997.0,997.0,지역발전특별회계,2018,산림청,997.0
"산림휴양녹색공간조성(지특,생활)",0.0,168.0,518.0,672.0,776.0,888.0,988.0,1388.0,1538.0,1638.0,1638.0,1683.0,지역발전특별회계,2018,산림청,1678.0
가스안전관리,62.0,134.0,295.0,363.0,483.0,550.0,581.0,616.0,650.0,672.0,695.0,728.0,에너지및자원사업특별회계,2018,산업통상자원부,728.0
광물자원개발융자,0.0,0.0,0.0,0.0,0.0,0.0,13.0,66.0,66.0,66.0,66.0,500.0,에너지및자원사업특별회계,2018,산업통상자원부,700.0
광해관리공단,930.0,1090.0,1239.0,1431.0,1431.0,1431.0,1431.0,1431.0,1431.0,1431.0,1431.0,1431.0,에너지및자원사업특별회계,2018,산업통상자원부,1431.0
에너지수요기술,104.0,942.0,953.0,969.0,1305.0,1783.0,1983.0,1993.0,1998.0,2019.0,2019.0,2019.0,에너지및자원사업특별회계,2018,산업통상자원부,2019.0
에너지이용합리화,64.0,64.0,254.0,324.0,451.0,468.0,469.0,511.0,850.0,851.0,851.0,1208.0,에너지및자원사업특별회계,2018,산업통상자원부,851.0
에너지이용효율향상(융자),300.0,300.0,800.0,1600.0,1800.0,2100.0,2500.0,2500.0,2700.0,2900.0,3000.0,3000.0,에너지및자원사업특별회계,2018,산업통상자원부,3000.0
공공기술개발,0.0,60.0,611.0,955.0,955.0,1109.0,1136.0,1136.0,1136.0,1146.0,1146.0,1146.0,일반회계,2018,산업통상자원부,1146.0
국제협력(일반회계),179.0,179.0,179.0,425.0,425.0,425.0,509.0,509.0,509.0,598.0,598.0,598.0,일반회계,2018,산업통상자원부,598.0
기업입지환경개선,61.0,61.0,561.0,566.0,592.0,592.0,592.0,592.0,592.0,592.0,592.0,592.0,일반회계,2018,산업통상자원부,592.0
대한무역투자진흥공사,409.0,449.0,677.0,1976.0,1976.0,2216.0,2594.0,2594.0,2969.0,3123.0,3123.0,3278.0,일반회계,2018,산업통상자원부,3278.0
미래성장동력,0.0,251.0,665.0,743.0,743.0,743.0,743.0,743.0,743.0,743.0,743.0,743.0,일반회계,2018,산업통상자원부,743.0
산업기술기반구축,433.0,841.0,1056.0,1240.0,1554.0,1775.0,1914.0,2135.0,2564.0,2576.0,3030.0,3030.0,일반회계,2018,산업통상자원부,2561.0
소재부품산업글로벌전문기술개발,0.0,255.0,389.0,538.0,538.0,538.0,538.0,589.0,589.0,589.0,589.0,589.0,일반회계,2018,산업통상자원부,589.0
소재부품산업핵심기술개발,773.0,1580.0,2172.0,3344.0,3344.0,3393.0,4031.0,4031.0,4031.0,4056.0,4056.0,4056.0,일반회계,2018,산업통상자원부,4056.0
시스템산업글로벌전문기술개발,189.0,189.0,292.0,319.0,319.0,414.0,459.0,480.0,500.0,500.0,512.0,512.0,일반회계,2018,산업통상자원부,512.0
시스템산업핵심기술개발,1136.0,1679.0,2480.0,2841.0,2841.0,2843.0,2944.0,3143.0,3421.0,3491.0,3776.0,3776.0,일반회계,2018,산업통상자원부,3224.0
우수기술역량강화,305.0,725.0,725.0,1044.0,1044.0,1044.0,1081.0,1081.0,1081.0,1081.0,1081.0,1081.0,일반회계,2018,산업통상자원부,1081.0
인력양성(R&D),67.0,67.0,801.0,801.0,801.0,801.0,801.0,801.0,806.0,806.0,806.0,806.0,일반회계,2018,산업통상자원부,801.0
중견기업역량강화,0.0,383.0,383.0,391.0,407.0,407.0,501.0,501.0,501.0,501.0,501.0,501.0,일반회계,2018,산업통상자원부,501.0
창의산업글로벌전문기술개발,316.0,316.0,316.0,445.0,549.0,562.0,569.0,569.0,569.0,577.0,577.0,577.0,일반회계,2018,산업통상자원부,577.0
창의산업핵심기술개발,929.0,970.0,989.0,1248.0,1429.0,1454.0,1617.0,1617.0,1617.0,1678.0,1678.0,1678.0,일반회계,2018,산업통상자원부,1678.0
경제자유구역지원,0.0,2.0,160.0,182.0,320.0,397.0,472.0,477.0,543.0,638.0,670.0,672.0,지역발전특별회계,2018,산업통상자원부,655.0
외국인투자유치활성화,0.0,0.0,68.0,136.0,160.0,222.0,294.0,302.0,355.0,429.0,470.0,503.0,지역발전특별회계,2018,산업통상자원부,512.0
지역산업거점기관지원,590.0,590.0,811.0,949.0,971.0,1354.0,1381.0,1515.0,1615.0,1886.0,1886.0,1886.0,지역발전특별회계,2018,산업통상자원부,1877.0
지역산업경쟁력강화,294.0,355.0,1328.0,2105.0,2766.0,2766.0,2766.0,2766.0,2921.0,2921.0,2921.0,2921.0,지역발전특별회계,2018,산업통상자원부,2921.0
지역투자유치활성화,6.0,6.0,6.0,239.0,239.0,239.0,284.0,284.0,284.0,529.0,529.0,780.0,지역발전특별회계,2018,산업통상자원부,945.0
지역특성화산업육성,0.0,200.0,301.0,301.0,602.0,652.0,652.0,803.0,909.0,909.0,909.0,909.0,지역발전특별회계,2018,산업통상자원부,909.0
중저준위방사성폐기물관리,33.0,51.0,120.0,172.0,202.0,408.0,415.0,415.0,433.0,509.0,866.0,866.0,방사성폐기물관리기금,2018,산업통상자원부,870.0
산업기술진흥및사업화촉진,6.0,115.0,234.0,251.0,357.0,484.0,517.0,517.0,521.0,549.0,549.0,549.0,산업기술진흥및사업화촉진기금,2018,산업통상자원부,549.0
기반구축,0.0,102.0,163.0,307.0,371.0,375.0,553.0,599.0,711.0,751.0,751.0,751.0,전력산업기반기금,2018,산업통상자원부,751.0
농어촌전기공급지원(기금),0.0,290.0,290.0,290.0,520.0,730.0,730.0,730.0,928.0,928.0,1283.0,1283.0,전력산업기반기금,2018,산업통상자원부,1198.0
발전소주변지역지원(기금),0.0,0.0,0.0,1025.0,1061.0,1177.0,1422.0,1422.0,1423.0,1423.0,2064.0,2128.0,전력산업기반기금,2018,산업통상자원부,2052.0
신재생에너지금융지원,0.0,120.0,400.0,600.0,882.0,1182.0,1282.0,1400.0,1500.0,1600.0,1700.0,1760.0,전력산업기반기금,2018,산업통상자원부,1760.0
신재생에너지보급(기금),136.0,605.0,1568.0,2269.0,2871.0,3555.0,4156.0,4669.0,5113.0,5396.0,5712.0,6072.0,전력산업기반기금,2018,산업통상자원부,5705.0
전기안전관리(기금),0.0,332.0,332.0,460.0,460.0,714.0,714.0,848.0,848.0,988.0,988.0,988.0,전력산업기반기금,2018,산업통상자원부,988.0
전력공급기술,105.0,948.0,960.0,1038.0,1178.0,1696.0,2302.0,2719.0,2720.0,2754.0,2854.0,2939.0,전력산업기반기금,2018,산업통상자원부,2939.0
전력수요기술,103.0,435.0,435.0,534.0,620.0,620.0,793.0,887.0,887.0,972.0,972.0,972.0,전력산업기반기금,2018,산업통상자원부,972.0
새만금개발사업지원,0.0,287.0,850.0,958.0,1013.0,1213.0,1230.0,1305.0,1413.0,1452.0,1472.0,1793.0,일반회계,2018,새만금개발청,1840.0
중앙119구조본부지원,5.0,295.0,299.0,324.0,342.0,380.0,382.0,392.0,412.0,428.0,455.0,557.0,일반회계,2018,소방청,668.0
식의약품 안전 연구개발,151.0,342.0,402.0,413.0,474.0,494.0,511.0,531.0,549.0,566.0,583.0,758.0,일반회계,2018,식품의약품안전처,789.0
아이돌봄지원,390.0,390.0,390.0,780.0,780.0,780.0,932.0,932.0,932.0,1080.0,1084.0,1084.0,일반회계,2018,여성가족부,1084.0
여성경제활동 촉진지원,190.0,197.0,348.0,377.0,378.0,380.0,528.0,528.0,530.0,530.0,530.0,531.0,일반회계,2018,여성가족부,533.0
청소년시설확충,0.0,169.0,269.0,475.0,475.0,576.0,732.0,822.0,822.0,822.0,822.0,822.0,지역발전특별회계,2018,여성가족부,822.0
다문화가족지원,166.0,317.0,318.0,529.0,529.0,530.0,673.0,676.0,683.0,752.0,755.0,760.0,양성평등기금,2018,여성가족부,767.0
한부모가족지원(기금),215.0,336.0,338.0,563.0,670.0,673.0,827.0,907.0,948.0,1055.0,1055.0,1058.0,양성평등기금,2018,여성가족부,957.0
청소년 사회안전망구축,136.0,240.0,264.0,357.0,467.0,485.0,551.0,594.0,602.0,694.0,719.0,719.0,청소년육성기금,2018,여성가족부,720.0
개발협력 및 인도적 지원,65.0,322.0,443.0,489.0,489.0,489.0,732.0,736.0,737.0,932.0,1120.0,1120.0,일반회계,2018,외교부,1120.0
글로벌 프로그램,261.0,643.0,683.0,1197.0,1662.0,1942.0,2142.0,2152.0,2162.0,2263.0,2270.0,2338.0,일반회계,2018,외교부,2381.0
아시아 및 태평양지역 국가원조,133.0,291.0,370.0,701.0,863.0,1005.0,1190.0,1209.0,1226.0,1383.0,1424.0,1491.0,일반회계,2018,외교부,1491.0
아프리카지역 국가원조,91.0,215.0,299.0,552.0,644.0,732.0,889.0,903.0,912.0,1037.0,1067.0,1108.0,일반회계,2018,외교부,1108.0
재외동포재단,19.0,44.0,233.0,450.0,450.0,466.0,503.0,503.0,525.0,560.0,576.0,590.0,일반회계,2018,외교부,590.0
전자여권발급및서비스개선(수입대체경비),30.0,208.0,235.0,366.0,401.0,541.0,575.0,657.0,791.0,876.0,904.0,1073.0,일반회계,2018,외교부,941.0
중남미지역 국가원조,53.0,114.0,143.0,247.0,314.0,346.0,433.0,439.0,444.0,468.0,499.0,554.0,일반회계,2018,외교부,554.0
중동CIS지역 국가원조,43.0,100.0,128.0,215.0,292.0,343.0,409.0,414.0,418.0,451.0,459.0,503.0,일반회계,2018,외교부,503.0
기술개발지원(R&D),825.0,1630.0,2519.0,3122.0,4281.0,4850.0,5924.0,6018.0,6098.0,7043.0,7293.0,7293.0,일반회계,2018,중소벤처기업부,7251.0
중견기업역량강화(R&D),0.0,261.0,261.0,457.0,457.0,457.0,457.0,563.0,563.0,653.0,653.0,653.0,일반회계,2018,중소벤처기업부,653.0
중소기업경쟁력강화,0.0,0.0,238.0,238.0,238.0,476.0,476.0,476.0,711.0,791.0,798.0,804.0,일반회계,2018,중소벤처기업부,782.0
중소기업수출역량강화,229.0,229.0,330.0,330.0,653.0,769.0,769.0,799.0,800.0,1004.0,1099.0,1129.0,일반회계,2018,중소벤처기업부,1099.0
중소기업인력양성및취업촉진,250.0,284.0,294.0,351.0,525.0,626.0,726.0,773.0,824.0,832.0,833.0,834.0,일반회계,2018,중소벤처기업부,835.0
중소기업해외시장개척지원,0.0,70.0,117.0,196.0,314.0,360.0,412.0,443.0,477.0,514.0,531.0,533.0,일반회계,2018,중소벤처기업부,533.0
창업활성화지원,912.0,972.0,1164.0,2124.0,2587.0,2675.0,3136.0,3136.0,3188.0,3190.0,3194.0,3214.0,일반회계,2018,중소벤처기업부,3211.0
"산학연협력기술개발(지특, R&D)",0.0,544.0,544.0,948.0,948.0,948.0,1255.0,1255.0,1255.0,1255.0,1395.0,1395.0,지역발전특별회계,2018,중소벤처기업부,1395.0
전통시장및중소유통물류기반조성(지특),100.0,120.0,212.0,290.0,522.0,522.0,722.0,722.0,769.0,835.0,836.0,836.0,지역발전특별회계,2018,중소벤처기업부,837.0
지역산업경쟁력강화,0.0,738.0,1129.0,1567.0,1713.0,1713.0,1894.0,1941.0,1970.0,1970.0,1970.0,1970.0,지역발전특별회계,2018,중소벤처기업부,1970.0
소상공인지원(기금),20.0,113.0,373.0,373.0,773.0,833.0,1049.0,1158.0,1157.0,1185.0,1228.0,1318.0,소상공인시장진흥기금,2018,중소벤처기업부,1246.0
소상공인지원융자(기금),2028.0,4446.0,7441.0,9136.0,10533.0,11463.0,13043.0,15099.0,14756.0,15309.0,16545.0,17125.0,소상공인시장진흥기금,2018,중소벤처기업부,16025.0
전통시장활성화지원(기금),240.0,240.0,740.0,740.0,1146.0,1150.0,1565.0,1566.0,1567.0,1613.0,1676.0,2042.0,소상공인시장진흥기금,2018,중소벤처기업부,1692.0
개발및특허기술사업화융자(기금),136.0,759.0,1962.0,2360.0,2831.0,3401.0,3590.0,3912.0,4497.0,4944.0,5900.0,5900.0,중소기업창업및진흥기금,2018,중소벤처기업부,4900.0
모태조합출자(기금),0.0,0.0,2000.0,2000.0,2000.0,2000.0,2000.0,2000.0,2000.0,2000.0,2000.0,2000.0,중소기업창업및진흥기금,2018,중소벤처기업부,2000.0
사업전환및재도약지원(기금),36.0,319.0,812.0,1037.0,1254.0,1344.0,1498.0,1680.0,1755.0,1880.0,2295.0,2295.0,중소기업창업및진흥기금,2018,중소벤처기업부,2299.0
성장안정자금(기금),764.0,2131.0,4082.0,4769.0,5526.0,6285.0,6980.0,7967.0,7736.0,8422.0,10525.0,10525.0,중소기업창업및진흥기금,2018,중소벤처기업부,9800.0
창업기업지원융자(기금),961.0,3216.0,7378.0,9006.0,11212.0,13289.0,14091.0,15525.0,16342.0,17228.0,19167.0,19086.0,중소기업창업및진흥기금,2018,중소벤처기업부,19189.0
투융자복합금융지원(기금),6.0,63.0,221.0,311.0,494.0,978.0,1034.0,1144.0,1307.0,1411.0,1700.0,1700.0,중소기업창업및진흥기금,2018,중소벤처기업부,1700.0
심사·심판처리 지원,1.0,10.0,202.0,289.0,334.0,413.0,451.0,488.0,520.0,580.0,594.0,731.0,특허청,2018,특허청,732.0
보급지원,5.0,107.0,183.0,278.0,358.0,444.0,532.0,603.0,653.0,734.0,808.0,928.0,일반회계,2018,해양경찰청,938.0
함정건조,9.0,76.0,77.0,98.0,359.0,510.0,1011.0,1033.0,1042.0,1043.0,1052.0,1281.0,일반회계,2018,해양경찰청,1303.0
그린포트 구축,44.0,118.0,192.0,250.0,288.0,413.0,457.0,506.0,570.0,636.0,734.0,914.0,교통시설특별회계,2018,해양수산부,941.0
부산항 신항만 개발,6.0,129.0,630.0,684.0,713.0,965.0,966.0,974.0,1121.0,1165.0,1247.0,1612.0,교통시설특별회계,2018,해양수산부,1717.0
새만금신항 개발,2.0,10.0,10.0,18.0,18.0,73.0,176.0,176.0,224.0,224.0,228.0,431.0,교통시설특별회계,2018,해양수산부,525.0
울산신항 개발,296.0,304.0,325.0,338.0,348.0,647.0,674.0,711.0,738.0,723.0,752.0,892.0,교통시설특별회계,2018,해양수산부,1393.0
인천북항 개발,0.0,68.0,78.0,78.0,78.0,174.0,175.0,175.0,199.0,203.0,203.0,577.0,교통시설특별회계,2018,해양수산부,553.0
일반항 건설,272.0,639.0,1038.0,1221.0,1636.0,2029.0,2217.0,2367.0,2653.0,2848.0,3160.0,4100.0,교통시설특별회계,2018,해양수산부,4534.0
주요항 건설,178.0,187.0,247.0,285.0,308.0,415.0,447.0,498.0,600.0,677.0,723.0,852.0,교통시설특별회계,2018,해양수산부,871.0
평택당진항 개발,6.0,25.0,34.0,45.0,78.0,154.0,170.0,183.0,205.0,254.0,296.0,444.0,교통시설특별회계,2018,해양수산부,509.0
항로표지시설 확충 및 안전관리,16.0,86.0,144.0,183.0,230.0,334.0,349.0,371.0,404.0,433.0,458.0,543.0,교통시설특별회계,2018,해양수산부,602.0
항만시설유지보수(교특),10.0,61.0,97.0,141.0,206.0,387.0,447.0,533.0,606.0,701.0,825.0,1197.0,교통시설특별회계,2018,해양수산부,1858.0
수산금융자금이차보전,55.0,133.0,204.0,204.0,360.0,440.0,518.0,599.0,679.0,754.0,754.0,824.0,농어촌구조개선특별회계,2018,해양수산부,824.0
수산자원조성,155.0,516.0,517.0,520.0,528.0,534.0,755.0,757.0,770.0,774.0,776.0,778.0,농어촌구조개선특별회계,2018,해양수산부,782.0
어항기반시설조성(농특),167.0,512.0,821.0,898.0,988.0,1203.0,1329.0,1394.0,1604.0,1703.0,1837.0,2545.0,농어촌구조개선특별회계,2018,해양수산부,2657.0
재해대책,297.0,546.0,547.0,667.0,1083.0,1083.0,1177.0,1478.0,1478.0,1478.0,1478.0,1479.0,농어촌구조개선특별회계,2018,해양수산부,1479.0
친환경어업(농특),1.0,6.0,322.0,349.0,380.0,447.0,479.0,491.0,500.0,508.0,587.0,645.0,농어촌구조개선특별회계,2018,해양수산부,682.0
어업질서 확립,9.0,66.0,114.0,160.0,230.0,255.0,323.0,363.0,398.0,452.0,471.0,532.0,일반회계,2018,해양수산부,528.0
연구장비개발 및 인프라구축(R&D),646.0,646.0,744.0,744.0,754.0,754.0,754.0,789.0,789.0,789.0,789.0,789.0,일반회계,2018,해양수산부,789.0
연안환경관리(일반),42.0,73.0,125.0,167.0,203.0,264.0,298.0,323.0,382.0,428.0,508.0,746.0,일반회계,2018,해양수산부,737.0
한국해양과학기술원 운영지원,292.0,292.0,567.0,567.0,1131.0,1131.0,1132.0,1355.0,1355.0,1512.0,1512.0,1512.0,일반회계,2018,해양수산부,1512.0
해양정책 및 문화기반조성,64.0,67.0,125.0,144.0,205.0,323.0,417.0,487.0,498.0,545.0,579.0,730.0,일반회계,2018,해양수산부,793.0
해양지형조사 및 정보제공,27.0,74.0,112.0,290.0,334.0,468.0,480.0,492.0,507.0,525.0,570.0,750.0,일반회계,2018,해양수산부,783.0
해운물류지원,0.0,323.0,396.0,418.0,440.0,465.0,1781.0,1817.0,1949.0,1972.0,1996.0,2055.0,일반회계,2018,해양수산부,1992.0
어업기반정비,0.0,255.0,603.0,603.0,603.0,768.0,834.0,834.0,1092.0,1092.0,1261.0,1261.0,지역발전특별회계,2018,해양수산부,1205.0
해양 및 수자원 관리,0.0,44.0,243.0,272.0,431.0,631.0,631.0,715.0,715.0,715.0,716.0,720.0,지역발전특별회계,2018,해양수산부,715.0
수산물가격안정(기금·융자),0.0,0.0,131.0,282.0,439.0,477.0,502.0,545.0,686.0,772.0,795.0,865.0,수산발전기금,2018,해양수산부,869.0
수산물유통자금지원(기금),2.0,58.0,321.0,453.0,480.0,602.0,612.0,630.0,976.0,1014.0,1025.0,1300.0,수산발전기금,2018,해양수산부,1300.0
품목별경쟁력강화,0.0,0.0,217.0,449.0,571.0,626.0,726.0,886.0,925.0,1024.0,1236.0,1330.0,수산발전기금,2018,해양수산부,1354.0
국가정보자원관리원운영(정보화),1.0,83.0,104.0,109.0,120.0,493.0,517.0,541.0,611.0,647.0,653.0,1186.0,일반회계,2018,행정안전부,1228.0
보통교부세,47000.0,92000.0,128000.0,177000.0,227000.0,277000.0,322000.0,362000.0,402000.0,424696.0,424696.0,424696.0,일반회계,2018,행정안전부,424696.0
부동산교부세,0.0,0.0,0.0,4389.0,4389.0,4389.0,4389.0,4389.0,4389.0,4389.0,4389.0,17801.0,일반회계,2018,행정안전부,17801.0
소방안전교부세,1043.0,1043.0,1043.0,2086.0,2086.0,2086.0,3129.0,3129.0,3129.0,4173.0,4173.0,4173.0,일반회계,2018,행정안전부,4173.0
재난안전통신망구축,0.0,0.0,1.0,1.0,53.0,53.0,54.0,54.0,54.0,69.0,71.0,93.0,일반회계,2018,행정안전부,1232.0
재난특별교부세,10.0,66.0,1735.0,1825.0,1825.0,2353.0,2413.0,2448.0,4149.0,4226.0,4419.0,6567.0,일반회계,2018,행정안전부,6567.0
재해위험ㆍ취약지역정비,1305.0,1396.0,1446.0,1992.0,2720.0,3102.0,3472.0,3907.0,3957.0,4065.0,4445.0,4447.0,일반회계,2018,행정안전부,4449.0
전자정부실행기반마련(정보화),0.0,87.0,174.0,261.0,348.0,522.0,609.0,652.0,696.0,739.0,783.0,869.0,일반회계,2018,행정안전부,869.0
정부청사시설관리,55.0,67.0,115.0,154.0,189.0,292.0,311.0,325.0,343.0,379.0,415.0,481.0,일반회계,2018,행정안전부,508.0
주한미군공여구역주변지역등지원,0.0,220.0,350.0,466.0,582.0,707.0,734.0,772.0,772.0,779.0,944.0,944.0,일반회계,2018,행정안전부,944.0
특별교부세,0.0,0.0,3255.0,3255.0,3255.0,3473.0,3473.0,3473.0,5584.0,5584.0,5584.0,6567.0,일반회계,2018,행정안전부,6567.0
소하천정비,259.0,518.0,656.0,916.0,1170.0,1488.0,1696.0,1818.0,1818.0,1924.0,1924.0,2120.0,지역발전특별회계,2018,행정안전부,2115.0
특수상황지역개발,232.0,463.0,534.0,925.0,1160.0,1355.0,1460.0,1551.0,1638.0,1690.0,1779.0,1882.0,지역발전특별회계,2018,행정안전부,1877.0
광역교통시설건설,166.0,219.0,549.0,605.0,628.0,958.0,959.0,985.0,1011.0,1036.0,1049.0,1263.0,행정중심복합도시건설특별회계,2018,행정중심복합도시건설청,1506.0
중앙행정기관 건립,0.0,0.0,26.0,94.0,134.0,216.0,223.0,252.0,280.0,290.0,312.0,521.0,행정중심복합도시건설특별회계,2018,행정중심복합도시건설청,623.0
하수처리시설 확충(농특),30.0,159.0,306.0,404.0,534.0,566.0,567.0,591.0,616.0,653.0,701.0,783.0,농어촌구조개선특별회계,2018,환경부,783.0
자동차배출가스 관리,325.0,1219.0,1384.0,2110.0,2686.0,2900.0,3564.0,3583.0,3583.0,3584.0,4034.0,4034.0,에너지및자원사업특별회계,2018,환경부,4034.0
상수도시설확충 및 관리,0.0,337.0,1147.0,2202.0,2596.0,2983.0,3173.0,3457.0,3597.0,4521.0,4704.0,4791.0,지역발전특별회계,2018,환경부,4763.0
수질개선기반구축,0.0,0.0,177.0,264.0,677.0,802.0,802.0,862.0,1025.0,1161.0,1386.0,1386.0,지역발전특별회계,2018,환경부,1437.0
자연환경 보전 및 관리,0.0,0.0,222.0,338.0,338.0,389.0,485.0,485.0,485.0,547.0,547.0,547.0,지역발전특별회계,2018,환경부,547.0
국립공원,0.0,932.0,935.0,935.0,935.0,935.0,935.0,938.0,938.0,947.0,947.0,949.0,환경개선특별회계,2018,환경부,952.0
기타 오염원 관리,0.0,28.0,67.0,392.0,449.0,512.0,584.0,605.0,719.0,948.0,997.0,1067.0,환경개선특별회계,2018,환경부,1109.0
대기오염물질 관리(환특),3.0,194.0,412.0,437.0,448.0,451.0,461.0,524.0,534.0,545.0,558.0,587.0,환경개선특별회계,2018,환경부,624.0
법정경비,0.0,0.0,132.0,132.0,132.0,433.0,433.0,639.0,639.0,774.0,774.0,1052.0,환경개선특별회계,2018,환경부,1137.0
산업폐수 관리,68.0,86.0,212.0,276.0,361.0,446.0,524.0,533.0,655.0,733.0,926.0,1049.0,환경개선특별회계,2018,환경부,1165.0
생태계보전·복원,1.0,278.0,407.0,438.0,440.0,452.0,463.0,472.0,482.0,502.0,516.0,555.0,환경개선특별회계,2018,환경부,580.0
수도권 및 수도권외 대기개선,2.0,600.0,910.0,1340.0,1390.0,1632.0,1652.0,1850.0,1872.0,2076.0,2097.0,2136.0,환경개선특별회계,2018,환경부,2185.0
수질개선기반구축,111.0,374.0,470.0,499.0,534.0,563.0,600.0,681.0,746.0,784.0,804.0,962.0,환경개선특별회계,2018,환경부,1161.0
식수원 개발 관리,1.0,50.0,57.0,161.0,171.0,594.0,654.0,664.0,709.0,765.0,773.0,926.0,환경개선특별회계,2018,환경부,1029.0
유해화학물질 관리,4.0,75.0,134.0,209.0,225.0,339.0,383.0,436.0,445.0,457.0,492.0,553.0,환경개선특별회계,2018,환경부,596.0
재활용 및 처리시설 설치,103.0,125.0,257.0,666.0,697.0,931.0,1009.0,1077.0,1128.0,1232.0,1260.0,1359.0,환경개선특별회계,2018,환경부,1338.0
재활용산업육성,476.0,476.0,676.0,776.0,976.0,1126.0,1126.0,1284.0,1284.0,1284.0,1284.0,1284.0,환경개선특별회계,2018,환경부,1284.0
출연사업,305.0,1229.0,1229.0,1374.0,1374.0,1374.0,1472.0,1472.0,1472.0,1520.0,1520.0,1520.0,환경개선특별회계,2018,환경부,1520.0
출연사업(자연),1057.0,1057.0,1057.0,1694.0,1694.0,1694.0,2240.0,2240.0,2240.0,2279.0,2348.0,2360.0,환경개선특별회계,2018,환경부,2292.0
토양 지하수 관리,0.0,203.0,458.0,533.0,544.0,547.0,575.0,585.0,587.0,595.0,597.0,612.0,환경개선특별회계,2018,환경부,630.0
하수관거정비(환특),497.0,1184.0,2584.0,3797.0,4819.0,5441.0,5576.0,5905.0,6254.0,6477.0,7678.0,8203.0,환경개선특별회계,2018,환경부,8325.0
하수처리시설 확충(환특),534.0,1083.0,1932.0,3108.0,3650.0,4129.0,4261.0,4524.0,4776.0,5020.0,6558.0,6831.0,환경개선특별회계,2018,환경부,6833.0
환경기술개발(환특),0.0,436.0,451.0,1080.0,1242.0,1242.0,1255.0,1255.0,1276.0,1276.0,1276.0,1276.0,환경개선특별회계,2018,환경부,1276.0
환경보건정책 추진,21.0,155.0,392.0,412.0,465.0,471.0,473.0,478.0,506.0,509.0,512.0,529.0,환경개선특별회계,2018,환경부,590.0
환경시험연구,191.0,215.0,226.0,247.0,269.0,306.0,339.0,374.0,390.0,416.0,442.0,547.0,환경개선특별회계,2018,환경부,647.0
환경기초시설(금강),49.0,104.0,172.0,227.0,276.0,304.0,360.0,398.0,451.0,479.0,561.0,606.0,금강수계관리기금,2018,환경부,608.0
환경기초시설(낙동강),96.0,229.0,376.0,530.0,659.0,774.0,928.0,1034.0,1142.0,1268.0,1459.0,1592.0,낙동강수계관리기금,2018,환경부,1528.0
주민지원사업(한강),108.0,149.0,238.0,341.0,420.0,504.0,545.0,576.0,612.0,647.0,576.0,576.0,한강수계관리기금,2018,환경부,719.0
토지매수및수변구역관리(한강),149.0,246.0,286.0,379.0,459.0,585.0,691.0,791.0,976.0,1051.0,791.0,791.0,한강수계관리기금,2018,환경부,1189.0
환경기초시설(한강),104.0,314.0,508.0,687.0,855.0,1122.0,1263.0,1425.0,1611.0,1775.0,1425.0,1425.0,한강수계관리기금,2018,환경부,2018.0
경비경찰역량강화,80.0,112.0,203.0,254.0,299.0,469.0,457.0,485.0,559.0,611.0,661.0,862.0,일반회계,2017,경찰청,889.0
경찰장비현대화,93.0,192.0,342.0,490.0,616.0,1120.0,1330.0,1519.0,1714.0,1793.0,2252.0,2456.0,일반회계,2017,경찰청,2533.0
교통사고예방,182.0,484.0,558.0,677.0,807.0,1053.0,1057.0,1118.0,1299.0,1474.0,1512.0,1642.0,일반회계,2017,경찰청,1634.0
범죄수사,153.0,247.0,456.0,537.0,580.0,757.0,761.0,784.0,876.0,908.0,918.0,955.0,일반회계,2017,경찰청,960.0
일반행정업무지원,437.0,875.0,1844.0,2176.0,2608.0,3281.0,3252.0,3576.0,4026.0,4352.0,4703.0,5244.0,일반회계,2017,경찰청,5302.0
고용지원인프라운영,3.0,12.0,23.0,37.0,52.0,79.0,101.0,121.0,167.0,183.0,233.0,393.0,일반회계,2017,고용노동부,530.0
대상별취업지원,256.0,527.0,836.0,1092.0,1384.0,1660.0,1927.0,2093.0,2260.0,2410.0,2563.0,2865.0,일반회계,2017,고용노동부,3300.0
사회적기업육성,119.0,119.0,205.0,377.0,443.0,463.0,490.0,490.0,490.0,510.0,545.0,549.0,일반회계,2017,고용노동부,550.0
한국산업인력공단출연,87.0,206.0,299.0,406.0,499.0,671.0,671.0,747.0,823.0,899.0,975.0,1084.0,일반회계,2017,고용노동부,1084.0
한국폴리텍대학출연,159.0,319.0,478.0,625.0,773.0,1042.0,1042.0,1163.0,1284.0,1405.0,1526.0,1634.0,일반회계,2017,고용노동부,1647.0
사회적기업육성,0.0,78.0,176.0,444.0,450.0,530.0,530.0,590.0,590.0,590.0,658.0,728.0,지역발전특별회계,2017,고용노동부,728.0
고령자고용촉진지원,103.0,169.0,335.0,518.0,601.0,642.0,764.0,860.0,910.0,1010.0,1064.0,1082.0,고용보험기금,2017,고용노동부,936.0
고용유지지원금,60.0,60.0,90.0,140.0,140.0,300.0,300.0,300.0,400.0,451.0,601.0,518.0,고용보험기금,2017,고용노동부,850.0
고용창출지원사업,12.0,55.0,113.0,162.0,217.0,268.0,306.0,380.0,434.0,475.0,582.0,597.0,고용보험기금,2017,고용노동부,678.0
고용촉진지원금,471.0,740.0,1141.0,1295.0,1563.0,1898.0,2088.0,2089.0,2087.0,2096.0,2286.0,2427.0,고용보험기금,2017,고용노동부,2616.0
사업주능력개발지원금,300.0,705.0,804.0,1154.0,1654.0,2754.0,3054.0,3491.0,4227.0,4669.0,5313.0,5719.0,고용보험기금,2017,고용노동부,4946.0
실업급여,160.0,300.0,551.0,751.0,921.0,1121.0,1322.0,1522.0,1722.0,1822.0,1972.0,2145.0,고용보험기금,2017,고용노동부,1142.0
실업자및근로자능력개발지원,630.0,1030.0,1561.0,2131.0,2833.0,3783.0,4203.0,4699.0,5454.0,5782.0,6119.0,6340.0,고용보험기금,2017,고용노동부,6523.0
일·가정양립지원,223.0,403.0,626.0,709.0,930.0,1249.0,1349.0,1496.0,1511.0,1658.0,1880.0,2117.0,고용보험기금,2017,고용노동부,2283.0
중소기업 청년취업 인턴제,88.0,108.0,205.0,236.0,301.0,367.0,428.0,470.0,517.0,526.0,579.0,658.0,고용보험기금,2017,고용노동부,1085.0
중소기업능력개발지원,0.0,945.0,1845.0,1845.0,1845.0,2100.0,2100.0,2100.0,2100.0,2100.0,2600.0,2313.0,고용보험기금,2017,고용노동부,3353.0
지역고용촉진지원,72.0,363.0,409.0,1070.0,1145.0,1192.0,1244.0,1265.0,1276.0,1278.0,1286.0,1290.0,고용보험기금,2017,고용노동부,1310.0
한국산업인력공단능력개발사업지원,165.0,404.0,571.0,854.0,1008.0,1332.0,1332.0,1498.0,1665.0,1806.0,1894.0,1996.0,고용보험기금,2017,고용노동부,2105.0
한국폴리텍대학능력개발사업지원,98.0,196.0,280.0,418.0,516.0,688.0,695.0,777.0,856.0,927.0,1024.0,1102.0,고용보험기금,2017,고용노동부,1103.0
근로자생활안정대부(융자),100.0,200.0,300.0,400.0,464.0,580.0,650.0,770.0,840.0,900.0,950.0,968.0,근로복지진흥기금,2017,고용노동부,1000.0
장애인고용장려금,100.0,337.0,528.0,637.0,785.0,863.0,1016.0,1226.0,1307.0,1420.0,1561.0,1641.0,장애인고용촉진및직업재활기금,2017,고용노동부,1561.0
국가과학기술연구회 소속 출연연구기관 지원,321.0,643.0,964.0,1196.0,1429.0,1662.0,1775.0,1895.0,2065.0,2218.0,2309.0,2394.0,에너지및자원사업특별회계,2017,과학기술정보통신부,2394.0
보험영업활성화,159.0,188.0,320.0,355.0,396.0,396.0,339.0,440.0,592.0,647.0,700.0,795.0,우체국보험특별회계,2017,과학기술정보통신부,807.0
우체국예금안정적운영,142.0,205.0,309.0,373.0,429.0,429.0,403.0,505.0,735.0,818.0,896.0,993.0,우체국예금특별회계,2017,과학기술정보통신부,1012.0
국제우편사업활성화,27.0,171.0,883.0,956.0,1172.0,1172.0,1170.0,1366.0,1632.0,1723.0,1840.0,2156.0,우편사업특별회계,2017,과학기술정보통신부,2606.0
보편적서비스제고를위한창구망운영,75.0,131.0,199.0,252.0,303.0,303.0,336.0,398.0,560.0,605.0,659.0,725.0,우편사업특별회계,2017,과학기술정보통신부,751.0
우편소통품질향상,407.0,660.0,1218.0,1492.0,1606.0,1606.0,1682.0,2082.0,2881.0,3053.0,3291.0,3703.0,우편사업특별회계,2017,과학기술정보통신부,3331.0
과학기술인 복지향상,400.0,400.0,443.0,443.0,447.0,447.0,447.0,447.0,447.0,447.0,447.0,511.0,일반회계,2017,과학기술정보통신부,536.0
국가과학기술연구회 소속 출연연구기관 지원,1466.0,2888.0,4455.0,5784.0,6808.0,7929.0,8765.0,9478.0,10328.0,10825.0,11227.0,11786.0,일반회계,2017,과학기술정보통신부,11804.0
국제과학비즈니스벨트조성,0.0,1204.0,1251.0,1268.0,1295.0,1350.0,1423.0,1497.0,2189.0,2496.0,2671.0,2872.0,일반회계,2017,과학기술정보통신부,2984.0
글로벌전문기술(일반회계),4.0,20.0,20.0,50.0,483.0,483.0,483.0,483.0,659.0,733.0,733.0,733.0,일반회계,2017,과학기술정보통신부,733.0
기초연구기반구축사업,31.0,52.0,252.0,452.0,504.0,504.0,504.0,664.0,664.0,664.0,664.0,664.0,일반회계,2017,과학기술정보통신부,664.0
기초연구지원,254.0,4257.0,4291.0,5345.0,7240.0,7454.0,7454.0,7493.0,8018.0,8700.0,8700.0,8779.0,일반회계,2017,과학기술정보통신부,8779.0
나노·소재기술개발,0.0,362.0,426.0,483.0,558.0,625.0,625.0,726.0,746.0,746.0,746.0,746.0,일반회계,2017,과학기술정보통신부,746.0
달 탐사 사업,280.0,280.0,280.0,280.0,500.0,500.0,500.0,640.0,640.0,640.0,710.0,710.0,일반회계,2017,과학기술정보통신부,710.0
바이오·의료기술개발,0.0,680.0,884.0,2339.0,2339.0,2339.0,3091.0,3091.0,3091.0,3267.0,3267.0,3267.0,일반회계,2017,과학기술정보통신부,3267.0
방사선이용기술개발,235.0,235.0,427.0,427.0,456.0,485.0,561.0,561.0,613.0,613.0,613.0,613.0,일반회계,2017,과학기술정보통신부,613.0
신산업융합원천기술,276.0,276.0,445.0,712.0,712.0,712.0,890.0,900.0,900.0,900.0,900.0,900.0,일반회계,2017,과학기술정보통신부,900.0
에너지·환경기술개발,111.0,243.0,266.0,650.0,683.0,683.0,683.0,899.0,899.0,914.0,914.0,914.0,일반회계,2017,과학기술정보통신부,914.0
우수학생 국가장학 사업,0.0,0.0,298.0,325.0,325.0,325.0,594.0,594.0,594.0,597.0,597.0,597.0,일반회계,2017,과학기술정보통신부,597.0
우주발사체개발,1100.0,1100.0,1100.0,1700.0,1700.0,1700.0,2200.0,2200.0,2200.0,2200.0,2200.0,2200.0,일반회계,2017,과학기술정보통신부,2200.0
인공위성개발,751.0,988.0,1048.0,1048.0,1048.0,1048.0,1048.0,1048.0,1048.0,1048.0,1048.0,1048.0,일반회계,2017,과학기술정보통신부,1048.0
정보보호기반강화,95.0,189.0,284.0,357.0,431.0,505.0,554.0,571.0,587.0,609.0,681.0,720.0,일반회계,2017,과학기술정보통신부,720.0
직할출연연구기관지원,1171.0,2087.0,3141.0,3915.0,4639.0,5380.0,5861.0,6312.0,6801.0,7084.0,7362.0,7489.0,일반회계,2017,과학기술정보통신부,7497.0
첨단융합기술개발,0.0,46.0,236.0,603.0,623.0,854.0,1042.0,1680.0,1715.0,1743.0,1743.0,1743.0,일반회계,2017,과학기술정보통신부,1747.0
연구개발특구육성,0.0,422.0,422.0,708.0,743.0,743.0,987.0,987.0,987.0,1105.0,1130.0,1130.0,지역발전특별회계,2017,과학기술정보통신부,1130.0
미디어 다양성 및 공공성 확보,53.0,123.0,158.0,220.0,267.0,328.0,368.0,422.0,459.0,503.0,539.0,580.0,방송통신발전기금,2017,과학기술정보통신부,580.0
방송인프라지원,7.0,95.0,314.0,395.0,472.0,544.0,608.0,669.0,727.0,791.0,852.0,910.0,방송통신발전기금,2017,과학기술정보통신부,910.0
방송통신산업 원천기술개발(R&D),73.0,276.0,473.0,763.0,965.0,998.0,1275.0,1486.0,1503.0,1564.0,1564.0,1564.0,방송통신발전기금,2017,과학기술정보통신부,1564.0
방송통신콘텐츠진흥,2.0,11.0,96.0,145.0,156.0,381.0,431.0,450.0,470.0,518.0,527.0,527.0,방송통신발전기금,2017,과학기술정보통신부,527.0
인터넷이용환경고도화,15.0,78.0,134.0,225.0,246.0,283.0,419.0,448.0,468.0,512.0,524.0,531.0,방송통신발전기금,2017,과학기술정보통신부,556.0
출연연 연구개발지원(R&D),0.0,105.0,353.0,462.0,462.0,566.0,776.0,776.0,776.0,1045.0,1045.0,1045.0,방송통신발전기금,2017,과학기술정보통신부,1045.0
콘텐츠 진흥,0.0,198.0,202.0,202.0,318.0,318.0,352.0,535.0,535.0,535.0,592.0,592.0,방송통신발전기금,2017,과학기술정보통신부,592.0
원자력및방사선안전기반구축,0.0,173.0,254.0,335.0,417.0,498.0,555.0,612.0,668.0,725.0,786.0,844.0,원자력기금,2017,과학기술정보통신부,845.0
원자력연구개발사업,0.0,0.0,376.0,376.0,376.0,802.0,817.0,817.0,1211.0,1211.0,1262.0,1536.0,원자력기금,2017,과학기술정보통신부,1536.0
기술확산지원,82.0,82.0,82.0,437.0,437.0,437.0,649.0,649.0,649.0,649.0,649.0,649.0,정보통신진흥기금,2017,과학기술정보통신부,649.0
인력양성(정진기금),0.0,181.0,240.0,241.0,250.0,292.0,507.0,507.0,507.0,507.0,507.0,507.0,정보통신진흥기금,2017,과학기술정보통신부,507.0
정보통신기업성장지원(일반),14.0,50.0,132.0,191.0,207.0,265.0,367.0,430.0,463.0,475.0,495.0,506.0,정보통신진흥기금,2017,과학기술정보통신부,506.0
정보통신산업융합원천기술,88.0,199.0,443.0,997.0,1022.0,1158.0,1566.0,1566.0,1663.0,1708.0,1708.0,1827.0,정보통신진흥기금,2017,과학기술정보통신부,1827.0
유아교육비 보육료 지원,4598.0,9195.0,13793.0,18128.0,22463.0,26798.0,31002.0,32205.0,33705.0,35622.0,37539.0,39409.0,유아교육지원특별회계,2017,교육부,39409.0
BK21 플러스사업,0.0,1862.0,2119.0,2119.0,2119.0,2119.0,2170.0,2985.0,2985.0,2985.0,2985.0,2985.0,일반회계,2017,교육부,2985.0
교육급여,510.0,510.0,515.0,886.0,886.0,898.0,898.0,898.0,898.0,898.0,910.0,1006.0,일반회계,2017,교육부,1282.0
국립대학 교육기반조성,0.0,77.0,250.0,339.0,474.0,542.0,574.0,596.0,609.0,617.0,620.0,630.0,일반회계,2017,교육부,627.0
국립대학 시설확충,378.0,673.0,1666.0,2104.0,2511.0,3155.0,3433.0,3676.0,3954.0,4114.0,4512.0,4924.0,일반회계,2017,교육부,4974.0
국립대학법인 운영 지원,1584.0,1584.0,1656.0,2335.0,2335.0,2335.0,3919.0,3950.0,3950.0,4629.0,4629.0,4629.0,일반회계,2017,교육부,4629.0
국립대학병원 여건개선,0.0,0.0,113.0,118.0,158.0,206.0,233.0,263.0,325.0,345.0,472.0,532.0,일반회계,2017,교육부,533.0
대학교육 역량 강화,0.0,0.0,647.0,1819.0,1999.0,1999.0,2094.0,2094.0,2905.0,2905.0,2905.0,2905.0,일반회계,2017,교육부,2905.0
대학자율역량 강화,1.0,47.0,123.0,529.0,562.0,568.0,770.0,774.0,799.0,799.0,802.0,804.0,일반회계,2017,교육부,804.0
맞춤형 국가장학금 지원,0.0,11308.0,11308.0,21727.0,21727.0,21727.0,36710.0,36710.0,36710.0,36710.0,39225.0,39225.0,일반회계,2017,교육부,39450.0
보통교부금,41725.0,87246.0,136296.0,168596.0,206696.0,247695.0,286695.0,326848.0,339695.0,379695.0,412992.0,412992.0,일반회계,2017,교육부,412992.0
이공학학술연구조성,0.0,80.0,80.0,1712.0,1735.0,1735.0,1982.0,1982.0,1982.0,3864.0,3864.0,3864.0,일반회계,2017,교육부,3864.0
인문사회학술연구 조성,0.0,152.0,158.0,220.0,424.0,892.0,2212.0,2212.0,2212.0,2524.0,2524.0,2524.0,일반회계,2017,교육부,2524.0
특별교부금,4373.0,5774.0,5774.0,11285.0,11763.0,12189.0,12637.0,12872.0,12872.0,13030.0,14693.0,14693.0,일반회계,2017,교육부,14693.0
한국장학재단 출연,0.0,308.0,902.0,1016.0,1016.0,1016.0,1016.0,1550.0,1550.0,1550.0,1800.0,1975.0,일반회계,2017,교육부,2517.0
대학교육 역량 강화,0.0,0.0,521.0,521.0,521.0,521.0,691.0,744.0,744.0,744.0,744.0,744.0,지역발전특별회계,2017,교육부,744.0
산학협력 선도 전문대학 육성,0.0,0.0,0.0,0.0,0.0,0.0,0.0,808.0,808.0,808.0,808.0,808.0,지역발전특별회계,2017,교육부,888.0
산학협력 선도대학(LINC) 육성,0.0,0.0,194.0,194.0,210.0,210.0,2560.0,2560.0,2560.0,2602.0,2602.0,2602.0,지역발전특별회계,2017,교육부,2602.0
지방대학육성사업,0.0,0.0,1277.0,1277.0,1277.0,1301.0,1301.0,1301.0,1799.0,1799.0,1799.0,1799.0,지역발전특별회계,2017,교육부,1799.0
특성화 전문대학 육성,0.0,0.0,937.0,937.0,1937.0,2007.0,2007.0,2007.0,2675.0,2675.0,2675.0,2675.0,지역발전특별회계,2017,교육부,2675.0
사학시설자금융자,0.0,24.0,87.0,148.0,166.0,310.0,310.0,353.0,663.0,861.0,901.0,1115.0,사학진흥기금,2017,교육부,1115.0
행복기숙사지원사업,0.0,75.0,321.0,370.0,370.0,613.0,613.0,614.0,614.0,650.0,650.0,677.0,사학진흥기금,2017,교육부,1018.0
국립묘지조성및관리,12.0,16.0,20.0,26.0,130.0,209.0,223.0,335.0,344.0,356.0,366.0,493.0,일반회계,2017,국가보훈처,563.0
군시설이전사업,9.0,131.0,356.0,607.0,809.0,1281.0,1316.0,1354.0,1549.0,1565.0,1656.0,2086.0,국방·군사시설이전특별회계,2017,국방부,2750.0
간부주거시설,12.0,151.0,1492.0,1572.0,1651.0,3215.0,3227.0,3250.0,4519.0,4547.0,4605.0,6123.0,일반회계,2017,국방부,6484.0
과학화훈련,41.0,61.0,113.0,162.0,190.0,271.0,277.0,292.0,303.0,351.0,368.0,571.0,일반회계,2017,국방부,669.0
교육시설,22.0,121.0,188.0,342.0,399.0,722.0,720.0,752.0,800.0,827.0,907.0,1363.0,일반회계,2017,국방부,1667.0
교육용탄약,106.0,224.0,555.0,745.0,931.0,1533.0,1596.0,1791.0,1960.0,2089.0,2257.0,2946.0,일반회계,2017,국방부,2954.0
국방정책지원,39.0,112.0,272.0,333.0,393.0,559.0,590.0,642.0,717.0,771.0,831.0,1005.0,일반회계,2017,국방부,1111.0
국방통합데이터센터 운영,67.0,72.0,112.0,210.0,217.0,342.0,351.0,354.0,400.0,485.0,507.0,578.0,일반회계,2017,국방부,568.0
군의무,50.0,107.0,315.0,494.0,610.0,909.0,966.0,1060.0,1175.0,1248.0,1340.0,1566.0,일반회계,2017,국방부,1632.0
급식비,321.0,1473.0,4088.0,5184.0,5762.0,9373.0,9710.0,9728.0,11220.0,12502.0,13880.0,15842.0,일반회계,2017,국방부,15855.0
물자획득,20.0,148.0,565.0,734.0,923.0,1429.0,1509.0,1627.0,1799.0,1911.0,2086.0,2628.0,일반회계,2017,국방부,2791.0
병영기본시설,14.0,312.0,549.0,619.0,744.0,1345.0,1360.0,1398.0,1511.0,1543.0,1656.0,2231.0,일반회계,2017,국방부,2574.0
수송활동,44.0,115.0,212.0,265.0,320.0,393.0,411.0,444.0,469.0,500.0,540.0,630.0,일반회계,2017,국방부,625.0
시설유지운영,52.0,200.0,477.0,707.0,1056.0,1946.0,2059.0,2274.0,2632.0,2778.0,3064.0,3857.0,일반회계,2017,국방부,4086.0
연료확보,158.0,719.0,1583.0,2105.0,2595.0,3423.0,3434.0,3744.0,4138.0,4535.0,5005.0,6127.0,일반회계,2017,국방부,5918.0
예비전력유지,21.0,72.0,109.0,134.0,162.0,257.0,251.0,270.0,310.0,330.0,384.0,475.0,일반회계,2017,국방부,501.0
일반시설개선,406.0,1081.0,1852.0,2303.0,2975.0,5456.0,5513.0,5674.0,6142.0,6311.0,6671.0,9180.0,일반회계,2017,국방부,10500.0
장비유지,352.0,900.0,1924.0,2751.0,3342.0,5742.0,6069.0,6440.0,6841.0,7276.0,8078.0,11333.0,일반회계,2017,국방부,12097.0
장비획득,7.0,104.0,595.0,920.0,1143.0,1781.0,1875.0,1981.0,2297.0,2383.0,2631.0,3335.0,일반회계,2017,국방부,3617.0
정보통신체계운영,156.0,415.0,883.0,1137.0,1276.0,1965.0,2158.0,2239.0,2355.0,2607.0,2775.0,3359.0,일반회계,2017,국방부,3591.0
주한미군 방위비분담금,139.0,320.0,2331.0,2620.0,4177.0,5722.0,6951.0,7182.0,7620.0,7744.0,8112.0,9022.0,일반회계,2017,국방부,10126.0
탄약관리,3.0,31.0,146.0,212.0,266.0,471.0,493.0,568.0,620.0,663.0,713.0,948.0,일반회계,2017,국방부,980.0
피복비,426.0,812.0,1241.0,1558.0,1917.0,2502.0,2813.0,2978.0,3273.0,3638.0,4046.0,5293.0,일반회계,2017,국방부,5483.0
훈련 및 교육 지원,29.0,61.0,118.0,139.0,162.0,245.0,259.0,302.0,343.0,361.0,397.0,479.0,일반회계,2017,국방부,547.0
미군기지이전사업,71.0,87.0,478.0,607.0,736.0,1328.0,1436.0,1509.0,1655.0,1840.0,1990.0,2619.0,주한미군기지이전특별회계,2017,국방부,3755.0
미군기지이전지원,2.0,6.0,9.0,10.0,10.0,20.0,22.0,30.0,37.0,38.0,41.0,364.0,주한미군기지이전특별회계,2017,국방부,610.0
국방대학교 이전,77.0,97.0,181.0,259.0,312.0,348.0,406.0,408.0,415.0,419.0,420.0,455.0,혁신도시건설특별회계,2017,국방부,507.0
장병복지향상,40.0,110.0,188.0,283.0,371.0,521.0,635.0,765.0,926.0,1014.0,1180.0,1500.0,군인복지기금,2017,국방부,1703.0
전세자금융자,0.0,27.0,74.0,86.0,106.0,146.0,199.0,254.0,320.0,358.0,412.0,451.0,군인복지기금,2017,국방부,520.0
고속도로건설,990.0,2069.0,5377.0,5747.0,5747.0,10339.0,10883.0,11383.0,11883.0,11883.0,11883.0,13512.0,교통시설특별회계,2017,국토교통부,13512.0
고속철도건설,0.0,0.0,354.0,354.0,354.0,504.0,504.0,504.0,504.0,654.0,810.0,810.0,교통시설특별회계,2017,국토교통부,810.0
도로병목지점 개선,44.0,90.0,326.0,349.0,425.0,698.0,721.0,752.0,833.0,858.0,908.0,1327.0,교통시설특별회계,2017,국토교통부,1744.0
도로보수(총액계상),3.0,102.0,1101.0,1351.0,1735.0,4579.0,4708.0,4989.0,5959.0,6204.0,6594.0,9182.0,교통시설특별회계,2017,국토교통부,10107.0
도로안전 및 환경개선(총액계상),3.0,15.0,200.0,240.0,368.0,995.0,1023.0,1082.0,1268.0,1299.0,1378.0,1877.0,교통시설특별회계,2017,국토교통부,2012.0
물류간선1차,38.0,177.0,269.0,287.0,314.0,471.0,474.0,501.0,533.0,529.0,577.0,780.0,교통시설특별회계,2017,국토교통부,867.0
민자유치사업지원,29.0,1337.0,3914.0,3960.0,4024.0,7978.0,8064.0,8076.0,8622.0,8629.0,8956.0,11461.0,교통시설특별회계,2017,국토교통부,11630.0
시관내국도대체우회도로건설,147.0,516.0,1110.0,1283.0,1332.0,1839.0,1850.0,1886.0,2002.0,2004.0,2048.0,2536.0,교통시설특별회계,2017,국토교통부,3088.0
위험도로개선,37.0,66.0,228.0,264.0,286.0,424.0,450.0,470.0,554.0,570.0,600.0,876.0,교통시설특별회계,2017,국토교통부,1174.0
일반국도건설,1069.0,2596.0,5111.0,5390.0,6004.0,8884.0,9051.0,9336.0,9913.0,10107.0,10590.0,13579.0,교통시설특별회계,2017,국토교통부,14638.0
일반국도조사설계,0.0,48.0,165.0,170.0,185.0,344.0,348.0,351.0,362.0,367.0,372.0,474.0,교통시설특별회계,2017,국토교통부,636.0
일반철도건설,7516.0,7516.0,14996.0,17379.0,29689.0,29749.0,31868.0,32938.0,32988.0,37966.0,43721.0,43750.0,교통시설특별회계,2017,국토교통부,44010.0
지역간선국도5차,138.0,549.0,684.0,759.0,830.0,1068.0,1130.0,1148.0,1259.0,1279.0,1328.0,1617.0,교통시설특별회계,2017,국토교통부,1893.0
지역간선국도6차,105.0,445.0,766.0,782.0,807.0,1269.0,1286.0,1300.0,1402.0,1434.0,1549.0,2051.0,교통시설특별회계,2017,국토교통부,2276.0
지역간선국도7차,38.0,341.0,734.0,752.0,823.0,1182.0,1198.0,1234.0,1357.0,1445.0,1520.0,1983.0,교통시설특별회계,2017,국토교통부,2016.0
지역간선국도8차,238.0,805.0,1651.0,1703.0,1728.0,2191.0,2213.0,2258.0,2435.0,2502.0,2582.0,3209.0,교통시설특별회계,2017,국토교통부,3561.0
지하철건설지원,0.0,0.0,78.0,78.0,223.0,263.0,263.0,263.0,668.0,986.0,1425.0,1545.0,교통시설특별회계,2017,국토교통부,1685.0
철도기술연구,0.0,356.0,356.0,682.0,682.0,910.0,910.0,910.0,978.0,978.0,978.0,978.0,교통시설특별회계,2017,국토교통부,998.0
철도시설공단지원,200.0,396.0,396.0,792.0,792.0,792.0,792.0,792.0,792.0,792.0,792.0,1131.0,교통시설특별회계,2017,국토교통부,1131.0
철도운영지원(교특),0.0,0.0,497.0,817.0,817.0,817.0,817.0,1183.0,1183.0,1183.0,1421.0,1421.0,교통시설특별회계,2017,국토교통부,1421.0
첨단도로교통체계,158.0,306.0,497.0,497.0,510.0,510.0,550.0,550.0,550.0,590.0,590.0,593.0,교통시설특별회계,2017,국토교통부,594.0
건설기술혁신(R&D),0.0,268.0,418.0,688.0,688.0,736.0,769.0,769.0,769.0,769.0,769.0,769.0,일반회계,2017,국토교통부,769.0
광역상수도건설출자,0.0,100.0,223.0,257.0,321.0,441.0,441.0,567.0,567.0,567.0,675.0,786.0,일반회계,2017,국토교통부,674.0
교통물류연구,0.0,399.0,399.0,399.0,550.0,550.0,550.0,550.0,550.0,550.0,550.0,550.0,일반회계,2017,국토교통부,550.0
국가하천정비지원,450.0,1505.0,3546.0,3742.0,3951.0,6574.0,6651.0,6732.0,7066.0,7122.0,7300.0,8521.0,일반회계,2017,국토교통부,8665.0
국토교통기술역량강화(R&D),43.0,252.0,530.0,570.0,693.0,746.0,753.0,753.0,753.0,753.0,754.0,755.0,일반회계,2017,국토교통부,757.0
국토지형관리,6.0,64.0,346.0,367.0,444.0,575.0,601.0,638.0,681.0,687.0,755.0,876.0,일반회계,2017,국토교통부,1027.0
도시건축연구,67.0,605.0,715.0,715.0,715.0,740.0,740.0,740.0,740.0,740.0,740.0,740.0,일반회계,2017,국토교통부,740.0
부동산공시,0.0,397.0,443.0,505.0,560.0,584.0,607.0,629.0,685.0,708.0,755.0,787.0,일반회계,2017,국토교통부,788.0
주거환경개선지원,0.0,0.0,0.0,84.0,84.0,84.0,311.0,334.0,334.0,392.0,392.0,395.0,일반회계,2017,국토교통부,504.0
주택가격조사지원,0.0,113.0,233.0,256.0,424.0,440.0,442.0,446.0,466.0,481.0,486.0,518.0,일반회계,2017,국토교통부,534.0
주택정책지원,929.0,2528.0,3516.0,4191.0,4950.0,5664.0,6368.0,6857.0,7603.0,8160.0,8817.0,9410.0,일반회계,2017,국토교통부,9416.0
지방하천정비지원,0.0,1178.0,2897.0,2897.0,3442.0,4245.0,4245.0,4245.0,4708.0,5214.0,5876.0,6126.0,일반회계,2017,국토교통부,5787.0
철도안전(일반),0.0,2.0,1909.0,2595.0,3485.0,4635.0,4787.0,5637.0,5978.0,6135.0,7329.0,7906.0,일반회계,2017,국토교통부,7895.0
철도운영지원(일반),0.0,0.0,0.0,0.0,0.0,0.0,0.0,2666.0,2666.0,2666.0,2962.0,2962.0,일반회계,2017,국토교통부,2962.0
치수능력증대사업,0.0,90.0,180.0,212.0,212.0,394.0,521.0,521.0,521.0,521.0,549.0,549.0,일반회계,2017,국토교통부,549.0
개발제한구역지원,2.0,773.0,774.0,966.0,970.0,1211.0,1211.0,1343.0,1360.0,1415.0,1415.0,1440.0,지역발전특별회계,2017,국토교통부,1441.0
광역도로,258.0,258.0,258.0,258.0,300.0,314.0,369.0,436.0,436.0,559.0,742.0,769.0,지역발전특별회계,2017,국토교통부,769.0
광역철도건설지원,0.0,0.0,0.0,1344.0,1344.0,2841.0,2841.0,2841.0,2842.0,2842.0,3583.0,5533.0,지역발전특별회계,2017,국토교통부,6024.0
국가지원지방도건설,2975.0,3005.0,3037.0,3043.0,3042.0,3834.0,3834.0,3836.0,3838.0,3839.0,4626.0,4656.0,지역발전특별회계,2017,국토교통부,4721.0
대중교통지원(경제),171.0,171.0,171.0,173.0,225.0,231.0,240.0,432.0,432.0,782.0,784.0,851.0,지역발전특별회계,2017,국토교통부,864.0
대중교통지원(생활),0.0,103.0,253.0,320.0,338.0,399.0,427.0,440.0,447.0,507.0,617.0,736.0,지역발전특별회계,2017,국토교통부,736.0
도시활력증진지역개발,0.0,0.0,301.0,615.0,715.0,885.0,1083.0,1149.0,1208.0,1477.0,1501.0,1508.0,지역발전특별회계,2017,국토교통부,1512.0
산업단지진입도로지원,26.0,185.0,980.0,1082.0,1230.0,1872.0,1939.0,2020.0,2209.0,2331.0,2409.0,3718.0,지역발전특별회계,2017,국토교통부,4694.0
성장촉진지역개발,0.0,333.0,832.0,1157.0,1222.0,1370.0,1439.0,1471.0,1489.0,1589.0,1939.0,2218.0,지역발전특별회계,2017,국토교통부,2293.0
주차환경개선지원,0.0,0.0,190.0,190.0,218.0,295.0,360.0,390.0,415.0,518.0,518.0,544.0,지역발전특별회계,2017,국토교통부,544.0
지역거점조성지원,0.0,0.0,141.0,407.0,407.0,607.0,676.0,708.0,768.0,768.0,923.0,940.0,지역발전특별회계,2017,국토교통부,974.0
자동차사고피해지원,0.0,0.0,0.0,0.0,0.0,0.0,0.0,0.0,0.0,508.0,566.0,566.0,자동차사고피해지원기금,2017,국토교통부,716.0
공공임대주택지원(융자),1957.0,3509.0,5814.0,8458.0,11150.0,13779.0,15824.0,18296.0,21860.0,23460.0,26297.0,31599.0,주택도시기금,2017,국토교통부,27281.0
다가구매입임대(융자),18.0,18.0,4001.0,4001.0,4001.0,4055.0,4055.0,4055.0,5481.0,6350.0,5923.0,5975.0,주택도시기금,2017,국토교통부,5725.0
분양주택지원(융자),143.0,242.0,390.0,651.0,1456.0,1915.0,2109.0,2212.0,3090.0,3306.0,3533.0,4866.0,주택도시기금,2017,국토교통부,3828.0
임대주택지원,0.0,1159.0,8402.0,8701.0,8798.0,9823.0,10383.0,10827.0,12891.0,14449.0,14979.0,20187.0,주택도시기금,2017,국토교통부,33968.0
주택구입ㆍ전세자금(융자),9525.0,17593.0,25469.0,32306.0,39876.0,49707.0,63072.0,77556.0,93757.0,102512.0,110052.0,119581.0,주택도시기금,2017,국토교통부,92674.0
주택신보출연,99.0,191.0,274.0,365.0,453.0,545.0,633.0,725.0,818.0,908.0,1003.0,1094.0,주택도시기금,2017,국토교통부,1148.0
행복주택(융자),38.0,119.0,3396.0,3465.0,4427.0,4427.0,4427.0,4491.0,4902.0,5458.0,6101.0,10673.0,주택도시기금,2017,국토교통부,13807.0
청사,262.0,490.0,678.0,1020.0,1264.0,1506.0,1862.0,2015.0,2138.0,2242.0,2390.0,2790.0,국유재산관리기금,2017,기획재정부,4019.0
가축방역(농특),0.0,351.0,378.0,397.0,786.0,789.0,800.0,812.0,1134.0,1144.0,1167.0,1393.0,농어촌구조개선특별회계,2017,농림축산식품부,1208.0
농식품기술개발,234.0,560.0,962.0,973.0,973.0,1281.0,1339.0,1608.0,1686.0,1688.0,1741.0,1747.0,농어촌구조개선특별회계,2017,농림축산식품부,1747.0
농업시설개선(농특),494.0,2469.0,3584.0,3584.0,3584.0,4094.0,4267.0,4715.0,5004.0,5004.0,5104.0,5388.0,농어촌구조개선특별회계,2017,농림축산식품부,7598.0
농촌지역개발(농특),1.0,179.0,412.0,458.0,535.0,620.0,628.0,691.0,698.0,771.0,811.0,836.0,농어촌구조개선특별회계,2017,농림축산식품부,864.0
다목적 용수개발,365.0,2073.0,2073.0,2073.0,2833.0,3243.0,3368.0,3463.0,3737.0,3737.0,3797.0,3952.0,농어촌구조개선특별회계,2017,농림축산식품부,5732.0
대단위농업개발 및 시설정비,43.0,232.0,464.0,464.0,549.0,655.0,694.0,819.0,867.0,867.0,867.0,949.0,농어촌구조개선특별회계,2017,농림축산식품부,1440.0
이차보전,0.0,0.0,907.0,910.0,1103.0,1479.0,1678.0,1889.0,1889.0,1891.0,1893.0,2097.0,농어촌구조개선특별회계,2017,농림축산식품부,3024.0
재해예방(농특),94.0,683.0,1436.0,1436.0,1586.0,1760.0,1773.0,2198.0,2506.0,2506.0,2573.0,2688.0,농어촌구조개선특별회계,2017,농림축산식품부,3991.0
친환경농자재,0.0,0.0,985.0,1019.0,1418.0,1438.0,1438.0,1939.0,2258.0,2267.0,2267.0,2267.0,농어촌구조개선특별회계,2017,농림축산식품부,2267.0
양곡매입 및 관리,534.0,1246.0,2391.0,2801.0,3609.0,4480.0,5220.0,5231.0,5709.0,5908.0,5978.0,5995.0,양곡관리특별회계,2017,농림축산식품부,5926.0
농어촌공사시설관리,0.0,0.0,461.0,461.0,461.0,928.0,928.0,928.0,1237.0,1237.0,1237.0,1547.0,일반회계,2017,농림축산식품부,1547.0
농업기반정비,0.0,351.0,490.0,490.0,690.0,1040.0,1140.0,1220.0,1420.0,1420.0,1420.0,1548.0,지역발전특별회계,2017,농림축산식품부,1889.0
농촌자원 복합산업화지원,0.0,639.0,639.0,639.0,639.0,883.0,963.0,1099.0,1249.0,1299.0,1299.0,1403.0,지역발전특별회계,2017,농림축산식품부,1708.0
일반농산어촌개발,0.0,332.0,1413.0,2512.0,4181.0,5937.0,5967.0,6537.0,7117.0,7393.0,7748.0,9699.0,지역발전특별회계,2017,농림축산식품부,11685.0
농산물수출촉진,5.0,263.0,268.0,277.0,547.0,547.0,559.0,559.0,610.0,610.0,826.0,826.0,농산물가격안정기금,2017,농림축산식품부,826.0
농산물유통개선(농안기금),0.0,7.0,184.0,203.0,319.0,449.0,461.0,486.0,575.0,580.0,634.0,707.0,농산물가격안정기금,2017,농림축산식품부,775.0
"산지유통활성화(농안,융자)",0.0,0.0,2697.0,2697.0,4302.0,5141.0,5296.0,5207.0,5218.0,5325.0,5386.0,5457.0,농산물가격안정기금,2017,농림축산식품부,5893.0
소비지유통활성화,0.0,200.0,378.0,378.0,400.0,434.0,446.0,461.0,461.0,475.0,496.0,534.0,농산물가격안정기금,2017,농림축산식품부,534.0
"농지은행(농지,융자)",0.0,858.0,2507.0,3331.0,4297.0,4849.0,5171.0,5458.0,5747.0,5880.0,6183.0,5904.0,농지관리기금,2017,농림축산식품부,6243.0
대단위농업개발(농지),0.0,85.0,403.0,1016.0,1363.0,2029.0,2054.0,2094.0,2487.0,2497.0,2639.0,2893.0,농지관리기금,2017,농림축산식품부,2891.0
과수및원예경쟁력제고,0.0,0.0,681.0,1048.0,1321.0,1351.0,1437.0,1584.0,1715.0,1722.0,1751.0,1858.0,자유무역협정이행지원기금,2017,농림축산식품부,2021.0
축사시설현대화(FTA),0.0,3.0,396.0,474.0,637.0,733.0,749.0,1041.0,1041.0,1048.0,1150.0,1547.0,자유무역협정이행지원기금,2017,농림축산식품부,1549.0
축산기술보급,0.0,77.0,128.0,130.0,210.0,343.0,344.0,409.0,429.0,453.0,491.0,510.0,축산발전기금,2017,농림축산식품부,524.0
축산물수급관리,68.0,197.0,260.0,458.0,601.0,674.0,779.0,946.0,997.0,1103.0,1242.0,1286.0,축산발전기금,2017,농림축산식품부,1003.0
축산물위생안전성(축발),109.0,116.0,186.0,318.0,318.0,331.0,415.0,416.0,416.0,495.0,505.0,507.0,축산발전기금,2017,농림축산식품부,503.0
축산업경쟁력제고,1500.0,1502.0,1606.0,3150.0,3303.0,3435.0,4178.0,4239.0,4257.0,4295.0,4806.0,5204.0,축산발전기금,2017,농림축산식품부,5291.0
친환경축산(축발),15.0,15.0,584.0,839.0,1132.0,1272.0,1302.0,1343.0,1525.0,1585.0,1594.0,1891.0,축산발전기금,2017,농림축산식품부,2164.0
농업공동연구,25.0,133.0,347.0,499.0,586.0,843.0,876.0,912.0,975.0,1006.0,1076.0,1186.0,일반회계,2017,농촌진흥청,1193.0
차세대바이오그린21,0.0,104.0,290.0,292.0,299.0,443.0,449.0,454.0,468.0,477.0,492.0,513.0,일반회계,2017,농촌진흥청,515.0
축산연구(책임운영),8.0,28.0,59.0,106.0,150.0,225.0,253.0,279.0,348.0,385.0,465.0,628.0,일반회계,2017,농촌진흥청,974.0
"지역농촌지도사업활성화지원(지특,생활)",62.0,144.0,205.0,245.0,245.0,325.0,325.0,325.0,365.0,445.0,511.0,525.0,지역발전특별회계,2017,농촌진흥청,525.0
국제교류및세계유산등재,286.0,324.0,338.0,338.0,366.0,366.0,525.0,538.0,539.0,544.0,550.0,561.0,일반회계,2017,문화재청,562.0
문화재보수정비,0.0,1747.0,1747.0,1747.0,1747.0,2845.0,2845.0,2845.0,2845.0,2845.0,2845.0,2845.0,일반회계,2017,문화재청,2845.0
문화중심도시조성,3.0,166.0,187.0,195.0,198.0,223.0,366.0,409.0,410.0,412.0,474.0,511.0,아시아문화중심도시조성특별회계,2017,문화체육관광부,515.0
국립박물관 운영,16.0,42.0,123.0,152.0,194.0,270.0,321.0,378.0,457.0,496.0,582.0,771.0,일반회계,2017,문화체육관광부,872.0
국립현대미술관 운영 활성화,9.0,17.0,40.0,49.0,57.0,66.0,80.0,97.0,143.0,160.0,188.0,320.0,일반회계,2017,문화체육관광부,515.0
기초예술역량강화,1.0,174.0,232.0,290.0,456.0,554.0,579.0,652.0,707.0,731.0,819.0,828.0,일반회계,2017,문화체육관광부,836.0
문화예술교육지원,0.0,496.0,668.0,700.0,858.0,888.0,963.0,1147.0,1147.0,1162.0,1197.0,1197.0,일반회계,2017,문화체육관광부,1197.0
문화예술단체지원,23.0,275.0,549.0,569.0,593.0,593.0,852.0,864.0,864.0,897.0,897.0,901.0,일반회계,2017,문화체육관광부,901.0
문화콘텐츠산업 기술지원,0.0,0.0,192.0,192.0,192.0,522.0,527.0,527.0,551.0,551.0,551.0,550.0,일반회계,2017,문화체육관광부,551.0
문화콘텐츠산업 육성,1.0,134.0,362.0,503.0,855.0,929.0,1198.0,1243.0,1279.0,1360.0,1373.0,1389.0,일반회계,2017,문화체육관광부,1401.0
문화콘텐츠산업 진흥 환경 조성,8.0,55.0,880.0,1008.0,1133.0,1163.0,1209.0,1290.0,1492.0,1535.0,1576.0,1581.0,일반회계,2017,문화체육관광부,1581.0
인문정신문화 진흥,9.0,64.0,180.0,206.0,263.0,293.0,329.0,395.0,422.0,462.0,484.0,487.0,일반회계,2017,문화체육관광부,529.0
종교문화활동 및 보존지원,6.0,26.0,241.0,278.0,325.0,345.0,385.0,444.0,486.0,512.0,591.0,600.0,일반회계,2017,문화체육관광부,813.0
해외문화홍보원 운영,149.0,175.0,193.0,252.0,281.0,335.0,456.0,472.0,578.0,587.0,632.0,845.0,일반회계,2017,문화체육관광부,972.0
관광자원개발,0.0,501.0,839.0,1033.0,1393.0,1669.0,1878.0,1974.0,2069.0,2265.0,2480.0,2669.0,지역발전특별회계,2017,문화체육관광부,2795.0
광역관광자원개발,0.0,0.0,471.0,471.0,471.0,557.0,557.0,1017.0,1086.0,1498.0,1902.0,1988.0,지역발전특별회계,2017,문화체육관광부,2047.0
문화시설확충및운영,5.0,289.0,732.0,827.0,986.0,1163.0,1231.0,1331.0,1431.0,1679.0,1830.0,1879.0,지역발전특별회계,2017,문화체육관광부,1886.0
체육진흥시설지원,0.0,156.0,465.0,663.0,782.0,831.0,831.0,1231.0,1251.0,1331.0,1511.0,1567.0,지역발전특별회계,2017,문화체육관광부,1567.0
관광사업체 융자지원,218.0,426.0,759.0,1223.0,1863.0,3570.0,3780.0,3990.0,4337.0,4562.0,5361.0,5500.0,관광진흥개발기금,2017,문화체육관광부,5500.0
관광인프라 조성,184.0,256.0,304.0,329.0,331.0,336.0,344.0,584.0,652.0,652.0,669.0,698.0,관광진흥개발기금,2017,문화체육관광부,711.0
관광자원활성화,42.0,42.0,51.0,78.0,427.0,430.0,462.0,464.0,469.0,484.0,662.0,795.0,관광진흥개발기금,2017,문화체육관광부,868.0
국내관광육성지원,99.0,279.0,295.0,319.0,320.0,332.0,402.0,466.0,667.0,697.0,736.0,803.0,관광진흥개발기금,2017,문화체육관광부,794.0
해외관광객유치활동사업,502.0,875.0,908.0,941.0,956.0,992.0,1345.0,1553.0,1638.0,1652.0,1675.0,1710.0,관광진흥개발기금,2017,문화체육관광부,1711.0
국제체육 지원,81.0,119.0,216.0,358.0,1872.0,1872.0,2064.0,2064.0,2974.0,2974.0,3085.0,3374.0,국민체육진흥기금,2017,문화체육관광부,3480.0
기금조성 기반시설 지원,65.0,75.0,81.0,83.0,133.0,133.0,313.0,313.0,313.0,313.0,328.0,553.0,국민체육진흥기금,2017,문화체육관광부,608.0
대한체육회 지원,146.0,561.0,1631.0,2428.0,2506.0,2506.0,3131.0,3131.0,3160.0,3160.0,3357.0,3572.0,국민체육진흥기금,2017,문화체육관광부,3553.0
생활체육 활성화,34.0,172.0,427.0,700.0,804.0,804.0,943.0,943.0,1121.0,1121.0,1155.0,1234.0,국민체육진흥기금,2017,문화체육관광부,1268.0
생활체육시설 지원,0.0,0.0,224.0,341.0,516.0,516.0,1144.0,1144.0,1314.0,1314.0,1576.0,1798.0,국민체육진흥기금,2017,문화체육관광부,1883.0
스포츠산업 활성화,0.0,2.0,10.0,99.0,141.0,141.0,326.0,326.0,481.0,481.0,608.0,652.0,국민체육진흥기금,2017,문화체육관광부,677.0
시도 생활체육 지원,0.0,53.0,138.0,294.0,294.0,294.0,473.0,473.0,513.0,513.0,514.0,515.0,국민체육진흥기금,2017,문화체육관광부,515.0
장애인체육 육성,37.0,83.0,194.0,346.0,392.0,392.0,564.0,564.0,600.0,600.0,624.0,624.0,국민체육진흥기금,2017,문화체육관광부,631.0
생활속예술활성화,0.0,2.0,524.0,637.0,688.0,853.0,892.0,933.0,976.0,1023.0,1054.0,1061.0,문화예술진흥기금,2017,문화체육관광부,1062.0
감시/정찰/정보사업,1.0,235.0,619.0,642.0,655.0,894.0,899.0,954.0,1011.0,1030.0,1278.0,1577.0,일반회계,2017,방위사업청,1961.0
국과연연구개발,524.0,897.0,2535.0,2536.0,3036.0,3606.0,3759.0,3761.0,4005.0,4774.0,4786.0,5621.0,일반회계,2017,방위사업청,5667.0
국방기술개발,786.0,1352.0,2864.0,2864.0,3645.0,4917.0,4961.0,4961.0,5089.0,6818.0,7606.0,8293.0,일반회계,2017,방위사업청,8313.0
국책 연구개발 사업,9.0,123.0,163.0,714.0,1516.0,2313.0,2320.0,3213.0,3214.0,3221.0,3827.0,3988.0,일반회계,2017,방위사업청,3991.0
기갑사업,5.0,62.0,564.0,582.0,593.0,2970.0,2988.0,3016.0,3063.0,3081.0,4321.0,4500.0,일반회계,2017,방위사업청,4514.0
기동사업,4.0,41.0,53.0,107.0,149.0,338.0,351.0,355.0,366.0,388.0,426.0,950.0,일반회계,2017,방위사업청,985.0
기술기획/품질경영,92.0,118.0,227.0,227.0,255.0,476.0,476.0,476.0,476.0,509.0,533.0,633.0,일반회계,2017,방위사업청,633.0
상륙/지원함 사업,4.0,1047.0,1140.0,1180.0,1298.0,3238.0,3312.0,3648.0,3995.0,4003.0,3873.0,5434.0,일반회계,2017,방위사업청,7813.0
양산구매 성능개량,33.0,723.0,1481.0,1583.0,1821.0,2833.0,2899.0,3128.0,3361.0,3430.0,3665.0,5029.0,일반회계,2017,방위사업청,5791.0
업체주관 연구개발,5.0,9.0,323.0,376.0,380.0,631.0,659.0,677.0,678.0,686.0,696.0,947.0,일반회계,2017,방위사업청,1029.0
연구개발 성능개량,19.0,811.0,2003.0,2186.0,2457.0,3239.0,3273.0,3535.0,3620.0,3780.0,3865.0,5202.0,일반회계,2017,방위사업청,5151.0
잠수함 사업,0.0,4.0,9.0,228.0,235.0,2784.0,2830.0,2831.0,2846.0,2850.0,2980.0,3702.0,일반회계,2017,방위사업청,5219.0
전술통제통신 사업,9.0,10.0,21.0,24.0,24.0,68.0,90.0,90.0,91.0,91.0,100.0,3558.0,일반회계,2017,방위사업청,3799.0
전투기 사업,473.0,593.0,684.0,814.0,827.0,1185.0,1211.0,1212.0,1216.0,1278.0,1279.0,1357.0,일반회계,2017,방위사업청,1680.0
전투예비탄약,0.0,13.0,13.0,13.0,13.0,559.0,1368.0,1786.0,2602.0,3008.0,3116.0,3794.0,일반회계,2017,방위사업청,3797.0
전투함 사업,0.0,80.0,1414.0,1419.0,1452.0,2780.0,2789.0,3093.0,3531.0,3800.0,3910.0,4778.0,일반회계,2017,방위사업청,6261.0
중·고고도유도무기 사업,5.0,11.0,921.0,981.0,997.0,2097.0,2140.0,2165.0,2360.0,2374.0,2423.0,2903.0,일반회계,2017,방위사업청,2861.0
지원/특수기 사업,0.0,2133.0,4094.0,4658.0,5322.0,6802.0,6824.0,6839.0,6951.0,6991.0,7306.0,8614.0,일반회계,2017,방위사업청,8981.0
포병전력사업,456.0,1603.0,4649.0,5620.0,6318.0,7387.0,7725.0,8147.0,8951.0,9571.0,10178.0,12628.0,일반회계,2017,방위사업청,12870.0
항공유도무기사업,0.0,91.0,228.0,238.0,514.0,798.0,950.0,954.0,1140.0,1148.0,1185.0,1421.0,일반회계,2017,방위사업청,2483.0
해상유도무기 사업,0.0,0.0,85.0,224.0,310.0,512.0,571.0,664.0,757.0,757.0,818.0,1175.0,일반회계,2017,방위사업청,1286.0
화생방 사업,2.0,68.0,161.0,161.0,166.0,305.0,310.0,332.0,349.0,351.0,354.0,451.0,일반회계,2017,방위사업청,512.0
검찰운영,12.0,54.0,107.0,160.0,196.0,263.0,285.0,332.0,379.0,401.0,459.0,609.0,일반회계,2017,법무부,607.0
교도소운영,24.0,39.0,103.0,129.0,167.0,260.0,321.0,359.0,427.0,456.0,498.0,592.0,일반회계,2017,법무부,596.0
재소자수용및교화,50.0,133.0,379.0,424.0,498.0,631.0,696.0,779.0,886.0,958.0,1072.0,1239.0,일반회계,2017,법무부,1175.0
가정양육수당 지원사업,1347.0,2693.0,4040.0,5264.0,6366.0,7468.0,8569.0,9671.0,10650.0,10650.0,10772.0,10772.0,일반회계,2017,보건복지부,12242.0
기초생활급여,116.0,226.0,337.0,445.0,553.0,660.0,883.0,903.0,1050.0,1062.0,1122.0,1198.0,일반회계,2017,보건복지부,1086.0
긴급복지,130.0,260.0,390.0,521.0,651.0,781.0,898.0,1014.0,1113.0,1100.0,1113.0,1113.0,일반회계,2017,보건복지부,1113.0
노인돌봄서비스,545.0,547.0,547.0,1094.0,1094.0,1094.0,1375.0,1375.0,1375.0,1660.0,1660.0,1667.0,일반회계,2017,보건복지부,1667.0
노인일자리지원,1429.0,1429.0,1429.0,2855.0,2855.0,2946.0,3884.0,3884.0,3884.0,4663.0,4663.0,4663.0,일반회계,2017,보건복지부,4664.0
드림스타트 지원,34.0,101.0,200.0,301.0,401.0,468.0,534.0,568.0,601.0,635.0,668.0,668.0,일반회계,2017,보건복지부,668.0
방과후활동지원,286.0,429.0,571.0,713.0,855.0,997.0,1096.0,1196.0,1340.0,1468.0,1470.0,1470.0,일반회계,2017,보건복지부,1471.0
보건의료연구개발,166.0,293.0,312.0,527.0,726.0,763.0,782.0,852.0,857.0,887.0,1057.0,1147.0,일반회계,2017,보건복지부,1161.0
사회복지전달체계,250.0,383.0,500.0,714.0,821.0,952.0,1174.0,1285.0,1392.0,1537.0,1604.0,1682.0,일반회계,2017,보건복지부,1730.0
어린이집 지원,928.0,2020.0,2945.0,3975.0,4900.0,5826.0,6536.0,7222.0,8292.0,8927.0,9631.0,9990.0,일반회계,2017,보건복지부,9577.0
영유아보육료지원,3919.0,7837.0,11756.0,14137.0,16519.0,18901.0,21780.0,24658.0,27537.0,29415.0,31292.0,32349.0,일반회계,2017,보건복지부,31292.0
의료급여,7198.0,13436.0,19197.0,23995.0,28793.0,33591.0,36329.0,39064.0,41799.0,43862.0,45926.0,47990.0,일반회계,2017,보건복지부,47991.0
자활지원,492.0,1512.0,1617.0,2822.0,2927.0,3043.0,3848.0,3896.0,3944.0,4123.0,4340.0,4341.0,일반회계,2017,보건복지부,4345.0
장애인복지시설지원,1146.0,1210.0,1248.0,2928.0,2957.0,2986.0,3673.0,3697.0,3708.0,4838.0,4836.0,4842.0,일반회계,2017,보건복지부,4844.0
장애인선택적복지,766.0,1495.0,2210.0,2957.0,3714.0,4424.0,4780.0,4790.0,4800.0,5305.0,5822.0,6315.0,일반회계,2017,보건복지부,6319.0
장애인일자리지원,365.0,365.0,365.0,569.0,569.0,569.0,692.0,692.0,692.0,814.0,814.0,814.0,일반회계,2017,보건복지부,814.0
정신보건시설기능보강,244.0,244.0,245.0,476.0,476.0,476.0,704.0,704.0,758.0,806.0,806.0,806.0,일반회계,2017,보건복지부,822.0
지방의료원 등 육성,110.0,240.0,253.0,291.0,303.0,356.0,429.0,453.0,469.0,480.0,480.0,557.0,일반회계,2017,보건복지부,577.0
지역자율형 사회서비스 투자사업,366.0,666.0,866.0,1097.0,1097.0,1397.0,1497.0,1547.0,1697.0,2097.0,2213.0,2213.0,지역발전특별회계,2017,보건복지부,2213.0
첨단의료복합단지조성,0.0,84.0,84.0,84.0,169.0,169.0,169.0,253.0,253.0,337.0,337.0,567.0,지역발전특별회계,2017,보건복지부,568.0
국가암관리사업지원,1.0,1.0,24.0,172.0,251.0,313.0,341.0,484.0,491.0,512.0,513.0,516.0,국민건강증진기금,2017,보건복지부,521.0
금연사업,233.0,285.0,666.0,773.0,827.0,945.0,1076.0,1192.0,1336.0,1348.0,1348.0,1451.0,국민건강증진기금,2017,보건복지부,1472.0
모자보건사업,304.0,304.0,309.0,505.0,505.0,507.0,511.0,689.0,695.0,701.0,701.0,702.0,국민건강증진기금,2017,보건복지부,704.0
보건소건강증진,292.0,298.0,298.0,592.0,595.0,597.0,738.0,738.0,738.0,863.0,865.0,874.0,국민건강증진기금,2017,보건복지부,875.0
보건의료연구개발,238.0,238.0,238.0,707.0,771.0,949.0,1029.0,1148.0,1292.0,1329.0,1567.0,1985.0,국민건강증진기금,2017,보건복지부,2016.0
예방접종관리,748.0,749.0,755.0,1709.0,1714.0,1717.0,2625.0,2627.0,2629.0,3092.0,3111.0,3126.0,국민건강증진기금,2017,보건복지부,3139.0
응급의료기관 지원,4.0,82.0,150.0,207.0,277.0,584.0,647.0,828.0,830.0,1107.0,1117.0,1244.0,응급의료기금,2017,보건복지부,1313.0
산림병해충방제(농특),3.0,857.0,932.0,964.0,1004.0,1017.0,1019.0,1055.0,1087.0,1089.0,1095.0,1121.0,농어촌구조개선특별회계,2017,산림청,1123.0
임업인정책자금 및 기술지도,0.0,16.0,88.0,234.0,305.0,421.0,501.0,540.0,596.0,619.0,667.0,858.0,농어촌구조개선특별회계,2017,산림청,858.0
청정임산물이용증진(농특),0.0,0.0,157.0,299.0,301.0,308.0,601.0,608.0,620.0,620.0,620.0,621.0,농어촌구조개선특별회계,2017,산림청,621.0
탄소흡수원확충(농특),154.0,575.0,1207.0,1755.0,2366.0,2595.0,2958.0,3208.0,3316.0,3342.0,3391.0,3500.0,농어촌구조개선특별회계,2017,산림청,3512.0
국유재산 및 산지관리(일반),23.0,56.0,166.0,244.0,297.0,453.0,460.0,483.0,519.0,533.0,583.0,646.0,일반회계,2017,산림청,664.0
산림복지서비스증진(일반),12.0,51.0,144.0,196.0,219.0,282.0,332.0,338.0,376.0,385.0,401.0,544.0,일반회계,2017,산림청,593.0
산림복지시설 조성 및 운영(일반),2.0,37.0,110.0,132.0,138.0,235.0,282.0,331.0,353.0,369.0,582.0,601.0,일반회계,2017,산림청,681.0
산림재해방지(일반),1.0,1887.0,2122.0,2295.0,2328.0,2643.0,2700.0,2718.0,2735.0,2823.0,2843.0,2941.0,일반회계,2017,산림청,2956.0
산림헬기 운영,9.0,23.0,130.0,214.0,224.0,237.0,252.0,260.0,300.0,336.0,378.0,501.0,일반회계,2017,산림청,523.0
"산림경영자원육성(지특,경제)",0.0,1.0,184.0,243.0,266.0,325.0,329.0,338.0,453.0,468.0,527.0,637.0,지역발전특별회계,2017,산림청,651.0
"산림경영자원육성(지특,생활)",45.0,209.0,359.0,509.0,525.0,684.0,764.0,814.0,884.0,994.0,1024.0,1066.0,지역발전특별회계,2017,산림청,1066.0
"산림휴양녹색공간조성(지특,생활)",109.0,150.0,369.0,617.0,778.0,778.0,1078.0,1078.0,1228.0,1318.0,1655.0,1655.0,지역발전특별회계,2017,산림청,1655.0
가스안전관리,80.0,246.0,347.0,410.0,475.0,598.0,631.0,694.0,727.0,774.0,807.0,807.0,에너지및자원사업특별회계,2017,산업통상자원부,813.0
광물자원개발융자,0.0,0.0,0.0,0.0,0.0,0.0,0.0,202.0,202.0,202.0,202.0,337.0,에너지및자원사업특별회계,2017,산업통상자원부,1000.0
광해관리공단,800.0,1588.0,1767.0,1921.0,1921.0,1921.0,1921.0,1921.0,1921.0,1921.0,1921.0,1921.0,에너지및자원사업특별회계,2017,산업통상자원부,1921.0
석유비축,0.0,0.0,0.0,230.0,230.0,460.0,460.0,460.0,460.0,460.0,460.0,657.0,에너지및자원사업특별회계,2017,산업통상자원부,657.0
에너지수요기술,3.0,740.0,742.0,990.0,1117.0,1261.0,1268.0,1325.0,2011.0,2016.0,2016.0,2016.0,에너지및자원사업특별회계,2017,산업통상자원부,2016.0
에너지이용합리화,0.0,254.0,336.0,345.0,393.0,654.0,655.0,685.0,831.0,832.0,840.0,840.0,에너지및자원사업특별회계,2017,산업통상자원부,843.0
에너지이용효율향상(융자),200.0,700.0,1200.0,1700.0,1900.0,2100.0,2100.0,2800.0,3000.0,3200.0,3500.0,3500.0,에너지및자원사업특별회계,2017,산업통상자원부,3500.0
공공기술개발,0.0,0.0,30.0,1090.0,1090.0,1107.0,1139.0,1139.0,1169.0,1292.0,1292.0,1292.0,일반회계,2017,산업통상자원부,1292.0
국제협력(일반회계),26.0,92.0,98.0,365.0,365.0,365.0,448.0,448.0,448.0,557.0,557.0,557.0,일반회계,2017,산업통상자원부,557.0
다부처기술개발,0.0,127.0,165.0,295.0,467.0,467.0,492.0,492.0,492.0,535.0,535.0,535.0,일반회계,2017,산업통상자원부,535.0
대한무역투자진흥공사,701.0,767.0,1405.0,1915.0,2061.0,2113.0,2113.0,2115.0,2798.0,2798.0,2872.0,3040.0,일반회계,2017,산업통상자원부,3040.0
미래성장동력,42.0,165.0,358.0,368.0,463.0,494.0,544.0,611.0,611.0,681.0,681.0,681.0,일반회계,2017,산업통상자원부,681.0
산업기술기반구축,125.0,246.0,656.0,1069.0,1069.0,1653.0,1677.0,2031.0,2051.0,2101.0,2249.0,2261.0,일반회계,2017,산업통상자원부,2261.0
소재부품산업글로벌전문기술개발,91.0,91.0,91.0,310.0,310.0,441.0,461.0,461.0,558.0,558.0,566.0,566.0,일반회계,2017,산업통상자원부,566.0
소재부품산업핵심기술개발,1128.0,1128.0,1243.0,2538.0,2973.0,2973.0,3364.0,3364.0,4080.0,4080.0,4155.0,4155.0,일반회계,2017,산업통상자원부,4155.0
시스템산업글로벌전문기술개발,0.0,305.0,372.0,372.0,372.0,372.0,461.0,461.0,461.0,483.0,526.0,526.0,일반회계,2017,산업통상자원부,526.0
시스템산업핵심기술개발,749.0,1328.0,1617.0,2550.0,2738.0,2799.0,2828.0,3085.0,3124.0,3302.0,3370.0,3382.0,일반회계,2017,산업통상자원부,3416.0
우수기술역량강화,477.0,477.0,477.0,760.0,760.0,1240.0,1240.0,1240.0,1240.0,1276.0,1276.0,1276.0,일반회계,2017,산업통상자원부,1276.0
인력양성(R&D),0.0,636.0,636.0,636.0,636.0,636.0,636.0,636.0,636.0,636.0,636.0,636.0,일반회계,2017,산업통상자원부,636.0
중견기업역량강화,0.0,180.0,301.0,322.0,322.0,381.0,440.0,440.0,440.0,589.0,589.0,589.0,일반회계,2017,산업통상자원부,589.0
창의산업글로벌전문기술개발,0.0,0.0,38.0,378.0,378.0,391.0,391.0,506.0,590.0,625.0,625.0,625.0,일반회계,2017,산업통상자원부,625.0
창의산업핵심기술개발,0.0,223.0,384.0,569.0,1196.0,1257.0,1449.0,1449.0,1505.0,1543.0,1543.0,1543.0,일반회계,2017,산업통상자원부,1543.0
표준화및인증(일반회계),0.0,164.0,180.0,190.0,461.0,500.0,500.0,505.0,541.0,541.0,541.0,541.0,일반회계,2017,산업통상자원부,541.0
경제자유구역지원,1.0,66.0,220.0,265.0,275.0,346.0,346.0,346.0,484.0,620.0,620.0,622.0,지역발전특별회계,2017,산업통상자원부,623.0
외국인투자유치활성화,0.0,0.0,135.0,263.0,315.0,317.0,317.0,318.0,397.0,398.0,451.0,565.0,지역발전특별회계,2017,산업통상자원부,571.0
지역산업거점기관지원,150.0,512.0,512.0,811.0,1020.0,1390.0,1445.0,1589.0,1932.0,1972.0,1982.0,1982.0,지역발전특별회계,2017,산업통상자원부,1987.0
지역산업경쟁력강화,365.0,1045.0,1236.0,2726.0,2937.0,2937.0,3007.0,3007.0,3007.0,3007.0,3287.0,4527.0,지역발전특별회계,2017,산업통상자원부,4752.0
지역투자유치활성화,12.0,35.0,293.0,293.0,293.0,560.0,560.0,560.0,999.0,999.0,1100.0,1191.0,지역발전특별회계,2017,산업통상자원부,1341.0
지역특성화산업육성,0.0,0.0,214.0,330.0,466.0,566.0,616.0,616.0,686.0,736.0,736.0,820.0,지역발전특별회계,2017,산업통상자원부,820.0
중저준위방사성폐기물관리,76.0,199.0,296.0,369.0,465.0,525.0,631.0,719.0,797.0,859.0,926.0,926.0,방사성폐기물관리기금,2017,산업통상자원부,920.0
한국원자력환경공단지원,130.0,171.0,203.0,282.0,301.0,313.0,459.0,515.0,524.0,552.0,570.0,570.0,방사성폐기물관리기금,2017,산업통상자원부,570.0
산업기술진흥및사업화촉진,0.0,125.0,252.0,339.0,435.0,495.0,568.0,628.0,638.0,652.0,722.0,832.0,산업기술진흥및사업화촉진기금,2017,산업통상자원부,832.0
기반구축,37.0,41.0,159.0,174.0,359.0,389.0,400.0,453.0,620.0,630.0,641.0,653.0,전력산업기반기금,2017,산업통상자원부,653.0
농어촌전기공급지원(기금),0.0,386.0,386.0,386.0,386.0,496.0,496.0,776.0,776.0,776.0,1171.0,1171.0,전력산업기반기금,2017,산업통상자원부,1171.0
발전소주변지역지원(기금),0.0,0.0,832.0,1726.0,1726.0,1726.0,1953.0,1953.0,2021.0,2021.0,2036.0,2402.0,전력산업기반기금,2017,산업통상자원부,2446.0
신재생에너지금융지원,0.0,120.0,211.0,249.0,253.0,449.0,469.0,528.0,528.0,561.0,880.0,880.0,전력산업기반기금,2017,산업통상자원부,660.0
신재생에너지보급(기금),360.0,786.0,1426.0,1934.0,2393.0,2985.0,3421.0,3851.0,4059.0,4425.0,4428.0,5045.0,전력산업기반기금,2017,산업통상자원부,4496.0
전기안전관리(기금),0.0,332.0,332.0,521.0,521.0,714.0,714.0,848.0,848.0,848.0,848.0,1008.0,전력산업기반기금,2017,산업통상자원부,975.0
전력공급기술,115.0,757.0,976.0,1480.0,1544.0,2040.0,2040.0,2040.0,2273.0,2273.0,2949.0,2949.0,전력산업기반기금,2017,산업통상자원부,2949.0
전력수요기술,0.0,272.0,375.0,375.0,790.0,794.0,794.0,829.0,902.0,902.0,902.0,902.0,전력산업기반기금,2017,산업통상자원부,902.0
새만금개발사업지원,85.0,307.0,307.0,354.0,356.0,442.0,442.0,446.0,516.0,522.0,544.0,652.0,일반회계,2017,새만금개발청,661.0
식의약품 안전 연구개발,118.0,303.0,334.0,358.0,430.0,475.0,499.0,528.0,557.0,576.0,602.0,772.0,일반회계,2017,식품의약품안전처,821.0
아이돌봄지원,310.0,310.0,310.0,503.0,503.0,503.0,505.0,738.0,738.0,862.0,865.0,868.0,일반회계,2017,여성가족부,868.0
청소년시설확충,0.0,0.0,152.0,263.0,263.0,304.0,404.0,444.0,484.0,564.0,625.0,625.0,지역발전특별회계,2017,여성가족부,625.0
다문화가족지원,172.0,285.0,289.0,489.0,492.0,494.0,625.0,625.0,632.0,699.0,700.0,706.0,양성평등기금,2017,여성가족부,709.0
한부모가족지원(기금),145.0,247.0,344.0,462.0,552.0,646.0,716.0,767.0,822.0,897.0,956.0,963.0,양성평등기금,2017,여성가족부,963.0
청소년 사회안전망구축,109.0,256.0,261.0,306.0,459.0,474.0,486.0,543.0,580.0,606.0,669.0,670.0,청소년육성기금,2017,여성가족부,670.0
글로벌 프로그램,170.0,283.0,623.0,834.0,1067.0,1412.0,1507.0,1571.0,1776.0,1877.0,1993.0,2108.0,일반회계,2017,외교부,2108.0
아시아 및 태평양지역 국가원조,136.0,280.0,473.0,594.0,697.0,918.0,1002.0,1059.0,1136.0,1207.0,1215.0,1354.0,일반회계,2017,외교부,1354.0
아프리카지역 국가원조,97.0,171.0,184.0,238.0,305.0,369.0,396.0,429.0,435.0,466.0,500.0,559.0,일반회계,2017,외교부,566.0
전자여권발급및서비스개선(수입대체경비),49.0,122.0,238.0,347.0,479.0,583.0,689.0,719.0,881.0,909.0,1004.0,1132.0,일반회계,2017,외교부,890.0
기술개발지원(R&D),66.0,314.0,1293.0,2358.0,3564.0,4128.0,5036.0,5956.0,6558.0,6558.0,6753.0,6853.0,일반회계,2017,중소벤처기업부,6853.0
중견기업역량강화(R&D),0.0,209.0,310.0,310.0,310.0,495.0,701.0,701.0,701.0,701.0,701.0,701.0,일반회계,2017,중소벤처기업부,701.0
중소기업수출역량강화,0.0,0.0,482.0,554.0,687.0,790.0,850.0,850.0,1048.0,1048.0,1048.0,1048.0,일반회계,2017,중소벤처기업부,1048.0
중소기업인력양성및취업촉진,0.0,299.0,468.0,616.0,662.0,676.0,789.0,791.0,792.0,792.0,793.0,794.0,일반회계,2017,중소벤처기업부,794.0
중소기업해외시장개척지원,0.0,1.0,157.0,244.0,245.0,393.0,455.0,513.0,514.0,544.0,555.0,571.0,일반회계,2017,중소벤처기업부,571.0
창업활성화지원,208.0,971.0,1063.0,1193.0,1200.0,1887.0,2065.0,2067.0,2603.0,2763.0,2816.0,2839.0,일반회계,2017,중소벤처기업부,2840.0
창조경제기반조성,295.0,396.0,407.0,561.0,577.0,577.0,740.0,740.0,740.0,740.0,742.0,745.0,일반회계,2017,중소벤처기업부,752.0
"산학연협력기술개발(지특, R&D)",392.0,392.0,392.0,916.0,916.0,916.0,1308.0,1308.0,1308.0,1308.0,1308.0,1308.0,지역발전특별회계,2017,중소벤처기업부,1308.0
전통시장및중소유통물류기반조성(지특),0.0,231.0,331.0,431.0,431.0,511.0,561.0,621.0,711.0,781.0,803.0,803.0,지역발전특별회계,2017,중소벤처기업부,804.0
지역산업경쟁력강화,73.0,1859.0,1859.0,2224.0,2224.0,2224.0,2224.0,2399.0,2504.0,2504.0,2504.0,1264.0,지역발전특별회계,2017,중소벤처기업부,1038.0
창업인프라지원(지특),0.0,214.0,214.0,214.0,214.0,214.0,214.0,214.0,214.0,457.0,457.0,531.0,지역발전특별회계,2017,중소벤처기업부,531.0
소상공인지원(기금),11.0,11.0,268.0,583.0,685.0,749.0,753.0,953.0,1022.0,1022.0,1108.0,1107.0,소상공인시장진흥기금,2017,중소벤처기업부,1138.0
소상공인지원융자(기금),1414.0,4220.0,7436.0,9696.0,11259.0,11929.0,13117.0,13138.0,13134.0,13138.0,14702.0,16325.0,소상공인시장진흥기금,2017,중소벤처기업부,16340.0
전통시장활성화지원(기금),0.0,0.0,643.0,996.0,1007.0,1056.0,1235.0,1655.0,2050.0,2021.0,2686.0,2737.0,소상공인시장진흥기금,2017,중소벤처기업부,2699.0
개발및특허기술사업화융자(기금),96.0,633.0,2113.0,2577.0,3369.0,4264.0,4462.0,4794.0,5525.0,5597.0,5750.0,5750.0,중소기업창업및진흥기금,2017,중소벤처기업부,5750.0
사업전환및재도약지원(기금),45.0,156.0,567.0,747.0,913.0,1394.0,1562.0,1715.0,2084.0,2182.0,2554.0,2560.0,중소기업창업및진흥기금,2017,중소벤처기업부,2559.0
성장안정자금(기금),694.0,1945.0,4085.0,4586.0,5561.0,7363.0,7900.0,7688.0,9326.0,9574.0,11765.0,12050.0,중소기업창업및진흥기금,2017,중소벤처기업부,9550.0
창업기업지원융자(기금),652.0,2625.0,6863.0,8062.0,9425.0,11927.0,12600.0,12379.0,13939.0,14451.0,16942.0,16985.0,중소기업창업및진흥기금,2017,중소벤처기업부,16990.0
투융자복합금융지원(기금),7.0,73.0,248.0,314.0,478.0,1002.0,1030.0,1103.0,1322.0,1336.0,1500.0,1500.0,중소기업창업및진흥기금,2017,중소벤처기업부,1500.0
심사·심판처리 지원,2.0,2.0,22.0,184.0,251.0,408.0,414.0,474.0,550.0,564.0,631.0,734.0,특허청,2017,특허청,765.0
보급지원,2.0,59.0,159.0,187.0,250.0,387.0,397.0,462.0,539.0,618.0,690.0,861.0,일반회계,2017,해양경찰청,868.0
함정건조,22.0,460.0,497.0,706.0,1003.0,1033.0,1035.0,1081.0,1181.0,1181.0,1184.0,1306.0,일반회계,2017,해양경찰청,1351.0
해상안전활동,19.0,77.0,130.0,144.0,166.0,219.0,271.0,314.0,403.0,428.0,449.0,547.0,일반회계,2017,해양경찰청,658.0
부산항 신항만 개발,5.0,222.0,589.0,666.0,744.0,786.0,806.0,846.0,962.0,975.0,1248.0,1551.0,교통시설특별회계,2017,해양수산부,2274.0
울산신항 개발,215.0,284.0,496.0,527.0,564.0,607.0,712.0,738.0,765.0,836.0,1139.0,1441.0,교통시설특별회계,2017,해양수산부,1530.0
인천북항 개발,12.0,17.0,137.0,158.0,215.0,215.0,216.0,219.0,254.0,255.0,554.0,609.0,교통시설특별회계,2017,해양수산부,599.0
일반항 건설,187.0,367.0,850.0,993.0,1150.0,1505.0,1616.0,1804.0,2194.0,2386.0,2705.0,3495.0,교통시설특별회계,2017,해양수산부,4115.0
주요항 건설,16.0,230.0,358.0,477.0,568.0,608.0,634.0,664.0,752.0,766.0,809.0,1240.0,교통시설특별회계,2017,해양수산부,1306.0
평택당진항 개발,8.0,45.0,60.0,98.0,138.0,175.0,187.0,213.0,259.0,267.0,309.0,380.0,교통시설특별회계,2017,해양수산부,723.0
항로표지시설 확충 및 안전관리,18.0,81.0,135.0,198.0,250.0,375.0,393.0,408.0,445.0,458.0,486.0,617.0,교통시설특별회계,2017,해양수산부,658.0
항만시설유지보수(교특),20.0,64.0,159.0,260.0,364.0,471.0,552.0,603.0,724.0,806.0,915.0,1280.0,교통시설특별회계,2017,해양수산부,1989.0
수산금융자금이차보전,64.0,130.0,190.0,261.0,327.0,397.0,466.0,515.0,608.0,681.0,757.0,855.0,농어촌구조개선특별회계,2017,해양수산부,855.0
수산자원조성,52.0,293.0,300.0,464.0,466.0,474.0,636.0,637.0,639.0,799.0,801.0,806.0,농어촌구조개선특별회계,2017,해양수산부,814.0
어항기반시설조성(농특),12.0,157.0,680.0,920.0,1196.0,1446.0,1534.0,1624.0,1843.0,1873.0,2013.0,2575.0,농어촌구조개선특별회계,2017,해양수산부,2741.0
재해대책,0.0,591.0,591.0,950.0,951.0,951.0,1343.0,1343.0,1343.0,1343.0,1343.0,1371.0,농어촌구조개선특별회계,2017,해양수산부,1344.0
친환경어업(농특),3.0,69.0,294.0,308.0,402.0,424.0,441.0,459.0,547.0,603.0,647.0,727.0,농어촌구조개선특별회계,2017,해양수산부,753.0
어업질서 확립,27.0,95.0,342.0,500.0,740.0,758.0,830.0,880.0,963.0,979.0,1068.0,1339.0,일반회계,2017,해양수산부,1652.0
연구장비개발 및 인프라구축(R&D),251.0,462.0,696.0,896.0,896.0,896.0,896.0,896.0,896.0,896.0,896.0,896.0,일반회계,2017,해양수산부,896.0
연안환경관리(일반),19.0,95.0,157.0,194.0,231.0,310.0,318.0,342.0,440.0,460.0,504.0,657.0,일반회계,2017,해양수산부,715.0
한국해양과학기술원 운영지원,472.0,472.0,472.0,886.0,886.0,886.0,1207.0,1207.0,1207.0,1524.0,1524.0,1524.0,일반회계,2017,해양수산부,1526.0
해양안전관리시스템 구축.운영(일반),49.0,282.0,382.0,445.0,473.0,875.0,944.0,1027.0,1055.0,1112.0,1151.0,1604.0,일반회계,2017,해양수산부,896.0
해양지형조사 및 정보제공,32.0,56.0,244.0,345.0,371.0,436.0,461.0,490.0,512.0,531.0,587.0,745.0,일반회계,2017,해양수산부,825.0
해운물류지원,0.0,32.0,363.0,389.0,403.0,440.0,462.0,485.0,521.0,569.0,618.0,694.0,일반회계,2017,해양수산부,743.0
어업기반정비,0.0,323.0,523.0,633.0,633.0,780.0,1030.0,1030.0,1070.0,1252.0,1420.0,1420.0,지역발전특별회계,2017,해양수산부,1420.0
일반항 건설(제주도),0.0,419.0,419.0,599.0,599.0,599.0,599.0,599.0,599.0,599.0,599.0,599.0,지역발전특별회계,2017,해양수산부,599.0
해양 및 수자원 관리,0.0,170.0,270.0,330.0,330.0,425.0,520.0,520.0,575.0,624.0,682.0,682.0,지역발전특별회계,2017,해양수산부,682.0
수산물가격안정(기금·융자),0.0,0.0,322.0,611.0,867.0,981.0,1050.0,1253.0,1623.0,1653.0,1910.0,2165.0,수산발전기금,2017,해양수산부,2169.0
수산물유통자금지원(기금),2.0,52.0,440.0,510.0,537.0,653.0,663.0,692.0,969.0,977.0,986.0,1238.0,수산발전기금,2017,해양수산부,1300.0
어업경영자금(기금),0.0,100.0,365.0,428.0,432.0,690.0,705.0,710.0,710.0,718.0,729.0,743.0,수산발전기금,2017,해양수산부,771.0
보통교부세,43621.0,85749.0,127227.0,159055.0,195020.0,231020.0,231020.0,283527.0,309599.0,375775.0,375775.0,375775.0,일반회계,2017,행정안전부,375775.0
부동산교부세,0.0,1179.0,1179.0,5046.0,5046.0,5046.0,5046.0,5046.0,5046.0,5046.0,5046.0,15328.0,일반회계,2017,행정안전부,15328.0
소방안전교부세,1147.0,1147.0,1147.0,2294.0,2294.0,2294.0,2294.0,2294.0,3441.0,3441.0,4588.0,4588.0,일반회계,2017,행정안전부,4588.0
재해위험ㆍ취약지역정비,0.0,0.0,1351.0,1951.0,2663.0,2726.0,2728.0,2728.0,3481.0,3520.0,4143.0,4247.0,일반회계,2017,행정안전부,4251.0
전자정부실행기반마련(정보화),0.0,0.0,95.0,152.0,252.0,632.0,695.0,758.0,947.0,1011.0,1074.0,1231.0,일반회계,2017,행정안전부,1263.0
정부통합전산센터운영(정보화),1.0,17.0,58.0,146.0,329.0,492.0,499.0,524.0,733.0,764.0,800.0,1246.0,일반회계,2017,행정안전부,1368.0
제3정부통합전산센터신축,0.0,1.0,1.0,2.0,15.0,15.0,15.0,17.0,32.0,33.0,33.0,65.0,일반회계,2017,행정안전부,1116.0
주한미군공여구역주변지역등지원,0.0,0.0,450.0,600.0,825.0,970.0,980.0,980.0,1080.0,1212.0,1302.0,1302.0,일반회계,2017,행정안전부,1302.0
주한미군기지이전에따른평택지원,0.0,0.0,196.0,261.0,311.0,394.0,414.0,414.0,414.0,482.0,560.0,560.0,일반회계,2017,행정안전부,560.0
특별교부세,55.0,427.0,2349.0,2414.0,2449.0,2449.0,2449.0,2818.0,4173.0,4173.0,4173.0,5811.0,일반회계,2017,행정안전부,5811.0
소하천정비,0.0,0.0,635.0,924.0,1124.0,1324.0,1324.0,1450.0,1656.0,2012.0,2055.0,2115.0,지역발전특별회계,2017,행정안전부,2115.0
특수상황지역개발,0.0,0.0,250.0,800.0,975.0,1145.0,1295.0,1445.0,1595.0,1795.0,1915.0,1974.0,지역발전특별회계,2017,행정안전부,1974.0
광역교통시설건설,264.0,273.0,473.0,484.0,486.0,773.0,782.0,787.0,920.0,1021.0,1035.0,1221.0,행정중심복합도시건설특별회계,2017,행정중심복합도시건설청,1391.0
복합커뮤니티센터 건립,5.0,57.0,154.0,183.0,241.0,390.0,391.0,419.0,545.0,550.0,595.0,721.0,행정중심복합도시건설특별회계,2017,행정중심복합도시건설청,749.0
중앙행정기관 건립,0.0,0.0,3.0,3.0,3.0,4.0,4.0,26.0,158.0,158.0,158.0,202.0,행정중심복합도시건설특별회계,2017,행정중심복합도시건설청,767.0
하수처리시설 확충(농특),0.0,181.0,355.0,391.0,500.0,635.0,701.0,741.0,817.0,870.0,997.0,1010.0,농어촌구조개선특별회계,2017,환경부,1010.0
자동차배출가스 관리,525.0,539.0,1244.0,1244.0,1444.0,1585.0,1587.0,2799.0,2873.0,2903.0,3169.0,3169.0,에너지및자원사업특별회계,2017,환경부,3169.0
상수도시설확충 및 관리,741.0,1498.0,1720.0,2060.0,2260.0,2575.0,2804.0,2943.0,3382.0,3791.0,4111.0,4397.0,지역발전특별회계,2017,환경부,4404.0
수질개선기반구축,79.0,106.0,491.0,912.0,1362.0,1424.0,1600.0,1797.0,2083.0,2227.0,2581.0,2746.0,지역발전특별회계,2017,환경부,2822.0
자연환경 보전 및 관리,0.0,52.0,138.0,187.0,218.0,218.0,218.0,218.0,398.0,398.0,478.0,515.0,지역발전특별회계,2017,환경부,515.0
국립공원,0.0,956.0,956.0,956.0,956.0,956.0,956.0,956.0,957.0,957.0,957.0,957.0,환경개선특별회계,2017,환경부,958.0
기타 오염원 관리,0.0,208.0,347.0,464.0,534.0,817.0,835.0,884.0,940.0,1025.0,1100.0,1120.0,환경개선특별회계,2017,환경부,1208.0
대기오염물질 관리(환특),1.0,72.0,401.0,412.0,418.0,426.0,432.0,449.0,474.0,478.0,491.0,523.0,환경개선특별회계,2017,환경부,528.0
법정경비,0.0,0.0,201.0,201.0,201.0,546.0,546.0,546.0,734.0,734.0,915.0,1104.0,환경개선특별회계,2017,환경부,1137.0
산업폐수 관리,50.0,147.0,327.0,427.0,774.0,825.0,830.0,835.0,914.0,1051.0,1351.0,1355.0,환경개선특별회계,2017,환경부,1465.0
생물자원 보전·관리,28.0,41.0,129.0,237.0,329.0,397.0,423.0,450.0,545.0,569.0,602.0,682.0,환경개선특별회계,2017,환경부,820.0
생태계보전·복원,222.0,299.0,403.0,407.0,419.0,429.0,431.0,444.0,453.0,468.0,481.0,514.0,환경개선특별회계,2017,환경부,531.0
생활환경관리,0.0,374.0,393.0,401.0,493.0,493.0,494.0,496.0,497.0,499.0,508.0,513.0,환경개선특별회계,2017,환경부,515.0
수도권 및 수도권외 대기개선,323.0,783.0,982.0,1083.0,1099.0,1191.0,1218.0,1224.0,1226.0,1313.0,1315.0,1329.0,환경개선특별회계,2017,환경부,1408.0
수질개선기반구축,279.0,367.0,404.0,524.0,571.0,607.0,648.0,670.0,704.0,724.0,758.0,848.0,환경개선특별회계,2017,환경부,1002.0
식수원 개발 관리,0.0,23.0,65.0,96.0,132.0,186.0,212.0,248.0,575.0,586.0,613.0,780.0,환경개선특별회계,2017,환경부,1129.0
재활용 및 처리시설 설치,142.0,211.0,449.0,951.0,979.0,1122.0,1131.0,1239.0,1271.0,1458.0,1558.0,1615.0,환경개선특별회계,2017,환경부,1607.0
재활용산업육성,0.0,225.0,640.0,760.0,950.0,950.0,1250.0,1250.0,1329.0,1329.0,1329.0,1329.0,환경개선특별회계,2017,환경부,1329.0
출연사업,303.0,423.0,543.0,643.0,872.0,962.0,1062.0,1239.0,1329.0,1372.0,1372.0,1372.0,환경개선특별회계,2017,환경부,1372.0
출연사업(자연),365.0,699.0,699.0,1291.0,1356.0,1356.0,1791.0,1791.0,1791.0,2185.0,2185.0,2185.0,환경개선특별회계,2017,환경부,2185.0
토양 지하수 관리,0.0,470.0,477.0,482.0,484.0,497.0,505.0,520.0,523.0,525.0,528.0,542.0,환경개선특별회계,2017,환경부,558.0
하수관거정비(환특),0.0,1210.0,2132.0,2950.0,4130.0,6188.0,6762.0,7188.0,7867.0,8684.0,9105.0,9142.0,환경개선특별회계,2017,환경부,9142.0
하수처리시설 확충(환특),0.0,740.0,1254.0,1876.0,2662.0,3871.0,4273.0,4555.0,5150.0,5968.0,6150.0,6174.0,환경개선특별회계,2017,환경부,6194.0
환경기술개발(환특),92.0,167.0,301.0,967.0,1102.0,1127.0,1127.0,1237.0,1256.0,1256.0,1256.0,1256.0,환경개선특별회계,2017,환경부,1256.0
환경보건정책 추진,214.0,365.0,448.0,507.0,516.0,521.0,524.0,525.0,530.0,532.0,538.0,554.0,환경개선특별회계,2017,환경부,580.0
환경산업 및 친환경제품보급기반구축,47.0,169.0,306.0,647.0,706.0,710.0,712.0,727.0,728.0,740.0,751.0,848.0,환경개선특별회계,2017,환경부,854.0
환경시험연구,196.0,222.0,239.0,253.0,291.0,339.0,375.0,405.0,426.0,441.0,470.0,621.0,환경개선특별회계,2017,환경부,682.0
환경기초시설(금강),33.0,79.0,138.0,190.0,227.0,303.0,339.0,377.0,416.0,452.0,530.0,581.0,금강수계관리기금,2017,환경부,576.0
환경기초시설(낙동강),106.0,229.0,366.0,506.0,630.0,715.0,856.0,994.0,1116.0,1263.0,1432.0,1538.0,낙동강수계관리기금,2017,환경부,1534.0
기타 수질개선지원(한강),86.0,123.0,188.0,225.0,280.0,303.0,311.0,328.0,359.0,384.0,454.0,484.0,한강수계관리기금,2017,환경부,508.0
주민지원사업(한강),139.0,183.0,233.0,318.0,413.0,481.0,521.0,561.0,600.0,640.0,682.0,704.0,한강수계관리기금,2017,환경부,704.0
토지매수및수변구역관리(한강),173.0,304.0,368.0,458.0,508.0,638.0,783.0,919.0,1069.0,1169.0,1242.0,1123.0,한강수계관리기금,2017,환경부,1242.0
환경기초시설(한강),141.0,274.0,462.0,614.0,832.0,976.0,1103.0,1268.0,1409.0,1579.0,1851.0,2016.0,한강수계관리기금,2017,환경부,1982.0
경비경찰역량강화,306.0,372.0,623.0,704.0,798.0,1192.0,1162.0,1233.0,1430.0,1546.0,1608.0,1755.0,일반회계,2016,경찰청,1783.0
경찰유무선망개선,44.0,87.0,193.0,197.0,235.0,358.0,344.0,372.0,407.0,426.0,459.0,558.0,일반회계,2016,경찰청,583.0
경찰장비현대화,51.0,101.0,211.0,324.0,528.0,1026.0,1133.0,1335.0,1539.0,1700.0,1983.0,2267.0,일반회계,2016,경찰청,2372.0
경찰정보화기반고도화(정보화),25.0,100.0,178.0,188.0,227.0,323.0,317.0,384.0,421.0,437.0,455.0,538.0,일반회계,2016,경찰청,565.0
교통사고예방,557.0,673.0,1052.0,1132.0,1234.0,1760.0,1699.0,1806.0,1960.0,2050.0,2286.0,2548.0,일반회계,2016,경찰청,2595.0
범죄수사,179.0,311.0,527.0,610.0,682.0,966.0,914.0,944.0,1040.0,1101.0,1128.0,1180.0,일반회계,2016,경찰청,1183.0
일반행정업무지원,417.0,848.0,1409.0,1777.0,2209.0,3011.0,3020.0,3343.0,3777.0,4183.0,4511.0,5007.0,일반회계,2016,경찰청,4978.0
혁신도시건설,334.0,375.0,532.0,541.0,603.0,604.0,623.0,623.0,623.0,623.0,623.0,623.0,혁신도시건설특별회계,2016,경찰청,632.0
대상별취업지원,214.0,424.0,696.0,947.0,1216.0,1493.0,1826.0,2096.0,2243.0,2395.0,2586.0,2910.0,일반회계,2016,고용노동부,3136.0
사회적기업육성,128.0,349.0,350.0,460.0,477.0,492.0,544.0,547.0,557.0,579.0,580.0,617.0,일반회계,2016,고용노동부,640.0
한국산업인력공단출연,79.0,165.0,247.0,335.0,413.0,567.0,645.0,645.0,750.0,792.0,842.0,887.0,일반회계,2016,고용노동부,887.0
한국폴리텍대학출연,167.0,334.0,501.0,668.0,835.0,1079.0,1156.0,1156.0,1270.0,1304.0,1376.0,1431.0,일반회계,2016,고용노동부,1448.0
사회적기업육성,755.0,758.0,758.0,758.0,758.0,758.0,758.0,758.0,758.0,758.0,758.0,758.0,지역발전특별회계,2016,고용노동부,758.0
고령자고용촉진지원,232.0,252.0,432.0,646.0,752.0,864.0,895.0,941.0,1062.0,1175.0,1215.0,1241.0,고용보험기금,2016,고용노동부,1430.0
고용창출지원사업,94.0,116.0,141.0,156.0,162.0,178.0,195.0,201.0,257.0,272.0,289.0,354.0,고용보험기금,2016,고용노동부,708.0
능력개발융자지원(융자),50.0,50.0,70.0,170.0,170.0,190.0,210.0,235.0,265.0,295.0,330.0,384.0,고용보험기금,2016,고용노동부,523.0
사업주능력개발지원금,600.0,1400.0,1400.0,1401.0,1681.0,2484.0,3084.0,3184.0,3584.0,4029.0,4522.0,5143.0,고용보험기금,2016,고용노동부,5263.0
세대간상생고용지원,15.0,15.0,306.0,307.0,307.0,307.0,307.0,307.0,307.0,308.0,158.0,180.0,고용보험기금,2016,고용노동부,515.0
실업자및근로자능력개발지원,750.0,1530.0,2630.0,2631.0,3073.0,3593.0,3843.0,4421.0,4571.0,4725.0,4726.0,5376.0,고용보험기금,2016,고용노동부,5797.0
일·가정양립지원,228.0,378.0,505.0,659.0,720.0,990.0,1029.0,1099.0,1286.0,1356.0,1368.0,1511.0,고용보험기금,2016,고용노동부,1553.0
중소기업 청년취업 인턴제,139.0,362.0,653.0,709.0,759.0,906.0,971.0,1141.0,1240.0,1351.0,1480.0,1798.0,고용보험기금,2016,고용노동부,1941.0
중소기업능력개발지원,0.0,750.0,1405.0,1800.0,1845.0,2105.0,2105.0,2115.0,2215.0,2310.0,2310.0,2748.0,고용보험기금,2016,고용노동부,2999.0
지역고용촉진지원,17.0,39.0,306.0,476.0,606.0,674.0,892.0,849.0,905.0,907.0,910.0,915.0,고용보험기금,2016,고용노동부,993.0
한국산업인력공단능력개발사업지원,157.0,321.0,534.0,698.0,865.0,1056.0,1176.0,1321.0,1494.0,1664.0,1744.0,1805.0,고용보험기금,2016,고용노동부,1930.0
한국폴리텍대학능력개발사업지원,107.0,213.0,335.0,440.0,529.0,619.0,698.0,815.0,903.0,1028.0,1107.0,1155.0,고용보험기금,2016,고용노동부,1158.0
근로자생활안정대부(융자),158.0,208.0,353.0,470.0,450.0,550.0,590.0,640.0,735.0,815.0,925.0,925.0,근로복지진흥기금,2016,고용노동부,1000.0
관세행정정보화,5.0,28.0,66.0,122.0,292.0,343.0,368.0,385.0,417.0,462.0,499.0,568.0,일반회계,2016,관세청,588.0
BK21 플러스사업,0.0,0.0,258.0,2261.0,2261.0,2261.0,2261.0,2982.0,2982.0,2982.0,2982.0,2982.0,일반회계,2016,교육부,2982.0
국립대학 교육기반조성,86.0,473.0,726.0,868.0,1001.0,1174.0,1287.0,1372.0,1394.0,1425.0,1435.0,1440.0,일반회계,2016,교육부,1452.0
국립대학 시설확충,119.0,490.0,991.0,1273.0,1614.0,2088.0,2536.0,2894.0,3293.0,3691.0,4309.0,4678.0,일반회계,2016,교육부,4771.0
국립대학법인 운영 지원,1593.0,1593.0,1624.0,1624.0,3217.0,3258.0,4168.0,4168.0,4199.0,4199.0,4654.0,4654.0,일반회계,2016,교육부,4654.0
국립대학병원 여건개선,0.0,5.0,210.0,210.0,341.0,349.0,349.0,427.0,433.0,473.0,515.0,587.0,일반회계,2016,교육부,587.0
국립부설학교 학력증진 지원,3.0,8.0,89.0,142.0,161.0,192.0,208.0,261.0,315.0,350.0,381.0,490.0,일반회계,2016,교육부,520.0
대학교육 역량 강화,0.0,0.0,54.0,54.0,54.0,997.0,2959.0,3215.0,3288.0,3248.0,3297.0,3297.0,일반회계,2016,교육부,3504.0
대학자율역량 강화,0.0,59.0,234.0,235.0,564.0,564.0,569.0,609.0,612.0,612.0,615.0,617.0,일반회계,2016,교육부,617.0
맞춤형 국가장학금 지원,0.0,10991.0,14051.0,20292.0,20292.0,20292.0,20292.0,20351.0,36687.0,38187.0,38946.0,38946.0,일반회계,2016,교육부,39446.0
보통교부금,54000.0,96620.0,143264.0,178309.0,216609.0,253365.0,301565.0,331565.0,350100.0,397841.0,397841.0,397841.0,일반회계,2016,교육부,397841.0
이공학학술연구조성,0.0,0.0,0.0,2390.0,2390.0,2390.0,2390.0,2390.0,2390.0,3415.0,3415.0,3415.0,일반회계,2016,교육부,3415.0
인문사회학술연구 조성,0.0,172.0,183.0,499.0,851.0,851.0,919.0,2156.0,2156.0,2476.0,2476.0,2476.0,일반회계,2016,교육부,2476.0
특별교부금,2996.0,2996.0,2996.0,5596.0,5596.0,8194.0,8194.0,8194.0,10428.0,11149.0,11149.0,12998.0,일반회계,2016,교육부,12998.0
한국장학재단 출연,0.0,0.0,0.0,0.0,560.0,560.0,560.0,841.0,841.0,841.0,896.0,1428.0,일반회계,2016,교육부,2044.0
대학교육 역량 강화,0.0,0.0,297.0,594.0,594.0,594.0,594.0,594.0,594.0,594.0,594.0,594.0,지역발전특별회계,2016,교육부,594.0
산학협력 선도대학(LINC) 육성,0.0,0.0,161.0,175.0,1175.0,2459.0,2468.0,2468.0,2468.0,2468.0,2468.0,2468.0,지역발전특별회계,2016,교육부,2468.0
지방대학육성사업,0.0,0.0,232.0,307.0,307.0,1625.0,1625.0,1625.0,2075.0,1912.0,1912.0,1912.0,지역발전특별회계,2016,교육부,2075.0
특성화 전문대학 육성,0.0,0.0,1000.0,1000.0,1600.0,2100.0,2100.0,2672.0,2672.0,2972.0,2972.0,2972.0,지역발전특별회계,2016,교육부,2972.0
사학시설자금융자,33.0,119.0,330.0,380.0,596.0,672.0,692.0,738.0,802.0,956.0,1127.0,1250.0,사학진흥기금,2016,교육부,1250.0
행복기숙사지원사업,0.0,47.0,341.0,341.0,341.0,632.0,632.0,707.0,767.0,906.0,906.0,1131.0,사학진흥기금,2016,교육부,1131.0
의료지원,922.0,1341.0,1748.0,2186.0,2594.0,3003.0,3585.0,3994.0,4401.0,4822.0,5230.0,5656.0,일반회계,2016,국가보훈처,5464.0
한국개발연구원,72.0,144.0,210.0,276.0,342.0,408.0,444.0,480.0,510.0,540.0,570.0,570.0,일반회계,2016,국무조정실 및 국무총리비서실,600.0
보급지원,90.0,159.0,219.0,292.0,371.0,386.0,527.0,539.0,598.0,690.0,752.0,929.0,일반회계,2016,국민안전처,935.0
소방안전교부세,0.0,0.0,0.0,962.0,994.0,1987.0,2074.0,2074.0,4147.0,4147.0,4147.0,4147.0,일반회계,2016,국민안전처,4147.0
재난복구지원,0.0,53.0,71.0,78.0,78.0,104.0,104.0,139.0,220.0,274.0,404.0,1329.0,일반회계,2016,국민안전처,554.0
재해위험ㆍ취약지역정비,0.0,516.0,1239.0,1654.0,1694.0,2205.0,2621.0,3353.0,3392.0,3392.0,4237.0,4238.0,일반회계,2016,국민안전처,4238.0
함정건조,589.0,1368.0,1433.0,1563.0,1975.0,1981.0,2058.0,2066.0,2070.0,2087.0,2098.0,2163.0,일반회계,2016,국민안전처,2277.0
해상안전활동,9.0,31.0,41.0,69.0,85.0,139.0,163.0,190.0,240.0,268.0,395.0,526.0,일반회계,2016,국민안전처,684.0
소하천정비,0.0,0.0,694.0,1156.0,1286.0,1517.0,1663.0,2251.0,2251.0,2519.0,2519.0,2809.0,지역발전특별회계,2016,국민안전처,2809.0
군시설이전사업,22.0,88.0,145.0,182.0,308.0,548.0,562.0,573.0,608.0,619.0,793.0,1300.0,국방·군사시설이전특별회계,2016,국방부,1782.0
간부주거시설,2.0,76.0,1415.0,1637.0,1798.0,3428.0,3458.0,3487.0,4642.0,4738.0,4848.0,6496.0,일반회계,2016,국방부,7054.0
건강보험부담금,0.0,256.0,768.0,1181.0,1217.0,1420.0,1419.0,1610.0,1718.0,2048.0,2382.0,2695.0,일반회계,2016,국방부,2694.0
과학화훈련,5.0,73.0,140.0,150.0,174.0,332.0,338.0,345.0,371.0,379.0,411.0,613.0,일반회계,2016,국방부,636.0
교육시설,18.0,154.0,315.0,391.0,504.0,871.0,900.0,934.0,1005.0,1058.0,1119.0,1461.0,일반회계,2016,국방부,1617.0
교육용탄약,177.0,310.0,409.0,529.0,789.0,1490.0,1544.0,1673.0,1800.0,1861.0,1999.0,2725.0,일반회계,2016,국방부,2780.0
국방정책지원,52.0,139.0,322.0,443.0,530.0,734.0,804.0,858.0,940.0,1033.0,1127.0,1399.0,일반회계,2016,국방부,1509.0
군의무,133.0,199.0,442.0,728.0,913.0,1247.0,1293.0,1361.0,1436.0,1557.0,1698.0,2144.0,일반회계,2016,국방부,2027.0
군인적자원개발교육,28.0,46.0,121.0,212.0,262.0,312.0,343.0,372.0,414.0,462.0,513.0,582.0,일반회계,2016,국방부,601.0
급식비,796.0,2623.0,4419.0,6093.0,7060.0,9517.0,9170.0,10044.0,11085.0,12578.0,13466.0,15788.0,일반회계,2016,국방부,15797.0
물자획득,36.0,133.0,326.0,518.0,674.0,1019.0,1122.0,1247.0,1393.0,1563.0,1708.0,2100.0,일반회계,2016,국방부,2235.0
방호시설사업,0.0,0.0,0.0,49.0,97.0,211.0,223.0,320.0,320.0,320.0,413.0,509.0,일반회계,2016,국방부,626.0
병영기본시설,26.0,284.0,599.0,720.0,856.0,1215.0,1249.0,1278.0,1425.0,1493.0,1646.0,2242.0,일반회계,2016,국방부,2571.0
부대개편사업(육군),0.0,0.0,0.0,23.0,221.0,652.0,660.0,669.0,718.0,736.0,782.0,1244.0,일반회계,2016,국방부,1450.0
수송활동,52.0,344.0,415.0,482.0,550.0,621.0,669.0,717.0,805.0,869.0,931.0,1084.0,일반회계,2016,국방부,1037.0
시설유지운영,571.0,1401.0,2441.0,2943.0,3603.0,5209.0,5358.0,5751.0,6265.0,6757.0,7369.0,8698.0,일반회계,2016,국방부,8158.0
연료확보,128.0,659.0,1162.0,1806.0,2115.0,2936.0,2777.0,2959.0,3240.0,3520.0,3979.0,4820.0,일반회계,2016,국방부,7265.0
예비전력유지,37.0,134.0,316.0,362.0,450.0,595.0,617.0,689.0,735.0,793.0,841.0,902.0,일반회계,2016,국방부,953.0
일반시설개선,38.0,762.0,1675.0,2140.0,2711.0,4621.0,4699.0,4863.0,5211.0,5472.0,5979.0,8628.0,일반회계,2016,국방부,9839.0
장비유지,203.0,1024.0,2348.0,3078.0,3826.0,7494.0,7935.0,8494.0,9270.0,10060.0,10990.0,15460.0,일반회계,2016,국방부,17068.0
장비획득,21.0,129.0,288.0,978.0,1391.0,1960.0,2070.0,2240.0,2427.0,2613.0,2782.0,3548.0,일반회계,2016,국방부,3754.0
정보통신체계운영,242.0,813.0,1254.0,1824.0,2058.0,2984.0,3041.0,3184.0,3431.0,3751.0,4180.0,5142.0,일반회계,2016,국방부,5443.0
주한미군 방위비분담금,218.0,384.0,2470.0,2787.0,4254.0,5232.0,6570.0,6718.0,6923.0,7113.0,7488.0,8685.0,일반회계,2016,국방부,9516.0
탄약관리,0.0,19.0,46.0,65.0,127.0,368.0,409.0,423.0,487.0,511.0,570.0,786.0,일반회계,2016,국방부,935.0
피복비,245.0,648.0,1044.0,1355.0,1749.0,2445.0,2552.0,2793.0,3112.0,3551.0,4014.0,4838.0,일반회계,2016,국방부,5392.0
미군기지이전사업,749.0,861.0,1286.0,1507.0,2363.0,2515.0,2623.0,2730.0,2879.0,3049.0,3206.0,4345.0,주한미군기지이전특별회계,2016,국방부,5696.0
미군기지이전지원,3.0,204.0,205.0,406.0,410.0,616.0,617.0,620.0,621.0,622.0,628.0,933.0,주한미군기지이전특별회계,2016,국방부,1118.0
국방대학교 이전,0.0,31.0,470.0,535.0,634.0,663.0,785.0,878.0,992.0,1147.0,1253.0,1346.0,혁신도시건설특별회계,2016,국방부,1853.0
장병복지향상,66.0,192.0,337.0,508.0,669.0,924.0,1069.0,1208.0,1359.0,1540.0,1750.0,2057.0,군인복지기금,2016,국방부,2219.0
전세자금융자,7.0,55.0,159.0,214.0,310.0,422.0,467.0,521.0,585.0,621.0,681.0,1133.0,군인복지기금,2016,국방부,1148.0
국세징수활동지원,180.0,251.0,423.0,474.0,552.0,747.0,793.0,850.0,991.0,1065.0,1149.0,1197.0,일반회계,2016,국세청,1214.0
국세행정 전산화(정보화),11.0,67.0,145.0,189.0,215.0,281.0,321.0,359.0,427.0,466.0,513.0,612.0,일반회계,2016,국세청,643.0
고속도로건설,0.0,1354.0,6032.0,6112.0,8312.0,10492.0,10492.0,10492.0,12242.0,12532.0,13032.0,13550.0,교통시설특별회계,2016,국토교통부,13705.0
고속철도건설,0.0,0.0,0.0,0.0,0.0,0.0,0.0,0.0,0.0,100.0,300.0,300.0,교통시설특별회계,2016,국토교통부,800.0
도로병목지점 개선,0.0,106.0,402.0,433.0,491.0,793.0,812.0,837.0,918.0,958.0,1040.0,1513.0,교통시설특별회계,2016,국토교통부,1864.0
도로보수(총액계상),0.0,119.0,1315.0,1654.0,2178.0,5089.0,5279.0,5734.0,6525.0,6866.0,7372.0,9440.0,교통시설특별회계,2016,국토교통부,10005.0
도로안전 및 환경개선(총액계상),0.0,7.0,146.0,187.0,236.0,774.0,797.0,837.0,942.0,1005.0,1103.0,1649.0,교통시설특별회계,2016,국토교통부,1835.0
물류간선1차,103.0,334.0,568.0,635.0,686.0,883.0,890.0,903.0,947.0,985.0,969.0,1135.0,교통시설특별회계,2016,국토교통부,1315.0
민자유치사업지원,785.0,2370.0,4494.0,4570.0,5684.0,9476.0,9502.0,9568.0,10211.0,10346.0,11516.0,12608.0,교통시설특별회계,2016,국토교통부,13116.0
시관내국도대체우회도로건설,100.0,353.0,680.0,713.0,783.0,1104.0,1144.0,1163.0,1266.0,1271.0,1354.0,1724.0,교통시설특별회계,2016,국토교통부,2150.0
위험도로개선,0.0,68.0,206.0,236.0,277.0,445.0,471.0,493.0,549.0,596.0,628.0,893.0,교통시설특별회계,2016,국토교통부,1142.0
일반국도건설,462.0,3016.0,5816.0,6251.0,6886.0,9490.0,9627.0,9827.0,10668.0,10875.0,11258.0,13931.0,교통시설특별회계,2016,국토교통부,14105.0
일반국도조사설계,7.0,89.0,166.0,179.0,199.0,374.0,378.0,383.0,387.0,395.0,404.0,617.0,교통시설특별회계,2016,국토교통부,719.0
일반철도건설,4700.0,7650.0,15710.0,18979.0,23280.0,31277.0,31277.0,32624.0,38357.0,39968.0,42045.0,44937.0,교통시설특별회계,2016,국토교통부,44937.0
지역간선국도3차,0.0,216.0,420.0,423.0,454.0,551.0,553.0,581.0,620.0,645.0,646.0,884.0,교통시설특별회계,2016,국토교통부,873.0
지역간선국도4차,4.0,125.0,262.0,299.0,380.0,597.0,632.0,669.0,749.0,786.0,786.0,968.0,교통시설특별회계,2016,국토교통부,873.0
지역간선국도5차,92.0,1304.0,1901.0,2131.0,2326.0,3231.0,3267.0,3305.0,3537.0,3650.0,3763.0,4534.0,교통시설특별회계,2016,국토교통부,4813.0
지역간선국도6차,162.0,945.0,1548.0,1677.0,1806.0,2366.0,2385.0,2507.0,2650.0,2681.0,2808.0,3513.0,교통시설특별회계,2016,국토교통부,4394.0
지역간선국도7차,142.0,479.0,1349.0,1428.0,1490.0,2032.0,2050.0,2101.0,2199.0,2237.0,2274.0,2696.0,교통시설특별회계,2016,국토교통부,3524.0
지역간선국도8차,119.0,1350.0,1753.0,1824.0,1910.0,2244.0,2265.0,2297.0,2455.0,2517.0,2662.0,3230.0,교통시설특별회계,2016,국토교통부,3520.0
지하철건설지원,0.0,600.0,1850.0,2178.0,2178.0,2603.0,2721.0,2721.0,2721.0,2810.0,2902.0,2902.0,교통시설특별회계,2016,국토교통부,4274.0
철도기술연구,0.0,0.0,287.0,441.0,441.0,826.0,886.0,886.0,886.0,935.0,935.0,935.0,교통시설특별회계,2016,국토교통부,945.0
철도시설공단지원,150.0,150.0,350.0,450.0,750.0,950.0,950.0,950.0,950.0,950.0,950.0,1029.0,교통시설특별회계,2016,국토교통부,1029.0
철도운영지원(교특),0.0,0.0,600.0,600.0,600.0,1000.0,1000.0,1000.0,1000.0,1000.0,1000.0,1149.0,교통시설특별회계,2016,국토교통부,1149.0
첨단도로교통체계,142.0,216.0,447.0,461.0,461.0,498.0,578.0,578.0,578.0,578.0,578.0,581.0,교통시설특별회계,2016,국토교통부,581.0
항행안전시설,1.0,120.0,365.0,373.0,384.0,414.0,443.0,476.0,511.0,543.0,570.0,682.0,교통시설특별회계,2016,국토교통부,935.0
건설기술혁신(R&D),0.0,50.0,478.0,568.0,658.0,748.0,786.0,805.0,823.0,823.0,823.0,823.0,일반회계,2016,국토교통부,823.0
광역상수도건설출자,0.0,0.0,258.0,258.0,480.0,491.0,491.0,491.0,675.0,675.0,733.0,733.0,일반회계,2016,국토교통부,738.0
국가하천정비지원,16.0,1260.0,2540.0,3959.0,4246.0,6154.0,6219.0,6767.0,7218.0,7327.0,7827.0,9358.0,일반회계,2016,국토교통부,9464.0
국토교통기술역량강화(R&D),0.0,79.0,233.0,397.0,464.0,529.0,704.0,705.0,750.0,764.0,765.0,766.0,일반회계,2016,국토교통부,768.0
국토지형관리,1.0,23.0,297.0,302.0,356.0,412.0,436.0,454.0,482.0,531.0,594.0,716.0,일반회계,2016,국토교통부,891.0
굴포천치수,0.0,670.0,670.0,670.0,670.0,670.0,670.0,670.0,670.0,670.0,670.0,670.0,일반회계,2016,국토교통부,670.0
댐건설,0.0,294.0,1126.0,1221.0,1255.0,1484.0,1687.0,1692.0,1742.0,1785.0,1788.0,1839.0,일반회계,2016,국토교통부,2100.0
도시건축연구,0.0,81.0,460.0,467.0,496.0,496.0,569.0,572.0,572.0,577.0,577.0,577.0,일반회계,2016,국토교통부,582.0
부동산공시,19.0,376.0,423.0,471.0,521.0,562.0,586.0,629.0,637.0,668.0,730.0,775.0,일반회계,2016,국토교통부,789.0
주거환경개선지원,0.0,0.0,0.0,0.0,314.0,314.0,314.0,314.0,314.0,424.0,456.0,456.0,일반회계,2016,국토교통부,810.0
주택가격조사지원,0.0,195.0,310.0,481.0,487.0,511.0,514.0,518.0,535.0,539.0,543.0,585.0,일반회계,2016,국토교통부,591.0
지방하천정비지원,0.0,1282.0,4845.0,4845.0,4845.0,5209.0,5209.0,5180.0,5656.0,6065.0,6354.0,7268.0,일반회계,2016,국토교통부,6384.0
철도안전(일반),96.0,216.0,2559.0,3021.0,3022.0,5121.0,5183.0,5500.0,6490.0,6938.0,7151.0,7927.0,일반회계,2016,국토교통부,7929.0
철도운영지원(일반),0.0,0.0,1228.0,1228.0,1228.0,2281.0,2281.0,2281.0,2982.0,2982.0,2982.0,3509.0,일반회계,2016,국토교통부,3509.0
치수능력증대사업,0.0,109.0,229.0,289.0,360.0,448.0,505.0,550.0,580.0,610.0,650.0,714.0,일반회계,2016,국토교통부,714.0
개발제한구역지원,180.0,589.0,727.0,1117.0,1130.0,1132.0,1255.0,1255.0,1255.0,1350.0,1352.0,1356.0,지역발전특별회계,2016,국토교통부,1372.0
광역도로,196.0,328.0,429.0,429.0,429.0,429.0,429.0,500.0,500.0,500.0,573.0,573.0,지역발전특별회계,2016,국토교통부,663.0
광역철도건설지원,838.0,838.0,1791.0,2554.0,2978.0,3699.0,3715.0,3715.0,3715.0,3715.0,3715.0,4910.0,지역발전특별회계,2016,국토교통부,5873.0
국가지원지방도건설,391.0,2418.0,3432.0,3444.0,3447.0,4214.0,4217.0,4217.0,4881.0,4899.0,4899.0,4930.0,지역발전특별회계,2016,국토교통부,4956.0
대중교통지원(경제),221.0,221.0,395.0,395.0,395.0,421.0,421.0,522.0,522.0,533.0,533.0,634.0,지역발전특별회계,2016,국토교통부,959.0
대중교통지원(생활),0.0,198.0,511.0,511.0,548.0,625.0,668.0,868.0,1062.0,1062.0,1101.0,1104.0,지역발전특별회계,2016,국토교통부,1152.0
도시활력증진지역개발,0.0,182.0,682.0,745.0,829.0,949.0,1005.0,1355.0,1674.0,1674.0,1674.0,1674.0,지역발전특별회계,2016,국토교통부,1734.0
산업단지진입도로지원,58.0,361.0,1276.0,1527.0,1864.0,2480.0,2595.0,2770.0,3139.0,3484.0,3870.0,4795.0,지역발전특별회계,2016,국토교통부,6677.0
성장촉진지역개발,0.0,322.0,1104.0,1104.0,1176.0,1336.0,1377.0,1826.0,2126.0,2155.0,2155.0,2256.0,지역발전특별회계,2016,국토교통부,2458.0
지역거점조성지원,0.0,120.0,291.0,291.0,511.0,511.0,630.0,700.0,850.0,920.0,920.0,920.0,지역발전특별회계,2016,국토교통부,1051.0
공공임대주택지원(융자),1907.0,2402.0,4197.0,5777.0,7158.0,8308.0,10225.0,11389.0,13598.0,15300.0,14838.0,18555.0,주택도시기금,2016,국토교통부,22010.0
국민임대주택지원(융자),194.0,240.0,758.0,891.0,1129.0,1703.0,2153.0,2520.0,3120.0,3320.0,3480.0,4157.0,주택도시기금,2016,국토교통부,7086.0
다가구매입임대(융자),2878.0,2949.0,3797.0,3797.0,3797.0,3797.0,3797.0,3797.0,3845.0,3816.0,4559.0,4825.0,주택도시기금,2016,국토교통부,4825.0
분양주택지원(융자),191.0,830.0,1228.0,2055.0,2216.0,2452.0,3288.0,3760.0,3983.0,4215.0,4399.0,5211.0,주택도시기금,2016,국토교통부,4618.0
임대주택지원,0.0,2271.0,10168.0,10168.0,12045.0,13544.0,13575.0,13575.0,15773.0,17320.0,16647.0,24224.0,주택도시기금,2016,국토교통부,25157.0
주택구입ㆍ전세자금(융자),7917.0,17895.0,27537.0,36514.0,45574.0,56408.0,64801.0,70059.0,87022.0,100544.0,97293.0,94316.0,주택도시기금,2016,국토교통부,94530.0
행복주택(융자),0.0,99.0,3198.0,3199.0,3236.0,3237.0,3237.0,3277.0,3694.0,3757.0,4040.0,6615.0,주택도시기금,2016,국토교통부,6616.0
산업은행·중소기업은행 출자,0.0,0.0,400.0,400.0,400.0,400.0,800.0,800.0,800.0,800.0,800.0,800.0,일반회계,2016,금융위원회,800.0
기상관측위성개발,3.0,10.0,682.0,688.0,712.0,723.0,730.0,733.0,738.0,742.0,747.0,767.0,일반회계,2016,기상청,771.0
경쟁력제고(농특),0.0,45.0,250.0,325.0,386.0,447.0,534.0,602.0,608.0,664.0,666.0,682.0,농어촌구조개선특별회계,2016,농림축산식품부,696.0
농산물안전성관리,20.0,28.0,112.0,139.0,180.0,277.0,286.0,301.0,345.0,363.0,402.0,501.0,농어촌구조개선특별회계,2016,농림축산식품부,509.0
농식품기술개발,43.0,117.0,695.0,727.0,1163.0,1248.0,1288.0,1538.0,1538.0,1847.0,1847.0,1937.0,농어촌구조개선특별회계,2016,농림축산식품부,1937.0
농업시설개선(농특),27.0,1917.0,2654.0,2882.0,2946.0,3255.0,3429.0,3822.0,4619.0,4619.0,4619.0,4624.0,농어촌구조개선특별회계,2016,농림축산식품부,7696.0
농촌지역개발(농특),1.0,55.0,380.0,469.0,504.0,519.0,546.0,558.0,568.0,634.0,638.0,649.0,농어촌구조개선특별회계,2016,농림축산식품부,728.0
다목적 용수개발,60.0,1510.0,1910.0,2167.0,2210.0,2430.0,2610.0,2716.0,3160.0,3160.0,3160.0,3160.0,농어촌구조개선특별회계,2016,농림축산식품부,5543.0
대단위농업개발 및 시설정비,100.0,287.0,517.0,517.0,617.0,977.0,977.0,977.0,1305.0,1305.0,1305.0,1305.0,농어촌구조개선특별회계,2016,농림축산식품부,1615.0
재해예방(농특),100.0,1113.0,1365.0,1365.0,1365.0,2745.0,2745.0,3315.0,3985.0,3985.0,4085.0,4085.0,농어촌구조개선특별회계,2016,농림축산식품부,4995.0
친환경농자재,0.0,0.0,410.0,838.0,1041.0,1042.0,1293.0,1493.0,1493.0,2284.0,2284.0,2285.0,농어촌구조개선특별회계,2016,농림축산식품부,2287.0
양곡매입 및 관리,625.0,1186.0,1714.0,2232.0,2773.0,3277.0,3824.0,4438.0,4944.0,5201.0,5377.0,5840.0,양곡관리특별회계,2016,농림축산식품부,5340.0
농어촌공사시설관리,0.0,0.0,401.0,401.0,401.0,1001.0,1001.0,1001.0,1213.0,1213.0,1213.0,1630.0,일반회계,2016,농림축산식품부,1630.0
농업기반정비,200.0,494.0,644.0,844.0,844.0,1144.0,1144.0,1394.0,1714.0,1808.0,1834.0,1834.0,지역발전특별회계,2016,농림축산식품부,2014.0
농촌자원 복합산업화지원,0.0,200.0,541.0,741.0,891.0,1191.0,1191.0,1191.0,1191.0,1541.0,1849.0,1849.0,지역발전특별회계,2016,농림축산식품부,2030.0
일반농산어촌개발,0.0,1750.0,4498.0,4948.0,5098.0,6398.0,6398.0,6698.0,10863.0,12564.0,12564.0,12564.0,지역발전특별회계,2016,농림축산식품부,14214.0
농산물유통개선(농안기금),0.0,0.0,397.0,397.0,401.0,412.0,412.0,419.0,424.0,444.0,512.0,537.0,농산물가격안정기금,2016,농림축산식품부,605.0
"산지유통활성화(농안,융자)",0.0,0.0,2150.0,2264.0,4293.0,4838.0,4957.0,4937.0,4938.0,4918.0,4935.0,5198.0,농산물가격안정기금,2016,농림축산식품부,5328.0
소비지유통활성화,0.0,210.0,773.0,781.0,930.0,1030.0,1041.0,999.0,1045.0,1069.0,1235.0,1294.0,농산물가격안정기금,2016,농림축산식품부,2167.0
식품산업육성(농안),0.0,0.0,295.0,295.0,168.0,289.0,364.0,441.0,518.0,621.0,782.0,1145.0,농산물가격안정기금,2016,농림축산식품부,1484.0
종자수급조절,0.0,2.0,14.0,16.0,18.0,20.0,58.0,59.0,73.0,410.0,413.0,520.0,농산물가격안정기금,2016,농림축산식품부,678.0
"농지은행(농지,융자)",94.0,799.0,2474.0,3126.0,3700.0,4521.0,4799.0,5106.0,5335.0,5459.0,5576.0,5578.0,농지관리기금,2016,농림축산식품부,5765.0
대단위농업개발(농지),0.0,53.0,1278.0,1358.0,1694.0,2310.0,2337.0,2378.0,2405.0,2457.0,2467.0,1906.0,농지관리기금,2016,농림축산식품부,3407.0
과수및원예경쟁력제고,0.0,177.0,548.0,548.0,803.0,979.0,979.0,982.0,1050.0,1063.0,1076.0,1169.0,자유무역협정이행지원기금,2016,농림축산식품부,1195.0
축사시설현대화(FTA),0.0,0.0,420.0,432.0,442.0,838.0,838.0,988.0,1192.0,1202.0,1222.0,1375.0,자유무역협정이행지원기금,2016,농림축산식품부,1401.0
축산기술보급,25.0,72.0,175.0,220.0,234.0,408.0,418.0,437.0,451.0,473.0,499.0,547.0,축산발전기금,2016,농림축산식품부,652.0
축산물수급관리,42.0,251.0,264.0,390.0,393.0,476.0,605.0,610.0,614.0,878.0,922.0,993.0,축산발전기금,2016,농림축산식품부,984.0
축산물위생안전성(축발),57.0,138.0,166.0,234.0,258.0,282.0,355.0,400.0,402.0,473.0,507.0,507.0,축산발전기금,2016,농림축산식품부,508.0
축산업경쟁력제고,500.0,1364.0,2434.0,3836.0,3943.0,4252.0,4582.0,4882.0,4924.0,4937.0,5114.0,5465.0,축산발전기금,2016,농림축산식품부,5743.0
친환경축산(축발),10.0,174.0,735.0,818.0,821.0,982.0,982.0,986.0,1098.0,1148.0,1164.0,1343.0,축산발전기금,2016,농림축산식품부,1731.0
농업공동연구,35.0,117.0,405.0,516.0,608.0,824.0,867.0,921.0,969.0,1024.0,1091.0,1208.0,일반회계,2016,농촌진흥청,1217.0
농업기초기반연구,11.0,34.0,80.0,119.0,166.0,240.0,268.0,314.0,357.0,388.0,439.0,511.0,일반회계,2016,농촌진흥청,513.0
원예특작연구(책임운영),9.0,30.0,67.0,106.0,156.0,259.0,283.0,321.0,357.0,403.0,435.0,497.0,일반회계,2016,농촌진흥청,500.0
차세대바이오그린21,0.0,121.0,183.0,314.0,319.0,387.0,462.0,476.0,487.0,500.0,517.0,544.0,일반회계,2016,농촌진흥청,546.0
축산연구(책임운영),9.0,27.0,85.0,118.0,151.0,207.0,241.0,280.0,333.0,420.0,472.0,646.0,일반회계,2016,농촌진흥청,913.0
"지역농촌지도사업활성화지원(지특,생활)",72.0,120.0,196.0,226.0,268.0,297.0,323.0,363.0,363.0,463.0,463.0,495.0,지역발전특별회계,2016,농촌진흥청,556.0
문화재보수정비,0.0,1950.0,1950.0,1950.0,1950.0,3050.0,3050.0,3050.0,3050.0,3050.0,3050.0,3050.0,일반회계,2016,문화재청,3050.0
문화중심도시조성,44.0,51.0,177.0,245.0,309.0,330.0,449.0,464.0,503.0,514.0,524.0,613.0,아시아문화중심도시조성특별회계,2016,문화체육관광부,653.0
국립박물관 운영,43.0,65.0,147.0,188.0,221.0,310.0,369.0,412.0,463.0,497.0,552.0,710.0,일반회계,2016,문화체육관광부,804.0
기초예술역량강화,0.0,101.0,271.0,279.0,314.0,402.0,419.0,455.0,459.0,536.0,538.0,540.0,일반회계,2016,문화체육관광부,551.0
문화예술공간조성,0.0,10.0,392.0,392.0,392.0,392.0,392.0,392.0,392.0,392.0,522.0,522.0,일반회계,2016,문화체육관광부,543.0
문화예술교육지원,0.0,580.0,585.0,756.0,879.0,879.0,999.0,1000.0,1000.0,1201.0,1201.0,1201.0,일반회계,2016,문화체육관광부,1202.0
문화예술단체지원,0.0,192.0,408.0,515.0,515.0,842.0,842.0,866.0,866.0,866.0,866.0,866.0,일반회계,2016,문화체육관광부,866.0
문화콘텐츠산업 기술지원,1.0,416.0,416.0,416.0,581.0,581.0,599.0,599.0,599.0,599.0,599.0,598.0,일반회계,2016,문화체육관광부,599.0
문화콘텐츠산업 육성,1.0,53.0,607.0,735.0,749.0,787.0,869.0,895.0,952.0,982.0,983.0,987.0,일반회계,2016,문화체육관광부,1010.0
문화콘텐츠산업 진흥 환경 조성,11.0,999.0,1178.0,1224.0,1227.0,1319.0,1407.0,1577.0,1644.0,1720.0,1802.0,1935.0,일반회계,2016,문화체육관광부,1942.0
인문정신문화 진흥,1.0,108.0,216.0,229.0,246.0,270.0,318.0,322.0,325.0,382.0,484.0,488.0,일반회계,2016,문화체육관광부,514.0
종교문화활동 및 보존지원,4.0,31.0,251.0,349.0,358.0,372.0,395.0,416.0,433.0,465.0,487.0,521.0,일반회계,2016,문화체육관광부,1188.0
해외문화홍보원 운영,158.0,190.0,265.0,287.0,348.0,362.0,468.0,504.0,519.0,565.0,588.0,727.0,일반회계,2016,문화체육관광부,879.0
관광자원개발,0.0,185.0,1176.0,1354.0,1511.0,1678.0,1827.0,2076.0,2369.0,2707.0,2707.0,2707.0,지역발전특별회계,2016,문화체육관광부,3151.0
광역관광자원개발,0.0,0.0,310.0,312.0,530.0,814.0,814.0,1193.0,1253.0,1539.0,1781.0,1965.0,지역발전특별회계,2016,문화체육관광부,2042.0
문화시설확충및운영,0.0,297.0,707.0,773.0,853.0,1000.0,1043.0,1163.0,1413.0,1553.0,1553.0,1596.0,지역발전특별회계,2016,문화체육관광부,1799.0
체육진흥시설지원,0.0,64.0,866.0,914.0,914.0,1133.0,1233.0,1383.0,1683.0,1835.0,1835.0,1835.0,지역발전특별회계,2016,문화체육관광부,2125.0
관광사업체 융자지원,30.0,467.0,796.0,1219.0,1601.0,2569.0,2882.0,3176.0,3575.0,3937.0,4482.0,5000.0,관광진흥개발기금,2016,문화체육관광부,5000.0
관광인프라 조성,62.0,66.0,103.0,125.0,221.0,253.0,282.0,340.0,340.0,438.0,460.0,519.0,관광진흥개발기금,2016,문화체육관광부,552.0
관광자원활성화,0.0,31.0,297.0,301.0,311.0,394.0,399.0,472.0,475.0,548.0,563.0,586.0,관광진흥개발기금,2016,문화체육관광부,592.0
국내관광육성지원,0.0,30.0,246.0,300.0,322.0,445.0,519.0,531.0,541.0,546.0,555.0,574.0,관광진흥개발기금,2016,문화체육관광부,596.0
해외관광객유치활동사업,332.0,399.0,752.0,752.0,779.0,931.0,1230.0,1516.0,1614.0,1698.0,1712.0,1729.0,관광진흥개발기금,2016,문화체육관광부,1741.0
국제체육 지원,0.0,71.0,1388.0,1476.0,1563.0,1660.0,1726.0,1757.0,4019.0,4029.0,4046.0,4074.0,국민체육진흥기금,2016,문화체육관광부,4095.0
대한체육회 지원,0.0,719.0,1248.0,1438.0,2510.0,3074.0,3140.0,3306.0,3357.0,3464.0,3520.0,3531.0,국민체육진흥기금,2016,문화체육관광부,3610.0
생활체육 활성화,0.0,76.0,395.0,698.0,833.0,1007.0,1095.0,1166.0,1183.0,1274.0,1291.0,1321.0,국민체육진흥기금,2016,문화체육관광부,1361.0
생활체육시설 지원,0.0,0.0,126.0,172.0,241.0,434.0,824.0,874.0,928.0,1017.0,1156.0,1364.0,국민체육진흥기금,2016,문화체육관광부,1434.0
스포츠산업 활성화,0.0,2.0,47.0,71.0,116.0,211.0,294.0,315.0,425.0,444.0,458.0,648.0,국민체육진흥기금,2016,문화체육관광부,883.0
장애인체육 육성,0.0,77.0,200.0,313.0,393.0,451.0,462.0,477.0,520.0,543.0,585.0,595.0,국민체육진흥기금,2016,문화체육관광부,595.0
생활속예술활성화,0.0,3.0,289.0,319.0,379.0,662.0,683.0,720.0,817.0,870.0,905.0,916.0,문화예술진흥기금,2016,문화체육관광부,918.0
지역문화예술진흥,0.0,0.0,308.0,352.0,359.0,369.0,393.0,441.0,461.0,493.0,495.0,503.0,문화예술진흥기금,2016,문화체육관광부,505.0
국가과학기술연구회 소속 출연연구기관 지원,433.0,876.0,1477.0,1852.0,2227.0,2649.0,2840.0,3031.0,3218.0,3377.0,3525.0,3655.0,에너지및자원사업특별회계,2016,미래창조과학부,3692.0
우체국금융정보화,5.0,53.0,108.0,115.0,158.0,218.0,233.0,284.0,333.0,355.0,400.0,538.0,우체국예금특별회계,2016,미래창조과학부,577.0
국제우편사업활성화,38.0,86.0,128.0,137.0,255.0,546.0,588.0,852.0,978.0,1107.0,1302.0,1328.0,우편사업특별회계,2016,미래창조과학부,1330.0
보편적서비스제고를위한창구망운영,83.0,151.0,232.0,324.0,396.0,474.0,550.0,616.0,693.0,777.0,847.0,943.0,우편사업특별회계,2016,미래창조과학부,951.0
우정사업운영지원,2.0,2.0,1326.0,1326.0,1327.0,1328.0,1329.0,1330.0,1331.0,1333.0,1334.0,1336.0,우편사업특별회계,2016,미래창조과학부,1337.0
우정서비스기간망구축,2.0,33.0,118.0,168.0,243.0,336.0,458.0,548.0,691.0,769.0,857.0,1381.0,우편사업특별회계,2016,미래창조과학부,1541.0
우편소통품질향상,325.0,505.0,954.0,1174.0,1260.0,1565.0,1802.0,1892.0,2262.0,2421.0,2469.0,2824.0,우편사업특별회계,2016,미래창조과학부,2842.0
국가과학기술연구회 소속 출연연구기관 지원,1995.0,3621.0,5832.0,7495.0,9080.0,10847.0,11754.0,12682.0,13618.0,14615.0,15457.0,16217.0,일반회계,2016,미래창조과학부,16410.0
국제과학비즈니스벨트조성,0.0,1424.0,1424.0,1424.0,1425.0,1425.0,1532.0,1553.0,1609.0,1662.0,1712.0,2207.0,일반회계,2016,미래창조과학부,2582.0
글로벌전문기술(일반회계),0.0,0.0,0.0,50.0,350.0,550.0,550.0,699.0,699.0,699.0,699.0,699.0,일반회계,2016,미래창조과학부,699.0
기초연구기반구축사업,0.0,316.0,326.0,326.0,354.0,560.0,560.0,560.0,560.0,560.0,560.0,560.0,일반회계,2016,미래창조과학부,560.0
기초연구지원,0.0,902.0,902.0,2859.0,4941.0,5217.0,5433.0,6102.0,6102.0,7434.0,7627.0,7627.0,일반회계,2016,미래창조과학부,7627.0
나노·소재기술개발,0.0,70.0,210.0,406.0,406.0,496.0,496.0,577.0,644.0,644.0,644.0,644.0,일반회계,2016,미래창조과학부,644.0
바이오·의료기술개발,0.0,0.0,168.0,288.0,950.0,950.0,1647.0,1908.0,1908.0,2388.0,2648.0,2706.0,일반회계,2016,미래창조과학부,2706.0
방사선이용기술개발,35.0,35.0,347.0,347.0,362.0,489.0,489.0,489.0,489.0,489.0,489.0,499.0,일반회계,2016,미래창조과학부,502.0
신산업융합원천기술,0.0,0.0,179.0,468.0,468.0,468.0,562.0,668.0,668.0,668.0,668.0,668.0,일반회계,2016,미래창조과학부,668.0
에너지·환경기술개발,0.0,181.0,386.0,914.0,985.0,1085.0,1085.0,1085.0,1085.0,1085.0,1085.0,1085.0,일반회계,2016,미래창조과학부,1085.0
우수학생 국가장학 사업,0.0,0.0,207.0,277.0,278.0,328.0,329.0,329.0,650.0,663.0,664.0,664.0,일반회계,2016,미래창조과학부,664.0
우주발사체개발,1355.0,2700.0,2700.0,2700.0,2700.0,2700.0,2700.0,2700.0,2700.0,2700.0,2700.0,2700.0,일반회계,2016,미래창조과학부,2700.0
인공위성개발,0.0,897.0,1045.0,1045.0,1045.0,1140.0,1140.0,1140.0,1140.0,1140.0,1140.0,1140.0,일반회계,2016,미래창조과학부,1140.0
정보보호기반강화,41.0,148.0,226.0,284.0,364.0,419.0,455.0,490.0,525.0,536.0,577.0,596.0,일반회계,2016,미래창조과학부,596.0
직할출연연구기관지원,1155.0,2131.0,3173.0,4111.0,4952.0,5820.0,6498.0,7109.0,7800.0,8428.0,9049.0,9222.0,일반회계,2016,미래창조과학부,9285.0
창조경제기반조성,232.0,259.0,269.0,298.0,509.0,602.0,622.0,627.0,629.0,641.0,642.0,645.0,일반회계,2016,미래창조과학부,647.0
첨단융합기술개발,0.0,303.0,303.0,1187.0,1359.0,1482.0,1482.0,1482.0,1539.0,1542.0,1542.0,1542.0,일반회계,2016,미래창조과학부,1542.0
연구개발특구육성,0.0,35.0,304.0,669.0,669.0,684.0,684.0,694.0,944.0,984.0,1090.0,1090.0,지역발전특별회계,2016,미래창조과학부,1090.0
방송인프라지원,8.0,168.0,264.0,351.0,436.0,635.0,684.0,726.0,773.0,812.0,849.0,884.0,방송통신발전기금,2016,미래창조과학부,898.0
방송통신산업 원천기술개발(R&D),36.0,36.0,676.0,873.0,903.0,1220.0,1262.0,1406.0,1670.0,1779.0,1779.0,1779.0,방송통신발전기금,2016,미래창조과학부,1779.0
방송통신콘텐츠진흥,16.0,44.0,158.0,169.0,202.0,466.0,513.0,536.0,603.0,603.0,589.0,589.0,방송통신발전기금,2016,미래창조과학부,589.0
출연연 연구개발지원(R&D),0.0,47.0,504.0,731.0,731.0,741.0,741.0,741.0,942.0,1059.0,1059.0,1059.0,방송통신발전기금,2016,미래창조과학부,1059.0
콘텐츠 진흥,0.0,59.0,252.0,273.0,293.0,386.0,390.0,410.0,477.0,586.0,586.0,586.0,방송통신발전기금,2016,미래창조과학부,586.0
원자력및방사선안전기반구축,0.0,123.0,194.0,255.0,341.0,406.0,483.0,551.0,628.0,700.0,768.0,836.0,원자력기금,2016,미래창조과학부,839.0
원자력연구개발사업,0.0,0.0,422.0,422.0,422.0,881.0,895.0,895.0,1255.0,1278.0,1278.0,1675.0,원자력기금,2016,미래창조과학부,1675.0
기술확산지원,0.0,0.0,301.0,366.0,369.0,371.0,371.0,611.0,611.0,630.0,630.0,630.0,정보통신진흥기금,2016,미래창조과학부,630.0
인력양성(정진기금),0.0,20.0,373.0,392.0,402.0,413.0,413.0,534.0,534.0,534.0,534.0,534.0,정보통신진흥기금,2016,미래창조과학부,534.0
정보통신산업융합원천기술,0.0,0.0,481.0,593.0,815.0,949.0,949.0,1205.0,1330.0,1682.0,1820.0,1820.0,정보통신진흥기금,2016,미래창조과학부,1720.0
정보통신응용기술개발지원(융자),0.0,0.0,190.0,190.0,400.0,400.0,400.0,500.0,600.0,600.0,600.0,600.0,정보통신진흥기금,2016,미래창조과학부,600.0
감시/정찰/정보사업,0.0,68.0,171.0,302.0,312.0,593.0,606.0,621.0,708.0,726.0,846.0,1030.0,일반회계,2016,방위사업청,1353.0
국과연연구개발,320.0,603.0,2099.0,2100.0,2680.0,3312.0,3415.0,3762.0,4494.0,4475.0,4920.0,4810.0,일반회계,2016,방위사업청,4949.0
국방과학연구소 운영,337.0,564.0,1028.0,1028.0,1209.0,1407.0,1799.0,1890.0,2330.0,2330.0,2679.0,2637.0,일반회계,2016,방위사업청,2679.0
국방기술개발,694.0,1171.0,2670.0,2670.0,3782.0,4867.0,4884.0,5396.0,6360.0,6360.0,8092.0,8123.0,일반회계,2016,방위사업청,8164.0
국방기술품질원운영,85.0,126.0,219.0,219.0,267.0,309.0,339.0,372.0,404.0,435.0,474.0,499.0,일반회계,2016,방위사업청,503.0
국책 연구개발 사업,0.0,3.0,296.0,297.0,313.0,1053.0,1070.0,1071.0,1259.0,1260.0,1263.0,1538.0,일반회계,2016,방위사업청,1527.0
기갑사업,111.0,150.0,2394.0,2534.0,3003.0,3048.0,3552.0,3602.0,3626.0,4083.0,4107.0,4470.0,일반회계,2016,방위사업청,4462.0
기동사업,0.0,428.0,466.0,466.0,467.0,604.0,606.0,651.0,807.0,837.0,853.0,1319.0,일반회계,2016,방위사업청,1730.0
기술기획/품질경영,158.0,241.0,359.0,359.0,396.0,485.0,507.0,529.0,552.0,575.0,595.0,656.0,일반회계,2016,방위사업청,656.0
부대시설사업(해군),0.0,139.0,159.0,196.0,223.0,376.0,379.0,381.0,413.0,430.0,430.0,575.0,일반회계,2016,방위사업청,520.0
상륙/지원함 사업,1.0,419.0,765.0,1490.0,2009.0,3304.0,3728.0,3767.0,3907.0,4193.0,4261.0,5950.0,일반회계,2016,방위사업청,6564.0
양산구매 성능개량,30.0,110.0,370.0,496.0,935.0,1231.0,1391.0,1448.0,1482.0,1574.0,1607.0,2262.0,일반회계,2016,방위사업청,2355.0
업체주관 연구개발,0.0,2.0,311.0,398.0,416.0,694.0,701.0,722.0,756.0,757.0,804.0,1022.0,일반회계,2016,방위사업청,1206.0
연구개발 성능개량,60.0,962.0,1635.0,1717.0,2068.0,3276.0,3361.0,3521.0,3596.0,4028.0,4364.0,5950.0,일반회계,2016,방위사업청,6391.0
잠수함 사업,0.0,2.0,6.0,522.0,525.0,2277.0,2284.0,2284.0,2286.0,2385.0,2387.0,4203.0,일반회계,2016,방위사업청,4436.0
전술통제통신 사업,0.0,8.0,903.0,907.0,973.0,1856.0,1861.0,1913.0,2048.0,2185.0,2476.0,3336.0,일반회계,2016,방위사업청,3006.0
전자전장비 사업,86.0,88.0,91.0,95.0,103.0,218.0,222.0,224.0,224.0,225.0,470.0,621.0,일반회계,2016,방위사업청,715.0
전투기 사업,118.0,1650.0,3116.0,3204.0,3233.0,3686.0,3696.0,3706.0,3843.0,3866.0,4201.0,4549.0,일반회계,2016,방위사업청,4519.0
전투예비탄약,0.0,0.0,101.0,127.0,186.0,1419.0,2408.0,2652.0,2683.0,2870.0,3128.0,3695.0,일반회계,2016,방위사업청,4137.0
전투함 사업,22.0,186.0,462.0,499.0,588.0,1296.0,1312.0,1324.0,1371.0,1406.0,1745.0,2859.0,일반회계,2016,방위사업청,3980.0
중·고고도유도무기 사업,0.0,27.0,837.0,1358.0,1434.0,1975.0,1995.0,2095.0,2255.0,2277.0,2377.0,2584.0,일반회계,2016,방위사업청,2672.0
지원/특수기 사업,0.0,1483.0,1736.0,1919.0,2176.0,2584.0,2731.0,2767.0,2866.0,2908.0,3211.0,4608.0,일반회계,2016,방위사업청,5164.0
편제장비보강사업,0.0,9.0,30.0,36.0,53.0,78.0,81.0,151.0,165.0,234.0,461.0,797.0,일반회계,2016,방위사업청,1044.0
포병전력사업,0.0,1400.0,3905.0,5848.0,6555.0,7722.0,8318.0,9252.0,9741.0,10840.0,11175.0,11739.0,일반회계,2016,방위사업청,12027.0
해상유도무기 사업,0.0,16.0,161.0,276.0,415.0,814.0,845.0,845.0,845.0,845.0,1090.0,1724.0,일반회계,2016,방위사업청,1750.0
화생방 사업,0.0,0.0,105.0,106.0,277.0,335.0,350.0,375.0,388.0,505.0,678.0,858.0,일반회계,2016,방위사업청,885.0
교도작업운영및직업훈련,34.0,72.0,115.0,165.0,207.0,241.0,300.0,344.0,377.0,417.0,449.0,502.0,교도작업특별회계,2016,법무부,513.0
검찰운영,19.0,52.0,84.0,109.0,143.0,204.0,245.0,289.0,325.0,362.0,418.0,507.0,일반회계,2016,법무부,503.0
교도소운영,27.0,40.0,90.0,119.0,164.0,252.0,290.0,340.0,394.0,441.0,493.0,567.0,일반회계,2016,법무부,567.0
국가송무수행,314.0,504.0,528.0,543.0,851.0,1167.0,1337.0,1590.0,1631.0,1690.0,2282.0,2412.0,일반회계,2016,법무부,597.0
수사지원및역량강화,67.0,130.0,231.0,305.0,373.0,447.0,554.0,620.0,713.0,778.0,874.0,1088.0,일반회계,2016,법무부,1111.0
재소자수용및교화,81.0,259.0,568.0,680.0,793.0,1014.0,1133.0,1273.0,1432.0,1579.0,1774.0,2015.0,일반회계,2016,법무부,1774.0
건강보험 지원,6074.0,12148.0,18223.0,24297.0,30371.0,36445.0,39048.0,41651.0,44255.0,46858.0,49461.0,52064.0,일반회계,2016,보건복지부,52065.0
국립암센터운영,206.0,206.0,206.0,413.0,413.0,413.0,478.0,478.0,478.0,590.0,590.0,590.0,일반회계,2016,보건복지부,590.0
기초생활급여,191.0,346.0,401.0,571.0,687.0,797.0,862.0,925.0,938.0,953.0,971.0,989.0,일반회계,2016,보건복지부,1155.0
긴급복지,202.0,309.0,412.0,512.0,613.0,713.0,813.0,913.0,1013.0,1013.0,1013.0,1013.0,일반회계,2016,보건복지부,1013.0
노인관련기관지원,206.0,366.0,380.0,430.0,430.0,438.0,467.0,473.0,504.0,523.0,525.0,526.0,일반회계,2016,보건복지부,527.0
노인돌봄서비스,534.0,534.0,534.0,1069.0,1069.0,1069.0,1300.0,1300.0,1300.0,1303.0,1533.0,1534.0,일반회계,2016,보건복지부,1535.0
노인장기요양보험지원,1842.0,3720.0,5691.0,5728.0,5782.0,5913.0,5952.0,5990.0,6121.0,6160.0,6196.0,6343.0,일반회계,2016,보건복지부,6343.0
드림스타트 지원,34.0,101.0,200.0,301.0,401.0,468.0,534.0,568.0,601.0,635.0,668.0,668.0,일반회계,2016,보건복지부,668.0
방과후활동지원,275.0,417.0,545.0,659.0,773.0,886.0,1070.0,1254.0,1254.0,1425.0,1428.0,1428.0,일반회계,2016,보건복지부,1428.0
보건의료연구개발,75.0,227.0,332.0,615.0,628.0,661.0,682.0,790.0,799.0,846.0,1029.0,1124.0,일반회계,2016,보건복지부,1141.0
사회복지전달체계,185.0,312.0,489.0,634.0,736.0,843.0,1017.0,1173.0,1313.0,1446.0,1556.0,1694.0,일반회계,2016,보건복지부,1782.0
의료급여,6611.0,13222.0,18888.0,23611.0,28333.0,33055.0,35731.0,38407.0,41084.0,43131.0,45178.0,47224.0,일반회계,2016,보건복지부,47224.0
자활지원,838.0,1104.0,1607.0,2143.0,2673.0,3180.0,3464.0,3743.0,4024.0,4307.0,4450.0,4455.0,일반회계,2016,보건복지부,4597.0
장애인복지시설지원,1179.0,1197.0,1221.0,2413.0,2453.0,2490.0,3686.0,3692.0,3699.0,4638.0,4653.0,4704.0,일반회계,2016,보건복지부,4715.0
장애인선택적복지,541.0,1140.0,1996.0,2616.0,3229.0,3763.0,4285.0,4771.0,5042.0,5449.0,5810.0,5866.0,일반회계,2016,보건복지부,5875.0
장애인일자리지원,120.0,180.0,242.0,304.0,364.0,424.0,473.0,520.0,566.0,614.0,661.0,707.0,일반회계,2016,보건복지부,707.0
정신보건시설기능보강,278.0,278.0,278.0,523.0,523.0,525.0,525.0,767.0,835.0,839.0,840.0,841.0,일반회계,2016,보건복지부,848.0
지방의료원 등 육성,0.0,0.0,186.0,379.0,399.0,422.0,577.0,608.0,656.0,657.0,658.0,660.0,일반회계,2016,보건복지부,664.0
취약계층의료비지원,326.0,652.0,984.0,1310.0,1642.0,1945.0,2114.0,2264.0,2413.0,2559.0,2724.0,2854.0,일반회계,2016,보건복지부,2854.0
지역자율형 사회서비스 투자사업,997.0,1316.0,1316.0,1364.0,1364.0,1398.0,1514.0,2014.0,2556.0,2556.0,2556.0,2556.0,지역발전특별회계,2016,보건복지부,2556.0
건강보험지원(국민건강증진기금),0.0,0.0,3166.0,3166.0,3166.0,8320.0,8320.0,8320.0,13910.0,13910.0,13910.0,18914.0,국민건강증진기금,2016,보건복지부,18914.0
금연사업,334.0,552.0,664.0,666.0,669.0,875.0,985.0,1075.0,1078.0,1196.0,1254.0,1368.0,국민건강증진기금,2016,보건복지부,1376.0
보건소건강증진,315.0,321.0,340.0,640.0,675.0,675.0,811.0,812.0,814.0,914.0,916.0,918.0,국민건강증진기금,2016,보건복지부,919.0
보건의료연구개발,0.0,0.0,40.0,396.0,516.0,703.0,872.0,936.0,944.0,1064.0,1608.0,2138.0,국민건강증진기금,2016,보건복지부,2153.0
신종감염병대응체계강화,0.0,3.0,5.0,9.0,10.0,13.0,17.0,20.0,23.0,25.0,33.0,40.0,국민건강증진기금,2016,보건복지부,564.0
예방접종관리,350.0,717.0,720.0,721.0,1507.0,1510.0,2249.0,2253.0,2260.0,2747.0,2755.0,2771.0,국민건강증진기금,2016,보건복지부,2792.0
응급의료기관 지원,0.0,15.0,123.0,221.0,288.0,534.0,645.0,957.0,1059.0,1095.0,1136.0,1250.0,응급의료기금,2016,보건복지부,1375.0
산림병해충방제(농특),375.0,705.0,822.0,845.0,908.0,929.0,934.0,940.0,943.0,946.0,952.0,987.0,농어촌구조개선특별회계,2016,산림청,989.0
임업인육성(농특),0.0,92.0,164.0,253.0,332.0,457.0,525.0,551.0,604.0,627.0,650.0,893.0,농어촌구조개선특별회계,2016,산림청,896.0
청정임산물이용증진(농특),0.0,137.0,385.0,518.0,518.0,526.0,536.0,536.0,543.0,543.0,543.0,554.0,농어촌구조개선특별회계,2016,산림청,555.0
탄소흡수원확충(농특),21.0,400.0,1096.0,1546.0,1922.0,2180.0,2638.0,2881.0,2964.0,2989.0,3035.0,3141.0,농어촌구조개선특별회계,2016,산림청,3152.0
국유재산 및 산지관리(일반),2.0,52.0,142.0,208.0,260.0,451.0,481.0,517.0,594.0,616.0,644.0,761.0,일반회계,2016,산림청,770.0
산림복지서비스증진(일반),4.0,99.0,135.0,152.0,185.0,229.0,231.0,263.0,277.0,285.0,317.0,405.0,일반회계,2016,산림청,525.0
산림복지시설 조성 및 운영(일반),2.0,5.0,9.0,23.0,85.0,96.0,172.0,212.0,266.0,314.0,333.0,462.0,일반회계,2016,산림청,739.0
산림재해방지(일반),435.0,1469.0,1725.0,2726.0,2760.0,3139.0,3158.0,3168.0,3214.0,3223.0,3249.0,3349.0,일반회계,2016,산림청,3357.0
산림헬기 운영,4.0,33.0,42.0,55.0,94.0,173.0,192.0,197.0,238.0,253.0,280.0,602.0,일반회계,2016,산림청,616.0
"산림경영자원육성(지특,경제)",0.0,1.0,160.0,183.0,200.0,260.0,263.0,275.0,343.0,374.0,435.0,543.0,지역발전특별회계,2016,산림청,548.0
"산림경영자원육성(지특,생활)",0.0,570.0,655.0,666.0,682.0,695.0,705.0,720.0,750.0,918.0,948.0,1002.0,지역발전특별회계,2016,산림청,1068.0
"산림휴양녹색공간조성(지특,생활)",0.0,72.0,511.0,657.0,657.0,828.0,901.0,1011.0,1231.0,1352.0,1402.0,1402.0,지역발전특별회계,2016,산림청,1552.0
가스안전관리,70.0,283.0,588.0,684.0,684.0,684.0,792.0,832.0,842.0,842.0,857.0,874.0,에너지및자원사업특별회계,2016,산업통상자원부,875.0
광산지역진흥,10.0,174.0,396.0,486.0,536.0,536.0,538.0,538.0,638.0,738.0,818.0,818.0,에너지및자원사업특별회계,2016,산업통상자원부,818.0
도시가스공급,0.0,20.0,25.0,25.0,16.0,247.0,302.0,315.0,388.0,449.0,458.0,650.0,에너지및자원사업특별회계,2016,산업통상자원부,650.0
석유비축,0.0,346.0,346.0,346.0,714.0,714.0,714.0,865.0,865.0,865.0,1037.0,1037.0,에너지및자원사업특별회계,2016,산업통상자원부,1037.0
석탄수급안정,1249.0,1654.0,1829.0,1985.0,2038.0,2040.0,2040.0,2040.0,2040.0,2044.0,2044.0,2044.0,에너지및자원사업특별회계,2016,산업통상자원부,2044.0
에너지수요기술,0.0,409.0,751.0,751.0,1602.0,1659.0,1659.0,1659.0,1867.0,1867.0,1867.0,1867.0,에너지및자원사업특별회계,2016,산업통상자원부,1867.0
에너지이용합리화,0.0,96.0,347.0,348.0,432.0,579.0,580.0,707.0,722.0,981.0,998.0,998.0,에너지및자원사업특별회계,2016,산업통상자원부,1006.0
에너지이용효율향상(융자),300.0,1135.0,1970.0,2120.0,2520.0,2920.0,3320.0,3720.0,4120.0,4120.0,4850.0,5000.0,에너지및자원사업특별회계,2016,산업통상자원부,5000.0
공공기술개발,0.0,28.0,751.0,772.0,818.0,926.0,926.0,952.0,961.0,1252.0,1252.0,1297.0,일반회계,2016,산업통상자원부,1297.0
국제협력(일반회계),344.0,344.0,344.0,558.0,558.0,559.0,616.0,616.0,616.0,619.0,619.0,619.0,일반회계,2016,산업통상자원부,619.0
기업입지환경개선,0.0,0.0,33.0,103.0,103.0,108.0,108.0,137.0,137.0,137.0,167.0,167.0,일반회계,2016,산업통상자원부,767.0
다부처기술개발,0.0,156.0,256.0,472.0,472.0,472.0,496.0,496.0,496.0,534.0,534.0,534.0,일반회계,2016,산업통상자원부,534.0
대한무역투자진흥공사,0.0,947.0,947.0,1347.0,1961.0,1961.0,1961.0,1961.0,2225.0,2725.0,2725.0,2868.0,일반회계,2016,산업통상자원부,2870.0
미래성장동력,0.0,0.0,20.0,122.0,418.0,557.0,557.0,557.0,557.0,557.0,557.0,557.0,일반회계,2016,산업통상자원부,557.0
산업기술기반구축,72.0,171.0,372.0,726.0,982.0,1434.0,1550.0,2041.0,2216.0,2495.0,2709.0,2739.0,일반회계,2016,산업통상자원부,2739.0
소재부품산업글로벌전문기술개발,0.0,341.0,421.0,421.0,421.0,509.0,583.0,583.0,583.0,583.0,583.0,583.0,일반회계,2016,산업통상자원부,583.0
소재부품산업핵심기술개발,0.0,1389.0,1629.0,1629.0,1629.0,2824.0,3193.0,3193.0,4208.0,4334.0,4334.0,4334.0,일반회계,2016,산업통상자원부,4334.0
시스템산업글로벌전문기술개발,0.0,0.0,209.0,209.0,209.0,343.0,785.0,839.0,839.0,839.0,839.0,869.0,일반회계,2016,산업통상자원부,869.0
시스템산업핵심기술개발,0.0,1375.0,1699.0,1699.0,1699.0,2334.0,2334.0,2470.0,2555.0,2771.0,2771.0,2863.0,일반회계,2016,산업통상자원부,2863.0
우수기술역량강화,23.0,456.0,456.0,1208.0,1208.0,1208.0,1208.0,1208.0,1208.0,1208.0,1208.0,1208.0,일반회계,2016,산업통상자원부,1208.0
인력양성(R&D),0.0,524.0,825.0,825.0,825.0,825.0,825.0,825.0,825.0,825.0,825.0,825.0,일반회계,2016,산업통상자원부,825.0
창의산업글로벌전문기술개발,20.0,41.0,41.0,369.0,369.0,369.0,509.0,509.0,509.0,509.0,582.0,582.0,일반회계,2016,산업통상자원부,582.0
창의산업핵심기술개발,563.0,613.0,632.0,1295.0,1295.0,1295.0,1311.0,1311.0,1411.0,1500.0,1500.0,1579.0,일반회계,2016,산업통상자원부,1579.0
표준화및인증(일반회계),0.0,143.0,174.0,434.0,434.0,514.0,514.0,514.0,514.0,514.0,522.0,522.0,일반회계,2016,산업통상자원부,522.0
경제자유구역지원,0.0,2.0,17.0,144.0,265.0,272.0,277.0,383.0,399.0,505.0,646.0,712.0,지역발전특별회계,2016,산업통상자원부,782.0
외국인투자유치활성화,0.0,0.0,10.0,93.0,93.0,112.0,124.0,401.0,421.0,423.0,487.0,637.0,지역발전특별회계,2016,산업통상자원부,686.0
지역산업거점기관지원,0.0,194.0,246.0,512.0,707.0,1743.0,1855.0,1878.0,2090.0,2859.0,2922.0,2922.0,지역발전특별회계,2016,산업통상자원부,2930.0
지역산업경쟁력강화,85.0,288.0,1957.0,2022.0,4500.0,4563.0,5204.0,5624.0,5624.0,5624.0,5624.0,5624.0,지역발전특별회계,2016,산업통상자원부,5624.0
지역투자유치활성화,0.0,6.0,263.0,263.0,263.0,582.0,582.0,582.0,738.0,738.0,1098.0,1211.0,지역발전특별회계,2016,산업통상자원부,1211.0
지역특성화산업육성,0.0,171.0,350.0,377.0,421.0,467.0,467.0,567.0,727.0,751.0,831.0,871.0,지역발전특별회계,2016,산업통상자원부,874.0
중저준위방사성폐기물관리,23.0,99.0,99.0,141.0,221.0,293.0,310.0,337.0,393.0,428.0,501.0,501.0,방사성폐기물관리기금,2016,산업통상자원부,501.0
산업기술진흥및사업화촉진,0.0,0.0,171.0,327.0,459.0,688.0,740.0,761.0,761.0,1038.0,1038.0,1038.0,산업기술진흥및사업화촉진기금,2016,산업통상자원부,1038.0
농어촌전기공급지원(기금),0.0,350.0,750.0,883.0,883.0,883.0,1023.0,1023.0,1158.0,1158.0,1506.0,1506.0,전력산업기반기금,2016,산업통상자원부,1506.0
발전소주변지역지원(기금),0.0,925.0,1222.0,1887.0,1887.0,1887.0,2330.0,2404.0,2404.0,2446.0,2462.0,2599.0,전력산업기반기금,2016,산업통상자원부,2599.0
신재생에너지금융지원,100.0,200.0,500.0,500.0,620.0,665.0,725.0,785.0,880.0,880.0,1000.0,1000.0,전력산업기반기금,2016,산업통상자원부,1000.0
신재생에너지보급(기금),348.0,1035.0,1525.0,1976.0,2406.0,2821.0,3211.0,3589.0,3957.0,4139.0,4298.0,4338.0,전력산업기반기금,2016,산업통상자원부,4254.0
에너지신산업,0.0,5.0,502.0,568.0,568.0,590.0,599.0,599.0,616.0,620.0,620.0,704.0,전력산업기반기금,2016,산업통상자원부,704.0
전기안전관리(기금),0.0,279.0,279.0,450.0,583.0,583.0,771.0,771.0,771.0,943.0,943.0,943.0,전력산업기반기금,2016,산업통상자원부,943.0
전력공급기술,107.0,147.0,1225.0,1225.0,1612.0,2274.0,2390.0,2407.0,2518.0,3014.0,3014.0,3014.0,전력산업기반기금,2016,산업통상자원부,3014.0
전력수요관리(기금),0.0,104.0,344.0,440.0,440.0,460.0,485.0,485.0,485.0,511.0,511.0,511.0,전력산업기반기금,2016,산업통상자원부,524.0
새만금개발사업지원,0.0,151.0,289.0,289.0,369.0,389.0,402.0,402.0,457.0,484.0,484.0,561.0,일반회계,2016,새만금개발청,589.0
식의약품 안전 연구개발,53.0,310.0,354.0,377.0,396.0,434.0,486.0,511.0,541.0,561.0,586.0,763.0,일반회계,2016,식품의약품안전처,816.0
아이돌봄지원,47.0,311.0,365.0,470.0,470.0,661.0,661.0,661.0,661.0,828.0,828.0,828.0,일반회계,2016,여성가족부,828.0
청소년시설확충,0.0,292.0,292.0,299.0,321.0,354.0,388.0,438.0,538.0,568.0,568.0,653.0,지역발전특별회계,2016,여성가족부,653.0
다문화가족지원,188.0,342.0,342.0,537.0,543.0,545.0,615.0,618.0,624.0,692.0,693.0,702.0,양성평등기금,2016,여성가족부,704.0
한부모가족지원(기금),176.0,200.0,280.0,391.0,395.0,583.0,587.0,590.0,773.0,773.0,777.0,778.0,양성평등기금,2016,여성가족부,778.0
청소년 사회안전망구축,197.0,197.0,400.0,409.0,414.0,487.0,505.0,519.0,593.0,603.0,604.0,606.0,청소년육성기금,2016,여성가족부,609.0
글로벌 프로그램,147.0,295.0,567.0,754.0,930.0,1426.0,1640.0,1708.0,1901.0,1958.0,2098.0,2098.0,일반회계,2016,외교부,2098.0
아시아 및 태평양지역 국가원조,106.0,211.0,307.0,428.0,503.0,803.0,902.0,990.0,1160.0,1241.0,1508.0,1508.0,일반회계,2016,외교부,1508.0
전자여권제조 및 개선(수입대체경비),49.0,120.0,202.0,283.0,353.0,434.0,519.0,600.0,688.0,720.0,852.0,982.0,일반회계,2016,외교부,749.0
협력사업 지원,45.0,90.0,232.0,294.0,362.0,467.0,479.0,496.0,551.0,561.0,561.0,561.0,일반회계,2016,외교부,561.0
기술개발지원(R&D),105.0,447.0,2305.0,2307.0,4033.0,4877.0,5140.0,5684.0,5744.0,5870.0,7149.0,7149.0,일반회계,2016,중소기업청,7149.0
매출채권보험계정출연,400.0,498.0,498.0,498.0,498.0,498.0,498.0,498.0,498.0,498.0,498.0,498.0,일반회계,2016,중소기업청,500.0
중견기업역량강화,0.0,49.0,316.0,316.0,316.0,559.0,559.0,559.0,559.0,745.0,897.0,897.0,일반회계,2016,중소기업청,897.0
중소기업수출역량강화,260.0,261.0,275.0,301.0,318.0,408.0,456.0,460.0,495.0,505.0,564.0,626.0,일반회계,2016,중소기업청,626.0
중소기업인력양성및취업촉진,0.0,10.0,173.0,235.0,331.0,350.0,513.0,514.0,515.0,515.0,517.0,518.0,일반회계,2016,중소기업청,518.0
중소기업해외시장개척지원,0.0,140.0,205.0,425.0,481.0,518.0,692.0,765.0,765.0,765.0,765.0,765.0,일반회계,2016,중소기업청,765.0
창업활성화지원,52.0,655.0,831.0,1147.0,1447.0,1578.0,1821.0,1857.0,2103.0,2410.0,2420.0,2446.0,일반회계,2016,중소기업청,2448.0
"산학연협력기술개발(지특, R&D)",0.0,410.0,410.0,410.0,960.0,960.0,960.0,960.0,1382.0,1382.0,1382.0,1382.0,지역발전특별회계,2016,중소기업청,1382.0
전통시장및중소유통물류기반조성(지특),0.0,0.0,352.0,352.0,414.0,414.0,455.0,545.0,545.0,656.0,656.0,776.0,지역발전특별회계,2016,중소기업청,816.0
소상공인경영개선지원(기금),0.0,0.0,844.0,844.0,844.0,1402.0,1402.0,1402.0,1402.0,1402.0,1402.0,1472.0,소상공인시장진흥기금,2016,중소기업청,1402.0
소상공인지원(기금),233.0,425.0,913.0,1039.0,1042.0,1551.0,1640.0,1731.0,1738.0,1932.0,2076.0,2201.0,소상공인시장진흥기금,2016,중소기업청,2271.0
소상공인지원융자(기금),626.0,1707.0,4090.0,5543.0,6975.0,8786.0,10055.0,11685.0,12759.0,13266.0,14072.0,15643.0,소상공인시장진흥기금,2016,중소기업청,15648.0
지역신용보증재단지원(기금),500.0,500.0,500.0,500.0,500.0,500.0,500.0,500.0,500.0,500.0,500.0,500.0,소상공인시장진흥기금,2016,중소기업청,500.0
개발및특허기술사업화융자(기금),62.0,295.0,1010.0,1235.0,1508.0,2020.0,2200.0,2475.0,2811.0,3001.0,3484.0,3500.0,중소기업창업및진흥기금,2016,중소기업청,3500.0
긴급경영안정융자(기금),54.0,243.0,1169.0,1382.0,1668.0,1832.0,1903.0,2032.0,2100.0,2100.0,2100.0,2100.0,중소기업창업및진흥기금,2016,중소기업청,1550.0
신성장기반지원(기금),523.0,1586.0,3225.0,4842.0,5842.0,7118.0,7651.0,8312.0,8951.0,8966.0,10765.0,10950.0,중소기업창업및진흥기금,2016,중소기업청,11500.0
재도약지원융자(기금),65.0,181.0,499.0,707.0,965.0,1290.0,1456.0,1627.0,1840.0,2005.0,2435.0,2550.0,중소기업창업및진흥기금,2016,중소기업청,2550.0
창업기업지원융자(기금),800.0,2578.0,6456.0,7698.0,9001.0,10822.0,11334.0,12202.0,13009.0,13360.0,14500.0,14500.0,중소기업창업및진흥기금,2016,중소기업청,14500.0
투융자복합금융지원(기금),51.0,95.0,256.0,325.0,448.0,649.0,710.0,807.0,993.0,1093.0,1449.0,1500.0,중소기업창업및진흥기금,2016,중소기업청,1500.0
북한이탈주민 사회적응 지원,30.0,74.0,151.0,198.0,266.0,326.0,399.0,461.0,508.0,562.0,630.0,719.0,일반회계,2016,통일부,814.0
심사·심판처리 지원,3.0,4.0,162.0,261.0,306.0,355.0,419.0,458.0,522.0,563.0,596.0,725.0,특허청,2016,특허청,726.0
부산항 신항만 개발,0.0,60.0,365.0,383.0,479.0,1577.0,1596.0,1649.0,1746.0,1750.0,1774.0,1940.0,교통시설특별회계,2016,해양수산부,2312.0
새만금신항 개발,1.0,118.0,118.0,137.0,145.0,167.0,191.0,206.0,206.0,206.0,212.0,258.0,교통시설특별회계,2016,해양수산부,518.0
여수광양항만공사 지원,0.0,0.0,200.0,400.0,400.0,454.0,454.0,454.0,454.0,454.0,454.0,493.0,교통시설특별회계,2016,해양수산부,508.0
울산신항 개발,447.0,476.0,498.0,532.0,604.0,706.0,963.0,1006.0,1059.0,1200.0,1326.0,1509.0,교통시설특별회계,2016,해양수산부,1593.0
인천북항 개발,24.0,35.0,140.0,168.0,203.0,282.0,294.0,301.0,308.0,319.0,322.0,632.0,교통시설특별회계,2016,해양수산부,644.0
인천신항 개발,1.0,236.0,264.0,264.0,264.0,266.0,470.0,471.0,471.0,561.0,663.0,737.0,교통시설특별회계,2016,해양수산부,816.0
일반항 건설,75.0,219.0,416.0,540.0,658.0,1233.0,1490.0,1674.0,1866.0,2010.0,2108.0,2793.0,교통시설특별회계,2016,해양수산부,3728.0
주요항 건설,10.0,140.0,416.0,603.0,697.0,894.0,994.0,1101.0,1180.0,1244.0,1328.0,1612.0,교통시설특별회계,2016,해양수산부,2142.0
평택당진항 개발,15.0,104.0,152.0,160.0,180.0,190.0,223.0,227.0,255.0,258.0,291.0,385.0,교통시설특별회계,2016,해양수산부,566.0
항로표지시설 확충 및 안전관리,3.0,66.0,127.0,164.0,203.0,291.0,299.0,350.0,378.0,392.0,431.0,511.0,교통시설특별회계,2016,해양수산부,554.0
항만시설유지보수(교특),26.0,87.0,185.0,277.0,381.0,551.0,608.0,694.0,815.0,905.0,1042.0,1396.0,교통시설특별회계,2016,해양수산부,1926.0
수산자원조성,68.0,163.0,640.0,640.0,647.0,649.0,821.0,881.0,883.0,956.0,957.0,994.0,농어촌구조개선특별회계,2016,해양수산부,926.0
어항기반시설조성(농특),73.0,240.0,434.0,548.0,709.0,939.0,1019.0,1261.0,1612.0,1785.0,1909.0,2375.0,농어촌구조개선특별회계,2016,해양수산부,2762.0
재해대책,83.0,95.0,642.0,1003.0,1003.0,1003.0,1007.0,1074.0,1074.0,1363.0,1367.0,1367.0,농어촌구조개선특별회계,2016,해양수산부,1368.0
친환경어업(농특),2.0,6.0,213.0,466.0,487.0,516.0,542.0,559.0,589.0,606.0,631.0,665.0,농어촌구조개선특별회계,2016,해양수산부,754.0
어업질서 확립,26.0,111.0,157.0,213.0,285.0,337.0,409.0,481.0,517.0,611.0,653.0,739.0,일반회계,2016,해양수산부,793.0
연구장비개발 및 인프라구축(R&D),492.0,1023.0,1023.0,1023.0,1023.0,1023.0,1023.0,1023.0,1023.0,1023.0,1023.0,1023.0,일반회계,2016,해양수산부,1023.0
연안환경관리(일반),0.0,64.0,172.0,240.0,276.0,367.0,383.0,416.0,462.0,489.0,536.0,744.0,일반회계,2016,해양수산부,717.0
한국해양과학기술원 운영지원,785.0,785.0,785.0,1034.0,1125.0,1125.0,1536.0,1536.0,1536.0,1857.0,1857.0,1857.0,일반회계,2016,해양수산부,1857.0
해양안전관리시스템 구축.운영(일반),121.0,157.0,239.0,304.0,329.0,390.0,453.0,511.0,514.0,551.0,610.0,666.0,일반회계,2016,해양수산부,1347.0
해양지형조사 및 정보제공,17.0,68.0,298.0,360.0,412.0,468.0,499.0,529.0,543.0,566.0,607.0,795.0,일반회계,2016,해양수산부,872.0
어업기반정비,468.0,468.0,468.0,668.0,718.0,1043.0,1135.0,1135.0,1485.0,1684.0,1753.0,1758.0,지역발전특별회계,2016,해양수산부,1957.0
일반항 건설(제주도),0.0,0.0,652.0,652.0,652.0,652.0,652.0,652.0,652.0,652.0,652.0,652.0,지역발전특별회계,2016,해양수산부,652.0
해양 및 수자원 관리,0.0,84.0,260.0,260.0,302.0,336.0,365.0,410.0,510.0,549.0,629.0,629.0,지역발전특별회계,2016,해양수산부,629.0
수산물가격안정(기금·융자),0.0,102.0,509.0,701.0,980.0,1138.0,1194.0,1380.0,1572.0,1691.0,1910.0,2098.0,수산발전기금,2016,해양수산부,2401.0
수산물유통자금지원(기금),41.0,55.0,593.0,654.0,671.0,884.0,894.0,965.0,1128.0,1148.0,1172.0,1381.0,수산발전기금,2016,해양수산부,1430.0
어업경영자금(기금),0.0,340.0,355.0,385.0,705.0,714.0,716.0,720.0,736.0,728.0,730.0,733.0,수산발전기금,2016,해양수산부,1113.0
보통교부세,43000.0,84319.0,122121.0,144121.0,177121.0,217325.0,242325.0,272325.0,289454.0,332438.0,332438.0,332438.0,일반회계,2016,행정자치부,332438.0
부동산교부세,0.0,1681.0,5486.0,5486.0,5486.0,5486.0,5486.0,5486.0,5486.0,5486.0,5486.0,14457.0,일반회계,2016,행정자치부,14457.0
전자정부실행기반마련(정보화),12.0,136.0,148.0,260.0,445.0,755.0,816.0,878.0,990.0,1051.0,1113.0,1237.0,일반회계,2016,행정자치부,1237.0
정부청사시설관리,39.0,290.0,412.0,514.0,661.0,801.0,931.0,1004.0,1154.0,1283.0,1418.0,1725.0,일반회계,2016,행정자치부,1734.0
정부통합전산센터운영(정보화),41.0,107.0,986.0,1093.0,1195.0,1545.0,1653.0,1722.0,1971.0,2054.0,2113.0,2793.0,일반회계,2016,행정자치부,2955.0
주한미군공여구역주변지역등지원,0.0,251.0,487.0,647.0,792.0,972.0,1047.0,1127.0,1151.0,1151.0,1151.0,1433.0,일반회계,2016,행정자치부,1433.0
특별교부세,0.0,0.0,0.0,0.0,339.0,339.0,2279.0,2279.0,2472.0,3822.0,4911.0,5141.0,일반회계,2016,행정자치부,5141.0
특수상황지역개발,382.0,632.0,1039.0,1039.0,1251.0,1385.0,1507.0,1707.0,1857.0,2357.0,2499.0,2499.0,지역발전특별회계,2016,행정자치부,2598.0
광역교통시설건설,1.0,12.0,553.0,585.0,658.0,983.0,995.0,1015.0,1072.0,1076.0,1114.0,1453.0,행정중심복합도시건설특별회계,2016,행정중심복합도시건설청,1510.0
복합커뮤니티센터 건립,0.0,17.0,172.0,189.0,229.0,406.0,408.0,410.0,440.0,445.0,487.0,651.0,행정중심복합도시건설특별회계,2016,행정중심복합도시건설청,786.0
하수처리시설 확충(농특),10.0,38.0,138.0,376.0,389.0,548.0,554.0,610.0,697.0,735.0,936.0,936.0,농어촌구조개선특별회계,2016,환경부,936.0
자동차배출가스 관리,464.0,575.0,586.0,1437.0,1437.0,1438.0,1438.0,1439.0,1724.0,1724.0,1948.0,1948.0,에너지및자원사업특별회계,2016,환경부,1949.0
상수도시설확충 및 관리,72.0,552.0,1570.0,1670.0,1785.0,2099.0,2315.0,2551.0,3305.0,3425.0,3575.0,3708.0,지역발전특별회계,2016,환경부,3991.0
수질개선기반구축,0.0,68.0,839.0,969.0,1269.0,1490.0,1525.0,1745.0,1951.0,2233.0,2233.0,2333.0,지역발전특별회계,2016,환경부,2711.0
자연환경 보전 및 관리,0.0,98.0,277.0,277.0,279.0,279.0,285.0,292.0,391.0,441.0,452.0,452.0,지역발전특별회계,2016,환경부,504.0
국립공원,226.0,227.0,1632.0,1632.0,1858.0,1859.0,2085.0,2085.0,2311.0,2312.0,2312.0,2312.0,환경개선특별회계,2016,환경부,2312.0
기타 오염원 관리,0.0,181.0,368.0,493.0,504.0,848.0,882.0,962.0,963.0,1030.0,1276.0,1397.0,환경개선특별회계,2016,환경부,1414.0
산업폐수 관리,0.0,34.0,273.0,517.0,525.0,788.0,1034.0,1154.0,1573.0,1573.0,1655.0,1669.0,환경개선특별회계,2016,환경부,1729.0
생태계보전,400.0,435.0,545.0,899.0,944.0,998.0,1181.0,1240.0,1302.0,1467.0,1516.0,1678.0,환경개선특별회계,2016,환경부,1960.0
생활환경관리,23.0,408.0,434.0,486.0,488.0,494.0,501.0,502.0,502.0,505.0,507.0,512.0,환경개선특별회계,2016,환경부,520.0
수도권 및 수도권외 대기개선,62.0,238.0,406.0,491.0,624.0,693.0,894.0,919.0,984.0,987.0,992.0,1031.0,환경개선특별회계,2016,환경부,1045.0
수질개선기반구축,55.0,286.0,302.0,309.0,335.0,424.0,456.0,478.0,548.0,559.0,600.0,724.0,환경개선특별회계,2016,환경부,785.0
식수원 개발 관리,0.0,2.0,73.0,128.0,129.0,541.0,581.0,600.0,606.0,608.0,610.0,857.0,환경개선특별회계,2016,환경부,1256.0
재활용 및 처리시설 설치,24.0,280.0,450.0,913.0,921.0,1342.0,1349.0,1361.0,1568.0,1634.0,1648.0,1856.0,환경개선특별회계,2016,환경부,1864.0
재활용산업육성,0.0,250.0,390.0,690.0,845.0,845.0,845.0,1036.0,1036.0,1036.0,1036.0,1036.0,환경개선특별회계,2016,환경부,1036.0
출연사업,234.0,345.0,455.0,656.0,750.0,839.0,960.0,1043.0,1122.0,1122.0,1165.0,1165.0,환경개선특별회계,2016,환경부,1165.0
토양 지하수 관리,0.0,381.0,458.0,466.0,489.0,501.0,513.0,517.0,518.0,521.0,523.0,545.0,환경개선특별회계,2016,환경부,557.0
하수관거정비,750.0,1742.0,3607.0,4424.0,4517.0,6912.0,7523.0,8166.0,8499.0,9151.0,9942.0,10343.0,환경개선특별회계,2016,환경부,10032.0
하수처리시설 확충,102.0,821.0,2170.0,2660.0,2886.0,4015.0,4308.0,4871.0,5215.0,5947.0,6389.0,6582.0,환경개선특별회계,2016,환경부,6711.0
환경기술개발(환특),0.0,0.0,889.0,960.0,1159.0,1159.0,1180.0,1247.0,1325.0,1325.0,1325.0,1325.0,환경개선특별회계,2016,환경부,1325.0
환경산업 및 친환경제품보급기반구축,17.0,167.0,345.0,452.0,493.0,552.0,575.0,608.0,648.0,665.0,796.0,906.0,환경개선특별회계,2016,환경부,1165.0
환경시험연구,15.0,233.0,245.0,255.0,288.0,333.0,351.0,376.0,399.0,419.0,444.0,524.0,환경개선특별회계,2016,환경부,581.0
환경기초시설(금강),16.0,76.0,165.0,215.0,252.0,292.0,334.0,388.0,407.0,417.0,500.0,579.0,금강수계관리기금,2016,환경부,579.0
환경기초시설(낙동강),136.0,263.0,405.0,554.0,647.0,764.0,883.0,981.0,1099.0,1209.0,1335.0,1335.0,낙동강수계관리기금,2016,환경부,1423.0
기타 수질개선지원(한강),37.0,87.0,122.0,188.0,214.0,272.0,333.0,350.0,366.0,484.0,514.0,518.0,한강수계관리기금,2016,환경부,530.0
토지매수및수변구역관리(한강),279.0,378.0,478.0,577.0,676.0,765.0,769.0,927.0,963.0,1067.0,1107.0,1233.0,한강수계관리기금,2016,환경부,1232.0
한강수계주민지원사업,53.0,121.0,194.0,257.0,320.0,428.0,488.0,538.0,591.0,637.0,706.0,707.0,한강수계관리기금,2016,환경부,706.0
환경기초시설(한강),116.0,254.0,470.0,629.0,819.0,1022.0,1246.0,1362.0,1536.0,1795.0,2002.0,2002.0,한강수계관리기금,2016,환경부,2002.0
경비경찰역량강화,280.0,334.0,592.0,660.0,722.0,1102.0,1130.0,1172.0,1399.0,1517.0,1577.0,1790.0,일반회계,2015,경찰청,1801.0
경찰유무선망개선,65.0,109.0,201.0,215.0,245.0,368.0,367.0,411.0,454.0,480.0,530.0,636.0,일반회계,2015,경찰청,652.0
경찰장비현대화,69.0,121.0,261.0,352.0,606.0,1009.0,1052.0,1221.0,1431.0,1607.0,1937.0,2166.0,일반회계,2015,경찰청,2420.0
경찰정보화기반고도화(정보화),39.0,110.0,167.0,188.0,236.0,312.0,316.0,384.0,412.0,436.0,455.0,533.0,일반회계,2015,경찰청,539.0
교통사고예방,629.0,714.0,913.0,1173.0,1260.0,1704.0,1723.0,1809.0,1976.0,2070.0,2149.0,2417.0,일반회계,2015,경찰청,2452.0
범죄수사,193.0,249.0,462.0,546.0,584.0,860.0,832.0,863.0,989.0,1050.0,1074.0,1122.0,일반회계,2015,경찰청,1133.0
일반행정업무지원,428.0,778.0,1397.0,1723.0,2012.0,2738.0,2803.0,3097.0,3538.0,3924.0,4245.0,4718.0,일반회계,2015,경찰청,4859.0
혁신도시건설,10.0,39.0,90.0,193.0,293.0,380.0,464.0,544.0,641.0,653.0,770.0,842.0,혁신도시건설특별회계,2015,경찰청,979.0
대상별취업지원,235.0,367.0,550.0,742.0,929.0,1128.0,1333.0,1516.0,1699.0,1858.0,2000.0,2197.0,일반회계,2015,고용노동부,2746.0
사회보험 사각지대 해소,475.0,947.0,1440.0,1929.0,2417.0,2917.0,3385.0,3872.0,4432.0,4878.0,5376.0,5899.0,일반회계,2015,고용노동부,5804.0
사회적기업육성,99.0,298.0,300.0,425.0,441.0,447.0,519.0,529.0,543.0,568.0,600.0,645.0,일반회계,2015,고용노동부,647.0
실업자능력개발지원,43.0,93.0,125.0,152.0,191.0,242.0,293.0,342.0,384.0,445.0,494.0,561.0,일반회계,2015,고용노동부,655.0
한국산업인력공단출연,68.0,141.0,215.0,302.0,389.0,460.0,549.0,622.0,788.0,790.0,867.0,928.0,일반회계,2015,고용노동부,935.0
한국폴리텍대학출연,134.0,259.0,425.0,559.0,838.0,1015.0,1120.0,1215.0,1451.0,1460.0,1567.0,1696.0,일반회계,2015,고용노동부,1714.0
사회적기업육성,0.0,768.0,768.0,768.0,768.0,768.0,768.0,768.0,768.0,768.0,768.0,818.0,지역발전특별회계,2015,고용노동부,818.0
고령자고용촉진지원,229.0,252.0,285.0,493.0,686.0,787.0,828.0,952.0,986.0,1075.0,1101.0,1138.0,고용보험기금,2015,고용노동부,1460.0
고용창출지원사업,70.0,144.0,152.0,154.0,285.0,357.0,380.0,419.0,430.0,440.0,466.0,504.0,고용보험기금,2015,고용노동부,901.0
고용촉진지원금,120.0,160.0,310.0,470.0,620.0,665.0,797.0,1104.0,1204.0,1302.0,1302.0,1434.0,고용보험기금,2015,고용노동부,665.0
국가기간·전략산업직종훈련,160.0,200.0,470.0,664.0,1514.0,1515.0,1806.0,1945.0,1946.0,1855.0,2111.0,2392.0,고용보험기금,2015,고용노동부,1857.0
능력개발융자지원(융자),50.0,50.0,80.0,98.0,227.0,280.0,280.0,310.0,356.0,386.0,406.0,400.0,고용보험기금,2015,고용노동부,550.0
사업주능력개발지원금,240.0,1095.0,1096.0,1096.0,1566.0,2197.0,2197.0,2306.0,3109.0,3809.0,3810.0,3908.0,고용보험기금,2015,고용노동부,4628.0
실업자및근로자능력개발지원,280.0,1050.0,1610.0,1920.0,1920.0,1921.0,1922.0,2132.0,2132.0,2232.0,2534.0,2574.0,고용보험기금,2015,고용노동부,3273.0
여성고용안정지원,275.0,393.0,861.0,907.0,917.0,1057.0,1261.0,1445.0,1666.0,1792.0,1857.0,2033.0,고용보험기금,2015,고용노동부,1771.0
중소기업 청년취업 인턴제,358.0,444.0,563.0,782.0,845.0,924.0,1096.0,1247.0,1284.0,1421.0,1432.0,1628.0,고용보험기금,2015,고용노동부,1662.0
중소기업능력개발지원,0.0,60.0,963.0,1415.0,1505.0,1698.0,1698.0,1758.0,1780.0,1830.0,2020.0,2344.0,고용보험기금,2015,고용노동부,2593.0
지역고용촉진지원,2.0,5.0,772.0,778.0,778.0,783.0,834.0,852.0,865.0,872.0,877.0,879.0,고용보험기금,2015,고용노동부,907.0
한국산업인력공단능력개발사업지원,124.0,283.0,456.0,586.0,717.0,961.0,1017.0,1119.0,1270.0,1345.0,1412.0,1519.0,고용보험기금,2015,고용노동부,1587.0
한국폴리텍대학능력개발사업지원,144.0,288.0,432.0,544.0,656.0,818.0,853.0,915.0,998.0,1062.0,1122.0,1184.0,고용보험기금,2015,고용노동부,1194.0
근로자생활안정대부(융자),115.0,225.0,400.0,470.0,560.0,690.0,700.0,700.0,780.0,790.0,860.0,868.0,근로복지진흥기금,2015,고용노동부,1004.0
체당금지급,179.0,447.0,612.0,854.0,1037.0,1358.0,1535.0,1743.0,2016.0,2268.0,2527.0,2743.0,임금채권보장기금,2015,고용노동부,2743.0
장애인고용장려금,121.0,294.0,452.0,593.0,704.0,788.0,944.0,1082.0,1163.0,1291.0,1417.0,1482.0,장애인고용촉진및직업재활기금,2015,고용노동부,1417.0
관세행정정보화,8.0,28.0,61.0,155.0,205.0,624.0,640.0,651.0,678.0,724.0,765.0,827.0,일반회계,2015,관세청,893.0
BK21 플러스사업,0.0,0.0,2256.0,2256.0,2256.0,2256.0,2256.0,2982.0,2982.0,2982.0,2982.0,2982.0,일반회계,2015,교육부,2982.0
국립대학 교육기반조성,16.0,35.0,64.0,139.0,218.0,378.0,557.0,652.0,832.0,968.0,1153.0,1998.0,일반회계,2015,교육부,2549.0
국립대학 시설확충,43.0,150.0,356.0,498.0,639.0,1082.0,1282.0,1513.0,2083.0,2230.0,2486.0,3500.0,일반회계,2015,교육부,3778.0
국립대학 운영지원,0.0,0.0,0.0,0.0,0.0,0.0,0.0,0.0,0.0,0.0,0.0,0.0,일반회계,2015,교육부,13142.0
국립대학법인 운영 지원,1312.0,1312.0,1312.0,3122.0,3122.0,3122.0,3778.0,3778.0,3819.0,4475.0,4475.0,4475.0,일반회계,2015,교육부,4475.0
국립대학병원 여건개선,133.0,133.0,133.0,145.0,150.0,213.0,216.0,216.0,278.0,304.0,357.0,516.0,일반회계,2015,교육부,521.0
국립부설학교 학력증진 지원,1.0,11.0,81.0,121.0,150.0,174.0,199.0,226.0,287.0,309.0,349.0,481.0,일반회계,2015,교육부,567.0
국제교육 교류 협력 활성화,2.0,111.0,131.0,133.0,172.0,190.0,207.0,396.0,429.0,438.0,511.0,557.0,일반회계,2015,교육부,578.0
대학교육 역량 강화,0.0,0.0,271.0,271.0,271.0,542.0,542.0,542.0,542.0,542.0,542.0,542.0,일반회계,2015,교육부,542.0
대학자율역량 강화,1.0,14.0,70.0,99.0,452.0,631.0,681.0,685.0,686.0,696.0,696.0,698.0,일반회계,2015,교육부,702.0
맞춤형 국가장학금 지원,0.0,16958.0,16958.0,23074.0,23074.0,23074.0,23074.0,35138.0,36056.0,38456.0,38456.0,38456.0,일반회계,2015,교육부,38456.0
보통교부금,51924.0,89943.0,111193.0,159212.0,194211.0,249229.0,276229.0,310729.0,367667.0,380185.0,380185.0,380185.0,일반회계,2015,교육부,380185.0
이공학학술연구조성,0.0,0.0,0.0,1789.0,1789.0,1789.0,1789.0,2028.0,2028.0,3365.0,3365.0,3365.0,일반회계,2015,교육부,3365.0
인문사회학술연구 조성,164.0,164.0,217.0,922.0,922.0,922.0,989.0,2464.0,2464.0,2464.0,2464.0,2464.0,일반회계,2015,교육부,2464.0
재외동포교육 운영지원,39.0,138.0,174.0,260.0,359.0,491.0,498.0,519.0,570.0,591.0,599.0,621.0,일반회계,2015,교육부,621.0
지방교육재정교부금,7500.0,7500.0,7500.0,7500.0,7500.0,7500.0,7500.0,7500.0,7500.0,7500.0,7500.0,7500.0,일반회계,2015,교육부,7500.0
특별교부금,0.0,1132.0,4209.0,4209.0,5980.0,10377.0,10750.0,10929.0,10960.0,12435.0,12435.0,13870.0,일반회계,2015,교육부,13870.0
한국장학재단 출연,0.0,0.0,853.0,853.0,2107.0,2107.0,2107.0,2107.0,2107.0,2749.0,2749.0,2749.0,일반회계,2015,교육부,3353.0
대학교육 역량 강화,0.0,0.0,0.0,594.0,594.0,594.0,594.0,594.0,594.0,594.0,594.0,594.0,지역발전특별회계,2015,교육부,594.0
산학협력 선도대학(LINC) 육성,0.0,0.0,15.0,35.0,1305.0,1705.0,2068.0,2461.0,2467.0,2467.0,2467.0,2467.0,지역발전특별회계,2015,교육부,2467.0
지방대학육성사업,0.0,0.0,1038.0,1038.0,1038.0,1537.0,1787.0,2075.0,2075.0,2075.0,2075.0,2075.0,지역발전특별회계,2015,교육부,2075.0
특성화 전문대학 육성,0.0,0.0,500.0,1431.0,2078.0,2078.0,2465.0,2969.0,2969.0,2969.0,2969.0,2969.0,지역발전특별회계,2015,교육부,2969.0
사학시설자금융자,235.0,348.0,571.0,672.0,855.0,1309.0,1397.0,1467.0,1513.0,1567.0,1569.0,1569.0,사학진흥기금,2015,교육부,1309.0
행복기숙사지원사업,57.0,57.0,61.0,61.0,61.0,61.0,174.0,291.0,631.0,631.0,631.0,922.0,사학진흥기금,2015,교육부,922.0
보훈보상금,2059.0,4097.0,6126.0,8160.0,10202.0,12280.0,14319.0,16350.0,18371.0,20397.0,22430.0,24539.0,일반회계,2015,국가보훈처,24539.0
수당,925.0,1839.0,2748.0,3658.0,4569.0,5522.0,6431.0,7337.0,8238.0,9139.0,10039.0,11069.0,일반회계,2015,국가보훈처,11199.0
의료지원,833.0,1221.0,1622.0,2012.0,2402.0,2815.0,3161.0,3605.0,3995.0,4396.0,4787.0,5301.0,일반회계,2015,국가보훈처,5178.0
한국개발연구원,73.0,146.0,220.0,292.0,364.0,436.0,459.0,482.0,504.0,526.0,547.0,569.0,일반회계,2015,국무조정실 및 국무총리비서실,569.0
소하천정비,0.0,962.0,962.0,962.0,962.0,962.0,962.0,962.0,962.0,962.0,962.0,962.0,농어촌구조개선특별회계,2015,국민안전처,962.0
보급지원,143.0,238.0,300.0,377.0,448.0,523.0,597.0,688.0,773.0,851.0,913.0,1054.0,일반회계,2015,국민안전처,1120.0
소방시설장비지원,0.0,0.0,33.0,73.0,73.0,73.0,73.0,73.0,1043.0,1043.0,1055.0,1060.0,일반회계,2015,국민안전처,1060.0
소방안전교부세,0.0,0.0,0.0,0.0,0.0,0.0,2356.0,2356.0,3141.0,3141.0,3141.0,3141.0,일반회계,2015,국민안전처,3141.0
재난복구지원,0.0,0.0,2.0,2.0,16.0,17.0,17.0,44.0,97.0,115.0,135.0,148.0,일반회계,2015,국민안전처,502.0
재난안전기술개발,4.0,21.0,200.0,233.0,251.0,283.0,293.0,302.0,324.0,345.0,381.0,488.0,일반회계,2015,국민안전처,568.0
재해위험ㆍ취약지역정비,0.0,585.0,1451.0,2370.0,2780.0,3188.0,3188.0,3930.0,4554.0,4654.0,4736.0,4736.0,일반회계,2015,국민안전처,4736.0
중앙119구조본부지원,0.0,27.0,40.0,88.0,94.0,108.0,123.0,127.0,129.0,154.0,162.0,254.0,일반회계,2015,국민안전처,511.0
특별교부세,0.0,0.0,118.0,118.0,118.0,398.0,637.0,1249.0,1940.0,2265.0,2918.0,4937.0,일반회계,2015,국민안전처,4937.0
함정건조,52.0,1097.0,1282.0,1445.0,1813.0,1917.0,2121.0,2132.0,2153.0,2519.0,2560.0,2603.0,일반회계,2015,국민안전처,2626.0
소하천정비,0.0,0.0,772.0,1302.0,1302.0,1312.0,1312.0,1356.0,1547.0,1547.0,1599.0,1651.0,지역발전특별회계,2015,국민안전처,2345.0
지역교통안전환경개선,0.0,197.0,197.0,197.0,197.0,197.0,197.0,338.0,350.0,350.0,504.0,504.0,지역발전특별회계,2015,국민안전처,504.0
군시설이전사업,1.0,2.0,3.0,127.0,139.0,642.0,697.0,734.0,876.0,949.0,1031.0,1508.0,국방·군사시설이전특별회계,2015,국방부,1861.0
간부주거시설,4.0,191.0,1374.0,1426.0,1485.0,2908.0,2934.0,2957.0,4132.0,4172.0,4224.0,5872.0,일반회계,2015,국방부,6326.0
건강보험부담금,229.0,464.0,728.0,1115.0,1186.0,1360.0,1358.0,1808.0,1808.0,1974.0,2275.0,2567.0,일반회계,2015,국방부,2599.0
과학화훈련,4.0,43.0,73.0,103.0,120.0,273.0,273.0,282.0,295.0,321.0,364.0,505.0,일반회계,2015,국방부,533.0
교육시설,20.0,108.0,292.0,384.0,442.0,845.0,817.0,850.0,948.0,1016.0,1094.0,1542.0,일반회계,2015,국방부,1794.0
교육용탄약,397.0,521.0,734.0,940.0,1012.0,1509.0,1661.0,1793.0,1947.0,2019.0,2197.0,2743.0,일반회계,2015,국방부,2770.0
국방정책지원,40.0,158.0,491.0,586.0,778.0,895.0,1092.0,1145.0,1210.0,1314.0,1409.0,1712.0,일반회계,2015,국방부,1944.0
군의무,381.0,413.0,541.0,647.0,860.0,1117.0,1163.0,1256.0,1373.0,1478.0,1615.0,2083.0,일반회계,2015,국방부,2004.0
군인적자원개발교육,29.0,43.0,128.0,168.0,201.0,288.0,298.0,315.0,380.0,403.0,472.0,546.0,일반회계,2015,국방부,560.0
급식비,815.0,2182.0,4751.0,5878.0,6684.0,9903.0,9987.0,10835.0,12130.0,12413.0,13832.0,15245.0,일반회계,2015,국방부,15255.0
물자획득,9.0,115.0,266.0,474.0,669.0,1064.0,1146.0,1228.0,1370.0,1490.0,1687.0,2052.0,일반회계,2015,국방부,2211.0
병영기본시설,1.0,418.0,842.0,1007.0,1177.0,1760.0,1805.0,1862.0,2162.0,2253.0,2456.0,3315.0,일반회계,2015,국방부,3689.0
수송활동,51.0,147.0,245.0,501.0,552.0,644.0,677.0,725.0,770.0,817.0,890.0,1028.0,일반회계,2015,국방부,1024.0
시설유지운영,619.0,1243.0,2236.0,2915.0,3498.0,4695.0,4817.0,5096.0,5608.0,6035.0,6594.0,8267.0,일반회계,2015,국방부,7753.0
연료확보,269.0,1103.0,1684.0,2424.0,3282.0,4417.0,4201.0,4581.0,4955.0,5170.0,5732.0,6713.0,일반회계,2015,국방부,10869.0
예비전력유지,34.0,130.0,248.0,324.0,390.0,580.0,640.0,686.0,746.0,821.0,875.0,972.0,일반회계,2015,국방부,1007.0
일반시설개선,56.0,622.0,1847.0,2529.0,2874.0,4638.0,4690.0,4838.0,5320.0,5493.0,5845.0,8177.0,일반회계,2015,국방부,9482.0
장비유지,535.0,1222.0,2266.0,2981.0,3927.0,6421.0,6764.0,7241.0,8330.0,9005.0,10059.0,14212.0,일반회계,2015,국방부,15566.0
장비획득,2.0,108.0,275.0,417.0,751.0,1711.0,1908.0,2018.0,2261.0,2469.0,2889.0,3859.0,일반회계,2015,국방부,4209.0
정보통신체계운영,678.0,965.0,1400.0,1806.0,2004.0,3001.0,3172.0,3236.0,3507.0,3869.0,4161.0,5109.0,일반회계,2015,국방부,5483.0
주한미군 방위비분담금,149.0,349.0,2304.0,2863.0,4229.0,5145.0,6466.0,6651.0,7040.0,7269.0,7586.0,8571.0,일반회계,2015,국방부,9064.0
탄약관리,0.0,47.0,84.0,141.0,245.0,436.0,465.0,500.0,525.0,562.0,597.0,792.0,일반회계,2015,국방부,878.0
피복비,231.0,779.0,1091.0,1359.0,1628.0,2142.0,2336.0,2555.0,3013.0,3302.0,3720.0,4866.0,일반회계,2015,국방부,5059.0
미군기지이전사업,113.0,311.0,604.0,1299.0,1570.0,2365.0,2406.0,2754.0,3250.0,3723.0,4380.0,5454.0,주한미군기지이전특별회계,2015,국방부,6828.0
미군기지이전지원,3.0,3.0,206.0,206.0,406.0,609.0,610.0,611.0,641.0,815.0,991.0,1169.0,주한미군기지이전특별회계,2015,국방부,1170.0
국방대학교 이전,0.0,8.0,95.0,279.0,283.0,399.0,475.0,533.0,591.0,655.0,739.0,888.0,혁신도시건설특별회계,2015,국방부,1095.0
장병복지향상,71.0,195.0,308.0,435.0,555.0,766.0,947.0,1096.0,1294.0,1449.0,1642.0,1982.0,군인복지기금,2015,국방부,2365.0
전세자금융자,4.0,87.0,228.0,321.0,360.0,412.0,445.0,507.0,560.0,653.0,710.0,969.0,군인복지기금,2015,국방부,1469.0
국세징수활동지원,112.0,212.0,316.0,442.0,534.0,624.0,717.0,873.0,908.0,1006.0,1091.0,1156.0,일반회계,2015,국세청,1187.0
국세행정 전산화(정보화),23.0,83.0,120.0,140.0,160.0,215.0,240.0,275.0,339.0,378.0,386.0,497.0,일반회계,2015,국세청,540.0
공공기관 지방이전,16.0,44.0,114.0,224.0,360.0,474.0,507.0,608.0,623.0,625.0,626.0,627.0,혁신도시건설특별회계,2015,국세청,633.0
고속도로건설,0.0,1684.0,4484.0,5484.0,6784.0,10084.0,10084.0,10267.0,10359.0,11759.0,12759.0,14431.0,교통시설특별회계,2015,국토교통부,14611.0
고속도로조사설계,0.0,0.0,47.0,77.0,109.0,209.0,213.0,213.0,237.0,242.0,242.0,546.0,교통시설특별회계,2015,국토교통부,841.0
고속철도건설,760.0,760.0,1720.0,2967.0,3097.0,3597.0,4502.0,4502.0,5312.0,5312.0,5312.0,5312.0,교통시설특별회계,2015,국토교통부,5312.0
도로병목지점 개선,0.0,45.0,213.0,294.0,358.0,632.0,672.0,692.0,782.0,842.0,908.0,1383.0,교통시설특별회계,2015,국토교통부,1689.0
도로보수(총액계상),0.0,102.0,507.0,843.0,1207.0,4081.0,4313.0,4630.0,5536.0,5866.0,6295.0,8886.0,교통시설특별회계,2015,국토교통부,9511.0
도로안전 및 환경개선(총액계상),0.0,6.0,27.0,56.0,101.0,523.0,551.0,598.0,746.0,800.0,908.0,1366.0,교통시설특별회계,2015,국토교통부,1528.0
물류간선1차,0.0,265.0,343.0,568.0,637.0,1115.0,1164.0,1222.0,1304.0,1367.0,1407.0,1721.0,교통시설특별회계,2015,국토교통부,1896.0
민자유치사업지원,885.0,1894.0,3234.0,4002.0,7029.0,10605.0,11056.0,11426.0,12989.0,13816.0,14217.0,17174.0,교통시설특별회계,2015,국토교통부,17346.0
시관내국도대체우회도로건설,17.0,289.0,428.0,539.0,591.0,826.0,846.0,878.0,1025.0,1097.0,1175.0,1468.0,교통시설특별회계,2015,국토교통부,1658.0
위험도로개선,0.0,13.0,92.0,141.0,174.0,297.0,330.0,347.0,404.0,417.0,462.0,690.0,교통시설특별회계,2015,국토교통부,958.0
일반국도건설,79.0,2078.0,3571.0,4351.0,4937.0,8115.0,8315.0,8530.0,9503.0,9897.0,10325.0,13568.0,교통시설특별회계,2015,국토교통부,13084.0
일반국도조사설계,0.0,183.0,286.0,301.0,329.0,400.0,403.0,413.0,434.0,439.0,445.0,620.0,교통시설특별회계,2015,국토교통부,671.0
일반철도건설,9031.0,9031.0,17909.0,24862.0,29363.0,29423.0,30241.0,30945.0,31057.0,32721.0,36692.0,39973.0,교통시설특별회계,2015,국토교통부,39993.0
지역간선국도3차,0.0,274.0,401.0,422.0,488.0,826.0,827.0,849.0,887.0,888.0,939.0,1076.0,교통시설특별회계,2015,국토교통부,1302.0
지역간선국도4차,0.0,410.0,516.0,571.0,627.0,1003.0,1046.0,1092.0,1213.0,1269.0,1369.0,1710.0,교통시설특별회계,2015,국토교통부,1905.0
지역간선국도5차,17.0,928.0,1796.0,2033.0,2453.0,3510.0,3608.0,3782.0,4164.0,4267.0,4489.0,5745.0,교통시설특별회계,2015,국토교통부,6355.0
지역간선국도6차,4.0,523.0,929.0,1248.0,1456.0,2149.0,2191.0,2270.0,2433.0,2504.0,2647.0,3464.0,교통시설특별회계,2015,국토교통부,3575.0
지역간선국도7차,7.0,506.0,819.0,974.0,1062.0,1549.0,1584.0,1630.0,1747.0,1762.0,1848.0,2373.0,교통시설특별회계,2015,국토교통부,3101.0
지역간선국도8차,14.0,510.0,1027.0,1174.0,1364.0,1951.0,1979.0,2051.0,2253.0,2340.0,2415.0,2947.0,교통시설특별회계,2015,국토교통부,3018.0
지하철건설지원,0.0,915.0,1548.0,2733.0,3535.0,4000.0,4516.0,4546.0,4641.0,5127.0,5742.0,6130.0,교통시설특별회계,2015,국토교통부,6350.0
철도기술연구,39.0,39.0,39.0,39.0,39.0,695.0,830.0,878.0,878.0,878.0,976.0,976.0,교통시설특별회계,2015,국토교통부,976.0
철도시설공단지원,419.0,419.0,419.0,419.0,579.0,838.0,838.0,838.0,838.0,838.0,838.0,838.0,교통시설특별회계,2015,국토교통부,838.0
철도운영지원(교특),0.0,289.0,737.0,737.0,1237.0,1481.0,1481.0,1482.0,2747.0,3181.0,3181.0,4310.0,교통시설특별회계,2015,국토교통부,4365.0
첨단도로교통체계,37.0,273.0,451.0,533.0,533.0,547.0,550.0,557.0,631.0,631.0,631.0,650.0,교통시설특별회계,2015,국토교통부,652.0
항행안전시설,1.0,42.0,140.0,147.0,182.0,262.0,285.0,297.0,329.0,338.0,353.0,581.0,교통시설특별회계,2015,국토교통부,760.0
건설기술혁신(R&D),0.0,0.0,303.0,303.0,463.0,584.0,879.0,879.0,884.0,903.0,903.0,903.0,일반회계,2015,국토교통부,903.0
광역상수도건설출자,0.0,187.0,187.0,187.0,340.0,340.0,340.0,379.0,340.0,450.0,450.0,531.0,일반회계,2015,국토교통부,531.0
국가하천정비지원,215.0,983.0,1845.0,2482.0,4279.0,5610.0,5711.0,5802.0,6086.0,6449.0,7676.0,9226.0,일반회계,2015,국토교통부,9534.0
국토교통기술역량강화(R&D),0.0,0.0,228.0,341.0,409.0,414.0,564.0,749.0,765.0,765.0,765.0,767.0,일반회계,2015,국토교통부,767.0
국토지형관리,2.0,9.0,283.0,379.0,404.0,441.0,505.0,519.0,545.0,568.0,636.0,822.0,일반회계,2015,국토교통부,857.0
굴포천치수,0.0,0.0,0.0,0.0,0.0,800.0,800.0,800.0,800.0,800.0,800.0,800.0,일반회계,2015,국토교통부,800.0
댐건설,0.0,0.0,646.0,882.0,1409.0,1429.0,1531.0,1731.0,1841.0,1988.0,2016.0,2299.0,일반회계,2015,국토교통부,2205.0
도시건축연구,0.0,0.0,238.0,323.0,395.0,580.0,580.0,580.0,580.0,580.0,580.0,580.0,일반회계,2015,국토교통부,580.0
부동산공시,0.0,341.0,410.0,475.0,509.0,551.0,573.0,616.0,649.0,670.0,714.0,760.0,일반회계,2015,국토교통부,779.0
수문조사및홍수예보지원,121.0,121.0,125.0,165.0,188.0,231.0,237.0,252.0,270.0,275.0,312.0,421.0,일반회계,2015,국토교통부,516.0
주거환경개선지원,0.0,0.0,0.0,0.0,300.0,300.0,331.0,426.0,426.0,426.0,426.0,1181.0,일반회계,2015,국토교통부,1481.0
주택가격조사지원,191.0,199.0,292.0,454.0,469.0,473.0,485.0,502.0,507.0,512.0,520.0,566.0,일반회계,2015,국토교통부,575.0
지방하천정비지원,0.0,70.0,4285.0,4285.0,4585.0,5183.0,5183.0,5183.0,5461.0,6059.0,6723.0,6754.0,일반회계,2015,국토교통부,6754.0
철도안전(일반),670.0,686.0,2342.0,3009.0,5350.0,5350.0,6708.0,6708.0,7009.0,7290.0,7587.0,7592.0,일반회계,2015,국토교통부,7599.0
철도운영지원(일반),0.0,0.0,403.0,403.0,403.0,2282.0,2282.0,2282.0,2983.0,2983.0,3509.0,3509.0,일반회계,2015,국토교통부,3509.0
치수능력증대사업,0.0,0.0,401.0,401.0,401.0,707.0,707.0,718.0,808.0,1018.0,1058.0,1216.0,일반회계,2015,국토교통부,1223.0
하천편입토지보상(총액계상),0.0,70.0,91.0,144.0,174.0,250.0,275.0,302.0,318.0,325.0,357.0,418.0,일반회계,2015,국토교통부,500.0
개발제한구역지원,21.0,1082.0,1292.0,1292.0,1292.0,1298.0,1302.0,1302.0,1302.0,1314.0,1314.0,1324.0,지역발전특별회계,2015,국토교통부,1327.0
광역도로,0.0,0.0,249.0,249.0,390.0,395.0,405.0,405.0,474.0,483.0,566.0,566.0,지역발전특별회계,2015,국토교통부,826.0
광역철도건설지원,510.0,510.0,1094.0,2754.0,3104.0,3710.0,4175.0,4175.0,4847.0,5053.0,5683.0,5696.0,지역발전특별회계,2015,국토교통부,6159.0
국가지원지방도건설,0.0,371.0,1696.0,1730.0,3021.0,3035.0,3577.0,3579.0,3915.0,5009.0,4997.0,5436.0,지역발전특별회계,2015,국토교통부,5455.0
대중교통지원(경제),0.0,10.0,331.0,331.0,331.0,334.0,371.0,371.0,409.0,409.0,412.0,813.0,지역발전특별회계,2015,국토교통부,874.0
대중교통지원(생활),0.0,65.0,152.0,406.0,435.0,455.0,490.0,503.0,567.0,622.0,686.0,811.0,지역발전특별회계,2015,국토교통부,1005.0
도시활력증진지역개발,0.0,684.0,808.0,1159.0,1279.0,1351.0,1385.0,1385.0,1400.0,1400.0,1430.0,1434.0,지역발전특별회계,2015,국토교통부,1726.0
산업단지진입도로지원,93.0,633.0,1089.0,1525.0,1926.0,2742.0,3041.0,3237.0,3913.0,4171.0,4431.0,6423.0,지역발전특별회계,2015,국토교통부,9403.0
성장촉진지역개발,0.0,1435.0,1435.0,1438.0,1443.0,1443.0,1553.0,1578.0,1663.0,1681.0,1725.0,1942.0,지역발전특별회계,2015,국토교통부,2478.0
지역거점조성지원,0.0,898.0,985.0,1406.0,1406.0,1406.0,1406.0,1406.0,1406.0,1421.0,1421.0,1429.0,지역발전특별회계,2015,국토교통부,1685.0
공공임대주택지원(융자),1899.0,3303.0,5072.0,8005.0,8445.0,11856.0,13520.0,14408.0,16129.0,19162.0,20681.0,24539.0,주택도시기금,2015,국토교통부,21782.0
국민임대주택지원(융자),17.0,62.0,115.0,1594.0,1615.0,2173.0,2247.0,2247.0,2338.0,2544.0,2656.0,4173.0,주택도시기금,2015,국토교통부,6090.0
다가구매입임대(융자),6.0,6.0,4361.0,4415.0,4415.0,4415.0,4415.0,4415.0,4415.0,4415.0,4416.0,4436.0,주택도시기금,2015,국토교통부,4500.0
분양주택지원(융자),650.0,1061.0,1269.0,1606.0,1988.0,2551.0,2844.0,3279.0,3770.0,3995.0,4356.0,5909.0,주택도시기금,2015,국토교통부,8363.0
수탁은행관리,417.0,609.0,644.0,1087.0,1213.0,1247.0,1437.0,1467.0,1502.0,1533.0,2355.0,2391.0,주택도시기금,2015,국토교통부,1651.0
이차보전 지원,137.0,140.0,140.0,291.0,291.0,291.0,591.0,591.0,591.0,729.0,729.0,1011.0,주택도시기금,2015,국토교통부,1593.0
임대주택지원,0.0,1579.0,2917.0,6657.0,8319.0,9107.0,9811.0,9963.0,13063.0,13759.0,14043.0,17548.0,주택도시기금,2015,국토교통부,19135.0
주택구입ㆍ전세자금(융자),7598.0,16979.0,27559.0,37585.0,46118.0,52707.0,64291.0,72083.0,77649.0,86005.0,88024.0,90083.0,주택도시기금,2015,국토교통부,90660.0
주택신보출연,93.0,185.0,269.0,361.0,450.0,540.0,628.0,718.0,808.0,894.0,984.0,1071.0,주택도시기금,2015,국토교통부,1074.0
행복주택(융자),80.0,80.0,80.0,1629.0,3470.0,3536.0,3890.0,3890.0,3944.0,3944.0,4316.0,6288.0,주택도시기금,2015,국토교통부,6576.0
"산업은행,수출입은행 출자",0.0,0.0,0.0,0.0,0.0,0.0,0.0,0.0,300.0,300.0,300.0,300.0,일반회계,2015,금융위원회,500.0
산업은행·중소기업은행 출자,400.0,400.0,400.0,400.0,400.0,400.0,800.0,800.0,800.0,800.0,800.0,800.0,일반회계,2015,금융위원회,800.0
기상관측위성개발,4.0,9.0,14.0,19.0,604.0,616.0,620.0,626.0,632.0,636.0,641.0,667.0,일반회계,2015,기상청,671.0
가축방역(농특),0.0,384.0,427.0,437.0,744.0,762.0,819.0,827.0,1065.0,1090.0,1404.0,1471.0,농어촌구조개선특별회계,2015,농림축산식품부,1246.0
경쟁력제고(농특),0.0,100.0,140.0,205.0,228.0,274.0,329.0,345.0,417.0,461.0,481.0,547.0,농어촌구조개선특별회계,2015,농림축산식품부,561.0
농가소득보전,50.0,130.0,187.0,243.0,296.0,482.0,540.0,590.0,646.0,707.0,1212.0,2904.0,농어촌구조개선특별회계,2015,농림축산식품부,3507.0
농식품기술개발,344.0,474.0,682.0,1056.0,1063.0,1435.0,1642.0,1646.0,1753.0,1790.0,1824.0,2140.0,농어촌구조개선특별회계,2015,농림축산식품부,2140.0
농업시설개선(농특),83.0,2186.0,2434.0,3112.0,3647.0,4884.0,5039.0,6097.0,6241.0,6241.0,6241.0,6831.0,농어촌구조개선특별회계,2015,농림축산식품부,8333.0
농업재해보험,1.0,375.0,526.0,1344.0,1704.0,1710.0,1914.0,2247.0,2447.0,2454.0,2461.0,2540.0,농어촌구조개선특별회계,2015,농림축산식품부,3375.0
농촌복지증진,47.0,1550.0,1554.0,2434.0,2451.0,2556.0,2663.0,3654.0,3721.0,4069.0,4069.0,4069.0,농어촌구조개선특별회계,2015,농림축산식품부,4078.0
농촌지역개발(농특),1.0,80.0,147.0,271.0,358.0,376.0,387.0,403.0,427.0,520.0,529.0,535.0,농어촌구조개선특별회계,2015,농림축산식품부,541.0
농협사업구조개편,400.0,500.0,685.0,685.0,985.0,1121.0,1121.0,1321.0,1321.0,1472.0,1472.0,1605.0,농어촌구조개선특별회계,2015,농림축산식품부,2431.0
다목적 용수개발,343.0,1291.0,1428.0,1784.0,2341.0,2535.0,2772.0,2902.0,2905.0,2905.0,2905.0,3025.0,농어촌구조개선특별회계,2015,농림축산식품부,4534.0
대단위농업개발 및 시설정비,281.0,520.0,815.0,950.0,1044.0,1154.0,1356.0,1437.0,1510.0,1510.0,1510.0,1603.0,농어촌구조개선특별회계,2015,농림축산식품부,1892.0
식품산업육성,31.0,78.0,305.0,329.0,370.0,406.0,419.0,420.0,429.0,456.0,498.0,540.0,농어촌구조개선특별회계,2015,농림축산식품부,541.0
이차보전,0.0,480.0,1164.0,1505.0,1687.0,1855.0,2020.0,2183.0,2184.0,2190.0,2191.0,2197.0,농어촌구조개선특별회계,2015,농림축산식품부,4002.0
재해예방(농특),794.0,1295.0,1739.0,1739.0,1939.0,2588.0,2888.0,3438.0,3802.0,3802.0,3852.0,4017.0,농어촌구조개선특별회계,2015,농림축산식품부,5130.0
친환경농자재,734.0,734.0,1447.0,1479.0,1781.0,2282.0,2795.0,2795.0,2795.0,2945.0,2945.0,3046.0,농어촌구조개선특별회계,2015,농림축산식품부,3051.0
양곡매입 및 관리,193.0,908.0,3152.0,4171.0,4329.0,4945.0,5809.0,5940.0,6624.0,8940.0,13124.0,14367.0,양곡관리특별회계,2015,농림축산식품부,15142.0
농업에너지이용효율화(투자),0.0,0.0,0.0,0.0,185.0,308.0,365.0,371.0,367.0,367.0,411.0,467.0,에너지및자원사업특별회계,2015,농림축산식품부,514.0
농어촌공사시설관리,0.0,0.0,483.0,483.0,483.0,954.0,966.0,966.0,1292.0,1316.0,1316.0,1610.0,일반회계,2015,농림축산식품부,1610.0
농업기반정비,0.0,312.0,612.0,612.0,710.0,1010.0,1010.0,1210.0,1210.0,1210.0,1210.0,1310.0,지역발전특별회계,2015,농림축산식품부,1805.0
농촌자원 복합산업화지원,0.0,578.0,937.0,937.0,1237.0,1772.0,1772.0,1872.0,1893.0,1893.0,1893.0,1993.0,지역발전특별회계,2015,농림축산식품부,2508.0
일반농산어촌개발,0.0,3762.0,4768.0,6043.0,6043.0,7607.0,8829.0,9279.0,9334.0,9379.0,9379.0,9806.0,지역발전특별회계,2015,농림축산식품부,14154.0
혁신도시이전,17.0,183.0,212.0,284.0,314.0,359.0,396.0,415.0,459.0,459.0,459.0,462.0,혁신도시건설특별회계,2015,농림축산식품부,522.0
농산물가격안정 및 수급조절,696.0,1059.0,1117.0,2637.0,2637.0,4239.0,4246.0,4246.0,5641.0,5641.0,5665.0,6488.0,농산물가격안정기금,2015,농림축산식품부,6657.0
농산물수출촉진,2.0,13.0,36.0,1204.0,1362.0,1644.0,1651.0,1673.0,2277.0,2288.0,2441.0,2660.0,농산물가격안정기금,2015,농림축산식품부,5602.0
농산물유통개선(농안기금),0.0,0.0,51.0,223.0,273.0,469.0,484.0,492.0,522.0,565.0,568.0,740.0,농산물가격안정기금,2015,농림축산식품부,756.0
"산지유통활성화(농안,융자)",0.0,0.0,0.0,3781.0,4647.0,6218.0,6312.0,6312.0,6312.0,6312.0,6327.0,6473.0,농산물가격안정기금,2015,농림축산식품부,6480.0
소비지유통활성화,0.0,210.0,293.0,458.0,577.0,1074.0,1132.0,1222.0,1256.0,1302.0,1533.0,1606.0,농산물가격안정기금,2015,농림축산식품부,2183.0
식품산업육성(농안),0.0,0.0,106.0,266.0,273.0,442.0,526.0,580.0,630.0,686.0,805.0,1039.0,농산물가격안정기금,2015,농림축산식품부,1568.0
종자수급조절,48.0,56.0,58.0,62.0,63.0,66.0,104.0,105.0,107.0,505.0,506.0,694.0,농산물가격안정기금,2015,농림축산식품부,695.0
친환경농산물유통활성화,0.0,0.0,0.0,100.0,130.0,201.0,201.0,247.0,264.0,264.0,264.0,274.0,농산물가격안정기금,2015,농림축산식품부,514.0
"농지은행(농지,융자)",219.0,969.0,2656.0,3224.0,3869.0,4712.0,4895.0,5110.0,5912.0,5948.0,6284.0,6314.0,농지관리기금,2015,농림축산식품부,6320.0
대단위농업개발(농지),0.0,119.0,911.0,977.0,1087.0,1891.0,1935.0,2061.0,2355.0,2383.0,2449.0,3049.0,농지관리기금,2015,농림축산식품부,3614.0
과수및원예경쟁력제고,136.0,136.0,143.0,655.0,992.0,1296.0,1304.0,1407.0,1448.0,1460.0,1573.0,1784.0,자유무역협정이행지원기금,2015,농림축산식품부,1887.0
농식품전문투자펀드출자,0.0,0.0,300.0,300.0,300.0,500.0,500.0,500.0,500.0,500.0,500.0,500.0,자유무역협정이행지원기금,2015,농림축산식품부,500.0
축사시설현대화(FTA),0.0,0.0,33.0,987.0,987.0,1234.0,1234.0,1234.0,1262.0,1483.0,1509.0,1514.0,자유무역협정이행지원기금,2015,농림축산식품부,1544.0
축산물수급관리,50.0,122.0,298.0,380.0,400.0,492.0,569.0,749.0,871.0,971.0,1060.0,1181.0,축산발전기금,2015,농림축산식품부,959.0
축산업경쟁력제고,13.0,720.0,1917.0,2571.0,2640.0,3300.0,3932.0,4477.0,4851.0,4925.0,5065.0,5247.0,축산발전기금,2015,농림축산식품부,5723.0
친환경축산(축발),0.0,376.0,535.0,979.0,1104.0,1591.0,1606.0,1606.0,1938.0,1964.0,2008.0,2093.0,축산발전기금,2015,농림축산식품부,2519.0
농업공동연구,43.0,152.0,370.0,561.0,651.0,914.0,977.0,1020.0,1069.0,1108.0,1166.0,1292.0,일반회계,2015,농촌진흥청,1309.0
축산연구(책임운영),7.0,21.0,58.0,158.0,181.0,218.0,276.0,301.0,339.0,360.0,393.0,512.0,일반회계,2015,농촌진흥청,746.0
지역농촌지도사업활성화지원,0.0,215.0,222.0,280.0,337.0,369.0,369.0,381.0,406.0,406.0,406.0,466.0,지역발전특별회계,2015,농촌진흥청,542.0
농촌진흥청 지방이전사업,48.0,485.0,1867.0,3126.0,3463.0,3912.0,3957.0,3964.0,3966.0,3966.0,3972.0,3972.0,혁신도시건설특별회계,2015,농촌진흥청,4802.0
문화재보수정비,0.0,1500.0,1500.0,2521.0,2521.0,2800.0,2800.0,2800.0,2800.0,2800.0,2800.0,2800.0,일반회계,2015,문화재청,2800.0
문화중심도시조성,18.0,35.0,73.0,80.0,85.0,127.0,343.0,355.0,395.0,509.0,646.0,928.0,아시아문화중심도시조성특별회계,2015,문화체육관광부,943.0
국립박물관 운영,43.0,62.0,110.0,147.0,181.0,239.0,281.0,313.0,356.0,413.0,452.0,544.0,일반회계,2015,문화체육관광부,629.0
문화예술교육지원,436.0,581.0,601.0,730.0,730.0,746.0,846.0,1022.0,1025.0,1066.0,1066.0,1066.0,일반회계,2015,문화체육관광부,1067.0
문화예술단체지원,40.0,240.0,260.0,484.0,491.0,548.0,692.0,754.0,772.0,802.0,802.0,802.0,일반회계,2015,문화체육관광부,802.0
문화콘텐츠산업 기술지원,0.0,0.0,249.0,253.0,253.0,253.0,520.0,520.0,520.0,520.0,520.0,538.0,일반회계,2015,문화체육관광부,538.0
문화콘텐츠산업 육성,1.0,79.0,389.0,513.0,552.0,593.0,750.0,761.0,786.0,803.0,806.0,806.0,일반회계,2015,문화체육관광부,807.0
문화콘텐츠산업 진흥 환경 조성,5.0,714.0,965.0,1046.0,1084.0,1098.0,1191.0,1192.0,1231.0,1233.0,1233.0,1320.0,일반회계,2015,문화체육관광부,1417.0
인문정신문화 진흥,88.0,123.0,173.0,248.0,248.0,248.0,311.0,350.0,355.0,483.0,483.0,535.0,일반회계,2015,문화체육관광부,539.0
종교문화활동 및 보존지원,3.0,10.0,33.0,307.0,354.0,371.0,385.0,401.0,433.0,455.0,486.0,508.0,일반회계,2015,문화체육관광부,543.0
관광자원개발,0.0,761.0,927.0,1173.0,1188.0,1221.0,1510.0,1520.0,1884.0,1891.0,1891.0,1891.0,지역발전특별회계,2015,문화체육관광부,3007.0
광역관광자원개발,0.0,68.0,271.0,429.0,445.0,484.0,502.0,502.0,1347.0,1370.0,2011.0,2011.0,지역발전특별회계,2015,문화체육관광부,2011.0
문화시설확충및운영,0.0,18.0,215.0,563.0,606.0,710.0,831.0,841.0,931.0,931.0,931.0,997.0,지역발전특별회계,2015,문화체육관광부,1278.0
체육진흥시설지원,0.0,651.0,651.0,816.0,816.0,816.0,964.0,986.0,986.0,1010.0,1010.0,1063.0,지역발전특별회계,2015,문화체육관광부,1929.0
관광사업체 융자지원,4.0,320.0,615.0,1043.0,1449.0,2050.0,2282.0,2697.0,3056.0,3396.0,3778.0,3884.0,관광진흥개발기금,2015,문화체육관광부,4500.0
관광인프라 조성,5.0,12.0,218.0,391.0,426.0,443.0,469.0,483.0,494.0,506.0,517.0,583.0,관광진흥개발기금,2015,문화체육관광부,611.0
국내관광육성지원,36.0,106.0,275.0,381.0,426.0,557.0,598.0,634.0,635.0,635.0,636.0,639.0,관광진흥개발기금,2015,문화체육관광부,649.0
해외관광객유치활동사업,115.0,558.0,793.0,973.0,992.0,1108.0,1468.0,1687.0,1703.0,1835.0,1835.0,1843.0,관광진흥개발기금,2015,문화체육관광부,1692.0
국제체육 지원,342.0,343.0,399.0,668.0,720.0,776.0,2030.0,2082.0,2247.0,2258.0,2683.0,4073.0,국민체육진흥기금,2015,문화체육관광부,4122.0
대한체육회 지원,41.0,227.0,519.0,1715.0,1950.0,2297.0,2307.0,2387.0,2566.0,2685.0,2931.0,3045.0,국민체육진흥기금,2015,문화체육관광부,3086.0
생활체육 활성화,63.0,97.0,313.0,710.0,886.0,985.0,1039.0,1102.0,1149.0,1186.0,1215.0,1243.0,국민체육진흥기금,2015,문화체육관광부,1291.0
생활체육시설 지원,0.0,0.0,0.0,318.0,529.0,768.0,914.0,1077.0,1212.0,1257.0,1278.0,1311.0,국민체육진흥기금,2015,문화체육관광부,1318.0
스포츠산업 활성화,0.0,1.0,2.0,47.0,45.0,321.0,341.0,374.0,385.0,393.0,409.0,439.0,국민체육진흥기금,2015,문화체육관광부,500.0
장애인체육 육성,32.0,47.0,102.0,275.0,324.0,395.0,396.0,439.0,480.0,511.0,520.0,527.0,국민체육진흥기금,2015,문화체육관광부,527.0
생활속예술활성화,0.0,129.0,283.0,352.0,379.0,490.0,506.0,563.0,590.0,600.0,616.0,624.0,문화예술진흥기금,2015,문화체육관광부,625.0
기초기술연구회 소속 출연연구기관 지원,431.0,431.0,1461.0,1839.0,2218.0,2641.0,2824.0,3006.0,3186.0,3342.0,3498.0,3618.0,에너지및자원사업특별회계,2015,미래창조과학부,3653.0
보험영업활성화,266.0,467.0,735.0,957.0,1148.0,1430.0,1700.0,1897.0,2119.0,2343.0,2573.0,2857.0,우체국보험특별회계,2015,미래창조과학부,2534.0
우체국금융정보화,22.0,71.0,113.0,148.0,205.0,262.0,284.0,336.0,378.0,396.0,457.0,568.0,우체국예금특별회계,2015,미래창조과학부,630.0
우체국예금안정적운영,135.0,230.0,364.0,486.0,575.0,827.0,954.0,1032.0,1124.0,1202.0,1306.0,1498.0,우체국예금특별회계,2015,미래창조과학부,1538.0
건강보험료,0.0,83.0,124.0,173.0,215.0,258.0,301.0,343.0,385.0,427.0,469.0,511.0,우편사업특별회계,2015,미래창조과학부,585.0
국제우편사업활성화,33.0,449.0,738.0,980.0,1239.0,1653.0,1805.0,1916.0,1976.0,2305.0,2409.0,2740.0,우편사업특별회계,2015,미래창조과학부,2744.0
보편적서비스제고를위한창구망운영,170.0,291.0,450.0,562.0,683.0,897.0,1014.0,1115.0,1228.0,1356.0,1485.0,1668.0,우편사업특별회계,2015,미래창조과학부,1651.0
우정사업운영지원,10.0,26.0,1322.0,1333.0,1338.0,1346.0,1358.0,1362.0,1374.0,1381.0,1410.0,1432.0,우편사업특별회계,2015,미래창조과학부,1490.0
우정서비스기간망구축,0.0,67.0,96.0,179.0,229.0,310.0,408.0,478.0,566.0,638.0,718.0,1097.0,우편사업특별회계,2015,미래창조과학부,1307.0
우편소통품질향상,447.0,709.0,1183.0,1429.0,1623.0,2396.0,2679.0,2856.0,3091.0,3240.0,3445.0,4085.0,우편사업특별회계,2015,미래창조과학부,4146.0
개인 연구지원 사업,0.0,0.0,295.0,3058.0,3931.0,4043.0,4137.0,4386.0,4386.0,4386.0,5478.0,5875.0,일반회계,2015,미래창조과학부,5875.0
국립대학법인 울산과기대 운영지원,0.0,0.0,423.0,553.0,633.0,781.0,842.0,892.0,998.0,1047.0,1088.0,1164.0,일반회계,2015,미래창조과학부,1186.0
국제과학비즈니스벨트조성,0.0,31.0,35.0,143.0,863.0,1306.0,1306.0,1306.0,1321.0,2029.0,2030.0,2168.0,일반회계,2015,미래창조과학부,2295.0
기초기술연구회 소속 출연연구기관 지원,1946.0,4044.0,6432.0,8149.0,9884.0,11615.0,12487.0,13269.0,14018.0,14692.0,15423.0,15944.0,일반회계,2015,미래창조과학부,16107.0
기초연구기반구축사업,0.0,800.0,800.0,850.0,850.0,1516.0,1545.0,1545.0,1545.0,1545.0,1545.0,1545.0,일반회계,2015,미래창조과학부,1545.0
바이오·의료기술개발,0.0,0.0,744.0,934.0,934.0,1655.0,1655.0,1655.0,2063.0,2075.0,2266.0,2300.0,일반회계,2015,미래창조과학부,2300.0
에너지·환경기술개발,0.0,248.0,315.0,315.0,374.0,910.0,1079.0,1079.0,1079.0,1079.0,1079.0,1079.0,일반회계,2015,미래창조과학부,1079.0
우수학생 국가장학 사업,0.0,478.0,478.0,478.0,478.0,478.0,664.0,664.0,664.0,664.0,664.0,664.0,일반회계,2015,미래창조과학부,664.0
우주발사체개발,0.0,0.0,0.0,0.0,0.0,0.0,0.0,2555.0,2555.0,2555.0,2555.0,2555.0,일반회계,2015,미래창조과학부,2555.0
인공위성개발,0.0,0.0,47.0,138.0,846.0,926.0,926.0,926.0,926.0,926.0,926.0,926.0,일반회계,2015,미래창조과학부,926.0
정보보호기반강화,0.0,37.0,224.0,287.0,350.0,400.0,428.0,457.0,503.0,521.0,534.0,552.0,일반회계,2015,미래창조과학부,552.0
직할출연연구기관지원,895.0,2150.0,3269.0,4211.0,5015.0,5947.0,6512.0,7023.0,7680.0,8088.0,8580.0,8938.0,일반회계,2015,미래창조과학부,9026.0
집단 연구자 지원,0.0,455.0,548.0,548.0,548.0,819.0,819.0,819.0,1244.0,1244.0,1264.0,1264.0,일반회계,2015,미래창조과학부,1264.0
창조경제기반조성,1.0,16.0,243.0,306.0,410.0,437.0,474.0,477.0,487.0,497.0,499.0,500.0,일반회계,2015,미래창조과학부,501.0
첨단융합기술개발,0.0,165.0,460.0,460.0,506.0,701.0,701.0,711.0,1693.0,1693.0,1696.0,1696.0,일반회계,2015,미래창조과학부,1696.0
수출용 신형 연구로 개발 및 실증사업,0.0,0.0,547.0,547.0,547.0,547.0,547.0,547.0,547.0,547.0,547.0,547.0,지역발전특별회계,2015,미래창조과학부,547.0
연구개발특구육성,6.0,11.0,367.0,619.0,619.0,640.0,670.0,826.0,826.0,921.0,921.0,921.0,지역발전특별회계,2015,미래창조과학부,921.0
방송인프라지원,38.0,146.0,259.0,342.0,424.0,511.0,678.0,724.0,772.0,807.0,825.0,853.0,방송통신발전기금,2015,미래창조과학부,853.0
방송통신산업 원천기술개발(R&D),0.0,0.0,755.0,755.0,755.0,1364.0,1407.0,1407.0,1692.0,1692.0,1692.0,1887.0,방송통신발전기금,2015,미래창조과학부,1887.0
방송통신콘텐츠진흥,0.0,3.0,92.0,115.0,178.0,710.0,720.0,753.0,788.0,823.0,838.0,842.0,방송통신발전기금,2015,미래창조과학부,842.0
출연연 연구개발지원(R&D),0.0,0.0,375.0,375.0,375.0,678.0,678.0,678.0,841.0,841.0,841.0,938.0,방송통신발전기금,2015,미래창조과학부,938.0
콘텐츠 진흥,0.0,68.0,226.0,281.0,408.0,408.0,408.0,455.0,472.0,536.0,555.0,564.0,방송통신발전기금,2015,미래창조과학부,564.0
원자력연구개발사업,0.0,0.0,404.0,404.0,404.0,830.0,830.0,830.0,1222.0,1222.0,1222.0,1637.0,원자력연구개발기금,2015,미래창조과학부,1637.0
기술확산지원,0.0,0.0,459.0,634.0,634.0,634.0,747.0,747.0,749.0,793.0,793.0,793.0,정보통신진흥기금,2015,미래창조과학부,793.0
인력양성(정진기금),0.0,0.0,544.0,631.0,649.0,656.0,750.0,790.0,800.0,803.0,803.0,803.0,정보통신진흥기금,2015,미래창조과학부,803.0
정보통신산업융합원천기술,0.0,0.0,1008.0,1038.0,1133.0,2150.0,2300.0,2471.0,2647.0,2719.0,2719.0,2719.0,정보통신진흥기금,2015,미래창조과학부,2719.0
정보통신응용기술개발지원(융자),0.0,0.0,100.0,400.0,400.0,600.0,600.0,600.0,600.0,600.0,600.0,600.0,정보통신진흥기금,2015,미래창조과학부,600.0
감시/정찰/정보사업,0.0,11.0,107.0,113.0,131.0,359.0,362.0,488.0,511.0,523.0,589.0,1317.0,일반회계,2015,방위사업청,1582.0
국과연연구개발,267.0,650.0,773.0,2402.0,2595.0,2595.0,2750.0,2896.0,3428.0,3952.0,3953.0,4180.0,일반회계,2015,방위사업청,4203.0
국방과학연구소 운영,347.0,589.0,750.0,992.0,1346.0,1346.0,1515.0,1756.0,2184.0,2410.0,2410.0,2556.0,일반회계,2015,방위사업청,2573.0
국방기술개발,551.0,969.0,1572.0,4614.0,5480.0,5481.0,6094.0,6407.0,7377.0,8131.0,8132.0,8299.0,일반회계,2015,방위사업청,8359.0
국방기술품질원운영,100.0,134.0,168.0,298.0,298.0,298.0,383.0,417.0,451.0,484.0,527.0,556.0,일반회계,2015,방위사업청,565.0
국책 연구개발 사업,0.0,0.0,0.0,188.0,188.0,598.0,599.0,604.0,605.0,605.0,717.0,1680.0,일반회계,2015,방위사업청,1686.0
기갑사업,173.0,470.0,1053.0,1642.0,2054.0,3480.0,3864.0,4477.0,4761.0,5217.0,5230.0,5915.0,일반회계,2015,방위사업청,5922.0
기동사업,0.0,60.0,136.0,136.0,212.0,868.0,887.0,973.0,996.0,1132.0,1164.0,1595.0,일반회계,2015,방위사업청,2314.0
기술기획/품질경영,186.0,214.0,243.0,423.0,423.0,423.0,455.0,481.0,507.0,533.0,557.0,618.0,일반회계,2015,방위사업청,613.0
레이더장비 사업,0.0,10.0,18.0,45.0,50.0,85.0,103.0,103.0,106.0,106.0,201.0,323.0,일반회계,2015,방위사업청,548.0
방호시설사업,0.0,0.0,186.0,204.0,204.0,253.0,253.0,253.0,304.0,304.0,304.0,396.0,일반회계,2015,방위사업청,509.0
부대개편사업(육군),7.0,62.0,127.0,178.0,279.0,542.0,569.0,623.0,703.0,710.0,737.0,1147.0,일반회계,2015,방위사업청,1301.0
부대시설사업(공군),0.0,0.0,22.0,22.0,22.0,240.0,248.0,277.0,295.0,317.0,362.0,405.0,일반회계,2015,방위사업청,548.0
부대시설사업(해군),0.0,52.0,411.0,649.0,853.0,1589.0,1678.0,1795.0,2082.0,2176.0,2327.0,3298.0,일반회계,2015,방위사업청,3892.0
상륙/지원함 사업,0.0,157.0,335.0,867.0,1506.0,2913.0,3141.0,3158.0,3255.0,3291.0,3785.0,5125.0,일반회계,2015,방위사업청,5547.0
양산구매 성능개량,54.0,587.0,910.0,1061.0,1185.0,1373.0,1425.0,1475.0,1556.0,1985.0,2081.0,2264.0,일반회계,2015,방위사업청,2438.0
업체주관 연구개발,3.0,29.0,71.0,168.0,298.0,433.0,434.0,482.0,521.0,522.0,545.0,725.0,일반회계,2015,방위사업청,896.0
연구개발 성능개량,24.0,1057.0,1524.0,1897.0,2089.0,2925.0,3489.0,3584.0,3892.0,4130.0,4225.0,5574.0,일반회계,2015,방위사업청,6094.0
잠수함 사업,0.0,1.0,1238.0,1245.0,1246.0,2821.0,2859.0,2860.0,2877.0,2878.0,2884.0,4057.0,일반회계,2015,방위사업청,4558.0
저고도유도무기 사업,0.0,0.0,0.0,0.0,0.0,244.0,244.0,245.0,260.0,280.0,566.0,727.0,일반회계,2015,방위사업청,735.0
전자전장비 사업,0.0,146.0,154.0,154.0,373.0,457.0,475.0,485.0,487.0,520.0,583.0,683.0,일반회계,2015,방위사업청,707.0
전투기 사업,0.0,516.0,1940.0,2457.0,2597.0,3509.0,3564.0,3587.0,3628.0,3681.0,3809.0,3923.0,일반회계,2015,방위사업청,3955.0
전투예비탄약,0.0,0.0,0.0,12.0,12.0,1390.0,2094.0,2333.0,2535.0,2763.0,3006.0,4117.0,일반회계,2015,방위사업청,4102.0
전투함 사업,8.0,299.0,453.0,1397.0,1533.0,2798.0,3044.0,3075.0,3100.0,3132.0,3257.0,4050.0,일반회계,2015,방위사업청,4567.0
중·고고도유도무기 사업,1.0,64.0,99.0,532.0,555.0,2037.0,2054.0,2077.0,2214.0,2246.0,2265.0,2765.0,일반회계,2015,방위사업청,2853.0
지원/특수기 사업,355.0,1288.0,1464.0,1827.0,1858.0,2312.0,2368.0,2497.0,2694.0,2743.0,2787.0,3869.0,일반회계,2015,방위사업청,4308.0
편제장비보강사업,0.0,6.0,7.0,7.0,8.0,57.0,65.0,73.0,163.0,291.0,377.0,931.0,일반회계,2015,방위사업청,1093.0
포병전력사업,303.0,932.0,2139.0,3941.0,4484.0,6381.0,7029.0,7378.0,7961.0,8421.0,9289.0,10592.0,일반회계,2015,방위사업청,11055.0
해상유도무기 사업,0.0,45.0,380.0,386.0,507.0,866.0,871.0,878.0,880.0,1025.0,1217.0,1418.0,일반회계,2015,방위사업청,1421.0
화생방 사업,0.0,4.0,9.0,41.0,75.0,79.0,170.0,182.0,323.0,340.0,521.0,642.0,일반회계,2015,방위사업청,709.0
교도소운영,84.0,153.0,269.0,347.0,420.0,525.0,618.0,698.0,855.0,931.0,1019.0,1192.0,일반회계,2015,법무부,1107.0
수사지원및역량강화,80.0,147.0,239.0,315.0,390.0,478.0,548.0,621.0,705.0,773.0,847.0,1011.0,일반회계,2015,법무부,1025.0
재소자수용및교화,53.0,149.0,240.0,344.0,413.0,508.0,620.0,709.0,805.0,924.0,1040.0,1300.0,일반회계,2015,법무부,1138.0
서울병원운영(자본),14.0,22.0,45.0,68.0,98.0,159.0,243.0,271.0,346.0,352.0,363.0,453.0,국립서울병원,2015,보건복지부,541.0
가정양육수당 지원사업,1212.0,2424.0,3636.0,4628.0,5620.0,6612.0,7530.0,7530.0,9268.0,10143.0,11018.0,11059.0,일반회계,2015,보건복지부,11018.0
건강보험 지원,4400.0,10400.0,15901.0,22602.0,28102.0,36402.0,41003.0,45503.0,48803.0,51303.0,54003.0,55801.0,일반회계,2015,보건복지부,55792.0
공무원사립학교교직원 국가부담금,297.0,804.0,1312.0,1823.0,2580.0,3123.0,3668.0,4206.0,4743.0,5283.0,5819.0,6464.0,일반회계,2015,보건복지부,6464.0
국립암센터운영,198.0,198.0,198.0,365.0,365.0,365.0,428.0,428.0,428.0,541.0,541.0,541.0,일반회계,2015,보건복지부,541.0
기초생활급여,4585.0,8236.0,11843.0,15454.0,18795.0,21516.0,23548.0,26124.0,28169.0,30256.0,32338.0,33990.0,일반회계,2015,보건복지부,40564.0
긴급복지,137.0,274.0,412.0,512.0,612.0,1012.0,1012.0,1012.0,1012.0,1012.0,1013.0,1013.0,일반회계,2015,보건복지부,1013.0
노인관련기관지원,332.0,344.0,349.0,401.0,401.0,407.0,450.0,454.0,456.0,476.0,502.0,505.0,일반회계,2015,보건복지부,506.0
노인돌봄서비스,517.0,517.0,544.0,924.0,924.0,927.0,1124.0,1126.0,1126.0,1320.0,1325.0,1326.0,일반회계,2015,보건복지부,1326.0
노인복지지원,8238.0,15477.0,23715.0,31153.0,37594.0,43818.0,51057.0,58302.0,64748.0,68680.0,72092.0,74000.0,일반회계,2015,보건복지부,75826.0
노인일자리지원,366.0,1399.0,1443.0,2885.0,2885.0,2920.0,3420.0,3428.0,3434.0,3442.0,3442.0,3442.0,일반회계,2015,보건복지부,3442.0
노인장기요양보험지원,1700.0,1735.0,1859.0,3594.0,3645.0,5537.0,5578.0,5614.0,5741.0,5778.0,5814.0,5971.0,일반회계,2015,보건복지부,5972.0
드림스타트 지원,33.0,99.0,197.0,296.0,395.0,460.0,526.0,526.0,559.0,592.0,658.0,658.0,일반회계,2015,보건복지부,658.0
방과후활동지원,317.0,440.0,565.0,702.0,839.0,976.0,1113.0,1250.0,1374.0,1375.0,1377.0,1377.0,일반회계,2015,보건복지부,1377.0
보건산업진흥,16.0,66.0,86.0,123.0,123.0,140.0,149.0,160.0,175.0,486.0,597.0,617.0,일반회계,2015,보건복지부,620.0
보건의료연구개발,0.0,4.0,25.0,277.0,341.0,359.0,420.0,595.0,633.0,784.0,892.0,1012.0,일반회계,2015,보건복지부,1040.0
사회복지전달체계,163.0,352.0,492.0,723.0,809.0,900.0,1046.0,1155.0,1256.0,1431.0,1534.0,1688.0,일반회계,2015,보건복지부,1876.0
어린이집 운영지원,480.0,962.0,1444.0,1925.0,2406.0,2887.0,3230.0,3572.0,3914.0,4251.0,4928.0,5157.0,일반회계,2015,보건복지부,4969.0
어린이집 지원,57.0,645.0,915.0,1120.0,1325.0,1530.0,1680.0,1830.0,1870.0,2089.0,2166.0,2223.0,일반회계,2015,보건복지부,2217.0
영유아보육료지원,4578.0,9157.0,13728.0,16775.0,19831.0,22894.0,24814.0,25849.0,27754.0,29658.0,30316.0,30324.0,일반회계,2015,보건복지부,30569.0
의료급여,9014.0,13540.0,18529.0,23037.0,27558.0,31584.0,33739.0,35444.0,36791.0,39823.0,42629.0,45339.0,일반회계,2015,보건복지부,45340.0
자활지원,677.0,1363.0,1700.0,2247.0,2783.0,3062.0,3351.0,3633.0,3801.0,4152.0,4499.0,4500.0,일반회계,2015,보건복지부,4505.0
장애인복지시설확충,366.0,829.0,1177.0,1606.0,2027.0,2401.0,2769.0,3142.0,3583.0,4579.0,4596.0,4651.0,일반회계,2015,보건복지부,4651.0
장애인선택적복지,627.0,1247.0,1837.0,2463.0,2978.0,3374.0,3770.0,4145.0,4277.0,4733.0,5125.0,5458.0,일반회계,2015,보건복지부,5496.0
장애인소득보장,667.0,1502.0,2228.0,2927.0,3619.0,4291.0,4792.0,5292.0,5750.0,6187.0,6670.0,7126.0,일반회계,2015,보건복지부,7195.0
장애인일자리지원,114.0,170.0,226.0,284.0,340.0,397.0,442.0,486.0,530.0,575.0,662.0,662.0,일반회계,2015,보건복지부,662.0
정신보건시설기능보강,181.0,181.0,182.0,384.0,385.0,565.0,583.0,585.0,647.0,831.0,832.0,832.0,일반회계,2015,보건복지부,832.0
지방의료원 등 육성,1.0,88.0,161.0,164.0,289.0,349.0,449.0,464.0,525.0,578.0,578.0,676.0,일반회계,2015,보건복지부,695.0
취약계층의료비지원,430.0,863.0,1237.0,1591.0,1952.0,2176.0,2342.0,2509.0,2665.0,2831.0,3019.0,3153.0,일반회계,2015,보건복지부,3153.0
지역자율형 사회서비스 투자사업,632.0,632.0,632.0,1263.0,1263.0,1263.0,1465.0,1616.0,1616.0,1616.0,1816.0,1816.0,지역발전특별회계,2015,보건복지부,2136.0
첨단의료복합단지조성,0.0,96.0,96.0,96.0,96.0,237.0,237.0,237.0,237.0,577.0,577.0,577.0,지역발전특별회계,2015,보건복지부,585.0
건강보험지원(국민건강증진기금),79.0,310.0,1174.0,1365.0,1964.0,2944.0,3374.0,5424.0,7874.0,9044.0,11039.0,15185.0,국민건강증진기금,2015,보건복지부,15185.0
금연사업,0.0,80.0,323.0,380.0,380.0,1019.0,1057.0,1059.0,1084.0,1327.0,1334.0,1462.0,국민건강증진기금,2015,보건복지부,1475.0
보건소건강증진,5.0,310.0,338.0,460.0,675.0,680.0,903.0,904.0,906.0,1094.0,1094.0,1096.0,국민건강증진기금,2015,보건복지부,1098.0
보건의료연구개발,0.0,1.0,1.0,202.0,294.0,559.0,703.0,785.0,1032.0,1038.0,1671.0,2219.0,국민건강증진기금,2015,보건복지부,2273.0
예방접종관리,403.0,705.0,708.0,860.0,1311.0,1313.0,1819.0,2122.0,2124.0,2478.0,2601.0,2615.0,국민건강증진기금,2015,보건복지부,2624.0
응급의료기관 지원,6.0,32.0,94.0,182.0,243.0,474.0,607.0,889.0,921.0,1000.0,1121.0,1240.0,응급의료기금,2015,보건복지부,1354.0
산림병해충방제(농특),33.0,317.0,574.0,700.0,730.0,755.0,758.0,858.0,861.0,926.0,934.0,954.0,농어촌구조개선특별회계,2015,산림청,956.0
임업인육성(농특),0.0,16.0,105.0,210.0,238.0,279.0,364.0,390.0,412.0,433.0,470.0,534.0,농어촌구조개선특별회계,2015,산림청,602.0
청정임산물이용증진(농특),6.0,203.0,252.0,430.0,431.0,455.0,456.0,460.0,461.0,499.0,500.0,501.0,농어촌구조개선특별회계,2015,산림청,501.0
탄소흡수원확충(농특),3.0,472.0,1002.0,1968.0,2051.0,2268.0,2565.0,2861.0,3066.0,3104.0,3157.0,3301.0,농어촌구조개선특별회계,2015,산림청,3322.0
국유재산 및 산지관리(일반),4.0,22.0,109.0,166.0,223.0,413.0,439.0,488.0,530.0,606.0,658.0,765.0,일반회계,2015,산림청,769.0
산림과학기술개발(일반),4.0,18.0,68.0,115.0,145.0,263.0,275.0,296.0,335.0,360.0,413.0,536.0,일반회계,2015,산림청,563.0
산림복지시설 조성 및 운영(일반),0.0,1.0,2.0,25.0,135.0,305.0,369.0,381.0,450.0,471.0,537.0,876.0,일반회계,2015,산림청,1023.0
산림재해방지(일반),2.0,1190.0,1944.0,2776.0,2824.0,3182.0,3296.0,3312.0,3346.0,3356.0,3381.0,3479.0,일반회계,2015,산림청,3488.0
"산림경영자원육성(지특,경제)",0.0,3.0,145.0,160.0,162.0,276.0,280.0,293.0,344.0,382.0,455.0,563.0,지역발전특별회계,2015,산림청,568.0
"산림경영자원육성(지특,생활)",0.0,99.0,108.0,911.0,925.0,1032.0,1169.0,1169.0,1169.0,1169.0,1169.0,1169.0,지역발전특별회계,2015,산림청,1169.0
"산림휴양녹색공간조성(지특,생활)",0.0,31.0,242.0,942.0,942.0,942.0,942.0,1426.0,1426.0,1426.0,1426.0,1426.0,지역발전특별회계,2015,산림청,1498.0
가스안전관리,36.0,135.0,258.0,454.0,660.0,660.0,666.0,666.0,666.0,682.0,682.0,682.0,에너지및자원사업특별회계,2015,산업통상자원부,682.0
광물자원개발융자,0.0,0.0,0.0,0.0,0.0,0.0,0.0,0.0,0.0,47.0,59.0,1438.0,에너지및자원사업특별회계,2015,산업통상자원부,1438.0
광산지역진흥,676.0,696.0,879.0,1039.0,1139.0,1316.0,1439.0,1439.0,1506.0,1576.0,1713.0,1757.0,에너지및자원사업특별회계,2015,산업통상자원부,1863.0
도시가스공급,0.0,20.0,36.0,36.0,29.0,283.0,296.0,302.0,384.0,482.0,527.0,750.0,에너지및자원사업특별회계,2015,산업통상자원부,750.0
석유비축,0.0,147.0,147.0,147.0,147.0,314.0,314.0,314.0,445.0,589.0,589.0,589.0,에너지및자원사업특별회계,2015,산업통상자원부,589.0
석탄수급안정,920.0,1595.0,1817.0,1963.0,2071.0,2128.0,2128.0,2129.0,2140.0,2166.0,2166.0,2166.0,에너지및자원사업특별회계,2015,산업통상자원부,2166.0
에너지바우처,0.0,0.0,29.0,29.0,43.0,43.0,43.0,43.0,43.0,235.0,235.0,885.0,에너지및자원사업특별회계,2015,산업통상자원부,1058.0
에너지수요기술,52.0,52.0,562.0,567.0,1079.0,1133.0,1133.0,1143.0,1563.0,1892.0,1892.0,1892.0,에너지및자원사업특별회계,2015,산업통상자원부,1892.0
에너지이용합리화,0.0,75.0,372.0,462.0,517.0,520.0,539.0,1010.0,1020.0,1062.0,1088.0,1172.0,에너지및자원사업특별회계,2015,산업통상자원부,1187.0
에너지이용효율향상(융자),0.0,300.0,500.0,1300.0,2000.0,2500.0,3000.0,3300.0,3800.0,4400.0,4700.0,5000.0,에너지및자원사업특별회계,2015,산업통상자원부,5000.0
공공기술개발,11.0,11.0,213.0,518.0,518.0,643.0,645.0,687.0,873.0,873.0,873.0,873.0,일반회계,2015,산업통상자원부,873.0
국제협력(일반회계),30.0,30.0,229.0,229.0,378.0,438.0,538.0,538.0,538.0,538.0,626.0,626.0,일반회계,2015,산업통상자원부,626.0
글로벌전문기술(일반회계),54.0,70.0,375.0,405.0,1297.0,2104.0,2104.0,2204.0,2491.0,2492.0,2492.0,2492.0,일반회계,2015,산업통상자원부,2492.0
기술개발기반구축(일반회계),0.0,0.0,149.0,236.0,236.0,724.0,868.0,1061.0,1217.0,1365.0,1580.0,1627.0,일반회계,2015,산업통상자원부,1627.0
대한무역투자진흥공사,1062.0,1062.0,1062.0,2385.0,2385.0,2565.0,2565.0,2565.0,2565.0,2682.0,2682.0,2682.0,일반회계,2015,산업통상자원부,2682.0
무역금융지원,0.0,700.0,700.0,700.0,700.0,700.0,700.0,700.0,700.0,700.0,700.0,700.0,일반회계,2015,산업통상자원부,700.0
미래산업선도기술개발사업,15.0,15.0,15.0,131.0,131.0,131.0,421.0,421.0,616.0,625.0,657.0,657.0,일반회계,2015,산업통상자원부,657.0
부품소재산업경쟁력향상,41.0,122.0,1016.0,2035.0,2035.0,2170.0,2405.0,2505.0,3414.0,3414.0,3414.0,3414.0,일반회계,2015,산업통상자원부,3414.0
사업화연계기술개발,0.0,422.0,422.0,509.0,509.0,509.0,598.0,598.0,598.0,598.0,609.0,609.0,일반회계,2015,산업통상자원부,609.0
신산업융합핵심기술,865.0,1030.0,1050.0,1829.0,1962.0,2052.0,2052.0,2086.0,2559.0,2603.0,2608.0,2608.0,일반회계,2015,산업통상자원부,2608.0
인력양성(일반회계),0.0,0.0,613.0,693.0,693.0,693.0,693.0,693.0,693.0,693.0,693.0,693.0,일반회계,2015,산업통상자원부,699.0
자유무역지역조성,0.0,86.0,94.0,210.0,273.0,288.0,326.0,342.0,377.0,447.0,454.0,548.0,일반회계,2015,산업통상자원부,622.0
주력산업융합핵심기술,0.0,240.0,471.0,1763.0,2219.0,2488.0,2547.0,2547.0,2774.0,2836.0,2836.0,2838.0,일반회계,2015,산업통상자원부,2838.0
표준화및인증(일반회계),123.0,170.0,170.0,410.0,410.0,446.0,461.0,461.0,508.0,508.0,508.0,508.0,일반회계,2015,산업통상자원부,508.0
경제자유구역지원,2.0,2.0,59.0,70.0,92.0,300.0,302.0,315.0,431.0,521.0,521.0,598.0,지역발전특별회계,2015,산업통상자원부,755.0
광역경제권거점기관지원,15.0,23.0,463.0,526.0,1032.0,2561.0,2704.0,3263.0,3340.0,3884.0,3954.0,3954.0,지역발전특별회계,2015,산업통상자원부,3964.0
광역경제권산업경쟁력강화,0.0,0.0,1216.0,1720.0,3044.0,3897.0,3897.0,4038.0,4963.0,4963.0,4963.0,5275.0,지역발전특별회계,2015,산업통상자원부,5280.0
광역경제권투자유치활성화,0.0,199.0,199.0,262.0,262.0,274.0,290.0,290.0,557.0,597.0,905.0,1200.0,지역발전특별회계,2015,산업통상자원부,1657.0
외국인투자유치활성화,0.0,0.0,414.0,483.0,484.0,484.0,535.0,782.0,808.0,862.0,913.0,1124.0,지역발전특별회계,2015,산업통상자원부,1295.0
지역특성화산업육성,0.0,0.0,0.0,861.0,874.0,949.0,949.0,949.0,949.0,949.0,949.0,949.0,지역발전특별회계,2015,산업통상자원부,950.0
산업기술진흥및사업화촉진,0.0,45.0,235.0,235.0,522.0,631.0,635.0,709.0,805.0,805.0,955.0,955.0,산업기술진흥및사업화촉진기금,2015,산업통상자원부,955.0
기반구축,36.0,118.0,136.0,136.0,204.0,463.0,463.0,520.0,624.0,624.0,633.0,667.0,전력산업기반기금,2015,산업통상자원부,667.0
농어촌전기공급지원(기금),300.0,300.0,600.0,600.0,1160.0,1160.0,1300.0,1300.0,1456.0,1456.0,1456.0,1756.0,전력산업기반기금,2015,산업통상자원부,1756.0
발전소주변지역지원(기금),0.0,1380.0,1426.0,1860.0,1860.0,1969.0,2331.0,2365.0,2365.0,2440.0,2440.0,2440.0,전력산업기반기금,2015,산업통상자원부,1256.0
신재생에너지금융지원,0.0,259.0,359.0,518.0,618.0,718.0,807.0,877.0,1037.0,1037.0,1150.0,1150.0,전력산업기반기금,2015,산업통상자원부,1150.0
신재생에너지보급(기금),0.0,570.0,1164.0,1608.0,1964.0,2644.0,2859.0,2957.0,3541.0,3841.0,4058.0,4412.0,전력산업기반기금,2015,산업통상자원부,4189.0
전기안전관리(기금),284.0,284.0,284.0,575.0,575.0,575.0,774.0,774.0,774.0,951.0,951.0,951.0,전력산업기반기금,2015,산업통상자원부,951.0
전력공급기술,0.0,319.0,1204.0,1644.0,1644.0,2488.0,2712.0,2728.0,3454.0,3485.0,3485.0,3485.0,전력산업기반기금,2015,산업통상자원부,3485.0
전력수요관리(기금),0.0,83.0,400.0,545.0,550.0,551.0,581.0,581.0,651.0,725.0,725.0,795.0,전력산업기반기금,2015,산업통상자원부,725.0
전력수요기술,0.0,15.0,262.0,262.0,262.0,319.0,319.0,372.0,372.0,504.0,504.0,504.0,전력산업기반기금,2015,산업통상자원부,504.0
식의약품 안전 연구개발,168.0,254.0,356.0,374.0,393.0,430.0,453.0,484.0,509.0,526.0,566.0,728.0,일반회계,2015,식품의약품안전처,788.0
아이돌봄지원,0.0,233.0,233.0,473.0,473.0,473.0,632.0,632.0,632.0,765.0,765.0,765.0,일반회계,2015,여성가족부,787.0
청소년시설확충,0.0,97.0,314.0,314.0,314.0,314.0,372.0,372.0,420.0,420.0,420.0,580.0,지역발전특별회계,2015,여성가족부,753.0
다문화가족지원,169.0,188.0,205.0,394.0,402.0,587.0,587.0,590.0,599.0,604.0,608.0,619.0,양성평등기금,2015,여성가족부,619.0
한부모가족지원(기금),0.0,230.0,284.0,471.0,472.0,477.0,598.0,598.0,598.0,779.0,779.0,781.0,양성평등기금,2015,여성가족부,784.0
청소년 사회안전망구축,155.0,155.0,266.0,331.0,333.0,421.0,421.0,427.0,496.0,522.0,523.0,523.0,청소년육성기금,2015,여성가족부,525.0
글로벌 프로그램,406.0,661.0,880.0,1278.0,1433.0,1952.0,2082.0,2228.0,2385.0,2436.0,2486.0,2543.0,일반회계,2015,외교부,2543.0
아시아 및 태평양지역 국가원조,83.0,166.0,410.0,482.0,555.0,774.0,827.0,881.0,1042.0,1101.0,1160.0,1339.0,일반회계,2015,외교부,1339.0
아프리카지역 국가원조,66.0,127.0,204.0,261.0,319.0,491.0,514.0,558.0,689.0,796.0,863.0,902.0,일반회계,2015,외교부,1039.0
재외동포재단,20.0,156.0,195.0,195.0,300.0,363.0,390.0,410.0,436.0,463.0,503.0,503.0,일반회계,2015,외교부,503.0
전자여권제조 및 개선(수입대체경비),4.0,32.0,99.0,192.0,253.0,317.0,386.0,452.0,518.0,585.0,650.0,794.0,일반회계,2015,외교부,731.0
협력사업 지원,70.0,149.0,253.0,308.0,368.0,453.0,473.0,498.0,535.0,537.0,543.0,551.0,일반회계,2015,외교부,551.0
중앙공무원교육원이전,8.0,8.0,8.0,12.0,155.0,189.0,226.0,254.0,286.0,296.0,306.0,336.0,혁신도시건설특별회계,2015,인사혁신처,687.0
기술개발지원(R&D),96.0,439.0,1671.0,1907.0,2642.0,4628.0,5112.0,5303.0,5574.0,6526.0,6934.0,7197.0,일반회계,2015,중소기업청,7197.0
신용보증기관출연,0.0,0.0,0.0,0.0,0.0,0.0,0.0,0.0,500.0,500.0,500.0,500.0,일반회계,2015,중소기업청,500.0
중견기업역량강화,0.0,0.0,302.0,329.0,504.0,604.0,804.0,804.0,804.0,857.0,857.0,857.0,일반회계,2015,중소기업청,857.0
중소기업수출역량강화,150.0,151.0,171.0,288.0,309.0,373.0,449.0,464.0,482.0,556.0,660.0,696.0,일반회계,2015,중소기업청,696.0
중소기업해외시장개척지원,120.0,151.0,181.0,333.0,397.0,398.0,495.0,495.0,497.0,532.0,564.0,564.0,일반회계,2015,중소기업청,564.0
창업활성화지원,307.0,480.0,804.0,1163.0,1238.0,1443.0,1759.0,1784.0,1886.0,1938.0,2012.0,2025.0,일반회계,2015,중소기업청,2029.0
"산학연협력기술개발(지특, R&D)",108.0,308.0,608.0,808.0,808.0,808.0,808.0,1008.0,1520.0,1520.0,1520.0,1520.0,지역발전특별회계,2015,중소기업청,1520.0
전통시장및중소유통물류기반조성(지특),0.0,0.0,356.0,356.0,628.0,628.0,629.0,629.0,632.0,632.0,807.0,822.0,지역발전특별회계,2015,중소기업청,822.0
소상공인경영개선지원(기금),0.0,0.0,702.0,759.0,759.0,1029.0,1029.0,1029.0,1159.0,1159.0,1256.0,1593.0,소상공인시장진흥기금,2015,중소기업청,1126.0
소상공인지원(기금),0.0,199.0,478.0,995.0,1090.0,1517.0,1724.0,1768.0,1855.0,2024.0,2418.0,2266.0,소상공인시장진흥기금,2015,중소기업청,2338.0
소상공인지원융자(기금),1572.0,2459.0,4623.0,6807.0,7951.0,9236.0,10221.0,11211.0,11531.0,11531.0,11554.0,11440.0,소상공인시장진흥기금,2015,중소기업청,15051.0
지역신용보증재단지원(기금),500.0,500.0,500.0,500.0,500.0,500.0,500.0,500.0,600.0,600.0,600.0,600.0,소상공인시장진흥기금,2015,중소기업청,500.0
개발및특허기술사업화융자(기금),44.0,369.0,1157.0,1307.0,1473.0,2104.0,2104.0,2427.0,2500.0,2602.0,3000.0,3000.0,중소기업창업및진흥기금,2015,중소기업청,3000.0
긴급경영안정융자(기금),59.0,141.0,395.0,436.0,539.0,668.0,855.0,1035.0,900.0,1265.0,1361.0,1450.0,중소기업창업및진흥기금,2015,중소기업청,1000.0
모태조합출자(기금),0.0,500.0,923.0,923.0,1023.0,1353.0,1353.0,1353.0,1600.0,1600.0,1600.0,1600.0,중소기업창업및진흥기금,2015,중소기업청,1600.0
신성장기반지원(기금),325.0,836.0,2366.0,2861.0,3470.0,5112.0,5423.0,6460.0,7511.0,8158.0,10237.0,10270.0,중소기업창업및진흥기금,2015,중소기업청,10270.0
재도약지원융자(기금),70.0,215.0,588.0,737.0,873.0,1241.0,1241.0,1367.0,1483.0,1569.0,1961.0,1990.0,중소기업창업및진흥기금,2015,중소기업청,1990.0
창업기업지원융자(기금),353.0,1683.0,4560.0,5434.0,6389.0,9093.0,9084.0,10498.0,11966.0,12026.0,13000.0,13000.0,중소기업창업및진흥기금,2015,중소기업청,13000.0
투융자복합금융지원(기금),21.0,86.0,264.0,300.0,352.0,565.0,589.0,617.0,688.0,725.0,1000.0,1000.0,중소기업창업및진흥기금,2015,중소기업청,1000.0
인구주택총조사,5.0,35.0,41.0,58.0,70.0,88.0,91.0,108.0,226.0,562.0,621.0,694.0,일반회계,2015,통계청,765.0
북한이탈주민 사회적응 지원,46.0,98.0,155.0,205.0,258.0,333.0,398.0,450.0,519.0,605.0,643.0,756.0,일반회계,2015,통일부,900.0
심사·심판처리 지원,2.0,3.0,109.0,275.0,325.0,373.0,426.0,459.0,500.0,555.0,596.0,700.0,특허청,2015,특허청,701.0
부산항 신항만 개발,4.0,76.0,148.0,645.0,680.0,801.0,825.0,834.0,1015.0,1019.0,1019.0,1419.0,교통시설특별회계,2015,해양수산부,1454.0
새만금신항 개발,0.0,79.0,213.0,218.0,238.0,295.0,345.0,365.0,416.0,454.0,473.0,533.0,교통시설특별회계,2015,해양수산부,589.0
여수광양항만공사 지원,38.0,38.0,500.0,500.0,500.0,500.0,500.0,500.0,500.0,500.0,500.0,500.0,교통시설특별회계,2015,해양수산부,500.0
인천신항 개발,0.0,39.0,116.0,161.0,262.0,268.0,271.0,271.0,275.0,275.0,299.0,298.0,교통시설특별회계,2015,해양수산부,693.0
일반항 건설,66.0,122.0,313.0,484.0,786.0,981.0,1080.0,1220.0,1483.0,1553.0,1734.0,2026.0,교통시설특별회계,2015,해양수산부,3260.0
주요항 건설,13.0,339.0,458.0,882.0,974.0,1280.0,1345.0,1364.0,1471.0,1566.0,1625.0,1826.0,교통시설특별회계,2015,해양수산부,2279.0
항로표지시설 확충 및 안전관리,0.0,39.0,106.0,148.0,162.0,284.0,301.0,320.0,348.0,365.0,386.0,486.0,교통시설특별회계,2015,해양수산부,662.0
항만시설유지보수(교특),1.0,80.0,187.0,265.0,327.0,552.0,625.0,724.0,862.0,903.0,963.0,1294.0,교통시설특별회계,2015,해양수산부,1687.0
수산금융자금이차보전,99.0,216.0,263.0,304.0,402.0,445.0,485.0,526.0,526.0,526.0,526.0,541.0,농어촌구조개선특별회계,2015,해양수산부,1027.0
수산물유통개선(농특),0.0,282.0,282.0,284.0,511.0,525.0,752.0,754.0,754.0,869.0,871.0,917.0,농어촌구조개선특별회계,2015,해양수산부,1023.0
수산자원조성,168.0,209.0,209.0,460.0,495.0,642.0,648.0,650.0,651.0,663.0,677.0,720.0,농어촌구조개선특별회계,2015,해양수산부,805.0
어항기반시설조성(농특),0.0,34.0,325.0,481.0,571.0,863.0,901.0,951.0,1090.0,1208.0,1350.0,1923.0,농어촌구조개선특별회계,2015,해양수산부,2345.0
재해대책,459.0,696.0,702.0,1047.0,1048.0,1056.0,1429.0,1429.0,1430.0,1436.0,1442.0,1444.0,농어촌구조개선특별회계,2015,해양수산부,1485.0
친환경어업(농특),2.0,43.0,259.0,416.0,430.0,456.0,483.0,494.0,507.0,518.0,551.0,614.0,농어촌구조개선특별회계,2015,해양수산부,716.0
어업질서 확립,113.0,183.0,226.0,324.0,355.0,379.0,452.0,463.0,498.0,577.0,600.0,676.0,일반회계,2015,해양수산부,713.0
연구장비개발 및 인프라구축(R&D),0.0,749.0,1268.0,1268.0,1268.0,1268.0,1268.0,1268.0,1268.0,1268.0,1268.0,1268.0,일반회계,2015,해양수산부,1268.0
연안환경관리(일반),0.0,72.0,244.0,288.0,336.0,450.0,490.0,503.0,554.0,573.0,631.0,763.0,일반회계,2015,해양수산부,838.0
울산신항 개발,59.0,62.0,324.0,406.0,529.0,557.0,570.0,585.0,667.0,770.0,813.0,955.0,일반회계,2015,해양수산부,1032.0
한국해양과학기술원 운영지원,394.0,394.0,394.0,831.0,831.0,831.0,1292.0,1292.0,1292.0,1778.0,1786.0,1786.0,일반회계,2015,해양수산부,1786.0
해양지형조사 및 정보제공,19.0,44.0,233.0,388.0,449.0,502.0,558.0,583.0,605.0,614.0,639.0,877.0,일반회계,2015,해양수산부,950.0
어업기반정비,0.0,520.0,1087.0,1237.0,1237.0,1437.0,1537.0,1537.0,1537.0,1537.0,1537.0,1537.0,지역발전특별회계,2015,해양수산부,2005.0
일반항 건설(제주도),0.0,0.0,325.0,595.0,595.0,595.0,595.0,595.0,595.0,595.0,595.0,595.0,지역발전특별회계,2015,해양수산부,595.0
수산물가격안정(기금),0.0,0.0,37.0,243.0,249.0,407.0,419.0,537.0,808.0,857.0,857.0,811.0,수산발전기금,2015,해양수산부,857.0
수산물가격안정(기금·융자),0.0,0.0,406.0,915.0,1038.0,1366.0,1366.0,1470.0,1566.0,1587.0,1656.0,1725.0,수산발전기금,2015,해양수산부,1952.0
수산물유통자금지원(기금),70.0,95.0,616.0,812.0,830.0,1027.0,1028.0,1033.0,1133.0,1136.0,1148.0,1169.0,수산발전기금,2015,해양수산부,1525.0
어업경영자금(기금),0.0,0.0,520.0,554.0,554.0,654.0,654.0,654.0,704.0,704.0,705.0,717.0,수산발전기금,2015,해양수산부,755.0
보통교부세,52500.0,84500.0,119948.0,151500.0,176469.0,223469.0,248469.0,280969.0,315619.0,329262.0,329262.0,329262.0,일반회계,2015,행정자치부,329262.0
부동산교부세,0.0,0.0,0.0,0.0,3653.0,3653.0,3653.0,3653.0,3653.0,3653.0,3653.0,14104.0,일반회계,2015,행정자치부,14104.0
전자정부실행기반마련(정보화),377.0,377.0,377.0,498.0,620.0,765.0,826.0,887.0,1043.0,1104.0,1164.0,1249.0,일반회계,2015,행정자치부,1215.0
정부청사시설관리,46.0,181.0,324.0,484.0,642.0,778.0,864.0,1012.0,1143.0,1274.0,1395.0,1686.0,일반회계,2015,행정자치부,1759.0
정부통합전산센터운영(정보화),46.0,90.0,723.0,902.0,983.0,1399.0,1643.0,1731.0,1994.0,2102.0,2164.0,2819.0,일반회계,2015,행정자치부,3022.0
주한미군공여구역주변지역등지원,0.0,343.0,542.0,752.0,952.0,1211.0,1367.0,1367.0,1367.0,1807.0,1807.0,1807.0,일반회계,2015,행정자치부,1807.0
청주시자율통합기반조성,0.0,0.0,0.0,0.0,0.0,0.0,0.0,0.0,0.0,0.0,500.0,500.0,일반회계,2015,행정자치부,500.0
특별교부세,0.0,0.0,0.0,0.0,1253.0,1616.0,1662.0,1662.0,1662.0,1662.0,3865.0,4937.0,일반회계,2015,행정자치부,4937.0
특수상황지역개발,0.0,592.0,1100.0,1200.0,1200.0,1200.0,1300.0,1400.0,1530.0,1530.0,1530.0,1530.0,지역발전특별회계,2015,행정자치부,2257.0
광역교통시설건설,181.0,385.0,591.0,740.0,814.0,1506.0,1523.0,1573.0,1688.0,1735.0,1822.0,2067.0,행정중심복합도시건설특별회계,2015,행정중심복합도시건설청,2649.0
복합커뮤니티센터 건립,1.0,12.0,82.0,235.0,263.0,314.0,317.0,329.0,352.0,362.0,378.0,472.0,행정중심복합도시건설특별회계,2015,행정중심복합도시건설청,584.0
중앙행정기관 건립,0.0,72.0,93.0,101.0,101.0,104.0,107.0,107.0,108.0,108.0,108.0,118.0,행정중심복합도시건설특별회계,2015,행정중심복합도시건설청,957.0
하수처리시설 확충(농특),24.0,66.0,147.0,255.0,329.0,387.0,527.0,629.0,695.0,713.0,744.0,744.0,농어촌구조개선특별회계,2015,환경부,744.0
자동차배출가스 관리,21.0,75.0,522.0,638.0,649.0,724.0,726.0,864.0,864.0,909.0,942.0,952.0,에너지및자원사업특별회계,2015,환경부,1092.0
고도정수처리시설설치,0.0,0.0,0.0,105.0,105.0,105.0,105.0,105.0,105.0,105.0,105.0,105.0,지역발전특별회계,2015,환경부,522.0
상수도시설확충 및 관리,69.0,402.0,1182.0,2023.0,2289.0,2705.0,2920.0,3463.0,3513.0,3546.0,3596.0,3605.0,지역발전특별회계,2015,환경부,4031.0
수질개선기반구축,21.0,201.0,707.0,1212.0,1247.0,1689.0,2099.0,2117.0,2331.0,2331.0,2827.0,2823.0,지역발전특별회계,2015,환경부,2886.0
국립공원,208.0,1529.0,1529.0,1737.0,1737.0,1946.0,1946.0,1946.0,2154.0,2154.0,2154.0,2156.0,환경개선특별회계,2015,환경부,2160.0
기타 오염원 관리,5.0,167.0,440.0,627.0,713.0,895.0,947.0,1017.0,1332.0,1362.0,1363.0,1373.0,환경개선특별회계,2015,환경부,1388.0
법정경비,3.0,3.0,103.0,106.0,111.0,488.0,692.0,695.0,810.0,813.0,1099.0,1232.0,환경개선특별회계,2015,환경부,1235.0
산업폐수 관리,0.0,152.0,602.0,680.0,712.0,993.0,1152.0,1197.0,1855.0,1855.0,1953.0,2339.0,환경개선특별회계,2015,환경부,2621.0
생태계보전,222.0,436.0,597.0,819.0,914.0,958.0,1061.0,1123.0,1263.0,1303.0,1356.0,1574.0,환경개선특별회계,2015,환경부,1814.0
생활환경관리,29.0,360.0,421.0,499.0,501.0,558.0,563.0,567.0,573.0,573.0,581.0,592.0,환경개선특별회계,2015,환경부,602.0
수도권 및 수도권외 대기개선,43.0,189.0,379.0,648.0,678.0,718.0,725.0,733.0,757.0,834.0,885.0,895.0,환경개선특별회계,2015,환경부,1013.0
수질개선기반구축,1.0,230.0,450.0,469.0,521.0,562.0,589.0,609.0,624.0,630.0,713.0,780.0,환경개선특별회계,2015,환경부,816.0
재활용 및 처리시설 설치,0.0,174.0,390.0,654.0,705.0,1072.0,1132.0,1194.0,1429.0,1475.0,1479.0,1482.0,환경개선특별회계,2015,환경부,1511.0
재활용산업육성,0.0,300.0,300.0,500.0,700.0,700.0,936.0,1036.0,1036.0,1036.0,1036.0,1036.0,환경개선특별회계,2015,환경부,1036.0
출연사업,201.0,343.0,513.0,680.0,766.0,818.0,961.0,1014.0,1064.0,1122.0,1122.0,1122.0,환경개선특별회계,2015,환경부,1122.0
토양 지하수 관리,0.0,69.0,241.0,409.0,412.0,440.0,457.0,469.0,471.0,477.0,482.0,514.0,환경개선특별회계,2015,환경부,520.0
하수관거정비,1077.0,2412.0,4401.0,8118.0,9368.0,10500.0,11128.0,12520.0,13667.0,13981.0,14896.0,14901.0,환경개선특별회계,2015,환경부,15153.0
하수도차입금상환,24.0,67.0,153.0,206.0,269.0,315.0,362.0,400.0,485.0,520.0,616.0,616.0,환경개선특별회계,2015,환경부,642.0
하수처리시설 확충,642.0,1300.0,2324.0,3771.0,4040.0,4651.0,4829.0,5331.0,6085.0,6159.0,6878.0,6881.0,환경개선특별회계,2015,환경부,7017.0
환경기술개발(환특),0.0,0.0,453.0,1197.0,1259.0,1281.0,1293.0,1349.0,1388.0,1388.0,1388.0,1388.0,환경개선특별회계,2015,환경부,1388.0
환경산업 및 친환경제품보급기반구축,4.0,4.0,258.0,271.0,320.0,387.0,402.0,442.0,487.0,516.0,570.0,638.0,환경개선특별회계,2015,환경부,826.0
환경시험연구,22.0,312.0,319.0,327.0,360.0,407.0,437.0,453.0,473.0,485.0,508.0,586.0,환경개선특별회계,2015,환경부,614.0
환경기초시설(금강),22.0,68.0,138.0,191.0,246.0,296.0,346.0,374.0,453.0,504.0,515.0,601.0,금강수계관리기금,2015,환경부,522.0
환경기초시설(낙동강),115.0,262.0,371.0,483.0,573.0,719.0,817.0,914.0,1062.0,1215.0,1351.0,1421.0,낙동강수계관리기금,2015,환경부,1410.0
기타 수질개선지원(한강),85.0,165.0,226.0,250.0,304.0,318.0,358.0,382.0,437.0,457.0,564.0,559.0,한강수계관리기금,2015,환경부,601.0
토지매수및수변구역관리(한강),251.0,308.0,349.0,450.0,601.0,601.0,688.0,759.0,916.0,954.0,985.0,880.0,한강수계관리기금,2015,환경부,985.0
한강수계주민지원사업,37.0,82.0,181.0,327.0,352.0,443.0,494.0,531.0,605.0,641.0,682.0,693.0,한강수계관리기금,2015,환경부,694.0
환경기초시설(한강),78.0,272.0,490.0,628.0,758.0,960.0,1089.0,1288.0,1507.0,1802.0,2084.0,2128.0,한강수계관리기금,2015,환경부,2037.0
경비경찰역량강화,246.0,324.0,540.0,661.0,790.0,1075.0,1111.0,1193.0,1377.0,1571.0,1676.0,1880.0,일반회계,2014,경찰청,1767.0
경찰유무선망개선,61.0,102.0,154.0,199.0,253.0,362.0,357.0,396.0,442.0,494.0,529.0,619.0,일반회계,2014,경찰청,630.0
경찰장비현대화,69.0,128.0,274.0,386.0,646.0,1068.0,1231.0,1365.0,1638.0,1976.0,2121.0,2393.0,일반회계,2014,경찰청,2427.0
경찰정보화기반고도화(정보화),31.0,77.0,109.0,141.0,201.0,271.0,282.0,352.0,383.0,412.0,459.0,514.0,일반회계,2014,경찰청,528.0
교통사고예방,356.0,439.0,684.0,975.0,1070.0,1599.0,1634.0,1725.0,1847.0,2094.0,2203.0,2473.0,일반회계,2014,경찰청,2522.0
범죄수사,178.0,231.0,371.0,505.0,556.0,769.0,774.0,815.0,892.0,1004.0,1048.0,1119.0,일반회계,2014,경찰청,1138.0
일반행정업무지원,375.0,707.0,1166.0,1574.0,1929.0,2533.0,2679.0,2968.0,3324.0,3726.0,4028.0,4463.0,일반회계,2014,경찰청,4541.0
혁신도시건설,0.0,1.0,92.0,119.0,165.0,252.0,298.0,342.0,379.0,444.0,505.0,602.0,혁신도시건설특별회계,2014,경찰청,781.0
대상별취업지원,211.0,350.0,508.0,679.0,843.0,992.0,1167.0,1342.0,1510.0,1702.0,1865.0,2077.0,일반회계,2014,고용노동부,2239.0
사회보험 사각지대 해소,441.0,879.0,1339.0,1409.0,2189.0,2650.0,3101.0,3551.0,3965.0,4395.0,4830.0,5257.0,일반회계,2014,고용노동부,5552.0
사회적기업육성,106.0,1165.0,1170.0,1250.0,1287.0,1344.0,1414.0,1431.0,1440.0,1468.0,1498.0,1534.0,일반회계,2014,고용노동부,1559.0
실업자능력개발지원,55.0,112.0,158.0,195.0,255.0,296.0,341.0,376.0,410.0,448.0,485.0,522.0,일반회계,2014,고용노동부,744.0
중소기업청년인턴제,41.0,189.0,321.0,430.0,553.0,652.0,791.0,937.0,1047.0,1196.0,1323.0,1447.0,일반회계,2014,고용노동부,1468.0
한국산업인력공단출연,27.0,68.0,142.0,183.0,248.0,312.0,373.0,416.0,477.0,515.0,546.0,555.0,일반회계,2014,고용노동부,562.0
한국폴리텍대학출연,133.0,269.0,400.0,510.0,611.0,1006.0,1055.0,1055.0,1115.0,1282.0,1337.0,1432.0,일반회계,2014,고용노동부,1469.0
고령자고용촉진지원,81.0,104.0,161.0,230.0,288.0,387.0,397.0,407.0,457.0,458.0,498.0,544.0,고용보험기금,2014,고용노동부,1038.0
고용창출지원사업,8.0,27.0,41.0,61.0,111.0,130.0,213.0,225.0,264.0,621.0,654.0,347.0,고용보험기금,2014,고용노동부,1132.0
국가기간·전략산업직종훈련,84.0,155.0,249.0,497.0,721.0,893.0,1045.0,1235.0,1585.0,1586.0,1955.0,1883.0,고용보험기금,2014,고용노동부,2115.0
민간고용서비스지원,37.0,154.0,177.0,213.0,255.0,264.0,373.0,406.0,418.0,467.0,492.0,552.0,고용보험기금,2014,고용노동부,565.0
사업주능력개발지원금,260.0,520.0,757.0,1108.0,1273.0,1793.0,1793.0,2095.0,2697.0,3207.0,3207.0,3702.0,고용보험기금,2014,고용노동부,3996.0
실업자및근로자능력개발지원,344.0,595.0,865.0,1046.0,1336.0,2017.0,2017.0,2020.0,2321.0,2623.0,2624.0,2692.0,고용보험기금,2014,고용노동부,2828.0
여성고용안정지원,131.0,208.0,243.0,414.0,539.0,773.0,845.0,955.0,1129.0,1417.0,1446.0,1531.0,고용보험기금,2014,고용노동부,1589.0
중소기업 청년취업 인턴제,16.0,88.0,154.0,213.0,272.0,342.0,422.0,472.0,542.0,992.0,1062.0,824.0,고용보험기금,2014,고용노동부,1084.0
중소기업능력개발지원,50.0,600.0,893.0,1223.0,1358.0,1438.0,1538.0,1538.0,1601.0,1711.0,1731.0,1936.0,고용보험기금,2014,고용노동부,2397.0
지역고용촉진지원,2.0,9.0,559.0,604.0,734.0,744.0,746.0,768.0,780.0,786.0,787.0,789.0,고용보험기금,2014,고용노동부,811.0
한국산업인력공단능력개발사업지원,36.0,71.0,242.0,378.0,488.0,571.0,674.0,764.0,856.0,1098.0,1153.0,1213.0,고용보험기금,2014,고용노동부,1306.0
한국폴리텍대학능력개발사업지원,89.0,178.0,282.0,372.0,461.0,578.0,654.0,729.0,804.0,966.0,1078.0,1129.0,고용보험기금,2014,고용노동부,1137.0
근로자생활안정대부(융자),90.0,186.0,283.0,313.0,373.0,423.0,483.0,533.0,638.0,678.0,748.0,766.0,근로복지진흥기금,2014,고용노동부,819.0
체당금및반환금지급,244.0,389.0,569.0,785.0,999.0,1189.0,1412.0,1649.0,1909.0,2143.0,2353.0,2632.0,임금채권보장기금,2014,고용노동부,2525.0
장애인고용장려금,118.0,291.0,412.0,522.0,659.0,705.0,856.0,1004.0,1073.0,1202.0,1322.0,1417.0,장애인고용촉진및직업재활기금,2014,고용노동부,1417.0
관세행정정보화,110.0,117.0,162.0,191.0,240.0,529.0,559.0,566.0,577.0,589.0,624.0,687.0,일반회계,2014,관세청,953.0
대학교육 역량 강화,0.0,0.0,0.0,286.0,286.0,286.0,573.0,573.0,573.0,573.0,573.0,573.0,광역지역발전특별회계,2014,교육부,573.0
산학협력 선도대학(LINC) 육성,0.0,0.0,10.0,25.0,2403.0,2434.0,2448.0,2467.0,2467.0,2467.0,2467.0,2467.0,광역지역발전특별회계,2014,교육부,2467.0
지방대학 경쟁력 기반 확충,0.0,0.0,0.0,10.0,10.0,1010.0,1010.0,1010.0,1531.0,1981.0,2031.0,2031.0,광역지역발전특별회계,2014,교육부,2031.0
특성화 전문대학 육성,0.0,0.0,0.0,0.0,0.0,0.0,0.0,1000.0,1000.0,1000.0,2696.0,2696.0,광역지역발전특별회계,2014,교육부,2696.0
BK21 플러스사업,0.0,0.0,0.0,2248.0,2248.0,2248.0,2248.0,2248.0,2974.0,2974.0,2974.0,2974.0,일반회계,2014,교육부,2974.0
국가장학금 지원,0.0,0.0,18748.0,18748.0,18748.0,18748.0,18748.0,28748.0,32359.0,33298.0,33298.0,33298.0,일반회계,2014,교육부,34575.0
국립대학 교육기반조성,15.0,36.0,58.0,93.0,291.0,603.0,788.0,943.0,1030.0,1087.0,1147.0,1239.0,일반회계,2014,교육부,1269.0
국립대학 시설확충,15.0,143.0,403.0,641.0,824.0,1150.0,1499.0,1750.0,2315.0,2539.0,2816.0,3749.0,일반회계,2014,교육부,3989.0
국립대학법인 운영 지원,340.0,1021.0,1021.0,2450.0,2450.0,2474.0,3495.0,3495.0,3495.0,3937.0,3937.0,4108.0,일반회계,2014,교육부,4123.0
국립대학병원 여건개선,0.0,129.0,129.0,136.0,138.0,159.0,163.0,266.0,268.0,281.0,385.0,512.0,일반회계,2014,교육부,542.0
국제교육 교류 협력 활성화,3.0,98.0,107.0,120.0,181.0,196.0,213.0,421.0,449.0,456.0,458.0,559.0,일반회계,2014,교육부,602.0
대학교육 역량 강화,0.0,0.0,0.0,2.0,2.0,556.0,556.0,556.0,556.0,556.0,556.0,556.0,일반회계,2014,교육부,556.0
대학생 근로장학금 지원,0.0,0.0,1360.0,1360.0,1360.0,1360.0,1360.0,1943.0,1943.0,1943.0,1943.0,1943.0,일반회계,2014,교육부,1943.0
대학자율역량 강화,54.0,73.0,82.0,95.0,128.0,184.0,580.0,610.0,811.0,813.0,818.0,820.0,일반회계,2014,교육부,820.0
이공학학술연구조성,0.0,0.0,0.0,2355.0,2431.0,2431.0,2431.0,3224.0,3224.0,3314.0,3314.0,3313.0,일반회계,2014,교육부,3314.0
인문사회학술연구 조성,26.0,126.0,137.0,779.0,779.0,1238.0,1271.0,2410.0,2410.0,2442.0,2442.0,2442.0,일반회계,2014,교육부,2442.0
지방교육재정교부금,76224.0,113528.0,148528.0,173528.0,209528.0,250528.0,276528.0,303228.0,323228.0,354228.0,380228.0,408681.0,일반회계,2014,교육부,416181.0
초등 방과후 돌봄교실 시설 개선 확충,0.0,603.0,603.0,684.0,684.0,684.0,693.0,693.0,693.0,693.0,693.0,793.0,일반회계,2014,교육부,1008.0
한국장학재단 출연,0.0,0.0,0.0,0.0,0.0,0.0,0.0,100.0,1141.0,1141.0,1141.0,1614.0,일반회계,2014,교육부,1914.0
사학시설자금융자,311.0,372.0,469.0,608.0,752.0,989.0,1005.0,1019.0,1180.0,1183.0,1350.0,1350.0,사학진흥기금,2014,교육부,1350.0
행복기숙사지원사업,0.0,0.0,141.0,161.0,181.0,468.0,468.0,468.0,521.0,581.0,925.0,1311.0,사학진흥기금,2014,교육부,925.0
보훈보상금,2005.0,3965.0,5928.0,7896.0,9910.0,11875.0,13831.0,15793.0,17749.0,19703.0,21731.0,23676.0,일반회계,2014,국가보훈처,23435.0
수당,887.0,1769.0,2649.0,3527.0,4485.0,5367.0,6238.0,7111.0,7984.0,8854.0,9822.0,10692.0,일반회계,2014,국가보훈처,10702.0
의료지원,728.0,1128.0,1517.0,1907.0,2320.0,2710.0,3112.0,3501.0,3890.0,4291.0,4681.0,5070.0,일반회계,2014,국가보훈처,5071.0
한국개발연구원,112.0,526.0,570.0,613.0,657.0,701.0,743.0,781.0,812.0,850.0,889.0,965.0,일반회계,2014,국무조정실 및 국무총리비서실,965.0
소하천정비,0.0,280.0,280.0,596.0,766.0,1628.0,1628.0,1628.0,1628.0,1728.0,1728.0,1728.0,농어촌구조개선특별회계,2014,국민안전처,2689.0
보급지원,232.0,301.0,390.0,470.0,566.0,803.0,813.0,889.0,969.0,998.0,1014.0,1213.0,일반회계,2014,국민안전처,1104.0
재해위험ㆍ취약지역정비,0.0,0.0,15.0,515.0,2645.0,2941.0,3154.0,3164.0,3276.0,3333.0,3761.0,4215.0,일반회계,2014,국민안전처,4193.0
함정건조,48.0,900.0,983.0,1143.0,1185.0,1186.0,1422.0,1471.0,1472.0,1713.0,1731.0,2049.0,일반회계,2014,국민안전처,2168.0
군시설이전사업,0.0,86.0,277.0,497.0,592.0,723.0,801.0,847.0,950.0,975.0,1215.0,1407.0,국방·군사시설이전특별회계,2014,국방부,1873.0
건강보험부담금,221.0,567.0,623.0,1058.0,1125.0,1291.0,1291.0,1463.0,1718.0,1846.0,2145.0,2423.0,일반회계,2014,국방부,2444.0
과학화훈련,7.0,28.0,61.0,150.0,204.0,248.0,290.0,295.0,309.0,359.0,397.0,505.0,일반회계,2014,국방부,583.0
관사및간부숙소,46.0,105.0,1111.0,1195.0,1276.0,2359.0,2388.0,2408.0,3451.0,3490.0,3567.0,4813.0,일반회계,2014,국방부,5263.0
교육시설,17.0,97.0,243.0,475.0,561.0,845.0,842.0,931.0,998.0,1082.0,1219.0,1563.0,일반회계,2014,국방부,1912.0
교육용탄약,323.0,548.0,678.0,889.0,1024.0,1666.0,1783.0,1875.0,1977.0,2122.0,2219.0,2599.0,일반회계,2014,국방부,2601.0
국방정책지원,43.0,96.0,141.0,312.0,376.0,444.0,492.0,532.0,607.0,742.0,821.0,1077.0,일반회계,2014,국방부,1156.0
군의무,390.0,438.0,509.0,646.0,803.0,1070.0,1146.0,1228.0,1339.0,1444.0,1586.0,1768.0,일반회계,2014,국방부,1875.0
군인적자원개발교육,8.0,23.0,128.0,167.0,199.0,289.0,322.0,350.0,400.0,468.0,532.0,589.0,일반회계,2014,국방부,637.0
급식비,1062.0,2578.0,5657.0,6920.0,7904.0,9505.0,10088.0,10604.0,10764.0,11958.0,12787.0,14368.0,일반회계,2014,국방부,14778.0
물자획득,15.0,50.0,225.0,450.0,579.0,905.0,1043.0,1152.0,1247.0,1382.0,1531.0,1852.0,일반회계,2014,국방부,2070.0
병영기본시설,86.0,341.0,816.0,1035.0,1236.0,1702.0,1795.0,1897.0,2103.0,2239.0,2431.0,3356.0,일반회계,2014,국방부,3829.0
수송활동,40.0,113.0,223.0,464.0,516.0,602.0,614.0,662.0,705.0,754.0,803.0,977.0,일반회계,2014,국방부,961.0
시설유지운영,406.0,1052.0,1852.0,2806.0,3338.0,4362.0,4397.0,4731.0,5177.0,5665.0,6143.0,7332.0,일반회계,2014,국방부,7111.0
연료확보,220.0,1061.0,2330.0,3482.0,4331.0,5461.0,5438.0,6033.0,6574.0,7164.0,7941.0,9417.0,일반회계,2014,국방부,10777.0
예비전력유지,43.0,136.0,297.0,385.0,476.0,702.0,752.0,817.0,908.0,985.0,1073.0,1174.0,일반회계,2014,국방부,1190.0
일반시설개선,235.0,717.0,1749.0,2631.0,3163.0,4585.0,4804.0,5064.0,5494.0,5851.0,6270.0,8178.0,일반회계,2014,국방부,9437.0
장비유지,245.0,1516.0,2498.0,3379.0,4144.0,6194.0,6807.0,7265.0,7910.0,8704.0,9985.0,13330.0,일반회계,2014,국방부,14366.0
장비획득,23.0,179.0,310.0,558.0,715.0,1705.0,1753.0,1874.0,2029.0,2326.0,2667.0,3497.0,일반회계,2014,국방부,3822.0
정보통신체계운영,695.0,898.0,1305.0,1759.0,2003.0,2910.0,3008.0,3112.0,3325.0,3633.0,3838.0,4744.0,일반회계,2014,국방부,5301.0
주한미군 방위비분담금,37.0,285.0,471.0,737.0,837.0,4391.0,5765.0,6554.0,6965.0,7358.0,7792.0,8992.0,일반회계,2014,국방부,9647.0
탄약관리,1.0,50.0,87.0,161.0,183.0,510.0,548.0,584.0,623.0,644.0,715.0,841.0,일반회계,2014,국방부,866.0
피복비,387.0,731.0,958.0,1329.0,1579.0,2011.0,2323.0,2666.0,2968.0,3443.0,3808.0,4642.0,일반회계,2014,국방부,4746.0
훈련 및 교육 지원,43.0,80.0,101.0,142.0,166.0,217.0,243.0,303.0,327.0,372.0,414.0,520.0,일반회계,2014,국방부,587.0
미군기지이전사업,0.0,120.0,412.0,842.0,1034.0,2169.0,2269.0,2568.0,2825.0,2968.0,3162.0,4202.0,주한미군기지이전특별회계,2014,국방부,5432.0
미군기지이전지원,3.0,3.0,3.0,284.0,285.0,486.0,487.0,488.0,489.0,640.0,827.0,937.0,주한미군기지이전특별회계,2014,국방부,970.0
장병복지향상,67.0,170.0,274.0,407.0,538.0,710.0,907.0,1077.0,1214.0,1424.0,1557.0,1910.0,군인복지기금,2014,국방부,2172.0
전세자금융자,0.0,92.0,202.0,354.0,461.0,534.0,627.0,696.0,800.0,911.0,1068.0,1406.0,군인복지기금,2014,국방부,1527.0
국세징수활동지원,96.0,187.0,272.0,356.0,442.0,547.0,623.0,707.0,816.0,908.0,1008.0,1072.0,일반회계,2014,국세청,1119.0
차세대 국세행정시스템 전면 개편(정보화),0.0,1.0,139.0,256.0,256.0,312.0,503.0,503.0,516.0,517.0,591.0,634.0,일반회계,2014,국세청,636.0
개발제한구역지원,518.0,1253.0,1253.0,1263.0,1266.0,1325.0,1328.0,1328.0,1336.0,1337.0,1347.0,1349.0,광역지역발전특별회계,2014,국토교통부,1358.0
광역도로,0.0,310.0,430.0,430.0,430.0,430.0,430.0,689.0,719.0,719.0,719.0,739.0,광역지역발전특별회계,2014,국토교통부,789.0
광역철도건설지원,0.0,339.0,637.0,637.0,950.0,1462.0,1480.0,1501.0,1501.0,1501.0,1501.0,1867.0,광역지역발전특별회계,2014,국토교통부,3136.0
국가지원지방도건설,0.0,1483.0,1955.0,2258.0,2479.0,3642.0,3652.0,4620.0,4756.0,5604.0,5631.0,6162.0,광역지역발전특별회계,2014,국토교통부,6175.0
대중교통지원(광역계정),0.0,575.0,575.0,575.0,575.0,584.0,584.0,607.0,958.0,958.0,959.0,1095.0,광역지역발전특별회계,2014,국토교통부,1423.0
대중교통지원(지역개발),0.0,216.0,516.0,539.0,692.0,837.0,837.0,901.0,901.0,901.0,901.0,901.0,광역지역발전특별회계,2014,국토교통부,1056.0
도시활력증진지역개발,0.0,151.0,151.0,168.0,292.0,310.0,313.0,373.0,373.0,386.0,478.0,499.0,광역지역발전특별회계,2014,국토교통부,1183.0
산업단지진입도로지원,169.0,285.0,1001.0,1300.0,1838.0,2680.0,2975.0,3570.0,3909.0,4148.0,4518.0,6019.0,광역지역발전특별회계,2014,국토교통부,8720.0
성장촉진지역개발,0.0,516.0,966.0,1166.0,1676.0,1676.0,1676.0,1798.0,1807.0,1807.0,1868.0,2012.0,광역지역발전특별회계,2014,국토교통부,2607.0
제주 구국도 건설,0.0,77.0,124.0,130.0,168.0,286.0,303.0,345.0,406.0,439.0,423.0,519.0,광역지역발전특별회계,2014,국토교통부,519.0
지역거점조성지원,0.0,270.0,374.0,405.0,586.0,617.0,617.0,681.0,683.0,686.0,708.0,708.0,광역지역발전특별회계,2014,국토교통부,1487.0
고속도로건설,1000.0,2450.0,2450.0,5510.0,7185.0,10205.0,10205.0,10205.0,11191.0,11191.0,11191.0,13034.0,교통시설특별회계,2014,국토교통부,14094.0
고속도로조사설계,0.0,9.0,11.0,13.0,213.0,213.0,236.0,239.0,296.0,334.0,335.0,572.0,교통시설특별회계,2014,국토교통부,938.0
고속철도건설,2500.0,6062.0,7718.0,8090.0,10181.0,15166.0,15166.0,15966.0,15966.0,17166.0,17618.0,17728.0,교통시설특별회계,2014,국토교통부,17928.0
도로병목지점 개선,0.0,0.0,3.0,131.0,204.0,484.0,512.0,543.0,599.0,639.0,693.0,1111.0,교통시설특별회계,2014,국토교통부,1482.0
도로보수(총액계상),2.0,18.0,176.0,440.0,752.0,2225.0,2449.0,2669.0,3050.0,3339.0,3670.0,5344.0,교통시설특별회계,2014,국토교통부,5626.0
도로안전 및 환경개선(총액계상),0.0,1.0,15.0,56.0,111.0,333.0,389.0,450.0,543.0,632.0,705.0,1184.0,교통시설특별회계,2014,국토교통부,1270.0
물류간선1차,124.0,508.0,904.0,1160.0,1282.0,1940.0,1970.0,2056.0,2178.0,2324.0,2430.0,3074.0,교통시설특별회계,2014,국토교통부,3088.0
민자유치사업지원,695.0,1712.0,3423.0,4671.0,5164.0,7383.0,8339.0,9302.0,9884.0,10433.0,10966.0,13646.0,교통시설특별회계,2014,국토교통부,14148.0
시관내국도대체우회도로건설,121.0,233.0,608.0,814.0,862.0,1457.0,1483.0,1508.0,1589.0,1684.0,1686.0,2021.0,교통시설특별회계,2014,국토교통부,2284.0
위험도로개선,0.0,0.0,1.0,45.0,102.0,239.0,254.0,266.0,321.0,335.0,368.0,629.0,교통시설특별회계,2014,국토교통부,808.0
일반국도건설,511.0,928.0,1623.0,2333.0,2710.0,5489.0,5771.0,6168.0,6677.0,7269.0,7851.0,10354.0,교통시설특별회계,2014,국토교통부,10195.0
일반국도조사설계,2.0,24.0,131.0,216.0,265.0,517.0,543.0,561.0,582.0,604.0,620.0,952.0,교통시설특별회계,2014,국토교통부,834.0
일반철도건설,4406.0,6457.0,7888.0,7952.0,11006.0,17091.0,17400.0,21497.0,22410.0,25035.0,25035.0,24473.0,교통시설특별회계,2014,국토교통부,26260.0
지역간선국도3차,146.0,220.0,291.0,350.0,540.0,830.0,914.0,984.0,1060.0,1137.0,1174.0,1358.0,교통시설특별회계,2014,국토교통부,1839.0
지역간선국도4차,28.0,269.0,685.0,1041.0,1172.0,1657.0,1762.0,1863.0,1974.0,2132.0,2209.0,2536.0,교통시설특별회계,2014,국토교통부,2956.0
지역간선국도5차,114.0,1133.0,1860.0,2294.0,2637.0,3932.0,4108.0,4319.0,4576.0,4808.0,5151.0,6122.0,교통시설특별회계,2014,국토교통부,7182.0
지역간선국도6차,69.0,579.0,910.0,1038.0,1617.0,2045.0,2057.0,2105.0,2193.0,2248.0,2706.0,3409.0,교통시설특별회계,2014,국토교통부,3448.0
지역간선국도7차,11.0,455.0,1191.0,1273.0,1341.0,1870.0,1920.0,1977.0,2109.0,2198.0,2267.0,3236.0,교통시설특별회계,2014,국토교통부,3562.0
지역간선국도8차,62.0,202.0,686.0,877.0,1098.0,1522.0,1555.0,1641.0,1740.0,1826.0,1998.0,2300.0,교통시설특별회계,2014,국토교통부,2550.0
지하철건설지원,753.0,1618.0,1618.0,1808.0,3276.0,3776.0,4383.0,4626.0,5533.0,5533.0,5533.0,5669.0,교통시설특별회계,2014,국토교통부,5834.0
철도기술연구,0.0,0.0,0.0,0.0,151.0,151.0,625.0,625.0,625.0,717.0,717.0,1025.0,교통시설특별회계,2014,국토교통부,1025.0
철도시설공단지원,0.0,359.0,359.0,629.0,796.0,796.0,946.0,946.0,946.0,1086.0,1086.0,1086.0,교통시설특별회계,2014,국토교통부,1086.0
철도운영지원(교특),0.0,74.0,88.0,290.0,290.0,3299.0,3299.0,3299.0,3514.0,3514.0,3624.0,3954.0,교통시설특별회계,2014,국토교통부,3955.0
첨단도로교통체계,91.0,189.0,348.0,420.0,461.0,571.0,573.0,573.0,573.0,603.0,603.0,611.0,교통시설특별회계,2014,국토교통부,623.0
건설기술혁신(R&D),0.0,0.0,110.0,260.0,310.0,644.0,653.0,653.0,753.0,786.0,786.0,786.0,일반회계,2014,국토교통부,786.0
국가하천정비지원,2.0,1002.0,1685.0,2292.0,2906.0,4832.0,5088.0,5544.0,6391.0,6813.0,7408.0,9250.0,일반회계,2014,국토교통부,9890.0
국토교통기술역량강화(R&D),0.0,0.0,348.0,348.0,415.0,479.0,480.0,481.0,545.0,600.0,600.0,601.0,일반회계,2014,국토교통부,602.0
국토지형관리,2.0,6.0,28.0,333.0,393.0,469.0,483.0,536.0,542.0,574.0,624.0,797.0,일반회계,2014,국토교통부,819.0
굴포천치수,0.0,0.0,0.0,700.0,900.0,900.0,900.0,900.0,900.0,900.0,900.0,900.0,일반회계,2014,국토교통부,900.0
댐건설,0.0,0.0,742.0,945.0,1076.0,1271.0,1471.0,1483.0,1533.0,1668.0,1623.0,1938.0,일반회계,2014,국토교통부,2130.0
도시건축연구,0.0,0.0,0.0,152.0,280.0,280.0,357.0,357.0,357.0,439.0,439.0,553.0,일반회계,2014,국토교통부,553.0
부동산공시,0.0,451.0,461.0,532.0,595.0,601.0,635.0,644.0,672.0,703.0,725.0,804.0,일반회계,2014,국토교통부,809.0
주거환경개선지원,0.0,0.0,0.0,0.0,150.0,950.0,950.0,950.0,1300.0,1300.0,1300.0,1750.0,일반회계,2014,국토교통부,1750.0
주택가격조사지원,193.0,198.0,296.0,336.0,474.0,479.0,482.0,485.0,489.0,495.0,503.0,537.0,일반회계,2014,국토교통부,549.0
지방하천정비지원,0.0,38.0,2623.0,3392.0,3921.0,5781.0,6504.0,6511.0,6577.0,6543.0,7296.0,8047.0,일반회계,2014,국토교통부,7962.0
철도안전(일반),0.0,978.0,2232.0,2552.0,3117.0,4464.0,4615.0,4693.0,4883.0,5614.0,5622.0,5623.0,일반회계,2014,국토교통부,5604.0
철도운영지원(일반),0.0,0.0,0.0,0.0,0.0,0.0,0.0,527.0,2912.0,2912.0,3467.0,3467.0,일반회계,2014,국토교통부,3467.0
치수능력증대사업,0.0,20.0,531.0,641.0,641.0,936.0,936.0,946.0,1075.0,1144.0,1154.0,1261.0,일반회계,2014,국토교통부,1367.0
하천편입토지보상(총액계상),0.0,3.0,70.0,124.0,169.0,214.0,280.0,297.0,356.0,404.0,444.0,485.0,일반회계,2014,국토교통부,500.0
공공임대주택지원(융자),2566.0,5896.0,8791.0,10854.0,11892.0,13289.0,14531.0,18085.0,18827.0,20765.0,21903.0,24979.0,국민주택기금,2014,국토교통부,15146.0
국민임대주택지원(융자),5763.0,5788.0,8517.0,9125.0,9206.0,9608.0,9848.0,9971.0,10993.0,11383.0,11514.0,12815.0,국민주택기금,2014,국토교통부,16206.0
분양주택지원(융자),3295.0,3902.0,5078.0,5968.0,6657.0,7143.0,7700.0,8325.0,8642.0,9028.0,9330.0,9847.0,국민주택기금,2014,국토교통부,11254.0
수탁은행관리,590.0,631.0,679.0,1218.0,1263.0,1293.0,1341.0,1357.0,1382.0,2202.0,2289.0,2324.0,국민주택기금,2014,국토교통부,1738.0
이차보전 지원,97.0,103.0,103.0,201.0,201.0,201.0,306.0,609.0,609.0,731.0,731.0,969.0,국민주택기금,2014,국토교통부,1100.0
임대주택지원,0.0,2050.0,3063.0,4187.0,6157.0,7003.0,10232.0,12017.0,12017.0,12536.0,14373.0,16620.0,국민주택기금,2014,국토교통부,15391.0
주택구입ㆍ전세자금(융자),7512.0,19133.0,32275.0,45031.0,54346.0,62698.0,70922.0,78786.0,85090.0,94324.0,101116.0,108376.0,국민주택기금,2014,국토교통부,93643.0
주택신보출연,92.0,188.0,276.0,372.0,463.0,557.0,658.0,744.0,836.0,927.0,987.0,1077.0,국민주택기금,2014,국토교통부,1097.0
준주택지원(융자),55.0,128.0,181.0,187.0,196.0,235.0,246.0,254.0,290.0,324.0,386.0,428.0,국민주택기금,2014,국토교통부,1237.0
행복주택(융자),52.0,52.0,52.0,52.0,61.0,61.0,157.0,157.0,157.0,157.0,546.0,2650.0,국민주택기금,2014,국토교통부,2869.0
한국수출입은행 출자,1300.0,1300.0,1300.0,1300.0,1300.0,1300.0,1300.0,1300.0,1300.0,1300.0,1300.0,1300.0,일반회계,2014,기획재정부,1300.0
농업기반정비,480.0,638.0,638.0,738.0,888.0,1448.0,1448.0,1448.0,1448.0,1448.0,1495.0,1517.0,광역지역발전특별회계,2014,농림축산식품부,1830.0
농촌자원 복합산업화지원,400.0,714.0,723.0,814.0,1077.0,1267.0,1267.0,1300.0,1300.0,1321.0,1450.0,1450.0,광역지역발전특별회계,2014,농림축산식품부,2429.0
일반농산어촌개발,0.0,3573.0,3573.0,3674.0,4773.0,7234.0,7234.0,7601.0,7601.0,7601.0,7914.0,8294.0,광역지역발전특별회계,2014,농림축산식품부,12753.0
지역전략식품산업육성,1.0,20.0,31.0,148.0,235.0,303.0,304.0,309.0,309.0,321.0,357.0,423.0,광역지역발전특별회계,2014,농림축산식품부,510.0
가축방역(농특),6.0,733.0,736.0,768.0,818.0,841.0,844.0,848.0,850.0,1069.0,1071.0,1188.0,농어촌구조개선특별회계,2014,농림축산식품부,1037.0
경쟁력제고(농특),0.0,32.0,103.0,147.0,170.0,254.0,271.0,277.0,286.0,287.0,349.0,404.0,농어촌구조개선특별회계,2014,농림축산식품부,638.0
농가소득보전,69.0,174.0,174.0,335.0,338.0,481.0,564.0,665.0,668.0,769.0,772.0,2347.0,농어촌구조개선특별회계,2014,농림축산식품부,2941.0
농식품기술개발,17.0,132.0,150.0,787.0,793.0,799.0,1041.0,1070.0,1077.0,1283.0,1289.0,1363.0,농어촌구조개선특별회계,2014,농림축산식품부,1698.0
농업시설개선(농특),628.0,1151.0,1265.0,1713.0,2622.0,3075.0,3141.0,3547.0,3632.0,3891.0,3895.0,4379.0,농어촌구조개선특별회계,2014,농림축산식품부,6515.0
농업재해보험,1.0,1.0,647.0,949.0,1214.0,1366.0,1366.0,1660.0,1660.0,1698.0,1698.0,1703.0,농어촌구조개선특별회계,2014,농림축산식품부,2701.0
농촌복지증진,1258.0,1350.0,1369.0,1516.0,2669.0,2669.0,2682.0,3971.0,3990.0,4151.0,4154.0,4164.0,농어촌구조개선특별회계,2014,농림축산식품부,4277.0
농협사업구조개편,0.0,262.0,704.0,883.0,1148.0,1148.0,1148.0,1348.0,1348.0,1349.0,1349.0,1349.0,농어촌구조개선특별회계,2014,농림축산식품부,2035.0
다목적 용수개발,338.0,958.0,1585.0,1841.0,2184.0,2924.0,2992.0,3046.0,3102.0,3132.0,3158.0,3308.0,농어촌구조개선특별회계,2014,농림축산식품부,4796.0
대단위농업개발(농특),0.0,0.0,139.0,139.0,321.0,427.0,427.0,427.0,489.0,507.0,507.0,517.0,농어촌구조개선특별회계,2014,농림축산식품부,847.0
식품산업육성,12.0,12.0,60.0,127.0,127.0,205.0,208.0,208.0,208.0,233.0,279.0,302.0,농어촌구조개선특별회계,2014,농림축산식품부,613.0
이차보전,0.0,2.0,398.0,600.0,986.0,1528.0,1532.0,1902.0,2097.0,2289.0,2289.0,2351.0,농어촌구조개선특별회계,2014,농림축산식품부,4568.0
재해예방(농특),150.0,404.0,504.0,929.0,1073.0,2153.0,2191.0,2191.0,2291.0,2351.0,2434.0,2634.0,농어촌구조개선특별회계,2014,농림축산식품부,3929.0
친환경농자재,0.0,676.0,676.0,1205.0,1409.0,2116.0,2116.0,2116.0,2216.0,2216.0,2227.0,2229.0,농어촌구조개선특별회계,2014,농림축산식품부,2967.0
양곡매입 및 관리,1426.0,1569.0,1703.0,1841.0,1963.0,2170.0,2316.0,2441.0,2591.0,5722.0,9883.0,11438.0,양곡관리특별회계,2014,농림축산식품부,11403.0
농산물유통개선(에특),0.0,0.0,0.0,80.0,393.0,510.0,510.0,556.0,567.0,567.0,573.0,656.0,에너지및자원사업특별회계,2014,농림축산식품부,787.0
농어촌공사시설관리,0.0,0.0,470.0,470.0,470.0,520.0,822.0,972.0,1193.0,1393.0,1493.0,1565.0,일반회계,2014,농림축산식품부,1565.0
혁신도시이전,34.0,37.0,41.0,61.0,167.0,194.0,480.0,496.0,535.0,573.0,653.0,775.0,혁신도시건설특별회계,2014,농림축산식품부,1598.0
농산물가격안정 및 수급조절,445.0,993.0,1557.0,2056.0,2579.0,3490.0,3747.0,4118.0,4264.0,4271.0,4465.0,5743.0,농산물가격안정기금,2014,농림축산식품부,7061.0
농산물유통개선(농안기금),0.0,0.0,48.0,323.0,1054.0,1117.0,1220.0,1220.0,1339.0,1715.0,1727.0,1756.0,농산물가격안정기금,2014,농림축산식품부,1786.0
"농식품수출촉진(농안,융자)",0.0,0.0,252.0,1337.0,1674.0,2088.0,2090.0,2160.0,2252.0,2373.0,2464.0,2662.0,농산물가격안정기금,2014,농림축산식품부,4200.0
농식품전문투자펀드출자,0.0,0.0,100.0,100.0,300.0,600.0,600.0,600.0,600.0,600.0,600.0,600.0,농산물가격안정기금,2014,농림축산식품부,600.0
"산지유통활성화(농안,융자)",0.0,0.0,0.0,2161.0,3040.0,3389.0,3493.0,3998.0,4024.0,4239.0,4383.0,5773.0,농산물가격안정기금,2014,농림축산식품부,5500.0
소비지유통활성화,0.0,241.0,338.0,472.0,533.0,774.0,890.0,927.0,953.0,1138.0,1384.0,1732.0,농산물가격안정기금,2014,농림축산식품부,1871.0
식품산업육성(농안),0.0,0.0,194.0,286.0,365.0,684.0,750.0,762.0,836.0,926.0,1113.0,1275.0,농산물가격안정기금,2014,농림축산식품부,1772.0
종자수급조절,72.0,78.0,80.0,83.0,84.0,87.0,134.0,134.0,148.0,523.0,543.0,694.0,농산물가격안정기금,2014,농림축산식품부,695.0
친환경농산물유통활성화,0.0,0.0,0.0,0.0,0.0,176.0,176.0,198.0,309.0,309.0,332.0,353.0,농산물가격안정기금,2014,농림축산식품부,514.0
"농지은행(농지,융자)",459.0,1166.0,1939.0,2743.0,3432.0,4143.0,4437.0,4731.0,5026.0,5182.0,5519.0,5539.0,농지관리기금,2014,농림축산식품부,5544.0
대단위농업개발(농지),0.0,0.0,806.0,1008.0,1254.0,2121.0,2121.0,2137.0,2618.0,2629.0,2695.0,3075.0,농지관리기금,2014,농림축산식품부,3575.0
과수및원예경쟁력제고,0.0,170.0,367.0,694.0,1182.0,1522.0,1579.0,1597.0,1637.0,1641.0,1671.0,1767.0,자유무역협정이행지원기금,2014,농림축산식품부,2181.0
축사시설현대화(FTA),0.0,36.0,535.0,792.0,792.0,1161.0,1449.0,1464.0,1470.0,1496.0,1528.0,1577.0,자유무역협정이행지원기금,2014,농림축산식품부,1728.0
축산기술보급,18.0,61.0,93.0,122.0,154.0,250.0,291.0,324.0,369.0,428.0,453.0,496.0,축산발전기금,2014,농림축산식품부,593.0
축산물수급관리,35.0,35.0,78.0,243.0,294.0,461.0,473.0,475.0,522.0,567.0,666.0,919.0,축산발전기금,2014,농림축산식품부,860.0
축산업경쟁력제고,462.0,882.0,1644.0,2044.0,2875.0,4264.0,4363.0,4666.0,5377.0,5435.0,5480.0,5604.0,축산발전기금,2014,농림축산식품부,6448.0
친환경축산(축발),0.0,24.0,1307.0,1520.0,1778.0,1901.0,1875.0,1914.0,1958.0,2011.0,2087.0,2426.0,축산발전기금,2014,농림축산식품부,2856.0
농업공동연구,6.0,133.0,331.0,499.0,550.0,704.0,825.0,878.0,970.0,1014.0,1095.0,1212.0,일반회계,2014,농촌진흥청,1247.0
차세대바이오그린21,130.0,180.0,191.0,369.0,377.0,384.0,509.0,514.0,598.0,609.0,623.0,643.0,일반회계,2014,농촌진흥청,648.0
축산연구(책임운영),10.0,26.0,47.0,76.0,104.0,135.0,162.0,192.0,215.0,246.0,279.0,492.0,일반회계,2014,농촌진흥청,543.0
농촌진흥청 지방이전사업,400.0,664.0,1004.0,1388.0,1636.0,2316.0,2486.0,2957.0,3224.0,3444.0,3609.0,4007.0,혁신도시건설특별회계,2014,농촌진흥청,5381.0
문화재보수정비,0.0,0.0,1037.0,1870.0,1870.0,2338.0,2338.0,2338.0,2338.0,2338.0,2338.0,2338.0,일반회계,2014,문화재청,2338.0
예방적관리,60.0,64.0,223.0,240.0,268.0,276.0,349.0,360.0,368.0,373.0,386.0,418.0,문화재보호기금,2014,문화재청,508.0
관광자원개발,0.0,342.0,707.0,709.0,861.0,893.0,960.0,1186.0,1296.0,1647.0,2021.0,2160.0,광역지역발전특별회계,2014,문화체육관광부,2994.0
광역관광자원개발,0.0,0.0,210.0,210.0,210.0,210.0,269.0,594.0,770.0,919.0,1030.0,1118.0,광역지역발전특별회계,2014,문화체육관광부,1410.0
문화시설확충및운영,0.0,204.0,300.0,307.0,739.0,781.0,841.0,1031.0,1302.0,1358.0,1556.0,1602.0,광역지역발전특별회계,2014,문화체육관광부,1665.0
체육진흥시설지원,0.0,0.0,66.0,66.0,481.0,513.0,517.0,557.0,557.0,1001.0,1026.0,1134.0,광역지역발전특별회계,2014,문화체육관광부,1805.0
국립아시아문화전당 건립,1.0,91.0,197.0,247.0,275.0,377.0,467.0,481.0,508.0,532.0,748.0,767.0,아시아문화중심도시조성특별회계,2014,문화체육관광부,1064.0
문화중심도시조성,18.0,19.0,32.0,54.0,257.0,259.0,302.0,321.0,399.0,506.0,714.0,737.0,아시아문화중심도시조성특별회계,2014,문화체육관광부,758.0
국립박물관 운영,46.0,70.0,112.0,147.0,195.0,259.0,287.0,322.0,367.0,402.0,433.0,504.0,일반회계,2014,문화체육관광부,595.0
국립현대미술관 운영,7.0,27.0,173.0,193.0,205.0,218.0,255.0,280.0,296.0,314.0,340.0,389.0,일반회계,2014,문화체육관광부,599.0
문화예술교육지원,203.0,482.0,510.0,624.0,753.0,767.0,964.0,1033.0,1074.0,1088.0,1093.0,1093.0,일반회계,2014,문화체육관광부,1093.0
문화예술단체지원,38.0,352.0,352.0,356.0,356.0,394.0,609.0,617.0,620.0,620.0,620.0,620.0,일반회계,2014,문화체육관광부,620.0
문화콘텐츠진흥,13.0,509.0,706.0,794.0,844.0,866.0,959.0,982.0,1026.0,1051.0,1053.0,1097.0,일반회계,2014,문화체육관광부,1105.0
관광사업체 융자지원,139.0,389.0,612.0,849.0,1192.0,2049.0,2199.0,2670.0,3076.0,3550.0,3954.0,4851.0,관광진흥개발기금,2014,문화체육관광부,4800.0
국내관광육성지원,2.0,135.0,180.0,299.0,318.0,535.0,574.0,593.0,664.0,691.0,705.0,737.0,관광진흥개발기금,2014,문화체육관광부,717.0
해외관광객유치활동사업,316.0,663.0,744.0,881.0,907.0,1111.0,1433.0,1465.0,1517.0,1645.0,1657.0,1659.0,관광진흥개발기금,2014,문화체육관광부,1503.0
국제체육 지원,38.0,998.0,1182.0,1470.0,1572.0,2066.0,2638.0,2863.0,3144.0,3823.0,3842.0,3856.0,국민체육진흥기금,2014,문화체육관광부,3771.0
대한체육회 지원,229.0,316.0,432.0,855.0,933.0,1255.0,1382.0,1454.0,1552.0,1838.0,1888.0,1888.0,국민체육진흥기금,2014,문화체육관광부,1893.0
생활체육 단체지원,29.0,56.0,171.0,294.0,385.0,449.0,523.0,553.0,598.0,657.0,664.0,668.0,국민체육진흥기금,2014,문화체육관광부,668.0
생활체육시설 지원,0.0,0.0,0.0,108.0,206.0,394.0,484.0,484.0,484.0,535.0,650.0,660.0,국민체육진흥기금,2014,문화체육관광부,710.0
장애인체육 육성,11.0,215.0,365.0,399.0,414.0,454.0,474.0,479.0,510.0,556.0,586.0,629.0,국민체육진흥기금,2014,문화체육관광부,586.0
생활속예술활성화,0.0,0.0,171.0,202.0,338.0,361.0,382.0,547.0,571.0,581.0,598.0,598.0,문화예술진흥기금,2014,문화체육관광부,607.0
예술창작역량강화,0.0,38.0,112.0,176.0,238.0,301.0,336.0,406.0,458.0,487.0,522.0,522.0,문화예술진흥기금,2014,문화체육관광부,680.0
영화산업기초인프라강화,5.0,25.0,46.0,79.0,94.0,114.0,120.0,141.0,175.0,193.0,205.0,205.0,영화발전기금,2014,문화체육관광부,647.0
연구개발특구육성,0.0,287.0,326.0,326.0,731.0,865.0,865.0,953.0,1020.0,1115.0,1176.0,1176.0,광역지역발전특별회계,2014,미래창조과학부,1181.0
기초기술연구회 소속 출연연구기관 지원,0.0,292.0,461.0,559.0,719.0,869.0,943.0,1018.0,1093.0,1181.0,1269.0,1357.0,에너지및자원사업특별회계,2014,미래창조과학부,1357.0
산업기술연구회 소속 출연연구기관 지원,0.0,571.0,890.0,1069.0,1332.0,1558.0,1716.0,1874.0,2013.0,2097.0,2169.0,2236.0,에너지및자원사업특별회계,2014,미래창조과학부,2236.0
보험영업활성화,333.0,535.0,855.0,1080.0,1300.0,1584.0,1804.0,2022.0,2444.0,2688.0,2922.0,3205.0,우체국보험특별회계,2014,미래창조과학부,2782.0
우체국금융정보화,22.0,84.0,140.0,178.0,210.0,272.0,281.0,329.0,368.0,392.0,455.0,603.0,우체국예금특별회계,2014,미래창조과학부,631.0
우체국예금안정적성장,163.0,265.0,395.0,511.0,613.0,893.0,969.0,1045.0,1101.0,1214.0,1372.0,1567.0,우체국예금특별회계,2014,미래창조과학부,1593.0
국제우편사업활성화,200.0,328.0,693.0,1012.0,1239.0,1398.0,1460.0,1553.0,1774.0,1930.0,2133.0,2401.0,우편사업특별회계,2014,미래창조과학부,2424.0
보편적서비스제고를위한창구망운영,159.0,302.0,432.0,594.0,710.0,828.0,955.0,1068.0,1181.0,1362.0,1478.0,1613.0,우편사업특별회계,2014,미래창조과학부,1536.0
우정사업운영지원,31.0,43.0,1332.0,1356.0,1366.0,1380.0,1401.0,1407.0,1419.0,1428.0,1435.0,1450.0,우편사업특별회계,2014,미래창조과학부,1473.0
우정서비스기간망구축,15.0,27.0,68.0,171.0,220.0,306.0,396.0,471.0,564.0,620.0,696.0,1064.0,우편사업특별회계,2014,미래창조과학부,1118.0
우편소통품질향상,550.0,739.0,1009.0,1552.0,1741.0,2334.0,2530.0,2719.0,2960.0,3331.0,3593.0,3956.0,우편사업특별회계,2014,미래창조과학부,4023.0
개인 연구지원 사업,0.0,0.0,0.0,393.0,3386.0,3442.0,3442.0,4032.0,4347.0,4526.0,5039.0,5421.0,일반회계,2014,미래창조과학부,5421.0
국립대학법인 울산과기대 운영지원,0.0,0.0,399.0,516.0,599.0,769.0,815.0,837.0,989.0,1033.0,1082.0,1167.0,일반회계,2014,미래창조과학부,1171.0
국제과학비즈니스벨트조성,0.0,0.0,0.0,66.0,68.0,668.0,668.0,668.0,668.0,747.0,747.0,1886.0,일반회계,2014,미래창조과학부,2100.0
기초기술연구회 소속 출연연구기관 지원,0.0,1866.0,2852.0,3770.0,4590.0,5717.0,5917.0,6184.0,6865.0,7474.0,8095.0,8472.0,일반회계,2014,미래창조과학부,8532.0
기초연구기반구축사업,0.0,861.0,861.0,891.0,914.0,1584.0,1584.0,1620.0,1627.0,1627.0,1627.0,1627.0,일반회계,2014,미래창조과학부,1627.0
바이오·의료기술개발,0.0,0.0,32.0,110.0,162.0,774.0,867.0,867.0,1269.0,1299.0,1771.0,1801.0,일반회계,2014,미래창조과학부,1801.0
산업기술연구회 소속 출연연구기관 지원,0.0,1753.0,2704.0,3351.0,4056.0,5139.0,5219.0,5467.0,6070.0,6321.0,6587.0,6736.0,일반회계,2014,미래창조과학부,6795.0
수출용 신형 연구로 개발 및 실증사업,0.0,0.0,0.0,400.0,500.0,500.0,500.0,500.0,500.0,500.0,500.0,500.0,일반회계,2014,미래창조과학부,500.0
에너지·환경기술개발,0.0,175.0,175.0,175.0,232.0,684.0,684.0,771.0,942.0,1003.0,1014.0,1014.0,일반회계,2014,미래창조과학부,1014.0
우수학생 국가장학 사업,0.0,465.0,465.0,465.0,465.0,465.0,564.0,614.0,664.0,664.0,664.0,664.0,일반회계,2014,미래창조과학부,664.0
우주발사체개발,0.0,0.0,2350.0,2350.0,2350.0,2350.0,2350.0,2350.0,2350.0,2350.0,2350.0,2350.0,일반회계,2014,미래창조과학부,2350.0
인공위성개발,0.0,36.0,46.0,46.0,477.0,590.0,590.0,590.0,590.0,590.0,590.0,590.0,일반회계,2014,미래창조과학부,590.0
직할출연연구기관지원,877.0,1505.0,2183.0,2930.0,4107.0,4665.0,5098.0,5432.0,6012.0,6324.0,7332.0,7897.0,일반회계,2014,미래창조과학부,8252.0
집단 연구자 지원,0.0,0.0,0.0,626.0,626.0,760.0,760.0,1077.0,1215.0,1240.0,1240.0,1240.0,일반회계,2014,미래창조과학부,1240.0
첨단융합기술개발,0.0,265.0,370.0,370.0,370.0,406.0,613.0,1088.0,1581.0,1581.0,1660.0,1663.0,일반회계,2014,미래창조과학부,1663.0
방송인프라지원,45.0,146.0,263.0,329.0,384.0,450.0,513.0,551.0,595.0,644.0,665.0,712.0,방송통신발전기금,2014,미래창조과학부,712.0
방송통신기술개발(R&D),0.0,0.0,282.0,282.0,282.0,568.0,568.0,568.0,855.0,889.0,889.0,951.0,방송통신발전기금,2014,미래창조과학부,951.0
방송통신콘텐츠진흥,0.0,4.0,226.0,237.0,310.0,642.0,673.0,677.0,682.0,682.0,701.0,702.0,방송통신발전기금,2014,미래창조과학부,702.0
원자력연구개발사업,0.0,0.0,434.0,434.0,434.0,852.0,852.0,852.0,1204.0,1204.0,1204.0,1647.0,원자력연구개발기금,2014,미래창조과학부,1647.0
기술확산지원,0.0,0.0,498.0,541.0,541.0,541.0,665.0,665.0,665.0,676.0,676.0,676.0,정보통신진흥기금,2014,미래창조과학부,676.0
인력양성(정진기금),0.0,0.0,464.0,538.0,569.0,659.0,720.0,748.0,751.0,753.0,753.0,756.0,정보통신진흥기금,2014,미래창조과학부,753.0
정보통신산업융합원천기술,0.0,0.0,598.0,995.0,2088.0,2559.0,2792.0,2887.0,3316.0,3715.0,3802.0,3802.0,정보통신진흥기금,2014,미래창조과학부,3793.0
정보통신응용기술개발지원(융자),0.0,10.0,120.0,400.0,400.0,400.0,570.0,570.0,570.0,570.0,570.0,570.0,정보통신진흥기금,2014,미래창조과학부,570.0
감시/정찰/정보사업,0.0,3.0,20.0,27.0,175.0,290.0,354.0,354.0,382.0,434.0,522.0,850.0,일반회계,2014,방위사업청,956.0
국과연연구개발,246.0,355.0,619.0,719.0,1298.0,2610.0,2610.0,2769.0,2779.0,3177.0,3546.0,4474.0,일반회계,2014,방위사업청,4485.0
국방과학연구소 운영,320.0,497.0,717.0,906.0,1082.0,1416.0,1416.0,1592.0,1758.0,1964.0,2176.0,2354.0,일반회계,2014,방위사업청,2398.0
국방기술개발,300.0,481.0,1277.0,1530.0,1928.0,5363.0,5494.0,5740.0,5859.0,6651.0,7275.0,8271.0,일반회계,2014,방위사업청,8322.0
국방기술품질원운영,177.0,211.0,245.0,279.0,324.0,387.0,387.0,418.0,448.0,481.0,527.0,560.0,일반회계,2014,방위사업청,560.0
국책 연구개발 사업,0.0,0.0,0.0,11.0,11.0,167.0,251.0,251.0,252.0,253.0,462.0,461.0,일반회계,2014,방위사업청,731.0
기갑사업,23.0,227.0,1142.0,1663.0,2443.0,2778.0,3370.0,4361.0,4822.0,5572.0,6020.0,7389.0,일반회계,2014,방위사업청,7461.0
기동사업,0.0,43.0,67.0,128.0,129.0,530.0,543.0,592.0,665.0,933.0,993.0,1278.0,일반회계,2014,방위사업청,1701.0
기술기획/품질경영,207.0,266.0,308.0,380.0,404.0,448.0,448.0,467.0,486.0,527.0,543.0,560.0,일반회계,2014,방위사업청,562.0
방호시설사업,0.0,233.0,233.0,268.0,292.0,302.0,302.0,330.0,330.0,371.0,387.0,527.0,일반회계,2014,방위사업청,527.0
부대개편사업(육군),0.0,53.0,68.0,93.0,175.0,285.0,387.0,545.0,580.0,675.0,782.0,1190.0,일반회계,2014,방위사업청,1665.0
부대시설사업(해군),0.0,1.0,460.0,741.0,937.0,1200.0,1212.0,1313.0,1419.0,1510.0,1840.0,2639.0,일반회계,2014,방위사업청,3141.0
상륙/지원함 사업,0.0,81.0,111.0,634.0,690.0,1866.0,1913.0,1931.0,2350.0,2417.0,2531.0,3990.0,일반회계,2014,방위사업청,4580.0
양산구매 성능개량,1.0,343.0,1710.0,1887.0,2648.0,2835.0,2992.0,3096.0,3187.0,3276.0,3458.0,3846.0,일반회계,2014,방위사업청,4057.0
업체주관 연구개발,2.0,4.0,112.0,192.0,257.0,486.0,521.0,542.0,558.0,557.0,591.0,958.0,일반회계,2014,방위사업청,1130.0
연구개발 성능개량,40.0,48.0,1451.0,1559.0,1764.0,2760.0,2917.0,3011.0,3145.0,3310.0,4148.0,5006.0,일반회계,2014,방위사업청,5391.0
잠수함 사업,0.0,0.0,1.0,768.0,768.0,1508.0,1509.0,1509.0,1510.0,1510.0,1511.0,2394.0,일반회계,2014,방위사업청,2400.0
저고도유도무기 사업,0.0,0.0,0.0,9.0,9.0,284.0,284.0,284.0,287.0,364.0,525.0,828.0,일반회계,2014,방위사업청,832.0
전자전장비 사업,0.0,214.0,300.0,473.0,473.0,499.0,504.0,523.0,551.0,569.0,608.0,704.0,일반회계,2014,방위사업청,710.0
전투기 사업,27.0,143.0,452.0,637.0,1059.0,2866.0,2944.0,3109.0,3281.0,3410.0,3789.0,5238.0,일반회계,2014,방위사업청,5284.0
전투예비탄약,0.0,99.0,180.0,197.0,197.0,2224.0,2532.0,2722.0,2889.0,3139.0,3366.0,4258.0,일반회계,2014,방위사업청,4266.0
전투함 사업,9.0,336.0,766.0,1012.0,1179.0,2277.0,2402.0,2428.0,2446.0,2690.0,2970.0,3936.0,일반회계,2014,방위사업청,4624.0
중·고고도유도무기 사업,0.0,36.0,59.0,62.0,69.0,1375.0,1440.0,1462.0,1471.0,1480.0,1512.0,2347.0,일반회계,2014,방위사업청,2410.0
지원/특수기 사업,5.0,43.0,1746.0,2388.0,2578.0,3278.0,3335.0,3385.0,3501.0,3531.0,3589.0,4568.0,일반회계,2014,방위사업청,4676.0
편제장비보강사업,0.0,7.0,7.0,10.0,132.0,150.0,169.0,233.0,239.0,385.0,513.0,762.0,일반회계,2014,방위사업청,948.0
포병전력사업,4.0,1952.0,3328.0,3939.0,4634.0,5476.0,5868.0,5942.0,6246.0,6444.0,6694.0,9935.0,일반회계,2014,방위사업청,10093.0
항공유도무기사업,0.0,11.0,13.0,183.0,183.0,361.0,367.0,367.0,391.0,416.0,421.0,764.0,일반회계,2014,방위사업청,1459.0
해상유도무기 사업,0.0,82.0,161.0,468.0,784.0,842.0,842.0,1058.0,1167.0,1271.0,1456.0,1742.0,일반회계,2014,방위사업청,1771.0
화생방 사업,0.0,0.0,0.0,0.0,52.0,70.0,115.0,242.0,245.0,264.0,411.0,597.0,일반회계,2014,방위사업청,651.0
교도소운영,75.0,149.0,250.0,344.0,416.0,557.0,642.0,711.0,799.0,876.0,922.0,1064.0,일반회계,2014,법무부,1039.0
수사지원및역량강화,67.0,127.0,197.0,300.0,362.0,446.0,520.0,584.0,647.0,730.0,823.0,931.0,일반회계,2014,법무부,939.0
재소자수용및교화,39.0,109.0,210.0,290.0,363.0,492.0,601.0,672.0,758.0,847.0,929.0,1098.0,일반회계,2014,법무부,1081.0
법무부혁신도시,0.0,61.0,64.0,139.0,251.0,591.0,619.0,631.0,792.0,887.0,926.0,1247.0,혁신도시건설특별회계,2014,법무부,1253.0
농어촌의료서비스 개선,0.0,1.0,530.0,530.0,532.0,574.0,574.0,574.0,575.0,576.0,576.0,576.0,농어촌구조개선특별회계,2014,보건복지부,576.0
가정양육수당 지원사업,1215.0,2431.0,3646.0,4861.0,6077.0,8102.0,8912.0,9723.0,10533.0,11343.0,12153.0,12153.0,일반회계,2014,보건복지부,12153.0
건강보험 지원,4000.0,11000.0,16001.0,20001.0,26460.0,34369.0,38369.0,40369.0,42869.0,45869.0,49387.0,53037.0,일반회계,2014,보건복지부,53031.0
공무원사립학교교직원 국가부담금,406.0,941.0,1443.0,1923.0,2669.0,3195.0,3702.0,4210.0,4717.0,5231.0,5731.0,6441.0,일반회계,2014,보건복지부,6441.0
국립암센터운영,0.0,200.0,222.0,361.0,361.0,361.0,361.0,426.0,426.0,533.0,533.0,533.0,일반회계,2014,보건복지부,582.0
기초생활급여,3836.0,8898.0,12421.0,16363.0,18213.0,23143.0,24367.0,26142.0,28157.0,30114.0,32166.0,34166.0,일반회계,2014,보건복지부,34867.0
노인관련기관지원,8.0,319.0,345.0,375.0,379.0,386.0,416.0,426.0,434.0,454.0,457.0,502.0,일반회계,2014,보건복지부,503.0
노인돌봄서비스,222.0,476.0,511.0,712.0,891.0,1041.0,1242.0,1242.0,1266.0,1435.0,1444.0,1445.0,일반회계,2014,보건복지부,1446.0
노인복지지원,2902.0,5807.0,8709.0,11717.0,14721.0,20738.0,26872.0,32993.0,39108.0,45225.0,48240.0,51838.0,일반회계,2014,보건복지부,52013.0
노인일자리지원,24.0,801.0,1156.0,1532.0,1829.0,2303.0,2671.0,2696.0,2964.0,3033.0,3052.0,3052.0,일반회계,2014,보건복지부,3052.0
노인장기요양보험지원,0.0,3392.0,5203.0,5236.0,5289.0,5425.0,5460.0,5494.0,5629.0,5664.0,5697.0,5836.0,일반회계,2014,보건복지부,5849.0
드림스타트 지원,100.0,202.0,202.0,383.0,444.0,504.0,535.0,565.0,585.0,616.0,632.0,632.0,일반회계,2014,보건복지부,632.0
방과후활동지원,300.0,417.0,531.0,662.0,793.0,925.0,1058.0,1188.0,1317.0,1319.0,1320.0,1320.0,일반회계,2014,보건복지부,1320.0
보건의료연구개발,0.0,3.0,3.0,388.0,402.0,418.0,448.0,478.0,501.0,673.0,682.0,765.0,일반회계,2014,보건복지부,778.0
사회복지전달체계,107.0,245.0,342.0,445.0,655.0,774.0,986.0,1146.0,1261.0,1409.0,1529.0,1654.0,일반회계,2014,보건복지부,1896.0
어린이집 운영지원,545.0,1090.0,1635.0,2180.0,2725.0,3270.0,3503.0,3737.0,3970.0,4204.0,4639.0,4671.0,일반회계,2014,보건복지부,4671.0
어린이집 지원,252.0,494.0,825.0,863.0,1113.0,1474.0,1613.0,1749.0,1778.0,1881.0,1885.0,2009.0,일반회계,2014,보건복지부,1891.0
영유아보육료지원,5549.0,8333.0,11109.0,13883.0,16657.0,19449.0,22223.0,24998.0,27772.0,30548.0,30547.0,33322.0,일반회계,2014,보건복지부,33330.0
의료급여,7000.0,11321.0,15616.0,20150.0,26601.0,28239.0,31452.0,34452.0,37465.0,40148.0,42827.0,43870.0,일반회계,2014,보건복지부,44371.0
자활지원,68.0,1522.0,1906.0,2637.0,3388.0,3785.0,4142.0,4470.0,4526.0,4714.0,4860.0,4978.0,일반회계,2014,보건복지부,5608.0
장애인선택적복지,601.0,1199.0,1795.0,2396.0,2990.0,3586.0,3905.0,4165.0,4424.0,4657.0,4857.0,5003.0,일반회계,2014,보건복지부,5009.0
장애인소득보장,454.0,867.0,1255.0,1675.0,2094.0,2516.0,3147.0,3693.0,4240.0,4801.0,5328.0,5611.0,일반회계,2014,보건복지부,5962.0
장애인일자리지원,88.0,135.0,181.0,237.0,280.0,323.0,378.0,421.0,463.0,518.0,561.0,604.0,일반회계,2014,보건복지부,604.0
지방대병원 특화육성,3.0,5.0,15.0,206.0,211.0,231.0,234.0,386.0,389.0,532.0,550.0,552.0,일반회계,2014,보건복지부,552.0
지방의료원 등 육성,0.0,207.0,207.0,210.0,355.0,361.0,378.0,489.0,490.0,539.0,569.0,633.0,일반회계,2014,보건복지부,648.0
지역자율형 사회서비스 투자사업,169.0,498.0,781.0,998.0,1189.0,1390.0,1574.0,1870.0,1918.0,1974.0,1988.0,1998.0,일반회계,2014,보건복지부,2002.0
취약계층의료비지원,343.0,695.0,1038.0,1317.0,1732.0,2076.0,2228.0,2385.0,2538.0,2754.0,2770.0,3000.0,일반회계,2014,보건복지부,3000.0
건강보험지원(국민건강증진기금),122.0,343.0,1291.0,1291.0,1427.0,1726.0,1892.0,3021.0,4318.0,4672.0,9841.0,10191.0,국민건강증진기금,2014,보건복지부,10191.0
보건소건강증진,302.0,305.0,305.0,308.0,658.0,659.0,660.0,867.0,870.0,988.0,988.0,991.0,국민건강증진기금,2014,보건복지부,992.0
보건의료연구개발,0.0,0.0,16.0,331.0,592.0,809.0,852.0,992.0,1091.0,1538.0,2022.0,2265.0,국민건강증진기금,2014,보건복지부,2271.0
예방접종관리,141.0,730.0,733.0,840.0,842.0,1356.0,1710.0,1714.0,1716.0,1726.0,1765.0,1814.0,국민건강증진기금,2014,보건복지부,1818.0
취약계층의료비지원,133.0,386.0,392.0,563.0,670.0,670.0,819.0,891.0,894.0,987.0,987.0,990.0,국민건강증진기금,2014,보건복지부,991.0
응급의료기관 지원,7.0,23.0,43.0,54.0,499.0,499.0,819.0,847.0,859.0,862.0,882.0,1135.0,응급의료기금,2014,보건복지부,1231.0
"산림경영자원육성(광특,광역)",0.0,0.0,516.0,551.0,818.0,988.0,1174.0,1188.0,1226.0,1281.0,1348.0,1441.0,광역지역발전특별회계,2014,산림청,1449.0
"산림휴양녹색공간조성(광특,지역)",0.0,0.0,2.0,69.0,627.0,633.0,633.0,1002.0,1002.0,1066.0,1392.0,1396.0,광역지역발전특별회계,2014,산림청,1432.0
산림병해충방제(농특),49.0,191.0,472.0,574.0,594.0,701.0,753.0,756.0,787.0,792.0,840.0,885.0,농어촌구조개선특별회계,2014,산림청,815.0
임업인육성(농특),1.0,59.0,93.0,191.0,235.0,309.0,386.0,435.0,438.0,485.0,548.0,579.0,농어촌구조개선특별회계,2014,산림청,663.0
탄소흡수원확충(농특),127.0,323.0,574.0,862.0,1282.0,2009.0,2148.0,2479.0,2651.0,2825.0,3023.0,3353.0,농어촌구조개선특별회계,2014,산림청,3578.0
국유재산 및 산지관리(일반),8.0,14.0,93.0,124.0,191.0,313.0,352.0,386.0,442.0,473.0,512.0,614.0,일반회계,2014,산림청,653.0
산림복지서비스증진(일반),0.0,35.0,77.0,114.0,141.0,346.0,363.0,391.0,436.0,451.0,516.0,728.0,일반회계,2014,산림청,859.0
산림생물다양성증진(일반),0.0,29.0,39.0,45.0,51.0,210.0,215.0,224.0,259.0,271.0,291.0,491.0,일반회계,2014,산림청,615.0
산림재해방지(일반),1.0,637.0,1494.0,1612.0,2614.0,3225.0,3251.0,3354.0,3378.0,3394.0,3490.0,3558.0,일반회계,2014,산림청,3530.0
경제자유구역지원,3.0,340.0,401.0,574.0,680.0,736.0,746.0,746.0,880.0,881.0,1020.0,1096.0,광역지역발전특별회계,2014,산업통상자원부,1157.0
광역경제권거점기관지원,10.0,10.0,134.0,235.0,455.0,922.0,1818.0,2102.0,2288.0,2335.0,2663.0,2690.0,광역지역발전특별회계,2014,산업통상자원부,2695.0
광역경제권산업경쟁력강화,0.0,826.0,931.0,1552.0,4123.0,5787.0,5811.0,5811.0,6482.0,6482.0,6696.0,6696.0,광역지역발전특별회계,2014,산업통상자원부,6696.0
광역경제권투자유치활성화,422.0,487.0,524.0,524.0,524.0,565.0,565.0,624.0,648.0,648.0,835.0,1085.0,광역지역발전특별회계,2014,산업통상자원부,1546.0
외국인투자유치활성화,0.0,274.0,319.0,346.0,411.0,561.0,571.0,586.0,612.0,639.0,756.0,957.0,광역지역발전특별회계,2014,산업통상자원부,1935.0
지역특성화산업육성,0.0,0.0,0.0,144.0,149.0,452.0,452.0,452.0,452.0,452.0,452.0,452.0,광역지역발전특별회계,2014,산업통상자원부,535.0
가스안전관리,112.0,165.0,193.0,437.0,453.0,472.0,525.0,540.0,549.0,603.0,635.0,638.0,에너지및자원사업특별회계,2014,산업통상자원부,638.0
광물자원개발융자,0.0,0.0,0.0,0.0,0.0,0.0,0.0,20.0,20.0,20.0,20.0,2006.0,에너지및자원사업특별회계,2014,산업통상자원부,2006.0
광산지역진흥,178.0,178.0,351.0,436.0,586.0,887.0,922.0,979.0,1014.0,1116.0,1297.0,1297.0,에너지및자원사업특별회계,2014,산업통상자원부,1297.0
국내외유전개발,0.0,0.0,0.0,0.0,0.0,0.0,0.0,0.0,0.0,0.0,0.0,0.0,에너지및자원사업특별회계,2014,산업통상자원부,1700.0
대한석탄공사지원,530.0,530.0,530.0,530.0,530.0,530.0,530.0,530.0,530.0,530.0,530.0,530.0,에너지및자원사업특별회계,2014,산업통상자원부,530.0
도시가스공급,0.0,15.0,41.0,41.0,32.0,207.0,320.0,317.0,418.0,466.0,495.0,740.0,에너지및자원사업특별회계,2014,산업통상자원부,740.0
석유비축,0.0,10.0,10.0,10.0,395.0,395.0,395.0,395.0,395.0,395.0,395.0,614.0,에너지및자원사업특별회계,2014,산업통상자원부,614.0
석탄수급안정,1183.0,1682.0,1988.0,2176.0,2299.0,2382.0,2411.0,2429.0,2446.0,2454.0,2523.0,2523.0,에너지및자원사업특별회계,2014,산업통상자원부,2523.0
에너지융합핵심기술개발(에특),49.0,57.0,57.0,231.0,774.0,1339.0,1339.0,1339.0,1638.0,1823.0,1895.0,2068.0,에너지및자원사업특별회계,2014,산업통상자원부,2068.0
에너지이용합리화,0.0,80.0,83.0,113.0,494.0,527.0,550.0,582.0,918.0,1120.0,1138.0,1189.0,에너지및자원사업특별회계,2014,산업통상자원부,1211.0
에너지이용효율향상(융자),0.0,200.0,650.0,1130.0,1130.0,1750.0,1750.0,1750.0,2150.0,2350.0,2500.0,2500.0,에너지및자원사업특별회계,2014,산업통상자원부,2500.0
한국광물자원공사지원,0.0,0.0,0.0,0.0,0.0,1300.0,1300.0,1300.0,1300.0,1300.0,1625.0,1849.0,에너지및자원사업특별회계,2014,산업통상자원부,2600.0
공공기술개발,52.0,52.0,140.0,179.0,211.0,340.0,378.0,378.0,422.0,440.0,525.0,525.0,일반회계,2014,산업통상자원부,555.0
국제협력(일반회계),0.0,37.0,289.0,289.0,289.0,489.0,489.0,489.0,539.0,589.0,589.0,589.0,일반회계,2014,산업통상자원부,589.0
글로벌전문기술(일반회계),0.0,0.0,229.0,323.0,323.0,1670.0,1680.0,1680.0,1844.0,2293.0,2444.0,2444.0,일반회계,2014,산업통상자원부,2444.0
기술개발기반구축(일반회계),0.0,0.0,46.0,563.0,810.0,885.0,921.0,921.0,1380.0,1380.0,1515.0,1605.0,일반회계,2014,산업통상자원부,1605.0
대한무역투자진흥공사,759.0,759.0,759.0,759.0,1770.0,1770.0,1770.0,1770.0,1770.0,2070.0,2187.0,2566.0,일반회계,2014,산업통상자원부,2566.0
로봇산업진흥,2.0,4.0,109.0,155.0,180.0,269.0,311.0,311.0,386.0,431.0,509.0,509.0,일반회계,2014,산업통상자원부,509.0
무역금융지원,1400.0,1400.0,1400.0,1400.0,1400.0,1400.0,1400.0,1400.0,1400.0,1400.0,1400.0,1400.0,일반회계,2014,산업통상자원부,1400.0
미래산업선도기술개발사업,0.0,11.0,91.0,91.0,171.0,390.0,390.0,390.0,410.0,508.0,521.0,521.0,일반회계,2014,산업통상자원부,521.0
부품소재산업경쟁력향상,0.0,0.0,42.0,788.0,877.0,1523.0,1523.0,1873.0,1951.0,2151.0,3077.0,3201.0,일반회계,2014,산업통상자원부,3458.0
사업화연계기술개발,0.0,0.0,0.0,16.0,16.0,281.0,281.0,281.0,321.0,498.0,562.0,562.0,일반회계,2014,산업통상자원부,562.0
섬유패션생활용품산업육성,0.0,10.0,450.0,450.0,450.0,494.0,511.0,511.0,554.0,554.0,554.0,558.0,일반회계,2014,산업통상자원부,567.0
신산업융합핵심기술,0.0,0.0,95.0,1187.0,1250.0,1765.0,1765.0,1802.0,2169.0,2233.0,2299.0,2299.0,일반회계,2014,산업통상자원부,2299.0
자유무역지역조성,57.0,67.0,87.0,198.0,228.0,289.0,421.0,511.0,545.0,633.0,684.0,1088.0,일반회계,2014,산업통상자원부,1224.0
주력산업융합핵심기술,0.0,0.0,1132.0,1206.0,1338.0,1900.0,2094.0,2194.0,2418.0,2438.0,2438.0,2533.0,일반회계,2014,산업통상자원부,2539.0
중저준위방사성폐기물관리,95.0,111.0,242.0,272.0,453.0,805.0,814.0,825.0,1097.0,1108.0,1115.0,1192.0,방사성폐기물관리기금,2014,산업통상자원부,1139.0
농어촌전기공급지원(기금),450.0,450.0,750.0,750.0,1250.0,1250.0,1350.0,1350.0,1556.0,1556.0,1756.0,1756.0,전력산업기반기금,2014,산업통상자원부,1756.0
발전소주변지역지원(기금),0.0,0.0,482.0,886.0,886.0,1488.0,1898.0,1898.0,1990.0,2088.0,2088.0,2559.0,전력산업기반기금,2014,산업통상자원부,2239.0
신재생에너지금융지원,162.0,162.0,362.0,362.0,572.0,672.0,733.0,793.0,853.0,1044.0,1254.0,1284.0,전력산업기반기금,2014,산업통상자원부,1034.0
신재생에너지보급(기금),0.0,507.0,1136.0,1432.0,1810.0,2220.0,2823.0,3157.0,3342.0,3837.0,4148.0,4704.0,전력산업기반기금,2014,산업통상자원부,4454.0
에너지융합핵심기술개발(전력기금),117.0,389.0,799.0,1071.0,1268.0,1580.0,1609.0,1859.0,2090.0,2203.0,2203.0,2243.0,전력산업기반기금,2014,산업통상자원부,2243.0
원자력융합핵심기술개발,142.0,641.0,641.0,649.0,649.0,923.0,923.0,923.0,923.0,923.0,923.0,923.0,전력산업기반기금,2014,산업통상자원부,923.0
전기안전관리(기금),386.0,386.0,386.0,665.0,665.0,665.0,818.0,818.0,818.0,948.0,948.0,948.0,전력산업기반기금,2014,산업통상자원부,948.0
전력산업융합핵심기술개발,37.0,37.0,347.0,347.0,410.0,773.0,897.0,930.0,969.0,991.0,991.0,991.0,전력산업기반기금,2014,산업통상자원부,991.0
전력수요관리(기금),0.0,712.0,712.0,978.0,978.0,978.0,1038.0,1038.0,1038.0,1038.0,1253.0,1253.0,전력산업기반기금,2014,산업통상자원부,1182.0
식의약품 안전 연구개발,92.0,236.0,325.0,339.0,350.0,402.0,418.0,441.0,478.0,496.0,517.0,684.0,일반회계,2014,식품의약품안전처,721.0
청소년시설확충,0.0,177.0,177.0,177.0,177.0,212.0,239.0,239.0,239.0,255.0,404.0,415.0,광역지역발전특별회계,2014,여성가족부,512.0
아동양육지원,2.0,224.0,224.0,485.0,485.0,500.0,647.0,647.0,647.0,799.0,799.0,799.0,일반회계,2014,여성가족부,799.0
다문화가족지원,54.0,273.0,275.0,424.0,440.0,453.0,462.0,673.0,675.0,682.0,686.0,692.0,여성발전기금,2014,여성가족부,711.0
한부모가족지원(기금),308.0,321.0,331.0,335.0,338.0,343.0,567.0,567.0,569.0,566.0,570.0,572.0,여성발전기금,2014,여성가족부,573.0
글로벌 프로그램,360.0,667.0,950.0,1191.0,1431.0,1490.0,1638.0,1725.0,1836.0,1968.0,2080.0,2232.0,일반회계,2014,외교부,2232.0
아시아 및 태평양지역 국가원조,95.0,190.0,438.0,560.0,682.0,682.0,757.0,871.0,955.0,1087.0,1227.0,1318.0,일반회계,2014,외교부,1364.0
아프리카지역 국가원조,103.0,132.0,218.0,288.0,358.0,389.0,433.0,491.0,584.0,635.0,805.0,802.0,일반회계,2014,외교부,996.0
"전자여권제조 및 개선(수입대체경비,정보화)",5.0,27.0,81.0,140.0,189.0,238.0,295.0,362.0,419.0,474.0,531.0,675.0,일반회계,2014,외교부,694.0
"산학연협력기술개발(광특, R&D)",0.0,0.0,338.0,754.0,754.0,754.0,754.0,754.0,754.0,1458.0,1458.0,1458.0,광역지역발전특별회계,2014,중소기업청,1458.0
전통시장및중소유통물류기반조성(광특),0.0,0.0,498.0,498.0,539.0,539.0,674.0,674.0,674.0,674.0,1423.0,1423.0,광역지역발전특별회계,2014,중소기업청,1423.0
기술개발지원(R&D),258.0,349.0,512.0,2428.0,2652.0,3580.0,5104.0,5216.0,5377.0,6385.0,6406.0,6727.0,일반회계,2014,중소기업청,6727.0
매출채권보험계정출연,1022.0,1022.0,1022.0,1022.0,1022.0,1022.0,1022.0,1022.0,1022.0,1022.0,1022.0,1022.0,일반회계,2014,중소기업청,1022.0
신용보증기관출연,1500.0,1500.0,1500.0,1500.0,1500.0,1500.0,1500.0,1500.0,1500.0,1500.0,1500.0,1500.0,일반회계,2014,중소기업청,1500.0
중견기업역량강화,0.0,0.0,0.0,16.0,16.0,28.0,34.0,214.0,428.0,665.0,665.0,665.0,일반회계,2014,중소기업청,665.0
중소기업수출역량강화,0.0,30.0,57.0,70.0,171.0,192.0,278.0,283.0,293.0,317.0,461.0,503.0,일반회계,2014,중소기업청,505.0
창업활성화지원,367.0,555.0,567.0,787.0,969.0,1042.0,1326.0,1564.0,1671.0,1758.0,1829.0,1845.0,일반회계,2014,중소기업청,1848.0
개발및특허기술사업화융자(기금),95.0,367.0,908.0,1168.0,1467.0,1845.0,2064.0,2293.0,2900.0,3082.0,3500.0,3500.0,중소기업창업및진흥기금,2014,중소기업청,3500.0
긴급경영안정융자(기금),55.0,191.0,407.0,506.0,712.0,811.0,784.0,866.0,920.0,1040.0,1131.0,1300.0,중소기업창업및진흥기금,2014,중소기업청,1000.0
모태조합출자(기금),0.0,0.0,350.0,350.0,350.0,700.0,700.0,700.0,700.0,850.0,850.0,1000.0,중소기업창업및진흥기금,2014,중소기업청,1000.0
사업전환융자(기금),113.0,180.0,412.0,512.0,602.0,783.0,853.0,916.0,1089.0,1172.0,1700.0,1700.0,중소기업창업및진흥기금,2014,중소기업청,1700.0
소상공인경영개선지원(기금),0.0,192.0,192.0,192.0,320.0,399.0,399.0,399.0,444.0,527.0,639.0,763.0,중소기업창업및진흥기금,2014,중소기업청,696.0
소상공인지원(기금),118.0,315.0,315.0,392.0,456.0,665.0,665.0,665.0,720.0,827.0,925.0,978.0,중소기업창업및진흥기금,2014,중소기업청,1003.0
소상공인지원융자(기금),444.0,1838.0,3687.0,5294.0,5755.0,7503.0,8304.0,8699.0,8905.0,8959.0,9139.0,9158.0,중소기업창업및진흥기금,2014,중소기업청,10305.0
신성장기반지원(기금),522.0,1139.0,2296.0,2894.0,3555.0,4431.0,4954.0,5462.0,6488.0,7087.0,8624.0,8650.0,중소기업창업및진흥기금,2014,중소기업청,8350.0
지역신용보증재단지원(기금),438.0,438.0,438.0,548.0,548.0,548.0,548.0,548.0,548.0,548.0,548.0,548.0,중소기업창업및진흥기금,2014,중소기업청,548.0
창업기업지원융자(기금),717.0,2174.0,4640.0,6000.0,7336.0,8943.0,9630.0,10239.0,11371.0,12023.0,13398.0,13400.0,중소기업창업및진흥기금,2014,중소기업청,13000.0
투융자복합금융지원(기금),13.0,120.0,371.0,454.0,591.0,784.0,867.0,998.0,1165.0,1247.0,1450.0,1500.0,중소기업창업및진흥기금,2014,중소기업청,1500.0
북한이탈주민 교육훈련 및 정착금 지급,47.0,106.0,156.0,240.0,307.0,415.0,481.0,542.0,605.0,676.0,751.0,852.0,일반회계,2014,통일부,869.0
심사·심판처리 지원,1.0,2.0,98.0,159.0,239.0,282.0,324.0,360.0,426.0,466.0,507.0,595.0,특허청,2014,특허청,610.0
어업기반정비,0.0,342.0,542.0,542.0,842.0,1142.0,1142.0,1142.0,1142.0,1214.0,1214.0,1255.0,광역지역발전특별회계,2014,해양수산부,1775.0
부산항 신항만 개발,305.0,361.0,602.0,639.0,661.0,795.0,805.0,816.0,834.0,846.0,863.0,1039.0,교통시설특별회계,2014,해양수산부,1298.0
여수광양항만공사 지원,0.0,51.0,51.0,500.0,500.0,500.0,500.0,500.0,500.0,500.0,500.0,500.0,교통시설특별회계,2014,해양수산부,500.0
인천북항 개발,188.0,188.0,312.0,356.0,367.0,451.0,673.0,678.0,682.0,690.0,692.0,719.0,교통시설특별회계,2014,해양수산부,734.0
인천신항 개발,10.0,115.0,115.0,140.0,169.0,219.0,220.0,220.0,228.0,230.0,231.0,310.0,교통시설특별회계,2014,해양수산부,524.0
일반항 건설,0.0,48.0,226.0,428.0,512.0,887.0,1020.0,1090.0,1198.0,1239.0,1336.0,1687.0,교통시설특별회계,2014,해양수산부,2600.0
주요항 건설,20.0,159.0,326.0,470.0,702.0,932.0,1053.0,1077.0,1129.0,1171.0,1217.0,1587.0,교통시설특별회계,2014,해양수산부,2006.0
포항영일만신항 개발,6.0,132.0,295.0,299.0,336.0,449.0,541.0,552.0,611.0,612.0,652.0,731.0,교통시설특별회계,2014,해양수산부,660.0
항로표지시설 확충 및 안전관리,0.0,41.0,118.0,147.0,197.0,256.0,280.0,302.0,329.0,358.0,400.0,579.0,교통시설특별회계,2014,해양수산부,758.0
항만시설유지보수(교특),5.0,81.0,119.0,233.0,389.0,568.0,677.0,776.0,878.0,952.0,1088.0,1389.0,교통시설특별회계,2014,해양수산부,1645.0
수산금융자금이차보전,0.0,51.0,115.0,182.0,327.0,427.0,427.0,443.0,443.0,564.0,580.0,596.0,농어촌구조개선특별회계,2014,해양수산부,962.0
수산물유통개선(농특),0.0,0.0,153.0,290.0,354.0,363.0,363.0,363.0,363.0,378.0,378.0,433.0,농어촌구조개선특별회계,2014,해양수산부,718.0
수산자원조성,0.0,116.0,262.0,318.0,471.0,472.0,475.0,482.0,635.0,715.0,717.0,818.0,농어촌구조개선특별회계,2014,해양수산부,914.0
어항기반시설조성(농특),122.0,245.0,324.0,468.0,574.0,759.0,890.0,1007.0,1111.0,1257.0,1291.0,1825.0,농어촌구조개선특별회계,2014,해양수산부,2106.0
재해대책,5.0,329.0,329.0,658.0,677.0,706.0,746.0,778.0,894.0,897.0,897.0,903.0,농어촌구조개선특별회계,2014,해양수산부,1035.0
친환경어업(농특),3.0,10.0,341.0,535.0,595.0,615.0,633.0,641.0,650.0,669.0,681.0,710.0,농어촌구조개선특별회계,2014,해양수산부,767.0
어업질서 확립,79.0,143.0,211.0,246.0,324.0,398.0,460.0,492.0,506.0,546.0,622.0,655.0,일반회계,2014,해양수산부,657.0
연구장비개발 및 인프라구축(R&D),0.0,0.0,771.0,1100.0,1100.0,1100.0,1100.0,1236.0,1236.0,1236.0,1236.0,1251.0,일반회계,2014,해양수산부,1261.0
연안환경관리(일반),13.0,33.0,43.0,78.0,96.0,129.0,171.0,204.0,233.0,273.0,333.0,516.0,일반회계,2014,해양수산부,742.0
울산신항 개발,20.0,108.0,119.0,128.0,256.0,305.0,311.0,317.0,362.0,403.0,417.0,613.0,일반회계,2014,해양수산부,731.0
한국해양과학기술원 운영지원,0.0,353.0,353.0,723.0,723.0,723.0,913.0,1113.0,1141.0,1355.0,1554.0,1554.0,일반회계,2014,해양수산부,1554.0
해양지형조사 및 정보제공,15.0,36.0,121.0,333.0,383.0,413.0,456.0,527.0,554.0,582.0,597.0,794.0,일반회계,2014,해양수산부,900.0
수산물가격안정(기금),0.0,0.0,81.0,81.0,173.0,173.0,269.0,269.0,409.0,826.0,857.0,789.0,수산발전기금,2014,해양수산부,757.0
수산물가격안정(기금·융자),0.0,0.0,549.0,843.0,1134.0,1190.0,1209.0,1396.0,1515.0,1691.0,1735.0,1878.0,수산발전기금,2014,해양수산부,1852.0
수산물유통자금지원(기금),70.0,105.0,600.0,749.0,759.0,866.0,868.0,958.0,1150.0,1228.0,1243.0,1249.0,수산발전기금,2014,해양수산부,1600.0
어업경영자금(기금),0.0,0.0,26.0,192.0,192.0,192.0,552.0,552.0,652.0,652.0,652.0,702.0,수산발전기금,2014,해양수산부,702.0
특수상황지역개발,0.0,120.0,656.0,666.0,816.0,816.0,1018.0,1500.0,1501.0,1507.0,1507.0,1515.0,광역지역발전특별회계,2014,행정자치부,1907.0
국가정보화실행기반마련(정보화),0.0,0.0,83.0,222.0,428.0,674.0,674.0,674.0,674.0,836.0,836.0,836.0,일반회계,2014,행정자치부,839.0
정부청사시설관리,36.0,209.0,326.0,438.0,549.0,693.0,733.0,873.0,989.0,1089.0,1199.0,1537.0,일반회계,2014,행정자치부,1605.0
정부통합전산센터운영(정보화),46.0,144.0,974.0,1075.0,1138.0,1666.0,1788.0,1890.0,2065.0,2269.0,2375.0,2982.0,일반회계,2014,행정자치부,3129.0
주한미군공여구역주변지역등지원,0.0,419.0,639.0,839.0,1049.0,1241.0,1241.0,1412.0,1412.0,1412.0,1859.0,1859.0,일반회계,2014,행정자치부,1859.0
지방교부금,35700.0,72418.0,116418.0,146418.0,171418.0,220418.0,241418.0,258418.0,274418.0,305418.0,330418.0,357112.0,일반회계,2014,행정자치부,364612.0
광역교통시설건설,0.0,67.0,380.0,536.0,637.0,1221.0,1239.0,1302.0,1348.0,1381.0,1443.0,1591.0,행정중심복합도시건설특별회계,2014,행정중심복합도시건설청,1918.0
중앙행정기관 건립,0.0,182.0,867.0,1064.0,1138.0,1725.0,1740.0,1954.0,2082.0,2379.0,2527.0,2928.0,행정중심복합도시건설특별회계,2014,행정중심복합도시건설청,3452.0
지방행정시설 건립,28.0,76.0,265.0,297.0,317.0,437.0,439.0,481.0,500.0,527.0,558.0,673.0,행정중심복합도시건설특별회계,2014,행정중심복합도시건설청,753.0
고도정수처리시설설치,0.0,0.0,38.0,68.0,68.0,90.0,90.0,136.0,136.0,136.0,150.0,150.0,광역지역발전특별회계,2014,환경부,500.0
상수도시설확충 및 관리,415.0,536.0,643.0,853.0,1495.0,2135.0,2135.0,2468.0,2693.0,3067.0,3110.0,3303.0,광역지역발전특별회계,2014,환경부,3615.0
수질개선기반구축,314.0,497.0,819.0,1009.0,1279.0,1660.0,1728.0,1862.0,1926.0,2122.0,2502.0,2567.0,광역지역발전특별회계,2014,환경부,2633.0
하수처리시설 확충(농특),30.0,151.0,189.0,249.0,352.0,519.0,519.0,519.0,578.0,620.0,632.0,670.0,농어촌구조개선특별회계,2014,환경부,819.0
기후변화협약대응,12.0,61.0,196.0,325.0,363.0,413.0,440.0,456.0,475.0,480.0,513.0,532.0,에너지및자원사업특별회계,2014,환경부,557.0
국립공원,200.0,1293.0,1293.0,1493.0,1493.0,1693.0,1713.0,1713.0,1713.0,1867.0,1867.0,1868.0,환경개선특별회계,2014,환경부,1868.0
기타 오염원 관리,82.0,334.0,693.0,733.0,921.0,1044.0,1057.0,1078.0,1201.0,1353.0,1511.0,1790.0,환경개선특별회계,2014,환경부,1981.0
법정경비,140.0,142.0,145.0,147.0,152.0,346.0,349.0,813.0,816.0,990.0,1216.0,1367.0,환경개선특별회계,2014,환경부,1773.0
산업폐수 관리,70.0,621.0,958.0,1077.0,1148.0,1786.0,1834.0,2070.0,2114.0,2425.0,2614.0,2689.0,환경개선특별회계,2014,환경부,3259.0
생태계보전,31.0,255.0,572.0,733.0,808.0,873.0,909.0,967.0,1015.0,1069.0,1215.0,1451.0,환경개선특별회계,2014,환경부,1647.0
수도권 및 수도권외 대기개선,83.0,300.0,405.0,511.0,686.0,766.0,799.0,800.0,818.0,898.0,908.0,938.0,환경개선특별회계,2014,환경부,1062.0
수질개선기반구축,1.0,115.0,224.0,301.0,344.0,357.0,389.0,423.0,446.0,464.0,474.0,552.0,환경개선특별회계,2014,환경부,573.0
재활용 및 처리시설 설치,15.0,189.0,273.0,539.0,695.0,845.0,1073.0,1077.0,1356.0,1529.0,1799.0,1858.0,환경개선특별회계,2014,환경부,1968.0
재활용산업육성,0.0,150.0,400.0,400.0,450.0,550.0,750.0,750.0,750.0,750.0,750.0,750.0,환경개선특별회계,2014,환경부,750.0
출연사업,194.0,294.0,294.0,444.0,544.0,744.0,839.0,839.0,942.0,942.0,942.0,942.0,환경개선특별회계,2014,환경부,942.0
토양 지하수 관리,0.0,95.0,508.0,574.0,575.0,579.0,607.0,612.0,619.0,623.0,625.0,650.0,환경개선특별회계,2014,환경부,658.0
하수관거정비,608.0,1800.0,3317.0,4755.0,6089.0,8229.0,8691.0,8774.0,9728.0,11826.0,11961.0,12032.0,환경개선특별회계,2014,환경부,12755.0
하수도차입금상환,0.0,34.0,163.0,182.0,249.0,387.0,405.0,405.0,558.0,729.0,731.0,732.0,환경개선특별회계,2014,환경부,757.0
하수처리시설 확충,402.0,1193.0,2119.0,2584.0,3485.0,4450.0,4574.0,4597.0,5118.0,5944.0,6066.0,6150.0,환경개선특별회계,2014,환경부,7139.0
환경기술개발(환특),0.0,0.0,383.0,383.0,868.0,1286.0,1286.0,1286.0,1286.0,1286.0,1326.0,1326.0,환경개선특별회계,2014,환경부,1326.0
환경산업 및 친환경제품보급기반구축,0.0,97.0,209.0,236.0,248.0,261.0,261.0,262.0,333.0,335.0,335.0,365.0,환경개선특별회계,2014,환경부,561.0
환경기초시설(금강),25.0,78.0,146.0,215.0,281.0,321.0,362.0,395.0,449.0,465.0,536.0,621.0,금강수계관리기금,2014,환경부,574.0
환경기초시설(낙동강),71.0,143.0,256.0,382.0,495.0,589.0,676.0,798.0,929.0,1035.0,1163.0,1261.0,낙동강수계관리기금,2014,환경부,1278.0
토지매수및수변구역관리(한강),234.0,321.0,401.0,401.0,592.0,623.0,756.0,907.0,1081.0,1152.0,1172.0,1185.0,한강수계관리기금,2014,환경부,1161.0
한강수계주민지원사업,41.0,127.0,224.0,326.0,378.0,431.0,445.0,489.0,532.0,584.0,686.0,697.0,한강수계관리기금,2014,환경부,697.0
환경기초시설(한강),84.0,288.0,443.0,575.0,762.0,982.0,1189.0,1409.0,1565.0,1694.0,1896.0,2059.0,한강수계관리기금,2014,환경부,2059.0
