계정,계정명,예산금액,예산현액,회계일,회계,회계명,회계년도,수입항,수입항명,수입관,수입관명,전월수납누계금액,소관,소관명,수납누계금액,당일수납금액,당월수납누계금액
00,,0.0,0.0,20240417,110,일반회계,2024,56,"벌금,몰수금및과태료",12,경상이전수입,0.0,116,5·18민주화운동 진상규명조사위원회,5750000.0,0.0,5750000.0
00,,30000000.0,30000000.0,20240417,110,일반회계,2024,59,기타경상이전수입,12,경상이전수입,47539850.0,005,감사원,65424220.0,17884370.0,17884370.0
00,,600000000.0,600000000.0,20240417,110,일반회계,2024,69,잡수입,14,수입대체경비수입,85410150.0,005,감사원,112050150.0,0.0,26640000.0
00,,11000000.0,11000000.0,20240417,110,일반회계,2024,51,관유물대여료,11,재산수입,1024360.0,005,감사원,1024360.0,0.0,0.0
00,,104000000.0,104000000.0,20240417,110,일반회계,2024,69,잡수입,13,재화및용역판매수입,356180.0,005,감사원,356180.0,0.0,0.0
00,,7000000.0,7000000.0,20240417,110,일반회계,2024,58,가산금,12,경상이전수입,0.0,117,개인정보보호위원회,0.0,0.0,0.0
00,,1272000000.0,1272000000.0,20240417,110,일반회계,2024,59,기타경상이전수입,12,경상이전수입,764990.0,117,개인정보보호위원회,1141680940.0,0.0,1140915950.0
00,,39537000000.0,39537000000.0,20240417,110,일반회계,2024,56,"벌금,몰수금및과태료",12,경상이전수입,1358376280.0,117,개인정보보호위원회,1573421280.0,0.0,215045000.0
00,,1000000.0,1000000.0,20240417,110,일반회계,2024,57,변상금및위약금,12,경상이전수입,0.0,117,개인정보보호위원회,0.0,0.0,0.0
00,,15000000.0,15000000.0,20240417,110,일반회계,2024,54,기타이자수입및재산수입,11,재산수입,2421250.0,117,개인정보보호위원회,322436950.0,0.0,320015700.0
00,,1000000.0,1000000.0,20240417,110,일반회계,2024,65,면허료및수수료,13,재화및용역판매수입,0.0,117,개인정보보호위원회,0.0,0.0,0.0
00,,1000000.0,1000000.0,20240417,110,일반회계,2024,69,잡수입,13,재화및용역판매수입,0.0,117,개인정보보호위원회,0.0,0.0,0.0
02,손익계정,40000000.0,40000000.0,20240417,439,경찰병원,2024,59,기타경상이전수입,12,경상이전수입,3904430.0,037,경찰청,5975080.0,1401210.0,2070650.0
02,손익계정,0.0,0.0,20240417,439,경찰병원,2024,56,"벌금,몰수금및과태료",12,경상이전수입,500000.0,037,경찰청,1000000.0,500000.0,500000.0
02,손익계정,6000000.0,6000000.0,20240417,439,경찰병원,2024,57,변상금및위약금,12,경상이전수입,6450.0,037,경찰청,6450.0,0.0,0.0
02,손익계정,25000000.0,25000000.0,20240417,439,경찰병원,2024,71,고정자산매각대,15,관유물매각대,0.0,037,경찰청,0.0,0.0,0.0
02,손익계정,31700000000.0,31700000000.0,20240417,439,경찰병원,2024,49,책임운영기관사업수입,10,기업특별회계영업수입,6084942600.0,037,경찰청,6869215690.0,1590.0,784273090.0
02,손익계정,3184000000.0,3184000000.0,20240417,439,경찰병원,2024,89,세계잉여금이입액,34,세계잉여금,0.0,037,경찰청,0.0,0.0,0.0
02,손익계정,48000000.0,48000000.0,20240417,439,경찰병원,2024,51,관유물대여료,11,재산수입,0.0,037,경찰청,0.0,0.0,0.0
02,손익계정,1000000.0,1000000.0,20240417,439,경찰병원,2024,54,기타이자수입및재산수입,11,재산수입,0.0,037,경찰청,0.0,0.0,0.0
02,손익계정,6300000000.0,6300000000.0,20240417,439,경찰병원,2024,62,병원수입,13,재화및용역판매수입,1690816340.0,037,경찰청,1776357720.0,19000.0,85541380.0
02,손익계정,40000000.0,40000000.0,20240417,439,경찰병원,2024,69,잡수입,13,재화및용역판매수입,18082500.0,037,경찰청,18382500.0,0.0,300000.0
02,손익계정,45646000000.0,45646000000.0,20240417,439,경찰병원,2024,91,전입금,40,정부내부수입및기타,16220000000.0,037,경찰청,16220000000.0,0.0,0.0
01,자본계정,403000000.0,403000000.0,20240417,439,경찰병원,2024,89,세계잉여금이입액,34,세계잉여금,0.0,037,경찰청,0.0,0.0,0.0
01,자본계정,2000000.0,2000000.0,20240417,439,경찰병원,2024,96,기타,40,정부내부수입및기타,0.0,037,경찰청,0.0,0.0,0.0
01,자본계정,3951000000.0,3951000000.0,20240417,439,경찰병원,2024,91,전입금,40,정부내부수입및기타,521000000.0,037,경찰청,521000000.0,0.0,0.0
00,,36110000000.0,36110000000.0,20240417,110,일반회계,2024,58,가산금,12,경상이전수입,35550.0,037,경찰청,57910.0,0.0,22360.0
00,,11404000000.0,11404000000.0,20240417,110,일반회계,2024,59,기타경상이전수입,12,경상이전수입,4433124310.0,037,경찰청,5220961560.0,10328920.0,787837250.0
00,,1218215000000.0,1218215000000.0,20240417,110,일반회계,2024,56,"벌금,몰수금및과태료",12,경상이전수입,328664035050.0,037,경찰청,397178534120.0,4997669790.0,68514499070.0
00,,1110000000.0,1110000000.0,20240417,110,일반회계,2024,57,변상금및위약금,12,경상이전수입,16506570.0,037,경찰청,16791020.0,0.0,284450.0
00,,4209000000.0,4209000000.0,20240417,110,일반회계,2024,71,고정자산매각대,15,관유물매각대,233920510.0,037,경찰청,305708510.0,0.0,71788000.0
00,,382000000.0,382000000.0,20240417,110,일반회계,2024,72,토지및무형자산매각대,15,관유물매각대,257400.0,037,경찰청,257400.0,0.0,0.0
00,,0.0,0.0,20240417,110,일반회계,2024,99,기타,99,기타,35592280.0,037,경찰청,37130280.0,30000.0,1538000.0
00,,0.0,0.0,20240417,110,일반회계,2024,56,기타,00,기타,100000.0,037,경찰청,100000.0,0.0,0.0
00,,0.0,0.0,20240417,110,일반회계,2024,11,기타,01,기타,186990.0,037,경찰청,186990.0,0.0,0.0
00,,2817000000.0,2817000000.0,20240417,110,일반회계,2024,51,관유물대여료,11,재산수입,630942900.0,037,경찰청,640243500.0,0.0,9300600.0
00,,420000000.0,420000000.0,20240417,110,일반회계,2024,54,기타이자수입및재산수입,11,재산수입,124821460.0,037,경찰청,149627160.0,941730.0,24805700.0
00,,581000000.0,581000000.0,20240417,110,일반회계,2024,65,면허료및수수료,13,재화및용역판매수입,45549060.0,037,경찰청,48381860.0,76930.0,2832800.0
00,,491000000.0,491000000.0,20240417,110,일반회계,2024,66,입학금및수업료,13,재화및용역판매수입,4171920.0,037,경찰청,4171920.0,0.0,0.0
00,,3641000000.0,3641000000.0,20240417,110,일반회계,2024,69,잡수입,13,재화및용역판매수입,1038840330.0,037,경찰청,1242645000.0,1749850.0,203804670.0
00,,4917000000.0,4917000000.0,20240417,541,고용보험기금,2024,58,가산금,12,경상이전수입,0.0,019,고용노동부,0.0,0.0,0.0
00,,227511000000.0,227511000000.0,20240417,541,고용보험기금,2024,59,기타경상이전수입,12,경상이전수입,45125367590.0,019,고용노동부,50394942250.0,292389580.0,5269574660.0
00,,0.0,0.0,20240417,541,고용보험기금,2024,56,"벌금,몰수금및과태료",12,경상이전수입,16612000.0,019,고용노동부,16612000.0,0.0,0.0
00,,0.0,0.0,20240417,541,고용보험기금,2024,99,기타,99,기타,7537225816500.0,019,고용노동부,9088802069390.0,2666597890.0,1551576252890.0
00,,17748202000000.0,17748202000000.0,20240417,541,고용보험기금,2024,38,사회보장기여금,07,사회보장기여금,383052717660.0,019,고용노동부,1169246733590.0,2014678420.0,786194015930.0
00,,104294000000.0,104294000000.0,20240417,541,고용보험기금,2024,75,융자원금회수,20,융자및전대차관원금회수,3546810000.0,019,고용노동부,5677840000.0,0.0,2131030000.0
00,,147000000.0,147000000.0,20240417,541,고용보험기금,2024,51,관유물대여료,11,재산수입,47992030.0,019,고용노동부,75408110.0,0.0,27416080.0
00,,339371000000.0,339371000000.0,20240417,541,고용보험기금,2024,54,기타이자수입및재산수입,11,재산수입,17458529830.0,019,고용노동부,17696818820.0,0.0,238288990.0
00,,90000000.0,90000000.0,20240417,541,고용보험기금,2024,69,잡수입,13,재화및용역판매수입,356450.0,019,고용노동부,356450.0,0.0,0.0
00,,400000000000.0,400000000000.0,20240417,541,고용보험기금,2024,91,전입금,40,정부내부수입및기타,112000000000.0,019,고용노동부,112000000000.0,0.0,0.0
00,,4589110000000.0,4589110000000.0,20240417,541,고용보험기금,2024,85,정부예금회수,31,차입금및여유자금회수,0.0,019,고용노동부,0.0,0.0,0.0
02,신용보증사업계정,10923000000.0,10923000000.0,20240417,558,근로복지진흥기금,2024,59,기타경상이전수입,12,경상이전수입,0.0,019,고용노동부,0.0,0.0,0.0
02,신용보증사업계정,29000000.0,29000000.0,20240417,558,근로복지진흥기금,2024,54,기타이자수입및재산수입,11,재산수입,0.0,019,고용노동부,0.0,0.0,0.0
02,신용보증사업계정,9288000000.0,9288000000.0,20240417,558,근로복지진흥기금,2024,65,면허료및수수료,13,재화및용역판매수입,0.0,019,고용노동부,0.0,0.0,0.0
02,신용보증사업계정,35352000000.0,35352000000.0,20240417,558,근로복지진흥기금,2024,91,전입금,40,정부내부수입및기타,0.0,019,고용노동부,0.0,0.0,0.0
03,실업대책사업계정,352000000.0,352000000.0,20240417,558,근로복지진흥기금,2024,54,기타이자수입및재산수입,11,재산수입,0.0,019,고용노동부,0.0,0.0,0.0
03,실업대책사업계정,24000000000.0,24000000000.0,20240417,558,근로복지진흥기금,2024,92,예탁원금회수,40,정부내부수입및기타,0.0,019,고용노동부,0.0,0.0,0.0
03,실업대책사업계정,960000000.0,960000000.0,20240417,558,근로복지진흥기금,2024,95,예탁이자수입,40,정부내부수입및기타,0.0,019,고용노동부,0.0,0.0,0.0
03,실업대책사업계정,22112000000.0,22112000000.0,20240417,558,근로복지진흥기금,2024,85,정부예금회수,31,차입금및여유자금회수,0.0,019,고용노동부,0.0,0.0,0.0
01,중소복지계정,84000000.0,84000000.0,20240417,558,근로복지진흥기금,2024,72,토지및무형자산매각대,15,관유물매각대,0.0,019,고용노동부,0.0,0.0,0.0
01,중소복지계정,185360000000.0,185360000000.0,20240417,558,근로복지진흥기금,2024,75,융자원금회수,20,융자및전대차관원금회수,0.0,019,고용노동부,0.0,0.0,0.0
01,중소복지계정,6563000000.0,6563000000.0,20240417,558,근로복지진흥기금,2024,54,기타이자수입및재산수입,11,재산수입,0.0,019,고용노동부,0.0,0.0,0.0
01,중소복지계정,3828000000.0,3828000000.0,20240417,558,근로복지진흥기금,2024,69,잡수입,13,재화및용역판매수입,0.0,019,고용노동부,0.0,0.0,0.0
01,중소복지계정,26000000000.0,26000000000.0,20240417,558,근로복지진흥기금,2024,92,예탁원금회수,40,정부내부수입및기타,0.0,019,고용노동부,0.0,0.0,0.0
01,중소복지계정,1040000000.0,1040000000.0,20240417,558,근로복지진흥기금,2024,95,예탁이자수입,40,정부내부수입및기타,0.0,019,고용노동부,0.0,0.0,0.0
01,중소복지계정,63513000000.0,63513000000.0,20240417,558,근로복지진흥기금,2024,91,전입금,40,정부내부수입및기타,0.0,019,고용노동부,0.0,0.0,0.0
01,중소복지계정,111669000000.0,111669000000.0,20240417,558,근로복지진흥기금,2024,85,정부예금회수,31,차입금및여유자금회수,0.0,019,고용노동부,0.0,0.0,0.0
00,,7288000000.0,7288000000.0,20240417,523,산업재해보상보험및예방기금,2024,58,가산금,12,경상이전수입,0.0,019,고용노동부,0.0,0.0,0.0
00,,116258000000.0,116258000000.0,20240417,523,산업재해보상보험및예방기금,2024,59,기타경상이전수입,12,경상이전수입,25964700.0,019,고용노동부,25984700.0,0.0,20000.0
00,,12000000.0,12000000.0,20240417,523,산업재해보상보험및예방기금,2024,56,"벌금,몰수금및과태료",12,경상이전수입,0.0,019,고용노동부,0.0,0.0,0.0
00,,0.0,0.0,20240417,523,산업재해보상보험및예방기금,2024,99,기타,99,기타,3955785276180.0,019,고용노동부,5838560553740.0,25016088660.0,1882775277560.0
00,,9418508000000.0,9418508000000.0,20240417,523,산업재해보상보험및예방기금,2024,38,사회보장기여금,07,사회보장기여금,479729502380.0,019,고용노동부,1660218882760.0,3268507810.0,1180489380380.0
00,,189869000000.0,189869000000.0,20240417,523,산업재해보상보험및예방기금,2024,75,융자원금회수,20,융자및전대차관원금회수,17453344050.0,019,고용노동부,47166421480.0,0.0,29713077430.0
00,,804000000.0,804000000.0,20240417,523,산업재해보상보험및예방기금,2024,51,관유물대여료,11,재산수입,148540.0,019,고용노동부,148540.0,0.0,0.0
00,,992051000000.0,992051000000.0,20240417,523,산업재해보상보험및예방기금,2024,54,기타이자수입및재산수입,11,재산수입,20145650660.0,019,고용노동부,25312138010.0,0.0,5166487350.0
00,,13278000000.0,13278000000.0,20240417,523,산업재해보상보험및예방기금,2024,69,잡수입,13,재화및용역판매수입,4995000.0,019,고용노동부,4995000.0,0.0,0.0
00,,1550090000000.0,1550090000000.0,20240417,523,산업재해보상보험및예방기금,2024,92,예탁원금회수,40,정부내부수입및기타,0.0,019,고용노동부,0.0,0.0,0.0
00,,96072000000.0,96072000000.0,20240417,523,산업재해보상보험및예방기금,2024,95,예탁이자수입,40,정부내부수입및기타,17048441900.0,019,고용노동부,17048441900.0,0.0,0.0
00,,21300000000.0,21300000000.0,20240417,523,산업재해보상보험및예방기금,2024,91,전입금,40,정부내부수입및기타,5900000000.0,019,고용노동부,8000000000.0,2100000000.0,2100000000.0
00,,7889483000000.0,7889483000000.0,20240417,523,산업재해보상보험및예방기금,2024,85,정부예금회수,31,차입금및여유자금회수,0.0,019,고용노동부,0.0,0.0,0.0
01,투자계정,0.0,0.0,20240417,216,에너지및자원사업특별회계,2024,59,기타경상이전수입,12,경상이전수입,1050000.0,019,고용노동부,2500000.0,0.0,1450000.0
00,,264000000.0,264000000.0,20240417,110,일반회계,2024,58,가산금,12,경상이전수입,0.0,019,고용노동부,0.0,0.0,0.0
00,,271279000000.0,271279000000.0,20240417,110,일반회계,2024,59,기타경상이전수입,12,경상이전수입,48004670000.0,019,고용노동부,49318532450.0,40050390.0,1313862450.0
00,,49948000000.0,49948000000.0,20240417,110,일반회계,2024,56,"벌금,몰수금및과태료",12,경상이전수입,12980563810.0,019,고용노동부,15518471320.0,148051210.0,2537907510.0
00,,10000000.0,10000000.0,20240417,110,일반회계,2024,57,변상금및위약금,12,경상이전수입,0.0,019,고용노동부,0.0,0.0,0.0
00,,0.0,0.0,20240417,110,일반회계,2024,99,기타,99,기타,188340.0,019,고용노동부,576940.0,0.0,388600.0
00,,0.0,0.0,20240417,110,일반회계,2024,51,관유물대여료,11,재산수입,4020.0,019,고용노동부,21300.0,0.0,17280.0
00,,1866000000.0,1866000000.0,20240417,110,일반회계,2024,54,기타이자수입및재산수입,11,재산수입,1335787630.0,019,고용노동부,2142008600.0,34800.0,806220970.0
00,,11000000.0,11000000.0,20240417,110,일반회계,2024,65,면허료및수수료,13,재화및용역판매수입,7466210.0,019,고용노동부,7466210.0,0.0,0.0
00,,139000000.0,139000000.0,20240417,110,일반회계,2024,69,잡수입,13,재화및용역판매수입,28042490.0,019,고용노동부,28163690.0,0.0,121200.0
00,,153000000.0,153000000.0,20240417,547,임금채권보장기금,2024,58,가산금,12,경상이전수입,0.0,019,고용노동부,0.0,0.0,0.0
00,,620717000000.0,620717000000.0,20240417,547,임금채권보장기금,2024,59,기타경상이전수입,12,경상이전수입,662111440.0,019,고용노동부,921460050.0,0.0,259348610.0
00,,0.0,0.0,20240417,547,임금채권보장기금,2024,38,기타,07,기타,557287320.0,019,고용노동부,769674490.0,10170100.0,212387170.0
00,,0.0,0.0,20240417,547,임금채권보장기금,2024,99,기타,99,기타,387599954110.0,019,고용노동부,444351208270.0,72542760.0,56751254160.0
00,,34467000000.0,34467000000.0,20240417,547,임금채권보장기금,2024,75,융자원금회수,20,융자및전대차관원금회수,0.0,019,고용노동부,0.0,0.0,0.0
00,,32395000000.0,32395000000.0,20240417,547,임금채권보장기금,2024,54,기타이자수입및재산수입,11,재산수입,203343130.0,019,고용노동부,203343130.0,0.0,0.0
00,,100000000000.0,100000000000.0,20240417,547,임금채권보장기금,2024,92,예탁원금회수,40,정부내부수입및기타,50000000000.0,019,고용노동부,50000000000.0,0.0,0.0
00,,3528000000.0,3528000000.0,20240417,547,임금채권보장기금,2024,95,예탁이자수입,40,정부내부수입및기타,509178080.0,019,고용노동부,509178080.0,0.0,0.0
00,,82000000.0,82000000.0,20240417,547,임금채권보장기금,2024,91,전입금,40,정부내부수입및기타,82000000.0,019,고용노동부,82000000.0,0.0,0.0
00,,181467000000.0,181467000000.0,20240417,547,임금채권보장기금,2024,85,정부예금회수,31,차입금및여유자금회수,0.0,019,고용노동부,0.0,0.0,0.0
00,,1117000000.0,1117000000.0,20240417,535,장애인고용촉진및직업재활기금,2024,58,가산금,12,경상이전수입,223329230.0,019,고용노동부,271450600.0,121790.0,48121370.0
00,,856302000000.0,856302000000.0,20240417,535,장애인고용촉진및직업재활기금,2024,59,기타경상이전수입,12,경상이전수입,811095171680.0,019,고용노동부,816493464490.0,371235140.0,5398292810.0
00,,0.0,0.0,20240417,535,장애인고용촉진및직업재활기금,2024,99,기타,99,기타,560105598050.0,019,고용노동부,569970128810.0,0.0,9864530760.0
00,,4857000000.0,4857000000.0,20240417,535,장애인고용촉진및직업재활기금,2024,75,융자원금회수,20,융자및전대차관원금회수,1615590000.0,019,고용노동부,2555990000.0,0.0,940400000.0
00,,22912000000.0,22912000000.0,20240417,535,장애인고용촉진및직업재활기금,2024,54,기타이자수입및재산수입,11,재산수입,75186470.0,019,고용노동부,162955100.0,0.0,87768630.0
00,,600000000000.0,600000000000.0,20240417,535,장애인고용촉진및직업재활기금,2024,92,예탁원금회수,40,정부내부수입및기타,503269863010.0,019,고용노동부,503269863010.0,0.0,0.0
00,,17890000000.0,17890000000.0,20240417,535,장애인고용촉진및직업재활기금,2024,95,예탁이자수입,40,정부내부수입및기타,1727753420.0,019,고용노동부,1727753420.0,0.0,0.0
00,,501679000000.0,501679000000.0,20240417,535,장애인고용촉진및직업재활기금,2024,85,정부예금회수,31,차입금및여유자금회수,0.0,019,고용노동부,0.0,0.0,0.0
03,제주특별자치도계정,805000000.0,805000000.0,20240417,236,지역균형발전특별회계,2024,59,기타경상이전수입,12,경상이전수입,0.0,019,고용노동부,0.0,0.0,0.0
03,제주특별자치도계정,33000000.0,33000000.0,20240417,236,지역균형발전특별회계,2024,54,기타이자수입및재산수입,11,재산수입,0.0,019,고용노동부,0.0,0.0,0.0
02,지역지원계정,17122000000.0,17122000000.0,20240417,236,지역균형발전특별회계,2024,59,기타경상이전수입,12,경상이전수입,4074276260.0,019,고용노동부,4104576260.0,0.0,30300000.0
02,지역지원계정,3000000.0,3000000.0,20240417,236,지역균형발전특별회계,2024,56,"벌금,몰수금및과태료",12,경상이전수입,78000000.0,019,고용노동부,78000000.0,0.0,0.0
02,지역지원계정,779000000.0,779000000.0,20240417,236,지역균형발전특별회계,2024,54,기타이자수입및재산수입,11,재산수입,125603460.0,019,고용노동부,125603460.0,0.0,0.0
00,,0.0,0.0,20240417,110,일반회계,2024,59,기타경상이전수입,12,경상이전수입,178882070.0,118,고위공직자범죄수사처,178882070.0,0.0,0.0
00,,473000000.0,473000000.0,20240417,110,일반회계,2024,58,가산금,12,경상이전수입,15194250.0,040,공정거래위원회,17374570.0,0.0,2180320.0
00,,1420000000.0,1420000000.0,20240417,110,일반회계,2024,59,기타경상이전수입,12,경상이전수입,405762830.0,040,공정거래위원회,449683610.0,0.0,43920780.0
00,,448262000000.0,448262000000.0,20240417,110,일반회계,2024,56,"벌금,몰수금및과태료",12,경상이전수입,104996819490.0,040,공정거래위원회,112281182980.0,0.0,7284363490.0
00,,1000000.0,1000000.0,20240417,110,일반회계,2024,57,변상금및위약금,12,경상이전수입,0.0,040,공정거래위원회,0.0,0.0,0.0
00,,6000000.0,6000000.0,20240417,110,일반회계,2024,54,기타이자수입및재산수입,11,재산수입,8358070.0,040,공정거래위원회,8358070.0,0.0,0.0
00,,0.0,0.0,20240417,110,일반회계,2024,69,잡수입,13,재화및용역판매수입,457030.0,040,공정거래위원회,457030.0,0.0,0.0
00,,6701000000.0,6701000000.0,20240417,538,과학기술진흥기금,2024,59,기타경상이전수입,12,경상이전수입,351373980.0,162,과학기술정보통신부,351373980.0,0.0,0.0
00,,0.0,0.0,20240417,538,과학기술진흥기금,2024,99,기타,99,기타,84588759270.0,162,과학기술정보통신부,84762759270.0,174000000.0,174000000.0
00,,1174000000.0,1174000000.0,20240417,538,과학기술진흥기금,2024,54,기타이자수입및재산수입,11,재산수입,1531302210.0,162,과학기술정보통신부,1532739450.0,1437240.0,1437240.0
00,,125055000000.0,125055000000.0,20240417,538,과학기술진흥기금,2024,91,전입금,40,정부내부수입및기타,0.0,162,과학기술정보통신부,0.0,0.0,0.0
00,,55861000000.0,55861000000.0,20240417,538,과학기술진흥기금,2024,85,정부예금회수,31,차입금및여유자금회수,0.0,162,과학기술정보통신부,0.0,0.0,0.0
02,손익계정,4066000000.0,4066000000.0,20240417,443,국립과천과학관,2024,49,책임운영기관사업수입,10,기업특별회계영업수입,770394280.0,162,과학기술정보통신부,808809280.0,162500.0,38415000.0
02,손익계정,1121000000.0,1121000000.0,20240417,443,국립과천과학관,2024,89,세계잉여금이입액,34,세계잉여금,0.0,162,과학기술정보통신부,0.0,0.0,0.0
02,손익계정,759000000.0,759000000.0,20240417,443,국립과천과학관,2024,51,관유물대여료,11,재산수입,128700070.0,162,과학기술정보통신부,129442470.0,0.0,742400.0
02,손익계정,1000000.0,1000000.0,20240417,443,국립과천과학관,2024,54,기타이자수입및재산수입,11,재산수입,0.0,162,과학기술정보통신부,0.0,0.0,0.0
02,손익계정,191000000.0,191000000.0,20240417,443,국립과천과학관,2024,69,잡수입,13,재화및용역판매수입,26838150.0,162,과학기술정보통신부,26930880.0,0.0,92730.0
02,손익계정,24079000000.0,24079000000.0,20240417,443,국립과천과학관,2024,91,전입금,40,정부내부수입및기타,9616000000.0,162,과학기술정보통신부,16855300000.0,7239300000.0,7239300000.0
01,자본계정,0.0,0.0,20240417,443,국립과천과학관,2024,59,기타경상이전수입,12,경상이전수입,1332320.0,162,과학기술정보통신부,1332320.0,0.0,0.0
01,자본계정,365000000.0,365000000.0,20240417,443,국립과천과학관,2024,89,세계잉여금이입액,34,세계잉여금,0.0,162,과학기술정보통신부,0.0,0.0,0.0
01,자본계정,1501000000.0,1501000000.0,20240417,443,국립과천과학관,2024,96,기타,40,정부내부수입및기타,1501000000.0,162,과학기술정보통신부,1501000000.0,0.0,0.0
01,자본계정,7379000000.0,7379000000.0,20240417,443,국립과천과학관,2024,91,전입금,40,정부내부수입및기타,2951600000.0,162,과학기술정보통신부,5165300000.0,2213700000.0,2213700000.0
02,손익계정,1946000000.0,1946000000.0,20240417,412,국립중앙과학관,2024,49,책임운영기관사업수입,10,기업특별회계영업수입,256193290.0,162,과학기술정보통신부,256193290.0,0.0,0.0
02,손익계정,897000000.0,897000000.0,20240417,412,국립중앙과학관,2024,89,세계잉여금이입액,34,세계잉여금,0.0,162,과학기술정보통신부,0.0,0.0,0.0
02,손익계정,155000000.0,155000000.0,20240417,412,국립중앙과학관,2024,51,관유물대여료,11,재산수입,34161060.0,162,과학기술정보통신부,34161060.0,0.0,0.0
02,손익계정,10000000.0,10000000.0,20240417,412,국립중앙과학관,2024,54,기타이자수입및재산수입,11,재산수입,9388170.0,162,과학기술정보통신부,9388170.0,0.0,0.0
02,손익계정,98000000.0,98000000.0,20240417,412,국립중앙과학관,2024,69,잡수입,13,재화및용역판매수입,887640.0,162,과학기술정보통신부,887640.0,0.0,0.0
02,손익계정,27960000000.0,27960000000.0,20240417,412,국립중앙과학관,2024,91,전입금,40,정부내부수입및기타,11184000000.0,162,과학기술정보통신부,19572000000.0,8388000000.0,8388000000.0
01,자본계정,2000000.0,2000000.0,20240417,412,국립중앙과학관,2024,71,고정자산매각대,15,관유물매각대,0.0,162,과학기술정보통신부,0.0,0.0,0.0
01,자본계정,40000000.0,40000000.0,20240417,412,국립중앙과학관,2024,89,세계잉여금이입액,34,세계잉여금,0.0,162,과학기술정보통신부,0.0,0.0,0.0
01,자본계정,1132000000.0,1132000000.0,20240417,412,국립중앙과학관,2024,96,기타,40,정부내부수입및기타,0.0,162,과학기술정보통신부,0.0,0.0,0.0
01,자본계정,5733000000.0,5733000000.0,20240417,412,국립중앙과학관,2024,91,전입금,40,정부내부수입및기타,2293200000.0,162,과학기술정보통신부,4013100000.0,1719900000.0,1719900000.0
00,,659029000000.0,659029000000.0,20240417,564,방송통신발전기금,2024,59,기타경상이전수입,12,경상이전수입,433809575810.0,162,과학기술정보통신부,441071660250.0,316209780.0,7262084440.0
00,,0.0,0.0,20240417,564,방송통신발전기금,2024,99,기타,99,기타,264326412800.0,162,과학기술정보통신부,359350001630.0,29994974910.0,95023588830.0
00,,5294000000.0,5294000000.0,20240417,564,방송통신발전기금,2024,54,기타이자수입및재산수입,11,재산수입,3074938450.0,162,과학기술정보통신부,4192385800.0,228919160.0,1117447350.0
00,,263309000000.0,263309000000.0,20240417,564,방송통신발전기금,2024,94,예수금,40,정부내부수입및기타,210000000000.0,162,과학기술정보통신부,250000000000.0,0.0,40000000000.0
00,,325042000000.0,325042000000.0,20240417,564,방송통신발전기금,2024,85,정부예금회수,31,차입금및여유자금회수,0.0,162,과학기술정보통신부,0.0,0.0,0.0
00,,2450000000.0,2450000000.0,20240417,238,소재부품장비경쟁력강화특별회계,2024,59,기타경상이전수입,12,경상이전수입,0.0,162,과학기술정보통신부,0.0,0.0,0.0
00,,124000000.0,124000000.0,20240417,238,소재부품장비경쟁력강화특별회계,2024,54,기타이자수입및재산수입,11,재산수입,0.0,162,과학기술정보통신부,0.0,0.0,0.0
00,,0.0,0.0,20240417,811,우체국보험적립금,2024,69,기타,13,기타,575200.0,162,과학기술정보통신부,575200.0,0.0,0.0
00,,0.0,0.0,20240417,811,우체국보험적립금,2024,99,기타,99,기타,5265433966090.0,162,과학기술정보통신부,5800872889030.0,31414838270.0,535438922940.0
00,,0.0,0.0,20240417,811,우체국보험적립금,2024,02,기타,41,기타,1743287670.0,162,과학기술정보통신부,1743287670.0,0.0,0.0
00,,0.0,0.0,20240417,811,우체국보험적립금,2024,51,기타,11,기타,343673200.0,162,과학기술정보통신부,343673200.0,0.0,0.0
00,,0.0,0.0,20240417,811,우체국보험적립금,2024,59,기타,12,기타,9013664450.0,162,과학기술정보통신부,9013664450.0,0.0,0.0
00,,400000000.0,400000000.0,20240417,222,우체국보험특별회계,2024,59,기타경상이전수입,12,경상이전수입,4775560.0,162,과학기술정보통신부,6638330.0,281290.0,1862770.0
00,,10000000.0,10000000.0,20240417,222,우체국보험특별회계,2024,57,변상금및위약금,12,경상이전수입,42186000.0,162,과학기술정보통신부,42186000.0,0.0,0.0
00,,0.0,0.0,20240417,222,우체국보험특별회계,2024,99,기타,99,기타,402434197000.0,162,과학기술정보통신부,454527197000.0,0.0,52093000000.0
00,,1061180000000.0,1061180000000.0,20240417,222,우체국보험특별회계,2024,69,잡수입,13,재화및용역판매수입,30660090.0,162,과학기술정보통신부,31526090.0,0.0,866000.0
02,손익계정,700000000.0,700000000.0,20240417,315,우체국예금특별회계,2024,59,기타경상이전수입,12,경상이전수입,6429990.0,162,과학기술정보통신부,6429990.0,0.0,0.0
02,손익계정,10000000.0,10000000.0,20240417,315,우체국예금특별회계,2024,57,변상금및위약금,12,경상이전수입,16150.0,162,과학기술정보통신부,16150.0,0.0,0.0
02,손익계정,3236091000000.0,3236091000000.0,20240417,315,우체국예금특별회계,2024,43,우정사업수입,10,기업특별회계영업수입,0.0,162,과학기술정보통신부,0.0,0.0,0.0
02,손익계정,0.0,0.0,20240417,315,우체국예금특별회계,2024,99,기타,99,기타,975863305460.0,162,과학기술정보통신부,1148892309950.0,0.0,173029004490.0
02,손익계정,600085000000.0,600085000000.0,20240417,315,우체국예금특별회계,2024,89,세계잉여금이입액,34,세계잉여금,0.0,162,과학기술정보통신부,0.0,0.0,0.0
02,손익계정,10000000.0,10000000.0,20240417,315,우체국예금특별회계,2024,54,기타이자수입및재산수입,11,재산수입,271040.0,162,과학기술정보통신부,271040.0,0.0,0.0
02,손익계정,200000000.0,200000000.0,20240417,315,우체국예금특별회계,2024,69,잡수입,13,재화및용역판매수입,0.0,162,과학기술정보통신부,0.0,0.0,0.0
02,손익계정,1828777000000.0,1828777000000.0,20240417,315,우체국예금특별회계,2024,92,예탁원금회수,40,정부내부수입및기타,0.0,162,과학기술정보통신부,0.0,0.0,0.0
02,손익계정,171413000000.0,171413000000.0,20240417,315,우체국예금특별회계,2024,95,예탁이자수입,40,정부내부수입및기타,49995261200.0,162,과학기술정보통신부,49995261200.0,0.0,0.0
02,손익계정,70146000000.0,70146000000.0,20240417,315,우체국예금특별회계,2024,91,전입금,40,정부내부수입및기타,0.0,162,과학기술정보통신부,0.0,0.0,0.0
01,자본계정,50000000.0,50000000.0,20240417,315,우체국예금특별회계,2024,71,고정자산매각대,15,관유물매각대,0.0,162,과학기술정보통신부,0.0,0.0,0.0
01,자본계정,23000000.0,23000000.0,20240417,315,우체국예금특별회계,2024,73,재고자산매각대및유동자산,15,관유물매각대,0.0,162,과학기술정보통신부,0.0,0.0,0.0
01,자본계정,7000000.0,7000000.0,20240417,315,우체국예금특별회계,2024,43,우정사업수입,10,기업특별회계영업수입,0.0,162,과학기술정보통신부,0.0,0.0,0.0
01,자본계정,0.0,0.0,20240417,315,우체국예금특별회계,2024,99,기타,99,기타,10331535660.0,162,과학기술정보통신부,10341582050.0,0.0,10046390.0
01,자본계정,2142000000.0,2142000000.0,20240417,315,우체국예금특별회계,2024,89,세계잉여금이입액,34,세계잉여금,0.0,162,과학기술정보통신부,0.0,0.0,0.0
01,자본계정,31173000000.0,31173000000.0,20240417,315,우체국예금특별회계,2024,91,전입금,40,정부내부수입및기타,0.0,162,과학기술정보통신부,0.0,0.0,0.0
02,손익계정,3583000000.0,3583000000.0,20240417,314,우편사업특별회계,2024,59,기타경상이전수입,12,경상이전수입,142304500.0,162,과학기술정보통신부,142646960.0,164490.0,342460.0
02,손익계정,560000000.0,560000000.0,20240417,314,우편사업특별회계,2024,57,변상금및위약금,12,경상이전수입,2924670.0,162,과학기술정보통신부,4546410.0,0.0,1621740.0
02,손익계정,3260183000000.0,3260183000000.0,20240417,314,우편사업특별회계,2024,43,우정사업수입,10,기업특별회계영업수입,533853820030.0,162,과학기술정보통신부,753220035260.0,4610347230.0,219366215230.0
02,손익계정,0.0,0.0,20240417,314,우편사업특별회계,2024,99,기타,99,기타,371843666110.0,162,과학기술정보통신부,458635807890.0,0.0,86792141780.0
02,손익계정,64339000000.0,64339000000.0,20240417,314,우편사업특별회계,2024,89,세계잉여금이입액,34,세계잉여금,0.0,162,과학기술정보통신부,0.0,0.0,0.0
02,손익계정,60333000000.0,60333000000.0,20240417,314,우편사업특별회계,2024,51,관유물대여료,11,재산수입,11970087850.0,162,과학기술정보통신부,12806686870.0,42238560.0,836599020.0
02,손익계정,6230000000.0,6230000000.0,20240417,314,우편사업특별회계,2024,54,기타이자수입및재산수입,11,재산수입,277727790.0,162,과학기술정보통신부,291663750.0,3419120.0,13935960.0
02,손익계정,1166000000.0,1166000000.0,20240417,314,우편사업특별회계,2024,69,잡수입,13,재화및용역판매수입,36649990.0,162,과학기술정보통신부,43914700.0,1920000.0,7264710.0
02,손익계정,250000000000.0,250000000000.0,20240417,314,우편사업특별회계,2024,92,예탁원금회수,40,정부내부수입및기타,0.0,162,과학기술정보통신부,0.0,0.0,0.0
02,손익계정,24303000000.0,24303000000.0,20240417,314,우편사업특별회계,2024,95,예탁이자수입,40,정부내부수입및기타,4022956140.0,162,과학기술정보통신부,4022956140.0,0.0,0.0
02,손익계정,1548588000000.0,1548588000000.0,20240417,314,우편사업특별회계,2024,91,전입금,40,정부내부수입및기타,0.0,162,과학기술정보통신부,0.0,0.0,0.0
01,자본계정,4282000000.0,4282000000.0,20240417,314,우편사업특별회계,2024,71,고정자산매각대,15,관유물매각대,15789000.0,162,과학기술정보통신부,15789000.0,0.0,0.0
01,자본계정,305000000.0,305000000.0,20240417,314,우편사업특별회계,2024,73,재고자산매각대및유동자산,15,관유물매각대,1337700.0,162,과학기술정보통신부,2248700.0,0.0,911000.0
01,자본계정,30622000000.0,30622000000.0,20240417,314,우편사업특별회계,2024,72,토지및무형자산매각대,15,관유물매각대,64603000.0,162,과학기술정보통신부,64603000.0,0.0,0.0
01,자본계정,0.0,0.0,20240417,314,우편사업특별회계,2024,99,기타,99,기타,9728307990.0,162,과학기술정보통신부,14123823410.0,0.0,4395515420.0
01,자본계정,18965000000.0,18965000000.0,20240417,314,우편사업특별회계,2024,89,세계잉여금이입액,34,세계잉여금,0.0,162,과학기술정보통신부,0.0,0.0,0.0
01,자본계정,7000000.0,7000000.0,20240417,314,우편사업특별회계,2024,54,기타이자수입및재산수입,11,재산수입,0.0,162,과학기술정보통신부,0.0,0.0,0.0
01,자본계정,134389000000.0,134389000000.0,20240417,314,우편사업특별회계,2024,96,기타,40,정부내부수입및기타,0.0,162,과학기술정보통신부,0.0,0.0,0.0
01,자본계정,31762000000.0,31762000000.0,20240417,314,우편사업특별회계,2024,91,전입금,40,정부내부수입및기타,0.0,162,과학기술정보통신부,0.0,0.0,0.0
00,,0.0,0.0,20240417,546,원자력기금,2024,99,기타,99,기타,98284558700.0,162,과학기술정보통신부,98284558700.0,0.0,0.0
00,,0.0,0.0,20240417,546,원자력기금,2024,59,기타,12,기타,52871534990.0,162,과학기술정보통신부,104347029240.0,51218539930.0,51475494250.0
00,,0.0,0.0,20240417,546,원자력기금,2024,54,기타,11,기타,116632990.0,162,과학기술정보통신부,134271940.0,0.0,17638950.0
02,원자력안전규제계정,3000000.0,3000000.0,20240417,546,원자력기금,2024,58,가산금,12,경상이전수입,0.0,162,과학기술정보통신부,0.0,0.0,0.0
02,원자력안전규제계정,140329000000.0,140329000000.0,20240417,546,원자력기금,2024,59,기타경상이전수입,12,경상이전수입,32662029940.0,162,과학기술정보통신부,33987309540.0,0.0,1325279600.0
02,원자력안전규제계정,3027000000.0,3027000000.0,20240417,546,원자력기금,2024,56,"벌금,몰수금및과태료",12,경상이전수입,64400000.0,162,과학기술정보통신부,71400000.0,0.0,7000000.0
02,원자력안전규제계정,0.0,0.0,20240417,546,원자력기금,2024,99,기타,99,기타,37132073650.0,162,과학기술정보통신부,39685740940.0,0.0,2553667290.0
02,원자력안전규제계정,2850000000.0,2850000000.0,20240417,546,원자력기금,2024,54,기타이자수입및재산수입,11,재산수입,20100220.0,162,과학기술정보통신부,20100220.0,0.0,0.0
02,원자력안전규제계정,196832000000.0,196832000000.0,20240417,546,원자력기금,2024,85,정부예금회수,31,차입금및여유자금회수,0.0,162,과학기술정보통신부,0.0,0.0,0.0
01,원자력연구개발계정,212574000000.0,212574000000.0,20240417,546,원자력기금,2024,59,기타경상이전수입,12,경상이전수입,0.0,162,과학기술정보통신부,0.0,0.0,0.0
01,원자력연구개발계정,350000000.0,350000000.0,20240417,546,원자력기금,2024,54,기타이자수입및재산수입,11,재산수입,0.0,162,과학기술정보통신부,0.0,0.0,0.0
01,원자력연구개발계정,574000000.0,574000000.0,20240417,546,원자력기금,2024,85,정부예금회수,31,차입금및여유자금회수,0.0,162,과학기술정보통신부,0.0,0.0,0.0
00,,105715000000.0,105715000000.0,20240417,110,일반회계,2024,59,기타경상이전수입,12,경상이전수입,25913627230.0,162,과학기술정보통신부,33885980760.0,4887800.0,7972353530.0
00,,2272000000.0,2272000000.0,20240417,110,일반회계,2024,56,"벌금,몰수금및과태료",12,경상이전수입,1463596100.0,162,과학기술정보통신부,1500706100.0,31780000.0,37110000.0
00,,0.0,0.0,20240417,110,일반회계,2024,99,기타,99,기타,131920.0,162,과학기술정보통신부,153520.0,0.0,21600.0
00,,0.0,0.0,20240417,110,일반회계,2024,43,기타,10,기타,1434390.0,162,과학기술정보통신부,1434390.0,0.0,0.0
00,,142000000.0,142000000.0,20240417,110,일반회계,2024,51,관유물대여료,11,재산수입,3574130.0,162,과학기술정보통신부,3904880.0,0.0,330750.0
00,,5199000000.0,5199000000.0,20240417,110,일반회계,2024,54,기타이자수입및재산수입,11,재산수입,3981855400.0,162,과학기술정보통신부,5198391240.0,0.0,1216535840.0
00,,263424000000.0,263424000000.0,20240417,110,일반회계,2024,65,면허료및수수료,13,재화및용역판매수입,63674475240.0,162,과학기술정보통신부,64027992930.0,4237730.0,353517690.0
00,,28000000.0,28000000.0,20240417,110,일반회계,2024,69,잡수입,13,재화및용역판매수입,4498550.0,162,과학기술정보통신부,4498550.0,0.0,0.0
00,,565792000000.0,565792000000.0,20240417,543,정보통신진흥기금,2024,59,기타경상이전수입,12,경상이전수입,537887127220.0,162,과학기술정보통신부,550408874930.0,62522610.0,12521747710.0
00,,0.0,0.0,20240417,543,정보통신진흥기금,2024,99,기타,99,기타,363270619600.0,162,과학기술정보통신부,525709325500.0,29961292460.0,162438705900.0
00,,27297000000.0,27297000000.0,20240417,543,정보통신진흥기금,2024,75,융자원금회수,20,융자및전대차관원금회수,5889926730.0,162,과학기술정보통신부,6261845620.0,0.0,371918890.0
00,,7103000000.0,7103000000.0,20240417,543,정보통신진흥기금,2024,54,기타이자수입및재산수입,11,재산수입,1821515880.0,162,과학기술정보통신부,4024274050.0,5610.0,2202758170.0
00,,602702000000.0,602702000000.0,20240417,543,정보통신진흥기금,2024,94,예수금,40,정부내부수입및기타,155000000000.0,162,과학기술정보통신부,245000000000.0,0.0,90000000000.0
00,,176844000000.0,176844000000.0,20240417,543,정보통신진흥기금,2024,85,정부예금회수,31,차입금및여유자금회수,0.0,162,과학기술정보통신부,0.0,0.0,0.0
04,세종특별자치시계정,30000000.0,30000000.0,20240417,236,지역균형발전특별회계,2024,59,기타경상이전수입,12,경상이전수입,0.0,162,과학기술정보통신부,0.0,0.0,0.0
03,제주특별자치도계정,23000000.0,23000000.0,20240417,236,지역균형발전특별회계,2024,59,기타경상이전수입,12,경상이전수입,0.0,162,과학기술정보통신부,0.0,0.0,0.0
02,지역지원계정,9583000000.0,9583000000.0,20240417,236,지역균형발전특별회계,2024,59,기타경상이전수입,12,경상이전수입,1112105160.0,162,과학기술정보통신부,2433834520.0,0.0,1321729360.0
02,지역지원계정,617000000.0,617000000.0,20240417,236,지역균형발전특별회계,2024,54,기타이자수입및재산수입,11,재산수입,10612960.0,162,과학기술정보통신부,441793010.0,0.0,431180050.0
00,,1319000000.0,1319000000.0,20240417,110,일반회계,2024,58,가산금,12,경상이전수입,0.0,027,관세청,0.0,0.0,0.0
00,,700000000.0,700000000.0,20240417,110,일반회계,2024,59,기타경상이전수입,12,경상이전수입,152553430.0,027,관세청,153211640.0,0.0,658210.0
00,,15984000000.0,15984000000.0,20240417,110,일반회계,2024,56,"벌금,몰수금및과태료",12,경상이전수입,7794869220.0,027,관세청,8142204340.0,58194140.0,347335120.0
00,,39000000.0,39000000.0,20240417,110,일반회계,2024,57,변상금및위약금,12,경상이전수입,328740.0,027,관세청,328740.0,0.0,0.0
00,,0.0,0.0,20240417,110,일반회계,2024,31,관세,02,관세,22187141006340.0,027,관세청,24080949165480.0,116452633250.0,1893808159140.0
00,,6000000.0,6000000.0,20240417,110,일반회계,2024,71,고정자산매각대,15,관유물매각대,0.0,027,관세청,0.0,0.0,0.0
00,,393000000.0,393000000.0,20240417,110,일반회계,2024,51,관유물대여료,11,재산수입,187993430.0,027,관세청,188121910.0,0.0,128480.0
00,,8000000.0,8000000.0,20240417,110,일반회계,2024,54,기타이자수입및재산수입,11,재산수입,3537370.0,027,관세청,3567050.0,0.0,29680.0
00,,101020000000.0,101020000000.0,20240417,110,일반회계,2024,65,면허료및수수료,13,재화및용역판매수입,1603101280.0,027,관세청,1690276360.0,15907220.0,87175080.0
00,,603000000.0,603000000.0,20240417,110,일반회계,2024,69,잡수입,13,재화및용역판매수입,318494550.0,027,관세청,318977820.0,0.0,483270.0
00,,40109000000.0,40109000000.0,20240417,239,고등·평생교육지원특별회계,2024,59,기타경상이전수입,12,경상이전수입,16199150590.0,086,교육부,16600591250.0,0.0,401440660.0
00,,6402000000.0,6402000000.0,20240417,239,고등·평생교육지원특별회계,2024,65,면허료및수수료,14,수입대체경비수입,2435769500.0,086,교육부,2435769500.0,0.0,0.0
00,,3088000000.0,3088000000.0,20240417,239,고등·평생교육지원특별회계,2024,54,기타이자수입및재산수입,11,재산수입,892043500.0,086,교육부,911075160.0,0.0,19031660.0
00,,0.0,0.0,20240417,239,고등·평생교육지원특별회계,2024,69,잡수입,13,재화및용역판매수입,35365380.0,086,교육부,35365380.0,0.0,0.0
00,,15742668000000.0,15742668000000.0,20240417,239,고등·평생교육지원특별회계,2024,91,전입금,40,정부내부수입및기타,6421722031820.0,086,교육부,7437290986950.0,0.0,1015568955130.0
00,,41131000000.0,41131000000.0,20240417,562,사립학교교직원연금기금,2024,59,기타경상이전수입,12,경상이전수입,0.0,086,교육부,0.0,0.0,0.0
00,,3885318000000.0,3885318000000.0,20240417,562,사립학교교직원연금기금,2024,38,사회보장기여금,07,사회보장기여금,0.0,086,교육부,0.0,0.0,0.0
00,,1219363000000.0,1219363000000.0,20240417,562,사립학교교직원연금기금,2024,75,융자원금회수,20,융자및전대차관원금회수,0.0,086,교육부,0.0,0.0,0.0
00,,17322000000.0,17322000000.0,20240417,562,사립학교교직원연금기금,2024,51,관유물대여료,11,재산수입,0.0,086,교육부,0.0,0.0,0.0
00,,1568476000000.0,1568476000000.0,20240417,562,사립학교교직원연금기금,2024,54,기타이자수입및재산수입,11,재산수입,0.0,086,교육부,0.0,0.0,0.0
00,,909000000.0,909000000.0,20240417,562,사립학교교직원연금기금,2024,69,잡수입,13,재화및용역판매수입,0.0,086,교육부,0.0,0.0,0.0
00,,1011154000000.0,1011154000000.0,20240417,562,사립학교교직원연금기금,2024,91,전입금,40,정부내부수입및기타,0.0,086,교육부,0.0,0.0,0.0
00,,2240248000000.0,2240248000000.0,20240417,562,사립학교교직원연금기금,2024,84,유가증권매각대,31,차입금및여유자금회수,0.0,086,교육부,0.0,0.0,0.0
00,,3162777000000.0,3162777000000.0,20240417,562,사립학교교직원연금기금,2024,85,정부예금회수,31,차입금및여유자금회수,0.0,086,교육부,0.0,0.0,0.0
01,사학지원계정,2243000000.0,2243000000.0,20240417,555,사학진흥기금,2024,59,기타경상이전수입,12,경상이전수입,0.0,086,교육부,0.0,0.0,0.0
01,사학지원계정,1229000000.0,1229000000.0,20240417,555,사학진흥기금,2024,69,잡수입,14,수입대체경비수입,0.0,086,교육부,0.0,0.0,0.0
01,사학지원계정,137099000000.0,137099000000.0,20240417,555,사학진흥기금,2024,75,융자원금회수,20,융자및전대차관원금회수,0.0,086,교육부,0.0,0.0,0.0
01,사학지원계정,30057000000.0,30057000000.0,20240417,555,사학진흥기금,2024,54,기타이자수입및재산수입,11,재산수입,0.0,086,교육부,0.0,0.0,0.0
01,사학지원계정,99193000000.0,99193000000.0,20240417,555,사학진흥기금,2024,94,예수금,40,정부내부수입및기타,0.0,086,교육부,0.0,0.0,0.0
01,사학지원계정,31413000000.0,31413000000.0,20240417,555,사학진흥기금,2024,85,정부예금회수,31,차입금및여유자금회수,0.0,086,교육부,0.0,0.0,0.0
02,청산지원계정,2000000.0,2000000.0,20240417,555,사학진흥기금,2024,54,기타이자수입및재산수입,11,재산수입,0.0,086,교육부,0.0,0.0,0.0
02,청산지원계정,5181000000.0,5181000000.0,20240417,555,사학진흥기금,2024,94,예수금,40,정부내부수입및기타,0.0,086,교육부,0.0,0.0,0.0
02,청산지원계정,851000000.0,851000000.0,20240417,555,사학진흥기금,2024,85,정부예금회수,31,차입금및여유자금회수,0.0,086,교육부,0.0,0.0,0.0
00,,21106000000.0,21106000000.0,20240417,237,유아교육지원특별회계,2024,89,세계잉여금이입액,34,세계잉여금,0.0,086,교육부,0.0,0.0,0.0
00,,431000000.0,431000000.0,20240417,237,유아교육지원특별회계,2024,95,예탁이자수입,40,정부내부수입및기타,0.0,086,교육부,0.0,0.0,0.0
00,,3210631000000.0,3210631000000.0,20240417,237,유아교육지원특별회계,2024,91,전입금,40,정부내부수입및기타,879646061380.0,086,교육부,1335577061380.0,0.0,455931000000.0
00,,10000000.0,10000000.0,20240417,110,일반회계,2024,58,가산금,12,경상이전수입,0.0,086,교육부,3007800.0,0.0,3007800.0
00,,261606000000.0,261606000000.0,20240417,110,일반회계,2024,59,기타경상이전수입,12,경상이전수입,9965120230.0,086,교육부,11846953430.0,89117020.0,1881833200.0
00,,76000000.0,76000000.0,20240417,110,일반회계,2024,56,"벌금,몰수금및과태료",12,경상이전수입,25031000.0,086,교육부,25031000.0,0.0,0.0
00,,324000000.0,324000000.0,20240417,110,일반회계,2024,57,변상금및위약금,12,경상이전수입,239259500.0,086,교육부,240793670.0,1134170.0,1534170.0
00,,559000000.0,559000000.0,20240417,110,일반회계,2024,71,고정자산매각대,15,관유물매각대,0.0,086,교육부,0.0,0.0,0.0
00,,113000000.0,113000000.0,20240417,110,일반회계,2024,73,재고자산매각대및유동자산,15,관유물매각대,0.0,086,교육부,0.0,0.0,0.0
00,,1929000000.0,1929000000.0,20240417,110,일반회계,2024,72,토지및무형자산매각대,15,관유물매각대,0.0,086,교육부,0.0,0.0,0.0
00,,0.0,0.0,20240417,110,일반회계,2024,99,기타,99,기타,192900.0,086,교육부,192900.0,0.0,0.0
00,,6546000000.0,6546000000.0,20240417,110,일반회계,2024,65,면허료및수수료,14,수입대체경비수입,3142649490.0,086,교육부,4710599490.0,0.0,1567950000.0
00,,7975000000.0,7975000000.0,20240417,110,일반회계,2024,69,잡수입,14,수입대체경비수입,1418898900.0,086,교육부,1520946830.0,45560000.0,102047930.0
00,,1271000000.0,1271000000.0,20240417,110,일반회계,2024,51,관유물대여료,11,재산수입,35436260.0,086,교육부,42447280.0,2400000.0,7011020.0
00,,20144000000.0,20144000000.0,20240417,110,일반회계,2024,54,기타이자수입및재산수입,11,재산수입,1341497160.0,086,교육부,1628912060.0,45126110.0,287414900.0
00,,1000000.0,1000000.0,20240417,110,일반회계,2024,53,전대차관이자수입,11,재산수입,0.0,086,교육부,0.0,0.0,0.0
00,,179000000.0,179000000.0,20240417,110,일반회계,2024,69,잡수입,13,재화및용역판매수입,75392310.0,086,교육부,75776660.0,0.0,384350.0
00,,42170000000.0,42170000000.0,20240417,110,일반회계,2024,91,전입금,40,정부내부수입및기타,42170000000.0,086,교육부,42170000000.0,0.0,0.0
02,지역지원계정,3121000000.0,3121000000.0,20240417,236,지역균형발전특별회계,2024,59,기타경상이전수입,12,경상이전수입,95541250.0,086,교육부,95541250.0,0.0,0.0
02,지역지원계정,703000000.0,703000000.0,20240417,236,지역균형발전특별회계,2024,54,기타이자수입및재산수입,11,재산수입,11187410.0,086,교육부,11187410.0,0.0,0.0
00,,0.0,0.0,20240417,520,보훈기금,2024,99,기타,99,기타,44133301640.0,024,국가보훈부,51552236850.0,14280820.0,7418935210.0
00,,0.0,0.0,20240417,520,보훈기금,2024,95,기타,40,기타,1136109580.0,024,국가보훈부,1136109580.0,0.0,0.0
00,,0.0,0.0,20240417,520,보훈기금,2024,75,기타,20,기타,352643600.0,024,국가보훈부,361940330.0,2652950.0,9296730.0
00,,0.0,0.0,20240417,520,보훈기금,2024,59,기타,12,기타,2740700.0,024,국가보훈부,25746850.0,0.0,23006150.0
00,,0.0,0.0,20240417,520,보훈기금,2024,54,기타,11,기타,1962670.0,024,국가보훈부,15663760.0,0.0,13701090.0
08,5·18 민주유공자지원자금,3000000.0,3000000.0,20240417,520,보훈기금,2024,59,기타경상이전수입,12,경상이전수입,0.0,024,국가보훈부,0.0,0.0,0.0
08,5·18 민주유공자지원자금,140000000.0,140000000.0,20240417,520,보훈기금,2024,75,융자원금회수,20,융자및전대차관원금회수,0.0,024,국가보훈부,0.0,0.0,0.0
08,5·18 민주유공자지원자금,166000000.0,166000000.0,20240417,520,보훈기금,2024,54,기타이자수입및재산수입,11,재산수입,0.0,024,국가보훈부,0.0,0.0,0.0
08,5·18 민주유공자지원자금,7064000000.0,7064000000.0,20240417,520,보훈기금,2024,85,정부예금회수,31,차입금및여유자금회수,0.0,024,국가보훈부,0.0,0.0,0.0
06,국가유공자지원자금,1010000000.0,1010000000.0,20240417,520,보훈기금,2024,59,기타경상이전수입,12,경상이전수입,0.0,024,국가보훈부,0.0,0.0,0.0
06,국가유공자지원자금,23618000000.0,23618000000.0,20240417,520,보훈기금,2024,75,융자원금회수,20,융자및전대차관원금회수,0.0,024,국가보훈부,0.0,0.0,0.0
06,국가유공자지원자금,38000000.0,38000000.0,20240417,520,보훈기금,2024,51,관유물대여료,11,재산수입,0.0,024,국가보훈부,0.0,0.0,0.0
06,국가유공자지원자금,124650000000.0,124650000000.0,20240417,520,보훈기금,2024,54,기타이자수입및재산수입,11,재산수입,0.0,024,국가보훈부,0.0,0.0,0.0
06,국가유공자지원자금,23929000000.0,23929000000.0,20240417,520,보훈기금,2024,64,입장료수입,13,재화및용역판매수입,0.0,024,국가보훈부,0.0,0.0,0.0
06,국가유공자지원자금,10470000000.0,10470000000.0,20240417,520,보훈기금,2024,69,잡수입,13,재화및용역판매수입,0.0,024,국가보훈부,0.0,0.0,0.0
06,국가유공자지원자금,150000000000.0,150000000000.0,20240417,520,보훈기금,2024,92,예탁원금회수,40,정부내부수입및기타,0.0,024,국가보훈부,0.0,0.0,0.0
06,국가유공자지원자금,5604000000.0,5604000000.0,20240417,520,보훈기금,2024,95,예탁이자수입,40,정부내부수입및기타,0.0,024,국가보훈부,0.0,0.0,0.0
06,국가유공자지원자금,7276000000.0,7276000000.0,20240417,520,보훈기금,2024,91,전입금,40,정부내부수입및기타,0.0,024,국가보훈부,0.0,0.0,0.0
06,국가유공자지원자금,151108000000.0,151108000000.0,20240417,520,보훈기금,2024,85,정부예금회수,31,차입금및여유자금회수,0.0,024,국가보훈부,0.0,0.0,0.0
07,참전유공자·제대군인지원자금,6161000000.0,6161000000.0,20240417,520,보훈기금,2024,59,기타경상이전수입,12,경상이전수입,0.0,024,국가보훈부,0.0,0.0,0.0
07,참전유공자·제대군인지원자금,1532000000.0,1532000000.0,20240417,520,보훈기금,2024,75,융자원금회수,20,융자및전대차관원금회수,0.0,024,국가보훈부,0.0,0.0,0.0
07,참전유공자·제대군인지원자금,1503000000.0,1503000000.0,20240417,520,보훈기금,2024,54,기타이자수입및재산수입,11,재산수입,0.0,024,국가보훈부,0.0,0.0,0.0
07,참전유공자·제대군인지원자금,14800000000.0,14800000000.0,20240417,520,보훈기금,2024,91,전입금,40,정부내부수입및기타,0.0,024,국가보훈부,0.0,0.0,0.0
07,참전유공자·제대군인지원자금,66377000000.0,66377000000.0,20240417,520,보훈기금,2024,85,정부예금회수,31,차입금및여유자금회수,0.0,024,국가보훈부,0.0,0.0,0.0
09,특수임무유공자지원자금,3000000.0,3000000.0,20240417,520,보훈기금,2024,59,기타경상이전수입,12,경상이전수입,0.0,024,국가보훈부,0.0,0.0,0.0
09,특수임무유공자지원자금,86000000.0,86000000.0,20240417,520,보훈기금,2024,75,융자원금회수,20,융자및전대차관원금회수,0.0,024,국가보훈부,0.0,0.0,0.0
09,특수임무유공자지원자금,105000000.0,105000000.0,20240417,520,보훈기금,2024,54,기타이자수입및재산수입,11,재산수입,0.0,024,국가보훈부,0.0,0.0,0.0
09,특수임무유공자지원자금,4771000000.0,4771000000.0,20240417,520,보훈기금,2024,85,정부예금회수,31,차입금및여유자금회수,0.0,024,국가보훈부,0.0,0.0,0.0
00,,120000000.0,120000000.0,20240417,513,순국선열애국지사사업기금,2024,59,기타경상이전수입,12,경상이전수입,30256600.0,024,국가보훈부,30956600.0,0.0,700000.0
00,,0.0,0.0,20240417,513,순국선열애국지사사업기금,2024,57,변상금및위약금,12,경상이전수입,7478460.0,024,국가보훈부,7478460.0,0.0,0.0
00,,2793000000.0,2793000000.0,20240417,513,순국선열애국지사사업기금,2024,72,토지및무형자산매각대,15,관유물매각대,217113500.0,024,국가보훈부,221509000.0,0.0,4395500.0
00,,0.0,0.0,20240417,513,순국선열애국지사사업기금,2024,99,기타,99,기타,27796721790.0,024,국가보훈부,36031181790.0,0.0,8234460000.0
00,,3764000000.0,3764000000.0,20240417,513,순국선열애국지사사업기금,2024,51,관유물대여료,11,재산수입,988352950.0,024,국가보훈부,1330818570.0,342465620.0,342465620.0
00,,1737000000.0,1737000000.0,20240417,513,순국선열애국지사사업기금,2024,54,기타이자수입및재산수입,11,재산수입,329910.0,024,국가보훈부,329910.0,0.0,0.0
00,,0.0,0.0,20240417,513,순국선열애국지사사업기금,2024,69,잡수입,13,재화및용역판매수입,10000.0,024,국가보훈부,10000.0,0.0,0.0
00,,92651000000.0,92651000000.0,20240417,513,순국선열애국지사사업기금,2024,91,전입금,40,정부내부수입및기타,25942280000.0,024,국가보훈부,35207380000.0,0.0,9265100000.0
00,,47665000000.0,47665000000.0,20240417,513,순국선열애국지사사업기금,2024,85,정부예금회수,31,차입금및여유자금회수,0.0,024,국가보훈부,0.0,0.0,0.0
01,투자계정,39000000.0,39000000.0,20240417,216,에너지및자원사업특별회계,2024,59,기타경상이전수입,12,경상이전수입,3700760.0,024,국가보훈부,3931380.0,109990.0,230620.0
01,투자계정,28000000.0,28000000.0,20240417,216,에너지및자원사업특별회계,2024,54,기타이자수입및재산수입,11,재산수입,260.0,024,국가보훈부,260.0,0.0,0.0
00,,8652000000.0,8652000000.0,20240417,110,일반회계,2024,59,기타경상이전수입,12,경상이전수입,1310871190.0,024,국가보훈부,1437679410.0,11308000.0,126808220.0
00,,88000000.0,88000000.0,20240417,110,일반회계,2024,56,"벌금,몰수금및과태료",12,경상이전수입,5167370.0,024,국가보훈부,5167370.0,0.0,0.0
00,,51000000.0,51000000.0,20240417,110,일반회계,2024,57,변상금및위약금,12,경상이전수입,0.0,024,국가보훈부,0.0,0.0,0.0
00,,35000000.0,35000000.0,20240417,110,일반회계,2024,71,고정자산매각대,15,관유물매각대,0.0,024,국가보훈부,0.0,0.0,0.0
00,,0.0,0.0,20240417,110,일반회계,2024,99,기타,99,기타,6685350.0,024,국가보훈부,6685350.0,0.0,0.0
00,,159000000.0,159000000.0,20240417,110,일반회계,2024,51,관유물대여료,11,재산수입,53002470.0,024,국가보훈부,66931260.0,13928790.0,13928790.0
00,,511000000.0,511000000.0,20240417,110,일반회계,2024,54,기타이자수입및재산수입,11,재산수입,417946040.0,024,국가보훈부,455636190.0,8394070.0,37690150.0
00,,3000000.0,3000000.0,20240417,110,일반회계,2024,65,면허료및수수료,13,재화및용역판매수입,0.0,024,국가보훈부,0.0,0.0,0.0
00,,352000000.0,352000000.0,20240417,110,일반회계,2024,69,잡수입,13,재화및용역판매수입,204297700.0,024,국가보훈부,204297700.0,0.0,0.0
03,제주특별자치도계정,109000000.0,109000000.0,20240417,236,지역균형발전특별회계,2024,59,기타경상이전수입,12,경상이전수입,0.0,024,국가보훈부,0.0,0.0,0.0
00,,20000000.0,20000000.0,20240417,110,일반회계,2024,59,기타경상이전수입,12,경상이전수입,1546260.0,056,국가인권위원회,1546260.0,0.0,0.0
00,,5000000.0,5000000.0,20240417,110,일반회계,2024,56,"벌금,몰수금및과태료",12,경상이전수입,0.0,056,국가인권위원회,0.0,0.0,0.0
00,,1000000.0,1000000.0,20240417,110,일반회계,2024,54,기타이자수입및재산수입,11,재산수입,0.0,056,국가인권위원회,0.0,0.0,0.0
00,,1000000.0,1000000.0,20240417,110,일반회계,2024,69,잡수입,13,재화및용역판매수입,0.0,056,국가인권위원회,0.0,0.0,0.0
00,,7176000000.0,7176000000.0,20240417,110,일반회계,2024,54,기타이자수입및재산수입,11,재산수입,2017510310.0,004,국가정보원,2360391050.0,342880740.0,342880740.0
00,,22000000.0,22000000.0,20240417,110,일반회계,2024,59,기타경상이전수입,12,경상이전수입,41728610.0,010,국무조정실 및 국무총리비서실,41728610.0,0.0,0.0
00,,1000000.0,1000000.0,20240417,110,일반회계,2024,54,기타이자수입및재산수입,11,재산수입,14662850.0,010,국무조정실 및 국무총리비서실,14662850.0,0.0,0.0
00,,0.0,0.0,20240417,110,일반회계,2024,69,잡수입,13,재화및용역판매수입,115160.0,010,국무조정실 및 국무총리비서실,115160.0,0.0,0.0
00,,682000000.0,682000000.0,20240417,110,일반회계,2024,59,기타경상이전수입,12,경상이전수입,25497450.0,080,국민권익위원회,36830880.0,0.0,11333430.0
00,,160000000.0,160000000.0,20240417,110,일반회계,2024,56,"벌금,몰수금및과태료",12,경상이전수입,38000000.0,080,국민권익위원회,38000000.0,0.0,0.0
00,,0.0,0.0,20240417,110,일반회계,2024,54,기타이자수입및재산수입,11,재산수입,1749830.0,080,국민권익위원회,1749830.0,0.0,0.0
00,,50000000.0,50000000.0,20240417,110,일반회계,2024,69,잡수입,13,재화및용역판매수입,3599900.0,080,국민권익위원회,7870610.0,0.0,4270710.0
00,,191000000.0,191000000.0,20240417,232,국방·군사시설이전특별회계,2024,59,기타경상이전수입,12,경상이전수입,17072063570.0,014,국방부,17072063570.0,0.0,0.0
00,,3521000000.0,3521000000.0,20240417,232,국방·군사시설이전특별회계,2024,71,고정자산매각대,15,관유물매각대,0.0,014,국방부,0.0,0.0,0.0
00,,439554000000.0,439554000000.0,20240417,232,국방·군사시설이전특별회계,2024,72,토지및무형자산매각대,15,관유물매각대,5206203690.0,014,국방부,5206203690.0,0.0,0.0
00,,65910000000.0,65910000000.0,20240417,232,국방·군사시설이전특별회계,2024,89,세계잉여금이입액,34,세계잉여금,0.0,014,국방부,0.0,0.0,0.0
00,,60000000.0,60000000.0,20240417,232,국방·군사시설이전특별회계,2024,54,기타이자수입및재산수입,11,재산수입,213506910.0,014,국방부,213506910.0,0.0,0.0
00,,67465000000.0,67465000000.0,20240417,232,국방·군사시설이전특별회계,2024,94,예수금,40,정부내부수입및기타,30000000000.0,014,국방부,67465000000.0,0.0,37465000000.0
01,복지계정,4225000000.0,4225000000.0,20240417,544,군인복지기금,2024,59,기타경상이전수입,12,경상이전수입,1121035200.0,014,국방부,2263164770.0,10.0,1142129570.0
01,복지계정,124000000.0,124000000.0,20240417,544,군인복지기금,2024,57,변상금및위약금,12,경상이전수입,62146470.0,014,국방부,64821020.0,0.0,2674550.0
01,복지계정,0.0,0.0,20240417,544,군인복지기금,2024,99,기타,99,기타,1200158060.0,014,국방부,1200158060.0,0.0,0.0
01,복지계정,24335000000.0,24335000000.0,20240417,544,군인복지기금,2024,51,관유물대여료,11,재산수입,5489665850.0,014,국방부,5951048810.0,55649000.0,461382960.0
01,복지계정,4883000000.0,4883000000.0,20240417,544,군인복지기금,2024,54,기타이자수입및재산수입,11,재산수입,1380548700.0,014,국방부,1381977450.0,0.0,1428750.0
01,복지계정,122486000000.0,122486000000.0,20240417,544,군인복지기금,2024,64,입장료수입,13,재화및용역판매수입,22360017100.0,014,국방부,26193210640.0,71227310.0,3833193540.0
01,복지계정,308636000000.0,308636000000.0,20240417,544,군인복지기금,2024,69,잡수입,13,재화및용역판매수입,98930067050.0,014,국방부,103310390240.0,555618400.0,4380323190.0
01,복지계정,138753000000.0,138753000000.0,20240417,544,군인복지기금,2024,85,정부예금회수,31,차입금및여유자금회수,59297982750.0,014,국방부,59389054290.0,0.0,91071540.0
03,주거지원계정,1997000000.0,1997000000.0,20240417,544,군인복지기금,2024,59,기타경상이전수입,12,경상이전수입,411820170.0,014,국방부,478339040.0,3686690.0,66518870.0
03,주거지원계정,0.0,0.0,20240417,544,군인복지기금,2024,11,기타,01,기타,7800000.0,014,국방부,7800000.0,0.0,0.0
03,주거지원계정,0.0,0.0,20240417,544,군인복지기금,2024,99,기타,99,기타,44000000.0,014,국방부,44000000.0,0.0,0.0
03,주거지원계정,848000000.0,848000000.0,20240417,544,군인복지기금,2024,75,융자원금회수,20,융자및전대차관원금회수,919034350.0,014,국방부,1082789520.0,3755170.0,163755170.0
03,주거지원계정,120000000000.0,120000000000.0,20240417,544,군인복지기금,2024,51,관유물대여료,11,재산수입,29947917440.0,014,국방부,34400748440.0,356940000.0,4452831000.0
03,주거지원계정,2500000000.0,2500000000.0,20240417,544,군인복지기금,2024,54,기타이자수입및재산수입,11,재산수입,313742180.0,014,국방부,501250240.0,0.0,187508060.0
03,주거지원계정,15000000000.0,15000000000.0,20240417,544,군인복지기금,2024,94,예수금,40,정부내부수입및기타,3113365600.0,014,국방부,3113365600.0,0.0,0.0
03,주거지원계정,69539000000.0,69539000000.0,20240417,544,군인복지기금,2024,85,정부예금회수,31,차입금및여유자금회수,50000000000.0,014,국방부,68000000000.0,0.0,18000000000.0
02,학자금대부계정,0.0,0.0,20240417,544,군인복지기금,2024,99,기타,99,기타,5998812480.0,014,국방부,7753692550.0,0.0,1754880070.0
02,학자금대부계정,28289000000.0,28289000000.0,20240417,544,군인복지기금,2024,75,융자원금회수,20,융자및전대차관원금회수,1166538630.0,014,국방부,1476479880.0,0.0,309941250.0
02,학자금대부계정,272000000.0,272000000.0,20240417,544,군인복지기금,2024,54,기타이자수입및재산수입,11,재산수입,1224628180.0,014,국방부,1224628180.0,0.0,0.0
02,학자금대부계정,9919000000.0,9919000000.0,20240417,544,군인복지기금,2024,85,정부예금회수,31,차입금및여유자금회수,40727208970.0,014,국방부,40727208970.0,0.0,0.0
00,,14926000000.0,14926000000.0,20240417,516,군인연금기금,2024,59,기타경상이전수입,12,경상이전수입,2805084480.0,014,국방부,3030694930.0,14529140.0,225610450.0
00,,760909000000.0,760909000000.0,20240417,516,군인연금기금,2024,55,연금수입,12,경상이전수입,529818670.0,014,국방부,1021319760.0,0.0,491501090.0
00,,0.0,0.0,20240417,516,군인연금기금,2024,99,기타,99,기타,1206976729230.0,014,국방부,1493168699010.0,0.0,286191969780.0
00,,3939000000.0,3939000000.0,20240417,516,군인연금기금,2024,51,관유물대여료,11,재산수입,475199130.0,014,국방부,475199130.0,0.0,0.0
00,,12449000000.0,12449000000.0,20240417,516,군인연금기금,2024,54,기타이자수입및재산수입,11,재산수입,4385052920.0,014,국방부,11736646840.0,0.0,7351593920.0
00,,3416961000000.0,3416961000000.0,20240417,516,군인연금기금,2024,91,전입금,40,정부내부수입및기타,0.0,014,국방부,0.0,0.0,0.0
00,,50000000000.0,50000000000.0,20240417,516,군인연금기금,2024,85,정부예금회수,31,차입금및여유자금회수,1133300000000.0,014,국방부,1176500000000.0,0.0,43200000000.0
00,,24000000.0,24000000.0,20240417,110,일반회계,2024,58,가산금,12,경상이전수입,0.0,014,국방부,0.0,0.0,0.0
00,,120674000000.0,120674000000.0,20240417,110,일반회계,2024,59,기타경상이전수입,12,경상이전수입,98786754800.0,014,국방부,101629524450.0,902855120.0,2842769650.0
00,,5123000000.0,5123000000.0,20240417,110,일반회계,2024,56,"벌금,몰수금및과태료",12,경상이전수입,602350590.0,014,국방부,712203790.0,8800000.0,109853200.0
00,,28713000000.0,28713000000.0,20240417,110,일반회계,2024,57,변상금및위약금,12,경상이전수입,4626709590.0,014,국방부,6213460570.0,1965790.0,1586750980.0
00,,2531000000.0,2531000000.0,20240417,110,일반회계,2024,72,토지및무형자산매각대,15,관유물매각대,0.0,014,국방부,0.0,0.0,0.0
00,,0.0,0.0,20240417,110,일반회계,2024,37,기타,08,기타,0.0,014,국방부,400000.0,0.0,400000.0
00,,0.0,0.0,20240417,110,일반회계,2024,34,기타,06,기타,1100000.0,014,국방부,1100000.0,0.0,0.0
00,,0.0,0.0,20240417,110,일반회계,2024,11,기타,01,기타,462020.0,014,국방부,462020.0,0.0,0.0
00,,0.0,0.0,20240417,110,일반회계,2024,99,기타,99,기타,7965927110.0,014,국방부,8192302530.0,37870430.0,226375420.0
00,,14951000000.0,14951000000.0,20240417,110,일반회계,2024,51,관유물대여료,11,재산수입,2940127550.0,014,국방부,3546581150.0,37089270.0,606453600.0
00,,1809000000.0,1809000000.0,20240417,110,일반회계,2024,54,기타이자수입및재산수입,11,재산수입,682929160.0,014,국방부,841868880.0,2569620.0,158939720.0
00,,800000000.0,800000000.0,20240417,110,일반회계,2024,65,면허료및수수료,13,재화및용역판매수입,11732250.0,014,국방부,11763650.0,0.0,31400.0
00,,17761000000.0,17761000000.0,20240417,110,일반회계,2024,62,병원수입,13,재화및용역판매수입,3264189100.0,014,국방부,4585532840.0,0.0,1321343740.0
00,,570000000.0,570000000.0,20240417,110,일반회계,2024,66,입학금및수업료,13,재화및용역판매수입,472600000.0,014,국방부,472600000.0,0.0,0.0
00,,46142000000.0,46142000000.0,20240417,110,일반회계,2024,69,잡수입,13,재화및용역판매수입,17315463780.0,014,국방부,19413128670.0,3743440.0,2097664890.0
00,,2067000000.0,2067000000.0,20240417,110,일반회계,2024,67,항공항만및용수수입,13,재화및용역판매수입,0.0,014,국방부,0.0,0.0,0.0
00,,732000000.0,732000000.0,20240417,110,일반회계,2024,91,전입금,40,정부내부수입및기타,0.0,014,국방부,0.0,0.0,0.0
00,,634000000.0,634000000.0,20240417,230,주한미군기지이전특별회계,2024,59,기타경상이전수입,12,경상이전수입,27118630.0,014,국방부,27118630.0,0.0,0.0
00,,102000000.0,102000000.0,20240417,230,주한미군기지이전특별회계,2024,57,변상금및위약금,12,경상이전수입,89844490.0,014,국방부,92200940.0,0.0,2356450.0
00,,155366000000.0,155366000000.0,20240417,230,주한미군기지이전특별회계,2024,72,토지및무형자산매각대,15,관유물매각대,3810637990.0,014,국방부,3810637990.0,0.0,0.0
00,,52000000.0,52000000.0,20240417,230,주한미군기지이전특별회계,2024,89,세계잉여금이입액,34,세계잉여금,0.0,014,국방부,0.0,0.0,0.0
00,,213000000.0,213000000.0,20240417,230,주한미군기지이전특별회계,2024,51,관유물대여료,11,재산수입,237545190.0,014,국방부,271127880.0,0.0,33582690.0
00,,319000000.0,319000000.0,20240417,230,주한미군기지이전특별회계,2024,54,기타이자수입및재산수입,11,재산수입,202615550.0,014,국방부,202615550.0,0.0,0.0
00,,293000000.0,293000000.0,20240417,230,주한미군기지이전특별회계,2024,69,잡수입,13,재화및용역판매수입,10000.0,014,국방부,19918940.0,0.0,19908940.0
00,,485642000000.0,485642000000.0,20240417,230,주한미군기지이전특별회계,2024,94,예수금,40,정부내부수입및기타,2000000000.0,014,국방부,2000000000.0,0.0,0.0
00,,243567000000.0,243567000000.0,20240417,110,일반회계,2024,58,가산금,12,경상이전수입,1784130.0,026,국세청,1784130.0,0.0,0.0
00,,28096000000.0,28096000000.0,20240417,110,일반회계,2024,59,기타경상이전수입,12,경상이전수입,4387173230.0,026,국세청,5148454390.0,1170930.0,761281160.0
00,,92258000000.0,92258000000.0,20240417,110,일반회계,2024,56,"벌금,몰수금및과태료",12,경상이전수입,17708079520.0,026,국세청,18793112180.0,20400000.0,1085032660.0
00,,3000000.0,3000000.0,20240417,110,일반회계,2024,57,변상금및위약금,12,경상이전수입,4968730.0,026,국세청,4968730.0,0.0,0.0
00,,50000000.0,50000000.0,20240417,110,일반회계,2024,71,고정자산매각대,15,관유물매각대,1570000.0,026,국세청,1570000.0,0.0,0.0
00,,0.0,0.0,20240417,110,일반회계,2024,72,토지및무형자산매각대,15,관유물매각대,4459450.0,026,국세청,4459450.0,0.0,0.0
00,,0.0,0.0,20240417,110,일반회계,2024,34,교육세,06,교육세,134954907090.0,026,국세청,388192312620.0,28481070.0,253237405530.0
00,,0.0,0.0,20240417,110,일반회계,2024,33,교통·에너지·환경세,04,교통·에너지·환경세,2932680357550.0,026,국세청,3630141273210.0,0.0,697460915660.0
00,,0.0,0.0,20240417,110,일반회계,2024,99,기타,99,기타,1401502399370.0,026,국세청,1643038655420.0,1606295890.0,241536256050.0
00,,0.0,0.0,20240417,110,일반회계,2024,21,기타,02,기타,234001782900.0,026,국세청,277988366440.0,3630664000.0,43986583540.0
00,,0.0,0.0,20240417,110,일반회계,2024,22,개별소비세,01,내국세,994691055990.0,026,국세청,1166204840170.0,385941490.0,171513784180.0
00,,0.0,0.0,20240417,110,일반회계,2024,27,기타내국세,01,내국세,3332595880870.0,026,국세청,3671025822730.0,22438460770.0,338429941860.0
00,,0.0,0.0,20240417,110,일반회계,2024,12,법인세,01,내국세,10281525119430.0,026,국세청,22492238992790.0,13859984500.0,12210713873360.0
00,,0.0,0.0,20240417,110,일반회계,2024,21,부가가치세,01,내국세,31624378771870.0,026,국세청,34081048187230.0,270985291400.0,2456669415360.0
00,,0.0,0.0,20240417,110,일반회계,2024,13,부당이득세,01,내국세,886214130.0,026,국세청,913139480.0,0.0,26925350.0
00,,0.0,0.0,20240417,110,일반회계,2024,15,상속세,01,내국세,2582617588430.0,026,국세청,3066676380090.0,22027577230.0,484058791660.0
00,,0.0,0.0,20240417,110,일반회계,2024,11,소득세,01,내국세,28919545932170.0,026,국세청,35282351073100.0,37865233650.0,6362805140930.0
00,,0.0,0.0,20240417,110,일반회계,2024,26,인지세,01,내국세,78856632750.0,026,국세청,107084295950.0,452000.0,28227663200.0
00,,0.0,0.0,20240417,110,일반회계,2024,16,재평가세,01,내국세,4360400.0,026,국세청,4360400.0,0.0,0.0
00,,0.0,0.0,20240417,110,일반회계,2024,24,전화세,01,내국세,28296890.0,026,국세청,28341820.0,0.0,44930.0
00,,0.0,0.0,20240417,110,일반회계,2024,23,주세,01,내국세,852279669620.0,026,국세청,855743736210.0,159626820.0,3464066590.0
00,,0.0,0.0,20240417,110,일반회계,2024,25,증권거래세,01,내국세,2219313102500.0,026,국세청,2999042034340.0,308388170.0,779728931840.0
00,,0.0,0.0,20240417,110,일반회계,2024,14,토지초과이득세,01,내국세,33936200.0,026,국세청,33936200.0,0.0,0.0
00,,0.0,0.0,20240417,110,일반회계,2024,37,농어촌특별세,08,농어촌특별세,50004917290.0,026,국세청,50031415210.0,0.0,26497920.0
00,,0.0,0.0,20240417,110,일반회계,2024,32,방위세,03,방위세,7624920.0,026,국세청,7624920.0,0.0,0.0
00,,0.0,0.0,20240417,110,일반회계,2024,72,기타,14,수입대체경비수입,150280.0,026,국세청,150280.0,0.0,0.0
00,,0.0,0.0,20240417,110,일반회계,2024,71,기타,14,수입대체경비수입,3517970.0,026,국세청,3530770.0,0.0,12800.0
00,,80000000.0,80000000.0,20240417,110,일반회계,2024,51,관유물대여료,11,재산수입,45239550.0,026,국세청,48566090.0,0.0,3326540.0
00,,0.0,0.0,20240417,110,일반회계,2024,54,기타이자수입및재산수입,11,재산수입,2457740.0,026,국세청,2457740.0,0.0,0.0
00,,20000000.0,20000000.0,20240417,110,일반회계,2024,69,잡수입,13,재화및용역판매수입,6521460.0,026,국세청,10948940.0,0.0,4427480.0
00,,0.0,0.0,20240417,110,일반회계,2024,39,종합부동산세,09,종합부동산세,204289371550.0,026,국세청,227001157490.0,580316770.0,22711785940.0
03,공항계정,1000000.0,1000000.0,20240417,214,교통시설특별회계,2024,58,가산금,12,경상이전수입,0.0,095,국토교통부,0.0,0.0,0.0
03,공항계정,14545000000.0,14545000000.0,20240417,214,교통시설특별회계,2024,59,기타경상이전수입,12,경상이전수입,3618167330.0,095,국토교통부,3838982480.0,1312750.0,220815150.0
03,공항계정,2713000000.0,2713000000.0,20240417,214,교통시설특별회계,2024,56,"벌금,몰수금및과태료",12,경상이전수입,259940000.0,095,국토교통부,282456600.0,1200000.0,22516600.0
03,공항계정,945000000.0,945000000.0,20240417,214,교통시설특별회계,2024,57,변상금및위약금,12,경상이전수입,2737950.0,095,국토교통부,2737950.0,0.0,0.0
03,공항계정,47000000.0,47000000.0,20240417,214,교통시설특별회계,2024,71,고정자산매각대,15,관유물매각대,5570000.0,095,국토교통부,5570000.0,0.0,0.0
03,공항계정,465000000.0,465000000.0,20240417,214,교통시설특별회계,2024,72,토지및무형자산매각대,15,관유물매각대,0.0,095,국토교통부,12904400.0,0.0,12904400.0
03,공항계정,6595000000.0,6595000000.0,20240417,214,교통시설특별회계,2024,51,관유물대여료,11,재산수입,2795367480.0,095,국토교통부,2795367480.0,0.0,0.0
03,공항계정,134000000.0,134000000.0,20240417,214,교통시설특별회계,2024,54,기타이자수입및재산수입,11,재산수입,171779590.0,095,국토교통부,171779590.0,0.0,0.0
03,공항계정,689000000.0,689000000.0,20240417,214,교통시설특별회계,2024,65,면허료및수수료,13,재화및용역판매수입,211375000.0,095,국토교통부,211375000.0,0.0,0.0
03,공항계정,303000000.0,303000000.0,20240417,214,교통시설특별회계,2024,69,잡수입,13,재화및용역판매수입,278490730.0,095,국토교통부,278705730.0,215000.0,215000.0
03,공항계정,44424000000.0,44424000000.0,20240417,214,교통시설특별회계,2024,67,항공항만및용수수입,13,재화및용역판매수입,21164567040.0,095,국토교통부,21164567040.0,0.0,0.0
03,공항계정,896035000000.0,896035000000.0,20240417,214,교통시설특별회계,2024,91,전입금,40,정부내부수입및기타,185391463000.0,095,국토교통부,385391463000.0,0.0,200000000000.0
06,교통체계관리계정,41573000000.0,41573000000.0,20240417,214,교통시설특별회계,2024,59,기타경상이전수입,12,경상이전수입,9017466460.0,095,국토교통부,9017466460.0,0.0,0.0
06,교통체계관리계정,134312000000.0,134312000000.0,20240417,214,교통시설특별회계,2024,89,세계잉여금이입액,34,세계잉여금,0.0,095,국토교통부,0.0,0.0,0.0
06,교통체계관리계정,2685000000.0,2685000000.0,20240417,214,교통시설특별회계,2024,54,기타이자수입및재산수입,11,재산수입,280314580.0,095,국토교통부,280314580.0,0.0,0.0
06,교통체계관리계정,819223000000.0,819223000000.0,20240417,214,교통시설특별회계,2024,91,전입금,40,정부내부수입및기타,226169650000.0,095,국토교통부,426169650000.0,0.0,200000000000.0
01,도로계정,921000000.0,921000000.0,20240417,214,교통시설특별회계,2024,58,가산금,12,경상이전수입,92000.0,095,국토교통부,92000.0,0.0,0.0
01,도로계정,25372000000.0,25372000000.0,20240417,214,교통시설특별회계,2024,59,기타경상이전수입,12,경상이전수입,4461270410.0,095,국토교통부,6206723450.0,0.0,1745453040.0
01,도로계정,23004000000.0,23004000000.0,20240417,214,교통시설특별회계,2024,56,"벌금,몰수금및과태료",12,경상이전수입,4414797420.0,095,국토교통부,5403834610.0,73381370.0,989037190.0
01,도로계정,1883000000.0,1883000000.0,20240417,214,교통시설특별회계,2024,57,변상금및위약금,12,경상이전수입,140937430.0,095,국토교통부,389261030.0,9848070.0,248323600.0
01,도로계정,13000000.0,13000000.0,20240417,214,교통시설특별회계,2024,73,재고자산매각대및유동자산,15,관유물매각대,0.0,095,국토교통부,0.0,0.0,0.0
01,도로계정,20200000000.0,20200000000.0,20240417,214,교통시설특별회계,2024,72,토지및무형자산매각대,15,관유물매각대,8948076120.0,095,국토교통부,9005591620.0,0.0,57515500.0
01,도로계정,97595000000.0,97595000000.0,20240417,214,교통시설특별회계,2024,89,세계잉여금이입액,34,세계잉여금,0.0,095,국토교통부,0.0,0.0,0.0
01,도로계정,17676000000.0,17676000000.0,20240417,214,교통시설특별회계,2024,51,관유물대여료,11,재산수입,1016941300.0,095,국토교통부,1255123370.0,5951980.0,238182070.0
01,도로계정,2862000000.0,2862000000.0,20240417,214,교통시설특별회계,2024,54,기타이자수입및재산수입,11,재산수입,252192160.0,095,국토교통부,806259890.0,0.0,554067730.0
01,도로계정,44339000000.0,44339000000.0,20240417,214,교통시설특별회계,2024,52,정부출자수입,11,재산수입,0.0,095,국토교통부,0.0,0.0,0.0
01,도로계정,384000000.0,384000000.0,20240417,214,교통시설특별회계,2024,65,면허료및수수료,13,재화및용역판매수입,0.0,095,국토교통부,0.0,0.0,0.0
01,도로계정,1553000000.0,1553000000.0,20240417,214,교통시설특별회계,2024,69,잡수입,13,재화및용역판매수입,142050340.0,095,국토교통부,142050340.0,0.0,0.0
01,도로계정,1667458000000.0,1667458000000.0,20240417,214,교통시설특별회계,2024,94,예수금,40,정부내부수입및기타,0.0,095,국토교통부,0.0,0.0,0.0
01,도로계정,840636000000.0,840636000000.0,20240417,214,교통시설특별회계,2024,92,예탁원금회수,40,정부내부수입및기타,0.0,095,국토교통부,0.0,0.0,0.0
01,도로계정,32480000000.0,32480000000.0,20240417,214,교통시설특별회계,2024,95,예탁이자수입,40,정부내부수입및기타,7358424860.0,095,국토교통부,7358424860.0,0.0,0.0
01,도로계정,5186160000000.0,5186160000000.0,20240417,214,교통시설특별회계,2024,91,전입금,40,정부내부수입및기타,2088814567790.0,095,국토교통부,2647449582060.0,0.0,558635014270.0
02,철도계정,143000000.0,143000000.0,20240417,214,교통시설특별회계,2024,58,가산금,12,경상이전수입,0.0,095,국토교통부,0.0,0.0,0.0
02,철도계정,16283000000.0,16283000000.0,20240417,214,교통시설특별회계,2024,59,기타경상이전수입,12,경상이전수입,656638960.0,095,국토교통부,664656830.0,0.0,8017870.0
02,철도계정,5933000000.0,5933000000.0,20240417,214,교통시설특별회계,2024,56,"벌금,몰수금및과태료",12,경상이전수입,0.0,095,국토교통부,0.0,0.0,0.0
02,철도계정,251000000.0,251000000.0,20240417,214,교통시설특별회계,2024,57,변상금및위약금,12,경상이전수입,2815720.0,095,국토교통부,3076730.0,0.0,261010.0
02,철도계정,1203000000.0,1203000000.0,20240417,214,교통시설특별회계,2024,71,고정자산매각대,15,관유물매각대,3552581100.0,095,국토교통부,3552581100.0,0.0,0.0
02,철도계정,85000000000.0,85000000000.0,20240417,214,교통시설특별회계,2024,72,토지및무형자산매각대,15,관유물매각대,45968602350.0,095,국토교통부,46989124470.0,692789040.0,1020522120.0
02,철도계정,182563000000.0,182563000000.0,20240417,214,교통시설특별회계,2024,89,세계잉여금이입액,34,세계잉여금,0.0,095,국토교통부,0.0,0.0,0.0
02,철도계정,4276000000.0,4276000000.0,20240417,214,교통시설특별회계,2024,51,관유물대여료,11,재산수입,1467242000.0,095,국토교통부,1467242000.0,0.0,0.0
02,철도계정,2339000000.0,2339000000.0,20240417,214,교통시설특별회계,2024,54,기타이자수입및재산수입,11,재산수입,33667479360.0,095,국토교통부,33668836800.0,0.0,1357440.0
02,철도계정,16819000000.0,16819000000.0,20240417,214,교통시설특별회계,2024,69,잡수입,13,재화및용역판매수입,4790000970.0,095,국토교통부,4790000970.0,0.0,0.0
02,철도계정,4571377000000.0,4571377000000.0,20240417,214,교통시설특별회계,2024,91,전입금,40,정부내부수입및기타,1086231962040.0,095,국토교통부,1503327877980.0,0.0,417095915940.0
01,투자계정,754000000.0,754000000.0,20240417,216,에너지및자원사업특별회계,2024,59,기타경상이전수입,12,경상이전수입,322816400.0,095,국토교통부,501581770.0,0.0,178765370.0
01,투자계정,19000000.0,19000000.0,20240417,216,에너지및자원사업특별회계,2024,54,기타이자수입및재산수입,11,재산수입,47831170.0,095,국토교통부,58583190.0,0.0,10752020.0
00,,18000000.0,18000000.0,20240417,110,일반회계,2024,58,가산금,12,경상이전수입,0.0,095,국토교통부,0.0,0.0,0.0
00,,132218000000.0,132218000000.0,20240417,110,일반회계,2024,59,기타경상이전수입,12,경상이전수입,27590954010.0,095,국토교통부,69292973280.0,0.0,41702019270.0
00,,21531000000.0,21531000000.0,20240417,110,일반회계,2024,56,"벌금,몰수금및과태료",12,경상이전수입,6380271720.0,095,국토교통부,11751790560.0,2080000.0,5371518840.0
00,,1459000000.0,1459000000.0,20240417,110,일반회계,2024,57,변상금및위약금,12,경상이전수입,208375220.0,095,국토교통부,208375220.0,0.0,0.0
00,,463000000.0,463000000.0,20240417,110,일반회계,2024,71,고정자산매각대,15,관유물매각대,0.0,095,국토교통부,0.0,0.0,0.0
00,,2615000000.0,2615000000.0,20240417,110,일반회계,2024,72,토지및무형자산매각대,15,관유물매각대,0.0,095,국토교통부,0.0,0.0,0.0
00,,0.0,0.0,20240417,110,일반회계,2024,99,기타,99,기타,1158640.0,095,국토교통부,1360740.0,0.0,202100.0
00,,2257000000.0,2257000000.0,20240417,110,일반회계,2024,65,면허료및수수료,14,수입대체경비수입,4748180.0,095,국토교통부,5306700.0,28920.0,558520.0
00,,1871000000.0,1871000000.0,20240417,110,일반회계,2024,69,잡수입,14,수입대체경비수입,227953900.0,095,국토교통부,291868000.0,0.0,63914100.0
00,,2036000000.0,2036000000.0,20240417,110,일반회계,2024,51,관유물대여료,11,재산수입,1556659460.0,095,국토교통부,1557800110.0,33960.0,1140650.0
00,,13615000000.0,13615000000.0,20240417,110,일반회계,2024,54,기타이자수입및재산수입,11,재산수입,15861991710.0,095,국토교통부,17966647580.0,0.0,2104655870.0
00,,6416000000.0,6416000000.0,20240417,110,일반회계,2024,65,면허료및수수료,13,재화및용역판매수입,645467110.0,095,국토교통부,650742490.0,0.0,5275380.0
00,,5415000000.0,5415000000.0,20240417,110,일반회계,2024,69,잡수입,13,재화및용역판매수입,6144050.0,095,국토교통부,6876210.0,121720.0,732160.0
00,,55364000000.0,55364000000.0,20240417,506,자동차사고피해지원기금,2024,59,기타경상이전수입,12,경상이전수입,0.0,095,국토교통부,0.0,0.0,0.0
00,,3065000000.0,3065000000.0,20240417,506,자동차사고피해지원기금,2024,54,기타이자수입및재산수입,11,재산수입,0.0,095,국토교통부,0.0,0.0,0.0
00,,100000000000.0,100000000000.0,20240417,506,자동차사고피해지원기금,2024,92,예탁원금회수,40,정부내부수입및기타,0.0,095,국토교통부,0.0,0.0,0.0
00,,5361000000.0,5361000000.0,20240417,506,자동차사고피해지원기금,2024,95,예탁이자수입,40,정부내부수입및기타,0.0,095,국토교통부,0.0,0.0,0.0
00,,101597000000.0,101597000000.0,20240417,506,자동차사고피해지원기금,2024,85,정부예금회수,31,차입금및여유자금회수,0.0,095,국토교통부,0.0,0.0,0.0
02,도시계정,496063000000.0,496063000000.0,20240417,521,주택도시기금,2024,75,융자원금회수,20,융자및전대차관원금회수,0.0,095,국토교통부,0.0,0.0,0.0
02,도시계정,78675000000.0,78675000000.0,20240417,521,주택도시기금,2024,54,기타이자수입및재산수입,11,재산수입,0.0,095,국토교통부,0.0,0.0,0.0
02,도시계정,9000000000.0,9000000000.0,20240417,521,주택도시기금,2024,52,정부출자수입,11,재산수입,0.0,095,국토교통부,0.0,0.0,0.0
02,도시계정,200000000.0,200000000.0,20240417,521,주택도시기금,2024,69,잡수입,13,재화및용역판매수입,0.0,095,국토교통부,0.0,0.0,0.0
02,도시계정,151095000000.0,151095000000.0,20240417,521,주택도시기금,2024,91,전입금,40,정부내부수입및기타,0.0,095,국토교통부,0.0,0.0,0.0
02,도시계정,819059000000.0,819059000000.0,20240417,521,주택도시기금,2024,85,정부예금회수,31,차입금및여유자금회수,0.0,095,국토교통부,0.0,0.0,0.0
01,주택계정,101819000000.0,101819000000.0,20240417,521,주택도시기금,2024,59,기타경상이전수입,12,경상이전수입,0.0,095,국토교통부,0.0,0.0,0.0
01,주택계정,18427277000000.0,18427277000000.0,20240417,521,주택도시기금,2024,75,융자원금회수,20,융자및전대차관원금회수,0.0,095,국토교통부,0.0,0.0,0.0
01,주택계정,22900000000.0,22900000000.0,20240417,521,주택도시기금,2024,78,정부출자주식매각대,20,융자및전대차관원금회수,0.0,095,국토교통부,0.0,0.0,0.0
01,주택계정,3649226000000.0,3649226000000.0,20240417,521,주택도시기금,2024,54,기타이자수입및재산수입,11,재산수입,0.0,095,국토교통부,0.0,0.0,0.0
01,주택계정,670839000000.0,670839000000.0,20240417,521,주택도시기금,2024,52,정부출자수입,11,재산수입,0.0,095,국토교통부,0.0,0.0,0.0
01,주택계정,51826000000.0,51826000000.0,20240417,521,주택도시기금,2024,69,잡수입,13,재화및용역판매수입,0.0,095,국토교통부,0.0,0.0,0.0
01,주택계정,21750000000000.0,21750000000000.0,20240417,521,주택도시기금,2024,94,예수금,40,정부내부수입및기타,0.0,095,국토교통부,0.0,0.0,0.0
01,주택계정,14367539000000.0,14367539000000.0,20240417,521,주택도시기금,2024,92,예탁원금회수,40,정부내부수입및기타,0.0,095,국토교통부,0.0,0.0,0.0
01,주택계정,515531000000.0,515531000000.0,20240417,521,주택도시기금,2024,95,예탁이자수입,40,정부내부수입및기타,0.0,095,국토교통부,0.0,0.0,0.0
01,주택계정,3756022000000.0,3756022000000.0,20240417,521,주택도시기금,2024,91,전입금,40,정부내부수입및기타,0.0,095,국토교통부,0.0,0.0,0.0
01,주택계정,16000000000000.0,16000000000000.0,20240417,521,주택도시기금,2024,81,국공채수입,31,차입금및여유자금회수,0.0,095,국토교통부,0.0,0.0,0.0
01,주택계정,24533209000000.0,24533209000000.0,20240417,521,주택도시기금,2024,85,정부예금회수,31,차입금및여유자금회수,0.0,095,국토교통부,0.0,0.0,0.0
04,세종특별자치시계정,478000000.0,478000000.0,20240417,236,지역균형발전특별회계,2024,59,기타경상이전수입,12,경상이전수입,283077740.0,095,국토교통부,283077740.0,0.0,0.0
04,세종특별자치시계정,5000000.0,5000000.0,20240417,236,지역균형발전특별회계,2024,54,기타이자수입및재산수입,11,재산수입,0.0,095,국토교통부,0.0,0.0,0.0
03,제주특별자치도계정,117000000.0,117000000.0,20240417,236,지역균형발전특별회계,2024,59,기타경상이전수입,12,경상이전수입,0.0,095,국토교통부,0.0,0.0,0.0
03,제주특별자치도계정,16000000.0,16000000.0,20240417,236,지역균형발전특별회계,2024,54,기타이자수입및재산수입,11,재산수입,0.0,095,국토교통부,0.0,0.0,0.0
01,지역자율계정,3944000000.0,3944000000.0,20240417,236,지역균형발전특별회계,2024,58,가산금,12,경상이전수입,11753060.0,095,국토교통부,18706520.0,0.0,6953460.0
01,지역자율계정,291547000000.0,291547000000.0,20240417,236,지역균형발전특별회계,2024,59,기타경상이전수입,12,경상이전수입,60451264040.0,095,국토교통부,65102467490.0,258409760.0,4651203450.0
01,지역자율계정,1000000.0,1000000.0,20240417,236,지역균형발전특별회계,2024,56,"벌금,몰수금및과태료",12,경상이전수입,0.0,095,국토교통부,0.0,0.0,0.0
01,지역자율계정,0.0,0.0,20240417,236,지역균형발전특별회계,2024,99,기타,99,기타,14587688820.0,095,국토교통부,14726629500.0,15500000.0,138940680.0
01,지역자율계정,2000000000.0,2000000000.0,20240417,236,지역균형발전특별회계,2024,54,기타이자수입및재산수입,11,재산수입,284426160.0,095,국토교통부,284426160.0,0.0,0.0
02,지역지원계정,180000000.0,180000000.0,20240417,236,지역균형발전특별회계,2024,58,가산금,12,경상이전수입,0.0,095,국토교통부,0.0,0.0,0.0
02,지역지원계정,271596000000.0,271596000000.0,20240417,236,지역균형발전특별회계,2024,59,기타경상이전수입,12,경상이전수입,31101023720.0,095,국토교통부,32496243180.0,231199170.0,1395219460.0
02,지역지원계정,6000000.0,6000000.0,20240417,236,지역균형발전특별회계,2024,57,변상금및위약금,12,경상이전수입,165150.0,095,국토교통부,422240.0,0.0,257090.0
02,지역지원계정,7500000000.0,7500000000.0,20240417,236,지역균형발전특별회계,2024,72,토지및무형자산매각대,15,관유물매각대,1045471540.0,095,국토교통부,1045471540.0,0.0,0.0
02,지역지원계정,0.0,0.0,20240417,236,지역균형발전특별회계,2024,99,기타,99,기타,779998680.0,095,국토교통부,12254576340.0,43190.0,11474577660.0
02,지역지원계정,369000000.0,369000000.0,20240417,236,지역균형발전특별회계,2024,51,관유물대여료,11,재산수입,2917680.0,095,국토교통부,3112100.0,0.0,194420.0
02,지역지원계정,2662000000.0,2662000000.0,20240417,236,지역균형발전특별회계,2024,54,기타이자수입및재산수입,11,재산수입,2665750520.0,095,국토교통부,2697501850.0,0.0,31751330.0
02,지역지원계정,2000000.0,2000000.0,20240417,236,지역균형발전특별회계,2024,69,잡수입,13,재화및용역판매수입,0.0,095,국토교통부,0.0,0.0,0.0
00,,302000000.0,302000000.0,20240417,233,혁신도시건설특별회계,2024,59,기타경상이전수입,12,경상이전수입,0.0,095,국토교통부,0.0,0.0,0.0
00,,4801000000.0,4801000000.0,20240417,233,혁신도시건설특별회계,2024,89,세계잉여금이입액,34,세계잉여금,0.0,095,국토교통부,0.0,0.0,0.0
00,,2000000.0,2000000.0,20240417,233,혁신도시건설특별회계,2024,51,관유물대여료,11,재산수입,1163930.0,095,국토교통부,1163930.0,0.0,0.0
00,,558194000000.0,558194000000.0,20240417,233,혁신도시건설특별회계,2024,54,기타이자수입및재산수입,11,재산수입,316832000000.0,095,국토교통부,316832000000.0,0.0,0.0
00,,22607000000.0,22607000000.0,20240417,233,혁신도시건설특별회계,2024,91,전입금,40,정부내부수입및기타,5149250000.0,095,국토교통부,6149250000.0,0.0,1000000000.0
00,,1103000000.0,1103000000.0,20240417,110,일반회계,2024,59,기타경상이전수입,12,경상이전수입,180220700.0,006,국회,185296370.0,0.0,5075670.0
00,,36000000.0,36000000.0,20240417,110,일반회계,2024,57,변상금및위약금,12,경상이전수입,0.0,006,국회,0.0,0.0,0.0
00,,57000000.0,57000000.0,20240417,110,일반회계,2024,71,고정자산매각대,15,관유물매각대,4770000.0,006,국회,4770000.0,0.0,0.0
00,,0.0,0.0,20240417,110,일반회계,2024,99,기타,99,기타,89595390.0,006,국회,120245390.0,0.0,30650000.0
00,,427000000.0,427000000.0,20240417,110,일반회계,2024,69,잡수입,14,수입대체경비수입,0.0,006,국회,0.0,0.0,0.0
00,,1802000000.0,1802000000.0,20240417,110,일반회계,2024,51,관유물대여료,11,재산수입,675507820.0,006,국회,690768610.0,0.0,15260790.0
00,,7000000.0,7000000.0,20240417,110,일반회계,2024,54,기타이자수입및재산수입,11,재산수입,531090.0,006,국회,531330.0,0.0,240.0
00,,92000000.0,92000000.0,20240417,110,일반회계,2024,65,면허료및수수료,13,재화및용역판매수입,1100.0,006,국회,1100.0,0.0,0.0
00,,821000000.0,821000000.0,20240417,110,일반회계,2024,69,잡수입,13,재화및용역판매수입,124232040.0,006,국회,135634490.0,0.0,11402450.0
00,,4250000000000.0,4250000000000.0,20240417,585,공적자금상환기금,2024,59,기타경상이전수입,12,경상이전수입,2500000000000.0,079,금융위원회,2500000000000.0,0.0,0.0
00,,30099000000.0,30099000000.0,20240417,585,공적자금상환기금,2024,73,재고자산매각대및유동자산,15,관유물매각대,0.0,079,금융위원회,0.0,0.0,0.0
00,,0.0,0.0,20240417,585,공적자금상환기금,2024,99,기타,99,기타,0.0,079,금융위원회,112873224000.0,0.0,112873224000.0
00,,888000000.0,888000000.0,20240417,585,공적자금상환기금,2024,54,기타이자수입및재산수입,11,재산수입,0.0,079,금융위원회,0.0,0.0,0.0
00,,3992611000000.0,3992611000000.0,20240417,585,공적자금상환기금,2024,94,예수금,40,정부내부수입및기타,0.0,079,금융위원회,0.0,0.0,0.0
00,,2615655000000.0,2615655000000.0,20240417,585,공적자금상환기금,2024,91,전입금,40,정부내부수입및기타,1680200000000.0,079,금융위원회,1680200000000.0,0.0,0.0
00,,391337000000.0,391337000000.0,20240417,573,농림수산업자신용보증기금,2024,59,기타경상이전수입,12,경상이전수입,0.0,079,금융위원회,0.0,0.0,0.0
00,,121000000.0,121000000.0,20240417,573,농림수산업자신용보증기금,2024,57,변상금및위약금,12,경상이전수입,0.0,079,금융위원회,0.0,0.0,0.0
00,,64892000000.0,64892000000.0,20240417,573,농림수산업자신용보증기금,2024,54,기타이자수입및재산수입,11,재산수입,0.0,079,금융위원회,0.0,0.0,0.0
00,,92437000000.0,92437000000.0,20240417,573,농림수산업자신용보증기금,2024,65,면허료및수수료,13,재화및용역판매수입,0.0,079,금융위원회,0.0,0.0,0.0
00,,3849000000.0,3849000000.0,20240417,573,농림수산업자신용보증기금,2024,69,잡수입,13,재화및용역판매수입,0.0,079,금융위원회,0.0,0.0,0.0
00,,30000000000.0,30000000000.0,20240417,573,농림수산업자신용보증기금,2024,91,전입금,40,정부내부수입및기타,0.0,079,금융위원회,0.0,0.0,0.0
00,,50000000000.0,50000000000.0,20240417,573,농림수산업자신용보증기금,2024,84,유가증권매각대,31,차입금및여유자금회수,0.0,079,금융위원회,0.0,0.0,0.0
00,,1387000000000.0,1387000000000.0,20240417,573,농림수산업자신용보증기금,2024,85,정부예금회수,31,차입금및여유자금회수,0.0,079,금융위원회,0.0,0.0,0.0
00,,31463000000.0,31463000000.0,20240417,528,농어가목돈마련저축장려기금,2024,59,기타경상이전수입,12,경상이전수입,0.0,079,금융위원회,0.0,0.0,0.0
00,,0.0,0.0,20240417,528,농어가목돈마련저축장려기금,2024,99,기타,99,기타,22005258660.0,079,금융위원회,35937677000.0,0.0,13932418340.0
00,,118000000.0,118000000.0,20240417,528,농어가목돈마련저축장려기금,2024,54,기타이자수입및재산수입,11,재산수입,0.0,079,금융위원회,0.0,0.0,0.0
00,,31463000000.0,31463000000.0,20240417,528,농어가목돈마련저축장려기금,2024,91,전입금,40,정부내부수입및기타,17000000000.0,079,금융위원회,17000000000.0,0.0,0.0
00,,1065000000.0,1065000000.0,20240417,528,농어가목돈마련저축장려기금,2024,85,정부예금회수,31,차입금및여유자금회수,0.0,079,금융위원회,0.0,0.0,0.0
00,,1972029000000.0,1972029000000.0,20240417,574,신용보증기금,2024,59,기타경상이전수입,12,경상이전수입,0.0,079,금융위원회,0.0,0.0,0.0
00,,271000000.0,271000000.0,20240417,574,신용보증기금,2024,57,변상금및위약금,12,경상이전수입,0.0,079,금융위원회,0.0,0.0,0.0
00,,7000000.0,7000000.0,20240417,574,신용보증기금,2024,71,고정자산매각대,15,관유물매각대,0.0,079,금융위원회,0.0,0.0,0.0
00,,3773000000.0,3773000000.0,20240417,574,신용보증기금,2024,51,관유물대여료,11,재산수입,0.0,079,금융위원회,0.0,0.0,0.0
00,,219055000000.0,219055000000.0,20240417,574,신용보증기금,2024,54,기타이자수입및재산수입,11,재산수입,0.0,079,금융위원회,0.0,0.0,0.0
00,,542000000.0,542000000.0,20240417,574,신용보증기금,2024,52,정부출자수입,11,재산수입,0.0,079,금융위원회,0.0,0.0,0.0
00,,1169700000000.0,1169700000000.0,20240417,574,신용보증기금,2024,65,면허료및수수료,13,재화및용역판매수입,0.0,079,금융위원회,0.0,0.0,0.0
00,,2603000000.0,2603000000.0,20240417,574,신용보증기금,2024,69,잡수입,13,재화및용역판매수입,0.0,079,금융위원회,0.0,0.0,0.0
00,,80000000000.0,80000000000.0,20240417,574,신용보증기금,2024,91,전입금,40,정부내부수입및기타,0.0,079,금융위원회,0.0,0.0,0.0
00,,1481704000000.0,1481704000000.0,20240417,574,신용보증기금,2024,84,유가증권매각대,31,차입금및여유자금회수,0.0,079,금융위원회,0.0,0.0,0.0
00,,6540591000000.0,6540591000000.0,20240417,574,신용보증기금,2024,85,정부예금회수,31,차입금및여유자금회수,0.0,079,금융위원회,0.0,0.0,0.0
00,,2544120000000.0,2544120000000.0,20240417,589,예금보험기금채권상환기금,2024,59,기타경상이전수입,12,경상이전수입,0.0,079,금융위원회,0.0,0.0,0.0
00,,1033172000000.0,1033172000000.0,20240417,589,예금보험기금채권상환기금,2024,73,재고자산매각대및유동자산,15,관유물매각대,0.0,079,금융위원회,0.0,0.0,0.0
00,,101079000000.0,101079000000.0,20240417,589,예금보험기금채권상환기금,2024,54,기타이자수입및재산수입,11,재산수입,0.0,079,금융위원회,0.0,0.0,0.0
00,,191028000000.0,191028000000.0,20240417,589,예금보험기금채권상환기금,2024,52,정부출자수입,11,재산수입,0.0,079,금융위원회,0.0,0.0,0.0
00,,771631000000.0,771631000000.0,20240417,589,예금보험기금채권상환기금,2024,85,정부예금회수,31,차입금및여유자금회수,0.0,079,금융위원회,0.0,0.0,0.0
00,,150000000.0,150000000.0,20240417,110,일반회계,2024,58,가산금,12,경상이전수입,131109120.0,079,금융위원회,132772380.0,0.0,1663260.0
00,,3812000000.0,3812000000.0,20240417,110,일반회계,2024,59,기타경상이전수입,12,경상이전수입,298467210.0,079,금융위원회,298954870.0,0.0,487660.0
00,,85667000000.0,85667000000.0,20240417,110,일반회계,2024,56,"벌금,몰수금및과태료",12,경상이전수입,43200954450.0,079,금융위원회,44017230050.0,0.0,816275600.0
00,,0.0,0.0,20240417,110,일반회계,2024,54,기타이자수입및재산수입,11,재산수입,24518370.0,079,금융위원회,24518370.0,0.0,0.0
00,,0.0,0.0,20240417,110,일반회계,2024,69,잡수입,13,재화및용역판매수입,102660.0,079,금융위원회,299570.0,0.0,196910.0
02,주택담보노후연금보증계정,122467000000.0,122467000000.0,20240417,576,주택금융신용보증기금,2024,59,기타경상이전수입,12,경상이전수입,0.0,079,금융위원회,0.0,0.0,0.0
02,주택담보노후연금보증계정,10811000000.0,10811000000.0,20240417,576,주택금융신용보증기금,2024,54,기타이자수입및재산수입,11,재산수입,0.0,079,금융위원회,0.0,0.0,0.0
02,주택담보노후연금보증계정,212769000000.0,212769000000.0,20240417,576,주택금융신용보증기금,2024,65,면허료및수수료,13,재화및용역판매수입,0.0,079,금융위원회,0.0,0.0,0.0
02,주택담보노후연금보증계정,194235000000.0,194235000000.0,20240417,576,주택금융신용보증기금,2024,84,유가증권매각대,31,차입금및여유자금회수,0.0,079,금융위원회,0.0,0.0,0.0
02,주택담보노후연금보증계정,144500000000.0,144500000000.0,20240417,576,주택금융신용보증기금,2024,85,정부예금회수,31,차입금및여유자금회수,0.0,079,금융위원회,0.0,0.0,0.0
01,주택신용보증계정,1231504000000.0,1231504000000.0,20240417,576,주택금융신용보증기금,2024,59,기타경상이전수입,12,경상이전수입,0.0,079,금융위원회,0.0,0.0,0.0
01,주택신용보증계정,142000000.0,142000000.0,20240417,576,주택금융신용보증기금,2024,57,변상금및위약금,12,경상이전수입,0.0,079,금융위원회,0.0,0.0,0.0
01,주택신용보증계정,169489000000.0,169489000000.0,20240417,576,주택금융신용보증기금,2024,54,기타이자수입및재산수입,11,재산수입,0.0,079,금융위원회,0.0,0.0,0.0
01,주택신용보증계정,174021000000.0,174021000000.0,20240417,576,주택금융신용보증기금,2024,65,면허료및수수료,13,재화및용역판매수입,0.0,079,금융위원회,0.0,0.0,0.0
01,주택신용보증계정,812251000000.0,812251000000.0,20240417,576,주택금융신용보증기금,2024,84,유가증권매각대,31,차입금및여유자금회수,0.0,079,금융위원회,0.0,0.0,0.0
01,주택신용보증계정,1825000000000.0,1825000000000.0,20240417,576,주택금융신용보증기금,2024,85,정부예금회수,31,차입금및여유자금회수,0.0,079,금융위원회,0.0,0.0,0.0
00,,3197000000.0,3197000000.0,20240417,110,일반회계,2024,59,기타경상이전수입,12,경상이전수입,1267638380.0,036,기상청,1285641400.0,0.0,18003020.0
00,,470000000.0,470000000.0,20240417,110,일반회계,2024,57,변상금및위약금,12,경상이전수입,70290460.0,036,기상청,70290460.0,0.0,0.0
00,,40000000.0,40000000.0,20240417,110,일반회계,2024,71,고정자산매각대,15,관유물매각대,0.0,036,기상청,0.0,0.0,0.0
00,,0.0,0.0,20240417,110,일반회계,2024,99,기타,99,기타,2751440.0,036,기상청,2751440.0,0.0,0.0
00,,53000000.0,53000000.0,20240417,110,일반회계,2024,51,관유물대여료,11,재산수입,66337650.0,036,기상청,66862600.0,0.0,524950.0
00,,470000000.0,470000000.0,20240417,110,일반회계,2024,54,기타이자수입및재산수입,11,재산수입,877267100.0,036,기상청,877267100.0,0.0,0.0
00,,4220000000.0,4220000000.0,20240417,110,일반회계,2024,65,면허료및수수료,13,재화및용역판매수입,1060726440.0,036,기상청,1060726440.0,0.0,0.0
00,,50000000.0,50000000.0,20240417,110,일반회계,2024,64,입장료수입,13,재화및용역판매수입,37342600.0,036,기상청,42148100.0,0.0,4805500.0
00,,5000000.0,5000000.0,20240417,110,일반회계,2024,69,잡수입,13,재화및용역판매수입,944610.0,036,기상청,950350.0,0.0,5740.0
02,융자계정,0.0,0.0,20240417,540,공공자금관리기금,2024,99,기타,99,기타,93000000000.0,069,기획재정부,93000000000.0,0.0,0.0
02,융자계정,94427000000.0,94427000000.0,20240417,540,공공자금관리기금,2024,75,융자원금회수,20,융자및전대차관원금회수,2802553410.0,069,기획재정부,19435627980.0,0.0,16633074570.0
02,융자계정,8568000000.0,8568000000.0,20240417,540,공공자금관리기금,2024,54,기타이자수입및재산수입,11,재산수입,50713420.0,069,기획재정부,220193450.0,0.0,169480030.0
02,융자계정,4886000000.0,4886000000.0,20240417,540,공공자금관리기금,2024,92,예탁원금회수,40,정부내부수입및기타,0.0,069,기획재정부,659957250.0,0.0,659957250.0
02,융자계정,237000000.0,237000000.0,20240417,540,공공자금관리기금,2024,95,예탁이자수입,40,정부내부수입및기타,0.0,069,기획재정부,0.0,0.0,0.0
02,융자계정,5217000000.0,5217000000.0,20240417,540,공공자금관리기금,2024,91,전입금,40,정부내부수입및기타,0.0,069,기획재정부,0.0,0.0,0.0
02,융자계정,81294000000.0,81294000000.0,20240417,540,공공자금관리기금,2024,85,정부예금회수,31,차입금및여유자금회수,0.0,069,기획재정부,0.0,0.0,0.0
01,총괄계정,0.0,0.0,20240417,540,공공자금관리기금,2024,99,기타,99,기타,153125610203900.0,069,기획재정부,174695536775980.0,1646400000000.0,21569926572080.0
01,총괄계정,12231000000.0,12231000000.0,20240417,540,공공자금관리기금,2024,75,융자원금회수,20,융자및전대차관원금회수,6297688450.0,069,기획재정부,6297688450.0,0.0,0.0
01,총괄계정,346565000000.0,346565000000.0,20240417,540,공공자금관리기금,2024,54,기타이자수입및재산수입,11,재산수입,34134321650.0,069,기획재정부,36843126670.0,686191420.0,2708805020.0
01,총괄계정,25239870000000.0,25239870000000.0,20240417,540,공공자금관리기금,2024,94,예수금,40,정부내부수입및기타,3996940000000.0,069,기획재정부,4531940000000.0,35000000000.0,535000000000.0
01,총괄계정,112145330000000.0,112145330000000.0,20240417,540,공공자금관리기금,2024,92,예탁원금회수,40,정부내부수입및기타,20651781051300.0,069,기획재정부,22658064147170.0,0.0,2006283095870.0
01,총괄계정,26305907000000.0,26305907000000.0,20240417,540,공공자금관리기금,2024,95,예탁이자수입,40,정부내부수입및기타,22356527049230.0,069,기획재정부,22356531753690.0,0.0,4704460.0
01,총괄계정,158422061000000.0,158422061000000.0,20240417,540,공공자금관리기금,2024,81,국공채수입,31,차입금및여유자금회수,0.0,069,기획재정부,0.0,0.0,0.0
01,총괄계정,100000000.0,100000000.0,20240417,540,공공자금관리기금,2024,85,정부예금회수,31,차입금및여유자금회수,0.0,069,기획재정부,0.0,0.0,0.0
00,,9364000000.0,9364000000.0,20240417,502,국유재산관리기금,2024,59,기타경상이전수입,12,경상이전수입,393723000.0,069,기획재정부,481627430.0,0.0,87904430.0
00,,57596000000.0,57596000000.0,20240417,502,국유재산관리기금,2024,57,변상금및위약금,12,경상이전수입,5696365290.0,069,기획재정부,7936637230.0,0.0,2240271940.0
00,,39272000000.0,39272000000.0,20240417,502,국유재산관리기금,2024,71,고정자산매각대,15,관유물매각대,6902693670.0,069,기획재정부,18088770410.0,0.0,11186076740.0
00,,1734634000000.0,1734634000000.0,20240417,502,국유재산관리기금,2024,72,토지및무형자산매각대,15,관유물매각대,394185198290.0,069,기획재정부,506679992090.0,0.0,112494793800.0
00,,0.0,0.0,20240417,502,국유재산관리기금,2024,99,기타,99,기타,517751059970.0,069,기획재정부,545916871980.0,1504140500.0,28165812010.0
00,,143213000000.0,143213000000.0,20240417,502,국유재산관리기금,2024,51,관유물대여료,11,재산수입,53077841670.0,069,기획재정부,60752889990.0,0.0,7675048320.0
00,,73133000000.0,73133000000.0,20240417,502,국유재산관리기금,2024,54,기타이자수입및재산수입,11,재산수입,13951047560.0,069,기획재정부,22926396740.0,0.0,8975349180.0
00,,475000000000.0,475000000000.0,20240417,502,국유재산관리기금,2024,92,예탁원금회수,40,정부내부수입및기타,350000000000.0,069,기획재정부,350000000000.0,0.0,0.0
00,,83797000000.0,83797000000.0,20240417,502,국유재산관리기금,2024,95,예탁이자수입,40,정부내부수입및기타,11710112020.0,069,기획재정부,11710112020.0,0.0,0.0
00,,654494000000.0,654494000000.0,20240417,502,국유재산관리기금,2024,85,정부예금회수,31,차입금및여유자금회수,0.0,069,기획재정부,0.0,0.0,0.0
00,,2184000000.0,2184000000.0,20240417,50A,기후대응기금,2024,59,기타경상이전수입,12,경상이전수입,8906262670.0,069,기획재정부,13800442780.0,0.0,4894180110.0
00,,0.0,0.0,20240417,50A,기후대응기금,2024,56,"벌금,몰수금및과태료",12,경상이전수입,12413200.0,069,기획재정부,12413200.0,0.0,0.0
00,,0.0,0.0,20240417,50A,기후대응기금,2024,99,기타,99,기타,3155000666620.0,069,기획재정부,3413219691220.0,90242621790.0,258219024600.0
00,,299778000000.0,299778000000.0,20240417,50A,기후대응기금,2024,54,기타이자수입및재산수입,11,재산수입,5039960610.0,069,기획재정부,6225394140.0,0.0,1185433530.0
00,,319910000000.0,319910000000.0,20240417,50A,기후대응기금,2024,94,예수금,40,정부내부수입및기타,150000000000.0,069,기획재정부,150000000000.0,0.0,0.0
00,,1757746000000.0,1757746000000.0,20240417,50A,기후대응기금,2024,91,전입금,40,정부내부수입및기타,661835640000.0,069,기획재정부,864735640000.0,0.0,202900000000.0
00,,12189000000.0,12189000000.0,20240417,50A,기후대응기금,2024,85,정부예금회수,31,차입금및여유자금회수,0.0,069,기획재정부,0.0,0.0,0.0
00,,0.0,0.0,20240417,530,대외경제협력기금,2024,99,기타,99,기타,245617848960.0,069,기획재정부,352211512810.0,103556560.0,106593663850.0
00,,245891000000.0,245891000000.0,20240417,530,대외경제협력기금,2024,75,융자원금회수,20,융자및전대차관원금회수,0.0,069,기획재정부,0.0,0.0,0.0
00,,57710000000.0,57710000000.0,20240417,530,대외경제협력기금,2024,54,기타이자수입및재산수입,11,재산수입,0.0,069,기획재정부,0.0,0.0,0.0
00,,66000000.0,66000000.0,20240417,530,대외경제협력기금,2024,65,면허료및수수료,13,재화및용역판매수입,0.0,069,기획재정부,0.0,0.0,0.0
00,,656249000000.0,656249000000.0,20240417,530,대외경제협력기금,2024,94,예수금,40,정부내부수입및기타,0.0,069,기획재정부,0.0,0.0,0.0
00,,1218749000000.0,1218749000000.0,20240417,530,대외경제협력기금,2024,91,전입금,40,정부내부수입및기타,319000000000.0,069,기획재정부,319000000000.0,0.0,0.0
00,,30081000000.0,30081000000.0,20240417,530,대외경제협력기금,2024,85,정부예금회수,31,차입금및여유자금회수,0.0,069,기획재정부,0.0,0.0,0.0
00,,66146000000.0,66146000000.0,20240417,588,복권기금,2024,59,기타경상이전수입,12,경상이전수입,19324943370.0,069,기획재정부,22325273000.0,1407492930.0,3000329630.0
00,,0.0,0.0,20240417,588,복권기금,2024,57,변상금및위약금,12,경상이전수입,256000000.0,069,기획재정부,256000000.0,0.0,0.0
00,,3806000000.0,3806000000.0,20240417,588,복권기금,2024,54,기타이자수입및재산수입,11,재산수입,4879279910.0,069,기획재정부,5299507020.0,44722050.0,420227110.0
00,,7293039000000.0,7293039000000.0,20240417,588,복권기금,2024,69,잡수입,13,재화및용역판매수입,744993897640.0,069,기획재정부,912994518540.0,54890877670.0,168000620900.0
00,,134811000000.0,134811000000.0,20240417,588,복권기금,2024,94,예수금,40,정부내부수입및기타,36696000000.0,069,기획재정부,50836000000.0,4854000000.0,14140000000.0
00,,74016000000.0,74016000000.0,20240417,588,복권기금,2024,92,예탁원금회수,40,정부내부수입및기타,74016000000.0,069,기획재정부,74016000000.0,0.0,0.0
00,,2020000000.0,2020000000.0,20240417,588,복권기금,2024,95,예탁이자수입,40,정부내부수입및기타,175886310.0,069,기획재정부,175886310.0,0.0,0.0
00,,113453000000.0,113453000000.0,20240417,588,복권기금,2024,91,전입금,40,정부내부수입및기타,77167021300.0,069,기획재정부,77167021300.0,0.0,0.0
00,,670757000000.0,670757000000.0,20240417,588,복권기금,2024,85,정부예금회수,31,차입금및여유자금회수,402672058230.0,069,기획재정부,472265937180.0,19808878490.0,69593878950.0
00,,3065000000.0,3065000000.0,20240417,578,산업기반신용보증기금,2024,59,기타경상이전수입,12,경상이전수입,0.0,069,기획재정부,0.0,0.0,0.0
00,,15740000000.0,15740000000.0,20240417,578,산업기반신용보증기금,2024,54,기타이자수입및재산수입,11,재산수입,0.0,069,기획재정부,0.0,0.0,0.0
00,,22899000000.0,22899000000.0,20240417,578,산업기반신용보증기금,2024,65,면허료및수수료,13,재화및용역판매수입,0.0,069,기획재정부,0.0,0.0,0.0
00,,10000000000.0,10000000000.0,20240417,578,산업기반신용보증기금,2024,91,전입금,40,정부내부수입및기타,0.0,069,기획재정부,0.0,0.0,0.0
00,,761562000000.0,761562000000.0,20240417,578,산업기반신용보증기금,2024,85,정부예금회수,31,차입금및여유자금회수,0.0,069,기획재정부,0.0,0.0,0.0
00,,139952000000.0,139952000000.0,20240417,551,외국환평형기금,2024,59,기타경상이전수입,12,경상이전수입,0.0,069,기획재정부,0.0,0.0,0.0
00,,2602116000000.0,2602116000000.0,20240417,551,외국환평형기금,2024,54,기타이자수입및재산수입,11,재산수입,0.0,069,기획재정부,0.0,0.0,0.0
00,,56720000000.0,56720000000.0,20240417,551,외국환평형기금,2024,52,정부출자수입,11,재산수입,0.0,069,기획재정부,0.0,0.0,0.0
00,,56647550000000.0,56647550000000.0,20240417,551,외국환평형기금,2024,94,예수금,40,정부내부수입및기타,0.0,069,기획재정부,0.0,0.0,0.0
00,,19690000000000.0,19690000000000.0,20240417,551,외국환평형기금,2024,81,국공채수입,31,차입금및여유자금회수,0.0,069,기획재정부,0.0,0.0,0.0
00,,125983811000000.0,125983811000000.0,20240417,551,외국환평형기금,2024,85,정부예금회수,31,차입금및여유자금회수,0.0,069,기획재정부,0.0,0.0,0.0
00,,1000000.0,1000000.0,20240417,110,일반회계,2024,58,가산금,12,경상이전수입,0.0,069,기획재정부,0.0,0.0,0.0
00,,12525360000.0,12525360000.0,20240417,110,일반회계,2024,59,기타경상이전수입,12,경상이전수입,494885260.0,069,기획재정부,6663753210.0,0.0,6168867950.0
00,,171000000.0,171000000.0,20240417,110,일반회계,2024,56,"벌금,몰수금및과태료",12,경상이전수입,3500000.0,069,기획재정부,18500000.0,0.0,15000000.0
00,,2000000.0,2000000.0,20240417,110,일반회계,2024,57,변상금및위약금,12,경상이전수입,0.0,069,기획재정부,0.0,0.0,0.0
00,,8906500000000.0,8906500000000.0,20240417,110,일반회계,2024,31,관세,02,관세,0.0,069,기획재정부,0.0,0.0,0.0
00,,53354000000.0,53354000000.0,20240417,110,일반회계,2024,73,재고자산매각대및유동자산,15,관유물매각대,2228133640.0,069,기획재정부,2228133640.0,0.0,0.0
00,,6162500000000.0,6162500000000.0,20240417,110,일반회계,2024,34,교육세,06,교육세,61870460.0,069,기획재정부,74716700.0,2993630.0,12846240.0
00,,15325800000000.0,15325800000000.0,20240417,110,일반회계,2024,33,교통·에너지·환경세,04,교통·에너지·환경세,0.0,069,기획재정부,0.0,0.0,0.0
00,,0.0,0.0,20240417,110,일반회계,2024,99,기타,99,기타,38769503263690.0,069,기획재정부,45793192643360.0,4025410.0,7023689379670.0
00,,10194500000000.0,10194500000000.0,20240417,110,일반회계,2024,22,개별소비세,01,내국세,0.0,069,기획재정부,0.0,0.0,0.0
00,,5696900000000.0,5696900000000.0,20240417,110,일반회계,2024,27,기타내국세,01,내국세,0.0,069,기획재정부,0.0,0.0,0.0
00,,77664900000000.0,77664900000000.0,20240417,110,일반회계,2024,12,법인세,01,내국세,0.0,069,기획재정부,0.0,0.0,0.0
00,,81406800000000.0,81406800000000.0,20240417,110,일반회계,2024,21,부가가치세,01,내국세,0.0,069,기획재정부,0.0,0.0,0.0
00,,14656600000000.0,14656600000000.0,20240417,110,일반회계,2024,15,상속세,01,내국세,0.0,069,기획재정부,0.0,0.0,0.0
00,,125760500000000.0,125760500000000.0,20240417,110,일반회계,2024,11,소득세,01,내국세,341919730.0,069,기획재정부,467165720.0,0.0,125245990.0
00,,850500000000.0,850500000000.0,20240417,110,일반회계,2024,26,인지세,01,내국세,41820819170.0,069,기획재정부,57991043310.0,0.0,16170224140.0
00,,5382900000000.0,5382900000000.0,20240417,110,일반회계,2024,25,증권거래세,01,내국세,0.0,069,기획재정부,0.0,0.0,0.0
00,,1632251000000.0,1632251000000.0,20240417,110,일반회계,2024,54,기타이자수입및재산수입,11,재산수입,922151358340.0,069,기획재정부,922951545640.0,0.0,800187300.0
00,,982344000000.0,982344000000.0,20240417,110,일반회계,2024,52,정부출자수입,11,재산수입,182579090950.0,069,기획재정부,185590957310.0,0.0,3011866360.0
00,,2000000.0,2000000.0,20240417,110,일반회계,2024,69,잡수입,13,재화및용역판매수입,995380.0,069,기획재정부,995380.0,0.0,0.0
00,,81676517000000.0,81676517000000.0,20240417,110,일반회계,2024,94,예수금,40,정부내부수입및기타,0.0,069,기획재정부,0.0,0.0,0.0
00,,334865000000.0,334865000000.0,20240417,110,일반회계,2024,91,전입금,40,정부내부수입및기타,0.0,069,기획재정부,0.0,0.0,0.0
00,,4109800000000.0,4109800000000.0,20240417,110,일반회계,2024,39,종합부동산세,09,종합부동산세,0.0,069,기획재정부,0.0,0.0,0.0
04,세종특별자치시계정,7747000000.0,7747000000.0,20240417,236,지역균형발전특별회계,2024,89,세계잉여금이입액,34,세계잉여금,0.0,069,기획재정부,0.0,0.0,0.0
04,세종특별자치시계정,45735000000.0,45735000000.0,20240417,236,지역균형발전특별회계,2024,91,전입금,40,정부내부수입및기타,23967300000.0,069,기획재정부,31347300000.0,0.0,7380000000.0
03,제주특별자치도계정,5953000000.0,5953000000.0,20240417,236,지역균형발전특별회계,2024,89,세계잉여금이입액,34,세계잉여금,0.0,069,기획재정부,0.0,0.0,0.0
03,제주특별자치도계정,286810000000.0,286810000000.0,20240417,236,지역균형발전특별회계,2024,91,전입금,40,정부내부수입및기타,127798000000.0,069,기획재정부,127798000000.0,0.0,0.0
01,지역자율계정,1430360000000.0,1430360000000.0,20240417,236,지역균형발전특별회계,2024,23,주세,01,내국세,0.0,069,기획재정부,0.0,0.0,0.0
01,지역자율계정,7766000000.0,7766000000.0,20240417,236,지역균형발전특별회계,2024,89,세계잉여금이입액,34,세계잉여금,0.0,069,기획재정부,0.0,0.0,0.0
01,지역자율계정,1515479000000.0,1515479000000.0,20240417,236,지역균형발전특별회계,2024,91,전입금,40,정부내부수입및기타,321995250000.0,069,기획재정부,321995250000.0,0.0,0.0
02,지역지원계정,2145540000000.0,2145540000000.0,20240417,236,지역균형발전특별회계,2024,23,주세,01,내국세,0.0,069,기획재정부,0.0,0.0,0.0
02,지역지원계정,7596826000000.0,7596826000000.0,20240417,236,지역균형발전특별회계,2024,91,전입금,40,정부내부수입및기타,3293407953670.0,069,기획재정부,3310395953670.0,0.0,16988000000.0
00,,123118000000.0,123118000000.0,20240417,511,농산물가격안정기금,2024,59,기타경상이전수입,12,경상이전수입,3956418930.0,089,농림축산식품부,4571996870.0,0.0,615577940.0
00,,32000000.0,32000000.0,20240417,511,농산물가격안정기금,2024,56,"벌금,몰수금및과태료",12,경상이전수입,0.0,089,농림축산식품부,0.0,0.0,0.0
00,,2575000000.0,2575000000.0,20240417,511,농산물가격안정기금,2024,57,변상금및위약금,12,경상이전수입,2068671070.0,089,농림축산식품부,2071215440.0,0.0,2544370.0
00,,773459000000.0,773459000000.0,20240417,511,농산물가격안정기금,2024,73,재고자산매각대및유동자산,15,관유물매각대,65612852370.0,089,농림축산식품부,65619790410.0,0.0,6938040.0
00,,0.0,0.0,20240417,511,농산물가격안정기금,2024,99,기타,99,기타,163422272810.0,089,농림축산식품부,185644343880.0,0.0,22222071070.0
00,,0.0,0.0,20240417,511,농산물가격안정기금,2024,69,잡수입,14,수입대체경비수입,2574520.0,089,농림축산식품부,2574520.0,0.0,0.0
00,,1363969000000.0,1363969000000.0,20240417,511,농산물가격안정기금,2024,75,융자원금회수,20,융자및전대차관원금회수,67112874600.0,089,농림축산식품부,146958471230.0,0.0,79845596630.0
00,,45000000.0,45000000.0,20240417,511,농산물가격안정기금,2024,51,관유물대여료,11,재산수입,83126730.0,089,농림축산식품부,83126730.0,0.0,0.0
00,,11204000000.0,11204000000.0,20240417,511,농산물가격안정기금,2024,54,기타이자수입및재산수입,11,재산수입,2461331690.0,089,농림축산식품부,3254299020.0,0.0,792967330.0
00,,0.0,0.0,20240417,511,농산물가격안정기금,2024,69,잡수입,13,재화및용역판매수입,58546670.0,089,농림축산식품부,59717670.0,0.0,1171000.0
00,,120368000000.0,120368000000.0,20240417,511,농산물가격안정기금,2024,85,정부예금회수,31,차입금및여유자금회수,0.0,089,농림축산식품부,0.0,0.0,0.0
00,,23000000.0,23000000.0,20240417,598,농어업재해재보험기금,2024,59,기타경상이전수입,12,경상이전수입,0.0,089,농림축산식품부,33339240.0,0.0,33339240.0
00,,0.0,0.0,20240417,598,농어업재해재보험기금,2024,99,기타,99,기타,119685322460.0,089,농림축산식품부,119841065460.0,0.0,155743000.0
00,,10010000000.0,10010000000.0,20240417,598,농어업재해재보험기금,2024,54,기타이자수입및재산수입,11,재산수입,0.0,089,농림축산식품부,162720.0,0.0,162720.0
00,,148499000000.0,148499000000.0,20240417,598,농어업재해재보험기금,2024,65,면허료및수수료,13,재화및용역판매수입,1271090230.0,089,농림축산식품부,1271090230.0,0.0,0.0
00,,211840000000.0,211840000000.0,20240417,598,농어업재해재보험기금,2024,85,정부예금회수,31,차입금및여유자금회수,0.0,089,농림축산식품부,0.0,0.0,0.0
01,구조개선사업계정,61780000000.0,61780000000.0,20240417,213,농어촌구조개선특별회계,2024,59,기타경상이전수입,12,경상이전수입,15781625060.0,089,농림축산식품부,18760544330.0,249344470.0,2978919270.0
01,구조개선사업계정,4000000.0,4000000.0,20240417,213,농어촌구조개선특별회계,2024,56,"벌금,몰수금및과태료",12,경상이전수입,0.0,089,농림축산식품부,0.0,0.0,0.0
01,구조개선사업계정,71000000.0,71000000.0,20240417,213,농어촌구조개선특별회계,2024,57,변상금및위약금,12,경상이전수입,0.0,089,농림축산식품부,602000.0,0.0,602000.0
01,구조개선사업계정,16000000.0,16000000.0,20240417,213,농어촌구조개선특별회계,2024,71,고정자산매각대,15,관유물매각대,0.0,089,농림축산식품부,0.0,0.0,0.0
01,구조개선사업계정,7000000.0,7000000.0,20240417,213,농어촌구조개선특별회계,2024,73,재고자산매각대및유동자산,15,관유물매각대,3000000.0,089,농림축산식품부,3000000.0,0.0,0.0
01,구조개선사업계정,0.0,0.0,20240417,213,농어촌구조개선특별회계,2024,99,기타,99,기타,0.0,089,농림축산식품부,3441730.0,0.0,3441730.0
01,구조개선사업계정,84010000000.0,84010000000.0,20240417,213,농어촌구조개선특별회계,2024,75,융자원금회수,20,융자및전대차관원금회수,8058556610.0,089,농림축산식품부,8576097570.0,0.0,517540960.0
01,구조개선사업계정,3983000000.0,3983000000.0,20240417,213,농어촌구조개선특별회계,2024,54,기타이자수입및재산수입,11,재산수입,7364348910.0,089,농림축산식품부,7894602020.0,145242300.0,530253110.0
01,구조개선사업계정,199000000.0,199000000.0,20240417,213,농어촌구조개선특별회계,2024,65,면허료및수수료,13,재화및용역판매수입,56848400.0,089,농림축산식품부,70797400.0,0.0,13949000.0
01,구조개선사업계정,51000000.0,51000000.0,20240417,213,농어촌구조개선특별회계,2024,69,잡수입,13,재화및용역판매수입,10371950.0,089,농림축산식품부,10371950.0,0.0,0.0
01,구조개선사업계정,6123010000000.0,6123010000000.0,20240417,213,농어촌구조개선특별회계,2024,91,전입금,40,정부내부수입및기타,1858039000000.0,089,농림축산식품부,2413039000000.0,0.0,555000000000.0
02,농어촌특별세사업계정,58231000000.0,58231000000.0,20240417,213,농어촌구조개선특별회계,2024,59,기타경상이전수입,12,경상이전수입,5894037520.0,089,농림축산식품부,9306796430.0,0.0,3412758910.0
02,농어촌특별세사업계정,0.0,0.0,20240417,213,농어촌구조개선특별회계,2024,99,기타,99,기타,271577198350.0,089,농림축산식품부,331334902820.0,4570888670.0,59757704470.0
02,농어촌특별세사업계정,7619900000000.0,7619900000000.0,20240417,213,농어촌구조개선특별회계,2024,37,농어촌특별세,08,농어촌특별세,0.0,089,농림축산식품부,0.0,0.0,0.0
02,농어촌특별세사업계정,362586000000.0,362586000000.0,20240417,213,농어촌구조개선특별회계,2024,89,세계잉여금이입액,34,세계잉여금,0.0,089,농림축산식품부,0.0,0.0,0.0
02,농어촌특별세사업계정,2715000000.0,2715000000.0,20240417,213,농어촌구조개선특별회계,2024,75,융자원금회수,20,융자및전대차관원금회수,740103540.0,089,농림축산식품부,740103540.0,0.0,0.0
02,농어촌특별세사업계정,2193000000.0,2193000000.0,20240417,213,농어촌구조개선특별회계,2024,54,기타이자수입및재산수입,11,재산수입,304641230.0,089,농림축산식품부,581995260.0,0.0,277354030.0
02,농어촌특별세사업계정,171797000000.0,171797000000.0,20240417,213,농어촌구조개선특별회계,2024,91,전입금,40,정부내부수입및기타,0.0,089,농림축산식품부,0.0,0.0,0.0
00,,1990000000.0,1990000000.0,20240417,509,농업·농촌공익기능증진직접지불기금,2024,59,기타경상이전수입,12,경상이전수입,17377551080.0,089,농림축산식품부,17377644570.0,93490.0,93490.0
00,,2000000000.0,2000000000.0,20240417,509,농업·농촌공익기능증진직접지불기금,2024,56,"벌금,몰수금및과태료",12,경상이전수입,0.0,089,농림축산식품부,0.0,0.0,0.0
00,,0.0,0.0,20240417,509,농업·농촌공익기능증진직접지불기금,2024,99,기타,99,기타,28320783690.0,089,농림축산식품부,29444000350.0,0.0,1123216660.0
00,,800000000.0,800000000.0,20240417,509,농업·농촌공익기능증진직접지불기금,2024,54,기타이자수입및재산수입,11,재산수입,80825570.0,089,농림축산식품부,81649440.0,0.0,823870.0
00,,2987213000000.0,2987213000000.0,20240417,509,농업·농촌공익기능증진직접지불기금,2024,91,전입금,40,정부내부수입및기타,48963000000.0,089,농림축산식품부,48963000000.0,0.0,0.0
00,,27396000000.0,27396000000.0,20240417,509,농업·농촌공익기능증진직접지불기금,2024,85,정부예금회수,31,차입금및여유자금회수,0.0,089,농림축산식품부,0.0,0.0,0.0
00,,2024000000.0,2024000000.0,20240417,534,농지관리기금,2024,58,가산금,12,경상이전수입,0.0,089,농림축산식품부,0.0,0.0,0.0
00,,1057730000000.0,1057730000000.0,20240417,534,농지관리기금,2024,59,기타경상이전수입,12,경상이전수입,559144560.0,089,농림축산식품부,559144560.0,0.0,0.0
00,,23499000000.0,23499000000.0,20240417,534,농지관리기금,2024,73,재고자산매각대및유동자산,15,관유물매각대,0.0,089,농림축산식품부,0.0,0.0,0.0
00,,460360000000.0,460360000000.0,20240417,534,농지관리기금,2024,75,융자원금회수,20,융자및전대차관원금회수,0.0,089,농림축산식품부,0.0,0.0,0.0
00,,12256000000.0,12256000000.0,20240417,534,농지관리기금,2024,51,관유물대여료,11,재산수입,0.0,089,농림축산식품부,0.0,0.0,0.0
00,,141700000000.0,141700000000.0,20240417,534,농지관리기금,2024,54,기타이자수입및재산수입,11,재산수입,168907700.0,089,농림축산식품부,168907700.0,0.0,0.0
00,,1822634000000.0,1822634000000.0,20240417,534,농지관리기금,2024,92,예탁원금회수,40,정부내부수입및기타,750000000000.0,089,농림축산식품부,750000000000.0,0.0,0.0
00,,68286000000.0,68286000000.0,20240417,534,농지관리기금,2024,95,예탁이자수입,40,정부내부수입및기타,9731773420.0,089,농림축산식품부,9731773420.0,0.0,0.0
00,,417841000000.0,417841000000.0,20240417,534,농지관리기금,2024,85,정부예금회수,31,차입금및여유자금회수,925622657800.0,089,농림축산식품부,988560688800.0,0.0,62938031000.0
02,손익계정,6609000000.0,6609000000.0,20240417,310,양곡관리특별회계,2024,59,기타경상이전수입,12,경상이전수입,10057021070.0,089,농림축산식품부,10093110980.0,0.0,36089910.0
02,손익계정,537894000000.0,537894000000.0,20240417,310,양곡관리특별회계,2024,41,양곡사업수입,10,기업특별회계영업수입,131868888190.0,089,농림축산식품부,155166156360.0,1231327630.0,23297268170.0
02,손익계정,0.0,0.0,20240417,310,양곡관리특별회계,2024,99,기타,99,기타,397615500.0,089,농림축산식품부,416066000.0,18162500.0,18450500.0
02,손익계정,27439000000.0,27439000000.0,20240417,310,양곡관리특별회계,2024,89,세계잉여금이입액,34,세계잉여금,0.0,089,농림축산식품부,0.0,0.0,0.0
02,손익계정,0.0,0.0,20240417,310,양곡관리특별회계,2024,54,기타이자수입및재산수입,11,재산수입,5009958310.0,089,농림축산식품부,5075090260.0,0.0,65131950.0
02,손익계정,9754000000.0,9754000000.0,20240417,310,양곡관리특별회계,2024,69,잡수입,13,재화및용역판매수입,846195570.0,089,농림축산식품부,859348740.0,0.0,13153170.0
02,손익계정,2164323000000.0,2164323000000.0,20240417,310,양곡관리특별회계,2024,91,전입금,40,정부내부수입및기타,503800000000.0,089,농림축산식품부,700600000000.0,0.0,196800000000.0
00,,287000000.0,287000000.0,20240417,510,양곡증권정리기금,2024,54,기타이자수입및재산수입,11,재산수입,0.0,089,농림축산식품부,0.0,0.0,0.0
00,,1350192000000.0,1350192000000.0,20240417,510,양곡증권정리기금,2024,94,예수금,40,정부내부수입및기타,0.0,089,농림축산식품부,0.0,0.0,0.0
00,,160902000000.0,160902000000.0,20240417,510,양곡증권정리기금,2024,91,전입금,40,정부내부수입및기타,6700000000.0,089,농림축산식품부,6700000000.0,0.0,0.0
00,,19715000000.0,19715000000.0,20240417,510,양곡증권정리기금,2024,85,정부예금회수,31,차입금및여유자금회수,0.0,089,농림축산식품부,0.0,0.0,0.0
02,융자계정,21481000000.0,21481000000.0,20240417,216,에너지및자원사업특별회계,2024,75,융자원금회수,20,융자및전대차관원금회수,877745960.0,089,농림축산식품부,1272629260.0,0.0,394883300.0
02,융자계정,533000000.0,533000000.0,20240417,216,에너지및자원사업특별회계,2024,54,기타이자수입및재산수입,11,재산수입,90640.0,089,농림축산식품부,90640.0,0.0,0.0
01,투자계정,20911000000.0,20911000000.0,20240417,216,에너지및자원사업특별회계,2024,59,기타경상이전수입,12,경상이전수입,142301880.0,089,농림축산식품부,193624640.0,0.0,51322760.0
01,투자계정,122000000.0,122000000.0,20240417,216,에너지및자원사업특별회계,2024,54,기타이자수입및재산수입,11,재산수입,7701070.0,089,농림축산식품부,7701070.0,0.0,0.0
00,,33000000.0,33000000.0,20240417,110,일반회계,2024,58,가산금,12,경상이전수입,0.0,089,농림축산식품부,0.0,0.0,0.0
00,,13922000000.0,13922000000.0,20240417,110,일반회계,2024,59,기타경상이전수입,12,경상이전수입,360446680.0,089,농림축산식품부,384674310.0,0.0,24227630.0
00,,2075000000.0,2075000000.0,20240417,110,일반회계,2024,56,"벌금,몰수금및과태료",12,경상이전수입,389960750.0,089,농림축산식품부,431430200.0,3092870.0,41469450.0
00,,878000000.0,878000000.0,20240417,110,일반회계,2024,57,변상금및위약금,12,경상이전수입,2147750.0,089,농림축산식품부,2147750.0,0.0,0.0
00,,50000000.0,50000000.0,20240417,110,일반회계,2024,71,고정자산매각대,15,관유물매각대,0.0,089,농림축산식품부,0.0,0.0,0.0
00,,5000000.0,5000000.0,20240417,110,일반회계,2024,73,재고자산매각대및유동자산,15,관유물매각대,0.0,089,농림축산식품부,0.0,0.0,0.0
00,,1000000.0,1000000.0,20240417,110,일반회계,2024,72,토지및무형자산매각대,15,관유물매각대,1927066510.0,089,농림축산식품부,1927066510.0,0.0,0.0
00,,0.0,0.0,20240417,110,일반회계,2024,99,기타,99,기타,112613020.0,089,농림축산식품부,136793020.0,4080000.0,24180000.0
00,,428000000.0,428000000.0,20240417,110,일반회계,2024,66,입학금및수업료,14,수입대체경비수입,162925000.0,089,농림축산식품부,162925000.0,0.0,0.0
00,,773000000.0,773000000.0,20240417,110,일반회계,2024,69,잡수입,14,수입대체경비수입,0.0,089,농림축산식품부,0.0,0.0,0.0
00,,728000000.0,728000000.0,20240417,110,일반회계,2024,51,관유물대여료,11,재산수입,94275670.0,089,농림축산식품부,94275670.0,0.0,0.0
00,,136000000.0,136000000.0,20240417,110,일반회계,2024,54,기타이자수입및재산수입,11,재산수입,360007050.0,089,농림축산식품부,360007050.0,0.0,0.0
00,,2000000000.0,2000000000.0,20240417,110,일반회계,2024,65,면허료및수수료,13,재화및용역판매수입,494088770.0,089,농림축산식품부,611400670.0,2995000.0,117311900.0
00,,14000000.0,14000000.0,20240417,110,일반회계,2024,68,실습수입,13,재화및용역판매수입,0.0,089,농림축산식품부,0.0,0.0,0.0
00,,38000000.0,38000000.0,20240417,110,일반회계,2024,66,입학금및수업료,13,재화및용역판매수입,2494630.0,089,농림축산식품부,2494630.0,0.0,0.0
00,,135000000.0,135000000.0,20240417,110,일반회계,2024,69,잡수입,13,재화및용역판매수입,17279280.0,089,농림축산식품부,17356460.0,0.0,77180.0
00,,136844000000.0,136844000000.0,20240417,587,자유무역협정이행지원기금,2024,59,기타경상이전수입,12,경상이전수입,3616956200.0,089,농림축산식품부,23182491620.0,19565072220.0,19565535420.0
00,,0.0,0.0,20240417,587,자유무역협정이행지원기금,2024,57,변상금및위약금,12,경상이전수입,0.0,089,농림축산식품부,432440000.0,432440000.0,432440000.0
00,,0.0,0.0,20240417,587,자유무역협정이행지원기금,2024,99,기타,99,기타,149354448910.0,089,농림축산식품부,171610967440.0,0.0,22256518530.0
00,,264978000000.0,264978000000.0,20240417,587,자유무역협정이행지원기금,2024,75,융자원금회수,20,융자및전대차관원금회수,67004866400.0,089,농림축산식품부,86244045580.0,0.0,19239179180.0
00,,29085000000.0,29085000000.0,20240417,587,자유무역협정이행지원기금,2024,54,기타이자수입및재산수입,11,재산수입,367326720.0,089,농림축산식품부,963026650.0,208719320.0,595699930.0
00,,157659000000.0,157659000000.0,20240417,587,자유무역협정이행지원기금,2024,85,정부예금회수,31,차입금및여유자금회수,0.0,089,농림축산식품부,0.0,0.0,0.0
01,지역자율계정,10899000000.0,10899000000.0,20240417,236,지역균형발전특별회계,2024,59,기타경상이전수입,12,경상이전수입,750971080.0,089,농림축산식품부,750971080.0,0.0,0.0
01,지역자율계정,391000000.0,391000000.0,20240417,236,지역균형발전특별회계,2024,54,기타이자수입및재산수입,11,재산수입,27817810.0,089,농림축산식품부,27817810.0,0.0,0.0
02,지역지원계정,532000000.0,532000000.0,20240417,236,지역균형발전특별회계,2024,59,기타경상이전수입,12,경상이전수입,0.0,089,농림축산식품부,0.0,0.0,0.0
00,,141893000000.0,141893000000.0,20240417,560,축산발전기금,2024,59,기타경상이전수입,12,경상이전수입,56424373000.0,089,농림축산식품부,119302301530.0,3850000.0,62877928530.0
00,,0.0,0.0,20240417,560,축산발전기금,2024,57,변상금및위약금,12,경상이전수입,0.0,089,농림축산식품부,89280.0,0.0,89280.0
00,,864000000.0,864000000.0,20240417,560,축산발전기금,2024,71,고정자산매각대,15,관유물매각대,188843020.0,089,농림축산식품부,188843020.0,0.0,0.0
00,,31713000000.0,31713000000.0,20240417,560,축산발전기금,2024,73,재고자산매각대및유동자산,15,관유물매각대,4759077920.0,089,농림축산식품부,6168628920.0,0.0,1409551000.0
00,,287291000000.0,287291000000.0,20240417,560,축산발전기금,2024,75,융자원금회수,20,융자및전대차관원금회수,62767646390.0,089,농림축산식품부,95977326190.0,0.0,33209679800.0
00,,14000000.0,14000000.0,20240417,560,축산발전기금,2024,51,관유물대여료,11,재산수입,0.0,089,농림축산식품부,6786350.0,0.0,6786350.0
00,,13815000000.0,13815000000.0,20240417,560,축산발전기금,2024,54,기타이자수입및재산수입,11,재산수입,5215725490.0,089,농림축산식품부,5230480130.0,0.0,14754640.0
00,,250000000000.0,250000000000.0,20240417,560,축산발전기금,2024,94,예수금,40,정부내부수입및기타,90000000000.0,089,농림축산식품부,90000000000.0,0.0,0.0
00,,145500000000.0,145500000000.0,20240417,560,축산발전기금,2024,91,전입금,40,정부내부수입및기타,50000000000.0,089,농림축산식품부,95500000000.0,0.0,45500000000.0
00,,90997000000.0,90997000000.0,20240417,560,축산발전기금,2024,85,정부예금회수,31,차입금및여유자금회수,348945840180.0,089,농림축산식품부,348983046940.0,0.0,37206760.0
00,,0.0,0.0,20240417,233,혁신도시건설특별회계,2024,51,관유물대여료,11,재산수입,1701170.0,089,농림축산식품부,3078250.0,0.0,1377080.0
01,구조개선사업계정,1084000000.0,1084000000.0,20240417,213,농어촌구조개선특별회계,2024,59,기타경상이전수입,12,경상이전수입,42420390.0,029,농촌진흥청,50141090.0,0.0,7720700.0
01,구조개선사업계정,34000000.0,34000000.0,20240417,213,농어촌구조개선특별회계,2024,54,기타이자수입및재산수입,11,재산수입,5099370.0,029,농촌진흥청,5099370.0,0.0,0.0
00,,7216000000.0,7216000000.0,20240417,110,일반회계,2024,59,기타경상이전수입,12,경상이전수입,2232018420.0,029,농촌진흥청,2288506330.0,0.0,56487910.0
00,,4000000.0,4000000.0,20240417,110,일반회계,2024,56,"벌금,몰수금및과태료",12,경상이전수입,13561000.0,029,농촌진흥청,13561000.0,0.0,0.0
00,,119000000.0,119000000.0,20240417,110,일반회계,2024,57,변상금및위약금,12,경상이전수입,0.0,029,농촌진흥청,0.0,0.0,0.0
00,,100000000.0,100000000.0,20240417,110,일반회계,2024,71,고정자산매각대,15,관유물매각대,1315800.0,029,농촌진흥청,1315800.0,0.0,0.0
00,,0.0,0.0,20240417,110,일반회계,2024,99,기타,99,기타,0.0,029,농촌진흥청,100000.0,0.0,100000.0
00,,78000000.0,78000000.0,20240417,110,일반회계,2024,65,면허료및수수료,14,수입대체경비수입,0.0,029,농촌진흥청,0.0,0.0,0.0
00,,77000000.0,77000000.0,20240417,110,일반회계,2024,51,관유물대여료,11,재산수입,55760490.0,029,농촌진흥청,55793180.0,0.0,32690.0
00,,642000000.0,642000000.0,20240417,110,일반회계,2024,54,기타이자수입및재산수입,11,재산수입,790009140.0,029,농촌진흥청,822582580.0,32409350.0,32573440.0
00,,29000000.0,29000000.0,20240417,110,일반회계,2024,65,면허료및수수료,13,재화및용역판매수입,973000.0,029,농촌진흥청,973000.0,0.0,0.0
00,,3164000000.0,3164000000.0,20240417,110,일반회계,2024,68,실습수입,13,재화및용역판매수입,611401290.0,029,농촌진흥청,765159450.0,38377730.0,153758160.0
00,,293000000.0,293000000.0,20240417,110,일반회계,2024,69,잡수입,13,재화및용역판매수입,35084100.0,029,농촌진흥청,37145200.0,0.0,2061100.0
04,세종특별자치시계정,2000000.0,2000000.0,20240417,236,지역균형발전특별회계,2024,59,기타경상이전수입,12,경상이전수입,0.0,029,농촌진흥청,0.0,0.0,0.0
03,제주특별자치도계정,52000000.0,52000000.0,20240417,236,지역균형발전특별회계,2024,59,기타경상이전수입,12,경상이전수입,0.0,029,농촌진흥청,0.0,0.0,0.0
03,제주특별자치도계정,1000000.0,1000000.0,20240417,236,지역균형발전특별회계,2024,54,기타이자수입및재산수입,11,재산수입,0.0,029,농촌진흥청,0.0,0.0,0.0
01,지역자율계정,1828000000.0,1828000000.0,20240417,236,지역균형발전특별회계,2024,59,기타경상이전수입,12,경상이전수입,215209070.0,029,농촌진흥청,215209070.0,0.0,0.0
01,지역자율계정,17000000.0,17000000.0,20240417,236,지역균형발전특별회계,2024,54,기타이자수입및재산수입,11,재산수입,507580.0,029,농촌진흥청,507580.0,0.0,0.0
02,지역지원계정,0.0,0.0,20240417,236,지역균형발전특별회계,2024,56,기타,12,경상이전수입,8750000.0,029,농촌진흥청,8750000.0,0.0,0.0
02,지역지원계정,530000000.0,530000000.0,20240417,236,지역균형발전특별회계,2024,59,기타경상이전수입,12,경상이전수입,70902970.0,029,농촌진흥청,126825890.0,0.0,55922920.0
02,지역지원계정,16000000.0,16000000.0,20240417,236,지역균형발전특별회계,2024,54,기타이자수입및재산수입,11,재산수입,5941430.0,029,농촌진흥청,6627490.0,0.0,686060.0
00,,20000000.0,20000000.0,20240417,215,등기특별회계,2024,59,기타경상이전수입,12,경상이전수입,262470.0,007,대법원,283380.0,0.0,20910.0
00,,954000000.0,954000000.0,20240417,215,등기특별회계,2024,71,고정자산매각대,15,관유물매각대,0.0,007,대법원,0.0,0.0,0.0
00,,10702000000.0,10702000000.0,20240417,215,등기특별회계,2024,72,토지및무형자산매각대,15,관유물매각대,0.0,007,대법원,0.0,0.0,0.0
00,,0.0,0.0,20240417,215,등기특별회계,2024,99,기타,99,기타,55801238080.0,007,대법원,70255669690.0,173517730.0,14454431610.0
00,,0.0,0.0,20240417,215,등기특별회계,2024,32,기타,03,기타,11577600.0,007,대법원,14420200.0,0.0,2842600.0
00,,0.0,0.0,20240417,215,등기특별회계,2024,11,기타,01,기타,636470.0,007,대법원,636470.0,0.0,0.0
00,,63022000000.0,63022000000.0,20240417,215,등기특별회계,2024,89,세계잉여금이입액,34,세계잉여금,0.0,007,대법원,0.0,0.0,0.0
00,,292000000.0,292000000.0,20240417,215,등기특별회계,2024,51,관유물대여료,11,재산수입,174108560.0,007,대법원,196642040.0,0.0,22533480.0
00,,155000000.0,155000000.0,20240417,215,등기특별회계,2024,54,기타이자수입및재산수입,11,재산수입,45730.0,007,대법원,45730.0,0.0,0.0
00,,307988000000.0,307988000000.0,20240417,215,등기특별회계,2024,65,면허료및수수료,13,재화및용역판매수입,522000.0,007,대법원,522000.0,0.0,0.0
00,,7000000.0,7000000.0,20240417,215,등기특별회계,2024,69,잡수입,13,재화및용역판매수입,0.0,007,대법원,3525000.0,0.0,3525000.0
00,,105906000000.0,105906000000.0,20240417,508,사법서비스진흥기금,2024,59,기타경상이전수입,12,경상이전수입,50038844790.0,007,대법원,50104484810.0,22643740.0,65640020.0
00,,0.0,0.0,20240417,508,사법서비스진흥기금,2024,57,변상금및위약금,12,경상이전수입,84036390.0,007,대법원,99109070.0,0.0,15072680.0
00,,0.0,0.0,20240417,508,사법서비스진흥기금,2024,99,기타,99,기타,3276880.0,007,대법원,3276880.0,0.0,0.0
00,,0.0,0.0,20240417,508,사법서비스진흥기금,2024,54,기타이자수입및재산수입,11,재산수입,1934000.0,007,대법원,1934000.0,0.0,0.0
00,,0.0,0.0,20240417,508,사법서비스진흥기금,2024,65,면허료및수수료,13,재화및용역판매수입,871940.0,007,대법원,1037500.0,0.0,165560.0
00,,30000000000.0,30000000000.0,20240417,508,사법서비스진흥기금,2024,92,예탁원금회수,40,정부내부수입및기타,0.0,007,대법원,0.0,0.0,0.0
00,,1182000000.0,1182000000.0,20240417,508,사법서비스진흥기금,2024,95,예탁이자수입,40,정부내부수입및기타,364849310.0,007,대법원,364849310.0,0.0,0.0
00,,94281000000.0,94281000000.0,20240417,508,사법서비스진흥기금,2024,85,정부예금회수,31,차입금및여유자금회수,0.0,007,대법원,0.0,0.0,0.0
00,,106337000000.0,106337000000.0,20240417,110,일반회계,2024,59,기타경상이전수입,12,경상이전수입,108534199080.0,007,대법원,108873277830.0,6189070.0,339078750.0
00,,105000000.0,105000000.0,20240417,110,일반회계,2024,56,"벌금,몰수금및과태료",12,경상이전수입,10106020.0,007,대법원,10106020.0,0.0,0.0
00,,247000000.0,247000000.0,20240417,110,일반회계,2024,57,변상금및위약금,12,경상이전수입,260397820.0,007,대법원,263462420.0,270300.0,3064600.0
00,,0.0,0.0,20240417,110,일반회계,2024,99,기타,99,기타,104779533870.0,007,대법원,121651569700.0,1278675010.0,16872035830.0
00,,3352000000.0,3352000000.0,20240417,110,일반회계,2024,51,관유물대여료,11,재산수입,850297610.0,007,대법원,876788790.0,5545120.0,26491180.0
00,,42000000.0,42000000.0,20240417,110,일반회계,2024,54,기타이자수입및재산수입,11,재산수입,2381970.0,007,대법원,2864200.0,0.0,482230.0
00,,376299000000.0,376299000000.0,20240417,110,일반회계,2024,65,면허료및수수료,13,재화및용역판매수입,713354820.0,007,대법원,908667500.0,348500.0,195312680.0
00,,153000000.0,153000000.0,20240417,110,일반회계,2024,69,잡수입,13,재화및용역판매수입,66968450.0,007,대법원,93406900.0,3979500.0,26438450.0
00,,123965000000.0,123965000000.0,20240417,110,일반회계,2024,91,전입금,40,정부내부수입및기타,0.0,007,대법원,0.0,0.0,0.0
00,,505000000.0,505000000.0,20240417,110,일반회계,2024,51,관유물대여료,11,재산수입,521439650.0,167,대통령경호처,521439650.0,0.0,0.0
00,,7000000.0,7000000.0,20240417,110,일반회계,2024,65,면허료및수수료,13,재화및용역판매수입,0.0,167,대통령경호처,0.0,0.0,0.0
00,,20000000.0,20000000.0,20240417,110,일반회계,2024,69,잡수입,13,재화및용역판매수입,1880000.0,167,대통령경호처,1880000.0,0.0,0.0
00,,220000000.0,220000000.0,20240417,110,일반회계,2024,59,기타경상이전수입,12,경상이전수입,4692390.0,098,대통령비서실 및 국가안보실,4692390.0,0.0,0.0
00,,57000000.0,57000000.0,20240417,110,일반회계,2024,51,관유물대여료,11,재산수입,0.0,098,대통령비서실 및 국가안보실,0.0,0.0,0.0
00,,20000000.0,20000000.0,20240417,110,일반회계,2024,69,잡수입,13,재화및용역판매수입,17827910.0,098,대통령비서실 및 국가안보실,17827910.0,0.0,0.0
00,,5526000000.0,5526000000.0,20240417,599,문화재보호기금,2024,59,기타경상이전수입,12,경상이전수입,1359190830.0,052,문화재청,1820233460.0,0.0,461042630.0
00,,0.0,0.0,20240417,599,문화재보호기금,2024,71,고정자산매각대,15,관유물매각대,2200000.0,052,문화재청,2200000.0,0.0,0.0
00,,0.0,0.0,20240417,599,문화재보호기금,2024,99,기타,99,기타,48811000000.0,052,문화재청,78103000000.0,4372000000.0,29292000000.0
00,,340000000.0,340000000.0,20240417,599,문화재보호기금,2024,54,기타이자수입및재산수입,11,재산수입,817464750.0,052,문화재청,830036710.0,0.0,12571960.0
00,,5000000000.0,5000000000.0,20240417,599,문화재보호기금,2024,64,입장료수입,13,재화및용역판매수입,644552580.0,052,문화재청,884983190.0,1085710.0,240430610.0
00,,0.0,0.0,20240417,599,문화재보호기금,2024,69,잡수입,13,재화및용역판매수입,468110.0,052,문화재청,468110.0,0.0,0.0
00,,152611000000.0,152611000000.0,20240417,599,문화재보호기금,2024,91,전입금,40,정부내부수입및기타,0.0,052,문화재청,0.0,0.0,0.0
00,,6505000000.0,6505000000.0,20240417,599,문화재보호기금,2024,85,정부예금회수,31,차입금및여유자금회수,16000000000.0,052,문화재청,16000000000.0,0.0,0.0
00,,30000000000.0,30000000000.0,20240417,110,일반회계,2024,59,기타경상이전수입,12,경상이전수입,7979720440.0,052,문화재청,8662302420.0,0.0,682581980.0
00,,5000000.0,5000000.0,20240417,110,일반회계,2024,56,"벌금,몰수금및과태료",12,경상이전수입,3307200.0,052,문화재청,3307200.0,0.0,0.0
00,,3606000000.0,3606000000.0,20240417,110,일반회계,2024,57,변상금및위약금,12,경상이전수입,4474570.0,052,문화재청,4474570.0,0.0,0.0
00,,0.0,0.0,20240417,110,일반회계,2024,71,고정자산매각대,15,관유물매각대,0.0,052,문화재청,11800000.0,0.0,11800000.0
00,,0.0,0.0,20240417,110,일반회계,2024,99,기타,99,기타,622520.0,052,문화재청,622520.0,0.0,0.0
00,,2423000000.0,2423000000.0,20240417,110,일반회계,2024,51,관유물대여료,14,수입대체경비수입,67787670.0,052,문화재청,67787670.0,0.0,0.0
00,,11350000000.0,11350000000.0,20240417,110,일반회계,2024,64,입장료수입,14,수입대체경비수입,1707487270.0,052,문화재청,2415156980.0,3540780.0,707669710.0
00,,200000000.0,200000000.0,20240417,110,일반회계,2024,69,잡수입,14,수입대체경비수입,20226450.0,052,문화재청,24655250.0,1203000.0,4428800.0
00,,1831000000.0,1831000000.0,20240417,110,일반회계,2024,51,관유물대여료,11,재산수입,1135060690.0,052,문화재청,1434474190.0,170930.0,299413500.0
00,,3000000000.0,3000000000.0,20240417,110,일반회계,2024,54,기타이자수입및재산수입,11,재산수입,328288250.0,052,문화재청,507030820.0,0.0,178742570.0
00,,0.0,0.0,20240417,110,일반회계,2024,64,입장료수입,13,재화및용역판매수입,47700.0,052,문화재청,47700.0,0.0,0.0
00,,100000000.0,100000000.0,20240417,110,일반회계,2024,69,잡수입,13,재화및용역판매수입,12541630.0,052,문화재청,15841630.0,0.0,3300000.0
02,지역지원계정,785000000.0,785000000.0,20240417,236,지역균형발전특별회계,2024,59,기타경상이전수입,12,경상이전수입,0.0,052,문화재청,0.0,0.0,0.0
02,지역지원계정,117000000.0,117000000.0,20240417,236,지역균형발전특별회계,2024,54,기타이자수입및재산수입,11,재산수입,0.0,052,문화재청,0.0,0.0,0.0
00,,657069000000.0,657069000000.0,20240417,517,관광진흥개발기금,2024,59,기타경상이전수입,12,경상이전수입,114822837870.0,072,문화체육관광부,115256413450.0,29004480.0,433575580.0
00,,0.0,0.0,20240417,517,관광진흥개발기금,2024,99,기타,99,기타,102589703290.0,072,문화체육관광부,102589703290.0,0.0,0.0
00,,703262000000.0,703262000000.0,20240417,517,관광진흥개발기금,2024,75,융자원금회수,20,융자및전대차관원금회수,124041240000.0,072,문화체육관광부,170240980000.0,800000000.0,46199740000.0
00,,407000000.0,407000000.0,20240417,517,관광진흥개발기금,2024,51,관유물대여료,11,재산수입,0.0,072,문화체육관광부,0.0,0.0,0.0
00,,62850000000.0,62850000000.0,20240417,517,관광진흥개발기금,2024,54,기타이자수입및재산수입,11,재산수입,12281835020.0,072,문화체육관광부,16263335660.0,3599420.0,3981500640.0
00,,24380000000.0,24380000000.0,20240417,517,관광진흥개발기금,2024,91,전입금,40,정부내부수입및기타,24380000000.0,072,문화체육관광부,24380000000.0,0.0,0.0
00,,174213000000.0,174213000000.0,20240417,517,관광진흥개발기금,2024,85,정부예금회수,31,차입금및여유자금회수,260502257270.0,072,문화체육관광부,271905415960.0,0.0,11403158690.0
01,국민체육진흥계정,142592000000.0,142592000000.0,20240417,568,국민체육진흥기금,2024,59,기타경상이전수입,12,경상이전수입,0.0,072,문화체육관광부,0.0,0.0,0.0
01,국민체육진흥계정,96860000000.0,96860000000.0,20240417,568,국민체육진흥기금,2024,75,융자원금회수,20,융자및전대차관원금회수,0.0,072,문화체육관광부,0.0,0.0,0.0
01,국민체육진흥계정,27574000000.0,27574000000.0,20240417,568,국민체육진흥기금,2024,54,기타이자수입및재산수입,11,재산수입,0.0,072,문화체육관광부,0.0,0.0,0.0
01,국민체육진흥계정,1985889000000.0,1985889000000.0,20240417,568,국민체육진흥기금,2024,69,잡수입,13,재화및용역판매수입,0.0,072,문화체육관광부,0.0,0.0,0.0
01,국민체육진흥계정,600000000000.0,600000000000.0,20240417,568,국민체육진흥기금,2024,92,예탁원금회수,40,정부내부수입및기타,0.0,072,문화체육관광부,0.0,0.0,0.0
01,국민체육진흥계정,33551000000.0,33551000000.0,20240417,568,국민체육진흥기금,2024,95,예탁이자수입,40,정부내부수입및기타,0.0,072,문화체육관광부,0.0,0.0,0.0
01,국민체육진흥계정,91954000000.0,91954000000.0,20240417,568,국민체육진흥기금,2024,91,전입금,40,정부내부수입및기타,0.0,072,문화체육관광부,0.0,0.0,0.0
01,국민체육진흥계정,370000000000.0,370000000000.0,20240417,568,국민체육진흥기금,2024,85,정부예금회수,31,차입금및여유자금회수,0.0,072,문화체육관광부,0.0,0.0,0.0
02,사행산업중독예방치유계정,26197000000.0,26197000000.0,20240417,568,국민체육진흥기금,2024,59,기타경상이전수입,12,경상이전수입,0.0,072,문화체육관광부,0.0,0.0,0.0
02,사행산업중독예방치유계정,632000000.0,632000000.0,20240417,568,국민체육진흥기금,2024,54,기타이자수입및재산수입,11,재산수입,0.0,072,문화체육관광부,0.0,0.0,0.0
02,사행산업중독예방치유계정,29866000000.0,29866000000.0,20240417,568,국민체육진흥기금,2024,85,정부예금회수,31,차입금및여유자금회수,0.0,072,문화체육관광부,0.0,0.0,0.0
00,,79607000000.0,79607000000.0,20240417,569,문화예술진흥기금,2024,59,기타경상이전수입,12,경상이전수입,0.0,072,문화체육관광부,0.0,0.0,0.0
00,,15220000000.0,15220000000.0,20240417,569,문화예술진흥기금,2024,75,융자원금회수,20,융자및전대차관원금회수,0.0,072,문화체육관광부,0.0,0.0,0.0
00,,1210000000.0,1210000000.0,20240417,569,문화예술진흥기금,2024,51,관유물대여료,11,재산수입,0.0,072,문화체육관광부,0.0,0.0,0.0
00,,5543000000.0,5543000000.0,20240417,569,문화예술진흥기금,2024,54,기타이자수입및재산수입,11,재산수입,0.0,072,문화체육관광부,0.0,0.0,0.0
00,,6431000000.0,6431000000.0,20240417,569,문화예술진흥기금,2024,64,입장료수입,13,재화및용역판매수입,0.0,072,문화체육관광부,0.0,0.0,0.0
00,,6726000000.0,6726000000.0,20240417,569,문화예술진흥기금,2024,69,잡수입,13,재화및용역판매수입,0.0,072,문화체육관광부,0.0,0.0,0.0
00,,378786000000.0,378786000000.0,20240417,569,문화예술진흥기금,2024,91,전입금,40,정부내부수입및기타,0.0,072,문화체육관광부,0.0,0.0,0.0
00,,86298000000.0,86298000000.0,20240417,569,문화예술진흥기금,2024,85,정부예금회수,31,차입금및여유자금회수,0.0,072,문화체육관광부,0.0,0.0,0.0
00,,1545000000.0,1545000000.0,20240417,234,아시아문화중심도시조성특별회계,2024,59,기타경상이전수입,12,경상이전수입,1000000.0,072,문화체육관광부,14442140.0,0.0,13442140.0
00,,15102000000.0,15102000000.0,20240417,234,아시아문화중심도시조성특별회계,2024,89,세계잉여금이입액,34,세계잉여금,0.0,072,문화체육관광부,0.0,0.0,0.0
00,,103000000.0,103000000.0,20240417,234,아시아문화중심도시조성특별회계,2024,51,관유물대여료,11,재산수입,13897860.0,072,문화체육관광부,19256100.0,0.0,5358240.0
00,,371000000.0,371000000.0,20240417,234,아시아문화중심도시조성특별회계,2024,54,기타이자수입및재산수입,11,재산수입,0.0,072,문화체육관광부,9520300.0,0.0,9520300.0
00,,258000000.0,258000000.0,20240417,234,아시아문화중심도시조성특별회계,2024,64,입장료수입,13,재화및용역판매수입,11379800.0,072,문화체육관광부,11379800.0,0.0,0.0
00,,0.0,0.0,20240417,234,아시아문화중심도시조성특별회계,2024,69,잡수입,13,재화및용역판매수입,17384640.0,072,문화체육관광부,22431400.0,0.0,5046760.0
00,,100601000000.0,100601000000.0,20240417,234,아시아문화중심도시조성특별회계,2024,91,전입금,40,정부내부수입및기타,14371000000.0,072,문화체육관광부,14371000000.0,0.0,0.0
00,,28840000000.0,28840000000.0,20240417,593,언론진흥기금,2024,59,기타경상이전수입,12,경상이전수입,12170310.0,072,문화체육관광부,12170310.0,0.0,0.0
00,,0.0,0.0,20240417,593,언론진흥기금,2024,99,기타,99,기타,12578870770.0,072,문화체육관광부,12695718300.0,0.0,116847530.0
00,,339000000.0,339000000.0,20240417,593,언론진흥기금,2024,54,기타이자수입및재산수입,11,재산수입,23136080.0,072,문화체육관광부,23136080.0,0.0,0.0
00,,18779000000.0,18779000000.0,20240417,593,언론진흥기금,2024,85,정부예금회수,31,차입금및여유자금회수,0.0,072,문화체육관광부,0.0,0.0,0.0
00,,14000000.0,14000000.0,20240417,594,영화발전기금,2024,58,가산금,12,경상이전수입,0.0,072,문화체육관광부,0.0,0.0,0.0
00,,31469000000.0,31469000000.0,20240417,594,영화발전기금,2024,59,기타경상이전수입,12,경상이전수입,0.0,072,문화체육관광부,0.0,0.0,0.0
00,,3737000000.0,3737000000.0,20240417,594,영화발전기금,2024,54,기타이자수입및재산수입,11,재산수입,0.0,072,문화체육관광부,0.0,0.0,0.0
00,,3229000000.0,3229000000.0,20240417,594,영화발전기금,2024,69,잡수입,13,재화및용역판매수입,0.0,072,문화체육관광부,0.0,0.0,0.0
00,,35400000000.0,35400000000.0,20240417,594,영화발전기금,2024,91,전입금,40,정부내부수입및기타,0.0,072,문화체육관광부,0.0,0.0,0.0
00,,63946000000.0,63946000000.0,20240417,594,영화발전기금,2024,85,정부예금회수,31,차입금및여유자금회수,0.0,072,문화체육관광부,0.0,0.0,0.0
00,,53019000000.0,53019000000.0,20240417,110,일반회계,2024,59,기타경상이전수입,12,경상이전수입,21640309650.0,072,문화체육관광부,26431484430.0,185365590.0,4791174780.0
00,,0.0,0.0,20240417,110,일반회계,2024,56,"벌금,몰수금및과태료",12,경상이전수입,35573840.0,072,문화체육관광부,35690580.0,0.0,116740.0
00,,0.0,0.0,20240417,110,일반회계,2024,57,변상금및위약금,12,경상이전수입,6897050.0,072,문화체육관광부,41627070.0,0.0,34730020.0
00,,2100000000.0,2100000000.0,20240417,110,일반회계,2024,71,고정자산매각대,15,관유물매각대,0.0,072,문화체육관광부,23230000.0,0.0,23230000.0
00,,0.0,0.0,20240417,110,일반회계,2024,99,기타,99,기타,21840.0,072,문화체육관광부,82840.0,0.0,61000.0
00,,0.0,0.0,20240417,110,일반회계,2024,64,입장료수입,14,수입대체경비수입,7159000.0,072,문화체육관광부,7159000.0,0.0,0.0
00,,0.0,0.0,20240417,110,일반회계,2024,69,잡수입,14,수입대체경비수입,19402720.0,072,문화체육관광부,19402720.0,0.0,0.0
00,,4633000000.0,4633000000.0,20240417,110,일반회계,2024,51,관유물대여료,11,재산수입,2769000520.0,072,문화체육관광부,2995433900.0,12930220.0,226433380.0
00,,3507000000.0,3507000000.0,20240417,110,일반회계,2024,54,기타이자수입및재산수입,11,재산수입,6997981160.0,072,문화체육관광부,8288321760.0,267623270.0,1290340600.0
00,,883000000.0,883000000.0,20240417,110,일반회계,2024,65,면허료및수수료,13,재화및용역판매수입,0.0,072,문화체육관광부,0.0,0.0,0.0
00,,4708000000.0,4708000000.0,20240417,110,일반회계,2024,64,입장료수입,13,재화및용역판매수입,618500150.0,072,문화체육관광부,653566950.0,0.0,35066800.0
00,,8007000000.0,8007000000.0,20240417,110,일반회계,2024,69,잡수입,13,재화및용역판매수입,1306866260.0,072,문화체육관광부,1406825210.0,3413810.0,99958950.0
04,세종특별자치시계정,10000000.0,10000000.0,20240417,236,지역균형발전특별회계,2024,59,기타경상이전수입,12,경상이전수입,0.0,072,문화체육관광부,0.0,0.0,0.0
03,제주특별자치도계정,327000000.0,327000000.0,20240417,236,지역균형발전특별회계,2024,59,기타경상이전수입,12,경상이전수입,3417280010.0,072,문화체육관광부,3417280010.0,0.0,0.0
03,제주특별자치도계정,0.0,0.0,20240417,236,지역균형발전특별회계,2024,54,기타이자수입및재산수입,11,재산수입,1347960.0,072,문화체육관광부,1347960.0,0.0,0.0
01,지역자율계정,13681000000.0,13681000000.0,20240417,236,지역균형발전특별회계,2024,59,기타경상이전수입,12,경상이전수입,11362878630.0,072,문화체육관광부,11490510100.0,98000000.0,127631470.0
01,지역자율계정,0.0,0.0,20240417,236,지역균형발전특별회계,2024,54,기타이자수입및재산수입,11,재산수입,352875140.0,072,문화체육관광부,361309930.0,1636180.0,8434790.0
02,지역지원계정,5777000000.0,5777000000.0,20240417,236,지역균형발전특별회계,2024,59,기타경상이전수입,12,경상이전수입,44736320.0,072,문화체육관광부,44736320.0,0.0,0.0
02,지역지원계정,0.0,0.0,20240417,236,지역균형발전특별회계,2024,54,기타이자수입및재산수입,11,재산수입,4592410.0,072,문화체육관광부,4592410.0,0.0,0.0
00,,0.0,0.0,20240417,590,지역신문발전기금,2024,59,기타경상이전수입,12,경상이전수입,236490650.0,072,문화체육관광부,236490650.0,0.0,0.0
00,,0.0,0.0,20240417,590,지역신문발전기금,2024,99,기타,99,기타,1377859230.0,072,문화체육관광부,3750577300.0,0.0,2372718070.0
00,,165000000.0,165000000.0,20240417,590,지역신문발전기금,2024,54,기타이자수입및재산수입,11,재산수입,38722190.0,072,문화체육관광부,38722190.0,0.0,0.0
00,,8500000000.0,8500000000.0,20240417,590,지역신문발전기금,2024,91,전입금,40,정부내부수입및기타,8500000000.0,072,문화체육관광부,8500000000.0,0.0,0.0
00,,1172000000.0,1172000000.0,20240417,590,지역신문발전기금,2024,85,정부예금회수,31,차입금및여유자금회수,0.0,072,문화체육관광부,0.0,0.0,0.0
00,,2000000.0,2000000.0,20240417,110,일반회계,2024,59,기타경상이전수입,12,경상이전수입,1115630.0,048,민주평화통일자문회의,1115630.0,0.0,0.0
00,,3000000.0,3000000.0,20240417,110,일반회계,2024,54,기타이자수입및재산수입,11,재산수입,5291260.0,048,민주평화통일자문회의,5291260.0,0.0,0.0
00,,141000000.0,141000000.0,20240417,110,일반회계,2024,58,가산금,12,경상이전수입,7007500.0,078,방송통신위원회,9700000.0,1732500.0,2692500.0
00,,979000000.0,979000000.0,20240417,110,일반회계,2024,59,기타경상이전수입,12,경상이전수입,366323020.0,078,방송통신위원회,691875270.0,0.0,325552250.0
00,,29613000000.0,29613000000.0,20240417,110,일반회계,2024,56,"벌금,몰수금및과태료",12,경상이전수입,2613025720.0,078,방송통신위원회,2821637340.0,6684800.0,208611620.0
00,,39000000.0,39000000.0,20240417,110,일반회계,2024,54,기타이자수입및재산수입,11,재산수입,150393360.0,078,방송통신위원회,161980750.0,0.0,11587390.0
00,,71000000.0,71000000.0,20240417,110,일반회계,2024,65,면허료및수수료,13,재화및용역판매수입,48459000.0,078,방송통신위원회,50810000.0,0.0,2351000.0
00,,1000000.0,1000000.0,20240417,110,일반회계,2024,69,잡수입,13,재화및용역판매수입,0.0,078,방송통신위원회,0.0,0.0,0.0
00,,159840000000.0,159840000000.0,20240417,110,일반회계,2024,59,기타경상이전수입,12,경상이전수입,243984647580.0,063,방위사업청,259598783160.0,0.0,15614135580.0
00,,256000000.0,256000000.0,20240417,110,일반회계,2024,56,"벌금,몰수금및과태료",12,경상이전수입,696076370.0,063,방위사업청,696076370.0,0.0,0.0
00,,165098000000.0,165098000000.0,20240417,110,일반회계,2024,57,변상금및위약금,12,경상이전수입,4931886760.0,063,방위사업청,6509599660.0,0.0,1577712900.0
00,,0.0,0.0,20240417,110,일반회계,2024,99,기타,99,기타,8535728410.0,063,방위사업청,13454909070.0,2740331490.0,4919180660.0
00,,860000000.0,860000000.0,20240417,110,일반회계,2024,51,관유물대여료,11,재산수입,89786420.0,063,방위사업청,89786420.0,0.0,0.0
00,,19246000000.0,19246000000.0,20240417,110,일반회계,2024,54,기타이자수입및재산수입,11,재산수입,32071836320.0,063,방위사업청,41805857830.0,0.0,9734021510.0
00,,75000000.0,75000000.0,20240417,110,일반회계,2024,65,면허료및수수료,13,재화및용역판매수입,0.0,063,방위사업청,0.0,0.0,0.0
00,,13000000.0,13000000.0,20240417,110,일반회계,2024,69,잡수입,13,재화및용역판매수입,644410.0,063,방위사업청,789140.0,0.0,144730.0
00,,30000000.0,30000000.0,20240417,110,일반회계,2024,91,전입금,40,정부내부수입및기타,0.0,063,방위사업청,0.0,0.0,0.0
00,,103000000.0,103000000.0,20240417,219,교도작업특별회계,2024,59,기타경상이전수입,12,경상이전수입,150645360.0,013,법무부,154266010.0,1422570.0,3620650.0
00,,6560000000.0,6560000000.0,20240417,219,교도작업특별회계,2024,89,세계잉여금이입액,34,세계잉여금,0.0,013,법무부,0.0,0.0,0.0
00,,0.0,0.0,20240417,219,교도작업특별회계,2024,54,기타이자수입및재산수입,11,재산수입,140270.0,013,법무부,140270.0,0.0,0.0
00,,64343000000.0,64343000000.0,20240417,219,교도작업특별회계,2024,63,교도소수입,13,재화및용역판매수입,11726142060.0,013,법무부,14049070260.0,358248000.0,2322928200.0
00,,369000000.0,369000000.0,20240417,219,교도작업특별회계,2024,69,잡수입,13,재화및용역판매수입,15643990.0,013,법무부,16625490.0,54000.0,981500.0
00,,46500000000.0,46500000000.0,20240417,219,교도작업특별회계,2024,92,예탁원금회수,40,정부내부수입및기타,0.0,013,법무부,35000000000.0,35000000000.0,35000000000.0
00,,2654000000.0,2654000000.0,20240417,219,교도작업특별회계,2024,95,예탁이자수입,40,정부내부수입및기타,852233270.0,013,법무부,966477100.0,114243830.0,114243830.0
00,,2717000000.0,2717000000.0,20240417,583,범죄피해자보호기금,2024,59,기타경상이전수입,12,경상이전수입,1082481980.0,013,법무부,1082481980.0,0.0,0.0
00,,1797000000.0,1797000000.0,20240417,583,범죄피해자보호기금,2024,57,변상금및위약금,12,경상이전수입,500478050.0,013,법무부,532810020.0,0.0,32331970.0
00,,0.0,0.0,20240417,583,범죄피해자보호기금,2024,99,기타,99,기타,20173400000.0,013,법무부,42173400000.0,0.0,22000000000.0
00,,417000000.0,417000000.0,20240417,583,범죄피해자보호기금,2024,54,기타이자수입및재산수입,11,재산수입,130283080.0,013,법무부,497048990.0,0.0,366765910.0
00,,86121000000.0,86121000000.0,20240417,583,범죄피해자보호기금,2024,91,전입금,40,정부내부수입및기타,34448400000.0,013,법무부,34448400000.0,0.0,0.0
00,,46002000000.0,46002000000.0,20240417,583,범죄피해자보호기금,2024,85,정부예금회수,31,차입금및여유자금회수,0.0,013,법무부,0.0,0.0,0.0
00,,39000000.0,39000000.0,20240417,110,일반회계,2024,58,가산금,12,경상이전수입,0.0,013,법무부,0.0,0.0,0.0
00,,9094000000.0,9094000000.0,20240417,110,일반회계,2024,59,기타경상이전수입,12,경상이전수입,1815866280.0,013,법무부,1892463020.0,64700.0,76596740.0
00,,1271964000000.0,1271964000000.0,20240417,110,일반회계,2024,56,"벌금,몰수금및과태료",12,경상이전수입,359219401030.0,013,법무부,422054112990.0,4191396150.0,62834711960.0
00,,1793000000.0,1793000000.0,20240417,110,일반회계,2024,57,변상금및위약금,12,경상이전수입,205930050.0,013,법무부,220663920.0,7042520.0,14733870.0
00,,0.0,0.0,20240417,110,일반회계,2024,71,고정자산매각대,15,관유물매각대,2000000.0,013,법무부,2000000.0,0.0,0.0
00,,0.0,0.0,20240417,110,일반회계,2024,99,기타,99,기타,3145012740.0,013,법무부,3984133340.0,52331000.0,839120600.0
00,,0.0,0.0,20240417,110,일반회계,2024,21,기타,01,기타,23200.0,013,법무부,23200.0,0.0,0.0
00,,17338000000.0,17338000000.0,20240417,110,일반회계,2024,65,면허료및수수료,14,수입대체경비수입,3534801730.0,013,법무부,4228158030.0,125040000.0,693356300.0
00,,151000000.0,151000000.0,20240417,110,일반회계,2024,69,잡수입,14,수입대체경비수입,33201250.0,013,법무부,39311250.0,0.0,6110000.0
00,,1419000000.0,1419000000.0,20240417,110,일반회계,2024,51,관유물대여료,11,재산수입,443533580.0,013,법무부,471001810.0,0.0,27468230.0
00,,331000000.0,331000000.0,20240417,110,일반회계,2024,54,기타이자수입및재산수입,11,재산수입,1112136290.0,013,법무부,1116525950.0,2470.0,4389660.0
00,,22061000000.0,22061000000.0,20240417,110,일반회계,2024,65,면허료및수수료,13,재화및용역판매수입,4647795780.0,013,법무부,6374694850.0,966100.0,1726899070.0
00,,740000000.0,740000000.0,20240417,110,일반회계,2024,69,잡수입,13,재화및용역판매수입,154641600.0,013,법무부,213151770.0,805770.0,58510170.0
00,,0.0,0.0,20240417,110,일반회계,2024,69,잡수입,13,재화및용역판매수입,110640.0,023,법제처,110640.0,0.0,0.0
00,,82000000.0,82000000.0,20240417,110,일반회계,2024,59,기타경상이전수입,12,경상이전수입,20235790.0,028,병무청,24792350.0,4476570.0,4556560.0
00,,5000000.0,5000000.0,20240417,110,일반회계,2024,56,"벌금,몰수금및과태료",12,경상이전수입,0.0,028,병무청,0.0,0.0,0.0
00,,2000000.0,2000000.0,20240417,110,일반회계,2024,57,변상금및위약금,12,경상이전수입,17726300.0,028,병무청,17726300.0,0.0,0.0
00,,112000000.0,112000000.0,20240417,110,일반회계,2024,71,고정자산매각대,15,관유물매각대,12876000.0,028,병무청,12876000.0,0.0,0.0
00,,0.0,0.0,20240417,110,일반회계,2024,99,기타,99,기타,388110.0,028,병무청,388110.0,0.0,0.0
00,,132000000.0,132000000.0,20240417,110,일반회계,2024,51,관유물대여료,11,재산수입,51860960.0,028,병무청,55512860.0,3651900.0,3651900.0
00,,0.0,0.0,20240417,110,일반회계,2024,54,기타이자수입및재산수입,11,재산수입,119640.0,028,병무청,119640.0,0.0,0.0
00,,3000000.0,3000000.0,20240417,110,일반회계,2024,69,잡수입,13,재화및용역판매수입,604830.0,028,병무청,639230.0,0.0,34400.0
02,손익계정,6000000.0,6000000.0,20240417,437,국립공주병원,2024,59,기타경상이전수입,12,경상이전수입,349350.0,075,보건복지부,349350.0,0.0,0.0
02,손익계정,0.0,0.0,20240417,437,국립공주병원,2024,57,변상금및위약금,12,경상이전수입,1375000.0,075,보건복지부,1375000.0,0.0,0.0
02,손익계정,2000000.0,2000000.0,20240417,437,국립공주병원,2024,71,고정자산매각대,15,관유물매각대,23600000.0,075,보건복지부,23600000.0,0.0,0.0
02,손익계정,3514000000.0,3514000000.0,20240417,437,국립공주병원,2024,49,책임운영기관사업수입,10,기업특별회계영업수입,378691000.0,075,보건복지부,452724120.0,6769240.0,74033120.0
02,손익계정,0.0,0.0,20240417,437,국립공주병원,2024,99,기타,99,기타,1287890.0,075,보건복지부,1287890.0,0.0,0.0
02,손익계정,3204000000.0,3204000000.0,20240417,437,국립공주병원,2024,89,세계잉여금이입액,34,세계잉여금,0.0,075,보건복지부,0.0,0.0,0.0
02,손익계정,94000000.0,94000000.0,20240417,437,국립공주병원,2024,69,잡수입,14,수입대체경비수입,47709400.0,075,보건복지부,47709400.0,0.0,0.0
02,손익계정,26000000.0,26000000.0,20240417,437,국립공주병원,2024,51,관유물대여료,11,재산수입,4102750.0,075,보건복지부,4102750.0,0.0,0.0
02,손익계정,42000000.0,42000000.0,20240417,437,국립공주병원,2024,69,잡수입,13,재화및용역판매수입,19296700.0,075,보건복지부,19296700.0,0.0,0.0
02,손익계정,10692000000.0,10692000000.0,20240417,437,국립공주병원,2024,91,전입금,40,정부내부수입및기타,10692000000.0,075,보건복지부,10692000000.0,0.0,0.0
01,자본계정,156000000.0,156000000.0,20240417,437,국립공주병원,2024,89,세계잉여금이입액,34,세계잉여금,0.0,075,보건복지부,0.0,0.0,0.0
01,자본계정,2000000.0,2000000.0,20240417,437,국립공주병원,2024,96,기타,40,정부내부수입및기타,2000000.0,075,보건복지부,2000000.0,0.0,0.0
01,자본계정,901000000.0,901000000.0,20240417,437,국립공주병원,2024,91,전입금,40,정부내부수입및기타,901000000.0,075,보건복지부,901000000.0,0.0,0.0
02,손익계정,0.0,0.0,20240417,434,국립나주병원,2024,59,기타경상이전수입,12,경상이전수입,2310350.0,075,보건복지부,5962110.0,0.0,3651760.0
02,손익계정,2000000.0,2000000.0,20240417,434,국립나주병원,2024,71,고정자산매각대,15,관유물매각대,0.0,075,보건복지부,0.0,0.0,0.0
02,손익계정,6554000000.0,6554000000.0,20240417,434,국립나주병원,2024,49,책임운영기관사업수입,10,기업특별회계영업수입,1077212250.0,075,보건복지부,1102470090.0,192200.0,25257840.0
02,손익계정,1450000000.0,1450000000.0,20240417,434,국립나주병원,2024,89,세계잉여금이입액,34,세계잉여금,0.0,075,보건복지부,0.0,0.0,0.0
02,손익계정,253000000.0,253000000.0,20240417,434,국립나주병원,2024,69,잡수입,14,수입대체경비수입,108561290.0,075,보건복지부,565183390.0,640000.0,456622100.0
02,손익계정,1000000.0,1000000.0,20240417,434,국립나주병원,2024,54,기타이자수입및재산수입,11,재산수입,0.0,075,보건복지부,0.0,0.0,0.0
02,손익계정,1000000.0,1000000.0,20240417,434,국립나주병원,2024,65,면허료및수수료,13,재화및용역판매수입,0.0,075,보건복지부,0.0,0.0,0.0
02,손익계정,13000000.0,13000000.0,20240417,434,국립나주병원,2024,69,잡수입,13,재화및용역판매수입,98440.0,075,보건복지부,98440.0,0.0,0.0
02,손익계정,16521000000.0,16521000000.0,20240417,434,국립나주병원,2024,91,전입금,40,정부내부수입및기타,16521000000.0,075,보건복지부,16521000000.0,0.0,0.0
01,자본계정,0.0,0.0,20240417,434,국립나주병원,2024,99,기타,99,기타,2000000.0,075,보건복지부,2000000.0,0.0,0.0
01,자본계정,123000000.0,123000000.0,20240417,434,국립나주병원,2024,89,세계잉여금이입액,34,세계잉여금,0.0,075,보건복지부,0.0,0.0,0.0
01,자본계정,2000000.0,2000000.0,20240417,434,국립나주병원,2024,96,기타,40,정부내부수입및기타,0.0,075,보건복지부,0.0,0.0,0.0
01,자본계정,1341000000.0,1341000000.0,20240417,434,국립나주병원,2024,91,전입금,40,정부내부수입및기타,1341000000.0,075,보건복지부,1341000000.0,0.0,0.0
02,손익계정,2000000.0,2000000.0,20240417,435,국립부곡병원,2024,59,기타경상이전수입,12,경상이전수입,0.0,075,보건복지부,296710.0,296710.0,296710.0
02,손익계정,0.0,0.0,20240417,435,국립부곡병원,2024,71,고정자산매각대,15,관유물매각대,15700000.0,075,보건복지부,15700000.0,0.0,0.0
02,손익계정,5324000000.0,5324000000.0,20240417,435,국립부곡병원,2024,49,책임운영기관사업수입,10,기업특별회계영업수입,447009750.0,075,보건복지부,592866620.0,95746900.0,145856870.0
02,손익계정,1630000000.0,1630000000.0,20240417,435,국립부곡병원,2024,89,세계잉여금이입액,34,세계잉여금,0.0,075,보건복지부,0.0,0.0,0.0
02,손익계정,59000000.0,59000000.0,20240417,435,국립부곡병원,2024,69,잡수입,14,수입대체경비수입,61221610.0,075,보건복지부,61421610.0,0.0,200000.0
02,손익계정,12000000.0,12000000.0,20240417,435,국립부곡병원,2024,51,관유물대여료,11,재산수입,2455500.0,075,보건복지부,2455500.0,0.0,0.0
02,손익계정,2000000.0,2000000.0,20240417,435,국립부곡병원,2024,54,기타이자수입및재산수입,11,재산수입,0.0,075,보건복지부,0.0,0.0,0.0
02,손익계정,68000000.0,68000000.0,20240417,435,국립부곡병원,2024,69,잡수입,13,재화및용역판매수입,1140000.0,075,보건복지부,1140000.0,0.0,0.0
02,손익계정,12849000000.0,12849000000.0,20240417,435,국립부곡병원,2024,91,전입금,40,정부내부수입및기타,12849000000.0,075,보건복지부,12849000000.0,0.0,0.0
01,자본계정,294000000.0,294000000.0,20240417,435,국립부곡병원,2024,89,세계잉여금이입액,34,세계잉여금,0.0,075,보건복지부,0.0,0.0,0.0
01,자본계정,2000000.0,2000000.0,20240417,435,국립부곡병원,2024,96,기타,40,정부내부수입및기타,0.0,075,보건복지부,0.0,0.0,0.0
01,자본계정,1209000000.0,1209000000.0,20240417,435,국립부곡병원,2024,91,전입금,40,정부내부수입및기타,1209000000.0,075,보건복지부,1209000000.0,0.0,0.0
02,손익계정,0.0,0.0,20240417,427,국립재활원,2024,59,기타경상이전수입,12,경상이전수입,110000.0,075,보건복지부,110000.0,0.0,0.0
02,손익계정,13652000000.0,13652000000.0,20240417,427,국립재활원,2024,49,책임운영기관사업수입,10,기업특별회계영업수입,3702174320.0,075,보건복지부,3976145590.0,0.0,273971270.0
02,손익계정,1783000000.0,1783000000.0,20240417,427,국립재활원,2024,89,세계잉여금이입액,34,세계잉여금,0.0,075,보건복지부,0.0,0.0,0.0
02,손익계정,524000000.0,524000000.0,20240417,427,국립재활원,2024,69,잡수입,14,수입대체경비수입,2606620540.0,075,보건복지부,2608553680.0,0.0,1933140.0
02,손익계정,49000000.0,49000000.0,20240417,427,국립재활원,2024,51,관유물대여료,11,재산수입,96590.0,075,보건복지부,3574950.0,0.0,3478360.0
02,손익계정,3000000.0,3000000.0,20240417,427,국립재활원,2024,54,기타이자수입및재산수입,11,재산수입,200.0,075,보건복지부,200.0,0.0,0.0
02,손익계정,165000000.0,165000000.0,20240417,427,국립재활원,2024,69,잡수입,13,재화및용역판매수입,32221740.0,075,보건복지부,115297750.0,0.0,83076010.0
02,손익계정,36925000000.0,36925000000.0,20240417,427,국립재활원,2024,91,전입금,40,정부내부수입및기타,36925000000.0,075,보건복지부,36925000000.0,0.0,0.0
01,자본계정,199000000.0,199000000.0,20240417,427,국립재활원,2024,89,세계잉여금이입액,34,세계잉여금,0.0,075,보건복지부,0.0,0.0,0.0
01,자본계정,2000000.0,2000000.0,20240417,427,국립재활원,2024,96,기타,40,정부내부수입및기타,0.0,075,보건복지부,0.0,0.0,0.0
01,자본계정,7722000000.0,7722000000.0,20240417,427,국립재활원,2024,91,전입금,40,정부내부수입및기타,7722000000.0,075,보건복지부,7722000000.0,0.0,0.0
02,손익계정,1000000.0,1000000.0,20240417,433,국립정신건강센터,2024,59,기타경상이전수입,12,경상이전수입,1044920.0,075,보건복지부,1044920.0,0.0,0.0
02,손익계정,3000000.0,3000000.0,20240417,433,국립정신건강센터,2024,57,변상금및위약금,12,경상이전수입,0.0,075,보건복지부,0.0,0.0,0.0
02,손익계정,10707000000.0,10707000000.0,20240417,433,국립정신건강센터,2024,49,책임운영기관사업수입,10,기업특별회계영업수입,1221437940.0,075,보건복지부,2010838280.0,141546070.0,789400340.0
02,손익계정,1167000000.0,1167000000.0,20240417,433,국립정신건강센터,2024,89,세계잉여금이입액,34,세계잉여금,0.0,075,보건복지부,0.0,0.0,0.0
02,손익계정,369000000.0,369000000.0,20240417,433,국립정신건강센터,2024,69,잡수입,14,수입대체경비수입,485787290.0,075,보건복지부,508015590.0,0.0,22228300.0
02,손익계정,7000000.0,7000000.0,20240417,433,국립정신건강센터,2024,51,관유물대여료,11,재산수입,1907820.0,075,보건복지부,3798500.0,1890680.0,1890680.0
02,손익계정,1000000.0,1000000.0,20240417,433,국립정신건강센터,2024,54,기타이자수입및재산수입,11,재산수입,0.0,075,보건복지부,0.0,0.0,0.0
02,손익계정,1000000.0,1000000.0,20240417,433,국립정신건강센터,2024,65,면허료및수수료,13,재화및용역판매수입,0.0,075,보건복지부,0.0,0.0,0.0
02,손익계정,232000000.0,232000000.0,20240417,433,국립정신건강센터,2024,69,잡수입,13,재화및용역판매수입,1139780.0,075,보건복지부,1147940.0,8160.0,8160.0
02,손익계정,35076000000.0,35076000000.0,20240417,433,국립정신건강센터,2024,91,전입금,40,정부내부수입및기타,35076000000.0,075,보건복지부,35076000000.0,0.0,0.0
01,자본계정,2000000.0,2000000.0,20240417,433,국립정신건강센터,2024,96,기타,40,정부내부수입및기타,0.0,075,보건복지부,0.0,0.0,0.0
01,자본계정,1220000000.0,1220000000.0,20240417,433,국립정신건강센터,2024,91,전입금,40,정부내부수입및기타,1220000000.0,075,보건복지부,1220000000.0,0.0,0.0
02,손익계정,0.0,0.0,20240417,436,국립춘천병원,2024,59,기타경상이전수입,12,경상이전수입,21076610.0,075,보건복지부,21076610.0,0.0,0.0
02,손익계정,4086000000.0,4086000000.0,20240417,436,국립춘천병원,2024,49,책임운영기관사업수입,10,기업특별회계영업수입,143120080.0,075,보건복지부,208331100.0,28756590.0,65211020.0
02,손익계정,1292000000.0,1292000000.0,20240417,436,국립춘천병원,2024,89,세계잉여금이입액,34,세계잉여금,0.0,075,보건복지부,0.0,0.0,0.0
02,손익계정,34000000.0,34000000.0,20240417,436,국립춘천병원,2024,69,잡수입,14,수입대체경비수입,50733570.0,075,보건복지부,55579560.0,75000.0,4845990.0
02,손익계정,6000000.0,6000000.0,20240417,436,국립춘천병원,2024,51,관유물대여료,11,재산수입,1899690.0,075,보건복지부,2036280.0,0.0,136590.0
02,손익계정,51000000.0,51000000.0,20240417,436,국립춘천병원,2024,69,잡수입,13,재화및용역판매수입,461090.0,075,보건복지부,600460.0,136670.0,139370.0
02,손익계정,9935000000.0,9935000000.0,20240417,436,국립춘천병원,2024,91,전입금,40,정부내부수입및기타,9935000000.0,075,보건복지부,9935000000.0,0.0,0.0
01,자본계정,100000000.0,100000000.0,20240417,436,국립춘천병원,2024,89,세계잉여금이입액,34,세계잉여금,0.0,075,보건복지부,0.0,0.0,0.0
01,자본계정,2000000.0,2000000.0,20240417,436,국립춘천병원,2024,96,기타,40,정부내부수입및기타,2000000.0,075,보건복지부,2000000.0,0.0,0.0
01,자본계정,2677000000.0,2677000000.0,20240417,436,국립춘천병원,2024,91,전입금,40,정부내부수입및기타,2677000000.0,075,보건복지부,2677000000.0,0.0,0.0
00,,0.0,0.0,20240417,542,국민건강증진기금,2024,51,기타,11,기타,73733570.0,075,보건복지부,73733570.0,0.0,0.0
00,,0.0,0.0,20240417,542,국민건강증진기금,2024,99,기타,99,기타,490982044130.0,075,보건복지부,510121044130.0,0.0,19139000000.0
00,,0.0,0.0,20240417,542,국민건강증진기금,2024,91,기타,40,기타,5258000000.0,075,보건복지부,25177000000.0,0.0,19919000000.0
00,,0.0,0.0,20240417,542,국민건강증진기금,2024,59,기타,12,기타,781204181060.0,075,보건복지부,971840437060.0,152960.0,190636256000.0
00,,0.0,0.0,20240417,542,국민건강증진기금,2024,57,기타,12,기타,1719380.0,075,보건복지부,1719380.0,0.0,0.0
00,,0.0,0.0,20240417,542,국민건강증진기금,2024,54,기타,11,기타,897404590.0,075,보건복지부,1136061910.0,563040.0,238657320.0
02,공공보건의료계정,15339000000.0,15339000000.0,20240417,542,국민건강증진기금,2024,59,기타경상이전수입,12,경상이전수입,0.0,075,보건복지부,0.0,0.0,0.0
02,공공보건의료계정,56745000000.0,56745000000.0,20240417,542,국민건강증진기금,2024,72,토지및무형자산매각대,15,관유물매각대,0.0,075,보건복지부,0.0,0.0,0.0
02,공공보건의료계정,77000000.0,77000000.0,20240417,542,국민건강증진기금,2024,51,관유물대여료,11,재산수입,0.0,075,보건복지부,0.0,0.0,0.0
02,공공보건의료계정,59447000000.0,59447000000.0,20240417,542,국민건강증진기금,2024,91,전입금,40,정부내부수입및기타,0.0,075,보건복지부,0.0,0.0,0.0
01,국민건강증진계정,37000000.0,37000000.0,20240417,542,국민건강증진기금,2024,58,가산금,12,경상이전수입,0.0,075,보건복지부,0.0,0.0,0.0
01,국민건강증진계정,3022728000000.0,3022728000000.0,20240417,542,국민건강증진기금,2024,59,기타경상이전수입,12,경상이전수입,0.0,075,보건복지부,0.0,0.0,0.0
01,국민건강증진계정,4000000.0,4000000.0,20240417,542,국민건강증진기금,2024,56,"벌금,몰수금및과태료",12,경상이전수입,0.0,075,보건복지부,0.0,0.0,0.0
01,국민건강증진계정,65000000.0,65000000.0,20240417,542,국민건강증진기금,2024,57,변상금및위약금,12,경상이전수입,0.0,075,보건복지부,0.0,0.0,0.0
01,국민건강증진계정,9016000000.0,9016000000.0,20240417,542,국민건강증진기금,2024,54,기타이자수입및재산수입,11,재산수입,0.0,075,보건복지부,0.0,0.0,0.0
01,국민건강증진계정,1077704000000.0,1077704000000.0,20240417,542,국민건강증진기금,2024,94,예수금,40,정부내부수입및기타,0.0,075,보건복지부,0.0,0.0,0.0
01,국민건강증진계정,72161000000.0,72161000000.0,20240417,542,국민건강증진기금,2024,91,전입금,40,정부내부수입및기타,0.0,075,보건복지부,0.0,0.0,0.0
01,국민건강증진계정,244808000000.0,244808000000.0,20240417,542,국민건강증진기금,2024,85,정부예금회수,31,차입금및여유자금회수,0.0,075,보건복지부,0.0,0.0,0.0
00,,0.0,0.0,20240417,532,국민연금기금,2024,99,기타,99,기타,61050778695730.0,075,보건복지부,72945507872640.0,208345574680.0,11894729176910.0
00,,61276922000000.0,61276922000000.0,20240417,532,국민연금기금,2024,38,사회보장기여금,07,사회보장기여금,0.0,075,보건복지부,0.0,0.0,0.0
00,,48289000000.0,48289000000.0,20240417,532,국민연금기금,2024,75,융자원금회수,20,융자및전대차관원금회수,0.0,075,보건복지부,0.0,0.0,0.0
00,,26528075000000.0,26528075000000.0,20240417,532,국민연금기금,2024,54,기타이자수입및재산수입,11,재산수입,0.0,075,보건복지부,0.0,0.0,0.0
00,,44609000000.0,44609000000.0,20240417,532,국민연금기금,2024,69,잡수입,13,재화및용역판매수입,0.0,075,보건복지부,0.0,0.0,0.0
00,,11114000000.0,11114000000.0,20240417,532,국민연금기금,2024,91,전입금,40,정부내부수입및기타,0.0,075,보건복지부,0.0,0.0,0.0
02,농어촌특별세사업계정,0.0,0.0,20240417,213,농어촌구조개선특별회계,2024,59,기타경상이전수입,12,경상이전수입,238524640.0,075,보건복지부,238524640.0,0.0,0.0
02,농어촌특별세사업계정,685000000.0,685000000.0,20240417,213,농어촌구조개선특별회계,2024,75,융자원금회수,20,융자및전대차관원금회수,0.0,075,보건복지부,0.0,0.0,0.0
02,농어촌특별세사업계정,90000000.0,90000000.0,20240417,213,농어촌구조개선특별회계,2024,54,기타이자수입및재산수입,11,재산수입,41203180.0,075,보건복지부,41203180.0,0.0,0.0
01,투자계정,0.0,0.0,20240417,216,에너지및자원사업특별회계,2024,59,기타경상이전수입,12,경상이전수입,21632170.0,075,보건복지부,21737590.0,0.0,105420.0
00,,9692000000.0,9692000000.0,20240417,571,응급의료기금,2024,59,기타경상이전수입,12,경상이전수입,4016396390.0,075,보건복지부,4171240480.0,4212810.0,154844090.0
00,,0.0,0.0,20240417,571,응급의료기금,2024,99,기타,99,기타,159414107660.0,075,보건복지부,168917981660.0,0.0,9503874000.0
00,,297911000000.0,297911000000.0,20240417,571,응급의료기금,2024,75,융자원금회수,20,융자및전대차관원금회수,1260318970.0,075,보건복지부,77177833060.0,0.0,75917514090.0
00,,6654000000.0,6654000000.0,20240417,571,응급의료기금,2024,54,기타이자수입및재산수입,11,재산수입,358271480.0,075,보건복지부,359338970.0,97660.0,1067490.0
00,,81586000000.0,81586000000.0,20240417,571,응급의료기금,2024,94,예수금,40,정부내부수입및기타,0.0,075,보건복지부,0.0,0.0,0.0
00,,255824000000.0,255824000000.0,20240417,571,응급의료기금,2024,91,전입금,40,정부내부수입및기타,71100000000.0,075,보건복지부,96500000000.0,0.0,25400000000.0
00,,10000000000.0,10000000000.0,20240417,571,응급의료기금,2024,85,정부예금회수,31,차입금및여유자금회수,0.0,075,보건복지부,0.0,0.0,0.0
00,,903336000000.0,903336000000.0,20240417,110,일반회계,2024,59,기타경상이전수입,12,경상이전수입,233782367820.0,075,보건복지부,242174616400.0,72538860.0,8392248580.0
00,,26350000000.0,26350000000.0,20240417,110,일반회계,2024,56,"벌금,몰수금및과태료",12,경상이전수입,2547960500.0,075,보건복지부,2818579610.0,10424000.0,270619110.0
00,,200000000.0,200000000.0,20240417,110,일반회계,2024,57,변상금및위약금,12,경상이전수입,0.0,075,보건복지부,0.0,0.0,0.0
00,,0.0,0.0,20240417,110,일반회계,2024,73,재고자산매각대및유동자산,15,관유물매각대,2000000.0,075,보건복지부,2000000.0,0.0,0.0
00,,0.0,0.0,20240417,110,일반회계,2024,99,기타,99,기타,2160000.0,075,보건복지부,2160000.0,0.0,0.0
00,,99000000.0,99000000.0,20240417,110,일반회계,2024,51,관유물대여료,11,재산수입,22630860.0,075,보건복지부,25315240.0,0.0,2684380.0
00,,12312000000.0,12312000000.0,20240417,110,일반회계,2024,54,기타이자수입및재산수입,11,재산수입,7496787220.0,075,보건복지부,8264720140.0,650420.0,767932920.0
00,,42000000.0,42000000.0,20240417,110,일반회계,2024,65,면허료및수수료,13,재화및용역판매수입,13941670.0,075,보건복지부,13941670.0,0.0,0.0
00,,1610000000.0,1610000000.0,20240417,110,일반회계,2024,69,잡수입,13,재화및용역판매수입,1092470.0,075,보건복지부,1390070.0,5000.0,297600.0
01,지역자율계정,0.0,0.0,20240417,236,지역균형발전특별회계,2024,59,기타경상이전수입,12,경상이전수입,0.0,075,보건복지부,1288500.0,0.0,1288500.0
02,지역지원계정,66109000000.0,66109000000.0,20240417,236,지역균형발전특별회계,2024,59,기타경상이전수입,12,경상이전수입,1120344770.0,075,보건복지부,1912679580.0,0.0,792334810.0
02,지역지원계정,929000000.0,929000000.0,20240417,236,지역균형발전특별회계,2024,54,기타이자수입및재산수입,11,재산수입,102525790.0,075,보건복지부,547879550.0,0.0,445353760.0
02,손익계정,58000000.0,58000000.0,20240417,440,국립자연휴양림관리소,2024,59,기타경상이전수입,12,경상이전수입,10557020.0,025,산림청,10557020.0,0.0,0.0
02,손익계정,1000000.0,1000000.0,20240417,440,국립자연휴양림관리소,2024,57,변상금및위약금,12,경상이전수입,0.0,025,산림청,0.0,0.0,0.0
02,손익계정,21008000000.0,21008000000.0,20240417,440,국립자연휴양림관리소,2024,49,책임운영기관사업수입,10,기업특별회계영업수입,3968525610.0,025,산림청,4461724310.0,0.0,493198700.0
02,손익계정,5004000000.0,5004000000.0,20240417,440,국립자연휴양림관리소,2024,89,세계잉여금이입액,34,세계잉여금,0.0,025,산림청,0.0,0.0,0.0
02,손익계정,20000000.0,20000000.0,20240417,440,국립자연휴양림관리소,2024,54,기타이자수입및재산수입,11,재산수입,44865090.0,025,산림청,44865090.0,0.0,0.0
02,손익계정,1000000.0,1000000.0,20240417,440,국립자연휴양림관리소,2024,69,잡수입,13,재화및용역판매수입,0.0,025,산림청,0.0,0.0,0.0
02,손익계정,10223000000.0,10223000000.0,20240417,440,국립자연휴양림관리소,2024,91,전입금,40,정부내부수입및기타,5742933000.0,025,산림청,5742933000.0,0.0,0.0
01,자본계정,20000000.0,20000000.0,20240417,440,국립자연휴양림관리소,2024,71,고정자산매각대,15,관유물매각대,0.0,025,산림청,0.0,0.0,0.0
01,자본계정,5315000000.0,5315000000.0,20240417,440,국립자연휴양림관리소,2024,89,세계잉여금이입액,34,세계잉여금,0.0,025,산림청,0.0,0.0,0.0
01,자본계정,31192000000.0,31192000000.0,20240417,440,국립자연휴양림관리소,2024,91,전입금,40,정부내부수입및기타,4501000000.0,025,산림청,4501000000.0,0.0,0.0
03,임업진흥사업계정,2000000.0,2000000.0,20240417,213,농어촌구조개선특별회계,2024,58,가산금,12,경상이전수입,0.0,025,산림청,0.0,0.0,0.0
03,임업진흥사업계정,254954000000.0,254954000000.0,20240417,213,농어촌구조개선특별회계,2024,59,기타경상이전수입,12,경상이전수입,64218075300.0,025,산림청,73473044920.0,811264200.0,9254969620.0
03,임업진흥사업계정,12000000.0,12000000.0,20240417,213,농어촌구조개선특별회계,2024,56,"벌금,몰수금및과태료",12,경상이전수입,12556590.0,025,산림청,13493790.0,0.0,937200.0
03,임업진흥사업계정,126000000.0,126000000.0,20240417,213,농어촌구조개선특별회계,2024,57,변상금및위약금,12,경상이전수입,19839650.0,025,산림청,32364250.0,0.0,12524600.0
03,임업진흥사업계정,0.0,0.0,20240417,213,농어촌구조개선특별회계,2024,71,고정자산매각대,15,관유물매각대,1083240.0,025,산림청,1083240.0,0.0,0.0
03,임업진흥사업계정,25707000000.0,25707000000.0,20240417,213,농어촌구조개선특별회계,2024,72,토지및무형자산매각대,15,관유물매각대,4372021070.0,025,산림청,5142066150.0,18890000.0,770045080.0
03,임업진흥사업계정,0.0,0.0,20240417,213,농어촌구조개선특별회계,2024,99,기타,99,기타,43590310.0,025,산림청,43953550.0,0.0,363240.0
03,임업진흥사업계정,9760000000.0,9760000000.0,20240417,213,농어촌구조개선특별회계,2024,89,세계잉여금이입액,34,세계잉여금,0.0,025,산림청,0.0,0.0,0.0
03,임업진흥사업계정,55836000000.0,55836000000.0,20240417,213,농어촌구조개선특별회계,2024,75,융자원금회수,20,융자및전대차관원금회수,5127512500.0,025,산림청,5127512500.0,0.0,0.0
03,임업진흥사업계정,1416000000.0,1416000000.0,20240417,213,농어촌구조개선특별회계,2024,54,기타이자수입및재산수입,11,재산수입,411347790.0,025,산림청,476432710.0,0.0,65084920.0
03,임업진흥사업계정,77000000.0,77000000.0,20240417,213,농어촌구조개선특별회계,2024,69,잡수입,13,재화및용역판매수입,310098110.0,025,산림청,317222140.0,0.0,7124030.0
03,임업진흥사업계정,638808000000.0,638808000000.0,20240417,213,농어촌구조개선특별회계,2024,91,전입금,40,정부내부수입및기타,218161131000.0,025,산림청,218161131000.0,0.0,0.0
01,투자계정,0.0,0.0,20240417,216,에너지및자원사업특별회계,2024,59,기타경상이전수입,12,경상이전수입,654773090.0,025,산림청,1579773090.0,925000000.0,925000000.0
01,투자계정,0.0,0.0,20240417,216,에너지및자원사업특별회계,2024,54,기타이자수입및재산수입,11,재산수입,99509540.0,025,산림청,129814870.0,30305330.0,30305330.0
00,,5000000.0,5000000.0,20240417,110,일반회계,2024,58,가산금,12,경상이전수입,42360.0,025,산림청,195820.0,0.0,153460.0
00,,17038000000.0,17038000000.0,20240417,110,일반회계,2024,59,기타경상이전수입,12,경상이전수입,5717178950.0,025,산림청,5749862840.0,5865420.0,32683890.0
00,,56000000.0,56000000.0,20240417,110,일반회계,2024,56,"벌금,몰수금및과태료",12,경상이전수입,8289900.0,025,산림청,9929900.0,0.0,1640000.0
00,,2715000000.0,2715000000.0,20240417,110,일반회계,2024,57,변상금및위약금,12,경상이전수입,466388610.0,025,산림청,535647920.0,937810.0,69259310.0
00,,145000000.0,145000000.0,20240417,110,일반회계,2024,71,고정자산매각대,15,관유물매각대,10640100.0,025,산림청,10640100.0,0.0,0.0
00,,58148000000.0,58148000000.0,20240417,110,일반회계,2024,72,토지및무형자산매각대,15,관유물매각대,7595428240.0,025,산림청,9486966850.0,2741600.0,1891538610.0
00,,0.0,0.0,20240417,110,일반회계,2024,99,기타,99,기타,6035630.0,025,산림청,26426630.0,0.0,20391000.0
00,,14022000000.0,14022000000.0,20240417,110,일반회계,2024,51,관유물대여료,11,재산수입,1332976760.0,025,산림청,1965298990.0,27094870.0,632322230.0
00,,668000000.0,668000000.0,20240417,110,일반회계,2024,54,기타이자수입및재산수입,11,재산수입,1380237540.0,025,산림청,1380303490.0,30810.0,65950.0
00,,129000000.0,129000000.0,20240417,110,일반회계,2024,65,면허료및수수료,13,재화및용역판매수입,34505400.0,025,산림청,38185600.0,30000.0,3680200.0
00,,176000000.0,176000000.0,20240417,110,일반회계,2024,64,입장료수입,13,재화및용역판매수입,13119010.0,025,산림청,13997410.0,35000.0,878400.0
00,,3902000000.0,3902000000.0,20240417,110,일반회계,2024,69,잡수입,13,재화및용역판매수입,232533450.0,025,산림청,252951680.0,310930.0,20418230.0
01,지역자율계정,0.0,0.0,20240417,236,지역균형발전특별회계,2024,59,기타경상이전수입,12,경상이전수입,294205410.0,025,산림청,295017410.0,0.0,812000.0
01,지역자율계정,0.0,0.0,20240417,236,지역균형발전특별회계,2024,54,기타이자수입및재산수입,11,재산수입,0.0,025,산림청,4060.0,0.0,4060.0
02,지역지원계정,0.0,0.0,20240417,236,지역균형발전특별회계,2024,59,기타경상이전수입,12,경상이전수입,35055570.0,025,산림청,35134100.0,0.0,78530.0
02,지역지원계정,0.0,0.0,20240417,236,지역균형발전특별회계,2024,57,변상금및위약금,12,경상이전수입,0.0,025,산림청,1052400.0,0.0,1052400.0
02,지역지원계정,0.0,0.0,20240417,236,지역균형발전특별회계,2024,54,기타이자수입및재산수입,11,재산수입,9790950.0,025,산림청,9791020.0,0.0,70.0
00,,212534000000.0,212534000000.0,20240417,577,무역보험기금,2024,59,기타경상이전수입,12,경상이전수입,0.0,094,산업통상자원부,0.0,0.0,0.0
00,,1062000000.0,1062000000.0,20240417,577,무역보험기금,2024,51,관유물대여료,11,재산수입,0.0,094,산업통상자원부,0.0,0.0,0.0
00,,165345000000.0,165345000000.0,20240417,577,무역보험기금,2024,54,기타이자수입및재산수입,11,재산수입,0.0,094,산업통상자원부,0.0,0.0,0.0
00,,630240000000.0,630240000000.0,20240417,577,무역보험기금,2024,69,잡수입,13,재화및용역판매수입,0.0,094,산업통상자원부,0.0,0.0,0.0
00,,70000000000.0,70000000000.0,20240417,577,무역보험기금,2024,91,전입금,40,정부내부수입및기타,0.0,094,산업통상자원부,0.0,0.0,0.0
00,,2081313000000.0,2081313000000.0,20240417,577,무역보험기금,2024,84,유가증권매각대,31,차입금및여유자금회수,0.0,094,산업통상자원부,0.0,0.0,0.0
00,,2390491000000.0,2390491000000.0,20240417,577,무역보험기금,2024,85,정부예금회수,31,차입금및여유자금회수,0.0,094,산업통상자원부,0.0,0.0,0.0
00,,955280000000.0,955280000000.0,20240417,596,방사성폐기물관리기금,2024,59,기타경상이전수입,12,경상이전수입,95515539950.0,094,산업통상자원부,95594813600.0,0.0,79273650.0
00,,130336000000.0,130336000000.0,20240417,596,방사성폐기물관리기금,2024,54,기타이자수입및재산수입,11,재산수입,3592518920.0,094,산업통상자원부,17313000440.0,0.0,13720481520.0
00,,74543000000.0,74543000000.0,20240417,596,방사성폐기물관리기금,2024,69,잡수입,13,재화및용역판매수입,111599380.0,094,산업통상자원부,111599380.0,0.0,0.0
00,,2880000000000.0,2880000000000.0,20240417,596,방사성폐기물관리기금,2024,92,예탁원금회수,40,정부내부수입및기타,2313940000000.0,094,산업통상자원부,2313940000000.0,0.0,0.0
00,,120417000000.0,120417000000.0,20240417,596,방사성폐기물관리기금,2024,95,예탁이자수입,40,정부내부수입및기타,22713144730.0,094,산업통상자원부,22713144730.0,0.0,0.0
00,,5130082000000.0,5130082000000.0,20240417,596,방사성폐기물관리기금,2024,85,정부예금회수,31,차입금및여유자금회수,720287593000.0,094,산업통상자원부,838958593000.0,0.0,118671000000.0
01,산업기술혁신계정,55749000000.0,55749000000.0,20240417,505,산업기술진흥및사업화촉진기금,2024,59,기타경상이전수입,12,경상이전수입,20317208830.0,094,산업통상자원부,24304373160.0,0.0,3987164330.0
01,산업기술혁신계정,0.0,0.0,20240417,505,산업기술진흥및사업화촉진기금,2024,99,기타,99,기타,48362556350.0,094,산업통상자원부,48605065690.0,0.0,242509340.0
01,산업기술혁신계정,917000000.0,917000000.0,20240417,505,산업기술진흥및사업화촉진기금,2024,54,기타이자수입및재산수입,11,재산수입,570696650.0,094,산업통상자원부,573436310.0,0.0,2739660.0
01,산업기술혁신계정,60000000000.0,60000000000.0,20240417,505,산업기술진흥및사업화촉진기금,2024,94,예수금,40,정부내부수입및기타,60000000000.0,094,산업통상자원부,60000000000.0,0.0,0.0
01,산업기술혁신계정,58845000000.0,58845000000.0,20240417,505,산업기술진흥및사업화촉진기금,2024,85,정부예금회수,31,차입금및여유자금회수,0.0,094,산업통상자원부,0.0,0.0,0.0
02,특정물질사용합리화계정,2096000000.0,2096000000.0,20240417,505,산업기술진흥및사업화촉진기금,2024,59,기타경상이전수입,12,경상이전수입,591717320.0,094,산업통상자원부,591873060.0,0.0,155740.0
02,특정물질사용합리화계정,0.0,0.0,20240417,505,산업기술진흥및사업화촉진기금,2024,99,기타,99,기타,638802040.0,094,산업통상자원부,638802040.0,0.0,0.0
02,특정물질사용합리화계정,1425000000.0,1425000000.0,20240417,505,산업기술진흥및사업화촉진기금,2024,75,융자원금회수,20,융자및전대차관원금회수,1264122180.0,094,산업통상자원부,1483973240.0,0.0,219851060.0
02,특정물질사용합리화계정,64000000.0,64000000.0,20240417,505,산업기술진흥및사업화촉진기금,2024,54,기타이자수입및재산수입,11,재산수입,26291940.0,094,산업통상자원부,26291940.0,0.0,0.0
02,특정물질사용합리화계정,12000000000.0,12000000000.0,20240417,505,산업기술진흥및사업화촉진기금,2024,92,예탁원금회수,40,정부내부수입및기타,0.0,094,산업통상자원부,0.0,0.0,0.0
02,특정물질사용합리화계정,485000000.0,485000000.0,20240417,505,산업기술진흥및사업화촉진기금,2024,95,예탁이자수입,40,정부내부수입및기타,193936430.0,094,산업통상자원부,193936430.0,0.0,0.0
02,특정물질사용합리화계정,10769000000.0,10769000000.0,20240417,505,산업기술진흥및사업화촉진기금,2024,85,정부예금회수,31,차입금및여유자금회수,0.0,094,산업통상자원부,0.0,0.0,0.0
00,,31806000000.0,31806000000.0,20240417,238,소재부품장비경쟁력강화특별회계,2024,59,기타경상이전수입,12,경상이전수입,6597884380.0,094,산업통상자원부,14262262810.0,0.0,7664378430.0
00,,71319000000.0,71319000000.0,20240417,238,소재부품장비경쟁력강화특별회계,2024,89,세계잉여금이입액,34,세계잉여금,0.0,094,산업통상자원부,0.0,0.0,0.0
00,,3570000000.0,3570000000.0,20240417,238,소재부품장비경쟁력강화특별회계,2024,54,기타이자수입및재산수입,11,재산수입,5847533300.0,094,산업통상자원부,8108328800.0,0.0,2260795500.0
00,,4804000000.0,4804000000.0,20240417,238,소재부품장비경쟁력강화특별회계,2024,52,정부출자수입,11,재산수입,0.0,094,산업통상자원부,0.0,0.0,0.0
00,,2054044000000.0,2054044000000.0,20240417,238,소재부품장비경쟁력강화특별회계,2024,91,전입금,40,정부내부수입및기타,1075172000000.0,094,산업통상자원부,1179672000000.0,0.0,104500000000.0
02,융자계정,463163000000.0,463163000000.0,20240417,216,에너지및자원사업특별회계,2024,75,융자원금회수,20,융자및전대차관원금회수,98419045240.0,094,산업통상자원부,107691892970.0,0.0,9272847730.0
02,융자계정,23762000000.0,23762000000.0,20240417,216,에너지및자원사업특별회계,2024,54,기타이자수입및재산수입,11,재산수입,1262891010.0,094,산업통상자원부,1262891010.0,0.0,0.0
01,투자계정,75000000.0,75000000.0,20240417,216,에너지및자원사업특별회계,2024,58,가산금,12,경상이전수입,0.0,094,산업통상자원부,22430.0,0.0,22430.0
01,투자계정,1941142000000.0,1941142000000.0,20240417,216,에너지및자원사업특별회계,2024,59,기타경상이전수입,12,경상이전수입,1088181088720.0,094,산업통상자원부,1377012338990.0,0.0,288831250270.0
01,투자계정,105000000.0,105000000.0,20240417,216,에너지및자원사업특별회계,2024,56,"벌금,몰수금및과태료",12,경상이전수입,5000000.0,094,산업통상자원부,5000000.0,0.0,0.0
01,투자계정,0.0,0.0,20240417,216,에너지및자원사업특별회계,2024,99,기타,99,기타,37827456770.0,094,산업통상자원부,46307037350.0,0.0,8479580580.0
01,투자계정,117672000000.0,117672000000.0,20240417,216,에너지및자원사업특별회계,2024,89,세계잉여금이입액,34,세계잉여금,0.0,094,산업통상자원부,0.0,0.0,0.0
01,투자계정,13000000.0,13000000.0,20240417,216,에너지및자원사업특별회계,2024,51,관유물대여료,11,재산수입,0.0,094,산업통상자원부,0.0,0.0,0.0
01,투자계정,2327000000.0,2327000000.0,20240417,216,에너지및자원사업특별회계,2024,54,기타이자수입및재산수입,11,재산수입,2673584900.0,094,산업통상자원부,3856912730.0,0.0,1183327830.0
01,투자계정,9208000000.0,9208000000.0,20240417,216,에너지및자원사업특별회계,2024,52,정부출자수입,11,재산수입,0.0,094,산업통상자원부,0.0,0.0,0.0
01,투자계정,2203093000000.0,2203093000000.0,20240417,216,에너지및자원사업특별회계,2024,94,예수금,40,정부내부수입및기타,0.0,094,산업통상자원부,0.0,0.0,0.0
01,투자계정,1455541000000.0,1455541000000.0,20240417,216,에너지및자원사업특별회계,2024,91,전입금,40,정부내부수입및기타,100000000000.0,094,산업통상자원부,100000000000.0,0.0,0.0
00,,6000000.0,6000000.0,20240417,110,일반회계,2024,58,가산금,12,경상이전수입,0.0,094,산업통상자원부,0.0,0.0,0.0
00,,120302000000.0,120302000000.0,20240417,110,일반회계,2024,59,기타경상이전수입,12,경상이전수입,17584409200.0,094,산업통상자원부,19999947540.0,2680.0,2415538340.0
00,,820000000.0,820000000.0,20240417,110,일반회계,2024,56,"벌금,몰수금및과태료",12,경상이전수입,49629170.0,094,산업통상자원부,96429170.0,0.0,46800000.0
00,,0.0,0.0,20240417,110,일반회계,2024,57,변상금및위약금,12,경상이전수입,3704940.0,094,산업통상자원부,3704940.0,0.0,0.0
00,,867000000.0,867000000.0,20240417,110,일반회계,2024,69,잡수입,14,수입대체경비수입,198335010.0,094,산업통상자원부,250719790.0,639590.0,52384780.0
00,,23077000000.0,23077000000.0,20240417,110,일반회계,2024,51,관유물대여료,11,재산수입,3384539670.0,094,산업통상자원부,3684216830.0,5144450.0,299677160.0
00,,12774000000.0,12774000000.0,20240417,110,일반회계,2024,54,기타이자수입및재산수입,11,재산수입,7898182220.0,094,산업통상자원부,10825125210.0,0.0,2926942990.0
00,,26000000.0,26000000.0,20240417,110,일반회계,2024,69,잡수입,13,재화및용역판매수입,1788030.0,094,산업통상자원부,1788030.0,0.0,0.0
00,,2603000000.0,2603000000.0,20240417,565,전력산업기반기금,2024,58,가산금,12,경상이전수입,452777930.0,094,산업통상자원부,636895000.0,0.0,184117070.0
00,,3287524000000.0,3287524000000.0,20240417,565,전력산업기반기금,2024,59,기타경상이전수입,12,경상이전수입,699256363470.0,094,산업통상자원부,971683049650.0,30870000.0,272426686180.0
00,,188565000000.0,188565000000.0,20240417,565,전력산업기반기금,2024,75,융자원금회수,20,융자및전대차관원금회수,37709616470.0,094,산업통상자원부,51198625270.0,0.0,13489008800.0
00,,51402000000.0,51402000000.0,20240417,565,전력산업기반기금,2024,54,기타이자수입및재산수입,11,재산수입,28810259180.0,094,산업통상자원부,30644170630.0,9828790.0,1833911450.0
00,,0.0,0.0,20240417,565,전력산업기반기금,2024,69,잡수입,13,재화및용역판매수입,5179783800.0,094,산업통상자원부,5179783800.0,0.0,0.0
00,,280000000000.0,280000000000.0,20240417,565,전력산업기반기금,2024,92,예탁원금회수,40,정부내부수입및기타,0.0,094,산업통상자원부,0.0,0.0,0.0
00,,9103000000.0,9103000000.0,20240417,565,전력산업기반기금,2024,95,예탁이자수입,40,정부내부수입및기타,2939424650.0,094,산업통상자원부,2939424650.0,0.0,0.0
00,,681844000000.0,681844000000.0,20240417,565,전력산업기반기금,2024,85,정부예금회수,31,차입금및여유자금회수,2201036447780.0,094,산업통상자원부,2254174447780.0,1024000000.0,53138000000.0
04,세종특별자치시계정,100000000.0,100000000.0,20240417,236,지역균형발전특별회계,2024,59,기타경상이전수입,12,경상이전수입,0.0,094,산업통상자원부,0.0,0.0,0.0
04,세종특별자치시계정,2000000.0,2000000.0,20240417,236,지역균형발전특별회계,2024,54,기타이자수입및재산수입,11,재산수입,0.0,094,산업통상자원부,0.0,0.0,0.0
03,제주특별자치도계정,5000000.0,5000000.0,20240417,236,지역균형발전특별회계,2024,59,기타경상이전수입,12,경상이전수입,0.0,094,산업통상자원부,0.0,0.0,0.0
03,제주특별자치도계정,1000000.0,1000000.0,20240417,236,지역균형발전특별회계,2024,54,기타이자수입및재산수입,11,재산수입,0.0,094,산업통상자원부,0.0,0.0,0.0
01,지역자율계정,267000000.0,267000000.0,20240417,236,지역균형발전특별회계,2024,59,기타경상이전수입,12,경상이전수입,0.0,094,산업통상자원부,0.0,0.0,0.0
01,지역자율계정,40000000.0,40000000.0,20240417,236,지역균형발전특별회계,2024,54,기타이자수입및재산수입,11,재산수입,0.0,094,산업통상자원부,0.0,0.0,0.0
02,지역지원계정,66066000000.0,66066000000.0,20240417,236,지역균형발전특별회계,2024,59,기타경상이전수입,12,경상이전수입,9972311200.0,094,산업통상자원부,13530439250.0,0.0,3558128050.0
02,지역지원계정,4337000000.0,4337000000.0,20240417,236,지역균형발전특별회계,2024,54,기타이자수입및재산수입,11,재산수입,2337675970.0,094,산업통상자원부,2400327670.0,28394480.0,62651700.0
00,,760000000.0,760000000.0,20240417,110,일반회계,2024,59,기타경상이전수입,12,경상이전수입,1154640.0,099,새만금개발청,2899460.0,0.0,1744820.0
00,,0.0,0.0,20240417,110,일반회계,2024,57,변상금및위약금,12,경상이전수입,2743088910.0,099,새만금개발청,2743088910.0,0.0,0.0
00,,1728000000.0,1728000000.0,20240417,110,일반회계,2024,51,관유물대여료,11,재산수입,108498180.0,099,새만금개발청,206528370.0,0.0,98030190.0
00,,6254000000.0,6254000000.0,20240417,110,일반회계,2024,65,면허료및수수료,13,재화및용역판매수입,0.0,099,새만금개발청,0.0,0.0,0.0
00,,86000000.0,86000000.0,20240417,110,일반회계,2024,69,잡수입,13,재화및용역판매수입,5047190.0,099,새만금개발청,9675290.0,0.0,4628100.0
02,지역지원계정,0.0,0.0,20240417,236,지역균형발전특별회계,2024,59,기타경상이전수입,12,경상이전수입,148450.0,099,새만금개발청,148450.0,0.0,0.0
02,지역지원계정,64000000.0,64000000.0,20240417,236,지역균형발전특별회계,2024,51,관유물대여료,11,재산수입,32219000.0,099,새만금개발청,32219000.0,0.0,0.0
00,,2293000000.0,2293000000.0,20240417,110,일반회계,2024,59,기타경상이전수입,12,경상이전수입,383886330.0,103,소방청,394160870.0,0.0,10274540.0
00,,1000000.0,1000000.0,20240417,110,일반회계,2024,56,"벌금,몰수금및과태료",12,경상이전수입,0.0,103,소방청,662540.0,0.0,662540.0
00,,126000000.0,126000000.0,20240417,110,일반회계,2024,57,변상금및위약금,12,경상이전수입,43557830.0,103,소방청,43557830.0,0.0,0.0
00,,0.0,0.0,20240417,110,일반회계,2024,99,기타,99,기타,3775200.0,103,소방청,3775200.0,0.0,0.0
00,,1512000000.0,1512000000.0,20240417,110,일반회계,2024,69,잡수입,14,수입대체경비수입,19570090.0,103,소방청,26320080.0,232540.0,6749990.0
00,,17000000.0,17000000.0,20240417,110,일반회계,2024,51,관유물대여료,11,재산수입,0.0,103,소방청,0.0,0.0,0.0
00,,164000000.0,164000000.0,20240417,110,일반회계,2024,54,기타이자수입및재산수입,11,재산수입,105347520.0,103,소방청,105347520.0,0.0,0.0
00,,200000000.0,200000000.0,20240417,110,일반회계,2024,65,면허료및수수료,13,재화및용역판매수입,7697000.0,103,소방청,7697000.0,0.0,0.0
00,,36000000.0,36000000.0,20240417,110,일반회계,2024,69,잡수입,13,재화및용역판매수입,10600480.0,103,소방청,10809480.0,0.0,209000.0
01,구조개선사업계정,18000000.0,18000000.0,20240417,213,농어촌구조개선특별회계,2024,71,고정자산매각대,15,관유물매각대,0.0,097,식품의약품안전처,0.0,0.0,0.0
00,,6000000.0,6000000.0,20240417,110,일반회계,2024,58,가산금,12,경상이전수입,0.0,097,식품의약품안전처,0.0,0.0,0.0
00,,2759000000.0,2759000000.0,20240417,110,일반회계,2024,59,기타경상이전수입,12,경상이전수입,2549884120.0,097,식품의약품안전처,3124700530.0,0.0,574816410.0
00,,4349000000.0,4349000000.0,20240417,110,일반회계,2024,56,"벌금,몰수금및과태료",12,경상이전수입,679728200.0,097,식품의약품안전처,894027200.0,3110000.0,214299000.0
00,,120000000.0,120000000.0,20240417,110,일반회계,2024,57,변상금및위약금,12,경상이전수입,11798860.0,097,식품의약품안전처,11798860.0,0.0,0.0
00,,297000000.0,297000000.0,20240417,110,일반회계,2024,71,고정자산매각대,15,관유물매각대,76220000.0,097,식품의약품안전처,76220000.0,0.0,0.0
00,,0.0,0.0,20240417,110,일반회계,2024,56,기타,00,기타,200000.0,097,식품의약품안전처,200000.0,0.0,0.0
00,,25152000000.0,25152000000.0,20240417,110,일반회계,2024,65,면허료및수수료,14,수입대체경비수입,3327362630.0,097,식품의약품안전처,4765152050.0,0.0,1437789420.0
00,,1075000000.0,1075000000.0,20240417,110,일반회계,2024,69,잡수입,14,수입대체경비수입,469975610.0,097,식품의약품안전처,560573710.0,12693130.0,90598100.0
00,,83000000.0,83000000.0,20240417,110,일반회계,2024,51,관유물대여료,11,재산수입,25224610.0,097,식품의약품안전처,34656600.0,0.0,9431990.0
00,,381000000.0,381000000.0,20240417,110,일반회계,2024,54,기타이자수입및재산수입,11,재산수입,637034800.0,097,식품의약품안전처,718069750.0,0.0,81034950.0
00,,3304000000.0,3304000000.0,20240417,110,일반회계,2024,65,면허료및수수료,13,재화및용역판매수입,405172540.0,097,식품의약품안전처,607408340.0,0.0,202235800.0
00,,38000000.0,38000000.0,20240417,110,일반회계,2024,69,잡수입,13,재화및용역판매수입,76076230.0,097,식품의약품안전처,77396230.0,0.0,1320000.0
00,,15347000000.0,15347000000.0,20240417,545,양성평등기금,2024,59,기타경상이전수입,12,경상이전수입,9472715170.0,076,여성가족부,11722605470.0,0.0,2249890300.0
00,,0.0,0.0,20240417,545,양성평등기금,2024,99,기타,99,기타,726980061700.0,076,여성가족부,747618875590.0,15661000000.0,20638813890.0
00,,1000000.0,1000000.0,20240417,545,양성평등기금,2024,75,융자원금회수,20,융자및전대차관원금회수,0.0,076,여성가족부,0.0,0.0,0.0
00,,1143000000.0,1143000000.0,20240417,545,양성평등기금,2024,54,기타이자수입및재산수입,11,재산수입,12334620.0,076,여성가족부,554094040.0,0.0,541759420.0
00,,758242000000.0,758242000000.0,20240417,545,양성평등기금,2024,91,전입금,40,정부내부수입및기타,0.0,076,여성가족부,0.0,0.0,0.0
00,,46135000000.0,46135000000.0,20240417,545,양성평등기금,2024,85,정부예금회수,31,차입금및여유자금회수,0.0,076,여성가족부,0.0,0.0,0.0
00,,33873000000.0,33873000000.0,20240417,110,일반회계,2024,59,기타경상이전수입,12,경상이전수입,5540603880.0,076,여성가족부,6201147590.0,0.0,660543710.0
00,,0.0,0.0,20240417,110,일반회계,2024,56,"벌금,몰수금및과태료",12,경상이전수입,12260730.0,076,여성가족부,12260730.0,0.0,0.0
00,,20000000.0,20000000.0,20240417,110,일반회계,2024,51,관유물대여료,11,재산수입,19095850.0,076,여성가족부,19095850.0,0.0,0.0
00,,2922000000.0,2922000000.0,20240417,110,일반회계,2024,54,기타이자수입및재산수입,11,재산수입,818456340.0,076,여성가족부,827035110.0,0.0,8578770.0
00,,0.0,0.0,20240417,110,일반회계,2024,69,잡수입,13,재화및용역판매수입,93390.0,076,여성가족부,93390.0,0.0,0.0
02,지역지원계정,1255000000.0,1255000000.0,20240417,236,지역균형발전특별회계,2024,59,기타경상이전수입,12,경상이전수입,5005200.0,076,여성가족부,40778920.0,0.0,35773720.0
02,지역지원계정,86000000.0,86000000.0,20240417,236,지역균형발전특별회계,2024,54,기타이자수입및재산수입,11,재산수입,3624350.0,076,여성가족부,17070390.0,0.0,13446040.0
00,,5818000000.0,5818000000.0,20240417,533,청소년육성기금,2024,59,기타경상이전수입,12,경상이전수입,784296430.0,076,여성가족부,1065321540.0,0.0,281025110.0
00,,0.0,0.0,20240417,533,청소년육성기금,2024,99,기타,99,기타,137427502450.0,076,여성가족부,157386222450.0,18673720000.0,19958720000.0
00,,374000000.0,374000000.0,20240417,533,청소년육성기금,2024,54,기타이자수입및재산수입,11,재산수입,148834090.0,076,여성가족부,152286510.0,0.0,3452420.0
00,,4148000000.0,4148000000.0,20240417,533,청소년육성기금,2024,69,잡수입,13,재화및용역판매수입,9013730.0,076,여성가족부,9013730.0,0.0,0.0
00,,5791000000.0,5791000000.0,20240417,533,청소년육성기금,2024,94,예수금,40,정부내부수입및기타,1100000000.0,076,여성가족부,2000000000.0,0.0,900000000.0
00,,149596000000.0,149596000000.0,20240417,533,청소년육성기금,2024,91,전입금,40,정부내부수입및기타,0.0,076,여성가족부,0.0,0.0,0.0
00,,4980000000.0,4980000000.0,20240417,533,청소년육성기금,2024,85,정부예금회수,31,차입금및여유자금회수,0.0,076,여성가족부,0.0,0.0,0.0
00,,71608000000.0,71608000000.0,20240417,566,국제교류기금,2024,59,기타경상이전수입,12,경상이전수입,0.0,087,외교부,0.0,0.0,0.0
00,,2730000000.0,2730000000.0,20240417,566,국제교류기금,2024,54,기타이자수입및재산수입,11,재산수입,0.0,087,외교부,0.0,0.0,0.0
00,,500000000.0,500000000.0,20240417,566,국제교류기금,2024,69,잡수입,13,재화및용역판매수입,0.0,087,외교부,0.0,0.0,0.0
00,,28000000000.0,28000000000.0,20240417,566,국제교류기금,2024,92,예탁원금회수,40,정부내부수입및기타,0.0,087,외교부,0.0,0.0,0.0
00,,840000000.0,840000000.0,20240417,566,국제교류기금,2024,95,예탁이자수입,40,정부내부수입및기타,0.0,087,외교부,0.0,0.0,0.0
00,,52889000000.0,52889000000.0,20240417,566,국제교류기금,2024,85,정부예금회수,31,차입금및여유자금회수,0.0,087,외교부,0.0,0.0,0.0
00,,41049000000.0,41049000000.0,20240417,507,국제질병퇴치기금,2024,59,기타경상이전수입,12,경상이전수입,9844187220.0,087,외교부,9844187220.0,0.0,0.0
00,,130000000.0,130000000.0,20240417,507,국제질병퇴치기금,2024,54,기타이자수입및재산수입,11,재산수입,26947350.0,087,외교부,27474500.0,527150.0,527150.0
00,,52010000000.0,52010000000.0,20240417,507,국제질병퇴치기금,2024,94,예수금,40,정부내부수입및기타,0.0,087,외교부,0.0,0.0,0.0
00,,9047000000.0,9047000000.0,20240417,507,국제질병퇴치기금,2024,85,정부예금회수,31,차입금및여유자금회수,4459159450.0,087,외교부,4509340300.0,50180850.0,50180850.0
00,,7203000000.0,7203000000.0,20240417,110,일반회계,2024,59,기타경상이전수입,12,경상이전수입,11887441420.0,087,외교부,12523698990.0,0.0,636257570.0
00,,0.0,0.0,20240417,110,일반회계,2024,56,"벌금,몰수금및과태료",12,경상이전수입,630000.0,087,외교부,1967900.0,0.0,1337900.0
00,,132361000000.0,132361000000.0,20240417,110,일반회계,2024,65,면허료및수수료,14,수입대체경비수입,46958540430.0,087,외교부,46958540430.0,0.0,0.0
00,,429000000.0,429000000.0,20240417,110,일반회계,2024,51,관유물대여료,11,재산수입,651970.0,087,외교부,33236100.0,0.0,32584130.0
00,,130000000.0,130000000.0,20240417,110,일반회계,2024,54,기타이자수입및재산수입,11,재산수입,234757660.0,087,외교부,320219250.0,0.0,85461590.0
00,,136200000000.0,136200000000.0,20240417,110,일반회계,2024,65,면허료및수수료,13,재화및용역판매수입,42962413370.0,087,외교부,42962413370.0,0.0,0.0
00,,1000000000.0,1000000000.0,20240417,110,일반회계,2024,69,잡수입,13,재화및용역판매수입,573595680.0,087,외교부,689844370.0,0.0,116248690.0
00,,1746000000.0,1746000000.0,20240417,110,일반회계,2024,59,기타경상이전수입,12,경상이전수입,1386867720.0,083,원자력안전위원회,1387293780.0,0.0,426060.0
00,,17000000.0,17000000.0,20240417,110,일반회계,2024,56,"벌금,몰수금및과태료",12,경상이전수입,3385000.0,083,원자력안전위원회,3385000.0,0.0,0.0
00,,77000000.0,77000000.0,20240417,110,일반회계,2024,65,면허료및수수료,13,재화및용역판매수입,510000.0,083,원자력안전위원회,49562500.0,49052500.0,49052500.0
00,,19561205000000.0,19561205000000.0,20240417,554,공무원연금기금,2024,55,연금수입,12,경상이전수입,0.0,146,인사혁신처,0.0,0.0,0.0
00,,1418000000.0,1418000000.0,20240417,554,공무원연금기금,2024,71,고정자산매각대,15,관유물매각대,0.0,146,인사혁신처,0.0,0.0,0.0
00,,9959000000.0,9959000000.0,20240417,554,공무원연금기금,2024,72,토지및무형자산매각대,15,관유물매각대,0.0,146,인사혁신처,0.0,0.0,0.0
00,,1219258000000.0,1219258000000.0,20240417,554,공무원연금기금,2024,75,융자원금회수,20,융자및전대차관원금회수,0.0,146,인사혁신처,0.0,0.0,0.0
00,,637028000000.0,637028000000.0,20240417,554,공무원연금기금,2024,51,관유물대여료,11,재산수입,0.0,146,인사혁신처,0.0,0.0,0.0
00,,354716000000.0,354716000000.0,20240417,554,공무원연금기금,2024,54,기타이자수입및재산수입,11,재산수입,0.0,146,인사혁신처,0.0,0.0,0.0
00,,200487000000.0,200487000000.0,20240417,554,공무원연금기금,2024,69,잡수입,13,재화및용역판매수입,0.0,146,인사혁신처,0.0,0.0,0.0
00,,6607106000000.0,6607106000000.0,20240417,554,공무원연금기금,2024,91,전입금,40,정부내부수입및기타,0.0,146,인사혁신처,0.0,0.0,0.0
00,,2787776000000.0,2787776000000.0,20240417,554,공무원연금기금,2024,85,정부예금회수,31,차입금및여유자금회수,0.0,146,인사혁신처,0.0,0.0,0.0
00,,1349000000.0,1349000000.0,20240417,110,일반회계,2024,59,기타경상이전수입,12,경상이전수입,764514800.0,146,인사혁신처,830727560.0,0.0,66212760.0
00,,0.0,0.0,20240417,110,일반회계,2024,56,"벌금,몰수금및과태료",12,경상이전수입,3862000.0,146,인사혁신처,3862000.0,0.0,0.0
00,,4029000000.0,4029000000.0,20240417,110,일반회계,2024,69,잡수입,14,수입대체경비수입,734336890.0,146,인사혁신처,750350890.0,12000.0,16014000.0
00,,4000000.0,4000000.0,20240417,110,일반회계,2024,51,관유물대여료,11,재산수입,4610610.0,146,인사혁신처,4610610.0,0.0,0.0
00,,1120000000.0,1120000000.0,20240417,110,일반회계,2024,65,면허료및수수료,13,재화및용역판매수입,0.0,146,인사혁신처,0.0,0.0,0.0
00,,25000000.0,25000000.0,20240417,110,일반회계,2024,69,잡수입,13,재화및용역판매수입,3341610.0,146,인사혁신처,3516150.0,0.0,174540.0
00,,35489000000.0,35489000000.0,20240417,110,일반회계,2024,91,전입금,40,정부내부수입및기타,0.0,146,인사혁신처,0.0,0.0,0.0
00,,0.0,0.0,20240417,110,일반회계,2024,59,기타경상이전수입,12,경상이전수입,2160708170.0,139,재외동포청,2164418040.0,0.0,3709870.0
00,,0.0,0.0,20240417,110,일반회계,2024,99,기타,99,기타,2611610.0,139,재외동포청,2611610.0,0.0,0.0
00,,9000000.0,9000000.0,20240417,110,일반회계,2024,65,면허료및수수료,13,재화및용역판매수입,1115400.0,139,재외동포청,1407600.0,0.0,292200.0
00,,0.0,0.0,20240417,810,조달사업회전자금,2024,45,기타,10,기타,5600637094320.0,033,조달청,6628311871810.0,105022574980.0,1027674777490.0
00,,0.0,0.0,20240417,810,조달사업회전자금,2024,69,기타,13,기타,504449595590.0,033,조달청,507955678340.0,366775330.0,3506082750.0
00,,0.0,0.0,20240417,810,조달사업회전자금,2024,99,기타,99,기타,78642467780.0,033,조달청,78703941690.0,11760.0,61473910.0
02,손익계정,0.0,0.0,20240417,313,조달특별회계,2024,59,기타경상이전수입,12,경상이전수입,337010.0,033,조달청,1643690.0,0.0,1306680.0
02,손익계정,300000000.0,300000000.0,20240417,313,조달특별회계,2024,56,"벌금,몰수금및과태료",12,경상이전수입,385268350.0,033,조달청,388388350.0,0.0,3120000.0
02,손익계정,2000000000.0,2000000000.0,20240417,313,조달특별회계,2024,57,변상금및위약금,12,경상이전수입,496136200.0,033,조달청,824881390.0,0.0,328745190.0
02,손익계정,288500000000.0,288500000000.0,20240417,313,조달특별회계,2024,45,조달사업수입,10,기업특별회계영업수입,73653057290.0,033,조달청,110715767130.0,248311890.0,37062709840.0
02,손익계정,0.0,0.0,20240417,313,조달특별회계,2024,99,기타,99,기타,185890900.0,033,조달청,186722840.0,0.0,831940.0
02,손익계정,92914000000.0,92914000000.0,20240417,313,조달특별회계,2024,89,세계잉여금이입액,34,세계잉여금,0.0,033,조달청,0.0,0.0,0.0
02,손익계정,595000000.0,595000000.0,20240417,313,조달특별회계,2024,69,잡수입,14,수입대체경비수입,0.0,033,조달청,0.0,0.0,0.0
02,손익계정,2865000000.0,2865000000.0,20240417,313,조달특별회계,2024,51,관유물대여료,11,재산수입,1112541550.0,033,조달청,1395970380.0,0.0,283428830.0
02,손익계정,59779000000.0,59779000000.0,20240417,313,조달특별회계,2024,69,잡수입,13,재화및용역판매수입,5379652000.0,033,조달청,8949858010.0,102448340.0,3570206010.0
01,자본계정,0.0,0.0,20240417,313,조달특별회계,2024,59,기타경상이전수입,12,경상이전수입,76000.0,033,조달청,76000.0,0.0,0.0
01,자본계정,7918000000.0,7918000000.0,20240417,313,조달특별회계,2024,89,세계잉여금이입액,34,세계잉여금,0.0,033,조달청,0.0,0.0,0.0
01,자본계정,0.0,0.0,20240417,313,조달특별회계,2024,51,관유물대여료,11,재산수입,0.0,033,조달청,20950.0,0.0,20950.0
01,자본계정,347817000000.0,347817000000.0,20240417,313,조달특별회계,2024,91,전입금,40,정부내부수입및기타,87300000000.0,033,조달청,87300000000.0,0.0,0.0
00,,1002278000000.0,1002278000000.0,20240417,572,기술보증기금,2024,59,기타경상이전수입,12,경상이전수입,0.0,102,중소벤처기업부,0.0,0.0,0.0
00,,16310000000.0,16310000000.0,20240417,572,기술보증기금,2024,71,고정자산매각대,15,관유물매각대,0.0,102,중소벤처기업부,0.0,0.0,0.0
00,,90669000000.0,90669000000.0,20240417,572,기술보증기금,2024,54,기타이자수입및재산수입,11,재산수입,0.0,102,중소벤처기업부,0.0,0.0,0.0
00,,1784000000.0,1784000000.0,20240417,572,기술보증기금,2024,52,정부출자수입,11,재산수입,0.0,102,중소벤처기업부,0.0,0.0,0.0
00,,347928000000.0,347928000000.0,20240417,572,기술보증기금,2024,65,면허료및수수료,13,재화및용역판매수입,0.0,102,중소벤처기업부,0.0,0.0,0.0
00,,20258000000.0,20258000000.0,20240417,572,기술보증기금,2024,69,잡수입,13,재화및용역판매수입,0.0,102,중소벤처기업부,0.0,0.0,0.0
00,,195000000000.0,195000000000.0,20240417,572,기술보증기금,2024,92,예탁원금회수,40,정부내부수입및기타,0.0,102,중소벤처기업부,0.0,0.0,0.0
00,,10042000000.0,10042000000.0,20240417,572,기술보증기금,2024,95,예탁이자수입,40,정부내부수입및기타,0.0,102,중소벤처기업부,0.0,0.0,0.0
00,,20000000000.0,20000000000.0,20240417,572,기술보증기금,2024,91,전입금,40,정부내부수입및기타,0.0,102,중소벤처기업부,0.0,0.0,0.0
00,,150000000000.0,150000000000.0,20240417,572,기술보증기금,2024,84,유가증권매각대,31,차입금및여유자금회수,0.0,102,중소벤처기업부,0.0,0.0,0.0
00,,1300000000000.0,1300000000000.0,20240417,572,기술보증기금,2024,85,정부예금회수,31,차입금및여유자금회수,0.0,102,중소벤처기업부,0.0,0.0,0.0
00,,52745000000.0,52745000000.0,20240417,503,소상공인시장진흥기금,2024,59,기타경상이전수입,12,경상이전수입,41416140090.0,102,중소벤처기업부,41416140090.0,0.0,0.0
00,,0.0,0.0,20240417,503,소상공인시장진흥기금,2024,99,기타,99,기타,456038395210.0,102,중소벤처기업부,456038395210.0,0.0,0.0
00,,2880112000000.0,2880112000000.0,20240417,503,소상공인시장진흥기금,2024,75,융자원금회수,20,융자및전대차관원금회수,665063035770.0,102,중소벤처기업부,778867599770.0,0.0,113804564000.0
00,,343445000000.0,343445000000.0,20240417,503,소상공인시장진흥기금,2024,54,기타이자수입및재산수입,11,재산수입,78979286510.0,102,중소벤처기업부,79636026670.0,4000.0,656740160.0
00,,2597138000000.0,2597138000000.0,20240417,503,소상공인시장진흥기금,2024,94,예수금,40,정부내부수입및기타,563433000000.0,102,중소벤처기업부,563433000000.0,0.0,0.0
00,,1635049000000.0,1635049000000.0,20240417,503,소상공인시장진흥기금,2024,91,전입금,40,정부내부수입및기타,306219329000.0,102,중소벤처기업부,306219329000.0,0.0,0.0
00,,0.0,0.0,20240417,503,소상공인시장진흥기금,2024,85,정부예금회수,31,차입금및여유자금회수,2502012402460.0,102,중소벤처기업부,2568619106150.0,0.0,66606703690.0
00,,135000000000.0,135000000000.0,20240417,110,일반회계,2024,59,기타경상이전수입,12,경상이전수입,27339150980.0,102,중소벤처기업부,70025883400.0,504090.0,42686732420.0
00,,1411000000.0,1411000000.0,20240417,110,일반회계,2024,56,"벌금,몰수금및과태료",12,경상이전수입,8216480.0,102,중소벤처기업부,8216480.0,0.0,0.0
00,,0.0,0.0,20240417,110,일반회계,2024,57,변상금및위약금,12,경상이전수입,163230.0,102,중소벤처기업부,163230.0,0.0,0.0
00,,40000000.0,40000000.0,20240417,110,일반회계,2024,71,고정자산매각대,15,관유물매각대,0.0,102,중소벤처기업부,0.0,0.0,0.0
00,,0.0,0.0,20240417,110,일반회계,2024,99,기타,99,기타,0.0,102,중소벤처기업부,141040.0,0.0,141040.0
00,,356000000.0,356000000.0,20240417,110,일반회계,2024,51,관유물대여료,11,재산수입,96515790.0,102,중소벤처기업부,177473830.0,2353690.0,80958040.0
00,,58304000000.0,58304000000.0,20240417,110,일반회계,2024,54,기타이자수입및재산수입,11,재산수입,7052593540.0,102,중소벤처기업부,36986159730.0,0.0,29933566190.0
00,,60000000.0,60000000.0,20240417,110,일반회계,2024,69,잡수입,13,재화및용역판매수입,21640350.0,102,중소벤처기업부,21640350.0,0.0,0.0
00,,30710000000.0,30710000000.0,20240417,584,중소벤처기업창업및진흥기금,2024,59,기타경상이전수입,12,경상이전수입,0.0,102,중소벤처기업부,0.0,0.0,0.0
00,,4234950000000.0,4234950000000.0,20240417,584,중소벤처기업창업및진흥기금,2024,75,융자원금회수,20,융자및전대차관원금회수,0.0,102,중소벤처기업부,0.0,0.0,0.0
00,,702441000000.0,702441000000.0,20240417,584,중소벤처기업창업및진흥기금,2024,54,기타이자수입및재산수입,11,재산수입,0.0,102,중소벤처기업부,0.0,0.0,0.0
00,,10885000000.0,10885000000.0,20240417,584,중소벤처기업창업및진흥기금,2024,69,잡수입,13,재화및용역판매수입,0.0,102,중소벤처기업부,0.0,0.0,0.0
00,,1597120000000.0,1597120000000.0,20240417,584,중소벤처기업창업및진흥기금,2024,91,전입금,40,정부내부수입및기타,0.0,102,중소벤처기업부,0.0,0.0,0.0
00,,4549838000000.0,4549838000000.0,20240417,584,중소벤처기업창업및진흥기금,2024,82,민간차입금,31,차입금및여유자금회수,0.0,102,중소벤처기업부,0.0,0.0,0.0
00,,12950000000.0,12950000000.0,20240417,584,중소벤처기업창업및진흥기금,2024,85,정부예금회수,31,차입금및여유자금회수,0.0,102,중소벤처기업부,0.0,0.0,0.0
04,세종특별자치시계정,0.0,0.0,20240417,236,지역균형발전특별회계,2024,59,기타경상이전수입,12,경상이전수입,200745630.0,102,중소벤처기업부,200745630.0,0.0,0.0
04,세종특별자치시계정,0.0,0.0,20240417,236,지역균형발전특별회계,2024,54,기타이자수입및재산수입,11,재산수입,54795530.0,102,중소벤처기업부,54795530.0,0.0,0.0
03,제주특별자치도계정,0.0,0.0,20240417,236,지역균형발전특별회계,2024,59,기타경상이전수입,12,경상이전수입,368893480.0,102,중소벤처기업부,368893480.0,0.0,0.0
03,제주특별자치도계정,0.0,0.0,20240417,236,지역균형발전특별회계,2024,54,기타이자수입및재산수입,11,재산수입,126807220.0,102,중소벤처기업부,126807220.0,0.0,0.0
02,지역지원계정,17000000000.0,17000000000.0,20240417,236,지역균형발전특별회계,2024,59,기타경상이전수입,12,경상이전수입,7335819870.0,102,중소벤처기업부,7702588870.0,0.0,366769000.0
02,지역지원계정,1300000000.0,1300000000.0,20240417,236,지역균형발전특별회계,2024,54,기타이자수입및재산수입,11,재산수입,1579392160.0,102,중소벤처기업부,1617564010.0,0.0,38171850.0
00,,1000000.0,1000000.0,20240417,110,일반회계,2024,58,가산금,12,경상이전수입,0.0,009,중앙선거관리위원회,0.0,0.0,0.0
00,,9565000000.0,9565000000.0,20240417,110,일반회계,2024,59,기타경상이전수입,12,경상이전수입,994332660.0,009,중앙선거관리위원회,994896560.0,0.0,563900.0
00,,400000000.0,400000000.0,20240417,110,일반회계,2024,56,"벌금,몰수금및과태료",12,경상이전수입,50433960.0,009,중앙선거관리위원회,76635210.0,0.0,26201250.0
00,,3000000.0,3000000.0,20240417,110,일반회계,2024,57,변상금및위약금,12,경상이전수입,0.0,009,중앙선거관리위원회,0.0,0.0,0.0
00,,0.0,0.0,20240417,110,일반회계,2024,99,기타,99,기타,41850.0,009,중앙선거관리위원회,41850.0,0.0,0.0
00,,28000000.0,28000000.0,20240417,110,일반회계,2024,51,관유물대여료,11,재산수입,15368270.0,009,중앙선거관리위원회,15368270.0,0.0,0.0
00,,10000000.0,10000000.0,20240417,110,일반회계,2024,54,기타이자수입및재산수입,11,재산수입,0.0,009,중앙선거관리위원회,0.0,0.0,0.0
00,,10000000.0,10000000.0,20240417,110,일반회계,2024,69,잡수입,13,재화및용역판매수입,69560.0,009,중앙선거관리위원회,69560.0,0.0,0.0
00,,0.0,0.0,20240417,110,일반회계,2024,58,가산금,12,경상이전수입,15998530.0,121,진실·화해를위한과거사정리위원회,15998530.0,0.0,0.0
00,,0.0,0.0,20240417,110,일반회계,2024,59,기타경상이전수입,12,경상이전수입,5993390.0,121,진실·화해를위한과거사정리위원회,5993390.0,0.0,0.0
00,,0.0,0.0,20240417,110,일반회계,2024,65,면허료및수수료,13,재화및용역판매수입,0.0,121,진실·화해를위한과거사정리위원회,506000.0,0.0,506000.0
02,손익계정,0.0,0.0,20240417,432,국립마산병원,2024,59,기타경상이전수입,12,경상이전수입,74630.0,120,질병관리청,74630.0,0.0,0.0
02,손익계정,4692000000.0,4692000000.0,20240417,432,국립마산병원,2024,49,책임운영기관사업수입,10,기업특별회계영업수입,765754560.0,120,질병관리청,945597890.0,0.0,179843330.0
02,손익계정,1250000000.0,1250000000.0,20240417,432,국립마산병원,2024,89,세계잉여금이입액,34,세계잉여금,0.0,120,질병관리청,0.0,0.0,0.0
02,손익계정,760000000.0,760000000.0,20240417,432,국립마산병원,2024,69,잡수입,14,수입대체경비수입,182000000.0,120,질병관리청,182000000.0,0.0,0.0
02,손익계정,70000000.0,70000000.0,20240417,432,국립마산병원,2024,51,관유물대여료,11,재산수입,20342430.0,120,질병관리청,36748550.0,0.0,16406120.0
02,손익계정,1000000.0,1000000.0,20240417,432,국립마산병원,2024,54,기타이자수입및재산수입,11,재산수입,0.0,120,질병관리청,0.0,0.0,0.0
02,손익계정,11000000.0,11000000.0,20240417,432,국립마산병원,2024,69,잡수입,13,재화및용역판매수입,3414150.0,120,질병관리청,3414150.0,0.0,0.0
02,손익계정,8347000000.0,8347000000.0,20240417,432,국립마산병원,2024,91,전입금,40,정부내부수입및기타,8347000000.0,120,질병관리청,8347000000.0,0.0,0.0
01,자본계정,224000000.0,224000000.0,20240417,432,국립마산병원,2024,89,세계잉여금이입액,34,세계잉여금,0.0,120,질병관리청,0.0,0.0,0.0
01,자본계정,2000000.0,2000000.0,20240417,432,국립마산병원,2024,96,기타,40,정부내부수입및기타,0.0,120,질병관리청,0.0,0.0,0.0
01,자본계정,6404000000.0,6404000000.0,20240417,432,국립마산병원,2024,91,전입금,40,정부내부수입및기타,6404000000.0,120,질병관리청,6404000000.0,0.0,0.0
02,손익계정,2000000.0,2000000.0,20240417,428,국립목포병원,2024,59,기타경상이전수입,12,경상이전수입,0.0,120,질병관리청,0.0,0.0,0.0
02,손익계정,0.0,0.0,20240417,428,국립목포병원,2024,57,변상금및위약금,12,경상이전수입,742500.0,120,질병관리청,742500.0,0.0,0.0
02,손익계정,4000000.0,4000000.0,20240417,428,국립목포병원,2024,71,고정자산매각대,15,관유물매각대,0.0,120,질병관리청,0.0,0.0,0.0
02,손익계정,3626000000.0,3626000000.0,20240417,428,국립목포병원,2024,49,책임운영기관사업수입,10,기업특별회계영업수입,215083980.0,120,질병관리청,554017320.0,245750.0,338933340.0
02,손익계정,0.0,0.0,20240417,428,국립목포병원,2024,99,기타,99,기타,7000.0,120,질병관리청,7000.0,0.0,0.0
02,손익계정,176000000.0,176000000.0,20240417,428,국립목포병원,2024,89,세계잉여금이입액,34,세계잉여금,0.0,120,질병관리청,0.0,0.0,0.0
02,손익계정,20000000.0,20000000.0,20240417,428,국립목포병원,2024,69,잡수입,14,수입대체경비수입,0.0,120,질병관리청,0.0,0.0,0.0
02,손익계정,7000000.0,7000000.0,20240417,428,국립목포병원,2024,51,관유물대여료,11,재산수입,1041380.0,120,질병관리청,1041380.0,0.0,0.0
02,손익계정,7000000.0,7000000.0,20240417,428,국립목포병원,2024,69,잡수입,13,재화및용역판매수입,1590410.0,120,질병관리청,1590410.0,0.0,0.0
02,손익계정,7031000000.0,7031000000.0,20240417,428,국립목포병원,2024,91,전입금,40,정부내부수입및기타,7031000000.0,120,질병관리청,7031000000.0,0.0,0.0
01,자본계정,14392000000.0,14392000000.0,20240417,428,국립목포병원,2024,89,세계잉여금이입액,34,세계잉여금,0.0,120,질병관리청,0.0,0.0,0.0
01,자본계정,2000000.0,2000000.0,20240417,428,국립목포병원,2024,96,기타,40,정부내부수입및기타,2000000.0,120,질병관리청,2000000.0,0.0,0.0
01,자본계정,83000000.0,83000000.0,20240417,428,국립목포병원,2024,91,전입금,40,정부내부수입및기타,83000000.0,120,질병관리청,83000000.0,0.0,0.0
00,,200975000000.0,200975000000.0,20240417,110,일반회계,2024,59,기타경상이전수입,12,경상이전수입,165384673380.0,120,질병관리청,183329087640.0,0.0,17944414260.0
00,,600000000.0,600000000.0,20240417,110,일반회계,2024,56,"벌금,몰수금및과태료",12,경상이전수입,8100000.0,120,질병관리청,10100000.0,0.0,2000000.0
00,,102000000.0,102000000.0,20240417,110,일반회계,2024,57,변상금및위약금,12,경상이전수입,12005330.0,120,질병관리청,12005330.0,0.0,0.0
00,,0.0,0.0,20240417,110,일반회계,2024,99,기타,99,기타,0.0,120,질병관리청,158400.0,0.0,158400.0
00,,602000000.0,602000000.0,20240417,110,일반회계,2024,54,기타이자수입및재산수입,11,재산수입,4097357470.0,120,질병관리청,5196444570.0,0.0,1099087100.0
00,,413000000.0,413000000.0,20240417,110,일반회계,2024,65,면허료및수수료,13,재화및용역판매수입,89616000.0,120,질병관리청,117654000.0,2838000.0,28038000.0
00,,612000000.0,612000000.0,20240417,110,일반회계,2024,69,잡수입,13,재화및용역판매수입,14994090.0,120,질병관리청,15082090.0,0.0,88000.0
00,,127000000.0,127000000.0,20240417,110,일반회계,2024,59,기타경상이전수입,12,경상이전수입,19810920.0,035,통계청,20678820.0,480000.0,867900.0
00,,20000000.0,20000000.0,20240417,110,일반회계,2024,56,"벌금,몰수금및과태료",12,경상이전수입,5800000.0,035,통계청,7800000.0,0.0,2000000.0
00,,15000000.0,15000000.0,20240417,110,일반회계,2024,57,변상금및위약금,12,경상이전수입,0.0,035,통계청,0.0,0.0,0.0
00,,82000000.0,82000000.0,20240417,110,일반회계,2024,71,고정자산매각대,15,관유물매각대,0.0,035,통계청,0.0,0.0,0.0
00,,1260000000.0,1260000000.0,20240417,110,일반회계,2024,69,잡수입,14,수입대체경비수입,636844180.0,035,통계청,860959180.0,9000000.0,224115000.0
00,,0.0,0.0,20240417,110,일반회계,2024,51,관유물대여료,11,재산수입,8850.0,035,통계청,8850.0,0.0,0.0
00,,2000000.0,2000000.0,20240417,110,일반회계,2024,54,기타이자수입및재산수입,11,재산수입,1681730.0,035,통계청,1681730.0,0.0,0.0
00,,2104000000.0,2104000000.0,20240417,110,일반회계,2024,69,잡수입,13,재화및용역판매수입,1132763040.0,035,통계청,1136992450.0,0.0,4229410.0
00,,11399000000.0,11399000000.0,20240417,537,남북협력기금,2024,59,기타경상이전수입,12,경상이전수입,707027900.0,022,통일부,707027900.0,0.0,0.0
00,,0.0,0.0,20240417,537,남북협력기금,2024,99,기타,99,기타,121246985930.0,022,통일부,123128227250.0,538040.0,1881241320.0
00,,22560000000.0,22560000000.0,20240417,537,남북협력기금,2024,75,융자원금회수,20,융자및전대차관원금회수,0.0,022,통일부,0.0,0.0,0.0
00,,40000000.0,40000000.0,20240417,537,남북협력기금,2024,51,관유물대여료,11,재산수입,2783550.0,022,통일부,2783550.0,0.0,0.0
00,,6462000000.0,6462000000.0,20240417,537,남북협력기금,2024,54,기타이자수입및재산수입,11,재산수입,52466690.0,022,통일부,52466690.0,0.0,0.0
00,,3177000000.0,3177000000.0,20240417,537,남북협력기금,2024,69,잡수입,13,재화및용역판매수입,0.0,022,통일부,4078000.0,0.0,4078000.0
00,,1356476000000.0,1356476000000.0,20240417,537,남북협력기금,2024,94,예수금,40,정부내부수입및기타,70000000000.0,022,통일부,70000000000.0,0.0,0.0
00,,100000000000.0,100000000000.0,20240417,537,남북협력기금,2024,91,전입금,40,정부내부수입및기타,0.0,022,통일부,0.0,0.0,0.0
00,,84000000000.0,84000000000.0,20240417,537,남북협력기금,2024,85,정부예금회수,31,차입금및여유자금회수,0.0,022,통일부,0.0,0.0,0.0
00,,1162000000.0,1162000000.0,20240417,110,일반회계,2024,59,기타경상이전수입,12,경상이전수입,193728880.0,022,통일부,293863400.0,0.0,100134520.0
00,,10000000.0,10000000.0,20240417,110,일반회계,2024,56,"벌금,몰수금및과태료",12,경상이전수입,400000.0,022,통일부,400000.0,0.0,0.0
00,,1000000.0,1000000.0,20240417,110,일반회계,2024,57,변상금및위약금,12,경상이전수입,0.0,022,통일부,0.0,0.0,0.0
00,,255000000.0,255000000.0,20240417,110,일반회계,2024,51,관유물대여료,11,재산수입,22700690.0,022,통일부,25270670.0,0.0,2569980.0
00,,20000000.0,20000000.0,20240417,110,일반회계,2024,54,기타이자수입및재산수입,11,재산수입,50797790.0,022,통일부,57687310.0,0.0,6889520.0
00,,0.0,0.0,20240417,110,일반회계,2024,64,입장료수입,13,재화및용역판매수입,29901770.0,022,통일부,29901770.0,0.0,0.0
00,,0.0,0.0,20240417,110,일반회계,2024,69,잡수입,13,재화및용역판매수입,4981320.0,022,통일부,4981320.0,0.0,0.0
02,손익계정,2488000000.0,2488000000.0,20240417,442,특허청,2024,59,기타경상이전수입,12,경상이전수입,236964740.0,031,특허청,243891140.0,6748040.0,6926400.0
02,손익계정,30000000.0,30000000.0,20240417,442,특허청,2024,56,"벌금,몰수금및과태료",12,경상이전수입,1714000.0,031,특허청,1714000.0,0.0,0.0
02,손익계정,1000000.0,1000000.0,20240417,442,특허청,2024,57,변상금및위약금,12,경상이전수입,0.0,031,특허청,0.0,0.0,0.0
02,손익계정,640038000000.0,640038000000.0,20240417,442,특허청,2024,49,책임운영기관사업수입,10,기업특별회계영업수입,155611664490.0,031,특허청,180787408310.0,1486605480.0,25175743820.0
02,손익계정,0.0,0.0,20240417,442,특허청,2024,99,기타,99,기타,728540.0,031,특허청,728540.0,0.0,0.0
02,손익계정,9593000000.0,9593000000.0,20240417,442,특허청,2024,89,세계잉여금이입액,34,세계잉여금,0.0,031,특허청,0.0,0.0,0.0
02,손익계정,342000000.0,342000000.0,20240417,442,특허청,2024,69,잡수입,14,수입대체경비수입,165364100.0,031,특허청,165364100.0,0.0,0.0
02,손익계정,18000000.0,18000000.0,20240417,442,특허청,2024,51,관유물대여료,11,재산수입,3821150.0,031,특허청,3821150.0,0.0,0.0
02,손익계정,2094000000.0,2094000000.0,20240417,442,특허청,2024,54,기타이자수입및재산수입,11,재산수입,815484920.0,031,특허청,815484920.0,0.0,0.0
02,손익계정,1000000.0,1000000.0,20240417,442,특허청,2024,69,잡수입,13,재화및용역판매수입,30000.0,031,특허청,30000.0,0.0,0.0
02,손익계정,120000000.0,120000000.0,20240417,442,특허청,2024,91,전입금,40,정부내부수입및기타,0.0,031,특허청,0.0,0.0,0.0
01,자본계정,43000000.0,43000000.0,20240417,442,특허청,2024,89,세계잉여금이입액,34,세계잉여금,0.0,031,특허청,0.0,0.0,0.0
01,자본계정,42826000000.0,42826000000.0,20240417,442,특허청,2024,92,예탁원금회수,40,정부내부수입및기타,0.0,031,특허청,0.0,0.0,0.0
01,자본계정,4185000000.0,4185000000.0,20240417,442,특허청,2024,95,예탁이자수입,40,정부내부수입및기타,1482637570.0,031,특허청,1482637570.0,0.0,0.0
01,자본계정,90479000000.0,90479000000.0,20240417,442,특허청,2024,91,전입금,40,정부내부수입및기타,0.0,031,특허청,0.0,0.0,0.0
00,,5000000.0,5000000.0,20240417,110,일반회계,2024,58,가산금,12,경상이전수입,0.0,112,해양경찰청,0.0,0.0,0.0
00,,1116000000.0,1116000000.0,20240417,110,일반회계,2024,59,기타경상이전수입,12,경상이전수입,183271350.0,112,해양경찰청,183741130.0,0.0,469780.0
00,,293000000.0,293000000.0,20240417,110,일반회계,2024,56,"벌금,몰수금및과태료",12,경상이전수입,56249660.0,112,해양경찰청,69017580.0,360000.0,12767920.0
00,,2008000000.0,2008000000.0,20240417,110,일반회계,2024,57,변상금및위약금,12,경상이전수입,2389045130.0,112,해양경찰청,2426562830.0,0.0,37517700.0
00,,338000000.0,338000000.0,20240417,110,일반회계,2024,71,고정자산매각대,15,관유물매각대,6880000.0,112,해양경찰청,47617790.0,0.0,40737790.0
00,,0.0,0.0,20240417,110,일반회계,2024,99,기타,99,기타,126850.0,112,해양경찰청,126850.0,0.0,0.0
00,,0.0,0.0,20240417,110,일반회계,2024,69,잡수입,14,수입대체경비수입,255500.0,112,해양경찰청,855500.0,0.0,600000.0
00,,462000000.0,462000000.0,20240417,110,일반회계,2024,51,관유물대여료,11,재산수입,38523340.0,112,해양경찰청,39164370.0,0.0,641030.0
00,,92000000.0,92000000.0,20240417,110,일반회계,2024,54,기타이자수입및재산수입,11,재산수입,207770440.0,112,해양경찰청,207906810.0,0.0,136370.0
00,,504000000.0,504000000.0,20240417,110,일반회계,2024,65,면허료및수수료,13,재화및용역판매수입,203010970.0,112,해양경찰청,227481230.0,0.0,24470260.0
00,,1398000000.0,1398000000.0,20240417,110,일반회계,2024,69,잡수입,13,재화및용역판매수입,369953090.0,112,해양경찰청,521168680.0,13753700.0,151215590.0
04,항만계정,199000000.0,199000000.0,20240417,214,교통시설특별회계,2024,58,가산금,12,경상이전수입,10299780.0,096,해양수산부,10299780.0,0.0,0.0
04,항만계정,31132000000.0,31132000000.0,20240417,214,교통시설특별회계,2024,59,기타경상이전수입,12,경상이전수입,5549947260.0,096,해양수산부,5549947260.0,0.0,0.0
04,항만계정,389000000.0,389000000.0,20240417,214,교통시설특별회계,2024,56,"벌금,몰수금및과태료",12,경상이전수입,67822500.0,096,해양수산부,78887500.0,480000.0,11065000.0
04,항만계정,4801000000.0,4801000000.0,20240417,214,교통시설특별회계,2024,57,변상금및위약금,12,경상이전수입,107918420.0,096,해양수산부,172379290.0,0.0,64460870.0
04,항만계정,667000000.0,667000000.0,20240417,214,교통시설특별회계,2024,71,고정자산매각대,15,관유물매각대,193012680.0,096,해양수산부,193012680.0,0.0,0.0
04,항만계정,34000000.0,34000000.0,20240417,214,교통시설특별회계,2024,73,재고자산매각대및유동자산,15,관유물매각대,0.0,096,해양수산부,20125200.0,0.0,20125200.0
04,항만계정,5237000000.0,5237000000.0,20240417,214,교통시설특별회계,2024,72,토지및무형자산매각대,15,관유물매각대,1521434080.0,096,해양수산부,1521434080.0,0.0,0.0
04,항만계정,0.0,0.0,20240417,214,교통시설특별회계,2024,99,기타,99,기타,340653060.0,096,해양수산부,420564710.0,4373860.0,79911650.0
04,항만계정,2691000000.0,2691000000.0,20240417,214,교통시설특별회계,2024,51,관유물대여료,11,재산수입,41703670.0,096,해양수산부,49207410.0,0.0,7503740.0
04,항만계정,3766000000.0,3766000000.0,20240417,214,교통시설특별회계,2024,54,기타이자수입및재산수입,11,재산수입,83255740.0,096,해양수산부,100514720.0,0.0,17258980.0
04,항만계정,4657000000.0,4657000000.0,20240417,214,교통시설특별회계,2024,52,정부출자수입,11,재산수입,2140382680.0,096,해양수산부,2140382680.0,0.0,0.0
04,항만계정,16547000000.0,16547000000.0,20240417,214,교통시설특별회계,2024,65,면허료및수수료,13,재화및용역판매수입,770112690.0,096,해양수산부,801837220.0,102000.0,31724530.0
04,항만계정,6663000000.0,6663000000.0,20240417,214,교통시설특별회계,2024,69,잡수입,13,재화및용역판매수입,536596560.0,096,해양수산부,537485800.0,0.0,889240.0
04,항만계정,107007000000.0,107007000000.0,20240417,214,교통시설특별회계,2024,67,항공항만및용수수입,13,재화및용역판매수입,37399821040.0,096,해양수산부,42041148320.0,268676220.0,4641327280.0
04,항만계정,1569280000000.0,1569280000000.0,20240417,214,교통시설특별회계,2024,91,전입금,40,정부내부수입및기타,492280000000.0,096,해양수산부,492280000000.0,0.0,0.0
01,구조개선사업계정,22037000000.0,22037000000.0,20240417,213,농어촌구조개선특별회계,2024,59,기타경상이전수입,12,경상이전수입,3883701060.0,096,해양수산부,4511922000.0,0.0,628220940.0
01,구조개선사업계정,74000000.0,74000000.0,20240417,213,농어촌구조개선특별회계,2024,56,"벌금,몰수금및과태료",12,경상이전수입,31689600.0,096,해양수산부,33987800.0,216000.0,2298200.0
01,구조개선사업계정,10000000.0,10000000.0,20240417,213,농어촌구조개선특별회계,2024,57,변상금및위약금,12,경상이전수입,92704460.0,096,해양수산부,92704460.0,0.0,0.0
01,구조개선사업계정,7000000.0,7000000.0,20240417,213,농어촌구조개선특별회계,2024,71,고정자산매각대,15,관유물매각대,0.0,096,해양수산부,0.0,0.0,0.0
01,구조개선사업계정,0.0,0.0,20240417,213,농어촌구조개선특별회계,2024,99,기타,99,기타,5270000.0,096,해양수산부,5350000.0,0.0,80000.0
01,구조개선사업계정,2459000000.0,2459000000.0,20240417,213,농어촌구조개선특별회계,2024,54,기타이자수입및재산수입,11,재산수입,1386186770.0,096,해양수산부,1692287990.0,66660.0,306101220.0
01,구조개선사업계정,251000000.0,251000000.0,20240417,213,농어촌구조개선특별회계,2024,65,면허료및수수료,13,재화및용역판매수입,89807400.0,096,해양수산부,127807000.0,0.0,37999600.0
01,구조개선사업계정,21000000.0,21000000.0,20240417,213,농어촌구조개선특별회계,2024,68,실습수입,13,재화및용역판매수입,0.0,096,해양수산부,0.0,0.0,0.0
01,구조개선사업계정,102000000.0,102000000.0,20240417,213,농어촌구조개선특별회계,2024,69,잡수입,13,재화및용역판매수입,0.0,096,해양수산부,0.0,0.0,0.0
02,농어촌특별세사업계정,6124000000.0,6124000000.0,20240417,213,농어촌구조개선특별회계,2024,59,기타경상이전수입,12,경상이전수입,169641610.0,096,해양수산부,608308280.0,0.0,438666670.0
02,농어촌특별세사업계정,1000000.0,1000000.0,20240417,213,농어촌구조개선특별회계,2024,56,"벌금,몰수금및과태료",12,경상이전수입,0.0,096,해양수산부,0.0,0.0,0.0
02,농어촌특별세사업계정,62000000.0,62000000.0,20240417,213,농어촌구조개선특별회계,2024,57,변상금및위약금,12,경상이전수입,0.0,096,해양수산부,0.0,0.0,0.0
02,농어촌특별세사업계정,150000000.0,150000000.0,20240417,213,농어촌구조개선특별회계,2024,71,고정자산매각대,15,관유물매각대,0.0,096,해양수산부,0.0,0.0,0.0
02,농어촌특별세사업계정,20000000.0,20000000.0,20240417,213,농어촌구조개선특별회계,2024,72,토지및무형자산매각대,15,관유물매각대,0.0,096,해양수산부,0.0,0.0,0.0
02,농어촌특별세사업계정,7000000.0,7000000.0,20240417,213,농어촌구조개선특별회계,2024,51,관유물대여료,11,재산수입,912720.0,096,해양수산부,912720.0,0.0,0.0
02,농어촌특별세사업계정,438000000.0,438000000.0,20240417,213,농어촌구조개선특별회계,2024,54,기타이자수입및재산수입,11,재산수입,855480.0,096,해양수산부,1151150.0,0.0,295670.0
02,농어촌특별세사업계정,57000000.0,57000000.0,20240417,213,농어촌구조개선특별회계,2024,69,잡수입,13,재화및용역판매수입,0.0,096,해양수산부,0.0,0.0,0.0
00,,20000000.0,20000000.0,20240417,549,수산발전기금,2024,58,가산금,12,경상이전수입,0.0,096,해양수산부,0.0,0.0,0.0
00,,63565000000.0,63565000000.0,20240417,549,수산발전기금,2024,59,기타경상이전수입,12,경상이전수입,15867011090.0,096,해양수산부,18611933400.0,305291740.0,2744922310.0
00,,276000000.0,276000000.0,20240417,549,수산발전기금,2024,57,변상금및위약금,12,경상이전수입,448160350.0,096,해양수산부,448160350.0,0.0,0.0
00,,112112000000.0,112112000000.0,20240417,549,수산발전기금,2024,73,재고자산매각대및유동자산,15,관유물매각대,22810789070.0,096,해양수산부,22810789070.0,0.0,0.0
00,,0.0,0.0,20240417,549,수산발전기금,2024,99,기타,99,기타,238581582440.0,096,해양수산부,278910712200.0,0.0,40329129760.0
00,,434635000000.0,434635000000.0,20240417,549,수산발전기금,2024,75,융자원금회수,20,융자및전대차관원금회수,138433902330.0,096,해양수산부,166204718930.0,0.0,27770816600.0
00,,10860000000.0,10860000000.0,20240417,549,수산발전기금,2024,54,기타이자수입및재산수입,11,재산수입,2328702880.0,096,해양수산부,2444735400.0,0.0,116032520.0
00,,5000000000.0,5000000000.0,20240417,549,수산발전기금,2024,65,면허료및수수료,13,재화및용역판매수입,2558033060.0,096,해양수산부,5042393300.0,0.0,2484360240.0
00,,100000000000.0,100000000000.0,20240417,549,수산발전기금,2024,94,예수금,40,정부내부수입및기타,0.0,096,해양수산부,0.0,0.0,0.0
00,,116932000000.0,116932000000.0,20240417,549,수산발전기금,2024,85,정부예금회수,31,차입금및여유자금회수,0.0,096,해양수산부,0.0,0.0,0.0
01,투자계정,3817000000.0,3817000000.0,20240417,216,에너지및자원사업특별회계,2024,59,기타경상이전수입,12,경상이전수입,0.0,096,해양수산부,0.0,0.0,0.0
01,투자계정,34000000.0,34000000.0,20240417,216,에너지및자원사업특별회계,2024,54,기타이자수입및재산수입,11,재산수입,279926920.0,096,해양수산부,279926920.0,0.0,0.0
00,,31000000.0,31000000.0,20240417,110,일반회계,2024,58,가산금,12,경상이전수입,0.0,096,해양수산부,0.0,0.0,0.0
00,,37979000000.0,37979000000.0,20240417,110,일반회계,2024,59,기타경상이전수입,12,경상이전수입,2491632360.0,096,해양수산부,3421391700.0,133815560.0,929759340.0
00,,204000000.0,204000000.0,20240417,110,일반회계,2024,56,"벌금,몰수금및과태료",12,경상이전수입,13129520.0,096,해양수산부,20289520.0,0.0,7160000.0
00,,248000000.0,248000000.0,20240417,110,일반회계,2024,57,변상금및위약금,12,경상이전수입,70045290.0,096,해양수산부,70124560.0,0.0,79270.0
00,,859000000.0,859000000.0,20240417,110,일반회계,2024,71,고정자산매각대,15,관유물매각대,77882340.0,096,해양수산부,110990340.0,0.0,33108000.0
00,,202000000.0,202000000.0,20240417,110,일반회계,2024,73,재고자산매각대및유동자산,15,관유물매각대,377471000.0,096,해양수산부,593121000.0,0.0,215650000.0
00,,666000000.0,666000000.0,20240417,110,일반회계,2024,72,토지및무형자산매각대,15,관유물매각대,0.0,096,해양수산부,0.0,0.0,0.0
00,,0.0,0.0,20240417,110,일반회계,2024,99,기타,99,기타,742500.0,096,해양수산부,2179910.0,0.0,1437410.0
00,,368000000.0,368000000.0,20240417,110,일반회계,2024,69,잡수입,14,수입대체경비수입,913630540.0,096,해양수산부,919502540.0,0.0,5872000.0
00,,373000000.0,373000000.0,20240417,110,일반회계,2024,75,융자원금회수,20,융자및전대차관원금회수,3733500.0,096,해양수산부,8539250.0,100000.0,4805750.0
00,,3113000000.0,3113000000.0,20240417,110,일반회계,2024,51,관유물대여료,11,재산수입,329478230.0,096,해양수산부,332208830.0,0.0,2730600.0
00,,1605000000.0,1605000000.0,20240417,110,일반회계,2024,54,기타이자수입및재산수입,11,재산수입,1776481780.0,096,해양수산부,2116737460.0,34368820.0,340255680.0
00,,15000000.0,15000000.0,20240417,110,일반회계,2024,65,면허료및수수료,13,재화및용역판매수입,59181300.0,096,해양수산부,71644530.0,1586200.0,12463230.0
00,,130000000.0,130000000.0,20240417,110,일반회계,2024,68,실습수입,13,재화및용역판매수입,23462600.0,096,해양수산부,25112600.0,1650000.0,1650000.0
00,,1567000000.0,1567000000.0,20240417,110,일반회계,2024,69,잡수입,13,재화및용역판매수입,85710290.0,096,해양수산부,86202090.0,0.0,491800.0
00,,5919000000.0,5919000000.0,20240417,110,일반회계,2024,67,항공항만및용수수입,13,재화및용역판매수입,3700359430.0,096,해양수산부,3731591710.0,0.0,31232280.0
03,제주특별자치도계정,46000000.0,46000000.0,20240417,236,지역균형발전특별회계,2024,59,기타경상이전수입,12,경상이전수입,0.0,096,해양수산부,0.0,0.0,0.0
03,제주특별자치도계정,2000000.0,2000000.0,20240417,236,지역균형발전특별회계,2024,54,기타이자수입및재산수입,11,재산수입,0.0,096,해양수산부,0.0,0.0,0.0
01,지역자율계정,6441000000.0,6441000000.0,20240417,236,지역균형발전특별회계,2024,59,기타경상이전수입,12,경상이전수입,177725460.0,096,해양수산부,397525460.0,0.0,219800000.0
01,지역자율계정,470000000.0,470000000.0,20240417,236,지역균형발전특별회계,2024,54,기타이자수입및재산수입,11,재산수입,8126710.0,096,해양수산부,28694190.0,0.0,20567480.0
02,지역지원계정,697000000.0,697000000.0,20240417,236,지역균형발전특별회계,2024,59,기타경상이전수입,12,경상이전수입,0.0,096,해양수산부,0.0,0.0,0.0
02,지역지원계정,81000000.0,81000000.0,20240417,236,지역균형발전특별회계,2024,54,기타이자수입및재산수입,11,재산수입,0.0,096,해양수산부,0.0,0.0,0.0
00,,267121000000.0,267121000000.0,20240417,110,일반회계,2024,59,기타경상이전수입,12,경상이전수입,38570181100.0,101,행정안전부,38990660720.0,229640.0,420479620.0
00,,0.0,0.0,20240417,110,일반회계,2024,56,"벌금,몰수금및과태료",12,경상이전수입,16912000.0,101,행정안전부,16912000.0,0.0,0.0
00,,917000000.0,917000000.0,20240417,110,일반회계,2024,57,변상금및위약금,12,경상이전수입,740367580.0,101,행정안전부,746076340.0,0.0,5708760.0
00,,7990000000.0,7990000000.0,20240417,110,일반회계,2024,69,잡수입,14,수입대체경비수입,873563000.0,101,행정안전부,930938500.0,0.0,57375500.0
00,,3362000000.0,3362000000.0,20240417,110,일반회계,2024,51,관유물대여료,11,재산수입,688508240.0,101,행정안전부,1011982960.0,2112560.0,323474720.0
00,,15086000000.0,15086000000.0,20240417,110,일반회계,2024,54,기타이자수입및재산수입,11,재산수입,4704487310.0,101,행정안전부,4814778210.0,89640.0,110290900.0
00,,37000000.0,37000000.0,20240417,110,일반회계,2024,65,면허료및수수료,13,재화및용역판매수입,7758010.0,101,행정안전부,8612060.0,117350.0,854050.0
00,,957000000.0,957000000.0,20240417,110,일반회계,2024,69,잡수입,13,재화및용역판매수입,340592060.0,101,행정안전부,387605200.0,4282490.0,47013140.0
01,지역자율계정,1833000000.0,1833000000.0,20240417,236,지역균형발전특별회계,2024,59,기타경상이전수입,12,경상이전수입,207054630.0,101,행정안전부,4458955110.0,0.0,4251900480.0
01,지역자율계정,28000000.0,28000000.0,20240417,236,지역균형발전특별회계,2024,54,기타이자수입및재산수입,11,재산수입,59491030.0,101,행정안전부,228858720.0,0.0,169367690.0
02,지역지원계정,8510000000.0,8510000000.0,20240417,236,지역균형발전특별회계,2024,59,기타경상이전수입,12,경상이전수입,1030255030.0,101,행정안전부,1030255030.0,0.0,0.0
02,지역지원계정,970000000.0,970000000.0,20240417,236,지역균형발전특별회계,2024,54,기타이자수입및재산수입,11,재산수입,63860510.0,101,행정안전부,63860510.0,0.0,0.0
00,,4094000000.0,4094000000.0,20240417,231,행정중심복합도시건설특별회계,2024,59,기타경상이전수입,12,경상이전수입,17863990.0,065,행정중심복합도시건설청,17863990.0,0.0,0.0
00,,0.0,0.0,20240417,231,행정중심복합도시건설특별회계,2024,99,기타,99,기타,110899171690.0,065,행정중심복합도시건설청,110899171690.0,0.0,0.0
00,,7085000000.0,7085000000.0,20240417,231,행정중심복합도시건설특별회계,2024,89,세계잉여금이입액,34,세계잉여금,0.0,065,행정중심복합도시건설청,0.0,0.0,0.0
00,,0.0,0.0,20240417,231,행정중심복합도시건설특별회계,2024,51,관유물대여료,11,재산수입,31880.0,065,행정중심복합도시건설청,137490.0,0.0,105610.0
00,,328000000.0,328000000.0,20240417,231,행정중심복합도시건설특별회계,2024,54,기타이자수입및재산수입,11,재산수입,2397510.0,065,행정중심복합도시건설청,8336730.0,0.0,5939220.0
00,,124796000000.0,124796000000.0,20240417,231,행정중심복합도시건설특별회계,2024,91,전입금,40,정부내부수입및기타,0.0,065,행정중심복합도시건설청,0.0,0.0,0.0
00,,610000000.0,610000000.0,20240417,110,일반회계,2024,59,기타경상이전수입,12,경상이전수입,22683500.0,008,헌법재판소,22683500.0,0.0,0.0
00,,9000000.0,9000000.0,20240417,110,일반회계,2024,65,면허료및수수료,13,재화및용역판매수입,0.0,008,헌법재판소,0.0,0.0,0.0
00,,22000000.0,22000000.0,20240417,110,일반회계,2024,69,잡수입,13,재화및용역판매수입,0.0,008,헌법재판소,0.0,0.0,0.0
00,,196000000.0,196000000.0,20240417,581,금강수계관리기금,2024,58,가산금,12,경상이전수입,0.0,034,환경부,0.0,0.0,0.0
00,,137313000000.0,137313000000.0,20240417,581,금강수계관리기금,2024,59,기타경상이전수입,12,경상이전수입,0.0,034,환경부,0.0,0.0,0.0
00,,429000000.0,429000000.0,20240417,581,금강수계관리기금,2024,54,기타이자수입및재산수입,11,재산수입,0.0,034,환경부,0.0,0.0,0.0
00,,50841000000.0,50841000000.0,20240417,581,금강수계관리기금,2024,85,정부예금회수,31,차입금및여유자금회수,0.0,034,환경부,0.0,0.0,0.0
00,,605000000.0,605000000.0,20240417,580,낙동강수계관리기금,2024,58,가산금,12,경상이전수입,0.0,034,환경부,0.0,0.0,0.0
00,,275213000000.0,275213000000.0,20240417,580,낙동강수계관리기금,2024,59,기타경상이전수입,12,경상이전수입,0.0,034,환경부,0.0,0.0,0.0
00,,1935000000.0,1935000000.0,20240417,580,낙동강수계관리기금,2024,72,토지및무형자산매각대,15,관유물매각대,0.0,034,환경부,0.0,0.0,0.0
00,,7000000.0,7000000.0,20240417,580,낙동강수계관리기금,2024,51,관유물대여료,11,재산수입,0.0,034,환경부,0.0,0.0,0.0
00,,602000000.0,602000000.0,20240417,580,낙동강수계관리기금,2024,54,기타이자수입및재산수입,11,재산수입,0.0,034,환경부,0.0,0.0,0.0
00,,4000000.0,4000000.0,20240417,580,낙동강수계관리기금,2024,69,잡수입,13,재화및용역판매수입,0.0,034,환경부,0.0,0.0,0.0
00,,1000000000.0,1000000000.0,20240417,580,낙동강수계관리기금,2024,85,정부예금회수,31,차입금및여유자금회수,0.0,034,환경부,0.0,0.0,0.0
02,농어촌특별세사업계정,500000000.0,500000000.0,20240417,213,농어촌구조개선특별회계,2024,59,기타경상이전수입,12,경상이전수입,0.0,034,환경부,0.0,0.0,0.0
02,농어촌특별세사업계정,75000000.0,75000000.0,20240417,213,농어촌구조개선특별회계,2024,54,기타이자수입및재산수입,11,재산수입,0.0,034,환경부,0.0,0.0,0.0
00,,9000000.0,9000000.0,20240417,501,석면피해구제기금,2024,58,가산금,12,경상이전수입,0.0,034,환경부,0.0,0.0,0.0
00,,36865000000.0,36865000000.0,20240417,501,석면피해구제기금,2024,59,기타경상이전수입,12,경상이전수입,1361979480.0,034,환경부,1732050530.0,0.0,370071050.0
00,,0.0,0.0,20240417,501,석면피해구제기금,2024,99,기타,99,기타,13411411840.0,034,환경부,15637491850.0,2585600.0,2226080010.0
00,,542000000.0,542000000.0,20240417,501,석면피해구제기금,2024,54,기타이자수입및재산수입,11,재산수입,44334620.0,034,환경부,44334620.0,0.0,0.0
00,,12000000000.0,12000000000.0,20240417,501,석면피해구제기금,2024,91,전입금,40,정부내부수입및기타,12000000000.0,034,환경부,12000000000.0,0.0,0.0
00,,10826000000.0,10826000000.0,20240417,501,석면피해구제기금,2024,85,정부예금회수,31,차입금및여유자금회수,0.0,034,환경부,0.0,0.0,0.0
01,투자계정,106561000000.0,106561000000.0,20240417,216,에너지및자원사업특별회계,2024,59,기타경상이전수입,12,경상이전수입,8577178580.0,034,환경부,8577178580.0,0.0,0.0
01,투자계정,5010000000.0,5010000000.0,20240417,216,에너지및자원사업특별회계,2024,71,고정자산매각대,15,관유물매각대,0.0,034,환경부,0.0,0.0,0.0
01,투자계정,0.0,0.0,20240417,216,에너지및자원사업특별회계,2024,99,기타,99,기타,213551490.0,034,환경부,223801820.0,0.0,10250330.0
01,투자계정,2245000000.0,2245000000.0,20240417,216,에너지및자원사업특별회계,2024,54,기타이자수입및재산수입,11,재산수입,560515520.0,034,환경부,585817820.0,0.0,25302300.0
01,투자계정,93500000000.0,93500000000.0,20240417,216,에너지및자원사업특별회계,2024,69,잡수입,13,재화및용역판매수입,0.0,034,환경부,0.0,0.0,0.0
00,,114000000.0,114000000.0,20240417,582,영산강·섬진강수계관리기금,2024,58,가산금,12,경상이전수입,0.0,034,환경부,0.0,0.0,0.0
00,,100510000000.0,100510000000.0,20240417,582,영산강·섬진강수계관리기금,2024,59,기타경상이전수입,12,경상이전수입,0.0,034,환경부,0.0,0.0,0.0
00,,12000000.0,12000000.0,20240417,582,영산강·섬진강수계관리기금,2024,57,변상금및위약금,12,경상이전수입,0.0,034,환경부,0.0,0.0,0.0
00,,587000000.0,587000000.0,20240417,582,영산강·섬진강수계관리기금,2024,72,토지및무형자산매각대,15,관유물매각대,0.0,034,환경부,0.0,0.0,0.0
00,,435000000.0,435000000.0,20240417,582,영산강·섬진강수계관리기금,2024,54,기타이자수입및재산수입,11,재산수입,0.0,034,환경부,0.0,0.0,0.0
00,,21000000.0,21000000.0,20240417,582,영산강·섬진강수계관리기금,2024,69,잡수입,13,재화및용역판매수입,0.0,034,환경부,0.0,0.0,0.0
00,,59642000000.0,59642000000.0,20240417,582,영산강·섬진강수계관리기금,2024,85,정부예금회수,31,차입금및여유자금회수,0.0,034,환경부,0.0,0.0,0.0
00,,13333000000.0,13333000000.0,20240417,110,일반회계,2024,59,기타경상이전수입,12,경상이전수입,6007981820.0,034,환경부,6008684200.0,0.0,702380.0
00,,10000000.0,10000000.0,20240417,110,일반회계,2024,57,변상금및위약금,12,경상이전수입,4892170.0,034,환경부,4892170.0,0.0,0.0
00,,297000000.0,297000000.0,20240417,110,일반회계,2024,51,관유물대여료,11,재산수입,183515100.0,034,환경부,191579540.0,0.0,8064440.0
00,,210000000.0,210000000.0,20240417,110,일반회계,2024,54,기타이자수입및재산수입,11,재산수입,1421321910.0,034,환경부,1422080900.0,0.0,758990.0
00,,2000000.0,2000000.0,20240417,110,일반회계,2024,69,잡수입,13,재화및용역판매수입,4530830.0,034,환경부,4530830.0,0.0,0.0
01,지역자율계정,1500000000.0,1500000000.0,20240417,236,지역균형발전특별회계,2024,59,기타경상이전수입,12,경상이전수입,4948633770.0,034,환경부,4951178760.0,0.0,2544990.0
01,지역자율계정,0.0,0.0,20240417,236,지역균형발전특별회계,2024,54,기타이자수입및재산수입,11,재산수입,224010290.0,034,환경부,236185990.0,0.0,12175700.0
02,지역지원계정,249000000.0,249000000.0,20240417,236,지역균형발전특별회계,2024,59,기타경상이전수입,12,경상이전수입,0.0,034,환경부,19562210.0,0.0,19562210.0
02,지역지원계정,0.0,0.0,20240417,236,지역균형발전특별회계,2024,75,융자원금회수,20,융자및전대차관원금회수,58953830.0,034,환경부,115944150.0,0.0,56990320.0
02,지역지원계정,0.0,0.0,20240417,236,지역균형발전특별회계,2024,54,기타이자수입및재산수입,11,재산수입,26686230.0,034,환경부,59072040.0,0.0,32385810.0
00,,949000000.0,949000000.0,20240417,553,한강수계관리기금,2024,58,가산금,12,경상이전수입,0.0,034,환경부,0.0,0.0,0.0
00,,535351000000.0,535351000000.0,20240417,553,한강수계관리기금,2024,59,기타경상이전수입,12,경상이전수입,0.0,034,환경부,0.0,0.0,0.0
00,,34000000.0,34000000.0,20240417,553,한강수계관리기금,2024,57,변상금및위약금,12,경상이전수입,0.0,034,환경부,0.0,0.0,0.0
00,,7516000000.0,7516000000.0,20240417,553,한강수계관리기금,2024,72,토지및무형자산매각대,15,관유물매각대,0.0,034,환경부,0.0,0.0,0.0
00,,113000000.0,113000000.0,20240417,553,한강수계관리기금,2024,51,관유물대여료,11,재산수입,0.0,034,환경부,0.0,0.0,0.0
00,,2493000000.0,2493000000.0,20240417,553,한강수계관리기금,2024,54,기타이자수입및재산수입,11,재산수입,0.0,034,환경부,0.0,0.0,0.0
00,,161000000.0,161000000.0,20240417,553,한강수계관리기금,2024,69,잡수입,13,재화및용역판매수입,0.0,034,환경부,0.0,0.0,0.0
00,,118445000000.0,118445000000.0,20240417,553,한강수계관리기금,2024,85,정부예금회수,31,차입금및여유자금회수,0.0,034,환경부,0.0,0.0,0.0
00,,934000000.0,934000000.0,20240417,220,환경개선특별회계,2024,58,가산금,12,경상이전수입,46930.0,034,환경부,46930.0,0.0,0.0
00,,1015706000000.0,1015706000000.0,20240417,220,환경개선특별회계,2024,59,기타경상이전수입,12,경상이전수입,100838962080.0,034,환경부,122652909030.0,2106282520.0,21813946950.0
00,,36624000000.0,36624000000.0,20240417,220,환경개선특별회계,2024,56,"벌금,몰수금및과태료",12,경상이전수입,3424224710.0,034,환경부,3841899160.0,16290000.0,417674450.0
00,,727000000.0,727000000.0,20240417,220,환경개선특별회계,2024,57,변상금및위약금,12,경상이전수입,5370540.0,034,환경부,5409810.0,0.0,39270.0
00,,658000000.0,658000000.0,20240417,220,환경개선특별회계,2024,71,고정자산매각대,15,관유물매각대,0.0,034,환경부,0.0,0.0,0.0
00,,0.0,0.0,20240417,220,환경개선특별회계,2024,72,토지및무형자산매각대,15,관유물매각대,37500.0,034,환경부,37500.0,0.0,0.0
00,,0.0,0.0,20240417,220,환경개선특별회계,2024,99,기타,99,기타,99123595830.0,034,환경부,177700589940.0,9012027630.0,78576994110.0
00,,40864000000.0,40864000000.0,20240417,220,환경개선특별회계,2024,89,세계잉여금이입액,34,세계잉여금,0.0,034,환경부,0.0,0.0,0.0
00,,0.0,0.0,20240417,220,환경개선특별회계,2024,71,기타,14,수입대체경비수입,0.0,034,환경부,2340000.0,0.0,2340000.0
00,,1753000000.0,1753000000.0,20240417,220,환경개선특별회계,2024,69,잡수입,14,수입대체경비수입,454946410.0,034,환경부,492461410.0,0.0,37515000.0
00,,231136000000.0,231136000000.0,20240417,220,환경개선특별회계,2024,75,융자원금회수,20,융자및전대차관원금회수,0.0,034,환경부,0.0,0.0,0.0
00,,267000000.0,267000000.0,20240417,220,환경개선특별회계,2024,51,관유물대여료,11,재산수입,514852320.0,034,환경부,823094440.0,304743200.0,308242120.0
00,,48895000000.0,48895000000.0,20240417,220,환경개선특별회계,2024,54,기타이자수입및재산수입,11,재산수입,10338233560.0,034,환경부,11465293460.0,952170.0,1127059900.0
00,,1242000000.0,1242000000.0,20240417,220,환경개선특별회계,2024,65,면허료및수수료,13,재화및용역판매수입,215585810.0,034,환경부,215585810.0,0.0,0.0
00,,3038000000.0,3038000000.0,20240417,220,환경개선특별회계,2024,69,잡수입,13,재화및용역판매수입,4742990.0,034,환경부,4742990.0,0.0,0.0
00,,0.0,0.0,20240417,220,환경개선특별회계,2024,88,전년도이월금,33,전년도이월금,200500.0,034,환경부,200500.0,0.0,0.0
00,,5665729000000.0,5665729000000.0,20240417,220,환경개선특별회계,2024,91,전입금,40,정부내부수입및기타,2005102040090.0,034,환경부,2329017791970.0,0.0,323915751880.0
00,,0.0,0.0,20240417,811,우체국보험적립금,2024,99,기타,99,기타,1425994744440.0,085,,1425994744440.0,0.0,0.0
00,,0.0,0.0,20240417,811,우체국보험적립금,2024,69,기타,13,기타,23921530.0,085,,23921530.0,0.0,0.0
00,,0.0,0.0,20240417,811,우체국보험적립금,2024,59,기타,12,기타,275397480.0,085,,275397480.0,0.0,0.0
00,,0.0,0.0,20240417,811,우체국보험적립금,2024,51,기타,11,기타,500713700.0,085,,500713700.0,0.0,0.0
