계정명,전년도이전발생합계금액,전년도이전발생금액중이행기한도래액,전년도이전발생금액중이행기한미도래액,채권종류명,회계명,회계연도,소관명,이행기한도래합계금액,이행기한미도래합계금액,전년도말현재액,본년도발생합계금액,본년도발생금액중이행기한도래액,본년도발생금액중이행기한미도래액,총계금액
,0,0,0,재산수입,일반회계,2007,대통령비서실,0,0,0,0,0,0,0
,0,0,0,경상이전수입,일반회계,2007,대통령비서실,0,0,0,0,0,0,0
,0,0,0,관유물매각대,일반회계,2007,대통령비서실,0,0,0,0,0,0,0
,0,0,0,재산수입,일반회계,2007,대통령경호실(구),0,0,0,0,0,0,0
,0,0,0,경상이전수입,일반회계,2007,대통령경호실(구),0,0,0,0,0,0,0
,0,0,0,재화및용역판매수입,일반회계,2007,대통령경호실(구),0,0,0,0,0,0,0
,0,0,0,재산수입,일반회계,2007,감사원,0,0,0,0,0,0,0
,106164000,106164000,0,경상이전수입,일반회계,2007,감사원,106164000,0,106164000,0,0,0,106164000
,0,0,0,재화및용역판매수입,일반회계,2007,감사원,0,0,0,0,0,0,0
,0,0,0,관유물매각대,일반회계,2007,감사원,0,0,0,0,0,0,0
,83020000,0,83020000,기타수입,일반회계,2007,감사원,0,664544800,203690000,581524800,0,581524800,664544800
,0,0,0,재산수입,일반회계,2007,국회,0,0,0,0,0,0,0
,0,0,0,경상이전수입,일반회계,2007,국회,0,0,0,0,0,0,0
,0,0,0,재화및용역판매수입,일반회계,2007,국회,0,0,0,0,0,0,0
,0,0,0,관유물매각대,일반회계,2007,국회,0,0,0,0,0,0,0
,17826860,0,17826860,기타수입,일반회계,2007,국회,0,43558620,25812320,25731760,0,25731760,43558620
,0,0,0,재산수입,일반회계,2007,대법원,0,0,0,0,0,0,0
,37101300,36664020,437280,경상이전수입,일반회계,2007,대법원,45979620,437280,43701650,9315600,9315600,0,46416900
,0,0,0,재화및용역판매수입,일반회계,2007,대법원,0,0,0,0,0,0,0
,0,0,0,관유물매각대,일반회계,2007,대법원,0,0,0,0,0,0,0
,364784080,0,364784080,기타수입,일반회계,2007,대법원,0,365264080,364274080,480000,0,480000,365264080
,0,0,0,경상이전수입,등기특별회계,2007,대법원,0,0,0,0,0,0,0
,0,0,0,재화및용역판매수입,등기특별회계,2007,대법원,0,0,0,0,0,0,0
,0,0,0,관유물매각대,등기특별회계,2007,대법원,0,0,593925330,0,0,0,0
,1128897760,0,1128897760,기타수입,등기특별회계,2007,대법원,0,1128897760,1382010240,0,0,0,1128897760
,0,0,0,경상이전수입,일반회계,2007,헌법재판소,0,0,0,0,0,0,0
,0,0,0,기타수입,일반회계,2007,헌법재판소,0,0,0,0,0,0,0
,0,0,0,재산수입,일반회계,2007,중앙선거관리위원회,0,0,0,0,0,0,0
,0,0,0,경상이전수입,일반회계,2007,중앙선거관리위원회,0,0,0,0,0,0,0
,0,0,0,재화및용역판매수입,일반회계,2007,중앙선거관리위원회,0,0,0,0,0,0,0
,0,0,0,관유물매각대,일반회계,2007,중앙선거관리위원회,0,0,0,0,0,0,0
,2520000,0,2520000,기타수입,일반회계,2007,중앙선거관리위원회,0,2520000,25000000,0,0,0,2520000
,0,0,0,재산수입,일반회계,2007,국무조정실 및 국무총리비서실,0,0,0,0,0,0,0
,0,0,0,경상이전수입,일반회계,2007,국무조정실 및 국무총리비서실,0,0,38500000,0,0,0,0
,0,0,0,재화및용역판매수입,일반회계,2007,국무조정실 및 국무총리비서실,0,0,0,0,0,0,0
,0,0,0,융자회수금,일반회계,2007,국무조정실 및 국무총리비서실,0,0,0,0,0,0,0
,244980000,0,244980000,기타수입,일반회계,2007,국무조정실 및 국무총리비서실,0,244980000,243900000,0,0,0,244980000
,0,0,0,재산수입,복권기금,2007,국무조정실 및 국무총리비서실,3376170,0,4480370,3376170,3376170,0,3376170
,1408250510,1408250510,0,경상이전수입,복권기금,2007,국무조정실 및 국무총리비서실,3891592230,0,2718752670,2483341720,2483341720,0,3891592230
,0,0,0,재화및용역판매수입,복권기금,2007,국무조정실 및 국무총리비서실,0,14507946248,54894969758,14507946248,0,14507946248,14507946248
,0,0,0,예금및예탁금,복권기금,2007,국무조정실 및 국무총리비서실,0,90007019633,89487144415,90007019633,0,90007019633,90007019633
,2103599799,206673629,1896926170,기타수입,일반회계,2007,외교통상부,210414120,2731169885,2780538439,837984206,3740491,834243715,2941584005
,0,0,0,내국세,일반회계,2007,재정경제부,0,0,0,0,0,0,0
,1075817925,1075817925,0,방위세,일반회계,2007,재정경제부,1075831935,0,1799487975,14010,14010,0,1075831935
,30215450057,29361527037,853923020,교육세,일반회계,2007,재정경제부,31212093027,927241200,48803719128,1923884170,1850565990,73318180,32139334227
,33759527946,32717173456,1042354490,농어촌특별세,일반회계,2007,재정경제부,60154636956,1292900640,66855245467,27688009650,27437463500,250546150,61447537596
,8405974020,8371301360,34672660,재산수입,일반회계,2007,재정경제부,11704344900,3031208000,0,6329578880,3333043540,2996535340,14735552900
,66472045027,65087829697,1384215330,경상이전수입,일반회계,2007,재정경제부,75856819747,2327193690,5468840,11711968410,10768990050,942978360,78184013437
,0,0,0,재화및용역판매수입,일반회계,2007,재정경제부,2326290,0,0,2326290,2326290,0,2326290
,15322197190,11089344080,4232853110,관유물매각대,일반회계,2007,재정경제부,14935090140,35781960040,0,35394852990,3845746060,31549106930,50717050180
,70521010,0,70521010,융자회수금,일반회계,2007,재정경제부,0,70521010,82479220,0,0,0,70521010
,0,0,0,유가증권매각대,일반회계,2007,재정경제부,0,0,0,0,0,0,0
,496387370,0,496387370,기타수입,일반회계,2007,재정경제부,0,505734690,715154200,9347320,0,9347320,505734690
융자계정,0,0,0,재산수입,재정융자특별회계,2007,재정경제부,0,0,15981850,0,0,0,0
융자계정,0,0,0,재화및용역판매수입,재정융자특별회계,2007,재정경제부,0,0,0,0,0,0,0
융자계정,0,0,0,융자회수금,재정융자특별회계,2007,재정경제부,0,0,1.20154E+13,0,0,0,0
차관계정,0,0,0,재산수입,재정융자특별회계,2007,재정경제부,0,0,0,0,0,0,0
차관계정,0,0,0,경상이전수입,재정융자특별회계,2007,재정경제부,0,0,0,0,0,0,0
차관계정,0,0,0,융자회수금,재정융자특별회계,2007,재정경제부,0,0,3.73533E+12,0,0,0,0
재산관리계정,0,0,0,재산수입,국유재산관리특별회계,2007,재정경제부,0,0,11105829040,0,0,0,0
재산관리계정,0,0,0,경상이전수입,국유재산관리특별회계,2007,재정경제부,0,0,78456314397,0,0,0,0
재산관리계정,0,0,0,재화및용역판매수입,국유재산관리특별회계,2007,재정경제부,0,0,0,0,0,0,0
재산관리계정,0,0,0,관유물매각대,국유재산관리특별회계,2007,재정경제부,0,0,33300789280,0,0,0,0
,0,0,0,재산수입,농어가목돈마련저축장려기금,2007,재정경제부,0,0,0,0,0,0,0
,0,0,0,융자회수금,농어가목돈마련저축장려기금,2007,재정경제부,0,0,9180000000,0,0,0,0
,0,0,0,예금및예탁금,농어가목돈마련저축장려기금,2007,재정경제부,0,20910000000,39736000000,20910000000,0,20910000000,20910000000
,1.55335E+11,0,1.55335E+11,융자회수금,대외경제협력기금,2007,재정경제부,0,1.53874E+12,1.42512E+12,1.3834E+12,0,1.3834E+12,1.53874E+12
,30000000000,0,30000000000,예금및예탁금,대외경제협력기금,2007,재정경제부,0,4.86593E+11,3.40878E+11,4.56593E+11,0,4.56593E+11,4.86593E+11
총괄계정,1.00282E+12,0,1.00282E+12,재산수입,공공자금관리기금,2007,재정경제부,0,1.00282E+12,1.04276E+12,0,0,0,1.00282E+12
총괄계정,4.46726E+12,0,4.46726E+12,융자회수금,공공자금관리기금,2007,재정경제부,0,4.93796E+12,4.55453E+12,4.70706E+11,0,4.70706E+11,4.93796E+12
융자계정,0,0,0,재산수입,공공자금관리기금,2007,재정경제부,0,0,0,0,0,0,0
융자계정,0,0,0,경상이전수입,공공자금관리기금,2007,재정경제부,0,0,0,0,0,0,0
융자계정,9.76539E+12,0,9.76539E+12,융자회수금,공공자금관리기금,2007,재정경제부,0,1.05086E+13,0,7.43184E+11,0,7.43184E+11,1.05086E+13
차관계정,0,0,0,재산수입,공공자금관리기금,2007,재정경제부,0,0,0,0,0,0,0
차관계정,0,0,0,경상이전수입,공공자금관리기금,2007,재정경제부,0,0,0,0,0,0,0
차관계정,3.11084E+12,0,3.11084E+12,융자회수금,공공자금관리기금,2007,재정경제부,0,3.11084E+12,0,0,0,0,3.11084E+12
,13968121853,13968121853,0,융자회수금,외국환평형기금,2007,재정경제부,13968121853,0,14643787478,0,0,0,13968121853
,0,0,0,예금및예탁금,외국환평형기금,2007,재정경제부,0,2.55252E+12,0,2.55252E+12,0,2.55252E+12,2.55252E+12
,0,0,0,재산수입,공적자금상환기금,2007,재정경제부,0,0,0,0,0,0,0
,0,0,0,재화및용역판매수입,공적자금상환기금,2007,재정경제부,0,0,0,0,0,0,0
,0,0,0,예금및예탁금,공적자금상환기금,2007,재정경제부,0,73800000000,28000000000,73800000000,0,73800000000,73800000000
,7212970,7212970,0,재산수입,일반회계,2007,법무부,33695790,4905960,13539850,31388780,26482820,4905960,38601750
,250472440,249729720,742720,경상이전수입,일반회계,2007,법무부,305585950,4016560,259684310,59130070,55856230,3273840,309602510
,0,0,0,재화및용역판매수입,일반회계,2007,법무부,0,0,0,0,0,0,0
,0,0,0,관유물매각대,일반회계,2007,법무부,0,0,0,0,0,0,0
,0,0,0,융자회수금,일반회계,2007,법무부,0,0,0,0,0,0,0
,11364895760,216260000,11148635760,기타수입,일반회계,2007,법무부,216260000,12669179210,11599813760,1520543450,0,1520543450,12885439210
사법시설계정,0,0,0,관유물매각대,국유재산관리특별회계,2007,법무부,0,0,0,0,0,0,0
,0,0,0,재산수입,교도작업특별회계,2007,법무부,0,0,0,0,0,0,0
,0,0,0,경상이전수입,교도작업특별회계,2007,법무부,0,0,0,0,0,0,0
,0,0,0,재화및용역판매수입,교도작업특별회계,2007,법무부,135670150,0,170677120,135670150,135670150,0,135670150
,0,0,0,관유물매각대,교도작업특별회계,2007,법무부,0,0,0,0,0,0,0
,430810730,430810730,0,재산수입,일반회계,2007,국방부,634941110,107499530,1327846880,311629910,204130380,107499530,742440640
,9692185880,9598785920,93399960,경상이전수입,일반회계,2007,국방부,12626583380,833851300,12856723910,3768248800,3027797460,740451340,13460434680
,0,0,0,재화및용역판매수입,일반회계,2007,국방부,49660,248350,473240,298010,49660,248350,298010
,1.32435E+11,0,1.32435E+11,융자회수금,일반회계,2007,국방부,0,1.36178E+11,1.32435E+11,3743634000,0,3743634000,1.36178E+11
,0,0,0,기타수입,일반회계,2007,국방부,0,1944000,0,1944000,0,1944000,1944000
정부시설계정,0,0,0,경상이전수입,국유재산관리특별회계,2007,국방부,0,0,12110610,0,0,0,0
정부시설계정,0,0,0,관유물매각대,국유재산관리특별회계,2007,국방부,0,0,37677170860,0,0,0,0
,0,0,0,경상이전수입,군인연금특별회계,2007,국방부,0,0,1703490160,0,0,0,0
,579720,579720,0,재산수입,주한미군기지이전특별회계,2007,국방부,52815670,0,1442460,52235950,52235950,0,52815670
,187853690,187853690,0,경상이전수입,주한미군기지이전특별회계,2007,국방부,251346860,13174930,189817020,76668100,63493170,13174930,264521790
,0,0,0,재화및용역판매수입,주한미군기지이전특별회계,2007,국방부,13587130,0,0,13587130,13587130,0,13587130
,0,0,0,관유물매각대,주한미군기지이전특별회계,2007,국방부,214965770,643575350,1594944000,858541120,214965770,643575350,858541120
,0,0,0,재산수입,국방·군사시설이전특별회계,2007,국방부,226750,7671300,0,7898050,226750,7671300,7898050
,12110610,12110610,0,경상이전수입,국방·군사시설이전특별회계,2007,국방부,1201603720,39060,0,1189532170,1189493110,39060,1201642780
,12501259660,2052339480,10448920180,관유물매각대,국방·군사시설이전특별회계,2007,국방부,9125952980,3.53223E+11,0,3.49848E+11,7073613500,3.42774E+11,3.62349E+11
손익계정,143910670,143910670,0,재화및용역판매수입,국방홍보원,2007,국방부,213147870,2963000,144337670,72200200,69237200,2963000,216110870
손익계정,0,0,0,기타수입,국방홍보원,2007,국방부,0,120000,0,120000,0,120000,120000
,949741900,949741900,0,경상이전수입,군인연금기금,2007,국방부,1163068980,298185520,0,511512600,213327080,298185520,1461254500
,0,0,0,예금및예탁금,군인연금기금,2007,국방부,0,73984337990,33900182440,73984337990,0,73984337990,73984337990
,345759063,345759063,0,재산수입,군인복지기금,2007,국방부,572900353,62942810,399040133,290084100,227141290,62942810,635843163
,532571430,80079030,452492400,경상이전수입,군인복지기금,2007,국방부,290942840,453166200,531247640,211537610,210863810,673800,744109040
,713110,713110,0,재화및용역판매수입,군인복지기금,2007,국방부,713110,2274390,713110,2274390,0,2274390,2987500
,3.08259E+11,923891310,3.07335E+11,융자회수금,군인복지기금,2007,국방부,2671427642,4.29824E+11,4.00068E+11,1.24236E+11,1747536332,1.22489E+11,4.32495E+11
,0,0,0,기타수입,군인복지기금,2007,국방부,0,240000,0,240000,0,240000,240000
,39434207875,167061201,39267146674,예금및예탁금,군인복지기금,2007,국방부,218330231,2.25631E+11,2.02007E+11,1.86415E+11,51269030,1.86364E+11,2.25849E+11
,0,0,0,교육세,일반회계,2007,교육인적자원부,0,0,0,0,0,0,0
,3298177750,710981290,2587196460,재산수입,일반회계,2007,교육인적자원부,1379287180,2788525630,1560261190,869635060,668305890,201329170,4167812810
,84682440,83865410,817030,경상이전수입,일반회계,2007,교육인적자원부,101476570,3515750,513677210,20309880,17611160,2698720,104992320
,206360,206360,0,재화및용역판매수입,일반회계,2007,교육인적자원부,357110,0,437120,150750,150750,0,357110
,0,0,0,관유물매각대,일반회계,2007,교육인적자원부,0,162190310,20132530,162190310,0,162190310,162190310
,4.01052E+11,0,4.01052E+11,융자회수금,일반회계,2007,교육인적자원부,0,4.01052E+11,4.06773E+11,0,0,0,4.01052E+11
,212620000,206380000,6240000,기타수입,일반회계,2007,교육인적자원부,206380000,466142220,213924940,459902220,0,459902220,672522220
정부시설계정,0,0,0,재산수입,국유재산관리특별회계,2007,교육인적자원부,0,0,0,0,0,0,0
정부시설계정,0,0,0,관유물매각대,국유재산관리특별회계,2007,교육인적자원부,0,0,2015653000,0,0,0,0
지역혁신사업계정,0,0,0,재산수입,국가균형발전특별회계,2007,교육인적자원부,0,0,0,0,0,0,0
지역혁신사업계정,0,0,0,경상이전수입,국가균형발전특별회계,2007,교육인적자원부,0,0,0,0,0,0,0
손익계정,0,0,0,재산수입,국립국제교육원,2007,교육인적자원부,0,0,0,0,0,0,0
손익계정,0,0,0,경상이전수입,국립국제교육원,2007,교육인적자원부,0,0,0,0,0,0,0
손익계정,0,0,0,재화및용역판매수입,국립국제교육원,2007,교육인적자원부,0,0,0,0,0,0,0
,0,0,0,재산수입,국가장학기금,2007,교육인적자원부,0,0,0,0,0,0,0
,0,0,0,경상이전수입,국가장학기금,2007,교육인적자원부,0,0,0,0,0,0,0
,0,0,0,재화및용역판매수입,국가장학기금,2007,교육인적자원부,0,0,0,0,0,0,0
,1.99812E+11,1.99812E+11,0,예금및예탁금,국가장학기금,2007,교육인적자원부,1.99812E+11,1.6213E+11,1.99812E+11,1.6213E+11,0,1.6213E+11,3.61942E+11
,283174470,283083060,91410,재산수입,일반회계,2007,농림부,348362730,16141260,338151300,81329520,65279670,16049850,364503990
,111858410,106386480,5471930,경상이전수입,일반회계,2007,농림부,145633500,15187450,1419461260,48962540,39247020,9715520,160820950
,0,0,0,재화및용역판매수입,일반회계,2007,농림부,14950,0,3350,14950,14950,0,14950
,0,0,0,관유물매각대,일반회계,2007,농림부,0,22170240,478000,22170240,0,22170240,22170240
,1814693000,733136960,1081556040,기타수입,일반회계,2007,농림부,733136960,1303456040,1984793000,221900000,0,221900000,2036593000
,0,0,0,재산수입,농어촌특별세관리특별회계,2007,농림부,0,0,0,0,0,0,0
,0,0,0,경상이전수입,농어촌특별세관리특별회계,2007,농림부,0,0,0,0,0,0,0
,0,0,0,융자회수금,농어촌특별세관리특별회계,2007,농림부,0,0,81370108000,0,0,0,0
구조개선사업계정,0,0,0,재산수입,농어촌구조개선특별회계,2007,농림부,0,0,0,0,0,0,0
구조개선사업계정,48460620,48460620,0,경상이전수입,농어촌구조개선특별회계,2007,농림부,256024260,0,276589210,207563640,207563640,0,256024260
구조개선사업계정,0,0,0,재화및용역판매수입,농어촌구조개선특별회계,2007,농림부,0,0,0,0,0,0,0
구조개선사업계정,0,0,0,관유물매각대,농어촌구조개선특별회계,2007,농림부,0,0,0,0,0,0,0
구조개선사업계정,2.34703E+12,0,2.34703E+12,융자회수금,농어촌구조개선특별회계,2007,농림부,0,2.57292E+12,2.97687E+12,2.25891E+11,0,2.25891E+11,2.57292E+12
농어촌특별세사업계정,0,0,0,농어촌특별세,농어촌구조개선특별회계,2007,농림부,0,0,0,0,0,0,0
농어촌특별세사업계정,0,0,0,재산수입,농어촌구조개선특별회계,2007,농림부,0,0,0,0,0,0,0
농어촌특별세사업계정,16334340,16334340,0,경상이전수입,농어촌구조개선특별회계,2007,농림부,240151870,16803730,200000,240621260,223817530,16803730,256955600
농어촌특별세사업계정,1.44366E+11,0,1.44366E+11,융자회수금,농어촌구조개선특별회계,2007,농림부,0,1.46866E+11,86982841010,2500000000,0,2500000000,1.46866E+11
지역개발사업계정,0,0,0,경상이전수입,국가균형발전특별회계,2007,농림부,0,0,0,0,0,0,0
손익계정,0,0,0,경상이전수입,양곡관리특별회계,2007,농림부,0,0,0,0,0,0,0
손익계정,0,0,0,재화및용역판매수입,양곡관리특별회계,2007,농림부,0,0,0,0,0,0,0
손익계정,123643750,123643750,0,관유물매각대,양곡관리특별회계,2007,농림부,129646000,0,508407050,6002250,6002250,0,129646000
손익계정,0,0,0,융자회수금,양곡관리특별회계,2007,농림부,0,0,0,0,0,0,0
,0,0,0,재산수입,농산물가격안정기금,2007,농림부,0,0,201213770,0,0,0,0
,0,0,0,경상이전수입,농산물가격안정기금,2007,농림부,0,0,0,0,0,0,0
,0,0,0,관유물매각대,농산물가격안정기금,2007,농림부,0,0,0,0,0,0,0
,1.69637E+12,0,1.69637E+12,융자회수금,농산물가격안정기금,2007,농림부,0,3.04626E+12,3.01573E+12,1.34989E+12,0,1.34989E+12,3.04626E+12
,0,0,0,예금및예탁금,농산물가격안정기금,2007,농림부,0,4.07955E+11,2.90689E+11,4.07955E+11,0,4.07955E+11,4.07955E+11
,1303668941,1303668941,0,재산수입,농지관리기금,2007,농림부,1303668941,11385745170,13598175407,11385745170,0,11385745170,12689414111
,28082021040,28082021040,0,경상이전수입,농지관리기금,2007,농림부,73895565565,2.34959E+11,56137200780,2.80773E+11,45813544525,2.34959E+11,3.08855E+11
,1.50524E+11,1172319685,1.49352E+11,관유물매각대,농지관리기금,2007,농림부,1172319685,3.38603E+11,1.70897E+11,1.8925E+11,0,1.8925E+11,3.39775E+11
,2.15746E+12,0,2.15746E+12,융자회수금,농지관리기금,2007,농림부,0,2.59267E+12,2.50262E+12,4.35212E+11,0,4.35212E+11,2.59267E+12
,0,0,0,예금및예탁금,농지관리기금,2007,농림부,0,3.13839E+11,49037523392,3.13839E+11,0,3.13839E+11,3.13839E+11
,1.31755E+12,0,1.31755E+12,융자회수금,축산발전기금,2007,농림부,0,1.70847E+12,1.91232E+12,3.90917E+11,0,3.90917E+11,1.70847E+12
,0,0,0,예금및예탁금,축산발전기금,2007,농림부,0,2.1126E+11,2.05424E+11,2.1126E+11,0,2.1126E+11,2.1126E+11
,0,0,0,재산수입,농업소득보전직접지불기금,2007,농림부,0,0,0,0,0,0,0
,0,0,0,경상이전수입,농업소득보전직접지불기금,2007,농림부,0,0,0,0,0,0,0
,0,0,0,예금및예탁금,농업소득보전직접지불기금,2007,농림부,0,13945023180,6486035630,13945023180,0,13945023180,13945023180
,0,0,0,재산수입,자유무역협정이행지원기금,2007,농림부,0,0,0,0,0,0,0
,0,0,0,경상이전수입,자유무역협정이행지원기금,2007,농림부,0,0,0,0,0,0,0
,99818953850,0,99818953850,융자회수금,자유무역협정이행지원기금,2007,농림부,0,1.46735E+11,1.16838E+11,46915804730,0,46915804730,1.46735E+11
,0,0,0,예금및예탁금,자유무역협정이행지원기금,2007,농림부,0,40408794728,37500000177,40408794728,0,40408794728,40408794728
,0,0,0,재산수입,농작물재해재보험기금,2007,농림부,0,0,0,0,0,0,0
,0,0,0,경상이전수입,농작물재해재보험기금,2007,농림부,0,0,0,0,0,0,0
,0,0,0,재화및용역판매수입,농작물재해재보험기금,2007,농림부,0,0,0,0,0,0,0
,0,0,0,예금및예탁금,농작물재해재보험기금,2007,농림부,0,51502428880,39045630780,51502428880,0,51502428880,51502428880
,784131100,784131100,0,재산수입,일반회계,2007,건설교통부,991752700,28828210,1344485350,236449810,207621600,28828210,1020580910
,1771600980,1771600980,0,경상이전수입,일반회계,2007,건설교통부,2344750010,17273140,2526696700,590422170,573149030,17273140,2362023150
,0,0,0,재화및용역판매수입,일반회계,2007,건설교통부,2647590,0,0,2647590,2647590,0,2647590
,32656910,32656910,0,관유물매각대,일반회계,2007,건설교통부,38800910,0,1064949270,6144000,6144000,0,38800910
,0,0,0,기타수입,일반회계,2007,건설교통부,0,491850,0,491850,0,491850,491850
도로계정,4997190170,4989636270,7553900,재산수입,교통시설특별회계,2007,건설교통부,6351169065,741002120,6514779970,2094981015,1361532795,733448220,7092171185
도로계정,607982710,605938780,2043930,경상이전수입,교통시설특별회계,2007,건설교통부,682041880,22486930,697077670,96546100,76103100,20443000,704528810
도로계정,71179040,71179040,0,재화및용역판매수입,교통시설특별회계,2007,건설교통부,83186240,4200000,79417300,16207200,12007200,4200000,87386240
도로계정,0,0,0,관유물매각대,교통시설특별회계,2007,건설교통부,11910500,0,170308520,11910500,11910500,0,11910500
도로계정,7.168E+11,4.695E+11,2.473E+11,융자회수금,교통시설특별회계,2007,건설교통부,4.695E+11,2.473E+11,7.7309E+11,0,0,0,7.168E+11
철도계정,4445061380,4445061380,0,재산수입,교통시설특별회계,2007,건설교통부,4445061380,0,6178236330,0,0,0,4445061380
철도계정,14551689680,14551689680,0,경상이전수입,교통시설특별회계,2007,건설교통부,14551689680,0,28215107300,0,0,0,14551689680
철도계정,0,0,0,재화및용역판매수입,교통시설특별회계,2007,건설교통부,0,0,0,0,0,0,0
철도계정,0,0,0,관유물매각대,교통시설특별회계,2007,건설교통부,0,0,1078000,0,0,0,0
철도계정,1.4272E+12,3.90332E+11,1.03687E+12,융자회수금,교통시설특별회계,2007,건설교통부,3.90332E+11,1.03687E+12,1.45604E+12,0,0,0,1.4272E+12
공항계정,0,0,0,재산수입,교통시설특별회계,2007,건설교통부,362460,0,2340650,362460,362460,0,362460
공항계정,55303720,52639920,2663800,경상이전수입,교통시설특별회계,2007,건설교통부,69657980,2663800,55776080,17018060,17018060,0,72321780
공항계정,874520,874520,0,재화및용역판매수입,교통시설특별회계,2007,건설교통부,1182520,0,892520,308000,308000,0,1182520
공항계정,9108926330,0,9108926330,기타수입,교통시설특별회계,2007,건설교통부,0,9108926330,11136936030,0,0,0,9108926330
광역교통시설계정,16185191770,11376952010,4808239760,경상이전수입,교통시설특별회계,2007,건설교통부,41985681420,16490489980,55437539700,42290979630,30608729410,11682250220,58476171400
광역교통시설계정,0,0,0,재화및용역판매수입,교통시설특별회계,2007,건설교통부,0,0,0,0,0,0,0
교통체계관리계정,0,0,0,재산수입,교통시설특별회계,2007,건설교통부,0,0,0,0,0,0,0
교통체계관리계정,0,0,0,경상이전수입,교통시설특별회계,2007,건설교통부,0,0,0,0,0,0,0
교통체계관리계정,2.81238E+11,2.81238E+11,0,융자회수금,교통시설특별회계,2007,건설교통부,2.81238E+11,0,3.26884E+11,0,0,0,2.81238E+11
지역개발사업계정,0,0,0,내국세,국가균형발전특별회계,2007,건설교통부,0,0,0,0,0,0,0
지역개발사업계정,95533870,95533870,0,재산수입,국가균형발전특별회계,2007,건설교통부,117926770,3117760,118155380,25510660,22392900,3117760,121044530
지역개발사업계정,2.09281E+11,73666889120,1.35614E+11,경상이전수입,국가균형발전특별회계,2007,건설교통부,1.65276E+11,3.84679E+11,5.24849E+11,3.40674E+11,91608799060,2.49065E+11,5.49955E+11
지역개발사업계정,0,0,0,재화및용역판매수입,국가균형발전특별회계,2007,건설교통부,179100,0,0,179100,179100,0,179100
지역개발사업계정,32203970,32203970,0,관유물매각대,국가균형발전특별회계,2007,건설교통부,32203970,0,85272305040,0,0,0,32203970
지역개발사업계정,53911441730,53911441730,0,융자회수금,국가균형발전특별회계,2007,건설교통부,53911441730,0,85371100300,0,0,0,53911441730
지역혁신사업계정,0,0,0,재산수입,국가균형발전특별회계,2007,건설교통부,68770,773480,141620,842250,68770,773480,842250
지역혁신사업계정,558162670,556537770,1624900,경상이전수입,국가균형발전특별회계,2007,건설교통부,8721837660,10121757510,4388961530,18285432500,8165299890,10120132610,18843595170
지역혁신사업계정,0,0,0,재화및용역판매수입,국가균형발전특별회계,2007,건설교통부,19560,0,0,19560,19560,0,19560
,0,0,0,재산수입,주택도시기금,2007,건설교통부,0,0,0,0,0,0,0
,75646561978,0,75646561978,경상이전수입,주택도시기금,2007,건설교통부,10898666289,75646561978,1.28366E+11,10898666289,10898666289,0,86545228267
,25025765,0,25025765,관유물매각대,주택도시기금,2007,건설교통부,0,25025765,55887765,0,0,0,25025765
,4.53835E+13,2.96918E+11,4.50866E+13,융자회수금,주택도시기금,2007,건설교통부,2.96918E+11,5.92707E+13,5.50262E+13,1.41841E+13,0,1.41841E+13,5.95676E+13
,0,0,0,기타수입,주택도시기금,2007,건설교통부,0,1916085000,1570142190,1916085000,0,1916085000,1916085000
,0,0,0,예금및예탁금,주택도시기금,2007,건설교통부,42939831312,1.194E+12,1.27137E+12,1.23694E+12,42939831312,1.194E+12,1.23694E+12
,23240040500,23240040500,0,재산수입,일반회계,2007,보건복지부(구),23564322080,0,26160523460,324281580,324281580,0,23564322080
,56954050,56954050,0,경상이전수입,일반회계,2007,보건복지부(구),14685464740,7875570,8699701900,14636386260,14628510690,7875570,14693340310
,0,0,0,재화및용역판매수입,일반회계,2007,보건복지부(구),0,0,0,0,0,0,0
,0,0,0,관유물매각대,일반회계,2007,보건복지부(구),0,36423731760,0,36423731760,0,36423731760,36423731760
,68580479570,54929588610,13650890960,융자회수금,일반회계,2007,보건복지부(구),54929588610,13650890960,63994725560,0,0,0,68580479570
,1092133000,909146910,182986090,기타수입,일반회계,2007,보건복지부(구),909146910,326349090,1092133000,143363000,0,143363000,1235496000
,0,0,0,재산수입,국립의료원특별회계,2007,보건복지부(구),0,0,128707910,0,0,0,0
,0,0,0,재화및용역판매수입,국립의료원특별회계,2007,보건복지부(구),0,0,11644828069,0,0,0,0
,0,0,0,융자회수금,국립의료원특별회계,2007,보건복지부(구),0,0,1440513560,0,0,0,0
손익계정,0,0,0,재산수입,국립재활원,2007,보건복지부(구),0,6107860,0,6107860,0,6107860,6107860
손익계정,153060,153060,0,경상이전수입,국립재활원,2007,보건복지부(구),538340,0,9015850,385280,385280,0,538340
손익계정,2372770,2372770,0,재화및용역판매수입,국립재활원,2007,보건복지부(구),13389870,51671120,38147450,62688220,11017100,51671120,65060990
손익계정,0,0,0,관유물매각대,국립재활원,2007,보건복지부(구),0,0,0,0,0,0,0
손익계정,0,0,0,기업특별회계영업수입,국립목포병원,2007,보건복지부(구),0,9680,0,9680,0,9680,9680
손익계정,0,0,0,재산수입,국립목포병원,2007,보건복지부(구),0,0,0,0,0,0,0
손익계정,0,0,0,경상이전수입,국립목포병원,2007,보건복지부(구),557960,0,0,557960,557960,0,557960
손익계정,0,0,0,재화및용역판매수입,국립목포병원,2007,보건복지부(구),0,0,82064660,0,0,0,0
손익계정,0,0,0,관유물매각대,국립목포병원,2007,보건복지부(구),0,0,0,0,0,0,0
손익계정,0,0,0,기업특별회계영업수입,국립마산병원,2007,보건복지부(구),0,0,0,0,0,0,0
손익계정,0,0,0,재산수입,국립마산병원,2007,보건복지부(구),0,0,0,0,0,0,0
손익계정,0,0,0,경상이전수입,국립마산병원,2007,보건복지부(구),0,0,0,0,0,0,0
손익계정,0,0,0,재화및용역판매수입,국립마산병원,2007,보건복지부(구),0,0,0,0,0,0,0
손익계정,0,0,0,재산수입,국립정신건강센터,2007,보건복지부(구),0,0,0,0,0,0,0
손익계정,0,0,0,경상이전수입,국립정신건강센터,2007,보건복지부(구),0,0,0,0,0,0,0
손익계정,0,0,0,재화및용역판매수입,국립정신건강센터,2007,보건복지부(구),0,0,0,0,0,0,0
손익계정,0,0,0,관유물매각대,국립정신건강센터,2007,보건복지부(구),0,0,0,0,0,0,0
손익계정,0,0,0,기업특별회계영업수입,국립나주병원,2007,보건복지부(구),0,0,0,0,0,0,0
손익계정,0,0,0,재산수입,국립나주병원,2007,보건복지부(구),0,0,0,0,0,0,0
손익계정,0,0,0,경상이전수입,국립나주병원,2007,보건복지부(구),0,0,0,0,0,0,0
손익계정,0,0,0,재화및용역판매수입,국립나주병원,2007,보건복지부(구),0,0,0,0,0,0,0
손익계정,0,0,0,관유물매각대,국립나주병원,2007,보건복지부(구),0,0,0,0,0,0,0
손익계정,0,0,0,기업특별회계영업수입,국립부곡병원,2007,보건복지부(구),0,0,0,0,0,0,0
손익계정,0,0,0,재산수입,국립부곡병원,2007,보건복지부(구),0,0,0,0,0,0,0
손익계정,0,0,0,경상이전수입,국립부곡병원,2007,보건복지부(구),0,0,0,0,0,0,0
손익계정,0,0,0,재화및용역판매수입,국립부곡병원,2007,보건복지부(구),0,0,0,0,0,0,0
손익계정,0,0,0,관유물매각대,국립부곡병원,2007,보건복지부(구),0,0,0,0,0,0,0
손익계정,0,0,0,기업특별회계영업수입,국립춘천병원,2007,보건복지부(구),0,0,0,0,0,0,0
손익계정,0,0,0,재산수입,국립춘천병원,2007,보건복지부(구),0,0,0,0,0,0,0
손익계정,0,0,0,경상이전수입,국립춘천병원,2007,보건복지부(구),0,0,0,0,0,0,0
손익계정,0,0,0,재화및용역판매수입,국립춘천병원,2007,보건복지부(구),0,0,0,0,0,0,0
손익계정,0,0,0,관유물매각대,국립춘천병원,2007,보건복지부(구),0,0,0,0,0,0,0
손익계정,0,0,0,기업특별회계영업수입,국립공주병원,2007,보건복지부(구),0,0,0,0,0,0,0
손익계정,0,0,0,재산수입,국립공주병원,2007,보건복지부(구),0,0,0,0,0,0,0
손익계정,0,0,0,경상이전수입,국립공주병원,2007,보건복지부(구),0,0,0,0,0,0,0
손익계정,0,0,0,재화및용역판매수입,국립공주병원,2007,보건복지부(구),0,0,0,0,0,0,0
손익계정,24095000,24095000,0,재산수입,국립의료원,2007,보건복지부(구),24095000,13015750,0,13015750,0,13015750,37110750
손익계정,3036927216,3031940916,4986300,재화및용역판매수입,국립의료원,2007,보건복지부(구),8367794316,1003995223,0,6334862323,5335853400,999008923,9371789539
손익계정,1440513560,0,1440513560,융자회수금,국립의료원,2007,보건복지부(구),0,1680509560,0,239996000,0,239996000,1680509560
,5.75921E+11,0,5.75921E+11,융자회수금,국민연금기금,2007,보건복지부(구),0,1.02128E+12,6.19653E+11,4.4536E+11,0,4.4536E+11,1.02128E+12
,2.43807E+12,0,2.43807E+12,예금및예탁금,국민연금기금,2007,보건복지부(구),0,3.27456E+12,2.88545E+12,8.36494E+11,0,8.36494E+11,3.27456E+12
,0,0,0,재산수입,국민건강증진기금,2007,보건복지부(구),0,0,0,0,0,0,0
,1919103770,1919103770,0,경상이전수입,국민건강증진기금,2007,보건복지부(구),5703785480,52771730,51266938520,3837453440,3784681710,52771730,5756557210
,0,0,0,예금및예탁금,국민건강증진기금,2007,보건복지부(구),0,93809464110,1.22895E+11,93809464110,0,93809464110,93809464110
,0,0,0,재산수입,응급의료기금,2007,보건복지부(구),0,0,0,0,0,0,0
,38428000,38428000,0,경상이전수입,응급의료기금,2007,보건복지부(구),151268780,0,38428000,112840780,112840780,0,151268780
,31137000000,0,31137000000,융자회수금,응급의료기금,2007,보건복지부(구),0,38137000000,31536000000,7000000000,0,7000000000,38137000000
,0,0,0,예금및예탁금,응급의료기금,2007,보건복지부(구),0,0,18312734000,0,0,0,0
,0,0,0,재산수입,일반회계,2007,고용노동부,0,0,0,0,0,0,0
,884747210,877365810,7381400,경상이전수입,일반회계,2007,고용노동부,3571857550,9899620,3172087100,2697009960,2694491740,2518220,3581757170
,755000,755000,0,재화및용역판매수입,일반회계,2007,고용노동부,755000,0,755000,0,0,0,755000
,0,0,0,관유물매각대,일반회계,2007,고용노동부,0,0,0,0,0,0,0
,1178192120,0,1178192120,기타수입,일반회계,2007,고용노동부,0,1179356940,1126663800,1164820,0,1164820,1179356940
투자계정,612271450,592798890,19472560,경상이전수입,에너지및자원사업특별회계,2007,고용노동부,599074440,19472560,720007510,6275550,6275550,0,618547000
투자계정,3475420,3475420,0,재화및용역판매수입,에너지및자원사업특별회계,2007,고용노동부,3475420,0,3475420,0,0,0,3475420
,1.23275E+11,1.23275E+11,0,사회보장기여금,산업재해보상보험및예방기금,2007,고용노동부,3.24515E+11,330143120,3.34804E+11,2.0157E+11,2.0124E+11,330143120,3.24845E+11
,0,0,0,재산수입,산업재해보상보험및예방기금,2007,고용노동부,0,0,0,0,0,0,0
,2.15844E+11,2.15844E+11,0,경상이전수입,산업재해보상보험및예방기금,2007,고용노동부,3.51817E+11,5305450750,4.5571E+11,1.41279E+11,1.35973E+11,5305450750,3.57123E+11
,302215040,302215040,0,재화및용역판매수입,산업재해보상보험및예방기금,2007,고용노동부,340557170,0,336989410,38342130,38342130,0,340557170
,0,0,0,관유물매각대,산업재해보상보험및예방기금,2007,고용노동부,0,10249956760,1818450000,10249956760,0,10249956760,10249956760
,5.46028E+11,0,5.46028E+11,융자회수금,산업재해보상보험및예방기금,2007,고용노동부,0,6.67871E+11,6.38803E+11,1.21842E+11,0,1.21842E+11,6.67871E+11
,1513332718,0,1513332718,예금및예탁금,산업재해보상보험및예방기금,2007,고용노동부,0,1.83331E+12,1.42501E+12,1.8318E+12,0,1.8318E+12,1.83331E+12
,2183623560,2183623560,0,경상이전수입,장애인고용촉진및직업재활기금,2007,고용노동부,3595047220,1740877300,3849999790,3152300960,1411423660,1740877300,5335924520
,444212830,444212830,0,재화및용역판매수입,장애인고용촉진및직업재활기금,2007,고용노동부,1732464370,91275000,616354480,1379526540,1288251540,91275000,1823739370
,0,0,0,관유물매각대,장애인고용촉진및직업재활기금,2007,고용노동부,0,0,0,0,0,0,0
,1.08307E+11,0,1.08307E+11,융자회수금,장애인고용촉진및직업재활기금,2007,고용노동부,0,1.29458E+11,1.41424E+11,21151200000,0,21151200000,1.29458E+11
,6498700,6498700,0,예금및예탁금,장애인고용촉진및직업재활기금,2007,고용노동부,6498700,73763516760,43693199710,73763516760,0,73763516760,73770015460
,1.14346E+11,1.14346E+11,0,사회보장기여금,고용보험기금,2007,고용노동부,2.2962E+11,74424180,2.6143E+11,1.15348E+11,1.15274E+11,74424180,2.29694E+11
,0,0,0,재산수입,고용보험기금,2007,고용노동부,16290,0,0,16290,16290,0,16290
,52682487130,52682487130,0,경상이전수입,고용보험기금,2007,고용노동부,99690594060,6288047490,94629544090,53296154420,47008106930,6288047490,1.05979E+11
,46702030,46702030,0,재화및용역판매수입,고용보험기금,2007,고용노동부,62866550,100000,71027130,16264520,16164520,100000,62966550
,2.19014E+11,0,2.19014E+11,융자회수금,고용보험기금,2007,고용노동부,0,3.38499E+11,3.01113E+11,1.19485E+11,0,1.19485E+11,3.38499E+11
,0,0,0,예금및예탁금,고용보험기금,2007,고용노동부,0,2.6443E+12,2.3882E+12,2.6443E+12,0,2.6443E+12,2.6443E+12
,26840,26840,0,재산수입,임금채권보장기금,2007,고용노동부,11252890,0,1948280,11226050,11226050,0,11252890
,3.09372E+11,3.09372E+11,0,경상이전수입,임금채권보장기금,2007,고용노동부,4.5093E+11,3825870,3.91728E+11,1.41561E+11,1.41557E+11,3825870,4.50933E+11
,15000000,0,15000000,융자회수금,임금채권보장기금,2007,고용노동부,0,20000000,15000000,5000000,0,5000000,20000000
,0,0,0,기타수입,임금채권보장기금,2007,고용노동부,0,0,0,0,0,0,0
,0,0,0,예금및예탁금,임금채권보장기금,2007,고용노동부,0,1.4E+11,1.05E+11,1.4E+11,0,1.4E+11,1.4E+11
,0,0,0,재산수입,일반회계,2007,정보통신부,0,0,0,0,0,0,0
,9247200,9247200,0,경상이전수입,일반회계,2007,정보통신부,10908360,0,0,1661160,1661160,0,10908360
,11729552140,11729552140,0,재화및용역판매수입,일반회계,2007,정보통신부,11899915450,22853060,0,193216370,170363310,22853060,11922768510
,0,0,0,관유물매각대,일반회계,2007,정보통신부,0,0,0,0,0,0,0
,1.80644E+11,0,1.80644E+11,융자회수금,일반회계,2007,정보통신부,235000,1.80644E+11,0,235000,235000,0,1.80644E+11
,0,0,0,유가증권매각대,일반회계,2007,정보통신부,0,0,0,0,0,0,0
,0,0,0,기타수입,일반회계,2007,정보통신부,0,22639000,0,22639000,0,22639000,22639000
,0,0,0,경상이전수입,우체국보험특별회계,2007,정보통신부,0,0,0,0,0,0,0
자본계정,0,0,0,관유물매각대,통신사업특별회계,2007,정보통신부,0,0,373716880,0,0,0,0
자본계정,0,0,0,기타수입,통신사업특별회계,2007,정보통신부,0,0,1196000,0,0,0,0
손익계정,0,0,0,재산수입,통신사업특별회계,2007,정보통신부,0,0,650637640,0,0,0,0
손익계정,0,0,0,경상이전수입,통신사업특별회계,2007,정보통신부,0,0,9478505600,0,0,0,0
자본계정,0,0,0,관유물매각대,통신사업특별회계,2007,정보통신부,0,0,0,0,0,0,0
자본계정,0,0,0,융자회수금,통신사업특별회계,2007,정보통신부,0,0,83048842580,0,0,0,0
손익계정,0,0,0,재산수입,통신사업특별회계,2007,정보통신부,0,0,0,0,0,0,0
손익계정,0,0,0,경상이전수입,통신사업특별회계,2007,정보통신부,0,0,28096866130,0,0,0,0
손익계정,0,0,0,재화및용역판매수입,통신사업특별회계,2007,정보통신부,0,0,11293260,0,0,0,0
손익계정,0,0,0,융자회수금,통신사업특별회계,2007,정보통신부,0,0,8.68368E+11,0,0,0,0
자본계정,84370880,84370880,0,관유물매각대,우편사업특별회계,2007,정보통신부,84370880,22500,0,22500,0,22500,84393380
자본계정,1166000,0,1166000,기타수입,우편사업특별회계,2007,정보통신부,0,2546000,0,1380000,0,1380000,2546000
손익계정,201418360,201418360,0,재산수입,우편사업특별회계,2007,정보통신부,451513270,323585100,0,573680010,250094910,323585100,775098370
손익계정,497871770,497871770,0,경상이전수입,우편사업특별회계,2007,정보통신부,1452567990,511131550,0,1465827770,954696220,511131550,1963699540
자본계정,0,0,0,관유물매각대,우체국예금특별회계,2007,정보통신부,0,0,0,0,0,0,0
손익계정,0,0,0,재산수입,우체국예금특별회계,2007,정보통신부,0,0,0,0,0,0,0
손익계정,7307003830,7307003830,0,경상이전수입,우체국예금특별회계,2007,정보통신부,8132157600,0,0,825153770,825153770,0,8132157600
,1.12522E+12,1324334280,1.1239E+12,경상이전수입,정보통신진흥기금,2007,정보통신부,1324334280,1.1239E+12,0,0,0,0,1.12522E+12
,4.35075E+11,0,4.35075E+11,융자회수금,정보통신진흥기금,2007,정보통신부,0,5.94075E+11,0,1.59E+11,0,1.59E+11,5.94075E+11
,21396669570,0,21396669570,예금및예탁금,정보통신진흥기금,2007,정보통신부,0,1.67474E+11,0,1.46077E+11,0,1.46077E+11,1.67474E+11
연구개발계정,0,0,0,경상이전수입,정보통신진흥기금,2007,정보통신부,0,0,1.3593E+12,0,0,0,0
연구개발계정,0,0,0,융자회수금,정보통신진흥기금,2007,정보통신부,0,0,6.48517E+11,0,0,0,0
연구개발계정,0,0,0,예금및예탁금,정보통신진흥기금,2007,정보통신부,0,0,2.84772E+11,0,0,0,0
,0,0,0,재산수입,일반회계,2007,과학기술부,0,0,0,0,0,0,0
,3492850,3492850,0,경상이전수입,일반회계,2007,과학기술부,3492850,0,3492850,0,0,0,3492850
,0,0,0,재화및용역판매수입,일반회계,2007,과학기술부,0,0,0,0,0,0,0
,0,0,0,관유물매각대,일반회계,2007,과학기술부,0,0,0,0,0,0,0
,0,0,0,기타수입,일반회계,2007,과학기술부,0,225333900,222083460,225333900,0,225333900,225333900
지역혁신사업계정,0,0,0,재산수입,국가균형발전특별회계,2007,과학기술부,0,0,0,0,0,0,0
지역혁신사업계정,0,0,0,경상이전수입,국가균형발전특별회계,2007,과학기술부,0,0,0,0,0,0,0
자본계정,0,0,0,경상이전수입,국립중앙과학관,2007,과학기술부,0,0,0,0,0,0,0
손익계정,0,0,0,기업특별회계영업수입,국립중앙과학관,2007,과학기술부,0,0,0,0,0,0,0
손익계정,11464740,11464740,0,재산수입,국립중앙과학관,2007,과학기술부,46644560,62498020,28926880,97677840,35179820,62498020,109142580
손익계정,83379500,83379500,0,경상이전수입,국립중앙과학관,2007,과학기술부,180844880,0,88125470,97465380,97465380,0,180844880
손익계정,698820,698820,0,재화및용역판매수입,국립중앙과학관,2007,과학기술부,1200890,113600,940920,615670,502070,113600,1314490
손익계정,0,0,0,관유물매각대,국립중앙과학관,2007,과학기술부,0,0,0,0,0,0,0
,2.53586E+11,0,2.53586E+11,융자회수금,과학기술진흥기금,2007,과학기술부,0,2.83586E+11,3.54103E+11,30000000000,0,30000000000,2.83586E+11
,8,0,8,예금및예탁금,과학기술진흥기금,2007,과학기술부,0,1.41945E+11,1.40084E+11,1.41945E+11,0,1.41945E+11,1.41945E+11
,0,0,0,재산수입,원자력기금,2007,과학기술부,0,0,0,0,0,0,0
,0,0,0,경상이전수입,원자력기금,2007,과학기술부,0,0,0,0,0,0,0
,0,0,0,예금및예탁금,원자력기금,2007,과학기술부,0,30735178760,18115234240,30735178760,0,30735178760,30735178760
,0,0,0,재산수입,일반회계,2007,통일부,0,0,0,0,0,0,0
,0,0,0,경상이전수입,일반회계,2007,통일부,0,0,0,0,0,0,0
,0,0,0,재화및용역판매수입,일반회계,2007,통일부,0,0,0,0,0,0,0
,0,0,0,기타수입,일반회계,2007,통일부,0,160360,0,160360,0,160360,160360
,0,0,0,재산수입,남북협력기금,2007,통일부,12341090,0,0,12341090,12341090,0,12341090
,0,0,0,경상이전수입,남북협력기금,2007,통일부,0,0,0,0,0,0,0
,0,0,0,재화및용역판매수입,남북협력기금,2007,통일부,0,0,0,0,0,0,0
,2.16003E+12,0,2.16003E+12,융자회수금,남북협력기금,2007,통일부,1174844130,2.49831E+12,2.22193E+12,3.39458E+11,1174844130,3.38283E+11,2.49949E+12
,0,0,0,유가증권매각대,남북협력기금,2007,통일부,0,0,0,0,0,0,0
,0,0,0,예금및예탁금,남북협력기금,2007,통일부,5555018350,5.08092E+11,5.73615E+11,5.13647E+11,5555018350,5.08092E+11,5.13647E+11
,0,0,0,경상이전수입,일반회계,2007,법제처,0,0,0,0,0,0,0
,0,0,0,관유물매각대,일반회계,2007,법제처,0,0,0,0,0,0,0
,0,0,0,재산수입,일반회계,2007,국가보훈부,0,0,0,0,0,0,0
,847124320,845744320,1380000,경상이전수입,일반회계,2007,국가보훈부,1280447600,10059000,1031566830,443382280,434703280,8679000,1290506600
,0,0,0,재화및용역판매수입,일반회계,2007,국가보훈부,0,0,0,0,0,0,0
,0,0,0,관유물매각대,일반회계,2007,국가보훈부,0,0,0,0,0,0,0
,56840000,16860000,39980000,기타수입,일반회계,2007,국가보훈부,16860000,78040000,56630000,38060000,0,38060000,94900000
,0,0,0,재산수입,순국선열애국지사사업기금,2007,국가보훈부,0,0,0,0,0,0,0
,0,0,0,재화및용역판매수입,순국선열애국지사사업기금,2007,국가보훈부,0,0,0,0,0,0,0
,916095730,916095730,0,예금및예탁금,순국선열애국지사사업기금,2007,국가보훈부,916095730,7343585170,7740000000,7343585170,0,7343585170,8259680900
국가유공자지원자금,232899840,232899840,0,재산수입,보훈기금,2007,국가보훈부,479963070,126511980,2075575565,373575210,247063230,126511980,606475050
국가유공자지원자금,2.9963E+11,4099792070,2.9553E+11,융자회수금,보훈기금,2007,국가보훈부,4225104640,3.954E+11,3.93293E+11,99994738110,125312570,99869425540,3.99625E+11
국가유공자지원자금,0,0,0,예금및예탁금,보훈기금,2007,국가보훈부,0,89200000000,79600000000,89200000000,0,89200000000,89200000000
참전유공자·제대군인지원자금,280165231,280165231,0,재산수입,보훈기금,2007,국가보훈부,468818111,0,776683031,188652880,188652880,0,468818111
참전유공자·제대군인지원자금,55085610840,2032552550,53053058290,융자회수금,보훈기금,2007,국가보훈부,2073787300,70169584870,73529160930,17157761330,41234750,17116526580,72243372170
참전유공자·제대군인지원자금,0,0,0,예금및예탁금,보훈기금,2007,국가보훈부,0,31361000000,41200000000,31361000000,0,31361000000,31361000000
5·18 민주유공자지원자금,13418500,13418500,0,재산수입,보훈기금,2007,국가보훈부,37736620,0,20092750,24318120,24318120,0,37736620
5·18 민주유공자지원자금,4490685010,119672030,4371012980,융자회수금,보훈기금,2007,국가보훈부,287608150,6519433130,5301838010,2316356270,167936120,2148420150,6807041280
5·18 민주유공자지원자금,0,0,0,예금및예탁금,보훈기금,2007,국가보훈부,0,0,0,0,0,0,0
특수임무유공자지원자금,752160,752160,0,재산수입,보훈기금,2007,국가보훈부,7994920,0,6876770,7242760,7242760,0,7994920
특수임무유공자지원자금,1677575840,4762880,1672812960,융자회수금,보훈기금,2007,국가보훈부,50134380,2867636190,1999288190,1240194730,45371500,1194823230,2917770570
특수임무유공자지원자금,0,0,0,예금및예탁금,보훈기금,2007,국가보훈부,0,0,900000000,0,0,0,0
,2347557950,2347557790,160,재산수입,일반회계,2007,산림청,2914979640,95982860,22068450,663404550,567421850,95982700,3010962500
,30499888930,29698673650,801215280,경상이전수입,일반회계,2007,산림청,34067234650,2181468620,659693310,5748814340,4368561000,1380253340,36248703270
,122536010,122536010,0,재화및용역판매수입,일반회계,2007,산림청,123327750,119701200,0,120492940,791740,119701200,243028950
,5216663080,1013229330,4203433750,관유물매각대,일반회계,2007,산림청,1119800330,50477657420,1750000,46380794670,106571000,46274223670,51597457750
,758977620,0,758977620,융자회수금,일반회계,2007,산림청,0,758977620,0,0,0,0,758977620
재산관리계정,0,0,0,재산수입,국유재산관리특별회계,2007,산림청,0,0,3375880680,0,0,0,0
재산관리계정,0,0,0,경상이전수입,국유재산관리특별회계,2007,산림청,0,0,34121269030,0,0,0,0
재산관리계정,0,0,0,재화및용역판매수입,국유재산관리특별회계,2007,산림청,0,0,148725050,0,0,0,0
재산관리계정,0,0,0,관유물매각대,국유재산관리특별회계,2007,산림청,0,0,29729638520,0,0,0,0
재산관리계정,0,0,0,융자회수금,국유재산관리특별회계,2007,산림청,0,0,1119046350,0,0,0,0
임업진흥사업계정,0,0,0,농어촌특별세,농어촌구조개선특별회계,2007,산림청,0,0,0,0,0,0,0
임업진흥사업계정,0,0,0,재산수입,농어촌구조개선특별회계,2007,산림청,0,0,0,0,0,0,0
임업진흥사업계정,16031118270,14673635210,1357483060,경상이전수입,농어촌구조개선특별회계,2007,산림청,18148101200,16622020720,25512043840,18739003650,3474465990,15264537660,34770121920
임업진흥사업계정,0,0,0,재화및용역판매수입,농어촌구조개선특별회계,2007,산림청,0,0,0,0,0,0,0
임업진흥사업계정,4.30803E+11,0,4.30803E+11,융자회수금,농어촌구조개선특별회계,2007,산림청,0,4.56836E+11,4.96287E+11,26033441000,0,26033441000,4.56836E+11
지역개발사업계정,0,0,0,경상이전수입,국가균형발전특별회계,2007,산림청,0,0,0,0,0,0,0
손익계정,0,0,0,경상이전수입,국립산림과학원,2007,산림청,0,0,0,0,0,0,0
손익계정,0,0,0,기업특별회계영업수입,국립자연휴양림관리소,2007,산림청,0,0,0,0,0,0,0
손익계정,0,0,0,재산수입,국립자연휴양림관리소,2007,산림청,0,0,0,0,0,0,0
손익계정,0,0,0,경상이전수입,국립자연휴양림관리소,2007,산림청,21733860,0,0,21733860,21733860,0,21733860
손익계정,0,0,0,재화및용역판매수입,국립자연휴양림관리소,2007,산림청,0,0,0,0,0,0,0
,1.32181E+12,1.02001E+12,3.018E+11,내국세,일반회계,2007,국세청,3.31012E+12,2.97014E+12,6.15693E+12,4.95845E+12,2.29011E+12,2.66834E+12,6.28026E+12
,122119310,122119310,0,방위세,일반회계,2007,국세청,122119310,0,161346830,0,0,0,122119310
,13999830,13999830,0,교통세,일반회계,2007,국세청,643834300,1679727680,799739380,2309562150,629834470,1679727680,2323561980
,460120650,460120650,0,교육세,일반회계,2007,국세청,3895174000,3270225200,5380832670,6705278550,3435053350,3270225200,7165399200
,2957879510,2957879510,0,농어촌특별세,일반회계,2007,국세청,6982204150,1460362220,5452203610,5484686860,4024324640,1460362220,8442566370
,833939630,833939630,0,재산수입,일반회계,2007,국세청,833939630,0,829206600,0,0,0,833939630
,3.10345E+11,3.10345E+11,0,경상이전수입,일반회계,2007,국세청,4.67889E+11,32426220,5.09198E+11,1.57576E+11,1.57544E+11,32426220,4.67921E+11
,0,0,0,기타수입,일반회계,2007,국세청,0,4290000,0,4290000,0,4290000,4290000
,1377931590,1377931590,0,종합부동산세,일반회계,2007,국세청,16996834680,1498409970,4827903030,17117313060,15618903090,1498409970,18495244650
,21235731320,21235731320,0,내국세,일반회계,2007,관세청,67088232230,1.14239E+12,8.33231E+11,1.18824E+12,45852500910,1.14239E+12,1.20947E+12
,1.13304E+11,1.08698E+11,4605557340,관세,일반회계,2007,관세청,1.65909E+11,1.90369E+11,3.9226E+11,2.42974E+11,57210723020,1.85763E+11,3.56278E+11
,3239240,3239240,0,방위세,일반회계,2007,관세청,3239240,0,3239240,0,0,0,3239240
,1072836990,1072836990,0,교통세,일반회계,2007,관세청,3781773230,6463080,2721171420,2715399320,2708936240,6463080,3788236310
,1706583090,1706583090,0,교육세,일반회계,2007,관세청,3251971480,7794823850,14174256950,9340212240,1545388390,7794823850,11046795330
,1511125240,1511125240,0,농어촌특별세,일반회계,2007,관세청,1604283760,1049235420,2705117420,1142393940,93158520,1049235420,2653519180
,0,0,0,재산수입,일반회계,2007,관세청,0,31977200,34981090,31977200,0,31977200,31977200
,62990287500,62990287500,0,경상이전수입,일반회계,2007,관세청,78553607290,2097890,81318086520,15565417680,15563319790,2097890,78555705180
,0,0,0,재화및용역판매수입,일반회계,2007,관세청,49015860,2358100,64793830,51373960,49015860,2358100,51373960
,0,0,0,관유물매각대,일반회계,2007,관세청,0,0,0,0,0,0,0
,6855664540,0,6855664540,기타수입,일반회계,2007,관세청,0,8159176770,12343623540,1303512230,0,1303512230,8159176770
,0,0,0,재산수입,일반회계,2007,병무청,0,0,0,0,0,0,0
,0,0,0,경상이전수입,일반회계,2007,병무청,0,0,0,0,0,0,0
,0,0,0,재화및용역판매수입,일반회계,2007,병무청,0,0,0,0,0,0,0
,0,0,0,관유물매각대,일반회계,2007,병무청,0,0,0,0,0,0,0
,4480092000,0,4480092000,융자회수금,일반회계,2007,병무청,0,4723455000,4480092000,243363000,0,243363000,4723455000
,420000,0,420000,기타수입,일반회계,2007,병무청,0,710000,0,290000,0,290000,710000
,0,0,0,재산수입,일반회계,2007,농촌진흥청,0,0,0,0,0,0,0
,0,0,0,경상이전수입,일반회계,2007,농촌진흥청,164789410,0,0,164789410,164789410,0,164789410
,0,0,0,재화및용역판매수입,일반회계,2007,농촌진흥청,0,0,0,0,0,0,0
,0,0,0,관유물매각대,일반회계,2007,농촌진흥청,0,0,0,0,0,0,0
,450000,0,450000,기타수입,일반회계,2007,농촌진흥청,0,510000,0,60000,0,60000,510000
구조개선사업계정,0,0,0,재산수입,농어촌구조개선특별회계,2007,농촌진흥청,0,0,0,0,0,0,0
구조개선사업계정,0,0,0,경상이전수입,농어촌구조개선특별회계,2007,농촌진흥청,10421000,0,0,10421000,10421000,0,10421000
구조개선사업계정,14314822060,0,14314822060,융자회수금,농어촌구조개선특별회계,2007,농촌진흥청,0,15314822060,14909449750,1000000000,0,1000000000,15314822060
농어촌특별세사업계정,0,0,0,재산수입,농어촌구조개선특별회계,2007,농촌진흥청,1021710,0,0,1021710,1021710,0,1021710
농어촌특별세사업계정,0,0,0,경상이전수입,농어촌구조개선특별회계,2007,농촌진흥청,26196770,0,10229320,26196770,26196770,0,26196770
농어촌특별세사업계정,0,0,0,재화및용역판매수입,농어촌구조개선특별회계,2007,농촌진흥청,0,0,0,0,0,0,0
농어촌특별세사업계정,0,0,0,관유물매각대,농어촌구조개선특별회계,2007,농촌진흥청,0,0,0,0,0,0,0
,0,0,0,재산수입,일반회계,2007,중소기업청,0,0,548590,0,0,0,0
,39171370,39171370,0,경상이전수입,일반회계,2007,중소기업청,260097720,0,309559680,220926350,220926350,0,260097720
,0,0,0,재화및용역판매수입,일반회계,2007,중소기업청,0,0,0,0,0,0,0
,0,0,0,관유물매각대,일반회계,2007,중소기업청,0,0,0,0,0,0,0
,60000,0,60000,기타수입,일반회계,2007,중소기업청,0,150000,0,90000,0,90000,150000
,0,0,0,융자회수금,특허관리특별회계,2007,특허청,0,0,6914527500,0,0,0,0
,0,0,0,기타수입,특허관리특별회계,2007,특허청,0,0,4025684,0,0,0,0
손익계정,0,0,0,재산수입,특허청,2007,특허청,0,0,0,0,0,0,0
손익계정,0,0,0,경상이전수입,특허청,2007,특허청,0,0,0,0,0,0,0
손익계정,0,0,0,재화및용역판매수입,특허청,2007,특허청,0,0,0,0,0,0,0
손익계정,6229527500,0,6229527500,융자회수금,특허청,2007,특허청,0,6593526500,0,363999000,0,363999000,6593526500
손익계정,4294108,0,4294108,기타수입,특허청,2007,특허청,0,4294108,0,0,0,0,4294108
자본계정,0,0,0,재산수입,조달특별회계,2007,조달청,0,0,0,0,0,0,0
자본계정,0,0,0,경상이전수입,조달특별회계,2007,조달청,0,0,0,0,0,0,0
자본계정,0,0,0,관유물매각대,조달특별회계,2007,조달청,0,0,0,0,0,0,0
손익계정,0,0,0,기업특별회계영업수입,조달특별회계,2007,조달청,0,79565380,2310570,79565380,0,79565380,79565380
손익계정,3425000,3425000,0,재산수입,조달특별회계,2007,조달청,36496930,12495580,13206770,45567510,33071930,12495580,48992510
손익계정,52099200,52099200,0,경상이전수입,조달특별회계,2007,조달청,52099200,0,52099200,0,0,0,52099200
손익계정,7689620,7689620,0,재화및용역판매수입,조달특별회계,2007,조달청,263672840,6015854740,1192958510,6271837960,255983220,6015854740,6279527580
손익계정,0,0,0,관유물매각대,조달특별회계,2007,조달청,0,0,52173200,0,0,0,0
손익계정,3484826500,0,3484826500,융자회수금,조달특별회계,2007,조달청,0,3628945500,3484826500,144119000,0,144119000,3628945500
자본계정,0,0,0,재산수입,품질관리단,2007,조달청,0,0,0,0,0,0,0
손익계정,0,0,0,재산수입,품질관리단,2007,조달청,0,0,0,0,0,0,0
손익계정,0,0,0,경상이전수입,품질관리단,2007,조달청,0,0,0,0,0,0,0
손익계정,3362490,3362490,0,재화및용역판매수입,품질관리단,2007,조달청,5247960,166062320,98011620,167947790,1885470,166062320,171310280
손익계정,0,0,0,관유물매각대,품질관리단,2007,조달청,0,0,0,0,0,0,0
,3744100,3744100,0,재산수입,일반회계,2007,환경부,3744100,0,3744100,0,0,0,3744100
,4146310,4146310,0,경상이전수입,일반회계,2007,환경부,4146310,0,4146310,0,0,0,4146310
,0,0,0,관유물매각대,일반회계,2007,환경부,0,0,0,0,0,0,0
,2083890,2083890,0,재산수입,환경개선특별회계,2007,환경부,183233210,171499110,15647690,352648430,181149320,171499110,354732320
,5.47758E+11,5.40137E+11,7621125140,경상이전수입,환경개선특별회계,2007,환경부,7.37272E+11,55392727170,6.98884E+11,2.44907E+11,1.97135E+11,47771602030,7.92665E+11
,0,0,0,재화및용역판매수입,환경개선특별회계,2007,환경부,20000,0,6326460,20000,20000,0,20000
,0,0,0,관유물매각대,환경개선특별회계,2007,환경부,0,0,0,0,0,0,0
,1.92664E+12,1.16745E+11,1.80989E+12,융자회수금,환경개선특별회계,2007,환경부,1.16745E+11,1.91124E+12,2.14335E+12,1.01352E+11,0,1.01352E+11,2.02799E+12
,0,0,0,기타수입,환경개선특별회계,2007,환경부,0,1950000,0,1950000,0,1950000,1950000
지역혁신사업계정,0,0,0,재산수입,국가균형발전특별회계,2007,환경부,0,0,0,0,0,0,0
지역혁신사업계정,0,0,0,경상이전수입,국가균형발전특별회계,2007,환경부,0,0,0,0,0,0,0
,13733210,13733210,0,재산수입,일반회계,2007,통계청,19408670,0,13874350,5675460,5675460,0,19408670
,2875360,2875360,0,경상이전수입,일반회계,2007,통계청,7994460,0,2875360,5119100,5119100,0,7994460
,0,0,0,재화및용역판매수입,일반회계,2007,통계청,0,0,0,0,0,0,0
,0,0,0,관유물매각대,일반회계,2007,통계청,0,0,0,0,0,0,0
,60000,0,60000,기타수입,일반회계,2007,통계청,0,60000,0,0,0,0,60000
,0,0,0,재산수입,일반회계,2007,기상청,0,0,3850480,0,0,0,0
,85004180,85004180,0,경상이전수입,일반회계,2007,기상청,89655610,0,85004180,4651430,4651430,0,89655610
,11073440,11073440,0,재화및용역판매수입,일반회계,2007,기상청,11073440,0,11073440,0,0,0,11073440
,0,0,0,관유물매각대,일반회계,2007,기상청,0,0,0,0,0,0,0
,199640850,199640850,0,기타수입,일반회계,2007,기상청,199640850,280500000,199640850,280500000,0,280500000,480140850
,1655770,1655770,0,재산수입,일반회계,2007,경찰청,57864030,5329880,0,61538140,56208260,5329880,63193910
,944430490,944430490,0,경상이전수입,일반회계,2007,경찰청,1100354570,922900,908913210,156846980,155924080,922900,1101277470
,19152210,19152210,0,재화및용역판매수입,일반회계,2007,경찰청,40400620,0,0,21248410,21248410,0,40400620
,473500,473500,0,관유물매각대,일반회계,2007,경찰청,15624500,13659000,2000000,28810000,15151000,13659000,29283500
,0,0,0,융자회수금,일반회계,2007,경찰청,0,0,0,0,0,0,0
,4499302790,0,4499302790,기타수입,일반회계,2007,경찰청,0,6162637200,4497502790,1663334410,0,1663334410,6162637200
정부시설계정,0,0,0,경상이전수입,국유재산관리특별회계,2007,경찰청,0,0,20236730,0,0,0,0
정부시설계정,0,0,0,관유물매각대,국유재산관리특별회계,2007,경찰청,0,0,443523500,0,0,0,0
자본계정,0,0,0,재산수입,운전면허시험관리단,2007,경찰청,0,0,0,0,0,0,0
자본계정,0,0,0,관유물매각대,운전면허시험관리단,2007,경찰청,0,0,0,0,0,0,0
손익계정,0,0,0,기업특별회계영업수입,운전면허시험관리단,2007,경찰청,0,0,0,0,0,0,0
손익계정,6560420,6560420,0,재산수입,운전면허시험관리단,2007,경찰청,7421540,0,6560424,861120,861120,0,7421540
손익계정,17733146,12963070,4770076,경상이전수입,운전면허시험관리단,2007,경찰청,15058350,6480256,18734666,3805460,2095280,1710180,21538606
손익계정,14000000,14000000,0,재화및용역판매수입,운전면허시험관리단,2007,경찰청,14000000,0,14000000,0,0,0,14000000
손익계정,0,0,0,관유물매각대,운전면허시험관리단,2007,경찰청,0,0,0,0,0,0,0
손익계정,0,0,0,재산수입,경찰병원,2007,경찰청,0,0,0,0,0,0,0
손익계정,0,0,0,경상이전수입,경찰병원,2007,경찰청,0,0,0,0,0,0,0
손익계정,76028880,76028880,0,재화및용역판매수입,경찰병원,2007,경찰청,82608970,0,83336730,6580090,6580090,0,82608970
손익계정,0,0,0,관유물매각대,경찰병원,2007,경찰청,0,0,0,0,0,0,0
,38350490,38350490,0,재산수입,일반회계,2007,산업자원부,55208490,8275490,176345150,25133490,16858000,8275490,63483980
,1080520,1080520,0,경상이전수입,일반회계,2007,산업자원부,2229810,759140,23230490,1908430,1149290,759140,2988950
,12756960,12756960,0,재화및용역판매수입,일반회계,2007,산업자원부,18406660,0,25980970,5649700,5649700,0,18406660
,0,0,0,관유물매각대,일반회계,2007,산업자원부,90540000,415863000,0,506403000,90540000,415863000,506403000
투자계정,0,0,0,재산수입,에너지및자원사업특별회계,2007,산업자원부,0,0,0,0,0,0,0
투자계정,1175703390,1175703390,0,경상이전수입,에너지및자원사업특별회계,2007,산업자원부,2051070430,6710316640,1287420720,7585683680,875367040,6710316640,8761387070
투자계정,0,0,0,재화및용역판매수입,에너지및자원사업특별회계,2007,산업자원부,0,0,0,0,0,0,0
융자계정,5.89059E+12,0,5.89059E+12,융자회수금,에너지및자원사업특별회계,2007,산업자원부,0,7.06686E+12,6.56759E+12,1.17628E+12,0,1.17628E+12,7.06686E+12
융자계정,5.75021E+11,0,5.75021E+11,예금및예탁금,에너지및자원사업특별회계,2007,산업자원부,0,6.03713E+11,5.75021E+11,28692545885,0,28692545885,6.03713E+11
지역혁신사업계정,0,0,0,재산수입,국가균형발전특별회계,2007,산업자원부,0,0,0,0,0,0,0
지역혁신사업계정,0,0,0,경상이전수입,국가균형발전특별회계,2007,산업자원부,0,0,0,0,0,0,0
,0,0,0,재산수입,전력산업기반기금,2007,산업자원부,0,0,0,0,0,0,0
,18,18,0,경상이전수입,전력산업기반기금,2007,산업자원부,6970158,2.07487E+11,1.8291E+11,2.07494E+11,6970140,2.07487E+11,2.07494E+11
,5.23257E+11,0,5.23257E+11,융자회수금,전력산업기반기금,2007,산업자원부,0,7.12845E+11,5.77436E+11,1.89588E+11,0,1.89588E+11,7.12845E+11
,0,0,0,예금및예탁금,전력산업기반기금,2007,산업자원부,0,5000000000,88900000000,5000000000,0,5000000000,5000000000
,37130,37130,0,재산수입,일반회계,2007,문화관광부,78966500,26412880,128443420,105342250,78929370,26412880,105379380
,1223805090,1223805090,0,경상이전수입,일반회계,2007,문화관광부,1242464340,0,1310644980,18659250,18659250,0,1242464340
,0,0,0,재화및용역판매수입,일반회계,2007,문화관광부,0,0,2972200,0,0,0,0
,0,0,0,관유물매각대,일반회계,2007,문화관광부,0,0,0,0,0,0,0
,53569350000,0,53569350000,융자회수금,일반회계,2007,문화관광부,0,53569350000,0,0,0,0,53569350000
,27000000,27000000,0,기타수입,일반회계,2007,문화관광부,27000000,102418080,27000000,102418080,0,102418080,129418080
,0,0,0,예금및예탁금,일반회계,2007,문화관광부,0,34931566968,0,34931566968,0,34931566968,34931566968
지역혁신사업계정,0,0,0,재산수입,국가균형발전특별회계,2007,문화관광부,0,0,0,0,0,0,0
지역혁신사업계정,0,0,0,경상이전수입,국가균형발전특별회계,2007,문화관광부,0,0,0,0,0,0,0
손익계정,2488000,2488000,0,재산수입,국립중앙극장,2007,문화관광부,2488000,0,2488000,0,0,0,2488000
손익계정,0,0,0,경상이전수입,국립중앙극장,2007,문화관광부,0,0,0,0,0,0,0
손익계정,37602170,37602170,0,재화및용역판매수입,국립중앙극장,2007,문화관광부,52368920,0,37602170,14766750,14766750,0,52368920
,0,0,0,재산수입,관광진흥개발기금,2007,문화관광부,2778050,302757240,0,305535290,2778050,302757240,305535290
,238868610,238868610,0,경상이전수입,관광진흥개발기금,2007,문화관광부,533808690,7321560,1301356080,302261640,294940080,7321560,541130250
,8.32972E+11,0,8.32972E+11,융자회수금,관광진흥개발기금,2007,문화관광부,0,1.06789E+12,9.59388E+11,2.34921E+11,0,2.34921E+11,1.06789E+12
,0,0,0,예금및예탁금,관광진흥개발기금,2007,문화관광부,0,10485052850,40000000000,10485052850,0,10485052850,10485052850
,0,0,0,재산수입,문화산업진흥기금,2007,문화관광부,0,0,0,0,0,0,0
,0,0,0,경상이전수입,문화산업진흥기금,2007,문화관광부,0,0,0,0,0,0,0
,0,0,0,융자회수금,문화산업진흥기금,2007,문화관광부,0,0,85586020150,0,0,0,0
,0,0,0,예금및예탁금,문화산업진흥기금,2007,문화관광부,0,0,47000000000,0,0,0,0
,0,0,0,재산수입,지역신문발전기금,2007,문화관광부,0,0,0,0,0,0,0
,0,0,0,경상이전수입,지역신문발전기금,2007,문화관광부,0,0,0,0,0,0,0
,400000000,0,400000000,융자회수금,지역신문발전기금,2007,문화관광부,0,660000000,400000000,260000000,0,260000000,660000000
,0,0,0,예금및예탁금,지역신문발전기금,2007,문화관광부,0,40275412350,31301242220,40275412350,0,40275412350,40275412350
,0,0,0,재산수입,언론진흥기금,2007,문화관광부,0,0,0,0,0,0,0
,0,0,0,경상이전수입,언론진흥기금,2007,문화관광부,0,0,0,0,0,0,0
,100000000,0,100000000,융자회수금,언론진흥기금,2007,문화관광부,0,4785000000,100000000,4685000000,0,4685000000,4785000000
,16000000,16000000,0,기타수입,언론진흥기금,2007,문화관광부,16000000,12548000,16000000,12548000,0,12548000,28548000
,0,0,0,예금및예탁금,언론진흥기금,2007,문화관광부,0,26283671490,21888442680,26283671490,0,26283671490,26283671490
,0,0,0,재산수입,일반회계,2007,공정거래위원회,0,0,0,0,0,0,0
,55264750,55264750,0,경상이전수입,일반회계,2007,공정거래위원회,65757870,0,55264750,10493120,10493120,0,65757870
,0,0,0,재화및용역판매수입,일반회계,2007,공정거래위원회,0,0,0,0,0,0,0
,0,0,0,관유물매각대,일반회계,2007,공정거래위원회,0,0,0,0,0,0,0
,0,0,0,기타수입,일반회계,2007,공정거래위원회,0,5685200,7763610,5685200,0,5685200,5685200
,56068360,56068360,0,재산수입,일반회계,2007,해양수산부(구),313949840,577411210,413332600,835292690,257881480,577411210,891361050
,246864720,246864720,0,경상이전수입,일반회계,2007,해양수산부(구),759265290,140954090,616894620,653354660,512400570,140954090,900219380
,16041020,16041020,0,재화및용역판매수입,일반회계,2007,해양수산부(구),39805390,126441350,43251350,150205720,23764370,126441350,166246740
,0,0,0,관유물매각대,일반회계,2007,해양수산부(구),0,295959260,0,295959260,0,295959260,295959260
,414550000,414550000,0,기타수입,일반회계,2007,해양수산부(구),414550000,129840,414550000,129840,0,129840,414679840
정부시설계정,0,0,0,관유물매각대,국유재산관리특별회계,2007,해양수산부(구),0,0,6475040000,0,0,0,0
구조개선사업계정,0,0,0,재산수입,농어촌구조개선특별회계,2007,해양수산부(구),0,0,0,0,0,0,0
구조개선사업계정,204263600,204263600,0,경상이전수입,농어촌구조개선특별회계,2007,해양수산부(구),1043133600,107013690,1793711450,945883690,838870000,107013690,1150147290
구조개선사업계정,31090201800,0,31090201800,융자회수금,농어촌구조개선특별회계,2007,해양수산부(구),0,31090201800,31683424560,0,0,0,31090201800
농어촌특별세사업계정,26600000,26600000,0,경상이전수입,농어촌구조개선특별회계,2007,해양수산부(구),197279700,97382880,819047010,268062580,170679700,97382880,294662580
농어촌특별세사업계정,781239000,0,781239000,융자회수금,농어촌구조개선특별회계,2007,해양수산부(구),0,781239000,781239000,0,0,0,781239000
항만계정,958171660,958171660,0,재산수입,교통시설특별회계,2007,해양수산부(구),959912830,6957520,3714720250,8698690,1741170,6957520,966870350
항만계정,2420376520,2420231520,145000,경상이전수입,교통시설특별회계,2007,해양수산부(구),2695852510,16039610,2709159160,291515600,275620990,15894610,2711892120
항만계정,7684521820,7684521820,0,재화및용역판매수입,교통시설특별회계,2007,해양수산부(구),9404759820,4401103170,16132541610,6121341170,1720238000,4401103170,13805862990
항만계정,0,0,0,관유물매각대,교통시설특별회계,2007,해양수산부(구),0,7329240,0,7329240,0,7329240,7329240
항만계정,3.88247E+11,0,3.88247E+11,융자회수금,교통시설특별회계,2007,해양수산부(구),0,4.08247E+11,3.94204E+11,20000000000,0,20000000000,4.08247E+11
지역개발사업계정,0,0,0,경상이전수입,국가균형발전특별회계,2007,해양수산부(구),417000000,0,0,417000000,417000000,0,417000000
자본계정,0,0,0,관유물매각대,대산지방해양수산청,2007,해양수산부(구),0,0,0,0,0,0,0
손익계정,24015610,24015610,0,재산수입,대산지방해양수산청,2007,해양수산부(구),24015610,5123710,54632830,5123710,0,5123710,29139320
손익계정,17663450,17663450,0,경상이전수입,대산지방해양수산청,2007,해양수산부(구),21637650,12510,20222280,3986710,3974200,12510,21650160
손익계정,15953890,15953890,0,재화및용역판매수입,대산지방해양수산청,2007,해양수산부(구),24690100,504624620,444596030,513360830,8736210,504624620,529314720
자본계정,0,0,0,재산수입,울산지방해양항만청,2007,해양수산부(구),0,0,0,0,0,0,0
손익계정,4794870,4794870,0,재산수입,울산지방해양항만청,2007,해양수산부(구),5529140,6691660,12866600,7425930,734270,6691660,12220800
손익계정,20340160,20340160,0,경상이전수입,울산지방해양항만청,2007,해양수산부(구),30255250,42760,28752420,9957850,9915090,42760,30298010
손익계정,153983680,153983680,0,재화및용역판매수입,울산지방해양항만청,2007,해양수산부(구),270352160,637518220,1045797980,753886700,116368480,637518220,907870380
손익계정,0,0,0,관유물매각대,울산지방해양항만청,2007,해양수산부(구),0,0,0,0,0,0,0
,0,0,0,재산수입,수산발전기금,2007,해양수산부(구),0,0,0,0,0,0,0
,0,0,0,경상이전수입,수산발전기금,2007,해양수산부(구),0,332870000,424000,332870000,0,332870000,332870000
,0,0,0,재화및용역판매수입,수산발전기금,2007,해양수산부(구),434962000,0,1130901200,434962000,434962000,0,434962000
,0,0,0,관유물매각대,수산발전기금,2007,해양수산부(구),0,0,0,0,0,0,0
,1.54897E+11,0,1.54897E+11,융자회수금,수산발전기금,2007,해양수산부(구),0,6.38001E+11,5.86831E+11,4.83104E+11,0,4.83104E+11,6.38001E+11
,0,0,0,예금및예탁금,수산발전기금,2007,해양수산부(구),0,75684279010,62995879030,75684279010,0,75684279010,75684279010
,0,0,0,내국세,일반회계,2007,해양경찰청(구),0,0,3431400,0,0,0,0
,0,0,0,재산수입,일반회계,2007,해양경찰청(구),192487200,0,0,192487200,192487200,0,192487200
,370798690,358548860,12249830,경상이전수입,일반회계,2007,해양경찰청(구),401537210,18770430,469954030,49508950,42988350,6520600,420307640
,0,0,0,재화및용역판매수입,일반회계,2007,해양경찰청(구),0,0,2590,0,0,0,0
,0,0,0,관유물매각대,일반회계,2007,해양경찰청(구),22900000,0,0,22900000,22900000,0,22900000
,390000,0,390000,기타수입,일반회계,2007,해양경찰청(구),0,390000,0,0,0,0,390000
정부시설계정,0,0,0,재산수입,국유재산관리특별회계,2007,해양경찰청(구),0,0,191000000,0,0,0,0
정부시설계정,0,0,0,경상이전수입,국유재산관리특별회계,2007,해양경찰청(구),0,0,0,0,0,0,0
정부시설계정,0,0,0,관유물매각대,국유재산관리특별회계,2007,해양경찰청(구),0,0,0,0,0,0,0
,0,0,0,교육세,일반회계,2007,행정자치부,0,0,0,0,0,0,0
,0,0,0,농어촌특별세,일반회계,2007,행정자치부,0,0,0,0,0,0,0
,8542540,8542540,0,재산수입,일반회계,2007,행정자치부,8543750,0,2228440,1210,1210,0,8543750
,728120,728120,0,경상이전수입,일반회계,2007,행정자치부,7787190,0,828280,7059070,7059070,0,7787190
,19015220,19015220,0,재화및용역판매수입,일반회계,2007,행정자치부,19085220,0,19029240,70000,70000,0,19085220
,0,0,0,관유물매각대,일반회계,2007,행정자치부,0,0,0,0,0,0,0
,7.31367E+11,0,7.31367E+11,융자회수금,일반회계,2007,행정자치부,0,8.09891E+11,7.31367E+11,78523142660,0,78523142660,8.09891E+11
,976243700,0,976243700,기타수입,일반회계,2007,행정자치부,0,1485477700,1047243700,509234000,0,509234000,1485477700
정부시설계정,0,0,0,재산수입,국유재산관리특별회계,2007,행정자치부,0,0,8317460,0,0,0,0
정부시설계정,0,0,0,경상이전수입,국유재산관리특별회계,2007,행정자치부,0,0,5627240,0,0,0,0
정부시설계정,0,0,0,관유물매각대,국유재산관리특별회계,2007,행정자치부,0,0,0,0,0,0,0
,0,0,0,재산수입,일반회계,2007,식품의약품안전청,57460,9800,0,67260,57460,9800,67260
,3243350,3243350,0,경상이전수입,일반회계,2007,식품의약품안전청,30699420,29082390,4349150,56538460,27456070,29082390,59781810
,0,0,0,재화및용역판매수입,일반회계,2007,식품의약품안전청,0,0,20958200,0,0,0,0
,30000,0,30000,기타수입,일반회계,2007,식품의약품안전청,0,150000,126525410,120000,0,120000,150000
,0,0,0,경상이전수입,일반회계,2007,민주평화통일자문회의,0,0,0,0,0,0,0
,0,0,0,관유물매각대,일반회계,2007,민주평화통일자문회의,0,0,0,0,0,0,0
,0,0,0,경상이전수입,일반회계,2007,기획예산처,0,0,0,0,0,0,0
,0,0,0,기타수입,일반회계,2007,기획예산처,0,1236856500,0,1236856500,0,1236856500,1236856500
,0,0,0,재산수입,일반회계,2007,중앙인사위원회,0,0,0,0,0,0,0
,0,0,0,경상이전수입,일반회계,2007,중앙인사위원회,0,0,61697050,0,0,0,0
,0,0,0,재화및용역판매수입,일반회계,2007,중앙인사위원회,0,0,0,0,0,0,0
,0,0,0,경상이전수입,일반회계,2007,국정홍보처,2161590,0,0,2161590,2161590,0,2161590
,1000000,1000000,0,재화및용역판매수입,일반회계,2007,국정홍보처,44232020,0,1000000,43232020,43232020,0,44232020
,0,0,0,관유물매각대,일반회계,2007,국정홍보처,0,0,0,0,0,0,0
,2460000,0,2460000,기타수입,일반회계,2007,국정홍보처,0,2460000,0,0,0,0,2460000
,72765520,72380260,385260,재산수입,일반회계,2007,문화재청,222142180,739463320,512759350,888839980,149761920,739078060,961605500
,3878518310,3878506760,11550,경상이전수입,일반회계,2007,문화재청,5433823080,228216310,6155360770,1783521080,1555316320,228204760,5662039390
,0,0,0,재화및용역판매수입,일반회계,2007,문화재청,0,0,851350,0,0,0,0
,0,0,0,관유물매각대,일반회계,2007,문화재청,0,0,650000,0,0,0,0
,0,0,0,기타수입,일반회계,2007,문화재청,0,162000000,0,162000000,0,162000000,162000000
,0,0,0,기타수입,일반회계,2007,국민경제자문회의,0,1423970000,0,1423970000,0,1423970000,1423970000
,0,0,0,재산수입,일반회계,2007,방송위원회,0,0,0,0,0,0,0
,0,0,0,경상이전수입,일반회계,2007,방송위원회,0,0,0,0,0,0,0
,0,0,0,재산수입,방송통신발전기금,2007,방송위원회,0,0,0,0,0,0,0
,0,0,0,경상이전수입,방송통신발전기금,2007,방송위원회,750000000,28007765430,33726766360,28757765430,750000000,28007765430,28757765430
,20912319936,571142000,20341177936,융자회수금,방송통신발전기금,2007,방송위원회,571142000,34313177936,34007432000,13972000000,0,13972000000,34884319936
,0,0,0,기타수입,방송통신발전기금,2007,방송위원회,0,0,886320000,0,0,0,0
,29700924009,0,29700924009,예금및예탁금,방송통신발전기금,2007,방송위원회,0,87228370839,1.20991E+11,57527446830,0,57527446830,87228370839
,0,0,0,재산수입,일반회계,2007,여성가족부(구),73670,0,0,73670,73670,0,73670
,0,0,0,경상이전수입,일반회계,2007,여성가족부(구),898876360,563255760,1443781750,1462132120,898876360,563255760,1462132120
,0,0,0,재화및용역판매수입,일반회계,2007,여성가족부(구),0,0,0,0,0,0,0
,0,0,0,재산수입,양성평등기금,2007,여성가족부(구),0,0,0,0,0,0,0
,0,0,0,경상이전수입,양성평등기금,2007,여성가족부(구),1200625500,0,642193570,1200625500,1200625500,0,1200625500
,10103968320,0,10103968320,융자회수금,양성평등기금,2007,여성가족부(구),0,10177468320,18306587090,73500000,0,73500000,10177468320
,55215810,55215810,0,예금및예탁금,양성평등기금,2007,여성가족부(구),55215810,6000000000,10055215810,6000000000,0,6000000000,6055215810
,0,0,0,재산수입,일반회계,2007,국가인권위원회,0,0,0,0,0,0,0
,0,0,0,경상이전수입,일반회계,2007,국가인권위원회,0,0,0,0,0,0,0
,0,0,0,재화및용역판매수입,일반회계,2007,국가인권위원회,0,0,0,0,0,0,0
,156000000,0,156000000,기타수입,일반회계,2007,국가인권위원회,0,156000000,156000000,0,0,0,156000000
,0,0,0,재산수입,일반회계,2007,국가청렴위원회,0,0,0,0,0,0,0
,0,0,0,경상이전수입,일반회계,2007,국가청렴위원회,0,0,0,0,0,0,0
,0,0,0,재산수입,일반회계,2007,소방방재청,0,0,0,0,0,0,0
,0,0,0,경상이전수입,일반회계,2007,소방방재청,175964700,197588000,296459630,373552700,175964700,197588000,373552700
,0,0,0,재화및용역판매수입,일반회계,2007,소방방재청,0,0,0,0,0,0,0
,494857000,494857000,0,기타수입,일반회계,2007,소방방재청,494857000,0,494857000,0,0,0,494857000
,0,0,0,재산수입,일반회계,2007,국가청소년위원회,0,0,0,0,0,0,0
,3159880,3159880,0,경상이전수입,일반회계,2007,국가청소년위원회,3159880,0,5650880,0,0,0,3159880
,0,0,0,관유물매각대,일반회계,2007,국가청소년위원회,0,0,0,0,0,0,0
,0,0,0,기타수입,일반회계,2007,국가청소년위원회,0,570000,0,570000,0,570000,570000
,0,0,0,재산수입,청소년육성기금,2007,국가청소년위원회,177140,0,0,177140,177140,0,177140
,0,0,0,경상이전수입,청소년육성기금,2007,국가청소년위원회,418573220,0,61396060,418573220,418573220,0,418573220
,16153160020,0,16153160020,융자회수금,청소년육성기금,2007,국가청소년위원회,0,19653160020,20571488280,3500000000,0,3500000000,19653160020
,0,0,0,예금및예탁금,청소년육성기금,2007,국가청소년위원회,0,77022498970,91000000000,77022498970,0,77022498970,77022498970
,0,0,0,경상이전수입,일반회계,2007,친일반민족행위진상규명위원회,0,0,0,0,0,0,0
,4577476650,4577476650,0,경상이전수입,일반회계,2007,방위사업청,32522204510,16274240,74644179010,27961002100,27944727860,16274240,32538478750
,0,0,0,융자회수금,일반회계,2007,방위사업청,0,80455599000,0,80455599000,0,80455599000,80455599000
,0,0,0,융자회수금,방위산업육성기금,2007,방위사업청,0,0,1.18748E+11,0,0,0,0
,0,0,0,예금및예탁금,방위산업육성기금,2007,방위사업청,0,0,22961888050,0,0,0,0
,0,0,0,경상이전수입,일반회계,2007,국민고충처리위원회,0,0,0,0,0,0,0
,0,0,0,재산수입,행정중심복합도시건설특별회계,2007,행정중심복합도시건설청,0,0,0,0,0,0,0
,0,0,0,경상이전수입,행정중심복합도시건설특별회계,2007,행정중심복합도시건설청,0,0,0,0,0,0,0
,0,0,0,재산수입,일반회계,2008,대통령비서실,0,0,0,0,0,0,0
,0,0,0,경상이전수입,일반회계,2008,대통령비서실,0,0,0,0,0,0,0
,0,0,0,관유물매각대,일반회계,2008,대통령비서실,0,0,0,0,0,0,0
,0,0,0,재산수입,일반회계,2008,대통령경호실(구),0,0,0,0,0,0,0
,0,0,0,경상이전수입,일반회계,2008,대통령경호실(구),0,0,0,0,0,0,0
,0,0,0,재화및용역판매수입,일반회계,2008,대통령경호실(구),0,0,0,0,0,0,0
,0,0,0,재산수입,일반회계,2008,국가정보원,0,0,0,0,0,0,0
,0,0,0,경상이전수입,일반회계,2008,국가정보원,0,0,0,0,0,0,0
,0,0,0,재산수입,일반회계,2008,감사원,0,0,0,0,0,0,0
,106164000,106164000,0,경상이전수입,일반회계,2008,감사원,106164000,0,106164000,0,0,0,106164000
,0,0,0,재화및용역판매수입,일반회계,2008,감사원,0,0,0,0,0,0,0
,531524800,0,531524800,기타수입,일반회계,2008,감사원,0,682164800,664544800,150640000,0,150640000,682164800
,0,0,0,재산수입,일반회계,2008,국회,0,0,0,0,0,0,0
,0,0,0,경상이전수입,일반회계,2008,국회,0,0,0,0,0,0,0
,0,0,0,재화및용역판매수입,일반회계,2008,국회,0,0,0,0,0,0,0
,0,0,0,관유물매각대,일반회계,2008,국회,0,0,0,0,0,0,0
,56131610,0,56131610,기타수입,일반회계,2008,국회,0,106431610,43558620,50300000,0,50300000,106431610
,0,0,0,재산수입,일반회계,2008,대법원,0,0,0,0,0,0,0
,17965340,17550560,414780,경상이전수입,일반회계,2008,대법원,47584800,849980,46416900,30469440,30034240,435200,48434780
,0,0,0,재화및용역판매수입,일반회계,2008,대법원,0,0,0,0,0,0,0
,0,0,0,관유물매각대,일반회계,2008,대법원,0,0,0,0,0,0,0
,366104080,350000000,16104080,기타수입,일반회계,2008,대법원,350000000,16643960,365264080,539880,0,539880,366643960
,0,0,0,재산수입,등기특별회계,2008,대법원,0,0,0,0,0,0,0
,0,0,0,경상이전수입,등기특별회계,2008,대법원,0,0,0,0,0,0,0
,0,0,0,재화및용역판매수입,등기특별회계,2008,대법원,0,0,0,0,0,0,0
,593730400,0,593730400,기타수입,등기특별회계,2008,대법원,0,593730400,1128897760,0,0,0,593730400
,0,0,0,경상이전수입,일반회계,2008,헌법재판소,0,0,0,0,0,0,0
,690000,0,690000,기타수입,일반회계,2008,헌법재판소,0,95190000,0,94500000,0,94500000,95190000
,0,0,0,재산수입,일반회계,2008,중앙선거관리위원회,0,0,0,0,0,0,0
,0,0,0,경상이전수입,일반회계,2008,중앙선거관리위원회,0,0,0,0,0,0,0
,0,0,0,재화및용역판매수입,일반회계,2008,중앙선거관리위원회,0,0,0,0,0,0,0
,0,0,0,관유물매각대,일반회계,2008,중앙선거관리위원회,0,0,0,0,0,0,0
,2520000,0,2520000,기타수입,일반회계,2008,중앙선거관리위원회,0,3162591500,2520000,3160071500,0,3160071500,3162591500
,0,0,0,경상이전수입,일반회계,2008,국무조정실 및 국무총리비서실,0,0,0,0,0,0,0
,0,0,0,재화및용역판매수입,일반회계,2008,국무조정실 및 국무총리비서실,0,0,0,0,0,0,0
,479772000,0,479772000,기타수입,일반회계,2008,국무조정실 및 국무총리비서실,0,479772000,244980000,0,0,0,479772000
,3165391039,271352417,2894038622,기타수입,일반회계,2008,외교통상부,271352417,4146613095,2941584005,1252574473,0,1252574473,4417965512
,0,0,0,방위세,일반회계,2008,재정경제부,0,0,1075831935,0,0,0,0
,0,0,0,교육세,일반회계,2008,재정경제부,0,0,32139334227,0,0,0,0
,0,0,0,농어촌특별세,일반회계,2008,재정경제부,0,0,61447537596,0,0,0,0
,0,0,0,재산수입,일반회계,2008,재정경제부,0,0,14735552900,0,0,0,0
,0,0,0,경상이전수입,일반회계,2008,재정경제부,0,0,78184013437,0,0,0,0
,0,0,0,재화및용역판매수입,일반회계,2008,재정경제부,0,0,2326290,0,0,0,0
,0,0,0,관유물매각대,일반회계,2008,재정경제부,0,0,50717050180,0,0,0,0
,0,0,0,융자회수금,일반회계,2008,재정경제부,0,0,70521010,0,0,0,0
,0,0,0,기타수입,일반회계,2008,재정경제부,0,0,505734690,0,0,0,0
,20502150,20502150,0,재산수입,일반회계,2008,법무부,78788940,59496930,38601750,117783720,58286790,59496930,138285870
,298772240,298772240,0,경상이전수입,일반회계,2008,법무부,348757590,1399200,309602510,51384550,49985350,1399200,350156790
,0,0,0,재화및용역판매수입,일반회계,2008,법무부,0,0,0,0,0,0,0
,0,0,0,관유물매각대,일반회계,2008,법무부,816006840,44803550,0,860810390,816006840,44803550,860810390
,142665720,64680000,77985720,기타수입,일반회계,2008,법무부,64680000,148238930,12885439210,70253210,0,70253210,212918930
,0,0,0,재산수입,교도작업특별회계,2008,법무부,6288540,0,0,6288540,6288540,0,6288540
,0,0,0,경상이전수입,교도작업특별회계,2008,법무부,0,0,0,0,0,0,0
,0,0,0,재화및용역판매수입,교도작업특별회계,2008,법무부,82231430,0,135670150,82231430,82231430,0,82231430
,0,0,0,관유물매각대,교도작업특별회계,2008,법무부,0,0,0,0,0,0,0
,0,0,0,융자회수금,교도작업특별회계,2008,법무부,0,0,0,0,0,0,0
,0,0,0,기타수입,교도작업특별회계,2008,법무부,0,5998670,0,5998670,0,5998670,5998670
,332091390,332091390,0,재산수입,일반회계,2008,국방부,576608160,188542980,742440640,433059750,244516770,188542980,765151140
,11241548920,11208451980,33096940,경상이전수입,일반회계,2008,국방부,13910671020,3612808820,13460434680,6281930920,2702219040,3579711880,17523479840
,0,0,0,재화및용역판매수입,일반회계,2008,국방부,299780,2023460,298010,2323240,299780,2023460,2323240
,1.36178E+11,0,1.36178E+11,융자회수금,일반회계,2008,국방부,0,1.37867E+11,1.36178E+11,1689197000,0,1689197000,1.37867E+11
,1884000,0,1884000,기타수입,일반회계,2008,국방부,0,1884000,1944000,0,0,0,1884000
,27269790,27269790,0,재산수입,주한미군기지이전특별회계,2008,국방부,108742450,214517260,52815670,295989920,81472660,214517260,323259710
,80958700,80958700,0,경상이전수입,주한미군기지이전특별회계,2008,국방부,114827840,15554810,264521790,49423950,33869140,15554810,130382650
,13587130,13587130,0,재화및용역판매수입,주한미군기지이전특별회계,2008,국방부,17587130,0,13587130,4000000,4000000,0,17587130
,0,0,0,관유물매각대,주한미군기지이전특별회계,2008,국방부,33208830,1950671870,858541120,1983880700,33208830,1950671870,1983880700
,7898050,7898050,0,재산수입,국방·군사시설이전특별회계,2008,국방부,7898050,0,7898050,0,0,0,7898050
,1164296270,918309360,245986910,경상이전수입,국방·군사시설이전특별회계,2008,국방부,1205944670,245986910,1201642780,287635310,287635310,0,1451931580
,2.53352E+11,58704454280,1.94647E+11,관유물매각대,국방·군사시설이전특별회계,2008,국방부,69587323080,4.66432E+11,3.62349E+11,2.82668E+11,10882868800,2.71785E+11,5.36019E+11
손익계정,0,0,0,기업특별회계영업수입,국방홍보원,2008,국방부,221000,210000,0,431000,221000,210000,431000
손익계정,147910370,147910370,0,재화및용역판매수입,국방홍보원,2008,국방부,165992470,0,216110870,18082100,18082100,0,165992470
손익계정,120000,0,120000,기타수입,국방홍보원,2008,국방부,0,120000,120000,0,0,0,120000
,824297320,824297320,0,경상이전수입,군인연금기금,2008,국방부,875883380,97874790,1461254500,149460850,51586060,97874790,973758170
,0,0,0,예금및예탁금,군인연금기금,2008,국방부,0,45000000000,73984337990,45000000000,0,45000000000,45000000000
,383171741,382212861,958880,재산수입,군인복지기금,2008,국방부,1450803178,446960220,635843163,1514591657,1068590317,446001340,1897763398
,712344920,264206440,448138480,경상이전수입,군인복지기금,2008,국방부,1296318990,558744780,744109040,1142718850,1032112550,110606300,1855063770
,2987500,713110,2274390,재화및용역판매수입,군인복지기금,2008,국방부,2588630,2274390,2987500,1875520,1875520,0,4863020
,3.32565E+11,5379070962,3.27185E+11,융자회수금,군인복지기금,2008,국방부,5852570962,4.36617E+11,4.32495E+11,1.09905E+11,473500000,1.09431E+11,4.4247E+11
,240000,0,240000,기타수입,군인복지기금,2008,국방부,20000,2890610,240000,2670610,20000,2650610,2910610
,340058200,309745900,30312300,예금및예탁금,군인복지기금,2008,국방부,5967850970,1.95057E+11,2.25849E+11,2.00684E+11,5658105070,1.95026E+11,2.01024E+11
,0,0,0,재산수입,일반회계,2008,교육인적자원부,0,0,4167812810,0,0,0,0
,0,0,0,경상이전수입,일반회계,2008,교육인적자원부,0,0,104992320,0,0,0,0
,0,0,0,재화및용역판매수입,일반회계,2008,교육인적자원부,0,0,357110,0,0,0,0
,0,0,0,관유물매각대,일반회계,2008,교육인적자원부,0,0,162190310,0,0,0,0
,0,0,0,융자회수금,일반회계,2008,교육인적자원부,0,0,4.01052E+11,0,0,0,0
,0,0,0,기타수입,일반회계,2008,교육인적자원부,0,0,672522220,0,0,0,0
지역혁신사업계정,0,0,0,재산수입,국가균형발전특별회계,2008,교육인적자원부,0,0,0,0,0,0,0
지역혁신사업계정,0,0,0,경상이전수입,국가균형발전특별회계,2008,교육인적자원부,0,0,0,0,0,0,0
손익계정,0,0,0,기타수입,국립국제교육원,2008,교육인적자원부,0,0,0,0,0,0,0
,0,0,0,재산수입,일반회계,2008,농림부,0,0,364503990,0,0,0,0
,0,0,0,경상이전수입,일반회계,2008,농림부,0,0,160820950,0,0,0,0
,0,0,0,재화및용역판매수입,일반회계,2008,농림부,0,0,14950,0,0,0,0
,0,0,0,관유물매각대,일반회계,2008,농림부,0,0,22170240,0,0,0,0
,0,0,0,융자회수금,일반회계,2008,농림부,0,0,0,0,0,0,0
,0,0,0,기타수입,일반회계,2008,농림부,0,0,2036593000,0,0,0,0
구조개선사업계정,0,0,0,재산수입,농어촌구조개선특별회계,2008,농림부,0,0,0,0,0,0,0
구조개선사업계정,0,0,0,경상이전수입,농어촌구조개선특별회계,2008,농림부,0,0,256024260,0,0,0,0
구조개선사업계정,0,0,0,재화및용역판매수입,농어촌구조개선특별회계,2008,농림부,0,0,0,0,0,0,0
구조개선사업계정,0,0,0,관유물매각대,농어촌구조개선특별회계,2008,농림부,0,0,0,0,0,0,0
구조개선사업계정,0,0,0,융자회수금,농어촌구조개선특별회계,2008,농림부,0,0,2.57292E+12,0,0,0,0
농어촌특별세사업계정,0,0,0,재산수입,농어촌구조개선특별회계,2008,농림부,0,0,0,0,0,0,0
농어촌특별세사업계정,0,0,0,경상이전수입,농어촌구조개선특별회계,2008,농림부,0,0,256955600,0,0,0,0
농어촌특별세사업계정,0,0,0,융자회수금,농어촌구조개선특별회계,2008,농림부,0,0,1.46866E+11,0,0,0,0
손익계정,0,0,0,경상이전수입,양곡관리특별회계,2008,농림부,0,0,0,0,0,0,0
손익계정,0,0,0,재화및용역판매수입,양곡관리특별회계,2008,농림부,0,0,0,0,0,0,0
손익계정,0,0,0,관유물매각대,양곡관리특별회계,2008,농림부,0,0,129646000,0,0,0,0
손익계정,0,0,0,융자회수금,양곡관리특별회계,2008,농림부,0,0,0,0,0,0,0
,0,0,0,재산수입,일반회계,2008,건설교통부,0,0,1020580910,0,0,0,0
,0,0,0,경상이전수입,일반회계,2008,건설교통부,0,0,2362023150,0,0,0,0
,0,0,0,재화및용역판매수입,일반회계,2008,건설교통부,0,0,2647590,0,0,0,0
,0,0,0,관유물매각대,일반회계,2008,건설교통부,0,0,38800910,0,0,0,0
,0,0,0,융자회수금,일반회계,2008,건설교통부,0,0,0,0,0,0,0
,0,0,0,기타수입,일반회계,2008,건설교통부,0,0,491850,0,0,0,0
,0,0,0,미수수익,일반회계,2008,건설교통부,0,0,0,0,0,0,0
도로계정,0,0,0,재산수입,교통시설특별회계,2008,건설교통부,0,0,7092171185,0,0,0,0
도로계정,0,0,0,경상이전수입,교통시설특별회계,2008,건설교통부,0,0,704528810,0,0,0,0
도로계정,0,0,0,재화및용역판매수입,교통시설특별회계,2008,건설교통부,0,0,87386240,0,0,0,0
도로계정,0,0,0,관유물매각대,교통시설특별회계,2008,건설교통부,0,0,11910500,0,0,0,0
도로계정,0,0,0,융자회수금,교통시설특별회계,2008,건설교통부,0,0,7.168E+11,0,0,0,0
철도계정,0,0,0,재산수입,교통시설특별회계,2008,건설교통부,0,0,4445061380,0,0,0,0
철도계정,0,0,0,경상이전수입,교통시설특별회계,2008,건설교통부,0,0,14551689680,0,0,0,0
철도계정,0,0,0,관유물매각대,교통시설특별회계,2008,건설교통부,0,0,0,0,0,0,0
철도계정,0,0,0,융자회수금,교통시설특별회계,2008,건설교통부,0,0,1.4272E+12,0,0,0,0
공항계정,0,0,0,재산수입,교통시설특별회계,2008,건설교통부,0,0,362460,0,0,0,0
공항계정,0,0,0,경상이전수입,교통시설특별회계,2008,건설교통부,0,0,72321780,0,0,0,0
공항계정,0,0,0,재화및용역판매수입,교통시설특별회계,2008,건설교통부,0,0,1182520,0,0,0,0
공항계정,0,0,0,기타수입,교통시설특별회계,2008,건설교통부,0,0,9108926330,0,0,0,0
광역교통시설계정,0,0,0,경상이전수입,교통시설특별회계,2008,건설교통부,0,0,58476171400,0,0,0,0
교통체계관리계정,0,0,0,융자회수금,교통시설특별회계,2008,건설교통부,0,0,2.81238E+11,0,0,0,0
지역개발사업계정,0,0,0,재산수입,국가균형발전특별회계,2008,건설교통부,0,0,121044530,0,0,0,0
지역개발사업계정,0,0,0,경상이전수입,국가균형발전특별회계,2008,건설교통부,0,0,5.49955E+11,0,0,0,0
지역개발사업계정,0,0,0,재화및용역판매수입,국가균형발전특별회계,2008,건설교통부,0,0,179100,0,0,0,0
지역개발사업계정,0,0,0,관유물매각대,국가균형발전특별회계,2008,건설교통부,0,0,32203970,0,0,0,0
지역개발사업계정,0,0,0,융자회수금,국가균형발전특별회계,2008,건설교통부,0,0,53911441730,0,0,0,0
지역혁신사업계정,0,0,0,재산수입,국가균형발전특별회계,2008,건설교통부,0,0,842250,0,0,0,0
지역혁신사업계정,0,0,0,경상이전수입,국가균형발전특별회계,2008,건설교통부,0,0,18843595170,0,0,0,0
지역혁신사업계정,0,0,0,재화및용역판매수입,국가균형발전특별회계,2008,건설교통부,0,0,19560,0,0,0,0
,0,0,0,재산수입,일반회계,2008,보건복지부(구),0,0,23564322080,0,0,0,0
,0,0,0,경상이전수입,일반회계,2008,보건복지부(구),0,0,14693340310,0,0,0,0
,0,0,0,재화및용역판매수입,일반회계,2008,보건복지부(구),0,0,0,0,0,0,0
,0,0,0,관유물매각대,일반회계,2008,보건복지부(구),0,0,36423731760,0,0,0,0
,0,0,0,융자회수금,일반회계,2008,보건복지부(구),0,0,68580479570,0,0,0,0
,0,0,0,기타수입,일반회계,2008,보건복지부(구),0,0,1235496000,0,0,0,0
손익계정,0,0,0,재산수입,국립재활원,2008,보건복지부(구),0,0,6107860,0,0,0,0
손익계정,0,0,0,경상이전수입,국립재활원,2008,보건복지부(구),0,0,538340,0,0,0,0
손익계정,0,0,0,재화및용역판매수입,국립재활원,2008,보건복지부(구),0,0,65060990,0,0,0,0
손익계정,0,0,0,관유물매각대,국립재활원,2008,보건복지부(구),0,0,0,0,0,0,0
손익계정,0,0,0,기업특별회계영업수입,국립목포병원,2008,보건복지부(구),0,0,9680,0,0,0,0
손익계정,0,0,0,재산수입,국립목포병원,2008,보건복지부(구),0,0,0,0,0,0,0
손익계정,0,0,0,경상이전수입,국립목포병원,2008,보건복지부(구),0,0,557960,0,0,0,0
손익계정,0,0,0,재화및용역판매수입,국립목포병원,2008,보건복지부(구),0,0,0,0,0,0,0
손익계정,0,0,0,재산수입,국립마산병원,2008,보건복지부(구),0,0,0,0,0,0,0
손익계정,0,0,0,재화및용역판매수입,국립마산병원,2008,보건복지부(구),0,0,0,0,0,0,0
손익계정,0,0,0,재산수입,국립정신건강센터,2008,보건복지부(구),0,0,0,0,0,0,0
손익계정,0,0,0,경상이전수입,국립정신건강센터,2008,보건복지부(구),0,0,0,0,0,0,0
손익계정,0,0,0,재화및용역판매수입,국립정신건강센터,2008,보건복지부(구),0,0,0,0,0,0,0
손익계정,0,0,0,관유물매각대,국립정신건강센터,2008,보건복지부(구),0,0,0,0,0,0,0
손익계정,0,0,0,재화및용역판매수입,국립나주병원,2008,보건복지부(구),0,0,0,0,0,0,0
손익계정,0,0,0,재산수입,국립부곡병원,2008,보건복지부(구),0,0,0,0,0,0,0
손익계정,0,0,0,재화및용역판매수입,국립부곡병원,2008,보건복지부(구),0,0,0,0,0,0,0
손익계정,0,0,0,재산수입,국립춘천병원,2008,보건복지부(구),0,0,0,0,0,0,0
손익계정,0,0,0,재화및용역판매수입,국립춘천병원,2008,보건복지부(구),0,0,0,0,0,0,0
손익계정,0,0,0,재산수입,국립공주병원,2008,보건복지부(구),0,0,0,0,0,0,0
손익계정,0,0,0,경상이전수입,국립공주병원,2008,보건복지부(구),0,0,0,0,0,0,0
손익계정,0,0,0,재화및용역판매수입,국립공주병원,2008,보건복지부(구),0,0,0,0,0,0,0
손익계정,0,0,0,재산수입,국립의료원,2008,보건복지부(구),0,0,37110750,0,0,0,0
손익계정,0,0,0,재화및용역판매수입,국립의료원,2008,보건복지부(구),0,0,9371789539,0,0,0,0
손익계정,0,0,0,융자회수금,국립의료원,2008,보건복지부(구),0,0,1680509560,0,0,0,0
,0,0,0,재산수입,일반회계,2008,고용노동부,20240,0,0,20240,20240,0,20240
,1152693560,1152693560,0,경상이전수입,일반회계,2008,고용노동부,1349137870,196342330,3581757170,392786640,196444310,196342330,1545480200
,755000,755000,0,재화및용역판매수입,일반회계,2008,고용노동부,755000,0,755000,0,0,0,755000
,0,0,0,관유물매각대,일반회계,2008,고용노동부,0,0,0,0,0,0,0
,724696460,110547840,614148620,기타수입,일반회계,2008,고용노동부,110547840,667073920,1179356940,52925300,0,52925300,777621760
투자계정,611261290,601903300,9357990,경상이전수입,에너지및자원사업특별회계,2008,고용노동부,698455100,9909510,618547000,97103320,96551800,551520,708364610
투자계정,3475420,3475420,0,재화및용역판매수입,에너지및자원사업특별회계,2008,고용노동부,3475420,0,3475420,0,0,0,3475420
,1.1291E+11,1.1291E+11,0,사회보장기여금,산업재해보상보험및예방기금,2008,고용노동부,3.10205E+11,211583870,3.24845E+11,1.97506E+11,1.97295E+11,211583870,3.10416E+11
,0,0,0,재산수입,산업재해보상보험및예방기금,2008,고용노동부,1675690,0,0,1675690,1675690,0,1675690
,1.898E+11,1.898E+11,0,경상이전수입,산업재해보상보험및예방기금,2008,고용노동부,3.54441E+11,3647277080,3.57123E+11,1.68289E+11,1.64641E+11,3647277080,3.58088E+11
,329544380,329544380,0,재화및용역판매수입,산업재해보상보험및예방기금,2008,고용노동부,378636060,165310,340557170,49256990,49091680,165310,378801370
,0,0,0,관유물매각대,산업재해보상보험및예방기금,2008,고용노동부,0,0,10249956760,0,0,0,0
,5.81751E+11,0,5.81751E+11,융자회수금,산업재해보상보험및예방기금,2008,고용노동부,0,7.00952E+11,6.67871E+11,1.19201E+11,0,1.19201E+11,7.00952E+11
,0,0,0,기타수입,산업재해보상보험및예방기금,2008,고용노동부,0,0,0,0,0,0,0
,1513332718,0,1513332718,예금및예탁금,산업재해보상보험및예방기금,2008,고용노동부,0,2.19529E+12,1.83331E+12,2.19378E+12,0,2.19378E+12,2.19529E+12
,2930951320,2925075560,5875760,경상이전수입,장애인고용촉진및직업재활기금,2008,고용노동부,6512092620,2021777940,5335924520,5602919240,3587017060,2015902180,8533870560
,1206708680,1206708680,0,재화및용역판매수입,장애인고용촉진및직업재활기금,2008,고용노동부,1993730640,250000,1823739370,787271960,787021960,250000,1993980640
,1.03942E+11,0,1.03942E+11,융자회수금,장애인고용촉진및직업재활기금,2008,고용노동부,0,1.20244E+11,1.29458E+11,16302530000,0,16302530000,1.20244E+11
,6498700,6498700,0,예금및예탁금,장애인고용촉진및직업재활기금,2008,고용노동부,6498700,52454493870,73770015460,52454493870,0,52454493870,52460992570
,98029466200,98029466200,0,사회보장기여금,고용보험기금,2008,고용노동부,2.13056E+11,81929930,2.29694E+11,1.15108E+11,1.15027E+11,81929930,2.13138E+11
,0,0,0,재산수입,고용보험기금,2008,고용노동부,98250,0,16290,98250,98250,0,98250
,60912040820,60912040820,0,경상이전수입,고용보험기금,2008,고용노동부,98911812440,5593197010,1.05979E+11,43592968630,37999771620,5593197010,1.04505E+11
,30560540,30560540,0,재화및용역판매수입,고용보험기금,2008,고용노동부,45803260,0,62966550,15242720,15242720,0,45803260
,2.51117E+11,0,2.51117E+11,융자회수금,고용보험기금,2008,고용노동부,0,3.78496E+11,3.38499E+11,1.27379E+11,0,1.27379E+11,3.78496E+11
,0,0,0,예금및예탁금,고용보험기금,2008,고용노동부,0,2.46959E+12,2.6443E+12,2.46959E+12,0,2.46959E+12,2.46959E+12
,74530,74530,0,재산수입,임금채권보장기금,2008,고용노동부,26693920,0,11252890,26619390,26619390,0,26693920
,3.73817E+11,3.73817E+11,0,경상이전수입,임금채권보장기금,2008,고용노동부,5.50784E+11,7461720,4.50933E+11,1.76974E+11,1.76967E+11,7461720,5.50791E+11
,20000000,0,20000000,융자회수금,임금채권보장기금,2008,고용노동부,0,20000000,20000000,0,0,0,20000000
,0,0,0,기타수입,임금채권보장기금,2008,고용노동부,0,0,0,0,0,0,0
,0,0,0,예금및예탁금,임금채권보장기금,2008,고용노동부,0,1.4E+11,1.4E+11,1.4E+11,0,1.4E+11,1.4E+11
,0,0,0,재산수입,일반회계,2008,정보통신부,0,0,0,0,0,0,0
,0,0,0,경상이전수입,일반회계,2008,정보통신부,0,0,10908360,0,0,0,0
,0,0,0,재화및용역판매수입,일반회계,2008,정보통신부,0,0,11922768510,0,0,0,0
,0,0,0,관유물매각대,일반회계,2008,정보통신부,0,0,0,0,0,0,0
,0,0,0,융자회수금,일반회계,2008,정보통신부,0,0,1.80644E+11,0,0,0,0
,0,0,0,기타수입,일반회계,2008,정보통신부,0,0,22639000,0,0,0,0
,0,0,0,경상이전수입,우체국보험특별회계,2008,정보통신부,0,0,0,0,0,0,0
자본계정,0,0,0,관유물매각대,우편사업특별회계,2008,정보통신부,0,0,84393380,0,0,0,0
자본계정,0,0,0,기타수입,우편사업특별회계,2008,정보통신부,0,0,2546000,0,0,0,0
손익계정,0,0,0,재산수입,우편사업특별회계,2008,정보통신부,0,0,775098370,0,0,0,0
손익계정,0,0,0,경상이전수입,우편사업특별회계,2008,정보통신부,0,0,1963699540,0,0,0,0
손익계정,0,0,0,재산수입,우체국예금특별회계,2008,정보통신부,0,0,0,0,0,0,0
손익계정,0,0,0,경상이전수입,우체국예금특별회계,2008,정보통신부,0,0,8132157600,0,0,0,0
,0,0,0,재산수입,일반회계,2008,과학기술부,0,0,0,0,0,0,0
,0,0,0,경상이전수입,일반회계,2008,과학기술부,0,0,3492850,0,0,0,0
,0,0,0,기타수입,일반회계,2008,과학기술부,0,0,225333900,0,0,0,0
지역혁신사업계정,0,0,0,재산수입,국가균형발전특별회계,2008,과학기술부,0,0,0,0,0,0,0
지역혁신사업계정,0,0,0,경상이전수입,국가균형발전특별회계,2008,과학기술부,0,0,0,0,0,0,0
손익계정,0,0,0,재산수입,국립중앙과학관,2008,과학기술부,0,0,109142580,0,0,0,0
손익계정,0,0,0,경상이전수입,국립중앙과학관,2008,과학기술부,0,0,180844880,0,0,0,0
손익계정,0,0,0,재화및용역판매수입,국립중앙과학관,2008,과학기술부,0,0,1314490,0,0,0,0
,0,0,0,재산수입,일반회계,2008,통일부,0,0,0,0,0,0,0
,0,0,0,경상이전수입,일반회계,2008,통일부,0,0,0,0,0,0,0
,0,0,0,재화및용역판매수입,일반회계,2008,통일부,0,0,0,0,0,0,0
,0,0,0,기타수입,일반회계,2008,통일부,0,0,160360,0,0,0,0
,0,0,0,재산수입,남북협력기금,2008,통일부,0,0,12341090,0,0,0,0
,0,0,0,경상이전수입,남북협력기금,2008,통일부,0,0,0,0,0,0,0
,0,0,0,재화및용역판매수입,남북협력기금,2008,통일부,0,0,0,0,0,0,0
,2.52295E+12,4.66561E+11,2.05639E+12,융자회수금,남북협력기금,2008,통일부,4.66561E+11,2.09187E+12,2.49949E+12,35476910800,0,35476910800,2.55843E+12
,0,0,0,예금및예탁금,남북협력기금,2008,통일부,0,9.31836E+11,5.13647E+11,9.31836E+11,0,9.31836E+11,9.31836E+11
,0,0,0,경상이전수입,일반회계,2008,법제처,0,0,0,0,0,0,0
,0,0,0,재산수입,일반회계,2008,국가보훈부,6890,0,0,6890,6890,0,6890
,860675390,833061390,27614000,경상이전수입,일반회계,2008,국가보훈부,1363326860,56413200,1290506600,559064670,530265470,28799200,1419740060
,0,0,0,재화및용역판매수입,일반회계,2008,국가보훈부,0,0,0,0,0,0,0
,0,0,0,관유물매각대,일반회계,2008,국가보훈부,0,0,0,0,0,0,0
,0,0,0,융자회수금,일반회계,2008,국가보훈부,0,0,0,0,0,0,0
,46930000,16860000,30070000,기타수입,일반회계,2008,국가보훈부,16860000,50070000,94900000,20000000,0,20000000,66930000
,0,0,0,재산수입,순국선열애국지사사업기금,2008,국가보훈부,0,0,0,0,0,0,0
,0,0,0,재화및용역판매수입,순국선열애국지사사업기금,2008,국가보훈부,0,0,0,0,0,0,0
,0,0,0,관유물매각대,순국선열애국지사사업기금,2008,국가보훈부,748966500,0,0,748966500,748966500,0,748966500
,0,0,0,예금및예탁금,순국선열애국지사사업기금,2008,국가보훈부,0,8752095733,8259680900,8752095733,0,8752095733,8752095733
국가유공자지원자금,336951170,336951170,0,재산수입,보훈기금,2008,국가보훈부,824923800,0,606475050,487972630,487972630,0,824923800
국가유공자지원자금,0,0,0,경상이전수입,보훈기금,2008,국가보훈부,0,0,0,0,0,0,0
국가유공자지원자금,0,0,0,재화및용역판매수입,보훈기금,2008,국가보훈부,0,0,0,0,0,0,0
국가유공자지원자금,0,0,0,관유물매각대,보훈기금,2008,국가보훈부,0,0,0,0,0,0,0
국가유공자지원자금,3.06245E+11,2951019730,3.03294E+11,융자회수금,보훈기금,2008,국가보훈부,5183199000,3.18676E+11,3.99625E+11,17614301270,2232179270,15382122000,3.23859E+11
국가유공자지원자금,25000000000,0,25000000000,예금및예탁금,보훈기금,2008,국가보훈부,6000000000,1.21E+11,89200000000,1.02E+11,6000000000,96000000000,1.27E+11
참전유공자·제대군인지원자금,375338370,375338370,0,재산수입,보훈기금,2008,국가보훈부,568096190,0,468818111,192757820,192757820,0,568096190
참전유공자·제대군인지원자금,0,0,0,재화및용역판매수입,보훈기금,2008,국가보훈부,0,0,0,0,0,0,0
참전유공자·제대군인지원자금,53768273870,1538598980,52229674890,융자회수금,보훈기금,2008,국가보훈부,2388736920,54316479150,72243372170,2936942200,850137940,2086804260,56705216070
참전유공자·제대군인지원자금,2000000000,0,2000000000,예금및예탁금,보훈기금,2008,국가보훈부,0,75386000000,31361000000,73386000000,0,73386000000,75386000000
5·18 민주유공자지원자금,24611380,24611380,0,재산수입,보훈기금,2008,국가보훈부,52597020,0,37736620,27985640,27985640,0,52597020
5·18 민주유공자지원자금,5767525520,199797060,5567728460,융자회수금,보훈기금,2008,국가보훈부,399397110,5708186730,6807041280,340058320,199600050,140458270,6107583840
5·18 민주유공자지원자금,0,0,0,예금및예탁금,보훈기금,2008,국가보훈부,0,5000000000,0,5000000000,0,5000000000,5000000000
특수임무유공자지원자금,3368030,3368030,0,재산수입,보훈기금,2008,국가보훈부,12918490,0,7994920,9550460,9550460,0,12918490
특수임무유공자지원자금,2366737260,21010950,2345726310,융자회수금,보훈기금,2008,국가보훈부,100261170,2481243140,2917770570,214767050,79250220,135516830,2581504310
특수임무유공자지원자금,0,0,0,예금및예탁금,보훈기금,2008,국가보훈부,0,3000000000,0,3000000000,0,3000000000,3000000000
,1448074750,1447559850,514900,재산수입,일반회계,2008,산림청,1899141620,282734450,3010962500,733801320,451581770,282219550,2181876070
,25520781540,24891588610,629192930,경상이전수입,일반회계,2008,산림청,28230029140,1420831580,36248703270,4130079180,3338440530,791638650,29650860720
,121932070,121932070,0,재화및용역판매수입,일반회계,2008,산림청,126126420,22622700,243028950,26817050,4194350,22622700,148749120
,4280862970,1007984670,3272878300,관유물매각대,일반회계,2008,산림청,1055396700,4041816950,51597457750,816350680,47412030,768938650,5097213650
,465780620,0,465780620,융자회수금,일반회계,2008,산림청,0,465780620,758977620,0,0,0,465780620
,0,0,0,기타수입,일반회계,2008,산림청,0,36240,0,36240,0,36240,36240
임업진흥사업계정,0,0,0,재산수입,농어촌구조개선특별회계,2008,산림청,241930,0,0,241930,241930,0,241930
임업진흥사업계정,11925247640,9491319690,2433927950,경상이전수입,농어촌구조개선특별회계,2008,산림청,19042061390,9412070220,34770121920,16528883970,9550741700,6978142270,28454131610
임업진흥사업계정,0,0,0,재화및용역판매수입,농어촌구조개선특별회계,2008,산림청,0,0,0,0,0,0,0
임업진흥사업계정,0,0,0,관유물매각대,농어촌구조개선특별회계,2008,산림청,120910000,208355560,0,329265560,120910000,208355560,329265560
임업진흥사업계정,3.86007E+11,0,3.86007E+11,융자회수금,농어촌구조개선특별회계,2008,산림청,0,4.13511E+11,4.56836E+11,27503962000,0,27503962000,4.13511E+11
지역개발사업계정,0,0,0,재산수입,국가균형발전특별회계,2008,산림청,0,0,0,0,0,0,0
자본계정,0,0,0,관유물매각대,국립자연휴양림관리소,2008,산림청,0,0,0,0,0,0,0
손익계정,0,0,0,내국세,국립자연휴양림관리소,2008,산림청,0,0,0,0,0,0,0
손익계정,0,0,0,재산수입,국립자연휴양림관리소,2008,산림청,0,0,0,0,0,0,0
손익계정,21733860,21733860,0,경상이전수입,국립자연휴양림관리소,2008,산림청,21733860,0,21733860,0,0,0,21733860
손익계정,0,0,0,재화및용역판매수입,국립자연휴양림관리소,2008,산림청,0,0,0,0,0,0,0
,1.37592E+12,9.51264E+11,4.24655E+11,내국세,일반회계,2008,국세청,3.61347E+12,4.1563E+12,6.28026E+12,6.39385E+12,2.66221E+12,3.73164E+12,7.76977E+12
,64192420,64192420,0,방위세,일반회계,2008,국세청,64192420,0,122119310,0,0,0,64192420
,181774300,181774300,0,교통·에너지·환경세,일반회계,2008,국세청,453572200,1666387740,2323561980,1938185640,271797900,1666387740,2119959940
,748221250,748221250,0,교육세,일반회계,2008,국세청,3271932020,3110488240,7165399200,5634199010,2523710770,3110488240,6382420260
,3724504220,3724504220,0,농어촌특별세,일반회계,2008,국세청,22239251920,1.24099E+11,8442566370,1.42614E+11,18514747700,1.24099E+11,1.46339E+11
,841165380,841165380,0,재산수입,일반회계,2008,국세청,841165380,0,833939630,0,0,0,841165380
,2.88747E+11,2.88693E+11,53437340,경상이전수입,일반회계,2008,국세청,4.56792E+11,369620060,4.67921E+11,1.68415E+11,1.68098E+11,316182720,4.57161E+11
,4170000,0,4170000,기타수입,일반회계,2008,국세청,0,4170000,4290000,0,0,0,4170000
,5521173430,5521173430,0,종합부동산세,일반회계,2008,국세청,94916383740,6.26204E+11,18495244650,7.15599E+11,89395210310,6.26204E+11,7.2112E+11
,42162884130,42143377090,19507040,내국세,일반회계,2008,관세청,3.74192E+11,3.00848E+12,1.20947E+12,3.34051E+12,3.32049E+11,3.00846E+12,3.38267E+12
,1.16397E+11,1.12486E+11,3911477510,관세,일반회계,2008,관세청,1.5114E+11,4.0124E+11,3.56278E+11,4.35982E+11,38653751500,3.97328E+11,5.5238E+11
,3239240,3239240,0,방위세,일반회계,2008,관세청,3239240,0,3239240,0,0,0,3239240
,1702560420,1702560420,0,교통·에너지·환경세,일반회계,2008,관세청,1702560420,4326474130,3788236310,4326474130,0,4326474130,6029034550
,1268289010,1268289010,0,교육세,일반회계,2008,관세청,10015987160,10344225730,11046795330,19091923880,8747698150,10344225730,20360212890
,1534571740,1534571740,0,농어촌특별세,일반회계,2008,관세청,1582692420,2534464460,2653519180,2582585140,48120680,2534464460,4117156880
,0,0,0,재산수입,일반회계,2008,관세청,0,127684610,31977200,127684610,0,127684610,127684610
,53542223000,53542223000,0,경상이전수입,일반회계,2008,관세청,74112661280,2224280,78555705180,20572662560,20570438280,2224280,74114885560
,0,0,0,재화및용역판매수입,일반회계,2008,관세청,59290040,3039400,51373960,62329440,59290040,3039400,62329440
,0,0,0,관유물매각대,일반회계,2008,관세청,0,0,0,0,0,0,0
,0,0,0,기타수입,일반회계,2008,관세청,0,0,8159176770,0,0,0,0
,0,0,0,재산수입,일반회계,2008,병무청,0,0,0,0,0,0,0
,0,0,0,경상이전수입,일반회계,2008,병무청,0,0,0,0,0,0,0
,0,0,0,재화및용역판매수입,일반회계,2008,병무청,0,0,0,0,0,0,0
,0,0,0,관유물매각대,일반회계,2008,병무청,0,0,0,0,0,0,0
,4723455000,0,4723455000,융자회수금,일반회계,2008,병무청,0,6106165000,4723455000,1382710000,0,1382710000,6106165000
,710000,0,710000,기타수입,일반회계,2008,병무청,0,710000,710000,0,0,0,710000
,698740,698740,0,재산수입,일반회계,2008,농촌진흥청,698740,0,0,0,0,0,698740
,8750000,8750000,0,경상이전수입,일반회계,2008,농촌진흥청,39081850,0,164789410,30331850,30331850,0,39081850
,0,0,0,재화및용역판매수입,일반회계,2008,농촌진흥청,0,0,0,0,0,0,0
,0,0,0,관유물매각대,일반회계,2008,농촌진흥청,0,0,0,0,0,0,0
,510000,0,510000,기타수입,일반회계,2008,농촌진흥청,0,510000,510000,0,0,0,510000
구조개선사업계정,0,0,0,재산수입,농어촌구조개선특별회계,2008,농촌진흥청,0,0,0,0,0,0,0
구조개선사업계정,0,0,0,경상이전수입,농어촌구조개선특별회계,2008,농촌진흥청,0,0,10421000,0,0,0,0
구조개선사업계정,14546497200,0,14546497200,융자회수금,농어촌구조개선특별회계,2008,농촌진흥청,0,15546497200,15314822060,1000000000,0,1000000000,15546497200
농어촌특별세사업계정,0,0,0,재산수입,농어촌구조개선특별회계,2008,농촌진흥청,0,0,1021710,0,0,0,0
농어촌특별세사업계정,0,0,0,경상이전수입,농어촌구조개선특별회계,2008,농촌진흥청,0,0,26196770,0,0,0,0
,0,0,0,관유물매각대,혁신도시건설특별회계,2008,농촌진흥청,0,0,0,0,0,0,0
,0,0,0,재산수입,일반회계,2008,중소기업청,41800,0,0,41800,41800,0,41800
,34394990,34394990,0,경상이전수입,일반회계,2008,중소기업청,86836010,20420,260097720,52461440,52441020,20420,86856430
,0,0,0,재화및용역판매수입,일반회계,2008,중소기업청,0,0,0,0,0,0,0
,0,0,0,관유물매각대,일반회계,2008,중소기업청,0,0,0,0,0,0,0
,90000,0,90000,기타수입,일반회계,2008,중소기업청,0,90000,150000,0,0,0,90000
지역개발사업계정,0,0,0,경상이전수입,국가균형발전특별회계,2008,중소기업청,0,0,0,0,0,0,0
손익계정,0,0,0,재산수입,특허청,2008,특허청,0,0,0,0,0,0,0
손익계정,0,0,0,경상이전수입,특허청,2008,특허청,0,0,0,0,0,0,0
손익계정,0,0,0,재화및용역판매수입,특허청,2008,특허청,0,0,0,0,0,0,0
손익계정,0,0,0,관유물매각대,특허청,2008,특허청,0,0,0,0,0,0,0
손익계정,5771226500,0,5771226500,융자회수금,특허청,2008,특허청,0,6195226500,6593526500,424000000,0,424000000,6195226500
손익계정,7177924,0,7177924,기타수입,특허청,2008,특허청,0,7177924,4294108,0,0,0,7177924
자본계정,0,0,0,경상이전수입,조달특별회계,2008,조달청,0,0,0,0,0,0,0
자본계정,0,0,0,관유물매각대,조달특별회계,2008,조달청,0,5792059780,0,5792059780,0,5792059780,5792059780
손익계정,0,0,0,기업특별회계영업수입,조달특별회계,2008,조달청,0,0,79565380,0,0,0,0
손익계정,0,0,0,재산수입,조달특별회계,2008,조달청,35073250,37336370,48992510,72409620,35073250,37336370,72409620
손익계정,52099200,52099200,0,경상이전수입,조달특별회계,2008,조달청,52099200,0,52099200,0,0,0,52099200
손익계정,15541710,15541710,0,재화및용역판매수입,조달특별회계,2008,조달청,459150520,1152517030,6279527580,1596125840,443608810,1152517030,1611667550
손익계정,5041123500,0,5041123500,융자회수금,조달특별회계,2008,조달청,0,5392700500,3628945500,351577000,0,351577000,5392700500
손익계정,0,0,0,재화및용역판매수입,품질관리단,2008,조달청,0,0,171310280,0,0,0,0
,2908520,2908520,0,재산수입,일반회계,2008,환경부,3188990,0,3744100,280470,280470,0,3188990
,4146310,4146310,0,경상이전수입,일반회계,2008,환경부,4146310,0,4146310,0,0,0,4146310
농어촌특별세사업계정,0,0,0,재산수입,농어촌구조개선특별회계,2008,환경부,0,0,0,0,0,0,0
농어촌특별세사업계정,0,0,0,경상이전수입,농어촌구조개선특별회계,2008,환경부,0,0,0,0,0,0,0
,5528740,5528740,0,재산수입,환경개선특별회계,2008,환경부,727970450,5950,354732320,722447660,722441710,5950,727976400
,6.33796E+11,5.28275E+11,1.05521E+11,경상이전수입,환경개선특별회계,2008,환경부,6.6034E+11,1.30825E+11,7.92665E+11,1.57369E+11,1.32065E+11,25304364460,7.91165E+11
,0,0,0,재화및용역판매수입,환경개선특별회계,2008,환경부,110000,0,20000,110000,110000,0,110000
,0,0,0,관유물매각대,환경개선특별회계,2008,환경부,0,0,0,0,0,0,0
,1.80687E+12,1.79716E+11,1.62716E+12,융자회수금,환경개선특별회계,2008,환경부,1.79716E+11,1.7366E+12,2.02799E+12,1.09445E+11,0,1.09445E+11,1.91632E+12
,1025765650,0,1025765650,기타수입,환경개선특별회계,2008,환경부,0,1156662894,1950000,130897244,0,130897244,1156662894
지역혁신사업계정,0,0,0,재산수입,국가균형발전특별회계,2008,환경부,0,0,0,0,0,0,0
지역혁신사업계정,0,0,0,경상이전수입,국가균형발전특별회계,2008,환경부,0,0,0,0,0,0,0
,0,0,0,재산수입,일반회계,2008,통계청,0,0,19408670,0,0,0,0
,0,0,0,경상이전수입,일반회계,2008,통계청,0,0,7994460,0,0,0,0
,0,0,0,재화및용역판매수입,일반회계,2008,통계청,0,0,0,0,0,0,0
,0,0,0,관유물매각대,일반회계,2008,통계청,0,0,0,0,0,0,0
,60000,0,60000,기타수입,일반회계,2008,통계청,0,60000,60000,0,0,0,60000
,0,0,0,재산수입,일반회계,2008,기상청,0,0,0,0,0,0,0
,89655610,89655610,0,경상이전수입,일반회계,2008,기상청,89655610,0,89655610,0,0,0,89655610
,11073440,11073440,0,재화및용역판매수입,일반회계,2008,기상청,12097040,0,11073440,1023600,1023600,0,12097040
,0,0,0,관유물매각대,일반회계,2008,기상청,0,0,0,0,0,0,0
,199640850,199640850,0,기타수입,일반회계,2008,기상청,199640850,0,480140850,0,0,0,199640850
,12765680,12765680,0,재산수입,일반회계,2008,경찰청,12894620,11114660,63193910,11243600,128940,11114660,24009280
,874054220,873090600,963620,경상이전수입,일반회계,2008,경찰청,953115320,963620,1101277470,80024720,80024720,0,954078940
,4540000,4540000,0,재화및용역판매수입,일반회계,2008,경찰청,6442810,78660,40400620,1981470,1902810,78660,6521470
,0,0,0,관유물매각대,일반회계,2008,경찰청,2600000,0,29283500,2600000,2600000,0,2600000
,442472790,0,442472790,기타수입,일반회계,2008,경찰청,0,777639740,6162637200,335166950,0,335166950,777639740
자본계정,0,0,0,재산수입,운전면허시험관리단,2008,경찰청,0,0,0,0,0,0,0
자본계정,0,0,0,관유물매각대,운전면허시험관리단,2008,경찰청,0,0,0,0,0,0,0
손익계정,7421540,7421540,0,재산수입,운전면허시험관리단,2008,경찰청,8282660,0,7421540,861120,861120,0,8282660
손익계정,19417600,19417600,0,경상이전수입,운전면허시험관리단,2008,경찰청,21798640,1906200,21538606,4287240,2381040,1906200,23704840
손익계정,8000000,8000000,0,재화및용역판매수입,운전면허시험관리단,2008,경찰청,8000000,0,14000000,0,0,0,8000000
손익계정,0,0,0,관유물매각대,운전면허시험관리단,2008,경찰청,0,0,0,0,0,0,0
손익계정,0,0,0,기타수입,운전면허시험관리단,2008,경찰청,0,0,0,0,0,0,0
손익계정,0,0,0,재산수입,경찰병원,2008,경찰청,0,0,0,0,0,0,0
손익계정,0,0,0,경상이전수입,경찰병원,2008,경찰청,0,0,0,0,0,0,0
손익계정,122363150,116243070,6120080,재화및용역판매수입,경찰병원,2008,경찰청,117675780,8499830,82608970,3812460,1432710,2379750,126175610
손익계정,0,0,0,관유물매각대,경찰병원,2008,경찰청,0,0,0,0,0,0,0
손익계정,300000,0,300000,기타수입,경찰병원,2008,경찰청,0,300000,0,0,0,0,300000
,0,0,0,재산수입,일반회계,2008,산업자원부,0,0,63483980,0,0,0,0
,0,0,0,경상이전수입,일반회계,2008,산업자원부,0,0,2988950,0,0,0,0
,0,0,0,재화및용역판매수입,일반회계,2008,산업자원부,0,0,18406660,0,0,0,0
,0,0,0,관유물매각대,일반회계,2008,산업자원부,0,0,506403000,0,0,0,0
투자계정,0,0,0,재산수입,에너지및자원사업특별회계,2008,산업자원부,0,0,0,0,0,0,0
투자계정,0,0,0,경상이전수입,에너지및자원사업특별회계,2008,산업자원부,0,0,8761387070,0,0,0,0
융자계정,0,0,0,융자회수금,에너지및자원사업특별회계,2008,산업자원부,0,0,7.06686E+12,0,0,0,0
융자계정,0,0,0,예금및예탁금,에너지및자원사업특별회계,2008,산업자원부,0,0,6.03713E+11,0,0,0,0
지역개발사업계정,0,0,0,재산수입,국가균형발전특별회계,2008,산업자원부,0,0,0,0,0,0,0
지역혁신사업계정,0,0,0,재산수입,국가균형발전특별회계,2008,산업자원부,0,0,0,0,0,0,0
지역혁신사업계정,0,0,0,경상이전수입,국가균형발전특별회계,2008,산업자원부,0,0,0,0,0,0,0
,0,0,0,재산수입,일반회계,2008,문화관광부,0,0,105379380,0,0,0,0
,0,0,0,경상이전수입,일반회계,2008,문화관광부,0,0,1242464340,0,0,0,0
,0,0,0,재화및용역판매수입,일반회계,2008,문화관광부,0,0,0,0,0,0,0
,0,0,0,관유물매각대,일반회계,2008,문화관광부,0,0,0,0,0,0,0
,0,0,0,융자회수금,일반회계,2008,문화관광부,0,0,53569350000,0,0,0,0
,0,0,0,기타수입,일반회계,2008,문화관광부,0,0,129418080,0,0,0,0
,0,0,0,예금및예탁금,일반회계,2008,문화관광부,0,0,34931566968,0,0,0,0
지역개발사업계정,0,0,0,재산수입,국가균형발전특별회계,2008,문화관광부,0,0,0,0,0,0,0
지역개발사업계정,0,0,0,경상이전수입,국가균형발전특별회계,2008,문화관광부,0,0,0,0,0,0,0
지역혁신사업계정,0,0,0,재산수입,국가균형발전특별회계,2008,문화관광부,0,0,0,0,0,0,0
지역혁신사업계정,0,0,0,경상이전수입,국가균형발전특별회계,2008,문화관광부,0,0,0,0,0,0,0
손익계정,0,0,0,재산수입,국립중앙극장,2008,문화관광부,0,0,2488000,0,0,0,0
손익계정,0,0,0,재화및용역판매수입,국립중앙극장,2008,문화관광부,0,0,52368920,0,0,0,0
,0,0,0,재산수입,일반회계,2008,공정거래위원회,0,0,0,0,0,0,0
,65757870,65757870,0,경상이전수입,일반회계,2008,공정거래위원회,120692330,2693060,65757870,57627520,54934460,2693060,123385390
,5685200,0,5685200,기타수입,일반회계,2008,공정거래위원회,0,17231350,5685200,11546150,0,11546150,17231350
,0,0,0,재산수입,일반회계,2008,해양수산부(구),0,0,891361050,0,0,0,0
,0,0,0,경상이전수입,일반회계,2008,해양수산부(구),0,0,900219380,0,0,0,0
,0,0,0,재화및용역판매수입,일반회계,2008,해양수산부(구),0,0,166246740,0,0,0,0
,0,0,0,관유물매각대,일반회계,2008,해양수산부(구),0,0,295959260,0,0,0,0
,0,0,0,기타수입,일반회계,2008,해양수산부(구),0,0,414679840,0,0,0,0
구조개선사업계정,0,0,0,경상이전수입,농어촌구조개선특별회계,2008,해양수산부(구),0,0,1150147290,0,0,0,0
구조개선사업계정,0,0,0,융자회수금,농어촌구조개선특별회계,2008,해양수산부(구),0,0,31090201800,0,0,0,0
농어촌특별세사업계정,0,0,0,경상이전수입,농어촌구조개선특별회계,2008,해양수산부(구),0,0,294662580,0,0,0,0
농어촌특별세사업계정,0,0,0,융자회수금,농어촌구조개선특별회계,2008,해양수산부(구),0,0,781239000,0,0,0,0
항만계정,0,0,0,재산수입,교통시설특별회계,2008,해양수산부(구),0,0,966870350,0,0,0,0
항만계정,0,0,0,경상이전수입,교통시설특별회계,2008,해양수산부(구),0,0,2711892120,0,0,0,0
항만계정,0,0,0,재화및용역판매수입,교통시설특별회계,2008,해양수산부(구),0,0,13805862990,0,0,0,0
항만계정,0,0,0,관유물매각대,교통시설특별회계,2008,해양수산부(구),0,0,7329240,0,0,0,0
항만계정,0,0,0,융자회수금,교통시설특별회계,2008,해양수산부(구),0,0,4.08247E+11,0,0,0,0
지역개발사업계정,0,0,0,경상이전수입,국가균형발전특별회계,2008,해양수산부(구),0,0,417000000,0,0,0,0
자본계정,0,0,0,관유물매각대,대산지방해양수산청,2008,해양수산부(구),0,0,0,0,0,0,0
손익계정,0,0,0,재산수입,대산지방해양수산청,2008,해양수산부(구),0,0,29139320,0,0,0,0
손익계정,0,0,0,경상이전수입,대산지방해양수산청,2008,해양수산부(구),0,0,21650160,0,0,0,0
손익계정,0,0,0,재화및용역판매수입,대산지방해양수산청,2008,해양수산부(구),0,0,529314720,0,0,0,0
손익계정,0,0,0,재산수입,울산지방해양항만청,2008,해양수산부(구),0,0,12220800,0,0,0,0
손익계정,0,0,0,경상이전수입,울산지방해양항만청,2008,해양수산부(구),0,0,30298010,0,0,0,0
손익계정,0,0,0,재화및용역판매수입,울산지방해양항만청,2008,해양수산부(구),0,0,907870380,0,0,0,0
,191000000,191000000,0,재산수입,일반회계,2008,해양경찰청(구),476857180,9859570,192487200,295716750,285857180,9859570,486716750
,396497270,396497270,0,경상이전수입,일반회계,2008,해양경찰청(구),16487083470,254048970,420307640,16344635170,16090586200,254048970,16741132440
,0,0,0,재화및용역판매수입,일반회계,2008,해양경찰청(구),353210,90730,0,443940,353210,90730,443940
,0,0,0,관유물매각대,일반회계,2008,해양경찰청(구),0,0,22900000,0,0,0,0
,0,0,0,융자회수금,일반회계,2008,해양경찰청(구),0,0,0,0,0,0,0
,593230000,0,593230000,기타수입,일반회계,2008,해양경찰청(구),0,623585560,390000,30355560,0,30355560,623585560
,0,0,0,교육세,일반회계,2008,행정자치부,0,0,0,0,0,0,0
,0,0,0,농어촌특별세,일반회계,2008,행정자치부,0,0,0,0,0,0,0
,0,0,0,재산수입,일반회계,2008,행정자치부,0,0,8543750,0,0,0,0
,0,0,0,경상이전수입,일반회계,2008,행정자치부,0,0,7787190,0,0,0,0
,0,0,0,재화및용역판매수입,일반회계,2008,행정자치부,0,0,19085220,0,0,0,0
,0,0,0,관유물매각대,일반회계,2008,행정자치부,0,0,0,0,0,0,0
,0,0,0,융자회수금,일반회계,2008,행정자치부,0,0,8.09891E+11,0,0,0,0
,0,0,0,기타수입,일반회계,2008,행정자치부,0,0,1485477700,0,0,0,0
,0,0,0,재산수입,일반회계,2008,식품의약품안전청,2189080,1072900,67260,3261980,2189080,1072900,3261980
,6322270,1113110,5209160,경상이전수입,일반회계,2008,식품의약품안전청,1113110,5209160,59781810,0,0,0,6322270
,0,0,0,재화및용역판매수입,일반회계,2008,식품의약품안전청,0,0,0,0,0,0,0
,0,0,0,관유물매각대,일반회계,2008,식품의약품안전청,0,0,0,0,0,0,0
,120000,0,120000,기타수입,일반회계,2008,식품의약품안전청,0,120000,150000,0,0,0,120000
,0,0,0,재산수입,일반회계,2008,민주평화통일자문회의,0,0,0,0,0,0,0
,0,0,0,기타수입,일반회계,2008,기획예산처,0,0,1236856500,0,0,0,0
,0,0,0,재산수입,일반회계,2008,중앙인사위원회,0,0,0,0,0,0,0
,0,0,0,경상이전수입,일반회계,2008,중앙인사위원회,0,0,0,0,0,0,0
,0,0,0,재화및용역판매수입,일반회계,2008,중앙인사위원회,0,0,0,0,0,0,0
,0,0,0,경상이전수입,일반회계,2008,국정홍보처,0,0,2161590,0,0,0,0
,0,0,0,재화및용역판매수입,일반회계,2008,국정홍보처,0,0,44232020,0,0,0,0
,0,0,0,기타수입,일반회계,2008,국정홍보처,0,0,2460000,0,0,0,0
,81807650,81807650,0,재산수입,일반회계,2008,문화재청,105943590,439171140,961605500,463307080,24135940,439171140,545114730
,2765260160,2765260160,0,경상이전수입,일반회계,2008,문화재청,10902904190,399902170,5662039390,8537546200,8137644030,399902170,11302806360
,0,0,0,재화및용역판매수입,일반회계,2008,문화재청,0,0,0,0,0,0,0
,162000000,0,162000000,기타수입,일반회계,2008,문화재청,0,162064300,162000000,64300,0,64300,162064300
,0,0,0,기타수입,일반회계,2008,국민경제자문회의,0,0,1423970000,0,0,0,0
,0,0,0,재산수입,일반회계,2008,방송위원회,0,0,0,0,0,0,0
,0,0,0,경상이전수입,일반회계,2008,방송위원회,0,0,0,0,0,0,0
,0,0,0,재산수입,일반회계,2008,여성가족부(구),0,0,73670,0,0,0,0
,0,0,0,경상이전수입,일반회계,2008,여성가족부(구),0,0,1462132120,0,0,0,0
,0,0,0,재화및용역판매수입,일반회계,2008,여성가족부(구),0,0,0,0,0,0,0
,0,0,0,재산수입,일반회계,2008,국가인권위원회,0,0,0,0,0,0,0
,0,0,0,경상이전수입,일반회계,2008,국가인권위원회,0,0,0,0,0,0,0
,0,0,0,재화및용역판매수입,일반회계,2008,국가인권위원회,0,0,0,0,0,0,0
,156000000,0,156000000,기타수입,일반회계,2008,국가인권위원회,0,156000000,156000000,0,0,0,156000000
,0,0,0,재산수입,일반회계,2008,국가청렴위원회,0,0,0,0,0,0,0
,0,0,0,경상이전수입,일반회계,2008,국가청렴위원회,0,0,0,0,0,0,0
,0,0,0,재산수입,일반회계,2008,소방방재청,0,0,0,0,0,0,0
,0,0,0,경상이전수입,일반회계,2008,소방방재청,214910600,0,373552700,214910600,214910600,0,214910600
,494857000,494857000,0,기타수입,일반회계,2008,소방방재청,494857000,0,494857000,0,0,0,494857000
지역개발사업계정,0,0,0,경상이전수입,국가균형발전특별회계,2008,소방방재청,0,0,0,0,0,0,0
,0,0,0,재산수입,일반회계,2008,국가청소년위원회,0,0,0,0,0,0,0
,0,0,0,경상이전수입,일반회계,2008,국가청소년위원회,0,0,3159880,0,0,0,0
,0,0,0,기타수입,일반회계,2008,국가청소년위원회,0,0,570000,0,0,0,0
,0,0,0,경상이전수입,일반회계,2008,친일반민족행위진상규명위원회,0,0,0,0,0,0,0
,0,0,0,재산수입,일반회계,2008,방위사업청,0,5877720,0,5877720,0,5877720,5877720
,9718136520,9718136520,0,경상이전수입,일반회계,2008,방위사업청,15546975680,480788510,32538478750,6309627670,5828839160,480788510,16027764190
,47565244000,0,47565244000,융자회수금,일반회계,2008,방위사업청,0,49808817000,80455599000,2243573000,0,2243573000,49808817000
,0,0,0,재산수입,행정중심복합도시건설특별회계,2008,행정중심복합도시건설청,0,0,0,0,0,0,0
,0,0,0,경상이전수입,행정중심복합도시건설특별회계,2008,행정중심복합도시건설청,0,0,0,0,0,0,0
,0,0,0,재산수입,일반회계,2008,대통령실,0,0,0,0,0,0,0
,0,0,0,경상이전수입,일반회계,2008,대통령실,0,0,0,0,0,0,0
,0,0,0,재화및용역판매수입,일반회계,2008,대통령실,0,0,0,0,0,0,0
,971370749,971370749,0,방위세,일반회계,2008,기획재정부,973999189,234080,0,2862520,2628440,234080,974233269
,20974491995,17343360555,3631131440,교육세,일반회계,2008,기획재정부,18248784495,3650990430,0,925282930,905423940,19858990,21899774925
,29110866216,27224774056,1886092160,농어촌특별세,일반회계,2008,기획재정부,61788103136,6208341580,0,38885578500,34563329080,4322249420,67996444716
,9960482430,9140813280,819669150,재산수입,일반회계,2008,기획재정부,12457429580,6673580690,0,9170527840,3316616300,5853911540,19131010270
,67735985417,66284808677,1451176740,경상이전수입,일반회계,2008,기획재정부,73701261347,2091536990,0,8056812920,7416452670,640360250,75792798337
,2321790,2321790,0,재화및용역판매수입,일반회계,2008,기획재정부,180765200,0,0,178443410,178443410,0,180765200
,16244543610,8113990520,8130553090,관유물매각대,일반회계,2008,기획재정부,13618953900,29957119720,0,27331530010,5504963380,21826566630,43576073620
,0,0,0,유가증권매각대,일반회계,2008,기획재정부,0,0,0,0,0,0,0
,0,0,0,기타수입,일반회계,2008,기획재정부,0,0,0,0,0,0,0
,1.49232E+12,0,1.49232E+12,융자회수금,대외경제협력기금,2008,기획재정부,0,1.72945E+12,1.53874E+12,2.37136E+11,0,2.37136E+11,1.72945E+12
,81500000000,0,81500000000,예금및예탁금,대외경제협력기금,2008,기획재정부,0,4.57749E+11,4.86593E+11,3.76249E+11,0,3.76249E+11,4.57749E+11
총괄계정,1.26893E+12,0,1.26893E+12,재산수입,공공자금관리기금,2008,기획재정부,0,1.26893E+12,1.00282E+12,0,0,0,1.26893E+12
총괄계정,4.54114E+12,0,4.54114E+12,융자회수금,공공자금관리기금,2008,기획재정부,0,5.00546E+12,4.93796E+12,4.6432E+11,0,4.6432E+11,5.00546E+12
융자계정,0,0,0,재산수입,공공자금관리기금,2008,기획재정부,0,0,0,0,0,0,0
융자계정,0,0,0,경상이전수입,공공자금관리기금,2008,기획재정부,0,0,0,0,0,0,0
융자계정,8.55062E+12,0,8.55062E+12,융자회수금,공공자금관리기금,2008,기획재정부,0,9.12072E+12,1.05086E+13,5.70102E+11,0,5.70102E+11,9.12072E+12
차관계정,0,0,0,재산수입,공공자금관리기금,2008,기획재정부,0,72741060,0,72741060,0,72741060,72741060
차관계정,0,0,0,경상이전수입,공공자금관리기금,2008,기획재정부,0,2007020,0,2007020,0,2007020,2007020
차관계정,0,0,0,재화및용역판매수입,공공자금관리기금,2008,기획재정부,0,0,0,0,0,0,0
차관계정,3.32397E+12,0,3.32397E+12,융자회수금,공공자금관리기금,2008,기획재정부,0,3.32397E+12,3.11084E+12,0,0,0,3.32397E+12
,13560041659,13560041659,0,융자회수금,외국환평형기금,2008,기획재정부,13560041659,1.91014E+13,13968121853,1.91014E+13,0,1.91014E+13,1.9115E+13
,2.55252E+12,0,2.55252E+12,예금및예탁금,외국환평형기금,2008,기획재정부,0,8.02967E+12,2.55252E+12,5.47715E+12,0,5.47715E+12,8.02967E+12
,0,0,0,재산수입,복권기금,2008,기획재정부,80780,0,3376170,80780,80780,0,80780
,340000000,340000000,0,경상이전수입,복권기금,2008,기획재정부,782678140,0,3891592230,442678140,442678140,0,782678140
,0,0,0,재화및용역판매수입,복권기금,2008,기획재정부,0,0,14507946248,0,0,0,0
,0,0,0,예금및예탁금,복권기금,2008,기획재정부,0,3.63647E+11,90007019633,3.63647E+11,0,3.63647E+11,3.63647E+11
,938733580,938733580,0,재산수입,일반회계,2008,교육과학기술부,1491028030,367830790,0,920125240,552294450,367830790,1858858820
,144809150,144809150,0,경상이전수입,일반회계,2008,교육과학기술부,211259560,4329690,0,70780100,66450410,4329690,215589250
,199610,199610,0,재화및용역판매수입,일반회계,2008,교육과학기술부,1531690,0,0,1332080,1332080,0,1531690
,0,0,0,관유물매각대,일반회계,2008,교육과학기술부,0,0,0,0,0,0,0
,3.43568E+11,0,3.43568E+11,융자회수금,일반회계,2008,교육과학기술부,0,3.43568E+11,0,0,0,0,3.43568E+11
,899076040,206380000,692696040,기타수입,일반회계,2008,교육과학기술부,206380000,765743610,0,73047570,0,73047570,972123610
지역혁신사업계정,0,0,0,재산수입,국가균형발전특별회계,2008,교육과학기술부,0,0,0,0,0,0,0
지역혁신사업계정,0,0,0,경상이전수입,국가균형발전특별회계,2008,교육과학기술부,0,0,0,0,0,0,0
자본계정,0,0,0,관유물매각대,국립중앙과학관,2008,교육과학기술부,0,0,0,0,0,0,0
손익계정,24468310,24468310,0,재산수입,국립중앙과학관,2008,교육과학기술부,24468310,0,0,0,0,0,24468310
손익계정,180020630,180020630,0,경상이전수입,국립중앙과학관,2008,교육과학기술부,180020630,0,0,0,0,0,180020630
손익계정,763390,763390,0,재화및용역판매수입,국립중앙과학관,2008,교육과학기술부,763390,0,0,0,0,0,763390
손익계정,0,0,0,재산수입,국립국제교육원,2008,교육과학기술부,0,0,0,0,0,0,0
손익계정,0,0,0,경상이전수입,국립국제교육원,2008,교육과학기술부,0,0,0,0,0,0,0
손익계정,0,0,0,기타수입,국립국제교육원,2008,교육과학기술부,0,0,0,0,0,0,0
,1.81421E+11,0,1.81421E+11,융자회수금,과학기술진흥기금,2008,교육과학기술부,0,1.96421E+11,2.83586E+11,15000000000,0,15000000000,1.96421E+11
,0,0,0,예금및예탁금,과학기술진흥기금,2008,교육과학기술부,0,70121698024,1.41945E+11,70121698024,0,70121698024,70121698024
,0,0,0,재산수입,원자력기금,2008,교육과학기술부,0,0,0,0,0,0,0
,0,0,0,경상이전수입,원자력기금,2008,교육과학기술부,0,0,0,0,0,0,0
,0,0,0,예금및예탁금,원자력기금,2008,교육과학기술부,0,0,30735178760,0,0,0,0
,0,0,0,재산수입,국가장학기금,2008,교육과학기술부,0,0,0,0,0,0,0
,0,0,0,경상이전수입,국가장학기금,2008,교육과학기술부,0,0,0,0,0,0,0
,0,0,0,재화및용역판매수입,국가장학기금,2008,교육과학기술부,0,0,0,0,0,0,0
,0,0,0,융자회수금,국가장학기금,2008,교육과학기술부,0,0,0,0,0,0,0
,0,0,0,예금및예탁금,국가장학기금,2008,교육과학기술부,0,4.46827E+11,3.61942E+11,4.46827E+11,0,4.46827E+11,4.46827E+11
,8542540,8542540,0,재산수입,일반회계,2008,행정안전부,8542540,0,0,0,0,0,8542540
,2758190,2758190,0,경상이전수입,일반회계,2008,행정안전부,146955410,65444080,0,209641300,144197220,65444080,212399490
,19085220,19085220,0,재화및용역판매수입,일반회계,2008,행정안전부,19085220,0,0,0,0,0,19085220
,0,0,0,관유물매각대,일반회계,2008,행정안전부,0,0,0,0,0,0,0
,8.09891E+11,0,8.09891E+11,융자회수금,일반회계,2008,행정안전부,0,8.09891E+11,0,0,0,0,8.09891E+11
,2709447700,1285477700,1423970000,기타수입,일반회계,2008,행정안전부,1285477700,1423970000,0,0,0,0,2709447700
,72793070,72793070,0,재산수입,일반회계,2008,문화체육관광부,524632150,5779700,0,457618780,451839080,5779700,530411850
,1181946140,1141946140,40000000,경상이전수입,일반회계,2008,문화체육관광부,18517705160,461804050,0,17797563070,17375759020,421804050,18979509210
,44232020,44232020,0,재화및용역판매수입,일반회계,2008,문화체육관광부,64455020,0,0,20223000,20223000,0,64455020
,0,0,0,관유물매각대,일반회계,2008,문화체육관광부,0,0,0,0,0,0,0
,23937460000,0,23937460000,융자회수금,일반회계,2008,문화체육관광부,0,23937460000,0,0,0,0,23937460000
,104684170,0,104684170,기타수입,일반회계,2008,문화체육관광부,0,113539810,0,8855640,0,8855640,113539810
,97544928899,0,97544928899,예금및예탁금,일반회계,2008,문화체육관광부,0,97544928899,0,0,0,0,97544928899
지역개발사업계정,0,0,0,재산수입,국가균형발전특별회계,2008,문화체육관광부,0,51699570,0,51699570,0,51699570,51699570
지역개발사업계정,0,0,0,경상이전수입,국가균형발전특별회계,2008,문화체육관광부,3197150,1715485950,0,1718683100,3197150,1715485950,1718683100
손익계정,2488000,2488000,0,재산수입,국립중앙극장,2008,문화체육관광부,2488000,0,0,0,0,0,2488000
손익계정,0,0,0,경상이전수입,국립중앙극장,2008,문화체육관광부,574820,0,0,574820,574820,0,574820
손익계정,52368920,52368920,0,재화및용역판매수입,국립중앙극장,2008,문화체육관광부,191034610,193428040,0,332093730,138665690,193428040,384462650
손익계정,0,0,0,기타수입,국립중앙극장,2008,문화체육관광부,0,4273500,0,4273500,0,4273500,4273500
,2662370,2662370,0,재산수입,관광진흥개발기금,2008,문화체육관광부,2716320,2853581310,305535290,2853635260,53950,2853581310,2856297630
,236148610,236148610,0,경상이전수입,관광진흥개발기금,2008,문화체육관광부,372156320,1326420,541130250,137334130,136007710,1326420,373482740
,9.16928E+11,0,9.16928E+11,융자회수금,관광진흥개발기금,2008,문화체육관광부,0,1.11832E+12,1.06789E+12,2.01389E+11,0,2.01389E+11,1.11832E+12
,302757240,0,302757240,기타수입,관광진흥개발기금,2008,문화체육관광부,0,302757240,0,0,0,0,302757240
,0,0,0,예금및예탁금,관광진흥개발기금,2008,문화체육관광부,0,34116155010,10485052850,34116155010,0,34116155010,34116155010
,0,0,0,재산수입,지역신문발전기금,2008,문화체육관광부,0,0,0,0,0,0,0
,0,0,0,경상이전수입,지역신문발전기금,2008,문화체육관광부,9403640,0,0,9403640,9403640,0,9403640
,660000000,0,660000000,융자회수금,지역신문발전기금,2008,문화체육관광부,0,3220000000,660000000,2560000000,0,2560000000,3220000000
,147919380,0,147919380,예금및예탁금,지역신문발전기금,2008,문화체육관광부,0,42353919380,40275412350,42206000000,0,42206000000,42353919380
,0,0,0,재산수입,언론진흥기금,2008,문화체육관광부,0,0,0,0,0,0,0
,0,0,0,경상이전수입,언론진흥기금,2008,문화체육관광부,0,0,0,0,0,0,0
,0,0,0,융자회수금,언론진흥기금,2008,문화체육관광부,0,0,4785000000,0,0,0,0
,0,0,0,기타수입,언론진흥기금,2008,문화체육관광부,0,0,28548000,0,0,0,0
,0,0,0,예금및예탁금,언론진흥기금,2008,문화체육관광부,0,0,26283671490,0,0,0,0
,303442210,303182480,259730,재산수입,일반회계,2008,농림수산식품부,387246720,67323130,0,151127640,84064240,67063400,454569850
,136569980,128900080,7669900,경상이전수입,일반회계,2008,농림수산식품부,148406260,77639500,0,89475780,19506180,69969600,226045760
,14950,14950,0,재화및용역판매수입,일반회계,2008,농림수산식품부,14950,22000,0,22000,0,22000,36950
,0,0,0,관유물매각대,일반회계,2008,농림수산식품부,0,22486050,0,22486050,0,22486050,22486050
,412550000,412550000,0,기타수입,일반회계,2008,농림수산식품부,412550000,360000,0,360000,0,360000,412910000
구조개선사업계정,0,0,0,재산수입,농어촌구조개선특별회계,2008,농림수산식품부,0,0,0,0,0,0,0
구조개선사업계정,865175040,865175040,0,경상이전수입,농어촌구조개선특별회계,2008,농림수산식품부,929745530,70386140,0,134956630,64570490,70386140,1000131670
구조개선사업계정,0,0,0,재화및용역판매수입,농어촌구조개선특별회계,2008,농림수산식품부,0,0,0,0,0,0,0
구조개선사업계정,0,0,0,관유물매각대,농어촌구조개선특별회계,2008,농림수산식품부,0,0,0,0,0,0,0
구조개선사업계정,2.14412E+12,0,2.14412E+12,융자회수금,농어촌구조개선특별회계,2008,농림수산식품부,0,2.38668E+12,0,2.42562E+11,0,2.42562E+11,2.38668E+12
농어촌특별세사업계정,0,0,0,재산수입,농어촌구조개선특별회계,2008,농림수산식품부,0,0,0,0,0,0,0
농어촌특별세사업계정,16334340,16334340,0,경상이전수입,농어촌구조개선특별회계,2008,농림수산식품부,104090120,4850720,0,92606500,87755780,4850720,108940840
농어촌특별세사업계정,0,0,0,재화및용역판매수입,농어촌구조개선특별회계,2008,농림수산식품부,0,194083400,0,194083400,0,194083400,194083400
농어촌특별세사업계정,1.18377E+11,0,1.18377E+11,융자회수금,농어촌구조개선특별회계,2008,농림수산식품부,0,1.38867E+11,0,20489935720,0,20489935720,1.38867E+11
지역개발사업계정,0,0,0,경상이전수입,국가균형발전특별회계,2008,농림수산식품부,0,0,0,0,0,0,0
,0,0,0,관유물매각대,혁신도시건설특별회계,2008,농림수산식품부,0,0,0,0,0,0,0
손익계정,0,0,0,경상이전수입,양곡관리특별회계,2008,농림수산식품부,0,0,0,0,0,0,0
손익계정,0,0,0,재화및용역판매수입,양곡관리특별회계,2008,농림수산식품부,0,0,0,0,0,0,0
손익계정,123643750,123643750,0,관유물매각대,양곡관리특별회계,2008,농림수산식품부,137542350,0,0,13898600,13898600,0,137542350
,0,0,0,예금및예탁금,양곡증권정리기금,2008,농림수산식품부,0,0,0,0,0,0,0
,0,0,0,재산수입,농산물가격안정기금,2008,농림수산식품부,0,0,0,0,0,0,0
,0,0,0,경상이전수입,농산물가격안정기금,2008,농림수산식품부,0,0,0,0,0,0,0
,0,0,0,재화및용역판매수입,농산물가격안정기금,2008,농림수산식품부,0,0,0,0,0,0,0
,0,0,0,관유물매각대,농산물가격안정기금,2008,농림수산식품부,0,0,0,0,0,0,0
,1.73279E+12,0,1.73279E+12,융자회수금,농산물가격안정기금,2008,농림수산식품부,0,3.12948E+12,3.04626E+12,1.3967E+12,0,1.3967E+12,3.12948E+12
,0,0,0,기타수입,농산물가격안정기금,2008,농림수산식품부,0,0,0,0,0,0,0
,0,0,0,예금및예탁금,농산물가격안정기금,2008,농림수산식품부,0,3.97505E+11,4.07955E+11,3.97505E+11,0,3.97505E+11,3.97505E+11
,1289561380,1289561380,0,재산수입,농지관리기금,2008,농림수산식품부,1289561380,10533495090,12689414111,10533495090,0,10533495090,11823056470
,1.16768E+11,27136911680,89631067040,경상이전수입,농지관리기금,2008,농림수산식품부,84180302210,1.93246E+11,3.08855E+11,1.60658E+11,57043390530,1.03615E+11,2.77426E+11
,2222764170,2222764170,0,관유물매각대,농지관리기금,2008,농림수산식품부,2222764170,1.43621E+11,3.39775E+11,1.43621E+11,0,1.43621E+11,1.45843E+11
,2.24689E+12,0,2.24689E+12,융자회수금,농지관리기금,2008,농림수산식품부,0,2.68669E+12,2.59267E+12,4.398E+11,0,4.398E+11,2.68669E+12
,0,0,0,예금및예탁금,농지관리기금,2008,농림수산식품부,0,1.08988E+12,3.13839E+11,1.08988E+12,0,1.08988E+12,1.08988E+12
,0,0,0,재산수입,수산발전기금,2008,농림수산식품부,64334450,0,0,64334450,64334450,0,64334450
,108908000,108908000,0,경상이전수입,수산발전기금,2008,농림수산식품부,1718681860,2810313670,332870000,4420087530,1609773860,2810313670,4528995530
,0,0,0,재화및용역판매수입,수산발전기금,2008,농림수산식품부,0,3068928000,434962000,3068928000,0,3068928000,3068928000
,0,0,0,관유물매각대,수산발전기금,2008,농림수산식품부,0,0,0,0,0,0,0
,2.09859E+11,0,2.09859E+11,융자회수금,수산발전기금,2008,농림수산식품부,0,6.92029E+11,6.38001E+11,4.82171E+11,0,4.82171E+11,6.92029E+11
,0,0,0,예금및예탁금,수산발전기금,2008,농림수산식품부,0,41162054660,75684279010,41162054660,0,41162054660,41162054660
,1.26305E+12,0,1.26305E+12,융자회수금,축산발전기금,2008,농림수산식품부,0,1.72447E+12,1.70847E+12,4.6142E+11,0,4.6142E+11,1.72447E+12
,0,0,0,예금및예탁금,축산발전기금,2008,농림수산식품부,0,1.0153E+11,2.1126E+11,1.0153E+11,0,1.0153E+11,1.0153E+11
,0,0,0,재산수입,농업소득보전직접지불기금,2008,농림수산식품부,0,0,0,0,0,0,0
,0,0,0,경상이전수입,농업소득보전직접지불기금,2008,농림수산식품부,0,0,0,0,0,0,0
,0,0,0,예금및예탁금,농업소득보전직접지불기금,2008,농림수산식품부,0,30900000000,13945023180,30900000000,0,30900000000,30900000000
,0,0,0,재산수입,자유무역협정이행지원기금,2008,농림수산식품부,0,0,0,0,0,0,0
,0,0,0,경상이전수입,자유무역협정이행지원기금,2008,농림수산식품부,704082000,1660500,0,705742500,704082000,1660500,705742500
,1.33857E+11,0,1.33857E+11,융자회수금,자유무역협정이행지원기금,2008,농림수산식품부,0,1.94641E+11,1.46735E+11,60783660000,0,60783660000,1.94641E+11
,0,0,0,기타수입,자유무역협정이행지원기금,2008,농림수산식품부,0,680652,0,680652,0,680652,680652
,0,0,0,예금및예탁금,자유무역협정이행지원기금,2008,농림수산식품부,0,77886891839,40408794728,77886891839,0,77886891839,77886891839
,0,0,0,재산수입,농작물재해재보험기금,2008,농림수산식품부,0,0,0,0,0,0,0
,0,0,0,경상이전수입,농작물재해재보험기금,2008,농림수산식품부,0,0,0,0,0,0,0
,0,0,0,재화및용역판매수입,농작물재해재보험기금,2008,농림수산식품부,0,0,0,0,0,0,0
,0,0,0,예금및예탁금,농작물재해재보험기금,2008,농림수산식품부,0,82768357850,51502428880,82768357850,0,82768357850,82768357850
,37480410,37480410,0,재산수입,일반회계,2008,지식경제부,69144720,0,0,31664310,31664310,0,69144720
,2075850,2075850,0,경상이전수입,일반회계,2008,지식경제부,134136580,0,0,132060730,132060730,0,134136580
,13147840,13147840,0,재화및용역판매수입,일반회계,2008,지식경제부,23915920,0,0,10768080,10768080,0,23915920
,0,0,0,관유물매각대,일반회계,2008,지식경제부,613154880,333982620,0,947137500,613154880,333982620,947137500
,0,0,0,유가증권매각대,일반회계,2008,지식경제부,0,0,0,0,0,0,0
투자계정,0,0,0,재산수입,에너지및자원사업특별회계,2008,지식경제부,0,0,0,0,0,0,0
투자계정,1555949420,1555949420,0,경상이전수입,에너지및자원사업특별회계,2008,지식경제부,2297679880,6799028640,0,7540759100,741730460,6799028640,9096708520
융자계정,6.82312E+12,0,6.82312E+12,융자회수금,에너지및자원사업특별회계,2008,지식경제부,0,8.01741E+12,0,1.19429E+12,0,1.19429E+12,8.01741E+12
융자계정,6.03713E+11,0,6.03713E+11,예금및예탁금,에너지및자원사업특별회계,2008,지식경제부,0,6.36858E+11,0,33144469051,0,33144469051,6.36858E+11
,0,0,0,경상이전수입,우체국보험특별회계,2008,지식경제부,0,0,0,0,0,0,0
지역혁신사업계정,0,0,0,재산수입,국가균형발전특별회계,2008,지식경제부,0,0,0,0,0,0,0
지역혁신사업계정,0,0,0,경상이전수입,국가균형발전특별회계,2008,지식경제부,0,0,0,0,0,0,0
제주특별자치도계정,0,0,0,재산수입,국가균형발전특별회계,2008,지식경제부,0,0,0,0,0,0,0
제주특별자치도계정,0,0,0,경상이전수입,국가균형발전특별회계,2008,지식경제부,0,0,0,0,0,0,0
자본계정,84370880,84370880,0,관유물매각대,우편사업특별회계,2008,지식경제부,284370880,700000,0,200700000,200000000,700000,285070880
자본계정,87049949919,0,87049949919,융자회수금,우편사업특별회계,2008,지식경제부,0,93977949919,0,6928000000,0,6928000000,93977949919
자본계정,2546000,0,2546000,기타수입,우편사업특별회계,2008,지식경제부,0,2546000,0,0,0,0,2546000
손익계정,172500660,172500660,0,재산수입,우편사업특별회계,2008,지식경제부,517051730,337278460,0,681829530,344551070,337278460,854330190
손익계정,485689000,485689000,0,경상이전수입,우편사업특별회계,2008,지식경제부,1305836780,568895820,0,1389043600,820147780,568895820,1874732600
자본계정,0,0,0,관유물매각대,우체국예금특별회계,2008,지식경제부,0,0,0,0,0,0,0
손익계정,0,0,0,재산수입,우체국예금특별회계,2008,지식경제부,0,0,0,0,0,0,0
손익계정,8251503810,8251503810,0,경상이전수입,우체국예금특별회계,2008,지식경제부,8251503810,0,0,0,0,0,8251503810
,9.04393E+11,2443382030,9.01949E+11,경상이전수입,정보통신진흥기금,2008,지식경제부,2447083065,9.01949E+11,1.12522E+12,3701035,3701035,0,9.04396E+11
,3.95025E+11,0,3.95025E+11,융자회수금,정보통신진흥기금,2008,지식경제부,0,5.38025E+11,5.94075E+11,1.43E+11,0,1.43E+11,5.38025E+11
,0,0,0,예금및예탁금,정보통신진흥기금,2008,지식경제부,0,2.56472E+11,1.67474E+11,2.56472E+11,0,2.56472E+11,2.56472E+11
,0,0,0,재산수입,전력산업기반기금,2008,지식경제부,0,0,0,0,0,0,0
,0,0,0,경상이전수입,전력산업기반기금,2008,지식경제부,2.27836E+11,0,2.07494E+11,2.27836E+11,2.27836E+11,0,2.27836E+11
,6.54681E+11,0,6.54681E+11,융자회수금,전력산업기반기금,2008,지식경제부,0,8.80697E+11,7.12845E+11,2.26016E+11,0,2.26016E+11,8.80697E+11
,0,0,0,정부내부수입및기타,전력산업기반기금,2008,지식경제부,0,0,0,0,0,0,0
,0,0,0,예금및예탁금,전력산업기반기금,2008,지식경제부,0,0,5000000000,0,0,0,0
,21490103120,21490103120,0,재산수입,일반회계,2008,보건복지부,22054541270,0,0,564438150,564438150,0,22054541270
,658661020,658661020,0,경상이전수입,일반회계,2008,보건복지부,56975220150,0,0,56316559130,56316559130,0,56975220150
,0,0,0,재화및용역판매수입,일반회계,2008,보건복지부,0,0,0,0,0,0,0
,0,0,0,관유물매각대,일반회계,2008,보건복지부,0,0,0,0,0,0,0
,68637890950,53870543970,14767346980,융자회수금,일반회계,2008,보건복지부,53870543970,14767346980,0,0,0,0,68637890950
,0,0,0,기타수입,일반회계,2008,보건복지부,0,0,0,0,0,0,0
투자계정,0,0,0,경상이전수입,에너지및자원사업특별회계,2008,보건복지부,2023881930,6376760560,0,8400642490,2023881930,6376760560,8400642490
지역개발사업계정,0,0,0,경상이전수입,국가균형발전특별회계,2008,보건복지부,0,0,0,0,0,0,0
손익계정,0,0,0,재산수입,국립재활원,2008,보건복지부,0,6396240,0,6396240,0,6396240,6396240
손익계정,0,0,0,경상이전수입,국립재활원,2008,보건복지부,0,0,0,0,0,0,0
손익계정,4773420,4773420,0,재화및용역판매수입,국립재활원,2008,보건복지부,4773420,22532820,0,22532820,0,22532820,27306240
손익계정,0,0,0,관유물매각대,국립재활원,2008,보건복지부,0,0,0,0,0,0,0
손익계정,0,0,0,재산수입,국립목포병원,2008,보건복지부,0,0,0,0,0,0,0
손익계정,557960,557960,0,경상이전수입,국립목포병원,2008,보건복지부,557960,0,0,0,0,0,557960
손익계정,0,0,0,재화및용역판매수입,국립목포병원,2008,보건복지부,729430,120040,0,849470,729430,120040,849470
손익계정,0,0,0,관유물매각대,국립목포병원,2008,보건복지부,0,0,0,0,0,0,0
손익계정,0,0,0,재산수입,국립마산병원,2008,보건복지부,0,0,0,0,0,0,0
손익계정,0,0,0,경상이전수입,국립마산병원,2008,보건복지부,0,0,0,0,0,0,0
손익계정,0,0,0,재화및용역판매수입,국립마산병원,2008,보건복지부,0,0,0,0,0,0,0
손익계정,0,0,0,재산수입,국립정신건강센터,2008,보건복지부,0,0,0,0,0,0,0
손익계정,0,0,0,경상이전수입,국립정신건강센터,2008,보건복지부,0,0,0,0,0,0,0
손익계정,0,0,0,재화및용역판매수입,국립정신건강센터,2008,보건복지부,0,0,0,0,0,0,0
손익계정,0,0,0,관유물매각대,국립정신건강센터,2008,보건복지부,0,0,0,0,0,0,0
손익계정,0,0,0,재산수입,국립나주병원,2008,보건복지부,0,0,0,0,0,0,0
손익계정,0,0,0,경상이전수입,국립나주병원,2008,보건복지부,0,0,0,0,0,0,0
손익계정,0,0,0,재화및용역판매수입,국립나주병원,2008,보건복지부,0,0,0,0,0,0,0
손익계정,0,0,0,관유물매각대,국립나주병원,2008,보건복지부,0,0,0,0,0,0,0
손익계정,0,0,0,재산수입,국립부곡병원,2008,보건복지부,0,0,0,0,0,0,0
손익계정,0,0,0,재화및용역판매수입,국립부곡병원,2008,보건복지부,0,0,0,0,0,0,0
손익계정,0,0,0,재산수입,국립춘천병원,2008,보건복지부,0,0,0,0,0,0,0
손익계정,0,0,0,경상이전수입,국립춘천병원,2008,보건복지부,0,0,0,0,0,0,0
손익계정,0,0,0,재화및용역판매수입,국립춘천병원,2008,보건복지부,0,0,0,0,0,0,0
손익계정,0,0,0,재산수입,국립공주병원,2008,보건복지부,0,0,0,0,0,0,0
손익계정,0,0,0,경상이전수입,국립공주병원,2008,보건복지부,0,0,0,0,0,0,0
손익계정,0,0,0,재화및용역판매수입,국립공주병원,2008,보건복지부,0,0,0,0,0,0,0
손익계정,0,0,0,관유물매각대,국립공주병원,2008,보건복지부,0,0,0,0,0,0,0
손익계정,24095000,24095000,0,재산수입,국립의료원,2008,보건복지부,24095000,158489000,0,158489000,0,158489000,182584000
손익계정,1933304729,1891786679,41518050,재화및용역판매수입,국립의료원,2008,보건복지부,7763166469,330065180,0,6159926920,5871379790,288547130,8093231649
손익계정,1680509560,0,1680509560,융자회수금,국립의료원,2008,보건복지부,0,1877643560,0,197134000,0,197134000,1877643560
,9.88336E+11,0,9.88336E+11,융자회수금,국민연금기금,2008,보건복지부,0,2.13456E+12,1.02128E+12,1.14623E+12,0,1.14623E+12,2.13456E+12
,1.36586E+12,0,1.36586E+12,예금및예탁금,국민연금기금,2008,보건복지부,0,4.88076E+12,3.27456E+12,3.51491E+12,0,3.51491E+12,4.88076E+12
,0,0,0,재산수입,국민건강증진기금,2008,보건복지부,0,0,0,0,0,0,0
,4191281770,4191281770,0,경상이전수입,국민건강증진기금,2008,보건복지부,8109549830,26863640,5756557210,3945131700,3918268060,26863640,8136413470
,0,0,0,예금및예탁금,국민건강증진기금,2008,보건복지부,0,2.243E+11,93809464110,2.243E+11,0,2.243E+11,2.243E+11
,0,0,0,재산수입,응급의료기금,2008,보건복지부,0,0,0,0,0,0,0
,38428000,38428000,0,경상이전수입,응급의료기금,2008,보건복지부,188521960,0,151268780,150093960,150093960,0,188521960
,38137000000,0,38137000000,융자회수금,응급의료기금,2008,보건복지부,0,40037000000,38137000000,1900000000,0,1900000000,40037000000
,0,0,0,예금및예탁금,응급의료기금,2008,보건복지부,0,12745064080,0,12745064080,0,12745064080,12745064080
,0,0,0,재산수입,일반회계,2008,여성가족부,34620,0,0,34620,34620,0,34620
,1060060,1060060,0,경상이전수입,일반회계,2008,여성가족부,278230370,0,0,277170310,277170310,0,278230370
,0,0,0,재화및용역판매수입,일반회계,2008,여성가족부,0,0,0,0,0,0,0
,0,0,0,재산수입,청소년육성기금,2008,여성가족부,151890,0,177140,151890,151890,0,151890
,215730000,215730000,0,경상이전수입,청소년육성기금,2008,여성가족부,373499490,0,418573220,157769490,157769490,0,373499490
,14453890000,0,14453890000,융자회수금,청소년육성기금,2008,여성가족부,0,14934390000,19653160020,480500000,0,480500000,14934390000
,0,0,0,예금및예탁금,청소년육성기금,2008,여성가족부,0,1.136E+11,77022498970,1.136E+11,0,1.136E+11,1.136E+11
,0,0,0,재산수입,양성평등기금,2008,여성가족부,0,0,0,0,0,0,0
,0,0,0,경상이전수입,양성평등기금,2008,여성가족부,1076819820,200000000,1200625500,1276819820,1076819820,200000000,1276819820
,4926070970,127684030,4798386940,융자회수금,양성평등기금,2008,여성가족부,127684030,4798386940,10177468320,0,0,0,4926070970
,55215810,55215810,0,예금및예탁금,양성평등기금,2008,여성가족부,55215810,7000000000,6055215810,7000000000,0,7000000000,7055215810
,948410610,948410610,0,재산수입,일반회계,2008,국토해양부,1357022720,903319790,0,1311931900,408612110,903319790,2260342510
,2030884590,2030884590,0,경상이전수입,일반회계,2008,국토해양부,3510358860,187500670,0,1666974940,1479474270,187500670,3697859530
,27754620,27754620,0,재화및용역판매수입,일반회계,2008,국토해양부,68845630,10721890,0,51812900,41091010,10721890,79567520
,31677800,31677800,0,관유물매각대,일반회계,2008,국토해양부,31677800,18900000,0,18900000,0,18900000,50577800
,621690,0,621690,기타수입,일반회계,2008,국토해양부,0,119795800,0,119174110,0,119174110,119795800
도로계정,5268945020,5268945020,0,재산수입,교통시설특별회계,2008,국토해양부,6725931700,269900580,0,1726887260,1456986680,269900580,6995832280
도로계정,564742570,564742570,0,경상이전수입,교통시설특별회계,2008,국토해양부,1135400630,4708660,0,575366720,570658060,4708660,1140109290
도로계정,87386240,87386240,0,재화및용역판매수입,교통시설특별회계,2008,국토해양부,146646540,0,0,59260300,59260300,0,146646540
도로계정,0,0,0,관유물매각대,교통시설특별회계,2008,국토해양부,26754000,0,0,26754000,26754000,0,26754000
도로계정,6.3578E+11,0,6.3578E+11,융자회수금,교통시설특별회계,2008,국토해양부,0,6.3578E+11,0,0,0,0,6.3578E+11
철도계정,4397909310,4397909310,0,재산수입,교통시설특별회계,2008,국토해양부,4397909310,0,0,0,0,0,4397909310
철도계정,14365945040,14365945040,0,경상이전수입,교통시설특별회계,2008,국토해양부,14369256560,0,0,3311520,3311520,0,14369256560
철도계정,0,0,0,재화및용역판매수입,교통시설특별회계,2008,국토해양부,0,0,0,0,0,0,0
철도계정,0,0,0,관유물매각대,교통시설특별회계,2008,국토해양부,0,961051220,0,961051220,0,961051220,961051220
철도계정,1.37968E+12,6.23203E+11,7.56472E+11,융자회수금,교통시설특별회계,2008,국토해양부,6.23203E+11,7.56472E+11,0,0,0,0,1.37968E+12
공항계정,0,0,0,재산수입,교통시설특별회계,2008,국토해양부,0,63030,0,63030,0,63030,63030
공항계정,55316630,55316630,0,경상이전수입,교통시설특별회계,2008,국토해양부,77243140,852400,0,22778910,21926510,852400,78095540
공항계정,0,0,0,재화및용역판매수입,교통시설특별회계,2008,국토해양부,3213000,876000,0,4089000,3213000,876000,4089000
공항계정,7074806620,0,7074806620,기타수입,교통시설특별회계,2008,국토해양부,0,7074806620,0,0,0,0,7074806620
항만계정,943012040,943012040,0,재산수입,교통시설특별회계,2008,국토해양부,969747300,23164350,0,49899610,26735260,23164350,992911650
항만계정,2281711730,2281711730,0,경상이전수입,교통시설특별회계,2008,국토해양부,3072455790,41301600,0,832045660,790744060,41301600,3113757390
항만계정,8354207800,8354207800,0,재화및용역판매수입,교통시설특별회계,2008,국토해양부,11900115370,4658824070,0,8204731640,3545907570,4658824070,16558939440
항만계정,0,0,0,관유물매각대,교통시설특별회계,2008,국토해양부,0,0,0,0,0,0,0
항만계정,3.81778E+11,0,3.81778E+11,융자회수금,교통시설특별회계,2008,국토해양부,0,3.81778E+11,0,0,0,0,3.81778E+11
광역교통시설계정,29982574130,25053588570,4928985560,경상이전수입,교통시설특별회계,2008,국토해양부,58730082710,11305248080,0,40052756660,33676494140,6376262520,70035330790
광역교통시설계정,0,0,0,재화및용역판매수입,교통시설특별회계,2008,국토해양부,7079520,0,0,7079520,7079520,0,7079520
교통체계관리계정,0,0,0,재산수입,교통시설특별회계,2008,국토해양부,0,0,0,0,0,0,0
교통체계관리계정,0,0,0,경상이전수입,교통시설특별회계,2008,국토해양부,0,0,0,0,0,0,0
교통체계관리계정,2.35592E+11,2.35592E+11,0,융자회수금,교통시설특별회계,2008,국토해양부,2.35592E+11,0,0,0,0,0,2.35592E+11
지역개발사업계정,132263640,132263640,0,재산수입,국가균형발전특별회계,2008,국토해양부,137639130,9724930,0,15100420,5375490,9724930,147364060
지역개발사업계정,2.94701E+11,1.57005E+11,1.37696E+11,경상이전수입,국가균형발전특별회계,2008,국토해양부,2.17677E+11,3.21149E+11,0,2.44125E+11,60672095970,1.83453E+11,5.38826E+11
지역개발사업계정,179100,179100,0,재화및용역판매수입,국가균형발전특별회계,2008,국토해양부,4271130,0,0,4092030,4092030,0,4271130
지역개발사업계정,32203970,32203970,0,관유물매각대,국가균형발전특별회계,2008,국토해양부,44126270,0,0,11922300,11922300,0,44126270
지역개발사업계정,32568283160,32568283160,0,융자회수금,국가균형발전특별회계,2008,국토해양부,32568283160,1747761,0,1747761,0,1747761,32570030921
지역혁신사업계정,348180,348180,0,재산수입,국가균형발전특별회계,2008,국토해양부,1112930,0,0,764750,764750,0,1112930
지역혁신사업계정,7565534490,7396208840,169325650,경상이전수입,국가균형발전특별회계,2008,국토해양부,15914726400,1075035030,0,9424226940,8518517560,905709380,16989761430
지역혁신사업계정,18970,18970,0,재화및용역판매수입,국가균형발전특별회계,2008,국토해양부,6848290,0,0,6829320,6829320,0,6848290
자본계정,0,0,0,경상이전수입,대산지방해양수산청,2008,국토해양부,0,0,0,0,0,0,0
자본계정,0,0,0,관유물매각대,대산지방해양수산청,2008,국토해양부,0,0,0,0,0,0,0
손익계정,29066570,29066570,0,재산수입,대산지방해양수산청,2008,국토해양부,32129490,5806290,0,8869210,3062920,5806290,37935780
손익계정,21617990,21617990,0,경상이전수입,대산지방해양수산청,2008,국토해양부,32907310,162450,0,11451770,11289320,162450,33069760
손익계정,28757410,28757410,0,재화및용역판매수입,대산지방해양수산청,2008,국토해양부,29725500,493645030,0,494613120,968090,493645030,523370530
,53351080472,0,53351080472,경상이전수입,주택도시기금,2008,국토해양부,0,61452855265,86545228267,8101774793,0,8101774793,61452855265
,2525765,0,2525765,관유물매각대,주택도시기금,2008,국토해양부,0,21572765,25025765,19047000,0,19047000,21572765
,5.16827E+13,5.49602E+11,5.11331E+13,융자회수금,주택도시기금,2008,국토해양부,5.49602E+11,6.28524E+13,5.95676E+13,1.17193E+13,0,1.17193E+13,6.3402E+13
,0,0,0,기타수입,주택도시기금,2008,국토해양부,0,1572268920,1916085000,1572268920,0,1572268920,1572268920
,0,0,0,예금및예탁금,주택도시기금,2008,국토해양부,22138325631,5.69137E+11,1.23694E+12,5.91275E+11,22138325631,5.69137E+11,5.91275E+11
,0,0,0,재산수입,일반회계,2008,방송통신위원회,0,0,0,0,0,0,0
,10908360,10908360,0,경상이전수입,일반회계,2008,방송통신위원회,25239000,12602850,0,26933490,14330640,12602850,37841850
,11740481410,11740481410,0,재화및용역판매수입,일반회계,2008,방송통신위원회,12073735050,519800,0,333773440,333253640,519800,12074254850
,0,0,0,관유물매각대,일반회계,2008,방송통신위원회,0,0,0,0,0,0,0
,67769747000,0,67769747000,융자회수금,일반회계,2008,방송통신위원회,0,67769747000,0,0,0,0,67769747000
,22000000,0,22000000,기타수입,일반회계,2008,방송통신위원회,0,42118910,0,20118910,0,20118910,42118910
,0,0,0,재산수입,방송통신발전기금,2008,방송통신위원회,0,0,0,0,0,0,0
,0,0,0,경상이전수입,방송통신발전기금,2008,방송통신위원회,270000000,20214167550,28757765430,20484167550,270000000,20214167550,20484167550
,26076536000,0,26076536000,융자회수금,방송통신발전기금,2008,방송통신위원회,0,40554536000,34884319936,14478000000,0,14478000000,40554536000
,0,0,0,예금및예탁금,방송통신발전기금,2008,방송통신위원회,0,1.216E+11,87228370839,1.216E+11,0,1.216E+11,1.216E+11
,0,0,0,재산수입,일반회계,2008,금융위원회,0,0,0,0,0,0,0
,0,0,0,경상이전수입,일반회계,2008,금융위원회,0,0,0,0,0,0,0
,0,0,0,융자회수금,일반회계,2008,금융위원회,0,0,0,0,0,0,0
,0,0,0,재산수입,농어가목돈마련저축장려기금,2008,금융위원회,0,0,0,0,0,0,0
,0,0,0,예금및예탁금,농어가목돈마련저축장려기금,2008,금융위원회,0,36570000000,20910000000,36570000000,0,36570000000,36570000000
,0,0,0,재산수입,공적자금상환기금,2008,금융위원회,0,0,0,0,0,0,0
,0,0,0,예금및예탁금,공적자금상환기금,2008,금융위원회,0,76100000000,73800000000,76100000000,0,76100000000,76100000000
,0,0,0,경상이전수입,일반회계,2008,국민권익위원회,0,0,0,0,0,0,0
,0,0,0,경상이전수입,일반회계,2009,국가정보원,0,0,0,0,0,0,0
,0,0,0,재산수입,일반회계,2009,감사원,0,0,0,0,0,0,0
,106164000,106164000,0,경상이전수입,일반회계,2009,감사원,106164000,100637650,106164000,100637650,0,100637650,206801650
,0,0,0,재화및용역판매수입,일반회계,2009,감사원,0,0,0,0,0,0,0
,482754800,0,482754800,기타수입,일반회계,2009,감사원,0,690224800,682164800,207470000,0,207470000,690224800
,0,0,0,재산수입,일반회계,2009,국회,0,0,0,0,0,0,0
,0,0,0,경상이전수입,일반회계,2009,국회,7184755030,0,0,7184755030,7184755030,0,7184755030
,0,0,0,재화및용역판매수입,일반회계,2009,국회,0,0,0,0,0,0,0
,0,0,0,관유물매각대,일반회계,2009,국회,0,0,0,0,0,0,0
,31308690,0,31308690,기타수입,일반회계,2009,국회,0,50786290,106431610,19477600,0,19477600,50786290
,0,0,0,재산수입,일반회계,2009,대법원,0,393054070,0,393054070,0,393054070,393054070
,20096080,19898860,197220,경상이전수입,일반회계,2009,대법원,19898860,197220,48434780,0,0,0,20096080
,0,0,0,재화및용역판매수입,일반회계,2009,대법원,0,0,0,0,0,0,0
,0,0,0,관유물매각대,일반회계,2009,대법원,0,0,0,0,0,0,0
,375302741,373412741,1890000,기타수입,일반회계,2009,대법원,373412741,1890000,366643960,0,0,0,375302741
,0,0,0,재산수입,등기특별회계,2009,대법원,0,0,0,0,0,0,0
,0,0,0,경상이전수입,등기특별회계,2009,대법원,0,0,0,0,0,0,0
,0,0,0,재화및용역판매수입,등기특별회계,2009,대법원,0,0,0,0,0,0,0
,0,0,0,관유물매각대,등기특별회계,2009,대법원,0,0,0,0,0,0,0
,593730400,593730400,0,기타수입,등기특별회계,2009,대법원,593730400,0,593730400,0,0,0,593730400
,0,0,0,경상이전수입,일반회계,2009,헌법재판소,0,0,0,0,0,0,0
,0,0,0,재화및용역판매수입,일반회계,2009,헌법재판소,0,0,0,0,0,0,0
,690000,0,690000,기타수입,일반회계,2009,헌법재판소,0,690000,95190000,0,0,0,690000
,0,0,0,재산수입,일반회계,2009,중앙선거관리위원회,0,0,0,0,0,0,0
,0,0,0,경상이전수입,일반회계,2009,중앙선거관리위원회,0,0,0,0,0,0,0
,0,0,0,재화및용역판매수입,일반회계,2009,중앙선거관리위원회,0,0,0,0,0,0,0
,0,0,0,관유물매각대,일반회계,2009,중앙선거관리위원회,0,0,0,0,0,0,0
,1852591500,0,1852591500,기타수입,일반회계,2009,중앙선거관리위원회,0,3362591500,3162591500,1510000000,0,1510000000,3362591500
,0,0,0,경상이전수입,일반회계,2009,국무조정실 및 국무총리비서실,0,0,0,0,0,0,0
,0,0,0,기타수입,일반회계,2009,국무조정실 및 국무총리비서실,0,0,479772000,0,0,0,0
,0,0,0,재산수입,일반회계,2009,외교통상부,0,0,0,0,0,0,0
,0,0,0,경상이전수입,일반회계,2009,외교통상부,0,0,0,0,0,0,0
,0,0,0,재화및용역판매수입,일반회계,2009,외교통상부,0,0,0,0,0,0,0
,2604871494,263473565,2341397929,기타수입,일반회계,2009,외교통상부,304335257,3615558316,4417965512,1315022079,40861692,1274160387,3919893573
,62113860,51709800,10404060,재산수입,일반회계,2009,법무부,51709800,419127790,138285870,408723730,0,408723730,470837590
,288149500,288042700,106800,경상이전수입,일반회계,2009,법무부,323904110,106800,350156790,35861410,35861410,0,324010910
,0,0,0,재화및용역판매수입,일반회계,2009,법무부,0,2620,0,2620,0,2620,2620
,371731090,329822640,41908450,관유물매각대,일반회계,2009,법무부,329822640,41908450,860810390,0,0,0,371731090
,182291130,53510000,128781130,기타수입,일반회계,2009,법무부,53510000,128781130,212918930,0,0,0,182291130
,0,0,0,재산수입,교도작업특별회계,2009,법무부,13835790,0,6288540,13835790,13835790,0,13835790
,0,0,0,경상이전수입,교도작업특별회계,2009,법무부,0,0,0,0,0,0,0
,0,0,0,재화및용역판매수입,교도작업특별회계,2009,법무부,74584710,0,82231430,74584710,74584710,0,74584710
,0,0,0,관유물매각대,교도작업특별회계,2009,법무부,0,0,0,0,0,0,0
,0,0,0,기타수입,교도작업특별회계,2009,법무부,0,0,5998670,0,0,0,0
,307038400,307038400,0,재산수입,일반회계,2009,국방부,4936493010,1682251120,765151140,6311705730,4629454610,1682251120,6618744130
,12860001520,12844568600,15432920,경상이전수입,일반회계,2009,국방부,14943603330,1669384450,17523479840,3752986260,2099034730,1653951530,16612987780
,165992470,165992470,0,재화및용역판매수입,일반회계,2009,국방부,1197597260,2133000,2323240,1033737790,1031604790,2133000,1199730260
,1.37867E+11,0,1.37867E+11,융자회수금,일반회계,2009,국방부,0,1.42114E+11,1.37867E+11,4246403000,0,4246403000,1.42114E+11
,924000,0,924000,기타수입,일반회계,2009,국방부,0,1044000,1884000,120000,0,120000,1044000
,74654920,74654920,0,재산수입,주한미군기지이전특별회계,2009,국방부,114026890,21151560,323259710,60523530,39371970,21151560,135178450
,98222080,98002770,219310,경상이전수입,주한미군기지이전특별회계,2009,국방부,325087320,219310,130382650,227084550,227084550,0,325306630
,13587130,13587130,0,재화및용역판매수입,주한미군기지이전특별회계,2009,국방부,13587130,0,17587130,0,0,0,13587130
,0,0,0,관유물매각대,주한미군기지이전특별회계,2009,국방부,0,0,1983880700,0,0,0,0
,7898050,7898050,0,재산수입,국방·군사시설이전특별회계,2009,국방부,8218160,0,7898050,320110,320110,0,8218160
,1398407900,1172911630,225496270,경상이전수입,국방·군사시설이전특별회계,2009,국방부,1173961210,225496270,1451931580,1049580,1049580,0,1399457480
,69585613230,690069280,68895543950,관유물매각대,국방·군사시설이전특별회계,2009,국방부,690069280,68895543950,5.36019E+11,0,0,0,69585613230
손익계정,0,0,0,기업특별회계영업수입,국방홍보원,2009,국방부,0,0,431000,0,0,0,0
손익계정,0,0,0,재화및용역판매수입,국방홍보원,2009,국방부,0,0,165992470,0,0,0,0
손익계정,0,0,0,기타수입,국방홍보원,2009,국방부,0,0,120000,0,0,0,0
,958411850,958411850,0,경상이전수입,군인연금기금,2009,국방부,1093727130,166396790,973758170,301712070,135315280,166396790,1260123920
,0,0,0,예금및예탁금,군인연금기금,2009,국방부,0,99515107110,45000000000,99515107110,0,99515107110,99515107110
,618968366,520736776,98231590,재산수입,군인복지기금,2009,국방부,783868370,409494207,1897763398,574394211,263131594,311262617,1193362577
,1600453650,1152315170,448138480,경상이전수입,군인복지기금,2009,국방부,1423855620,539724990,1855063770,363126960,271540450,91586510,1963580610
,713110,713110,0,재화및용역판매수입,군인복지기금,2009,국방부,23903080,2613910,4863020,25803880,23189970,2613910,26516990
,3.30067E+11,12692125690,3.17375E+11,융자회수금,군인복지기금,2009,국방부,13056625690,4.52346E+11,4.4247E+11,1.35335E+11,364500000,1.34971E+11,4.65402E+11
,322630,0,322630,기타수입,군인복지기금,2009,국방부,0,2890610,2910610,2567980,0,2567980,2890610
,4733434089,1453966210,3279467879,예금및예탁금,군인복지기금,2009,국방부,3303071310,2.24141E+11,2.01024E+11,2.2271E+11,1849105100,2.20861E+11,2.27444E+11
,0,0,0,재산수입,일반회계,2009,고용노동부,1023790,6900,20240,1030690,1023790,6900,1030690
,1156490770,1155715240,775530,경상이전수입,일반회계,2009,고용노동부,2293836340,274290300,1545480200,1411635870,1138121100,273514770,2568126640
,755000,755000,0,재화및용역판매수입,일반회계,2009,고용노동부,782820,0,755000,27820,27820,0,782820
,0,0,0,관유물매각대,일반회계,2009,고용노동부,0,0,0,0,0,0,0
,667013920,0,667013920,기타수입,일반회계,2009,고용노동부,0,667013920,777621760,0,0,0,667013920
투자계정,699843490,688985500,10857990,경상이전수입,에너지및자원사업특별회계,2009,고용노동부,721787070,10857990,708364610,32801570,32801570,0,732645060
투자계정,3475420,3475420,0,재화및용역판매수입,에너지및자원사업특별회계,2009,고용노동부,3475420,0,3475420,0,0,0,3475420
,1.10485E+11,1.10485E+11,0,사회보장기여금,산업재해보상보험및예방기금,2009,고용노동부,2.6063E+11,439335330,3.10416E+11,1.50584E+11,1.50144E+11,439335330,2.61069E+11
,1498350,1498350,0,재산수입,산업재해보상보험및예방기금,2009,고용노동부,2113940,0,1675690,615590,615590,0,2113940
,1.99758E+11,1.99758E+11,0,경상이전수입,산업재해보상보험및예방기금,2009,고용노동부,3.48463E+11,2634242760,3.58088E+11,1.5134E+11,1.48705E+11,2634242760,3.51098E+11
,373572120,373572120,0,재화및용역판매수입,산업재해보상보험및예방기금,2009,고용노동부,387523850,0,378801370,13951730,13951730,0,387523850
,0,0,0,관유물매각대,산업재해보상보험및예방기금,2009,고용노동부,0,0,0,0,0,0,0
,5.98842E+11,0,5.98842E+11,융자회수금,산업재해보상보험및예방기금,2009,고용노동부,0,7.09827E+11,7.00952E+11,1.10985E+11,0,1.10985E+11,7.09827E+11
,1479525080,0,1479525080,예금및예탁금,산업재해보상보험및예방기금,2009,고용노동부,0,1.92396E+12,2.19529E+12,1.92248E+12,0,1.92248E+12,1.92396E+12
,0,0,0,재산수입,장애인고용촉진및직업재활기금,2009,고용노동부,0,0,0,0,0,0,0
,5012454290,5012454290,0,경상이전수입,장애인고용촉진및직업재활기금,2009,고용노동부,6515391910,149503830,8533870560,1652441450,1502937620,149503830,6664895740
,0,0,0,재화및용역판매수입,장애인고용촉진및직업재활기금,2009,고용노동부,0,0,1993980640,0,0,0,0
,91603418110,0,91603418110,융자회수금,장애인고용촉진및직업재활기금,2009,고용노동부,0,1.03472E+11,1.20244E+11,11868770000,0,11868770000,1.03472E+11
,0,0,0,예금및예탁금,장애인고용촉진및직업재활기금,2009,고용노동부,0,60378793100,52460992570,60378793100,0,60378793100,60378793100
,91294297650,91294297650,0,사회보장기여금,고용보험기금,2009,고용노동부,1.86277E+11,115080580,2.13138E+11,95098017200,94982936620,115080580,1.86392E+11
,0,0,0,재산수입,고용보험기금,2009,고용노동부,49150,5830,98250,54980,49150,5830,54980
,64730922440,64589186550,141735890,경상이전수입,고용보험기금,2009,고용노동부,93921472700,11902566800,1.04505E+11,41093117060,29332286150,11760830910,1.05824E+11
,29198650,29198650,0,재화및용역판매수입,고용보험기금,2009,고용노동부,46621990,9000,45803260,17432340,17423340,9000,46630990
,0,0,0,관유물매각대,고용보험기금,2009,고용노동부,0,0,0,0,0,0,0
,2.79855E+11,0,2.79855E+11,융자회수금,고용보험기금,2009,고용노동부,0,4.46346E+11,3.78496E+11,1.66491E+11,0,1.66491E+11,4.46346E+11
,0,0,0,예금및예탁금,고용보험기금,2009,고용노동부,0,1.03323E+12,2.46959E+12,1.03323E+12,0,1.03323E+12,1.03323E+12
,10982580,10982580,0,재산수입,임금채권보장기금,2009,고용노동부,32496200,0,26693920,21513620,21513620,0,32496200
,4.50044E+11,4.50044E+11,0,경상이전수입,임금채권보장기금,2009,고용노동부,7.31972E+11,2736000,5.50791E+11,2.81931E+11,2.81928E+11,2736000,7.31974E+11
,0,0,0,재화및용역판매수입,임금채권보장기금,2009,고용노동부,0,0,0,0,0,0,0
,20000000,0,20000000,융자회수금,임금채권보장기금,2009,고용노동부,0,20000000,20000000,0,0,0,20000000
,0,0,0,예금및예탁금,임금채권보장기금,2009,고용노동부,0,40000000000,1.4E+11,40000000000,0,40000000000,40000000000
,0,0,0,재산수입,일반회계,2009,통일부,4735330,0,0,4735330,4735330,0,4735330
,0,0,0,경상이전수입,일반회계,2009,통일부,0,0,0,0,0,0,0
,0,0,0,재화및용역판매수입,일반회계,2009,통일부,0,0,0,0,0,0,0
,0,0,0,재산수입,남북협력기금,2009,통일부,0,0,0,0,0,0,0
,0,0,0,경상이전수입,남북협력기금,2009,통일부,0,0,0,0,0,0,0
,0,0,0,재화및용역판매수입,남북협력기금,2009,통일부,0,0,0,0,0,0,0
,2.71459E+12,0,2.71459E+12,융자회수금,남북협력기금,2009,통일부,0,2.7386E+12,2.55843E+12,24012073840,0,24012073840,2.7386E+12
,0,0,0,예금및예탁금,남북협력기금,2009,통일부,0,8.01335E+11,9.31836E+11,8.01335E+11,0,8.01335E+11,8.01335E+11
,0,0,0,재산수입,일반회계,2009,국가보훈부,0,0,6890,0,0,0,0
,1102911760,1065342760,37569000,경상이전수입,일반회계,2009,국가보훈부,1335887790,79428000,1419740060,312404030,270545030,41859000,1415315790
,0,0,0,재화및용역판매수입,일반회계,2009,국가보훈부,0,0,0,0,0,0,0
,0,0,0,관유물매각대,일반회계,2009,국가보훈부,0,0,0,0,0,0,0
,10270000,0,10270000,기타수입,일반회계,2009,국가보훈부,0,30270000,66930000,20000000,0,20000000,30270000
투자계정,0,0,0,경상이전수입,에너지및자원사업특별회계,2009,국가보훈부,0,0,0,0,0,0,0
,0,0,0,재산수입,순국선열애국지사사업기금,2009,국가보훈부,0,0,0,0,0,0,0
,0,0,0,경상이전수입,순국선열애국지사사업기금,2009,국가보훈부,0,0,0,0,0,0,0
,0,0,0,재화및용역판매수입,순국선열애국지사사업기금,2009,국가보훈부,0,0,0,0,0,0,0
,0,0,0,관유물매각대,순국선열애국지사사업기금,2009,국가보훈부,0,0,748966500,0,0,0,0
,0,0,0,예금및예탁금,순국선열애국지사사업기금,2009,국가보훈부,0,11029017000,8752095733,11029017000,0,11029017000,11029017000
국가유공자지원자금,466874890,466874890,0,재산수입,보훈기금,2009,국가보훈부,775507560,0,824923800,308632670,308632670,0,775507560
국가유공자지원자금,0,0,0,경상이전수입,보훈기금,2009,국가보훈부,0,0,0,0,0,0,0
국가유공자지원자금,0,0,0,재화및용역판매수입,보훈기금,2009,국가보훈부,0,0,0,0,0,0,0
국가유공자지원자금,0,0,0,관유물매각대,보훈기금,2009,국가보훈부,0,0,0,0,0,0,0
국가유공자지원자금,2.43866E+11,3684735340,2.40181E+11,융자회수금,보훈기금,2009,국가보훈부,5903969980,2.61525E+11,3.23859E+11,23563470910,2219234640,21344236270,2.67429E+11
국가유공자지원자금,0,0,0,예금및예탁금,보훈기금,2009,국가보훈부,0,1.2524E+11,1.27E+11,1.2524E+11,0,1.2524E+11,1.2524E+11
참전유공자·제대군인지원자금,456176810,456176810,0,재산수입,보훈기금,2009,국가보훈부,695366620,0,568096190,239189810,239189810,0,695366620
참전유공자·제대군인지원자금,0,0,0,재화및용역판매수입,보훈기금,2009,국가보훈부,0,0,0,0,0,0,0
참전유공자·제대군인지원자금,40686743160,1787629410,38899113750,융자회수금,보훈기금,2009,국가보훈부,2650942350,41162004040,56705216070,3126203230,863312940,2262890290,43812946390
참전유공자·제대군인지원자금,0,0,0,예금및예탁금,보훈기금,2009,국가보훈부,0,80500000000,75386000000,80500000000,0,80500000000,80500000000
5·18 민주유공자지원자금,38339290,38339290,0,재산수입,보훈기금,2009,국가보훈부,64810940,0,52597020,26471650,26471650,0,64810940
5·18 민주유공자지원자금,4944470750,285039810,4659430940,융자회수금,보훈기금,2009,국가보훈부,505603350,4809572640,6107583840,370705240,220563540,150141700,5315175990
5·18 민주유공자지원자금,0,0,0,예금및예탁금,보훈기금,2009,국가보훈부,0,4000000000,5000000000,4000000000,0,4000000000,4000000000
특수임무유공자지원자금,6818670,6818670,0,재산수입,보훈기금,2009,국가보훈부,18554230,0,12918490,11735560,11735560,0,18554230
특수임무유공자지원자금,2031046620,50109180,1980937440,융자회수금,보훈기금,2009,국가보훈부,150344740,2178311180,2581504310,297609300,100235560,197373740,2328655920
특수임무유공자지원자금,0,0,0,예금및예탁금,보훈기금,2009,국가보훈부,0,5500000000,3000000000,5500000000,0,5500000000,5500000000
,1474211420,1472347830,1863590,재산수입,일반회계,2009,산림청,1741251560,641045710,2181876070,908085850,268903730,639182120,2382297270
,22642143350,22099561530,542581820,경상이전수입,일반회계,2009,산림청,26026119590,663281010,29650860720,4047257250,3926558060,120699190,26689400600
,122636980,122636980,0,재화및용역판매수입,일반회계,2009,산림청,125430980,18109410,148749120,20903410,2794000,18109410,143540390
,3872189750,1030413650,2841776100,관유물매각대,일반회계,2009,산림청,1107601100,4734516590,5097213650,1969927940,77187450,1892740490,5842117690
,265867000,0,265867000,융자회수금,일반회계,2009,산림청,0,265867000,465780620,0,0,0,265867000
,36240,0,36240,기타수입,일반회계,2009,산림청,0,36240,36240,0,0,0,36240
임업진흥사업계정,0,0,0,재산수입,농어촌구조개선특별회계,2009,산림청,0,0,241930,0,0,0,0
임업진흥사업계정,16271321190,15345799680,925521510,경상이전수입,농어촌구조개선특별회계,2009,산림청,27266538710,14582125200,28454131610,25577342720,11920739030,13656603690,41848663910
임업진흥사업계정,0,0,0,재화및용역판매수입,농어촌구조개선특별회계,2009,산림청,325620,2477400,0,2803020,325620,2477400,2803020
임업진흥사업계정,0,0,0,관유물매각대,농어촌구조개선특별회계,2009,산림청,167804000,494715930,329265560,662519930,167804000,494715930,662519930
임업진흥사업계정,3.4926E+11,0,3.4926E+11,융자회수금,농어촌구조개선특별회계,2009,산림청,0,3.83633E+11,4.13511E+11,34372981000,0,34372981000,3.83633E+11
자본계정,0,0,0,관유물매각대,국립자연휴양림관리소,2009,산림청,0,0,0,0,0,0,0
손익계정,0,0,0,재산수입,국립자연휴양림관리소,2009,산림청,0,0,0,0,0,0,0
손익계정,21733860,21733860,0,경상이전수입,국립자연휴양림관리소,2009,산림청,21733860,0,21733860,0,0,0,21733860
손익계정,0,0,0,재화및용역판매수입,국립자연휴양림관리소,2009,산림청,0,0,0,0,0,0,0
,1.5758E+12,1.11696E+12,4.58839E+11,내국세,일반회계,2009,국세청,3.80409E+12,4.34449E+12,7.76977E+12,6.57278E+12,2.68713E+12,3.88565E+12,8.14858E+12
,23058320,23058320,0,방위세,일반회계,2009,국세청,23058320,0,64192420,0,0,0,23058320
,60152880,60152880,0,교통·에너지·환경세,일반회계,2009,국세청,187328050,403074400,2119959940,530249570,127175170,403074400,590402450
,650053450,650053450,0,교육세,일반회계,2009,국세청,2327757000,3239809440,6382420260,4917512990,1677703550,3239809440,5567566440
,8638890940,6801875050,1837015890,농어촌특별세,일반회계,2009,국세청,17731722110,56351445730,1.46339E+11,65444276900,10929847060,54514429840,74083167840
,846815520,846815520,0,재산수입,일반회계,2009,국세청,846815520,0,841165380,0,0,0,846815520
,3.00432E+11,2.66175E+11,34256725460,경상이전수입,일반회계,2009,국세청,4.27146E+11,35276087640,4.57161E+11,1.6199E+11,1.6097E+11,1019362180,4.62422E+11
,4170000,0,4170000,기타수입,일반회계,2009,국세청,0,4170000,4170000,0,0,0,4170000
,36784980460,33496048460,3288932000,종합부동산세,일반회계,2009,국세청,83878665930,2.76755E+11,7.2112E+11,3.23848E+11,50382617470,2.73466E+11,3.60633E+11
,26599762230,26599762230,0,내국세,일반회계,2009,관세청,42561967790,1.21763E+12,3.38267E+12,1.23359E+12,15962205560,1.21763E+12,1.26019E+12
,40102794660,35155161760,4947632900,관세,일반회계,2009,관세청,54507915630,2.90562E+11,5.5238E+11,3.04967E+11,19352753870,2.85614E+11,3.45069E+11
,466900,466900,0,방위세,일반회계,2009,관세청,466900,0,3239240,0,0,0,466900
,968146490,968146490,0,교통·에너지·환경세,일반회계,2009,관세청,995738050,0,6029034550,27591560,27591560,0,995738050
,795980650,795980650,0,교육세,일반회계,2009,관세청,1340237080,33598772910,20360212890,34143029340,544256430,33598772910,34939009990
,12105350,12105350,0,농어촌특별세,일반회계,2009,관세청,22613470,1128755290,4117156880,1139263410,10508120,1128755290,1151368760
,0,0,0,재산수입,일반회계,2009,관세청,0,0,127684610,0,0,0,0
,21994106310,21994106310,0,경상이전수입,일반회계,2009,관세청,31511207470,2755110,74114885560,9519856270,9517101160,2755110,31513962580
,144000,144000,0,재화및용역판매수입,일반회계,2009,관세청,56536850,1698100,62329440,58090950,56392850,1698100,58234950
,0,0,0,관유물매각대,일반회계,2009,관세청,0,0,0,0,0,0,0
,0,0,0,기타수입,일반회계,2009,관세청,0,0,0,0,0,0,0
,0,0,0,재산수입,일반회계,2009,병무청,0,0,0,0,0,0,0
,0,0,0,경상이전수입,일반회계,2009,병무청,0,0,0,0,0,0,0
,0,0,0,재화및용역판매수입,일반회계,2009,병무청,0,0,0,0,0,0,0
,0,0,0,관유물매각대,일반회계,2009,병무청,0,0,0,0,0,0,0
,6106165000,0,6106165000,융자회수금,일반회계,2009,병무청,0,6856062000,6106165000,749897000,0,749897000,6856062000
,710000,0,710000,기타수입,일반회계,2009,병무청,0,710000,710000,0,0,0,710000
,0,0,0,재산수입,일반회계,2009,농촌진흥청,3300000,0,698740,3300000,3300000,0,3300000
,0,0,0,경상이전수입,일반회계,2009,농촌진흥청,2663690,4260270,39081850,6923960,2663690,4260270,6923960
,0,0,0,재화및용역판매수입,일반회계,2009,농촌진흥청,0,0,0,0,0,0,0
,0,0,0,관유물매각대,일반회계,2009,농촌진흥청,0,0,0,0,0,0,0
,510000,0,510000,기타수입,일반회계,2009,농촌진흥청,0,510000,510000,0,0,0,510000
구조개선사업계정,0,0,0,재산수입,농어촌구조개선특별회계,2009,농촌진흥청,0,0,0,0,0,0,0
구조개선사업계정,0,0,0,경상이전수입,농어촌구조개선특별회계,2009,농촌진흥청,0,1340930,0,1340930,0,1340930,1340930
구조개선사업계정,0,0,0,관유물매각대,농어촌구조개선특별회계,2009,농촌진흥청,0,0,0,0,0,0,0
구조개선사업계정,13236457710,0,13236457710,융자회수금,농어촌구조개선특별회계,2009,농촌진흥청,0,13236457710,15546497200,0,0,0,13236457710
,0,0,0,재산수입,혁신도시건설특별회계,2009,농촌진흥청,0,0,0,0,0,0,0
,0,0,0,관유물매각대,혁신도시건설특별회계,2009,농촌진흥청,0,0,0,0,0,0,0
,38170,38170,0,재산수입,일반회계,2009,중소기업청,1257890,250770,41800,1470490,1219720,250770,1508660
,68020500,68020500,0,경상이전수입,일반회계,2009,중소기업청,503311020,716802180,86856430,1152092700,435290520,716802180,1220113200
,0,0,0,재화및용역판매수입,일반회계,2009,중소기업청,0,0,0,0,0,0,0
,0,0,0,관유물매각대,일반회계,2009,중소기업청,0,0,0,0,0,0,0
,90000,0,90000,기타수입,일반회계,2009,중소기업청,0,90000,90000,0,0,0,90000
손익계정,0,0,0,재산수입,특허청,2009,특허청,0,0,0,0,0,0,0
손익계정,0,0,0,경상이전수입,특허청,2009,특허청,2214660,0,0,2214660,2214660,0,2214660
손익계정,0,0,0,재화및용역판매수입,특허청,2009,특허청,0,0,0,0,0,0,0
손익계정,0,0,0,관유물매각대,특허청,2009,특허청,0,0,0,0,0,0,0
손익계정,5537926500,0,5537926500,융자회수금,특허청,2009,특허청,0,6023376500,6195226500,485450000,0,485450000,6023376500
손익계정,6566660,0,6566660,기타수입,특허청,2009,특허청,0,6566660,7177924,0,0,0,6566660
자본계정,0,0,0,경상이전수입,조달특별회계,2009,조달청,0,0,0,0,0,0,0
자본계정,10732592256,10732592256,0,관유물매각대,조달특별회계,2009,조달청,21754388396,2.98375E+11,5792059780,3.09397E+11,11021796140,2.98375E+11,3.2013E+11
손익계정,0,0,0,기업특별회계영업수입,조달특별회계,2009,조달청,0,0,0,0,0,0,0
손익계정,0,0,0,재산수입,조달특별회계,2009,조달청,29526450,61897220,72409620,91423670,29526450,61897220,91423670
손익계정,52099200,52099200,0,경상이전수입,조달특별회계,2009,조달청,52099200,0,52099200,0,0,0,52099200
손익계정,11928050,11928050,0,재화및용역판매수입,조달특별회계,2009,조달청,103613030,651796870,1611667550,743481850,91684980,651796870,755409900
손익계정,5392700500,0,5392700500,융자회수금,조달특별회계,2009,조달청,0,5653272500,5392700500,260572000,0,260572000,5653272500
,3188990,3188990,0,재산수입,일반회계,2009,환경부,3188990,9975330,3188990,9975330,0,9975330,13164320
,4146310,4146310,0,경상이전수입,일반회계,2009,환경부,4146310,147805440,4146310,147805440,0,147805440,151951750
,0,0,0,관유물매각대,일반회계,2009,환경부,0,0,0,0,0,0,0
농어촌특별세사업계정,0,0,0,재산수입,농어촌구조개선특별회계,2009,환경부,0,0,0,0,0,0,0
농어촌특별세사업계정,0,0,0,경상이전수입,농어촌구조개선특별회계,2009,환경부,0,0,0,0,0,0,0
,5630210,5630210,0,재산수입,환경개선특별회계,2009,환경부,113366490,5378200,727976400,113114480,107736280,5378200,118744690
,6.61504E+11,6.48491E+11,13013626830,경상이전수입,환경개선특별회계,2009,환경부,8.13846E+11,35267247010,7.91165E+11,1.87608E+11,1.65355E+11,22253620180,8.49113E+11
,0,0,0,재화및용역판매수입,환경개선특별회계,2009,환경부,0,0,110000,0,0,0,0
,0,0,0,관유물매각대,환경개선특별회계,2009,환경부,0,0,0,0,0,0,0
,1.68436E+12,0,1.68436E+12,융자회수금,환경개선특별회계,2009,환경부,0,1.78456E+12,1.91632E+12,1.00205E+11,0,1.00205E+11,1.78456E+12
,25765650,0,25765650,기타수입,환경개선특별회계,2009,환경부,0,1025765650,1156662894,1000000000,0,1000000000,1025765650
지역혁신사업계정,0,0,0,재산수입,국가균형발전특별회계,2009,환경부,0,0,0,0,0,0,0
지역혁신사업계정,0,0,0,경상이전수입,국가균형발전특별회계,2009,환경부,6400000,0,0,6400000,6400000,0,6400000
,0,0,0,재산수입,일반회계,2009,통계청,0,0,0,0,0,0,0
,0,0,0,경상이전수입,일반회계,2009,통계청,0,0,0,0,0,0,0
,0,0,0,재화및용역판매수입,일반회계,2009,통계청,0,0,0,0,0,0,0
,0,0,0,관유물매각대,일반회계,2009,통계청,0,0,0,0,0,0,0
,0,0,0,기타수입,일반회계,2009,통계청,0,0,60000,0,0,0,0
,0,0,0,재산수입,일반회계,2009,기상청,0,0,0,0,0,0,0
,89655610,89655610,0,경상이전수입,일반회계,2009,기상청,89655610,0,89655610,0,0,0,89655610
,12097040,12097040,0,재화및용역판매수입,일반회계,2009,기상청,12097040,0,12097040,0,0,0,12097040
,0,0,0,관유물매각대,일반회계,2009,기상청,0,0,0,0,0,0,0
,199640850,199640850,0,기타수입,일반회계,2009,기상청,199640850,0,199640850,0,0,0,199640850
,4556300,4556300,0,재산수입,일반회계,2009,경찰청,32916060,17397810,24009280,45757570,28359760,17397810,50313870
,956461660,954645560,1816100,경상이전수입,일반회계,2009,경찰청,1103898460,19923330,954078940,167360130,149252900,18107230,1123821790
,417670,417670,0,재화및용역판매수입,일반회계,2009,경찰청,21324690,0,6521470,20907020,20907020,0,21324690
,2600000,2600000,0,관유물매각대,일반회계,2009,경찰청,133935500,0,2600000,131335500,131335500,0,133935500
,759518120,0,759518120,기타수입,일반회계,2009,경찰청,0,765518120,777639740,6000000,0,6000000,765518120
손익계정,8282660,8282660,0,재산수입,운전면허시험관리단,2009,경찰청,11075840,0,8282660,2793180,2793180,0,11075840
손익계정,23036820,23036820,0,경상이전수입,운전면허시험관리단,2009,경찰청,25484340,1960880,23704840,4408400,2447520,1960880,27445220
손익계정,3255800,3255800,0,재화및용역판매수입,운전면허시험관리단,2009,경찰청,3255800,0,8000000,0,0,0,3255800
손익계정,0,0,0,관유물매각대,운전면허시험관리단,2009,경찰청,0,0,0,0,0,0,0
손익계정,0,0,0,재산수입,경찰병원,2009,경찰청,0,0,0,0,0,0,0
손익계정,0,0,0,경상이전수입,경찰병원,2009,경찰청,0,0,0,0,0,0,0
손익계정,123242720,123242720,0,재화및용역판매수입,경찰병원,2009,경찰청,123242720,0,126175610,0,0,0,123242720
손익계정,0,0,0,관유물매각대,경찰병원,2009,경찰청,0,0,0,0,0,0,0
손익계정,300000,0,300000,기타수입,경찰병원,2009,경찰청,0,300000,300000,0,0,0,300000
,0,0,0,재산수입,일반회계,2009,공정거래위원회,0,0,0,0,0,0,0
,114397800,114397800,0,경상이전수입,일반회계,2009,공정거래위원회,160739110,0,123385390,46341310,46341310,0,160739110
,0,0,0,재화및용역판매수입,일반회계,2009,공정거래위원회,0,0,0,0,0,0,0
,17231350,0,17231350,기타수입,일반회계,2009,공정거래위원회,0,17231350,17231350,0,0,0,17231350
,475477180,475477180,0,재산수입,일반회계,2009,해양경찰청(구),479567180,13600000,486716750,17690000,4090000,13600000,493167180
,16470783710,16468683710,2100000,경상이전수입,일반회계,2009,해양경찰청(구),16486193420,12299760,16741132440,27709470,17509710,10199760,16498493180
,0,0,0,재화및용역판매수입,일반회계,2009,해양경찰청(구),0,0,443940,0,0,0,0
,0,0,0,관유물매각대,일반회계,2009,해양경찰청(구),0,0,0,0,0,0,0
,696590000,0,696590000,기타수입,일반회계,2009,해양경찰청(구),0,724400000,623585560,27810000,0,27810000,724400000
,0,0,0,재산수입,일반회계,2009,식품의약품안전청,0,0,3261980,0,0,0,0
,1762040,1083850,678190,경상이전수입,일반회계,2009,식품의약품안전청,24841230,735450,6322270,23814640,23757380,57260,25576680
,0,0,0,재화및용역판매수입,일반회계,2009,식품의약품안전청,0,0,0,0,0,0,0
,0,0,0,관유물매각대,일반회계,2009,식품의약품안전청,0,0,0,0,0,0,0
,120000,0,120000,기타수입,일반회계,2009,식품의약품안전청,0,120000,120000,0,0,0,120000
,0,0,0,재산수입,일반회계,2009,민주평화통일자문회의,0,0,0,0,0,0,0
,0,0,0,경상이전수입,일반회계,2009,민주평화통일자문회의,0,0,0,0,0,0,0
,263425360,255416800,8008560,재산수입,일반회계,2009,문화재청,278368860,53981540,545114730,68925040,22952060,45972980,332350400
,8407054190,4637038630,3770015560,경상이전수입,일반회계,2009,문화재청,5163069630,4019380630,11302806360,775396070,526031000,249365070,9182450260
,0,0,0,재화및용역판매수입,일반회계,2009,문화재청,0,0,0,0,0,0,0
,0,0,0,관유물매각대,일반회계,2009,문화재청,0,0,0,0,0,0,0
,162064300,0,162064300,기타수입,일반회계,2009,문화재청,0,162064300,162064300,0,0,0,162064300
,0,0,0,재산수입,일반회계,2009,국가인권위원회,0,0,0,0,0,0,0
,0,0,0,경상이전수입,일반회계,2009,국가인권위원회,150000,0,0,150000,150000,0,150000
,0,0,0,재화및용역판매수입,일반회계,2009,국가인권위원회,0,0,0,0,0,0,0
,156000000,0,156000000,기타수입,일반회계,2009,국가인권위원회,0,156000000,156000000,0,0,0,156000000
,0,0,0,재산수입,일반회계,2009,소방방재청,0,0,0,0,0,0,0
,1588430,1588430,0,경상이전수입,일반회계,2009,소방방재청,25066330,0,214910600,23477900,23477900,0,25066330
,0,0,0,재화및용역판매수입,일반회계,2009,소방방재청,0,0,0,0,0,0,0
,494857000,494857000,0,기타수입,일반회계,2009,소방방재청,494857000,0,494857000,0,0,0,494857000
,0,0,0,경상이전수입,일반회계,2009,친일반민족행위진상규명위원회,0,0,0,0,0,0,0
,0,0,0,재산수입,일반회계,2009,방위사업청,0,0,5877720,0,0,0,0
,12825057840,12825057840,0,경상이전수입,일반회계,2009,방위사업청,40078457600,1056562930,16027764190,28309962690,27253399760,1056562930,41135020530
,23949106000,0,23949106000,융자회수금,일반회계,2009,방위사업청,0,23949106000,49808817000,0,0,0,23949106000
,0,0,0,재산수입,행정중심복합도시건설특별회계,2009,행정중심복합도시건설청,0,0,0,0,0,0,0
,0,0,0,경상이전수입,행정중심복합도시건설특별회계,2009,행정중심복합도시건설청,0,0,0,0,0,0,0
,0,0,0,경상이전수입,일반회계,2009,진실·화해를위한과거사정리위원회(구),2800000,0,0,2800000,2800000,0,2800000
,0,0,0,재화및용역판매수입,일반회계,2009,진실·화해를위한과거사정리위원회(구),0,0,0,0,0,0,0
,0,0,0,재산수입,일반회계,2009,대통령실,0,0,0,0,0,0,0
,0,0,0,경상이전수입,일반회계,2009,대통령실,0,0,0,0,0,0,0
,0,0,0,재화및용역판매수입,일반회계,2009,대통령실,0,0,0,0,0,0,0
,627963800,627963800,0,방위세,일반회계,2009,기획재정부,629477710,0,974233269,1513910,1513910,0,629477710
,15547270915,15547270915,0,교육세,일반회계,2009,기획재정부,15883752475,0,21899774925,336481560,336481560,0,15883752475
,31518914846,31518914846,0,농어촌특별세,일반회계,2009,기획재정부,62560814746,0,67996444716,31041899900,31041899900,0,62560814746
,13083236820,10009460250,3073776570,재산수입,일반회계,2009,기획재정부,13294484380,11611879600,19131010270,11823127160,3285024130,8538103030,24906363980
,64562739107,63251944327,1310794780,경상이전수입,일반회계,2009,기획재정부,73869877877,2295683830,75792798337,11602822600,10617933550,984889050,76165561707
,2306410,2306410,0,재화및용역판매수입,일반회계,2009,기획재정부,2306410,0,180765200,0,0,0,2306410
,26298352590,10088518090,16209834500,관유물매각대,일반회계,2009,기획재정부,12124431670,67515295320,43576073620,53341374400,2035913580,51305460820,79639726990
,1.68135E+12,0,1.68135E+12,융자회수금,대외경제협력기금,2009,기획재정부,0,1.99417E+12,1.72945E+12,3.12814E+11,0,3.12814E+11,1.99417E+12
,27000000000,0,27000000000,예금및예탁금,대외경제협력기금,2009,기획재정부,0,2.24792E+11,4.57749E+11,1.97792E+11,0,1.97792E+11,2.24792E+11
총괄계정,1.1089E+12,0,1.1089E+12,재산수입,공공자금관리기금,2009,기획재정부,0,1.1089E+12,1.26893E+12,0,0,0,1.1089E+12
총괄계정,4.44255E+12,0,4.44255E+12,융자회수금,공공자금관리기금,2009,기획재정부,0,1.08279E+13,5.00546E+12,6.38538E+12,0,6.38538E+12,1.08279E+13
융자계정,0,0,0,재산수입,공공자금관리기금,2009,기획재정부,0,0,0,0,0,0,0
융자계정,0,0,0,경상이전수입,공공자금관리기금,2009,기획재정부,0,0,0,0,0,0,0
융자계정,7.39016E+12,0,7.39016E+12,융자회수금,공공자금관리기금,2009,기획재정부,0,7.7867E+12,9.12072E+12,3.96535E+11,0,3.96535E+11,7.7867E+12
차관계정,0,0,0,재산수입,공공자금관리기금,2009,기획재정부,0,0,72741060,0,0,0,0
차관계정,0,0,0,경상이전수입,공공자금관리기금,2009,기획재정부,0,0,2007020,0,0,0,0
차관계정,0,0,0,재화및용역판매수입,공공자금관리기금,2009,기획재정부,0,0,0,0,0,0,0
차관계정,2.35238E+12,0,2.35238E+12,융자회수금,공공자금관리기금,2009,기획재정부,0,2.35238E+12,3.32397E+12,0,0,0,2.35238E+12
,13143422561,13143422561,0,융자회수금,외국환평형기금,2009,기획재정부,13143422561,0,1.9115E+13,0,0,0,13143422561
,8.02967E+12,0,8.02967E+12,예금및예탁금,외국환평형기금,2009,기획재정부,0,1.35348E+13,8.02967E+12,5.50514E+12,0,5.50514E+12,1.35348E+13
,0,0,0,재산수입,복권기금,2009,기획재정부,6040010,0,80780,6040010,6040010,0,6040010
,0,0,0,경상이전수입,복권기금,2009,기획재정부,2082779480,0,782678140,2082779480,2082779480,0,2082779480
,0,0,0,재화및용역판매수입,복권기금,2009,기획재정부,0,0,0,0,0,0,0
,1.28169E+11,0,1.28169E+11,예금및예탁금,복권기금,2009,기획재정부,0,1.28169E+11,3.63647E+11,0,0,0,1.28169E+11
,1085018080,1085018080,0,재산수입,일반회계,2009,교육과학기술부,1283337880,392088830,1858858820,590408630,198319800,392088830,1675426710
,187091580,187091580,0,경상이전수입,일반회계,2009,교육과학기술부,788734950,382328740,215589250,983972110,601643370,382328740,1171063690
,117330,117330,0,재화및용역판매수입,일반회계,2009,교육과학기술부,117330,0,1531690,0,0,0,117330
,0,0,0,관유물매각대,일반회계,2009,교육과학기술부,0,0,0,0,0,0,0
,3.54332E+11,0,3.54332E+11,융자회수금,일반회계,2009,교육과학기술부,0,3.54332E+11,3.43568E+11,0,0,0,3.54332E+11
,99586840,0,99586840,기타수입,일반회계,2009,교육과학기술부,0,282688840,972123610,183102000,0,183102000,282688840
지역혁신사업계정,0,0,0,재산수입,국가균형발전특별회계,2009,교육과학기술부,0,0,0,0,0,0,0
지역혁신사업계정,0,0,0,경상이전수입,국가균형발전특별회계,2009,교육과학기술부,1600000000,95383090,0,1695383090,1600000000,95383090,1695383090
자본계정,0,0,0,재화및용역판매수입,국립중앙과학관,2009,교육과학기술부,0,0,0,0,0,0,0
자본계정,0,0,0,관유물매각대,국립중앙과학관,2009,교육과학기술부,0,0,0,0,0,0,0
손익계정,24468310,24468310,0,재산수입,국립중앙과학관,2009,교육과학기술부,24468310,67446870,24468310,67446870,0,67446870,91915180
손익계정,180020630,180020630,0,경상이전수입,국립중앙과학관,2009,교육과학기술부,180020630,0,180020630,0,0,0,180020630
손익계정,763390,763390,0,재화및용역판매수입,국립중앙과학관,2009,교육과학기술부,763390,0,763390,0,0,0,763390
손익계정,0,0,0,재산수입,국립과천과학관,2009,교육과학기술부,94168710,25133260,0,119301970,94168710,25133260,119301970
손익계정,0,0,0,경상이전수입,국립과천과학관,2009,교육과학기술부,123560,669650,0,793210,123560,669650,793210
손익계정,0,0,0,재화및용역판매수입,국립과천과학관,2009,교육과학기술부,0,44640,0,44640,0,44640,44640
,0,0,0,재산수입,과학기술진흥기금,2009,교육과학기술부,0,0,0,0,0,0,0
,0,0,0,재화및용역판매수입,과학기술진흥기금,2009,교육과학기술부,0,0,0,0,0,0,0
,1.28952E+11,0,1.28952E+11,융자회수금,과학기술진흥기금,2009,교육과학기술부,0,1.28952E+11,1.96421E+11,0,0,0,1.28952E+11
,0,0,0,예금및예탁금,과학기술진흥기금,2009,교육과학기술부,0,38000000017,70121698024,38000000017,0,38000000017,38000000017
,0,0,0,재산수입,원자력기금,2009,교육과학기술부,0,0,0,0,0,0,0
,0,0,0,경상이전수입,원자력기금,2009,교육과학기술부,0,0,0,0,0,0,0
,0,0,0,재산수입,국가장학기금,2009,교육과학기술부,0,0,0,0,0,0,0
,0,0,0,경상이전수입,국가장학기금,2009,교육과학기술부,0,0,0,0,0,0,0
,0,0,0,재화및용역판매수입,국가장학기금,2009,교육과학기술부,0,0,0,0,0,0,0
,0,0,0,융자회수금,국가장학기금,2009,교육과학기술부,0,0,0,0,0,0,0
,0,0,0,예금및예탁금,국가장학기금,2009,교육과학기술부,0,0,4.46827E+11,0,0,0,0
학자금대출신용보증계정,0,0,0,재산수입,국가장학기금,2009,교육과학기술부,0,0,0,0,0,0,0
학자금대출신용보증계정,0,0,0,경상이전수입,국가장학기금,2009,교육과학기술부,0,0,0,0,0,0,0
학자금대출신용보증계정,0,0,0,재화및용역판매수입,국가장학기금,2009,교육과학기술부,0,0,0,0,0,0,0
학자금대출신용보증계정,4.46827E+11,0,4.46827E+11,예금및예탁금,국가장학기금,2009,교육과학기술부,0,4.96834E+11,0,50006725510,0,50006725510,4.96834E+11
학자금지원계정,0,0,0,융자회수금,국가장학기금,2009,교육과학기술부,0,1.16104E+12,0,1.16104E+12,0,1.16104E+12,1.16104E+12
학자금지원계정,0,0,0,예금및예탁금,국가장학기금,2009,교육과학기술부,0,80000000000,0,80000000000,0,80000000000,80000000000
,8542540,8542540,0,재산수입,일반회계,2009,행정안전부,10361180,7317000,8542540,9135640,1818640,7317000,17678180
,146953310,146953310,0,경상이전수입,일반회계,2009,행정안전부,180981280,18848610,212399490,52876580,34027970,18848610,199829890
,19015220,19015220,0,재화및용역판매수입,일반회계,2009,행정안전부,19111240,0,19085220,96020,96020,0,19111240
,0,0,0,관유물매각대,일반회계,2009,행정안전부,0,0,0,0,0,0,0
,8.09891E+11,0,8.09891E+11,융자회수금,일반회계,2009,행정안전부,0,8.09891E+11,8.09891E+11,0,0,0,8.09891E+11
,2709447700,1285477700,1423970000,기타수입,일반회계,2009,행정안전부,1285477700,1423970000,2709447700,0,0,0,2709447700
지역혁신사업계정,0,0,0,재산수입,국가균형발전특별회계,2009,행정안전부,0,0,0,0,0,0,0
지역혁신사업계정,0,0,0,경상이전수입,국가균형발전특별회계,2009,행정안전부,0,0,0,0,0,0,0
,255433930,253333930,2100000,재산수입,일반회계,2009,문화체육관광부,298872460,34914440,530411850,78352970,45538530,32814440,333786900
,18296172350,18271172350,25000000,경상이전수입,일반회계,2009,문화체육관광부,19651409140,67637010,18979509210,1422873800,1380236790,42637010,19719046150
,70435900,70435900,0,재화및용역판매수입,일반회계,2009,문화체육관광부,336540630,848220,64455020,266952950,266104730,848220,337388850
,0,0,0,관유물매각대,일반회계,2009,문화체육관광부,0,0,0,0,0,0,0
,8118700000,0,8118700000,융자회수금,일반회계,2009,문화체육관광부,0,8118700000,23937460000,0,0,0,8118700000
,46327930,0,46327930,기타수입,일반회계,2009,문화체육관광부,0,46327930,113539810,0,0,0,46327930
,50468539,0,50468539,예금및예탁금,일반회계,2009,문화체육관광부,0,1753758810,97544928899,1703290271,0,1703290271,1753758810
지역개발사업계정,0,0,0,재산수입,국가균형발전특별회계,2009,문화체육관광부,1736000,0,51699570,1736000,1736000,0,1736000
지역개발사업계정,0,0,0,경상이전수입,국가균형발전특별회계,2009,문화체육관광부,200000000,0,1718683100,200000000,200000000,0,200000000
,0,0,0,재산수입,아시아문화중심도시조성특별회계,2009,문화체육관광부,0,7436910,0,7436910,0,7436910,7436910
,0,0,0,경상이전수입,아시아문화중심도시조성특별회계,2009,문화체육관광부,0,62665450,0,62665450,0,62665450,62665450
손익계정,0,0,0,재산수입,국립중앙극장,2009,문화체육관광부,0,0,2488000,0,0,0,0
손익계정,0,0,0,경상이전수입,국립중앙극장,2009,문화체육관광부,0,0,574820,0,0,0,0
손익계정,0,0,0,재화및용역판매수입,국립중앙극장,2009,문화체육관광부,0,0,384462650,0,0,0,0
손익계정,0,0,0,기타수입,국립중앙극장,2009,문화체육관광부,0,0,4273500,0,0,0,0
,2675990,2675990,0,재산수입,관광진흥개발기금,2009,문화체육관광부,26364220,9060,2856297630,23697290,23688230,9060,26373280
,32381370,32381370,0,경상이전수입,관광진흥개발기금,2009,문화체육관광부,171973340,0,373482740,139591970,139591970,0,171973340
,9.61317E+11,0,9.61317E+11,융자회수금,관광진흥개발기금,2009,문화체육관광부,0,1.1505E+12,1.11832E+12,1.89186E+11,0,1.89186E+11,1.1505E+12
,302757240,0,302757240,기타수입,관광진흥개발기금,2009,문화체육관광부,0,302757240,302757240,0,0,0,302757240
,27270831554,0,27270831554,예금및예탁금,관광진흥개발기금,2009,문화체육관광부,0,75444516888,34116155010,48173685334,0,48173685334,75444516888
,0,0,0,재산수입,지역신문발전기금,2009,문화체육관광부,0,0,0,0,0,0,0
,0,0,0,경상이전수입,지역신문발전기금,2009,문화체육관광부,0,0,9403640,0,0,0,0
,3049640000,0,3049640000,융자회수금,지역신문발전기금,2009,문화체육관광부,0,5849640000,3220000000,2800000000,0,2800000000,5849640000
,63340060,0,63340060,예금및예탁금,지역신문발전기금,2009,문화체육관광부,0,35850340060,42353919380,35787000000,0,35787000000,35850340060
,345797710,344891320,906390,재산수입,일반회계,2009,농림수산식품부,407538360,81990140,454569850,143730790,62647040,81083750,489528500
,147081560,136538570,10542990,경상이전수입,일반회계,2009,농림수산식품부,277962700,191093430,226045760,321974570,141424130,180550440,469056130
,14950,14950,0,재화및용역판매수입,일반회계,2009,농림수산식품부,14950,0,36950,0,0,0,14950
,0,0,0,관유물매각대,일반회계,2009,농림수산식품부,0,101343100,22486050,101343100,0,101343100,101343100
,360000,0,360000,기타수입,일반회계,2009,농림수산식품부,0,360000,412910000,0,0,0,360000
구조개선사업계정,0,0,0,재산수입,농어촌구조개선특별회계,2009,농림수산식품부,1217200,32280,0,1249480,1217200,32280,1249480
구조개선사업계정,920443320,920443320,0,경상이전수입,농어촌구조개선특별회계,2009,농림수산식품부,1029046360,436839780,1000131670,545442820,108603040,436839780,1465886140
구조개선사업계정,0,0,0,재화및용역판매수입,농어촌구조개선특별회계,2009,농림수산식품부,0,0,0,0,0,0,0
구조개선사업계정,0,0,0,관유물매각대,농어촌구조개선특별회계,2009,농림수산식품부,23000,0,0,23000,23000,0,23000
구조개선사업계정,1.96721E+12,0,1.96721E+12,융자회수금,농어촌구조개선특별회계,2009,농림수산식품부,0,2.06318E+12,2.38668E+12,95968585000,0,95968585000,2.06318E+12
농어촌특별세사업계정,0,0,0,농어촌특별세,농어촌구조개선특별회계,2009,농림수산식품부,0,0,0,0,0,0,0
농어촌특별세사업계정,0,0,0,재산수입,농어촌구조개선특별회계,2009,농림수산식품부,0,0,0,0,0,0,0
농어촌특별세사업계정,0,0,0,경상이전수입,농어촌구조개선특별회계,2009,농림수산식품부,8957500,77660400,108940840,86617900,8957500,77660400,86617900
농어촌특별세사업계정,0,0,0,재화및용역판매수입,농어촌구조개선특별회계,2009,농림수산식품부,0,0,194083400,0,0,0,0
농어촌특별세사업계정,1.10511E+11,0,1.10511E+11,융자회수금,농어촌구조개선특별회계,2009,농림수산식품부,0,1.28511E+11,1.38867E+11,18000000000,0,18000000000,1.28511E+11
지역개발사업계정,0,0,0,재산수입,국가균형발전특별회계,2009,농림수산식품부,0,0,0,0,0,0,0
지역개발사업계정,0,0,0,경상이전수입,국가균형발전특별회계,2009,농림수산식품부,0,520000000,0,520000000,0,520000000,520000000
,0,0,0,재산수입,혁신도시건설특별회계,2009,농림수산식품부,0,0,0,0,0,0,0
,0,0,0,관유물매각대,혁신도시건설특별회계,2009,농림수산식품부,0,0,0,0,0,0,0
손익계정,0,0,0,경상이전수입,양곡관리특별회계,2009,농림수산식품부,0,0,0,0,0,0,0
손익계정,0,0,0,재화및용역판매수입,양곡관리특별회계,2009,농림수산식품부,0,0,0,0,0,0,0
손익계정,123643750,123643750,0,관유물매각대,양곡관리특별회계,2009,농림수산식품부,123643750,4800,137542350,4800,0,4800,123648550
,0,0,0,예금및예탁금,양곡증권정리기금,2009,농림수산식품부,0,0,0,0,0,0,0
,0,0,0,재산수입,농산물가격안정기금,2009,농림수산식품부,0,0,0,0,0,0,0
,0,0,0,경상이전수입,농산물가격안정기금,2009,농림수산식품부,0,0,0,0,0,0,0
,0,0,0,재화및용역판매수입,농산물가격안정기금,2009,농림수산식품부,0,0,0,0,0,0,0
,0,0,0,관유물매각대,농산물가격안정기금,2009,농림수산식품부,0,0,0,0,0,0,0
,1.86969E+12,0,1.86969E+12,융자회수금,농산물가격안정기금,2009,농림수산식품부,0,3.18904E+12,3.12948E+12,1.31935E+12,0,1.31935E+12,3.18904E+12
,0,0,0,기타수입,농산물가격안정기금,2009,농림수산식품부,0,0,0,0,0,0,0
,0,0,0,예금및예탁금,농산물가격안정기금,2009,농림수산식품부,0,3.79264E+11,3.97505E+11,3.79264E+11,0,3.79264E+11,3.79264E+11
,2108439161,2108439161,0,재산수입,농지관리기금,2009,농림수산식품부,2108439161,11826845079,11823056470,11826845079,0,11826845079,13935284240
,1.49152E+11,34499943940,1.14652E+11,경상이전수입,농지관리기금,2009,농림수산식품부,82912902900,2.65E+11,2.77426E+11,1.9876E+11,48412958960,1.50347E+11,3.47912E+11
,4309629750,4309629750,0,관유물매각대,농지관리기금,2009,농림수산식품부,4309629750,21790534151,1.45843E+11,21790534151,0,21790534151,26100163901
,2.3394E+12,0,2.3394E+12,융자회수금,농지관리기금,2009,농림수산식품부,0,2.78159E+12,2.68669E+12,4.42184E+11,0,4.42184E+11,2.78159E+12
,0,0,0,예금및예탁금,농지관리기금,2009,농림수산식품부,0,1.21897E+12,1.08988E+12,1.21897E+12,0,1.21897E+12,1.21897E+12
,0,0,0,재산수입,수산발전기금,2009,농림수산식품부,0,0,64334450,0,0,0,0
,1496669030,705775530,790893500,경상이전수입,수산발전기금,2009,농림수산식품부,3463324350,1481893500,4528995530,3448548820,2757548820,691000000,4945217850
,0,0,0,재화및용역판매수입,수산발전기금,2009,농림수산식품부,0,0,3068928000,0,0,0,0
,0,0,0,관유물매각대,수산발전기금,2009,농림수산식품부,0,0,0,0,0,0,0
,2.51892E+11,0,2.51892E+11,융자회수금,수산발전기금,2009,농림수산식품부,0,7.28933E+11,6.92029E+11,4.77041E+11,0,4.77041E+11,7.28933E+11
,1219531306,0,1219531306,예금및예탁금,수산발전기금,2009,농림수산식품부,0,21219531306,41162054660,20000000000,0,20000000000,21219531306
,0,0,0,재산수입,축산발전기금,2009,농림수산식품부,0,0,0,0,0,0,0
,0,0,0,경상이전수입,축산발전기금,2009,농림수산식품부,0,0,0,0,0,0,0
,0,0,0,관유물매각대,축산발전기금,2009,농림수산식품부,0,0,0,0,0,0,0
,1.33802E+12,0,1.33802E+12,융자회수금,축산발전기금,2009,농림수산식품부,0,1.6613E+12,1.72447E+12,3.23275E+11,0,3.23275E+11,1.6613E+12
,0,0,0,예금및예탁금,축산발전기금,2009,농림수산식품부,0,46000000,1.0153E+11,46000000,0,46000000,46000000
,0,0,0,재산수입,농업소득보전직접지불기금,2009,농림수산식품부,0,0,0,0,0,0,0
,0,0,0,경상이전수입,농업소득보전직접지불기금,2009,농림수산식품부,0,0,0,0,0,0,0
,0,0,0,예금및예탁금,농업소득보전직접지불기금,2009,농림수산식품부,0,5554289420,30900000000,5554289420,0,5554289420,5554289420
,0,0,0,재산수입,자유무역협정이행지원기금,2009,농림수산식품부,0,0,0,0,0,0,0
,0,0,0,경상이전수입,자유무역협정이행지원기금,2009,농림수산식품부,0,0,705742500,0,0,0,0
,0,0,0,관유물매각대,자유무역협정이행지원기금,2009,농림수산식품부,0,0,0,0,0,0,0
,1.74768E+11,0,1.74768E+11,융자회수금,자유무역협정이행지원기금,2009,농림수산식품부,0,3.1376E+11,1.94641E+11,1.38992E+11,0,1.38992E+11,3.1376E+11
,0,0,0,기타수입,자유무역협정이행지원기금,2009,농림수산식품부,0,0,680652,0,0,0,0
,0,0,0,예금및예탁금,자유무역협정이행지원기금,2009,농림수산식품부,0,1.2E+11,77886891839,1.2E+11,0,1.2E+11,1.2E+11
,0,0,0,재산수입,농작물재해재보험기금,2009,농림수산식품부,0,0,0,0,0,0,0
,0,0,0,경상이전수입,농작물재해재보험기금,2009,농림수산식품부,0,0,0,0,0,0,0
,0,0,0,재화및용역판매수입,농작물재해재보험기금,2009,농림수산식품부,0,0,0,0,0,0,0
,0,0,0,예금및예탁금,농작물재해재보험기금,2009,농림수산식품부,0,97273359410,82768357850,97273359410,0,97273359410,97273359410
,0,0,0,재산수입,양식수산물재해재보험기금,2009,농림수산식품부,0,0,0,0,0,0,0
,0,0,0,재화및용역판매수입,양식수산물재해재보험기금,2009,농림수산식품부,0,0,0,0,0,0,0
,0,0,0,예금및예탁금,양식수산물재해재보험기금,2009,농림수산식품부,0,4976346880,0,4976346880,0,4976346880,4976346880
,39620490,39620490,0,재산수입,일반회계,2009,지식경제부,97796750,0,69144720,58176260,58176260,0,97796750
,110202850,110202850,0,경상이전수입,일반회계,2009,지식경제부,353465270,0,134136580,243262420,243262420,0,353465270
,12721710,12721710,0,재화및용역판매수입,일반회계,2009,지식경제부,28873810,0,23915920,16152100,16152100,0,28873810
,613154880,613154880,0,관유물매각대,일반회계,2009,지식경제부,1226309760,0,947137500,613154880,613154880,0,1226309760
투자계정,0,0,0,재산수입,에너지및자원사업특별회계,2009,지식경제부,15664170,0,0,15664170,15664170,0,15664170
투자계정,1979465670,1979465670,0,경상이전수입,에너지및자원사업특별회계,2009,지식경제부,3997995280,8809131660,9096708520,10827661270,2018529610,8809131660,12807126940
융자계정,6.98281E+12,8363255616,6.97444E+12,융자회수금,에너지및자원사업특별회계,2009,지식경제부,8363255616,8.05349E+12,8.01741E+12,1.07905E+12,0,1.07905E+12,8.06185E+12
융자계정,0,0,0,예금및예탁금,에너지및자원사업특별회계,2009,지식경제부,0,0,6.36858E+11,0,0,0,0
,0,0,0,경상이전수입,우체국보험특별회계,2009,지식경제부,0,0,0,0,0,0,0
지역개발사업계정,0,0,0,경상이전수입,국가균형발전특별회계,2009,지식경제부,0,0,0,0,0,0,0
지역혁신사업계정,0,0,0,재산수입,국가균형발전특별회계,2009,지식경제부,0,0,0,0,0,0,0
지역혁신사업계정,0,0,0,경상이전수입,국가균형발전특별회계,2009,지식경제부,0,0,0,0,0,0,0
제주특별자치도계정,0,0,0,재산수입,국가균형발전특별회계,2009,지식경제부,0,0,0,0,0,0,0
제주특별자치도계정,0,0,0,경상이전수입,국가균형발전특별회계,2009,지식경제부,0,0,0,0,0,0,0
,0,0,0,재산수입,혁신도시건설특별회계,2009,지식경제부,0,0,0,0,0,0,0
,0,0,0,경상이전수입,혁신도시건설특별회계,2009,지식경제부,0,0,0,0,0,0,0
자본계정,284370880,284370880,0,관유물매각대,우편사업특별회계,2009,지식경제부,284370880,15415000,285070880,15415000,0,15415000,299785880
자본계정,93977949919,0,93977949919,융자회수금,우편사업특별회계,2009,지식경제부,0,1.06839E+11,93977949919,12861000000,0,12861000000,1.06839E+11
자본계정,2336000,0,2336000,기타수입,우편사업특별회계,2009,지식경제부,0,2336000,2546000,0,0,0,2336000
손익계정,185362000,185362000,0,재산수입,우편사업특별회계,2009,지식경제부,412762360,786764570,854330190,1014164930,227400360,786764570,1199526930
손익계정,531586160,531586160,0,경상이전수입,우편사업특별회계,2009,지식경제부,1231715840,257664190,1874732600,957793870,700129680,257664190,1489380030
자본계정,0,0,0,경상이전수입,우체국예금특별회계,2009,지식경제부,0,0,0,0,0,0,0
손익계정,0,0,0,재산수입,우체국예금특별회계,2009,지식경제부,0,0,0,0,0,0,0
손익계정,8053188720,8053188720,0,경상이전수입,우체국예금특별회계,2009,지식경제부,8174007050,0,8251503810,120818330,120818330,0,8174007050
,0,0,0,재산수입,정보통신진흥기금,2009,지식경제부,0,0,0,0,0,0,0
,1049318520,1049318520,0,경상이전수입,정보통신진흥기금,2009,지식경제부,3636255440,0,9.04396E+11,2586936920,2586936920,0,3636255440
,3.33283E+11,0,3.33283E+11,융자회수금,정보통신진흥기금,2009,지식경제부,0,3.99193E+11,5.38025E+11,65910488000,0,65910488000,3.99193E+11
,0,0,0,예금및예탁금,정보통신진흥기금,2009,지식경제부,0,1.65877E+11,2.56472E+11,1.65877E+11,0,1.65877E+11,1.65877E+11
,0,0,0,경상이전수입,전력산업기반기금,2009,지식경제부,77878301380,2.32369E+11,2.27836E+11,3.10247E+11,77878301380,2.32369E+11,3.10247E+11
,7.63045E+11,0,7.63045E+11,융자회수금,전력산업기반기금,2009,지식경제부,0,8.60786E+11,8.80697E+11,97741436200,0,97741436200,8.60786E+11
,0,0,0,예금및예탁금,전력산업기반기금,2009,지식경제부,0,1.27E+11,0,1.27E+11,0,1.27E+11,1.27E+11
,0,0,0,재산수입,방사성폐기물관리기금,2009,지식경제부,0,0,0,0,0,0,0
,0,0,0,경상이전수입,방사성폐기물관리기금,2009,지식경제부,0,0,0,0,0,0,0
,0,0,0,재화및용역판매수입,방사성폐기물관리기금,2009,지식경제부,0,0,0,0,0,0,0
,0,0,0,예금및예탁금,방사성폐기물관리기금,2009,지식경제부,0,62965160000,0,62965160000,0,62965160000,62965160000
,20504937730,20504937730,0,재산수입,일반회계,2009,보건복지부,20661117100,438660,22054541270,156618030,156179370,438660,20661555760
,1521127040,1511999960,9127080,경상이전수입,일반회계,2009,보건복지부,1.02674E+11,342785070,56975220150,1.01496E+11,1.01162E+11,333657990,1.03017E+11
,0,0,0,재화및용역판매수입,일반회계,2009,보건복지부,0,0,0,0,0,0,0
,0,0,0,관유물매각대,일반회계,2009,보건복지부,0,0,0,0,0,0,0
,60712969760,52599978560,8112991200,융자회수금,일반회계,2009,보건복지부,52599978560,8112991200,68637890950,0,0,0,60712969760
투자계정,5962462460,5947237030,15225430,경상이전수입,에너지및자원사업특별회계,2009,보건복지부,6413224750,62713340,8400642490,513475630,465987720,47487910,6475938090
손익계정,0,0,0,재산수입,국립재활원,2009,보건복지부,0,41333250,6396240,41333250,0,41333250,41333250
손익계정,0,0,0,경상이전수입,국립재활원,2009,보건복지부,0,0,0,0,0,0,0
손익계정,4975850,4975850,0,재화및용역판매수입,국립재활원,2009,보건복지부,5830560,20817050,27306240,21671760,854710,20817050,26647610
손익계정,0,0,0,관유물매각대,국립재활원,2009,보건복지부,0,0,0,0,0,0,0
손익계정,0,0,0,재산수입,국립목포병원,2009,보건복지부,0,0,0,0,0,0,0
손익계정,557960,557960,0,경상이전수입,국립목포병원,2009,보건복지부,557960,0,557960,0,0,0,557960
손익계정,0,0,0,재화및용역판매수입,국립목포병원,2009,보건복지부,11000,57600,849470,68600,11000,57600,68600
손익계정,0,0,0,관유물매각대,국립목포병원,2009,보건복지부,0,0,0,0,0,0,0
손익계정,0,0,0,재산수입,국립마산병원,2009,보건복지부,0,0,0,0,0,0,0
손익계정,0,0,0,경상이전수입,국립마산병원,2009,보건복지부,0,0,0,0,0,0,0
손익계정,0,0,0,재화및용역판매수입,국립마산병원,2009,보건복지부,0,0,0,0,0,0,0
손익계정,0,0,0,재산수입,국립정신건강센터,2009,보건복지부,0,0,0,0,0,0,0
손익계정,0,0,0,경상이전수입,국립정신건강센터,2009,보건복지부,0,0,0,0,0,0,0
손익계정,0,0,0,재화및용역판매수입,국립정신건강센터,2009,보건복지부,0,0,0,0,0,0,0
손익계정,0,0,0,관유물매각대,국립정신건강센터,2009,보건복지부,0,0,0,0,0,0,0
손익계정,0,0,0,재산수입,국립나주병원,2009,보건복지부,0,0,0,0,0,0,0
손익계정,0,0,0,경상이전수입,국립나주병원,2009,보건복지부,0,0,0,0,0,0,0
손익계정,0,0,0,재화및용역판매수입,국립나주병원,2009,보건복지부,0,0,0,0,0,0,0
손익계정,0,0,0,관유물매각대,국립나주병원,2009,보건복지부,0,0,0,0,0,0,0
손익계정,0,0,0,재산수입,국립부곡병원,2009,보건복지부,0,0,0,0,0,0,0
손익계정,0,0,0,경상이전수입,국립부곡병원,2009,보건복지부,0,0,0,0,0,0,0
손익계정,0,0,0,재화및용역판매수입,국립부곡병원,2009,보건복지부,0,0,0,0,0,0,0
손익계정,0,0,0,재산수입,국립춘천병원,2009,보건복지부,0,0,0,0,0,0,0
손익계정,0,0,0,경상이전수입,국립춘천병원,2009,보건복지부,0,0,0,0,0,0,0
손익계정,0,0,0,재화및용역판매수입,국립춘천병원,2009,보건복지부,0,0,0,0,0,0,0
손익계정,0,0,0,재산수입,국립공주병원,2009,보건복지부,0,0,0,0,0,0,0
손익계정,0,0,0,경상이전수입,국립공주병원,2009,보건복지부,0,0,0,0,0,0,0
손익계정,0,0,0,재화및용역판매수입,국립공주병원,2009,보건복지부,0,0,0,0,0,0,0
손익계정,0,0,0,관유물매각대,국립공주병원,2009,보건복지부,0,0,0,0,0,0,0
손익계정,24095000,24095000,0,재산수입,국립의료원,2009,보건복지부,43135640,0,182584000,19040640,19040640,0,43135640
손익계정,0,0,0,경상이전수입,국립의료원,2009,보건복지부,4155670,0,0,4155670,4155670,0,4155670
손익계정,2245682349,2070970599,174711750,재화및용역판매수입,국립의료원,2009,보건복지부,8865569729,389523630,8093231649,7009411010,6794599130,214811880,9255093359
손익계정,1877643560,0,1877643560,융자회수금,국립의료원,2009,보건복지부,0,1910749560,1877643560,33106000,0,33106000,1910749560
,1.94671E+12,0,1.94671E+12,융자회수금,국민연금기금,2009,보건복지부,0,2.62774E+12,2.13456E+12,6.81029E+11,0,6.81029E+11,2.62774E+12
,1.66127E+12,0,1.66127E+12,예금및예탁금,국민연금기금,2009,보건복지부,0,6.30432E+12,4.88076E+12,4.64305E+12,0,4.64305E+12,6.30432E+12
,0,0,0,재산수입,국민건강증진기금,2009,보건복지부,145590,1737570,0,1883160,145590,1737570,1883160
,3222435310,3208492520,13942790,경상이전수입,국민건강증진기금,2009,보건복지부,5273009780,44956780,8136413470,2095531250,2064517260,31013990,5317966560
,0,0,0,예금및예탁금,국민건강증진기금,2009,보건복지부,0,0,2.243E+11,0,0,0,0
,0,0,0,재산수입,응급의료기금,2009,보건복지부,116940,0,0,116940,116940,0,116940
,0,0,0,경상이전수입,응급의료기금,2009,보건복지부,548983730,0,188521960,548983730,548983730,0,548983730
,39237000000,0,39237000000,융자회수금,응급의료기금,2009,보건복지부,0,45407000000,40037000000,6170000000,0,6170000000,45407000000
,12825227904,0,12825227904,예금및예탁금,응급의료기금,2009,보건복지부,0,12825227904,12745064080,0,0,0,12825227904
,0,0,0,재산수입,일반회계,2009,여성가족부,0,0,34620,0,0,0,0
,1060060,1060060,0,경상이전수입,일반회계,2009,여성가족부,229586660,0,278230370,228526600,228526600,0,229586660
,0,0,0,재화및용역판매수입,일반회계,2009,여성가족부,0,0,0,0,0,0,0
,0,0,0,재산수입,양성평등기금,2009,여성가족부,282960,0,0,282960,282960,0,282960
,0,0,0,경상이전수입,양성평등기금,2009,여성가족부,358742920,0,1276819820,358742920,358742920,0,358742920
,2571339010,27109450,2544229560,융자회수금,양성평등기금,2009,여성가족부,27109450,2544229560,4926070970,0,0,0,2571339010
,0,0,0,예금및예탁금,양성평등기금,2009,여성가족부,0,8500000000,7055215810,8500000000,0,8500000000,8500000000
,1083070250,1081548980,1521270,재산수입,일반회계,2009,국토해양부,2041519750,374525180,2260342510,1332974680,959970770,373003910,2416044930
,2164714510,2146410680,18303830,경상이전수입,일반회계,2009,국토해양부,2451996290,138309400,3697859530,425591180,305585610,120005570,2590305690
,38808570,38808570,0,재화및용역판매수입,일반회계,2009,국토해양부,130851890,12095960,79567520,104139280,92043320,12095960,142947850
,0,0,0,관유물매각대,일반회계,2009,국토해양부,504700,2338887000,50577800,2339391700,504700,2338887000,2339391700
,119795800,0,119795800,기타수입,일반회계,2009,국토해양부,0,119795800,119795800,0,0,0,119795800
도로계정,6139596950,6133349290,6247660,재산수입,교통시설특별회계,2009,국토해양부,8123415740,28766960,6995832280,2012585750,1990066450,22519300,8152182700
도로계정,914581230,914581230,0,경상이전수입,교통시설특별회계,2009,국토해양부,1060422590,30496750,1140109290,176338110,145841360,30496750,1090919340
도로계정,119070030,119070030,0,재화및용역판매수입,교통시설특별회계,2009,국토해양부,119620030,0,146646540,550000,550000,0,119620030
도로계정,0,0,0,관유물매각대,교통시설특별회계,2009,국토해양부,297784770,0,26754000,297784770,297784770,0,297784770
도로계정,5.5476E+11,0,5.5476E+11,융자회수금,교통시설특별회계,2009,국토해양부,0,5.5476E+11,6.3578E+11,0,0,0,5.5476E+11
철도계정,3755349590,3755349590,0,재산수입,교통시설특별회계,2009,국토해양부,3755349590,290241130,4397909310,290241130,0,290241130,4045590720
철도계정,7612878270,7612878270,0,경상이전수입,교통시설특별회계,2009,국토해양부,7695994670,1007530,14369256560,84123930,83116400,1007530,7697002200
철도계정,0,0,0,재화및용역판매수입,교통시설특별회계,2009,국토해양부,0,0,0,0,0,0,0
철도계정,0,0,0,관유물매각대,교통시설특별회계,2009,국토해양부,0,2671976300,961051220,2671976300,0,2671976300,2671976300
철도계정,1.3017E+12,0,1.3017E+12,융자회수금,교통시설특별회계,2009,국토해양부,0,1.3017E+12,1.37968E+12,0,0,0,1.3017E+12
공항계정,12600,0,12600,재산수입,교통시설특별회계,2009,국토해양부,0,39910,63030,27310,0,27310,39910
공항계정,61694540,61353580,340960,경상이전수입,교통시설특별회계,2009,국토해양부,65743030,1558730,78095540,5607220,4389450,1217770,67301760
공항계정,0,0,0,재화및용역판매수입,교통시설특별회계,2009,국토해양부,0,0,4089000,0,0,0,0
공항계정,0,0,0,관유물매각대,교통시설특별회계,2009,국토해양부,0,0,0,0,0,0,0
공항계정,0,0,0,기타수입,교통시설특별회계,2009,국토해양부,0,0,7074806620,0,0,0,0
항만계정,979273640,979273640,0,재산수입,교통시설특별회계,2009,국토해양부,993999770,329202410,992911650,343928540,14726130,329202410,1323202180
항만계정,2545038550,2545037080,1470,경상이전수입,교통시설특별회계,2009,국토해양부,2751943350,29265290,3113757390,236170090,206906270,29263820,2781208640
항만계정,8650503040,8650503040,0,재화및용역판매수입,교통시설특별회계,2009,국토해양부,11450022610,4045355150,16558939440,6844874720,2799519570,4045355150,15495377760
항만계정,0,0,0,관유물매각대,교통시설특별회계,2009,국토해양부,20012400,2045523150,0,2065535550,20012400,2045523150,2065535550
항만계정,3.56178E+11,0,3.56178E+11,융자회수금,교통시설특별회계,2009,국토해양부,0,3.56178E+11,3.81778E+11,0,0,0,3.56178E+11
광역교통시설계정,51200969710,46858049110,4342920600,경상이전수입,교통시설특별회계,2009,국토해양부,64914452490,29592010200,70035330790,43305492980,18056403380,25249089600,94506462690
광역교통시설계정,7079520,7079520,0,재화및용역판매수입,교통시설특별회계,2009,국토해양부,7079520,0,7079520,0,0,0,7079520
교통체계관리계정,0,0,0,재산수입,교통시설특별회계,2009,국토해양부,0,0,0,0,0,0,0
교통체계관리계정,0,0,0,경상이전수입,교통시설특별회계,2009,국토해양부,0,25619000000,0,25619000000,0,25619000000,25619000000
교통체계관리계정,1.89946E+11,0,1.89946E+11,융자회수금,교통시설특별회계,2009,국토해양부,0,1.89946E+11,2.35592E+11,0,0,0,1.89946E+11
지역개발사업계정,128987050,122987050,6000000,재산수입,국가균형발전특별회계,2009,국토해양부,128427290,37200000,147364060,36640240,5440240,31200000,165627290
지역개발사업계정,3.50893E+11,1.84769E+11,1.66124E+11,경상이전수입,국가균형발전특별회계,2009,국토해양부,2.25575E+11,4.78757E+11,5.38826E+11,3.53438E+11,40806005000,3.12632E+11,7.04331E+11
지역개발사업계정,3006790,3006790,0,재화및용역판매수입,국가균형발전특별회계,2009,국토해양부,10917630,67920,4271130,7978760,7910840,67920,10985550
지역개발사업계정,32203970,32203970,0,관유물매각대,국가균형발전특별회계,2009,국토해양부,32203970,0,44126270,0,0,0,32203970
지역개발사업계정,18339724580,0,18339724580,융자회수금,국가균형발전특별회계,2009,국토해양부,0,18339724580,32570030921,0,0,0,18339724580
지역혁신사업계정,27590,27590,0,재산수입,국가균형발전특별회계,2009,국토해양부,27590,0,1112930,0,0,0,27590
지역혁신사업계정,12910291830,12898011550,12280280,경상이전수입,국가균형발전특별회계,2009,국토해양부,13411370580,120595380,16989761430,621674130,513359030,108315100,13531965960
지역혁신사업계정,6754520,6754520,0,재화및용역판매수입,국가균형발전특별회계,2009,국토해양부,6807470,16980,6848290,69930,52950,16980,6824450
자본계정,0,0,0,경상이전수입,대산지방해양수산청,2009,국토해양부,513530,0,0,513530,513530,0,513530
자본계정,0,0,0,관유물매각대,대산지방해양수산청,2009,국토해양부,21300000,0,0,21300000,21300000,0,21300000
손익계정,36044480,36044480,0,재산수입,대산지방해양수산청,2009,국토해양부,36044480,463030,37935780,463030,0,463030,36507510
손익계정,31671240,31671240,0,경상이전수입,대산지방해양수산청,2009,국토해양부,38996840,8355240,33069760,15680840,7325600,8355240,47352080
손익계정,28757410,28757410,0,재화및용역판매수입,대산지방해양수산청,2009,국토해양부,81532070,613009170,523370530,665783830,52774660,613009170,694541240
,0,0,0,경상이전수입,주택도시기금,2009,국토해양부,0,0,61452855265,0,0,0,0
,0,0,0,재화및용역판매수입,주택도시기금,2009,국토해양부,0,40682961308,0,40682961308,0,40682961308,40682961308
,0,0,0,관유물매각대,주택도시기금,2009,국토해양부,0,0,21572765,0,0,0,0
,5.63363E+13,4.65893E+11,5.58704E+13,융자회수금,주택도시기금,2009,국토해양부,4.65904E+11,6.76953E+13,6.3402E+13,1.18249E+13,11270233,1.18249E+13,6.81612E+13
,0,0,0,기타수입,주택도시기금,2009,국토해양부,0,0,1572268920,0,0,0,0
,0,0,0,예금및예탁금,주택도시기금,2009,국토해양부,0,2.42184E+12,5.91275E+11,2.42184E+12,0,2.42184E+12,2.42184E+12
,0,0,0,재산수입,일반회계,2009,방송통신위원회,0,0,0,0,0,0,0
,35460780,35460780,0,경상이전수입,일반회계,2009,방송통신위원회,1024857980,34473020,37841850,1023870220,989397200,34473020,1059331000
,11535089660,11535089660,0,재화및용역판매수입,일반회계,2009,방송통신위원회,11833729990,2359400,12074254850,300999730,298640330,2359400,11836089390
,0,0,0,관유물매각대,일반회계,2009,방송통신위원회,0,0,0,0,0,0,0
,7392480000,0,7392480000,융자회수금,일반회계,2009,방송통신위원회,0,7392480000,67769747000,0,0,0,7392480000
,42118910,0,42118910,기타수입,일반회계,2009,방송통신위원회,0,42118910,42118910,0,0,0,42118910
,0,0,0,재산수입,방송통신발전기금,2009,방송통신위원회,0,0,0,0,0,0,0
,0,0,0,경상이전수입,방송통신발전기금,2009,방송통신위원회,22500000,24482711800,20484167550,24505211800,22500000,24482711800,24505211800
,0,0,0,재화및용역판매수입,방송통신발전기금,2009,방송통신위원회,0,0,0,0,0,0,0
,28904070000,0,28904070000,융자회수금,방송통신발전기금,2009,방송통신위원회,0,47672070000,40554536000,18768000000,0,18768000000,47672070000
,36000000000,0,36000000000,예금및예탁금,방송통신발전기금,2009,방송통신위원회,0,2.2058E+11,1.216E+11,1.8458E+11,0,1.8458E+11,2.2058E+11
,0,0,0,재산수입,일반회계,2009,금융위원회,0,0,0,0,0,0,0
,0,0,0,경상이전수입,일반회계,2009,금융위원회,0,73061490,0,73061490,0,73061490,73061490
,4734234050,0,4734234050,융자회수금,일반회계,2009,금융위원회,0,4734234050,0,0,0,0,4734234050
,0,0,0,재산수입,농어가목돈마련저축장려기금,2009,금융위원회,0,0,0,0,0,0,0
,0,0,0,경상이전수입,농어가목돈마련저축장려기금,2009,금융위원회,0,0,0,0,0,0,0
,0,0,0,예금및예탁금,농어가목돈마련저축장려기금,2009,금융위원회,0,27030000000,36570000000,27030000000,0,27030000000,27030000000
,0,0,0,재산수입,공적자금상환기금,2009,금융위원회,0,0,0,0,0,0,0
,0,0,0,예금및예탁금,공적자금상환기금,2009,금융위원회,0,7300000000,76100000000,7300000000,0,7300000000,7300000000
,0,0,0,경상이전수입,일반회계,2009,국민권익위원회,0,0,0,0,0,0,0
,0,0,0,재화및용역판매수입,일반회계,2009,국민권익위원회,0,0,0,0,0,0,0
,0,0,0,재산수입,일반회계,2010,감사원,0,0,0,0,0,0,0
,206801650,206801650,0,경상이전수입,일반회계,2010,감사원,217619760,10414690,206801650,21232800,10818110,10414690,228034450
,0,0,0,재화및용역판매수입,일반회계,2010,감사원,0,0,0,0,0,0,0
,535244800,0,535244800,기타수입,일반회계,2010,감사원,0,763574800,690224800,228330000,0,228330000,763574800
,0,0,0,재산수입,일반회계,2010,국회,0,0,0,0,0,0,0
,7184755030,7184755030,0,경상이전수입,일반회계,2010,국회,7187752650,22787190,7184755030,25784810,2997620,22787190,7210539840
,0,0,0,재화및용역판매수입,일반회계,2010,국회,0,0,0,0,0,0,0
,0,0,0,관유물매각대,일반회계,2010,국회,0,0,0,0,0,0,0
,19398720,0,19398720,기타수입,일반회계,2010,국회,0,41951760,50786290,22553040,0,22553040,41951760
,0,0,0,재산수입,일반회계,2010,대법원,491400,399740,393054070,891140,491400,399740,891140
,19903170,19750860,152310,경상이전수입,일반회계,2010,대법원,23457110,6699190,20096080,10253130,3706250,6546880,30156300
,0,0,0,재화및용역판매수입,일반회계,2010,대법원,0,0,0,0,0,0,0
,0,0,0,관유물매각대,일반회계,2010,대법원,0,42861350,0,42861350,0,42861350,42861350
,383881883,375844733,8037150,기타수입,일반회계,2010,대법원,375844733,8037150,375302741,0,0,0,383881883
,0,0,0,재산수입,등기특별회계,2010,대법원,0,0,0,0,0,0,0
,0,0,0,경상이전수입,등기특별회계,2010,대법원,0,0,0,0,0,0,0
,0,0,0,재화및용역판매수입,등기특별회계,2010,대법원,0,0,0,0,0,0,0
,0,0,0,관유물매각대,등기특별회계,2010,대법원,0,1500200000,0,1500200000,0,1500200000,1500200000
,207637500,207637500,0,기타수입,등기특별회계,2010,대법원,207637500,0,593730400,0,0,0,207637500
,0,0,0,경상이전수입,일반회계,2010,헌법재판소,0,0,0,0,0,0,0
,0,0,0,재화및용역판매수입,일반회계,2010,헌법재판소,0,0,0,0,0,0,0
,690000,0,690000,기타수입,일반회계,2010,헌법재판소,0,160960000,690000,160270000,0,160270000,160960000
,0,0,0,재산수입,일반회계,2010,중앙선거관리위원회,0,0,0,0,0,0,0
,0,0,0,경상이전수입,일반회계,2010,중앙선거관리위원회,0,0,0,0,0,0,0
,0,0,0,재화및용역판매수입,일반회계,2010,중앙선거관리위원회,0,0,0,0,0,0,0
,0,0,0,관유물매각대,일반회계,2010,중앙선거관리위원회,0,0,0,0,0,0,0
,3362591500,1650000000,1712591500,기타수입,일반회계,2010,중앙선거관리위원회,1650000000,1882591500,3362591500,170000000,0,170000000,3532591500
,0,0,0,경상이전수입,일반회계,2010,국무조정실 및 국무총리비서실,1502010,0,0,1502010,1502010,0,1502010
,0,0,0,재산수입,일반회계,2010,외교통상부,0,0,0,0,0,0,0
,0,0,0,경상이전수입,일반회계,2010,외교통상부,0,0,0,0,0,0,0
,0,0,0,재화및용역판매수입,일반회계,2010,외교통상부,0,0,0,0,0,0,0
,2014070879,401460048,1612610831,기타수입,일반회계,2010,외교통상부,460354230,3405095541,3919893573,1851378892,58894182,1792484710,3865449771
,97269320,88122500,9146820,재산수입,일반회계,2010,법무부,96066290,18842410,470837590,17639380,7943790,9695590,114908700
,301625780,301625780,0,경상이전수입,일반회계,2010,법무부,454517030,131014370,324010910,283905620,152891250,131014370,585531400
,0,0,0,재화및용역판매수입,일반회계,2010,법무부,24050,0,2620,24050,24050,0,24050
,91620830,52607480,39013350,관유물매각대,일반회계,2010,법무부,52607480,43885350,371731090,4872000,0,4872000,96492830
,152677200,33510000,119167200,기타수입,일반회계,2010,법무부,33510000,845967200,182291130,726800000,0,726800000,879477200
,0,0,0,재산수입,교도작업특별회계,2010,법무부,0,0,13835790,0,0,0,0
,0,0,0,경상이전수입,교도작업특별회계,2010,법무부,0,0,0,0,0,0,0
,3230000,3230000,0,재화및용역판매수입,교도작업특별회계,2010,법무부,79813320,0,74584710,76583320,76583320,0,79813320
,0,0,0,관유물매각대,교도작업특별회계,2010,법무부,0,0,0,0,0,0,0
,4785751690,4785751690,0,재산수입,일반회계,2010,국방부,4966986710,279519700,6618744130,460754720,181235020,279519700,5246506410
,13099367710,13099367710,0,경상이전수입,일반회계,2010,국방부,19056437680,1388331890,16612987780,7345401860,5957069970,1388331890,20444769570
,1193911380,1193911380,0,재화및용역판매수입,일반회계,2010,국방부,1236188110,277378000,1199730260,319654730,42276730,277378000,1513566110
,0,0,0,관유물매각대,일반회계,2010,국방부,4254760,0,0,4254760,4254760,0,4254760
,1.42114E+11,0,1.42114E+11,융자회수금,일반회계,2010,국방부,0,1.44024E+11,1.42114E+11,1910288000,0,1910288000,1.44024E+11
,1044000,0,1044000,기타수입,일반회계,2010,국방부,0,1044000,1044000,0,0,0,1044000
,78783500,78783500,0,재산수입,주한미군기지이전특별회계,2010,국방부,95635230,323740,135178450,17175470,16851730,323740,95958970
,322451430,322451430,0,경상이전수입,주한미군기지이전특별회계,2010,국방부,345832860,0,325306630,23381430,23381430,0,345832860
,13587130,13587130,0,재화및용역판매수입,주한미군기지이전특별회계,2010,국방부,13587130,0,13587130,0,0,0,13587130
,0,0,0,관유물매각대,주한미군기지이전특별회계,2010,국방부,416757960,143036340,0,559794300,416757960,143036340,559794300
,0,0,0,재산수입,국방·군사시설이전특별회계,2010,국방부,1093640,0,8218160,1093640,1093640,0,1093640
,626077300,626077300,0,경상이전수입,국방·군사시설이전특별회계,2010,국방부,1107712220,0,1399457480,481634920,481634920,0,1107712220
,650083670,650083670,0,관유물매각대,국방·군사시설이전특별회계,2010,국방부,2407976270,1163080,69585613230,1759055680,1757892600,1163080,2409139350
,959712280,959712280,0,경상이전수입,군인연금기금,2010,국방부,2022653780,218464630,1260123920,1281406130,1062941500,218464630,2241118410
,0,0,0,예금및예탁금,군인연금기금,2010,국방부,0,1.11266E+11,99515107110,1.11266E+11,0,1.11266E+11,1.11266E+11
,644684398,539194463,105489935,재산수입,군인복지기금,2010,국방부,912618327,521775823,1193362577,789709752,373423864,416285888,1434394150
,1131109580,629233520,501876060,경상이전수입,군인복지기금,2010,국방부,1800926730,522313620,1963580610,1192130770,1171693210,20437560,2323240350
,8602800,8602800,0,재화및용역판매수입,군인복지기금,2010,국방부,1340011180,4302830,26516990,1335711210,1331408380,4302830,1344314010
,1.10091E+11,5980070440,1.04111E+11,융자회수금,군인복지기금,2010,국방부,6163570440,4.8247E+11,4.65402E+11,3.78542E+11,183500000,3.78359E+11,4.88633E+11
,322630,0,322630,기타수입,군인복지기금,2010,국방부,0,322630,2890610,0,0,0,322630
,4331793032,961772650,3370020382,예금및예탁금,군인복지기금,2010,국방부,37525964350,2.46134E+11,2.27444E+11,2.79328E+11,36564191700,2.42764E+11,2.8366E+11
,947420,947420,0,재산수입,일반회계,2010,고용노동부,1607560,9823360,1030690,10483500,660140,9823360,11430920
,895985880,879594890,16390990,경상이전수입,일반회계,2010,고용노동부,2357733770,3049265700,2568126640,4511013590,1478138880,3032874710,5406999470
,755000,755000,0,재화및용역판매수입,일반회계,2010,고용노동부,779000,26500,782820,50500,24000,26500,805500
,0,0,0,관유물매각대,일반회계,2010,고용노동부,0,26500,0,26500,0,26500,26500
,666149100,0,666149100,기타수입,일반회계,2010,고용노동부,0,696149100,667013920,30000000,0,30000000,696149100
투자계정,318105220,317747230,357990,경상이전수입,에너지및자원사업특별회계,2010,고용노동부,323459070,357990,732645060,5711840,5711840,0,323817060
투자계정,3475420,3475420,0,재화및용역판매수입,에너지및자원사업특별회계,2010,고용노동부,3475420,0,3475420,0,0,0,3475420
,1.07117E+11,1.07117E+11,0,사회보장기여금,산업재해보상보험및예방기금,2010,고용노동부,2.65351E+11,294563280,2.61069E+11,1.58529E+11,1.58234E+11,294563280,2.65646E+11
,0,0,0,재산수입,산업재해보상보험및예방기금,2010,고용노동부,250570,0,2113940,250570,250570,0,250570
,2.0983E+11,2.0983E+11,0,경상이전수입,산업재해보상보험및예방기금,2010,고용노동부,3.11468E+11,3619379490,3.51098E+11,1.05258E+11,1.01639E+11,3619379490,3.15088E+11
,376108750,376108750,0,재화및용역판매수입,산업재해보상보험및예방기금,2010,고용노동부,388784430,2330890,387523850,15006570,12675680,2330890,391115320
,0,0,0,관유물매각대,산업재해보상보험및예방기금,2010,고용노동부,0,1785960000,0,1785960000,0,1785960000,1785960000
,6.02734E+11,0,6.02734E+11,융자회수금,산업재해보상보험및예방기금,2010,고용노동부,0,7.08786E+11,7.09827E+11,1.06052E+11,0,1.06052E+11,7.08786E+11
,0,0,0,예금및예탁금,산업재해보상보험및예방기금,2010,고용노동부,1479525080,9.43511E+11,1.92396E+12,9.44991E+11,1479525080,9.43511E+11,9.44991E+11
,0,0,0,재산수입,장애인고용촉진및직업재활기금,2010,고용노동부,0,0,0,0,0,0,0
,3835254240,3835254240,0,경상이전수입,장애인고용촉진및직업재활기금,2010,고용노동부,5045498410,189575130,6664895740,1399819300,1210244170,189575130,5235073540
,0,0,0,관유물매각대,장애인고용촉진및직업재활기금,2010,고용노동부,0,0,0,0,0,0,0
,78264034040,0,78264034040,융자회수금,장애인고용촉진및직업재활기금,2010,고용노동부,0,83411134040,1.03472E+11,5147100000,0,5147100000,83411134040
,0,0,0,예금및예탁금,장애인고용촉진및직업재활기금,2010,고용노동부,0,11545548530,60378793100,11545548530,0,11545548530,11545548530
,87257322370,87257322370,0,사회보장기여금,고용보험기금,2010,고용노동부,1.83E+11,105366470,1.86392E+11,95848240990,95742874520,105366470,1.83106E+11
,36650,36650,0,재산수입,고용보험기금,2010,고용노동부,98940,57560,54980,119850,62290,57560,156500
,57895533110,57895533110,0,경상이전수입,고용보험기금,2010,고용노동부,92625273940,15635512430,1.05824E+11,50365253260,34729740830,15635512430,1.08261E+11
,30588180,30588180,0,재화및용역판매수입,고용보험기금,2010,고용노동부,48453950,0,46630990,17865770,17865770,0,48453950
,3.43609E+11,0,3.43609E+11,융자회수금,고용보험기금,2010,고용노동부,0,4.78572E+11,4.46346E+11,1.34963E+11,0,1.34963E+11,4.78572E+11
,0,0,0,기타수입,고용보험기금,2010,고용노동부,0,0,0,0,0,0,0
,0,0,0,예금및예탁금,고용보험기금,2010,고용노동부,0,5.88901E+11,1.03323E+12,5.88901E+11,0,5.88901E+11,5.88901E+11
,13280090,13280090,0,재산수입,임금채권보장기금,2010,고용노동부,42753300,0,32496200,29473210,29473210,0,42753300
,6.04958E+11,6.04958E+11,0,경상이전수입,임금채권보장기금,2010,고용노동부,8.47839E+11,10232960,7.31974E+11,2.42891E+11,2.4288E+11,10232960,8.47849E+11
,20000000,0,20000000,융자회수금,임금채권보장기금,2010,고용노동부,0,20000000,20000000,0,0,0,20000000
,0,0,0,예금및예탁금,임금채권보장기금,2010,고용노동부,0,71660000000,40000000000,71660000000,0,71660000000,71660000000
,0,0,0,재산수입,일반회계,2010,통일부,9965300,0,4735330,9965300,9965300,0,9965300
,0,0,0,경상이전수입,일반회계,2010,통일부,1000000,0,0,1000000,1000000,0,1000000
,0,0,0,재화및용역판매수입,일반회계,2010,통일부,0,0,0,0,0,0,0
,0,0,0,기타수입,일반회계,2010,통일부,0,231380000,0,231380000,0,231380000,231380000
,0,0,0,재산수입,남북협력기금,2010,통일부,0,0,0,0,0,0,0
,0,0,0,경상이전수입,남북협력기금,2010,통일부,0,0,0,0,0,0,0
,0,0,0,재화및용역판매수입,남북협력기금,2010,통일부,0,0,0,0,0,0,0
,2.68957E+12,6185367270,2.68339E+12,융자회수금,남북협력기금,2010,통일부,6185367270,2.72815E+12,2.7386E+12,44762692300,0,44762692300,2.73434E+12
,0,0,0,예금및예탁금,남북협력기금,2010,통일부,0,5.19722E+11,8.01335E+11,5.19722E+11,0,5.19722E+11,5.19722E+11
,0,0,0,재산수입,일반회계,2010,국가보훈부,18320,10600,0,28920,18320,10600,28920
,1214675800,1210511800,4164000,경상이전수입,일반회계,2010,국가보훈부,1952908640,196715000,1415315790,934947840,742396840,192551000,2149623640
,0,0,0,재화및용역판매수입,일반회계,2010,국가보훈부,88730,0,0,88730,88730,0,88730
,0,0,0,관유물매각대,일반회계,2010,국가보훈부,0,0,0,0,0,0,0
,20210000,0,20210000,기타수입,일반회계,2010,국가보훈부,0,20210000,30270000,0,0,0,20210000
투자계정,0,0,0,재산수입,에너지및자원사업특별회계,2010,국가보훈부,0,0,0,0,0,0,0
투자계정,0,0,0,경상이전수입,에너지및자원사업특별회계,2010,국가보훈부,1535370,0,0,1535370,1535370,0,1535370
,0,0,0,재산수입,순국선열애국지사사업기금,2010,국가보훈부,0,122079780,0,122079780,0,122079780,122079780
,0,0,0,경상이전수입,순국선열애국지사사업기금,2010,국가보훈부,0,2142000,0,2142000,0,2142000,2142000
,0,0,0,재화및용역판매수입,순국선열애국지사사업기금,2010,국가보훈부,0,0,0,0,0,0,0
,0,0,0,관유물매각대,순국선열애국지사사업기금,2010,국가보훈부,0,3473546080,0,3473546080,0,3473546080,3473546080
,0,0,0,예금및예탁금,순국선열애국지사사업기금,2010,국가보훈부,0,7674000000,11029017000,7674000000,0,7674000000,7674000000
국가유공자지원자금,592580320,592580320,0,재산수입,보훈기금,2010,국가보훈부,950647880,0,775507560,358067560,358067560,0,950647880
국가유공자지원자금,0,0,0,경상이전수입,보훈기금,2010,국가보훈부,0,0,0,0,0,0,0
국가유공자지원자금,0,0,0,재화및용역판매수입,보훈기금,2010,국가보훈부,0,0,0,0,0,0,0
국가유공자지원자금,0,0,0,관유물매각대,보훈기금,2010,국가보훈부,0,0,0,0,0,0,0
국가유공자지원자금,1.99876E+11,4360384490,1.95515E+11,융자회수금,보훈기금,2010,국가보훈부,6842304860,2.1386E+11,2.67429E+11,20826009020,2481920370,18344088650,2.20702E+11
국가유공자지원자금,0,0,0,예금및예탁금,보훈기금,2010,국가보훈부,0,49900000000,1.2524E+11,49900000000,0,49900000000,49900000000
참전유공자·제대군인지원자금,584237450,584237450,0,재산수입,보훈기금,2010,국가보훈부,886244560,0,695366620,302007110,302007110,0,886244560
참전유공자·제대군인지원자금,0,0,0,경상이전수입,보훈기금,2010,국가보훈부,0,0,0,0,0,0,0
참전유공자·제대군인지원자금,0,0,0,재화및용역판매수입,보훈기금,2010,국가보훈부,0,0,0,0,0,0,0
참전유공자·제대군인지원자금,0,0,0,관유물매각대,보훈기금,2010,국가보훈부,0,0,0,0,0,0,0
참전유공자·제대군인지원자금,30872610300,2045082460,28827527840,융자회수금,보훈기금,2010,국가보훈부,2983071370,31892262590,43812946390,4002723660,937988910,3064734750,34875333960
참전유공자·제대군인지원자금,0,0,0,예금및예탁금,보훈기금,2010,국가보훈부,0,1.05E+11,80500000000,1.05E+11,0,1.05E+11,1.05E+11
5·18 민주유공자지원자금,50743190,50743190,0,재산수입,보훈기금,2010,국가보훈부,74256080,0,64810940,23512890,23512890,0,74256080
5·18 민주유공자지원자금,4245202320,376534230,3868668090,융자회수금,보훈기금,2010,국가보훈부,605441540,4102959380,5315175990,463198600,228907310,234291290,4708400920
5·18 민주유공자지원자금,0,0,0,예금및예탁금,보훈기금,2010,국가보훈부,0,8000000000,4000000000,8000000000,0,8000000000,8000000000
특수임무유공자지원자금,11618430,11618430,0,재산수입,보훈기금,2010,국가보훈부,26553730,0,18554230,14935300,14935300,0,26553730
특수임무유공자지원자금,1841832520,98129160,1743703360,융자회수금,보훈기금,2010,국가보훈부,252621480,1760144990,2328655920,170933950,154492320,16441630,2012766470
특수임무유공자지원자금,0,0,0,예금및예탁금,보훈기금,2010,국가보훈부,0,6000000000,5500000000,6000000000,0,6000000000,6000000000
,1578773480,1456749960,122023520,재산수입,일반회계,2010,산림청,1856955590,215404710,2382297270,493586820,400205630,93381190,2072360300
,24519810130,24154784150,365025980,경상이전수입,일반회계,2010,산림청,26620590100,1958227910,26689400600,4059007880,2465805950,1593201930,28578818010
,119115690,119115690,0,재화및용역판매수입,일반회계,2010,산림청,123972730,13755960,143540390,18613000,4857040,13755960,137728690
,3698440430,954391820,2744048610,관유물매각대,일반회계,2010,산림청,972599420,7092829400,5842117690,4366988390,18207600,4348780790,8065428820
,164781000,0,164781000,융자회수금,일반회계,2010,산림청,0,164781000,265867000,0,0,0,164781000
,0,0,0,기타수입,일반회계,2010,산림청,0,0,36240,0,0,0,0
임업진흥사업계정,0,0,0,재산수입,농어촌구조개선특별회계,2010,산림청,4823220,258050,0,5081270,4823220,258050,5081270
임업진흥사업계정,19738345820,18858967730,879378090,경상이전수입,농어촌구조개선특별회계,2010,산림청,31530435690,16832114030,41848663910,28624203900,12671467960,15952735940,48362549720
임업진흥사업계정,594460,594460,0,재화및용역판매수입,농어촌구조개선특별회계,2010,산림청,594460,0,2803020,0,0,0,594460
임업진흥사업계정,0,0,0,관유물매각대,농어촌구조개선특별회계,2010,산림청,90338000,364349000,662519930,454687000,90338000,364349000,454687000
임업진흥사업계정,3.1811E+11,0,3.1811E+11,융자회수금,농어촌구조개선특별회계,2010,산림청,0,3.51865E+11,3.83633E+11,33755395000,0,33755395000,3.51865E+11
자본계정,0,0,0,관유물매각대,국립자연휴양림관리소,2010,산림청,0,0,0,0,0,0,0
손익계정,0,0,0,재산수입,국립자연휴양림관리소,2010,산림청,0,0,0,0,0,0,0
손익계정,21733860,21733860,0,경상이전수입,국립자연휴양림관리소,2010,산림청,21733860,0,21733860,0,0,0,21733860
손익계정,0,0,0,재화및용역판매수입,국립자연휴양림관리소,2010,산림청,0,0,0,0,0,0,0
,1.96094E+12,1.43187E+12,5.29067E+11,내국세,일반회계,2010,국세청,4.41268E+12,4.47058E+12,8.14858E+12,6.92231E+12,2.98081E+12,3.94151E+12,8.88325E+12
,16447790,16447790,0,방위세,일반회계,2010,국세청,16447790,0,23058320,0,0,0,16447790
,51173770,51173770,0,교통·에너지·환경세,일반회계,2010,국세청,344287860,2167127190,590402450,2460241280,293114090,2167127190,2511415050
,625879830,625879830,0,교육세,일반회계,2010,국세청,2732826400,4192262210,5567566440,6299208780,2106946570,4192262210,6925088610
,9632072470,8978005210,654067260,농어촌특별세,일반회계,2010,국세청,23981550430,56904036190,74083167840,71253514150,15003545220,56249968930,80885586620
,846815520,846815520,0,재산수입,일반회계,2010,국세청,846815520,0,846815520,0,0,0,846815520
,4.3235E+11,4.32347E+11,3382800,경상이전수입,일반회계,2010,국세청,6.73749E+11,135467330,4.62422E+11,2.41535E+11,2.41403E+11,132084530,6.73885E+11
,3750000,0,3750000,기타수입,일반회계,2010,국세청,0,3750000,4170000,0,0,0,3750000
,42342624460,39084750770,3257873690,종합부동산세,일반회계,2010,국세청,1.05206E+11,2.83762E+11,3.60633E+11,3.46625E+11,66120823980,2.80504E+11,3.88968E+11
,31132067980,31132067980,0,내국세,일반회계,2010,관세청,44464554620,1.42753E+12,1.26019E+12,1.44086E+12,13332486640,1.42753E+12,1.47199E+12
,38720545810,33190893660,5529652150,관세,일반회계,2010,관세청,60968513700,3.50847E+11,3.45069E+11,3.73095E+11,27777620040,3.45317E+11,4.11815E+11
,0,0,0,방위세,일반회계,2010,관세청,0,0,466900,0,0,0,0
,752913120,752913120,0,교통·에너지·환경세,일반회계,2010,관세청,752913120,70415260,995738050,70415260,0,70415260,823328380
,1068788120,1068788120,0,교육세,일반회계,2010,관세청,1353964300,10600407440,34939009990,10885583620,285176180,10600407440,11954371740
,32979710,32979710,0,농어촌특별세,일반회계,2010,관세청,33274200,2562053260,1151368760,2562347750,294490,2562053260,2595327460
,0,0,0,재산수입,일반회계,2010,관세청,0,0,0,0,0,0,0
,18197008460,18194253350,2755110,경상이전수입,일반회계,2010,관세청,28396844810,2755110,31513962580,10202591460,10202591460,0,28399599920
,1637150,1637150,0,재화및용역판매수입,일반회계,2010,관세청,41874950,1865400,58234950,42103200,40237800,1865400,43740350
,0,0,0,관유물매각대,일반회계,2010,관세청,0,0,0,0,0,0,0
,0,0,0,재산수입,일반회계,2010,병무청,0,0,0,0,0,0,0
,0,0,0,경상이전수입,일반회계,2010,병무청,0,0,0,0,0,0,0
,0,0,0,재화및용역판매수입,일반회계,2010,병무청,0,0,0,0,0,0,0
,0,0,0,관유물매각대,일반회계,2010,병무청,0,0,0,0,0,0,0
,6856062000,0,6856062000,융자회수금,일반회계,2010,병무청,0,7667062000,6856062000,811000000,0,811000000,7667062000
,590000,0,590000,기타수입,일반회계,2010,병무청,0,590000,710000,0,0,0,590000
,0,0,0,재산수입,일반회계,2010,농촌진흥청,0,0,3300000,0,0,0,0
,0,0,0,경상이전수입,일반회계,2010,농촌진흥청,100475840,10050620,6923960,110526460,100475840,10050620,110526460
,0,0,0,재화및용역판매수입,일반회계,2010,농촌진흥청,0,0,0,0,0,0,0
,0,0,0,관유물매각대,일반회계,2010,농촌진흥청,0,0,0,0,0,0,0
,510000,0,510000,기타수입,일반회계,2010,농촌진흥청,0,510000,510000,0,0,0,510000
구조개선사업계정,0,0,0,재산수입,농어촌구조개선특별회계,2010,농촌진흥청,0,0,0,0,0,0,0
구조개선사업계정,0,0,0,경상이전수입,농어촌구조개선특별회계,2010,농촌진흥청,38952060,26535760,1340930,65487820,38952060,26535760,65487820
구조개선사업계정,0,0,0,관유물매각대,농어촌구조개선특별회계,2010,농촌진흥청,0,0,0,0,0,0,0
구조개선사업계정,10780535630,0,10780535630,융자회수금,농어촌구조개선특별회계,2010,농촌진흥청,0,10780535630,13236457710,0,0,0,10780535630
,0,0,0,재산수입,혁신도시건설특별회계,2010,농촌진흥청,0,0,0,0,0,0,0
,0,0,0,관유물매각대,혁신도시건설특별회계,2010,농촌진흥청,0,4188799000,0,4188799000,0,4188799000,4188799000
,89510,89510,0,재산수입,일반회계,2010,중소기업청,90140,0,1508660,630,630,0,90140
,469621970,469621970,0,경상이전수입,일반회계,2010,중소기업청,785340450,0,1220113200,315718480,315718480,0,785340450
,0,0,0,재화및용역판매수입,일반회계,2010,중소기업청,0,0,0,0,0,0,0
,0,0,0,관유물매각대,일반회계,2010,중소기업청,0,0,0,0,0,0,0
,90000,0,90000,기타수입,일반회계,2010,중소기업청,0,90000,90000,0,0,0,90000
자본계정,0,0,0,기타수입,특허청,2010,특허청,0,0,0,0,0,0,0
손익계정,0,0,0,재산수입,특허청,2010,특허청,0,0,0,0,0,0,0
손익계정,0,0,0,경상이전수입,특허청,2010,특허청,0,0,2214660,0,0,0,0
손익계정,0,0,0,재화및용역판매수입,특허청,2010,특허청,0,0,0,0,0,0,0
손익계정,5431376500,0,5431376500,융자회수금,특허청,2010,특허청,0,5888059500,6023376500,456683000,0,456683000,5888059500
손익계정,7264810,0,7264810,기타수입,특허청,2010,특허청,0,7264810,6566660,0,0,0,7264810
,0,0,0,재산수입,혁신도시건설특별회계,2010,조달청,816916730,0,0,816916730,816916730,0,816916730
,0,0,0,관유물매각대,혁신도시건설특별회계,2010,조달청,5431231500,0,0,5431231500,5431231500,0,5431231500
자본계정,0,0,0,재산수입,조달특별회계,2010,조달청,0,471291160,0,471291160,0,471291160,471291160
자본계정,0,0,0,경상이전수입,조달특별회계,2010,조달청,0,0,0,0,0,0,0
자본계정,7673294256,7666294256,7000000,관유물매각대,조달특별회계,2010,조달청,14069620166,2.17439E+11,3.2013E+11,2.23836E+11,6403325910,2.17432E+11,2.31509E+11
자본계정,0,0,0,기타수입,조달특별회계,2010,조달청,0,75000000,0,75000000,0,75000000,75000000
손익계정,0,0,0,재산수입,조달특별회계,2010,조달청,677480,37027220,91423670,37704700,677480,37027220,37704700
손익계정,0,0,0,경상이전수입,조달특별회계,2010,조달청,13024800,39074400,52099200,52099200,13024800,39074400,52099200
손익계정,52187540,52187540,0,재화및용역판매수입,조달특별회계,2010,조달청,610584400,1229754440,755409900,1788151300,558396860,1229754440,1840338840
손익계정,5653272500,0,5653272500,융자회수금,조달특별회계,2010,조달청,0,5653272500,5653272500,0,0,0,5653272500
,7328850,2908520,4420330,재산수입,일반회계,2010,환경부,2908520,4420330,13164320,0,0,0,7328850
,77818480,4146310,73672170,경상이전수입,일반회계,2010,환경부,4146310,73672170,151951750,0,0,0,77818480
농어촌특별세사업계정,0,0,0,재산수입,농어촌구조개선특별회계,2010,환경부,7110390,1216350,0,8326740,7110390,1216350,8326740
농어촌특별세사업계정,0,0,0,경상이전수입,농어촌구조개선특별회계,2010,환경부,0,192023210,0,192023210,0,192023210,192023210
,80580020,80561680,18340,재산수입,환경개선특별회계,2010,환경부,274575720,158587780,118744690,352583480,194014040,158569440,433163500
,6.98795E+11,6.89349E+11,9445748780,경상이전수입,환경개선특별회계,2010,환경부,8.38681E+11,36213507760,8.49113E+11,1.761E+11,1.49332E+11,26767758980,8.74894E+11
,0,0,0,재화및용역판매수입,환경개선특별회계,2010,환경부,0,12019880,0,12019880,0,12019880,12019880
,0,0,0,관유물매각대,환경개선특별회계,2010,환경부,0,17754750,0,17754750,0,17754750,17754750
,1.51534E+12,0,1.51534E+12,융자회수금,환경개선특별회계,2010,환경부,0,1.6542E+12,1.78456E+12,1.38866E+11,0,1.38866E+11,1.6542E+12
,1003935650,0,1003935650,기타수입,환경개선특별회계,2010,환경부,0,1010990650,1025765650,7055000,0,7055000,1010990650
지역개발계정,0,0,0,경상이전수입,광역지역발전특별회계,2010,환경부,0,0,0,0,0,0,0
광역발전계정,0,0,0,재산수입,광역지역발전특별회계,2010,환경부,0,0,0,0,0,0,0
광역발전계정,0,0,0,경상이전수입,광역지역발전특별회계,2010,환경부,0,0,6400000,0,0,0,0
,0,0,0,재산수입,일반회계,2010,통계청,0,0,0,0,0,0,0
,0,0,0,경상이전수입,일반회계,2010,통계청,0,0,0,0,0,0,0
,0,0,0,재화및용역판매수입,일반회계,2010,통계청,0,0,0,0,0,0,0
,0,0,0,관유물매각대,일반회계,2010,통계청,0,0,0,0,0,0,0
,0,0,0,재산수입,일반회계,2010,기상청,0,0,0,0,0,0,0
,89655610,89655610,0,경상이전수입,일반회계,2010,기상청,89655610,0,89655610,0,0,0,89655610
,12097040,12097040,0,재화및용역판매수입,일반회계,2010,기상청,12097040,0,12097040,0,0,0,12097040
,0,0,0,관유물매각대,일반회계,2010,기상청,0,0,0,0,0,0,0
,0,0,0,기타수입,일반회계,2010,기상청,0,0,199640850,0,0,0,0
,22734210,22549790,184420,재산수입,일반회계,2010,경찰청,23022450,38233040,50313870,38521280,472660,38048620,61255490
,1080882200,976924970,103957230,경상이전수입,일반회계,2010,경찰청,1084728860,103964630,1123821790,107811290,107803890,7400,1188693490
,10680540,10680540,0,재화및용역판매수입,일반회계,2010,경찰청,21606030,1023730,21324690,11949220,10925490,1023730,22629760
,2600000,2600000,0,관유물매각대,일반회계,2010,경찰청,11761000,2762500,133935500,11923500,9161000,2762500,14523500
,147696140,0,147696140,기타수입,일반회계,2010,경찰청,0,147696140,765518120,0,0,0,147696140
,0,0,0,재산수입,혁신도시건설특별회계,2010,경찰청,0,0,0,0,0,0,0
,0,0,0,관유물매각대,혁신도시건설특별회계,2010,경찰청,0,0,0,0,0,0,0
자본계정,0,0,0,재산수입,운전면허시험관리단,2010,경찰청,0,0,0,0,0,0,0
손익계정,9143780,9143780,0,재산수입,운전면허시험관리단,2010,경찰청,9646100,0,11075840,502320,502320,0,9646100
손익계정,26907190,26907190,0,경상이전수입,운전면허시험관리단,2010,경찰청,27286560,4433720,27445220,4813090,379370,4433720,31720280
손익계정,2331200,2331200,0,재화및용역판매수입,운전면허시험관리단,2010,경찰청,120627850,0,3255800,118296650,118296650,0,120627850
손익계정,0,0,0,관유물매각대,운전면허시험관리단,2010,경찰청,0,0,0,0,0,0,0
손익계정,0,0,0,재산수입,경찰병원,2010,경찰청,0,0,0,0,0,0,0
손익계정,0,0,0,경상이전수입,경찰병원,2010,경찰청,0,0,0,0,0,0,0
손익계정,76401190,76401190,0,재화및용역판매수입,경찰병원,2010,경찰청,83573700,0,123242720,7172510,7172510,0,83573700
손익계정,300000,0,300000,기타수입,경찰병원,2010,경찰청,0,300000,300000,0,0,0,300000
,157152730,157152730,0,경상이전수입,일반회계,2010,공정거래위원회,231247240,37911600,160739110,112006110,74094510,37911600,269158840
,0,0,0,재화및용역판매수입,일반회계,2010,공정거래위원회,0,0,0,0,0,0,0
,0,0,0,관유물매각대,일반회계,2010,공정거래위원회,0,0,0,0,0,0,0
,5685200,0,5685200,기타수입,일반회계,2010,공정거래위원회,0,5685200,17231350,0,0,0,5685200
,0,0,0,재산수입,일반회계,2010,해양경찰청(구),10853830,2397400,493167180,13251230,10853830,2397400,13251230
,16454841580,16453941580,900000,경상이전수입,일반회계,2010,해양경찰청(구),16788931400,14817640,16498493180,348907460,334989820,13917640,16803749040
,0,0,0,재화및용역판매수입,일반회계,2010,해양경찰청(구),0,1469650,0,1469650,0,1469650,1469650
,0,0,0,관유물매각대,일반회계,2010,해양경찰청(구),0,0,0,0,0,0,0
,536850000,0,536850000,기타수입,일반회계,2010,해양경찰청(구),0,536850000,724400000,0,0,0,536850000
,0,0,0,재산수입,일반회계,2010,식품의약품안전청,149650,80670,0,230320,149650,80670,230320
,1494530,1494530,0,경상이전수입,일반회계,2010,식품의약품안전청,3891750,0,25576680,2397220,2397220,0,3891750
,0,0,0,재화및용역판매수입,일반회계,2010,식품의약품안전청,26300,0,0,26300,26300,0,26300
,0,0,0,관유물매각대,일반회계,2010,식품의약품안전청,0,0,0,0,0,0,0
,120000,0,120000,기타수입,일반회계,2010,식품의약품안전청,0,120000,120000,0,0,0,120000
,0,0,0,재산수입,일반회계,2010,민주평화통일자문회의,0,0,0,0,0,0,0
,0,0,0,경상이전수입,일반회계,2010,민주평화통일자문회의,0,0,0,0,0,0,0
,122959640,122596530,363110,재산수입,일반회계,2010,문화재청,153283080,42300460,332350400,72623900,30686550,41937350,195583540
,6635455380,4877941780,1757513600,경상이전수입,일반회계,2010,문화재청,5914440930,1761056680,9182450260,1040042230,1036499150,3543080,7675497610
,0,0,0,재화및용역판매수입,일반회계,2010,문화재청,17609590,0,0,17609590,17609590,0,17609590
,0,0,0,관유물매각대,일반회계,2010,문화재청,0,369000,0,369000,0,369000,369000
,162064300,0,162064300,기타수입,일반회계,2010,문화재청,0,201064300,162064300,39000000,0,39000000,201064300
,0,0,0,재산수입,문화재보호기금,2010,문화재청,0,0,0,0,0,0,0
,0,0,0,경상이전수입,문화재보호기금,2010,문화재청,0,0,0,0,0,0,0
,0,0,0,예금및예탁금,문화재보호기금,2010,문화재청,0,27750000000,0,27750000000,0,27750000000,27750000000
,0,0,0,재산수입,일반회계,2010,국가인권위원회,0,0,0,0,0,0,0
,150000,150000,0,경상이전수입,일반회계,2010,국가인권위원회,726000,0,150000,576000,576000,0,726000
,0,0,0,재화및용역판매수입,일반회계,2010,국가인권위원회,0,0,0,0,0,0,0
,156000000,0,156000000,기타수입,일반회계,2010,국가인권위원회,0,156000000,156000000,0,0,0,156000000
,0,0,0,재산수입,일반회계,2010,소방방재청,0,0,0,0,0,0,0
,3907430,3907430,0,경상이전수입,일반회계,2010,소방방재청,106960660,0,25066330,103053230,103053230,0,106960660
,0,0,0,재화및용역판매수입,일반회계,2010,소방방재청,0,0,0,0,0,0,0
,494857000,494857000,0,기타수입,일반회계,2010,소방방재청,494857000,0,494857000,0,0,0,494857000
,35752051340,35752051340,0,경상이전수입,일반회계,2010,방위사업청,1.39793E+11,617920940,41135020530,1.04659E+11,1.04041E+11,617920940,1.40411E+11
,8904273000,0,8904273000,융자회수금,일반회계,2010,방위사업청,0,8904273000,23949106000,0,0,0,8904273000
,0,0,0,재산수입,행정중심복합도시건설특별회계,2010,행정중심복합도시건설청,0,0,0,0,0,0,0
,0,0,0,경상이전수입,행정중심복합도시건설특별회계,2010,행정중심복합도시건설청,18460060,0,0,18460060,18460060,0,18460060
,0,0,0,재화및용역판매수입,행정중심복합도시건설특별회계,2010,행정중심복합도시건설청,0,0,0,0,0,0,0
,0,0,0,경상이전수입,일반회계,2010,진실·화해를위한과거사정리위원회(구),240000,0,2800000,240000,240000,0,240000
,0,0,0,재화및용역판매수입,일반회계,2010,진실·화해를위한과거사정리위원회(구),0,0,0,0,0,0,0
,0,0,0,재산수입,일반회계,2010,대통령실,0,0,0,0,0,0,0
,0,0,0,재화및용역판매수입,일반회계,2010,대통령실,0,0,0,0,0,0,0
,0,0,0,관유물매각대,일반회계,2010,대통령실,0,0,0,0,0,0,0
,0,0,0,내국세,일반회계,2010,기획재정부,53567420,0,0,53567420,53567420,0,53567420
,539851730,539851730,0,방위세,일반회계,2010,기획재정부,540196170,0,629477710,344440,344440,0,540196170
,12291132276,12291132276,0,교육세,일반회계,2010,기획재정부,12444003625,0,15883752475,152871349,152871349,0,12444003625
,30254926876,30254926876,0,농어촌특별세,일반회계,2010,기획재정부,63599482696,0,62560814746,33344555820,33344555820,0,63599482696
,15899903150,11135040930,4764862220,재산수입,일반회계,2010,기획재정부,13778752100,10440733410,24906363980,8319582360,2643711170,5675871190,24219485510
,64293827120,63141525160,1152301960,경상이전수입,일반회계,2010,기획재정부,71404530710,1831800570,76165561707,8942504160,8263005550,679498610,73236331280
,2306410,2306410,0,재화및용역판매수입,일반회계,2010,기획재정부,2306410,0,2306410,0,0,0,2306410
,32948473110,9715593720,23232879390,관유물매각대,일반회계,2010,기획재정부,11858325320,49127916320,79639726990,28037768530,2142731600,25895036930,60986241640
,1.94812E+12,0,1.94812E+12,융자회수금,대외경제협력기금,2010,기획재정부,0,2.35882E+12,1.99417E+12,4.10698E+11,0,4.10698E+11,2.35882E+12
,0,0,0,예금및예탁금,대외경제협력기금,2010,기획재정부,0,51577374910,2.24792E+11,51577374910,0,51577374910,51577374910
총괄계정,1.01402E+12,0,1.01402E+12,재산수입,공공자금관리기금,2010,기획재정부,0,1.01402E+12,1.1089E+12,0,0,0,1.01402E+12
총괄계정,0,0,0,재화및용역판매수입,공공자금관리기금,2010,기획재정부,0,0,0,0,0,0,0
총괄계정,1.06956E+13,0,1.06956E+13,융자회수금,공공자금관리기금,2010,기획재정부,0,1.14595E+13,1.08279E+13,7.639E+11,0,7.639E+11,1.14595E+13
융자계정,0,0,0,재산수입,공공자금관리기금,2010,기획재정부,0,0,0,0,0,0,0
융자계정,0,0,0,경상이전수입,공공자금관리기금,2010,기획재정부,0,0,0,0,0,0,0
융자계정,6.11793E+12,0,6.11793E+12,융자회수금,공공자금관리기금,2010,기획재정부,0,6.3018E+12,7.7867E+12,1.83871E+11,0,1.83871E+11,6.3018E+12
차관계정,0,0,0,재산수입,공공자금관리기금,2010,기획재정부,0,0,0,0,0,0,0
차관계정,0,0,0,경상이전수입,공공자금관리기금,2010,기획재정부,0,0,0,0,0,0,0
차관계정,0,0,0,재화및용역판매수입,공공자금관리기금,2010,기획재정부,0,0,0,0,0,0,0
차관계정,1.6576E+12,0,1.6576E+12,융자회수금,공공자금관리기금,2010,기획재정부,0,1.6576E+12,2.35238E+12,0,0,0,1.6576E+12
,12912922783,12912922783,0,융자회수금,외국환평형기금,2010,기획재정부,12912922783,0,13143422561,0,0,0,12912922783
,1.35348E+13,0,1.35348E+13,예금및예탁금,외국환평형기금,2010,기획재정부,0,1.98678E+13,1.35348E+13,6.33296E+12,0,6.33296E+12,1.98678E+13
,99250,99250,0,재산수입,복권기금,2010,기획재정부,47628570,0,6040010,47529320,47529320,0,47628570
,3421650,3421650,0,경상이전수입,복권기금,2010,기획재정부,1587717970,0,2082779480,1584296320,1584296320,0,1587717970
,0,0,0,재화및용역판매수입,복권기금,2010,기획재정부,0,15589455658,0,15589455658,0,15589455658,15589455658
,0,0,0,예금및예탁금,복권기금,2010,기획재정부,0,1.26079E+11,1.28169E+11,1.26079E+11,0,1.26079E+11,1.26079E+11
,896089610,896089610,0,재산수입,일반회계,2010,교육과학기술부,1153418420,4229045860,1675426710,4486374670,257328810,4229045860,5382464280
,751454050,751454050,0,경상이전수입,일반회계,2010,교육과학기술부,1114870610,1.01143E+11,1171063690,1.01506E+11,363416560,1.01143E+11,1.02257E+11
,117330,117330,0,재화및용역판매수입,일반회계,2010,교육과학기술부,304710,45770760,117330,45958140,187380,45770760,46075470
,0,0,0,관유물매각대,일반회계,2010,교육과학기술부,0,4875650,0,4875650,0,4875650,4875650
,3.49923E+11,0,3.49923E+11,융자회수금,일반회계,2010,교육과학기술부,0,3.49923E+11,3.54332E+11,0,0,0,3.49923E+11
,273490510,38292000,235198510,기타수입,일반회계,2010,교육과학기술부,38292000,235198510,282688840,0,0,0,273490510
광역발전계정,0,0,0,재산수입,광역지역발전특별회계,2010,교육과학기술부,0,0,0,0,0,0,0
광역발전계정,800000000,0,800000000,경상이전수입,광역지역발전특별회계,2010,교육과학기술부,0,800000000,1695383090,0,0,0,800000000
자본계정,0,0,0,관유물매각대,국립중앙과학관,2010,교육과학기술부,0,0,0,0,0,0,0
손익계정,24468310,24468310,0,재산수입,국립중앙과학관,2010,교육과학기술부,45132930,46140150,91915180,66804770,20664620,46140150,91273080
손익계정,180020630,180020630,0,경상이전수입,국립중앙과학관,2010,교육과학기술부,180020630,0,180020630,0,0,0,180020630
손익계정,763390,763390,0,재화및용역판매수입,국립중앙과학관,2010,교육과학기술부,763390,0,763390,0,0,0,763390
손익계정,0,0,0,재산수입,국립과천과학관,2010,교육과학기술부,89966660,60577490,119301970,150544150,89966660,60577490,150544150
손익계정,0,0,0,경상이전수입,국립과천과학관,2010,교육과학기술부,0,0,793210,0,0,0,0
손익계정,0,0,0,재화및용역판매수입,국립과천과학관,2010,교육과학기술부,9994800,0,44640,9994800,9994800,0,9994800
,0,0,0,재산수입,과학기술진흥기금,2010,교육과학기술부,0,0,0,0,0,0,0
,0,0,0,재화및용역판매수입,과학기술진흥기금,2010,교육과학기술부,0,0,0,0,0,0,0
,80748720000,0,80748720000,융자회수금,과학기술진흥기금,2010,교육과학기술부,0,80748720000,1.28952E+11,0,0,0,80748720000
,0,0,0,예금및예탁금,과학기술진흥기금,2010,교육과학기술부,0,50394179155,38000000017,50394179155,0,50394179155,50394179155
,0,0,0,재산수입,원자력기금,2010,교육과학기술부,0,0,0,0,0,0,0
,0,0,0,경상이전수입,원자력기금,2010,교육과학기술부,0,0,0,0,0,0,0
,0,0,0,예금및예탁금,원자력기금,2010,교육과학기술부,0,21319361620,0,21319361620,0,21319361620,21319361620
학자금대출신용보증계정,0,0,0,예금및예탁금,국가장학기금,2010,교육과학기술부,0,2.58414E+11,4.96834E+11,2.58414E+11,0,2.58414E+11,2.58414E+11
학자금지원계정,0,0,0,융자회수금,국가장학기금,2010,교육과학기술부,0,2313221207,1.16104E+12,2313221207,0,2313221207,2313221207
학자금지원계정,0,0,0,예금및예탁금,국가장학기금,2010,교육과학기술부,0,72269032519,80000000000,72269032519,0,72269032519,72269032519
,8538150,8538150,0,재산수입,일반회계,2010,행정안전부,8977160,14472740,17678180,14911750,439010,14472740,23449900
,11617600,11617600,0,경상이전수입,일반회계,2010,행정안전부,16670999930,0,199829890,16659382330,16659382330,0,16670999930
,19015220,19015220,0,재화및용역판매수입,일반회계,2010,행정안전부,19130960,0,19111240,115740,115740,0,19130960
,8.09891E+11,0,8.09891E+11,융자회수금,일반회계,2010,행정안전부,0,8.09891E+11,8.09891E+11,0,0,0,8.09891E+11
,2709447700,1285477700,1423970000,기타수입,일반회계,2010,행정안전부,1285477700,1465370000,2709447700,41400000,0,41400000,2750847700
광역발전계정,0,0,0,재산수입,광역지역발전특별회계,2010,행정안전부,0,0,0,0,0,0,0
광역발전계정,0,0,0,경상이전수입,광역지역발전특별회계,2010,행정안전부,0,0,0,0,0,0,0
,243947100,243347100,600000,재산수입,일반회계,2010,문화체육관광부,668914450,167372930,333786900,592340280,425567350,166772930,836287380
,1356183240,1346183240,10000000,경상이전수입,일반회계,2010,문화체육관광부,3303831620,195218370,19719046150,2142866750,1957648380,185218370,3499049990
,118671780,118671780,0,재화및용역판매수입,일반회계,2010,문화체육관광부,122650140,14893580,337388850,18871940,3978360,14893580,137543720
,0,0,0,관유물매각대,일반회계,2010,문화체육관광부,0,0,0,0,0,0,0
,2796700000,0,2796700000,융자회수금,일반회계,2010,문화체육관광부,0,2796700000,8118700000,0,0,0,2796700000
,479472290,0,479472290,기타수입,일반회계,2010,문화체육관광부,0,502222290,46327930,22750000,0,22750000,502222290
,9895434315,0,9895434315,예금및예탁금,일반회계,2010,문화체육관광부,0,9895434315,1753758810,0,0,0,9895434315
,0,0,0,재산수입,아시아문화중심도시조성특별회계,2010,문화체육관광부,23522890,0,7436910,23522890,23522890,0,23522890
,0,0,0,경상이전수입,아시아문화중심도시조성특별회계,2010,문화체육관광부,20478320,0,62665450,20478320,20478320,0,20478320
지역개발계정,0,0,0,재산수입,광역지역발전특별회계,2010,문화체육관광부,0,0,1736000,0,0,0,0
지역개발계정,0,0,0,경상이전수입,광역지역발전특별회계,2010,문화체육관광부,2000000000,0,200000000,2000000000,2000000000,0,2000000000
광역발전계정,0,0,0,경상이전수입,광역지역발전특별회계,2010,문화체육관광부,0,0,0,0,0,0,0
,4381680,4381680,0,재산수입,관광진흥개발기금,2010,문화체육관광부,22506260,0,26373280,18124580,18124580,0,22506260
,101735910,101735910,0,경상이전수입,관광진흥개발기금,2010,문화체육관광부,1371052920,1350000,171973340,1270667010,1269317010,1350000,1372402920
,9.68193E+11,0,9.68193E+11,융자회수금,관광진흥개발기금,2010,문화체육관광부,0,1.1542E+12,1.1505E+12,1.8601E+11,0,1.8601E+11,1.1542E+12
,0,0,0,기타수입,관광진흥개발기금,2010,문화체육관광부,0,0,302757240,0,0,0,0
,1.31764E+11,0,1.31764E+11,예금및예탁금,관광진흥개발기금,2010,문화체육관광부,0,1.41764E+11,75444516888,10000000000,0,10000000000,1.41764E+11
,0,0,0,재산수입,지역신문발전기금,2010,문화체육관광부,0,0,0,0,0,0,0
,0,0,0,경상이전수입,지역신문발전기금,2010,문화체육관광부,0,0,0,0,0,0,0
,4972090000,0,4972090000,융자회수금,지역신문발전기금,2010,문화체육관광부,0,6122090000,5849640000,1150000000,0,1150000000,6122090000
,667982560,0,667982560,예금및예탁금,지역신문발전기금,2010,문화체육관광부,0,28154982560,35850340060,27487000000,0,27487000000,28154982560
,341880400,339508390,2372010,재산수입,일반회계,2010,농림수산식품부,406999090,71277590,489528500,136396280,67490700,68905580,478276680
,256294720,221889500,34405220,경상이전수입,일반회계,2010,농림수산식품부,299876400,226387720,469056130,269969400,77986900,191982500,526264120
,14950,14950,0,재화및용역판매수입,일반회계,2010,농림수산식품부,176800,6600,14950,168450,161850,6600,183400
,0,0,0,관유물매각대,일반회계,2010,농림수산식품부,0,0,101343100,0,0,0,0
,360000,0,360000,기타수입,일반회계,2010,농림수산식품부,0,406305000,360000,405945000,0,405945000,406305000
구조개선사업계정,0,0,0,재산수입,농어촌구조개선특별회계,2010,농림수산식품부,39580,553700,1249480,593280,39580,553700,593280
구조개선사업계정,1154863930,1154863930,0,경상이전수입,농어촌구조개선특별회계,2010,농림수산식품부,1291406250,83561160,1465886140,220103480,136542320,83561160,1374967410
구조개선사업계정,0,0,0,재화및용역판매수입,농어촌구조개선특별회계,2010,농림수산식품부,0,0,0,0,0,0,0
구조개선사업계정,0,0,0,관유물매각대,농어촌구조개선특별회계,2010,농림수산식품부,0,0,23000,0,0,0,0
구조개선사업계정,1.67027E+12,0,1.67027E+12,융자회수금,농어촌구조개선특별회계,2010,농림수산식품부,0,1.77416E+12,2.06318E+12,1.03892E+11,0,1.03892E+11,1.77416E+12
농어촌특별세사업계정,0,0,0,재산수입,농어촌구조개선특별회계,2010,농림수산식품부,157874830,0,0,157874830,157874830,0,157874830
농어촌특별세사업계정,8957500,8957500,0,경상이전수입,농어촌구조개선특별회계,2010,농림수산식품부,2679480410,89680180,86617900,2760203090,2670522910,89680180,2769160590
농어촌특별세사업계정,0,0,0,재화및용역판매수입,농어촌구조개선특별회계,2010,농림수산식품부,0,0,0,0,0,0,0
농어촌특별세사업계정,1.06339E+11,0,1.06339E+11,융자회수금,농어촌구조개선특별회계,2010,농림수산식품부,0,1.11593E+11,1.28511E+11,5254000000,0,5254000000,1.11593E+11
융자계정,0,0,0,재산수입,에너지및자원사업특별회계,2010,농림수산식품부,0,0,0,0,0,0,0
융자계정,0,0,0,융자회수금,에너지및자원사업특별회계,2010,농림수산식품부,0,8972139000,0,8972139000,0,8972139000,8972139000
,0,0,0,재산수입,혁신도시건설특별회계,2010,농림수산식품부,634820,0,0,634820,634820,0,634820
,0,0,0,재화및용역판매수입,혁신도시건설특별회계,2010,농림수산식품부,0,0,0,0,0,0,0
,0,0,0,관유물매각대,혁신도시건설특별회계,2010,농림수산식품부,0,0,0,0,0,0,0
지역개발계정,0,0,0,경상이전수입,광역지역발전특별회계,2010,농림수산식품부,0,0,520000000,0,0,0,0
광역발전계정,0,0,0,경상이전수입,광역지역발전특별회계,2010,농림수산식품부,0,0,0,0,0,0,0
손익계정,0,0,0,경상이전수입,양곡관리특별회계,2010,농림수산식품부,0,0,0,0,0,0,0
손익계정,0,0,0,재화및용역판매수입,양곡관리특별회계,2010,농림수산식품부,275140,0,0,275140,275140,0,275140
손익계정,123643750,123643750,0,관유물매각대,양곡관리특별회계,2010,농림수산식품부,134180550,429647800,123648550,440184600,10536800,429647800,563828350
,0,0,0,예금및예탁금,양곡증권정리기금,2010,농림수산식품부,0,0,0,0,0,0,0
,0,0,0,재산수입,농산물가격안정기금,2010,농림수산식품부,0,0,0,0,0,0,0
,0,0,0,경상이전수입,농산물가격안정기금,2010,농림수산식품부,0,0,0,0,0,0,0
,0,0,0,재화및용역판매수입,농산물가격안정기금,2010,농림수산식품부,0,0,0,0,0,0,0
,0,0,0,관유물매각대,농산물가격안정기금,2010,농림수산식품부,0,0,0,0,0,0,0
,1.85075E+12,0,1.85075E+12,융자회수금,농산물가격안정기금,2010,농림수산식품부,0,3.12974E+12,3.18904E+12,1.27899E+12,0,1.27899E+12,3.12974E+12
,0,0,0,예금및예탁금,농산물가격안정기금,2010,농림수산식품부,0,5.83453E+11,3.79264E+11,5.83453E+11,0,5.83453E+11,5.83453E+11
,3280991769,3280991769,0,재산수입,농지관리기금,2010,농림수산식품부,3280991769,9444604093,13935284240,9444604093,0,9444604093,12725595862
,1.07575E+11,45403374600,62171597400,경상이전수입,농지관리기금,2010,농림수산식품부,1.03288E+11,2.55919E+11,3.47912E+11,2.51632E+11,57884695120,1.93747E+11,3.59207E+11
,5229804541,5229804541,0,관유물매각대,농지관리기금,2010,농림수산식품부,17349975721,23109931208,26100163901,35230102388,12120171180,23109931208,40459906929
,2.43149E+12,0,2.43149E+12,융자회수금,농지관리기금,2010,농림수산식품부,0,2.97921E+12,2.78159E+12,5.47722E+11,0,5.47722E+11,2.97921E+12
,0,0,0,예금및예탁금,농지관리기금,2010,농림수산식품부,0,5.57272E+11,1.21897E+12,5.57272E+11,0,5.57272E+11,5.57272E+11
,0,0,0,재산수입,수산발전기금,2010,농림수산식품부,28620,0,0,28620,28620,0,28620
,3211355350,2621159850,590195500,경상이전수입,수산발전기금,2010,농림수산식품부,6085194000,6082704320,4945217850,8956542970,3464034150,5492508820,12167898320
,0,0,0,재화및용역판매수입,수산발전기금,2010,농림수산식품부,0,0,0,0,0,0,0
,0,0,0,관유물매각대,수산발전기금,2010,농림수산식품부,0,0,0,0,0,0,0
,2.70359E+11,0,2.70359E+11,융자회수금,수산발전기금,2010,농림수산식품부,0,7.23924E+11,7.28933E+11,4.53565E+11,0,4.53565E+11,7.23924E+11
,27279518537,0,27279518537,예금및예탁금,수산발전기금,2010,농림수산식품부,0,67279518537,21219531306,40000000000,0,40000000000,67279518537
,0,0,0,재산수입,축산발전기금,2010,농림수산식품부,0,0,0,0,0,0,0
,0,0,0,경상이전수입,축산발전기금,2010,농림수산식품부,0,0,0,0,0,0,0
,0,0,0,재화및용역판매수입,축산발전기금,2010,농림수산식품부,0,0,0,0,0,0,0
,0,0,0,관유물매각대,축산발전기금,2010,농림수산식품부,0,0,0,0,0,0,0
,1.2112E+12,0,1.2112E+12,융자회수금,축산발전기금,2010,농림수산식품부,0,1.47131E+12,1.6613E+12,2.60109E+11,0,2.60109E+11,1.47131E+12
,0,0,0,예금및예탁금,축산발전기금,2010,농림수산식품부,0,1.12378E+11,46000000,1.12378E+11,0,1.12378E+11,1.12378E+11
,0,0,0,재산수입,농업소득보전직접지불기금,2010,농림수산식품부,0,0,0,0,0,0,0
,0,0,0,경상이전수입,농업소득보전직접지불기금,2010,농림수산식품부,0,0,0,0,0,0,0
,2584480970,0,2584480970,예금및예탁금,농업소득보전직접지불기금,2010,농림수산식품부,0,21584480970,5554289420,19000000000,0,19000000000,21584480970
,0,0,0,재산수입,자유무역협정이행지원기금,2010,농림수산식품부,0,0,0,0,0,0,0
,0,0,0,경상이전수입,자유무역협정이행지원기금,2010,농림수산식품부,0,0,0,0,0,0,0
,2.769E+11,0,2.769E+11,융자회수금,자유무역협정이행지원기금,2010,농림수산식품부,0,4.11288E+11,3.1376E+11,1.34388E+11,0,1.34388E+11,4.11288E+11
,0,0,0,예금및예탁금,자유무역협정이행지원기금,2010,농림수산식품부,0,64851535988,1.2E+11,64851535988,0,64851535988,64851535988
,0,0,0,예금및예탁금,농작물재해재보험기금,2010,농림수산식품부,0,0,97273359410,0,0,0,0
,0,0,0,예금및예탁금,양식수산물재해재보험기금,2010,농림수산식품부,0,0,4976346880,0,0,0,0
,0,0,0,재산수입,농어업재해재보험기금,2010,농림수산식품부,0,0,0,0,0,0,0
,0,0,0,경상이전수입,농어업재해재보험기금,2010,농림수산식품부,0,0,0,0,0,0,0
,0,0,0,재화및용역판매수입,농어업재해재보험기금,2010,농림수산식품부,0,0,0,0,0,0,0
,0,0,0,예금및예탁금,농어업재해재보험기금,2010,농림수산식품부,0,1.34402E+11,0,1.34402E+11,0,1.34402E+11,1.34402E+11
,42796920,42796920,0,재산수입,일반회계,2010,지식경제부,97125520,0,97796750,54328600,54328600,0,97125520
,340470470,340470470,0,경상이전수입,일반회계,2010,지식경제부,692866680,0,353465270,352396210,352396210,0,692866680
,18997230,18997230,0,재화및용역판매수입,일반회계,2010,지식경제부,33699130,0,28873810,14701900,14701900,0,33699130
,1226309760,1226309760,0,관유물매각대,일반회계,2010,지식경제부,2684870650,0,1226309760,1458560890,1458560890,0,2684870650
투자계정,0,0,0,재산수입,에너지및자원사업특별회계,2010,지식경제부,25175810,0,15664170,25175810,25175810,0,25175810
투자계정,648665350,648665350,0,경상이전수입,에너지및자원사업특별회계,2010,지식경제부,3450335470,11536259840,12807126940,14337929960,2801670120,11536259840,14986595310
융자계정,0,0,0,재산수입,에너지및자원사업특별회계,2010,지식경제부,1676160,0,0,1676160,1676160,0,1676160
융자계정,7.00688E+12,0,7.00688E+12,융자회수금,에너지및자원사업특별회계,2010,지식경제부,0,8.11424E+12,8.06185E+12,1.10736E+12,0,1.10736E+12,8.11424E+12
,0,0,0,경상이전수입,우체국보험특별회계,2010,지식경제부,4500000,0,0,4500000,4500000,0,4500000
지역개발계정,0,0,0,재산수입,광역지역발전특별회계,2010,지식경제부,0,0,0,0,0,0,0
광역발전계정,0,0,0,재산수입,광역지역발전특별회계,2010,지식경제부,0,0,0,0,0,0,0
광역발전계정,0,0,0,경상이전수입,광역지역발전특별회계,2010,지식경제부,0,0,0,0,0,0,0
제주특별자치도계정,0,0,0,재산수입,광역지역발전특별회계,2010,지식경제부,0,0,0,0,0,0,0
제주특별자치도계정,0,0,0,경상이전수입,광역지역발전특별회계,2010,지식경제부,0,0,0,0,0,0,0
자본계정,284370880,284370880,0,관유물매각대,우편사업특별회계,2010,지식경제부,284370880,215550,299785880,215550,0,215550,284586430
자본계정,1.06839E+11,0,1.06839E+11,융자회수금,우편사업특별회계,2010,지식경제부,0,1.16558E+11,1.06839E+11,9719077000,0,9719077000,1.16558E+11
자본계정,2336000,0,2336000,기타수입,우편사업특별회계,2010,지식경제부,0,35336000,2336000,33000000,0,33000000,35336000
손익계정,355033300,355033300,0,재산수입,우편사업특별회계,2010,지식경제부,596395720,144735570,1199526930,386097990,241362420,144735570,741131290
손익계정,559265380,559265380,0,경상이전수입,우편사업특별회계,2010,지식경제부,939122960,3153307750,1489380030,3533165330,379857580,3153307750,4092430710
자본계정,0,0,0,관유물매각대,우체국예금특별회계,2010,지식경제부,0,0,0,0,0,0,0
손익계정,0,0,0,재산수입,우체국예금특별회계,2010,지식경제부,0,0,0,0,0,0,0
손익계정,8146306770,8146306770,0,경상이전수입,우체국예금특별회계,2010,지식경제부,8264654190,0,8174007050,118347420,118347420,0,8264654190
,0,0,0,재산수입,정보통신진흥기금,2010,지식경제부,0,0,0,0,0,0,0
,2214509940,2214509940,0,경상이전수입,정보통신진흥기금,2010,지식경제부,2514710890,0,3636255440,300200950,300200950,0,2514710890
,2.4255E+11,0,2.4255E+11,융자회수금,정보통신진흥기금,2010,지식경제부,0,3.215E+11,3.99193E+11,78950000000,0,78950000000,3.215E+11
,0,0,0,예금및예탁금,정보통신진흥기금,2010,지식경제부,0,37859638407,1.65877E+11,37859638407,0,37859638407,37859638407
,0,0,0,경상이전수입,전력산업기반기금,2010,지식경제부,85684425010,2.54439E+11,3.10247E+11,3.40123E+11,85684425010,2.54439E+11,3.40123E+11
,0,0,0,재화및용역판매수입,전력산업기반기금,2010,지식경제부,0,0,0,0,0,0,0
,7.52696E+11,0,7.52696E+11,융자회수금,전력산업기반기금,2010,지식경제부,0,7.72696E+11,8.60786E+11,20000000000,0,20000000000,7.72696E+11
,0,0,0,예금및예탁금,전력산업기반기금,2010,지식경제부,0,3.214E+11,1.27E+11,3.214E+11,0,3.214E+11,3.214E+11
,0,0,0,재산수입,방사성폐기물관리기금,2010,지식경제부,0,0,0,0,0,0,0
,0,0,0,경상이전수입,방사성폐기물관리기금,2010,지식경제부,0,0,0,0,0,0,0
,0,0,0,재화및용역판매수입,방사성폐기물관리기금,2010,지식경제부,0,0,0,0,0,0,0
,0,0,0,예금및예탁금,방사성폐기물관리기금,2010,지식경제부,0,95932000000,62965160000,95932000000,0,95932000000,95932000000
,16982995650,16982995650,0,재산수입,일반회계,2010,보건복지부,17714724190,0,20661555760,731728540,731728540,0,17714724190
,3887535850,3887535850,0,경상이전수입,일반회계,2010,보건복지부,1.37285E+11,5000000,1.03017E+11,1.33402E+11,1.33397E+11,5000000,1.3729E+11
,0,0,0,재화및용역판매수입,일반회계,2010,보건복지부,0,0,0,0,0,0,0
,0,0,0,관유물매각대,일반회계,2010,보건복지부,0,0,0,0,0,0,0
,51937658850,50456333080,1481325770,융자회수금,일반회계,2010,보건복지부,50456333080,1481325770,60712969760,0,0,0,51937658850
,0,0,0,기타수입,일반회계,2010,보건복지부,0,121500000,0,121500000,0,121500000,121500000
투자계정,5830890380,5827961390,2928990,경상이전수입,에너지및자원사업특별회계,2010,보건복지부,5953489310,2928990,6475938090,125527920,125527920,0,5956418300
자본계정,0,0,0,재산수입,국립재활원,2010,보건복지부,0,0,0,0,0,0,0
손익계정,0,0,0,재산수입,국립재활원,2010,보건복지부,0,53913700,41333250,53913700,0,53913700,53913700
손익계정,0,0,0,경상이전수입,국립재활원,2010,보건복지부,0,0,0,0,0,0,0
손익계정,16237690,16237690,0,재화및용역판매수입,국립재활원,2010,보건복지부,20308330,33274740,26647610,37345380,4070640,33274740,53583070
손익계정,0,0,0,관유물매각대,국립재활원,2010,보건복지부,0,0,0,0,0,0,0
손익계정,0,0,0,재산수입,국립목포병원,2010,보건복지부,0,0,0,0,0,0,0
손익계정,557960,557960,0,경상이전수입,국립목포병원,2010,보건복지부,557960,0,557960,0,0,0,557960
손익계정,0,0,0,재화및용역판매수입,국립목포병원,2010,보건복지부,3990,37900,68600,41890,3990,37900,41890
손익계정,0,0,0,관유물매각대,국립목포병원,2010,보건복지부,0,0,0,0,0,0,0
손익계정,0,0,0,재산수입,국립마산병원,2010,보건복지부,0,0,0,0,0,0,0
손익계정,0,0,0,경상이전수입,국립마산병원,2010,보건복지부,0,0,0,0,0,0,0
손익계정,0,0,0,재화및용역판매수입,국립마산병원,2010,보건복지부,10950,649430110,0,649441060,10950,649430110,649441060
손익계정,0,0,0,재산수입,국립정신건강센터,2010,보건복지부,0,0,0,0,0,0,0
손익계정,0,0,0,경상이전수입,국립정신건강센터,2010,보건복지부,0,0,0,0,0,0,0
손익계정,0,0,0,재화및용역판매수입,국립정신건강센터,2010,보건복지부,0,1311172450,0,1311172450,0,1311172450,1311172450
손익계정,0,0,0,관유물매각대,국립정신건강센터,2010,보건복지부,0,0,0,0,0,0,0
손익계정,0,0,0,재산수입,국립나주병원,2010,보건복지부,0,0,0,0,0,0,0
손익계정,0,0,0,경상이전수입,국립나주병원,2010,보건복지부,0,0,0,0,0,0,0
손익계정,0,0,0,재화및용역판매수입,국립나주병원,2010,보건복지부,0,731647560,0,731647560,0,731647560,731647560
손익계정,0,0,0,관유물매각대,국립나주병원,2010,보건복지부,0,0,0,0,0,0,0
자본계정,0,0,0,재산수입,국립부곡병원,2010,보건복지부,0,0,0,0,0,0,0
손익계정,0,0,0,재산수입,국립부곡병원,2010,보건복지부,0,0,0,0,0,0,0
손익계정,0,0,0,경상이전수입,국립부곡병원,2010,보건복지부,0,0,0,0,0,0,0
손익계정,0,0,0,재화및용역판매수입,국립부곡병원,2010,보건복지부,458793540,0,0,458793540,458793540,0,458793540
손익계정,0,0,0,재산수입,국립춘천병원,2010,보건복지부,0,0,0,0,0,0,0
손익계정,0,0,0,경상이전수입,국립춘천병원,2010,보건복지부,0,0,0,0,0,0,0
손익계정,0,0,0,재화및용역판매수입,국립춘천병원,2010,보건복지부,0,385932080,0,385932080,0,385932080,385932080
손익계정,0,0,0,관유물매각대,국립춘천병원,2010,보건복지부,0,0,0,0,0,0,0
손익계정,0,0,0,재산수입,국립공주병원,2010,보건복지부,0,0,0,0,0,0,0
손익계정,0,0,0,경상이전수입,국립공주병원,2010,보건복지부,0,0,0,0,0,0,0
손익계정,0,0,0,재화및용역판매수입,국립공주병원,2010,보건복지부,520888980,0,0,520888980,520888980,0,520888980
손익계정,0,0,0,관유물매각대,국립공주병원,2010,보건복지부,0,0,0,0,0,0,0
손익계정,0,0,0,재산수입,국립의료원,2010,보건복지부,0,0,43135640,0,0,0,0
손익계정,0,0,0,경상이전수입,국립의료원,2010,보건복지부,0,0,4155670,0,0,0,0
손익계정,0,0,0,재화및용역판매수입,국립의료원,2010,보건복지부,0,0,9255093359,0,0,0,0
손익계정,0,0,0,융자회수금,국립의료원,2010,보건복지부,0,0,1910749560,0,0,0,0
,2.48648E+12,0,2.48648E+12,융자회수금,국민연금기금,2010,보건복지부,0,3.36282E+12,2.62774E+12,8.76336E+11,0,8.76336E+11,3.36282E+12
,4.8619E+12,0,4.8619E+12,예금및예탁금,국민연금기금,2010,보건복지부,0,1.28357E+13,6.30432E+12,7.97375E+12,0,7.97375E+12,1.28357E+13
,0,0,0,재산수입,국민건강증진기금,2010,보건복지부,0,0,1883160,0,0,0,0
,0,0,0,경상이전수입,국민건강증진기금,2010,보건복지부,0,0,5317966560,0,0,0,0
국민건강증진계정,0,0,0,재산수입,국민건강증진기금,2010,보건복지부,222020,0,0,222020,222020,0,222020
국민건강증진계정,2705460760,2705460760,0,경상이전수입,국민건강증진기금,2010,보건복지부,6049065420,0,0,3343604660,3343604660,0,6049065420
국민건강증진계정,0,0,0,예금및예탁금,국민건강증진기금,2010,보건복지부,0,33965376430,0,33965376430,0,33965376430,33965376430
,76300,76300,0,재산수입,응급의료기금,2010,보건복지부,2843700,0,116940,2767400,2767400,0,2843700
,34316890,34316890,0,경상이전수입,응급의료기금,2010,보건복지부,648488040,0,548983730,614171150,614171150,0,648488040
,43607000000,0,43607000000,융자회수금,응급의료기금,2010,보건복지부,0,53607000000,45407000000,10000000000,0,10000000000,53607000000
,0,0,0,예금및예탁금,응급의료기금,2010,보건복지부,0,0,12825227904,0,0,0,0
,0,0,0,재산수입,일반회계,2010,여성가족부,5897100,0,0,5897100,5897100,0,5897100
,7847620,7847620,0,경상이전수입,일반회계,2010,여성가족부,1332738530,0,229586660,1324890910,1324890910,0,1332738530
,0,0,0,재화및용역판매수입,일반회계,2010,여성가족부,0,0,0,0,0,0,0
,0,0,0,재산수입,청소년육성기금,2010,여성가족부,2532890,0,1009990,2532890,2532890,0,2532890
,236010600,236010600,0,경상이전수입,청소년육성기금,2010,여성가족부,496221350,0,808589020,260210750,260210750,0,496221350
,6881540000,0,6881540000,융자회수금,청소년육성기금,2010,여성가족부,0,6881540000,9670650000,0,0,0,6881540000
,0,0,0,예금및예탁금,청소년육성기금,2010,여성가족부,0,2215155555,0,2215155555,0,2215155555,2215155555
,0,0,0,재산수입,양성평등기금,2010,여성가족부,509790,0,282960,509790,509790,0,509790
,0,0,0,경상이전수입,양성평등기금,2010,여성가족부,168631660,0,358742920,168631660,168631660,0,168631660
,744527910,377328350,367199560,융자회수금,양성평등기금,2010,여성가족부,377328350,367199560,2571339010,0,0,0,744527910
,0,0,0,예금및예탁금,양성평등기금,2010,여성가족부,0,854173716,8500000000,854173716,0,854173716,854173716
,1207152400,1206238060,914340,재산수입,일반회계,2010,국토해양부,2286147450,283328810,2416044930,1362323860,1079909390,282414470,2569476260
,2232396480,2219102320,13294160,경상이전수입,일반회계,2010,국토해양부,4929798020,12441452540,2590305690,15138854080,2710695700,12428158380,17371250560
,104361110,104361110,0,재화및용역판매수입,일반회계,2010,국토해양부,126198760,257082730,142947850,278920380,21837650,257082730,383281490
,0,0,0,관유물매각대,일반회계,2010,국토해양부,0,796050000,2339391700,796050000,0,796050000,796050000
,119174110,0,119174110,기타수입,일반회계,2010,국토해양부,0,119174110,119795800,0,0,0,119174110
도로계정,7594868650,6784824180,810044470,재산수입,교통시설특별회계,2010,국토해양부,8834415770,1325801650,8152182700,2565348770,2049591590,515757180,10160217420
도로계정,1025067740,1025067740,0,경상이전수입,교통시설특별회계,2010,국토해양부,1229917600,471163790,1090919340,676013650,204849860,471163790,1701081390
도로계정,115150750,115150750,0,재화및용역판매수입,교통시설특별회계,2010,국토해양부,115489750,0,119620030,339000,339000,0,115489750
도로계정,0,0,0,관유물매각대,교통시설특별회계,2010,국토해양부,19728870,0,297784770,19728870,19728870,0,19728870
도로계정,0,0,0,융자회수금,교통시설특별회계,2010,국토해양부,0,0,5.5476E+11,0,0,0,0
철도계정,3651260280,3651260280,0,재산수입,교통시설특별회계,2010,국토해양부,3651260280,113944280,4045590720,113944280,0,113944280,3765204560
철도계정,7004381960,7004381960,0,경상이전수입,교통시설특별회계,2010,국토해양부,7100807600,0,7697002200,96425640,96425640,0,7100807600
철도계정,0,0,0,재화및용역판매수입,교통시설특별회계,2010,국토해양부,0,0,0,0,0,0,0
철도계정,0,0,0,관유물매각대,교통시설특별회계,2010,국토해양부,0,916987100,2671976300,916987100,0,916987100,916987100
철도계정,1.21294E+12,0,1.21294E+12,융자회수금,교통시설특별회계,2010,국토해양부,0,1.21294E+12,1.3017E+12,0,0,0,1.21294E+12
공항계정,0,0,0,재산수입,교통시설특별회계,2010,국토해양부,3078460,0,39910,3078460,3078460,0,3078460
공항계정,63456600,63456600,0,경상이전수입,교통시설특별회계,2010,국토해양부,63464240,0,67301760,7640,7640,0,63464240
공항계정,0,0,0,재화및용역판매수입,교통시설특별회계,2010,국토해양부,0,0,0,0,0,0,0
항만계정,1202060230,1034597450,167462780,재산수입,교통시설특별회계,2010,국토해양부,1036389680,216474410,1323202180,50803860,1792230,49011630,1252864090
항만계정,1359672190,1359670580,1610,경상이전수입,교통시설특별회계,2010,국토해양부,1635760100,21415720,2781208640,297503630,276089520,21414110,1657175820
항만계정,5403067980,5383868110,19199870,재화및용역판매수입,교통시설특별회계,2010,국토해양부,9676807410,5846293580,15495377760,10120033010,4292939300,5827093710,15523100990
항만계정,2045523150,300000000,1745523150,관유물매각대,교통시설특별회계,2010,국토해양부,300000000,1745523150,2065535550,0,0,0,2045523150
항만계정,3.29245E+11,0,3.29245E+11,융자회수금,교통시설특별회계,2010,국토해양부,0,3.29245E+11,3.56178E+11,0,0,0,3.29245E+11
광역교통시설계정,0,0,0,경상이전수입,교통시설특별회계,2010,국토해양부,0,0,94506462690,0,0,0,0
광역교통시설계정,0,0,0,재화및용역판매수입,교통시설특별회계,2010,국토해양부,0,0,7079520,0,0,0,0
교통체계관리계정,0,0,0,재산수입,교통시설특별회계,2010,국토해양부,0,0,0,0,0,0,0
교통체계관리계정,0,0,0,경상이전수입,교통시설특별회계,2010,국토해양부,0,0,25619000000,0,0,0,0
교통체계관리계정,1.443E+11,0,1.443E+11,융자회수금,교통시설특별회계,2010,국토해양부,0,1.443E+11,1.89946E+11,0,0,0,1.443E+11
투자계정,0,0,0,경상이전수입,에너지및자원사업특별회계,2010,국토해양부,0,0,0,0,0,0,0
지역개발계정,7725270,4932350,2792920,재산수입,광역지역발전특별회계,2010,국토해양부,10161560,17678440,165627290,20114730,5229210,14885520,27840000
지역개발계정,4.63353E+11,2.6807E+11,1.95283E+11,경상이전수입,광역지역발전특별회계,2010,국토해양부,3.05964E+11,4.51975E+11,7.04331E+11,2.94586E+11,37894278610,2.56691E+11,7.57939E+11
지역개발계정,9870270,9870270,0,재화및용역판매수입,광역지역발전특별회계,2010,국토해양부,29351940,179732370,10985550,199214040,19481670,179732370,209084310
지역개발계정,0,0,0,관유물매각대,광역지역발전특별회계,2010,국토해양부,0,0,32203970,0,0,0,0
지역개발계정,0,0,0,융자회수금,광역지역발전특별회계,2010,국토해양부,0,0,18339724580,0,0,0,0
광역발전계정,122789400,122789400,0,재산수입,광역지역발전특별회계,2010,국토해양부,125404570,973600,27590,3588770,2615170,973600,126378170
광역발전계정,76747593600,69866176400,6881417200,경상이전수입,광역지역발전특별회계,2010,국토해양부,1.07782E+11,63833675760,13531965960,94868059630,37915801070,56952258560,1.71616E+11
광역발전계정,13834040,13834040,0,재화및용역판매수입,광역지역발전특별회계,2010,국토해양부,13834040,0,6824450,0,0,0,13834040
광역발전계정,32203970,32203970,0,관유물매각대,광역지역발전특별회계,2010,국토해양부,32203970,0,0,0,0,0,32203970
광역발전계정,10241166000,0,10241166000,융자회수금,광역지역발전특별회계,2010,국토해양부,0,10241166000,0,0,0,0,10241166000
자본계정,0,0,0,경상이전수입,대산지방해양수산청,2010,국토해양부,0,0,513530,0,0,0,0
자본계정,0,0,0,재화및용역판매수입,대산지방해양수산청,2010,국토해양부,0,0,0,0,0,0,0
자본계정,0,0,0,관유물매각대,대산지방해양수산청,2010,국토해양부,0,0,21300000,0,0,0,0
손익계정,36044480,36044480,0,재산수입,대산지방해양수산청,2010,국토해양부,36310130,0,36507510,265650,265650,0,36310130
손익계정,33608970,33608970,0,경상이전수입,대산지방해양수산청,2010,국토해양부,38099200,2230,47352080,4492460,4490230,2230,38101430
손익계정,28789810,28789810,0,재화및용역판매수입,대산지방해양수산청,2010,국토해양부,30425430,432252120,694541240,433887740,1635620,432252120,462677550
,6092671280,0,6092671280,재화및용역판매수입,주택도시기금,2010,국토해양부,0,24045617254,40682961308,17952945974,0,17952945974,24045617254
,5.96387E+13,2.97145E+11,5.93416E+13,융자회수금,주택도시기금,2010,국토해양부,2.97214E+11,7.0518E+13,6.81612E+13,1.11764E+13,68757360,1.11764E+13,7.08152E+13
,0,0,0,예금및예탁금,주택도시기금,2010,국토해양부,0,1.79601E+12,2.42184E+12,1.79601E+12,0,1.79601E+12,1.79601E+12
,0,0,0,재산수입,일반회계,2010,방송통신위원회,0,0,0,0,0,0,0
,1013913160,1013913160,0,경상이전수입,일반회계,2010,방송통신위원회,2532821420,72793900,1059331000,1591702160,1518908260,72793900,2605615320
,11559409570,11559409570,0,재화및용역판매수입,일반회계,2010,방송통신위원회,11768233430,9681880,11836089390,218505740,208823860,9681880,11777915310
,0,0,0,관유물매각대,일반회계,2010,방송통신위원회,0,0,0,0,0,0,0
,0,0,0,융자회수금,일반회계,2010,방송통신위원회,0,0,7392480000,0,0,0,0
,41910400,0,41910400,기타수입,일반회계,2010,방송통신위원회,0,41910400,42118910,0,0,0,41910400
,0,0,0,재산수입,혁신도시건설특별회계,2010,방송통신위원회,0,0,0,0,0,0,0
,0,0,0,재산수입,방송통신발전기금,2010,방송통신위원회,0,0,0,0,0,0,0
,22500000,22500000,0,경상이전수입,방송통신발전기금,2010,방송통신위원회,122044760,24565092450,24505211800,24664637210,99544760,24565092450,24687137210
,33424870000,0,33424870000,융자회수금,방송통신발전기금,2010,방송통신위원회,0,56858870000,47672070000,23434000000,0,23434000000,56858870000
,0,0,0,예금및예탁금,방송통신발전기금,2010,방송통신위원회,0,1.75182E+11,2.2058E+11,1.75182E+11,0,1.75182E+11,1.75182E+11
,0,0,0,재산수입,일반회계,2010,금융위원회,0,0,0,0,0,0,0
,0,0,0,경상이전수입,일반회계,2010,금융위원회,0,0,73061490,0,0,0,0
,3590040320,0,3590040320,융자회수금,일반회계,2010,금융위원회,0,3590040320,4734234050,0,0,0,3590040320
,0,0,0,재산수입,농어가목돈마련저축장려기금,2010,금융위원회,0,0,0,0,0,0,0
,0,0,0,경상이전수입,농어가목돈마련저축장려기금,2010,금융위원회,0,0,0,0,0,0,0
,0,0,0,예금및예탁금,농어가목돈마련저축장려기금,2010,금융위원회,0,27690000000,27030000000,27690000000,0,27690000000,27690000000
,0,0,0,재산수입,공적자금상환기금,2010,금융위원회,0,0,0,0,0,0,0
,0,0,0,예금및예탁금,공적자금상환기금,2010,금융위원회,0,6900000000,7300000000,6900000000,0,6900000000,6900000000
,0,0,0,경상이전수입,일반회계,2010,국민권익위원회,0,0,0,0,0,0,0
,0,0,0,재산수입,일반회계,2011,감사원,0,0,0,0,0,0,0
,228034450,228034450,0,경상이전수입,일반회계,2011,감사원,228034450,21232800,228034450,21232800,0,21232800,249267250
,0,0,0,재화및용역판매수입,일반회계,2011,감사원,0,0,0,0,0,0,0
,566734800,60360000,506374800,기타수입,일반회계,2011,감사원,60360000,778474800,763574800,272100000,0,272100000,838834800
,0,0,0,재산수입,일반회계,2011,국회,0,0,0,0,0,0,0
,2997620,2997620,0,경상이전수입,일반회계,2011,국회,84266220,0,7210539840,81268600,81268600,0,84266220
,0,0,0,재화및용역판매수입,일반회계,2011,국회,0,0,0,0,0,0,0
,0,0,0,관유물매각대,일반회계,2011,국회,0,0,0,0,0,0,0
,16646050,0,16646050,기타수입,일반회계,2011,국회,0,44934370,41951760,28288320,0,28288320,44934370
,0,0,0,재산수입,일반회계,2011,대법원,614611240,0,891140,614611240,614611240,0,614611240
,27874330,25846490,2027840,경상이전수입,일반회계,2011,대법원,29724290,2027840,30156300,3877800,3877800,0,31752130
,0,0,0,재화및용역판매수입,일반회계,2011,대법원,0,0,0,0,0,0,0
,0,0,0,관유물매각대,일반회계,2011,대법원,0,0,42861350,0,0,0,0
,392031240,383606540,8424700,기타수입,일반회계,2011,대법원,383606540,9198660,383881883,773960,0,773960,392805200
,0,0,0,재산수입,등기특별회계,2011,대법원,0,0,0,0,0,0,0
,0,0,0,경상이전수입,등기특별회계,2011,대법원,0,0,0,0,0,0,0
,0,0,0,재화및용역판매수입,등기특별회계,2011,대법원,0,0,0,0,0,0,0
,0,0,0,관유물매각대,등기특별회계,2011,대법원,281250,0,1500200000,281250,281250,0,281250
,207637500,207637500,0,기타수입,등기특별회계,2011,대법원,207637500,0,207637500,0,0,0,207637500
,0,0,0,경상이전수입,일반회계,2011,헌법재판소,0,0,0,0,0,0,0
,0,0,0,재화및용역판매수입,일반회계,2011,헌법재판소,0,0,0,0,0,0,0
,160960000,0,160960000,기타수입,일반회계,2011,헌법재판소,0,160960000,160960000,0,0,0,160960000
,0,0,0,재산수입,일반회계,2011,중앙선거관리위원회,0,0,0,0,0,0,0
,0,0,0,경상이전수입,일반회계,2011,중앙선거관리위원회,0,0,0,0,0,0,0
,0,0,0,재화및용역판매수입,일반회계,2011,중앙선거관리위원회,0,0,0,0,0,0,0
,0,0,0,관유물매각대,일반회계,2011,중앙선거관리위원회,0,0,0,0,0,0,0
,170720000,0,170720000,기타수입,일반회계,2011,중앙선거관리위원회,0,1512220000,3532591500,1341500000,0,1341500000,1512220000
,0,0,0,재산수입,일반회계,2011,국무조정실 및 국무총리비서실,0,0,0,0,0,0,0
,0,0,0,경상이전수입,일반회계,2011,국무조정실 및 국무총리비서실,0,0,1502010,0,0,0,0
,0,0,0,재화및용역판매수입,일반회계,2011,국무조정실 및 국무총리비서실,0,0,0,0,0,0,0
,0,0,0,재산수입,일반회계,2011,외교통상부,0,0,0,0,0,0,0
,0,0,0,경상이전수입,일반회계,2011,외교통상부,0,0,0,0,0,0,0
,0,0,0,재화및용역판매수입,일반회계,2011,외교통상부,0,0,0,0,0,0,0
,2572081348,346497547,2225583801,기타수입,일반회계,2011,외교통상부,369927206,3606937939,3865449771,1404783797,23429659,1381354138,3976865145
,103478890,95502460,7976430,재산수입,일반회계,2011,법무부,773463650,10670020,114908700,680654780,677961190,2693590,784133670
,540513090,540513090,0,경상이전수입,일반회계,2011,법무부,1644043090,111650,585531400,1103641650,1103530000,111650,1644154740
,0,0,0,재화및용역판매수입,일반회계,2011,법무부,525000,9970000,24050,10495000,525000,9970000,10495000
,87736850,51618600,36118250,관유물매각대,일반회계,2011,법무부,51618600,409247490,96492830,373129240,0,373129240,460866090
,8705000,0,8705000,기타수입,일반회계,2011,법무부,0,53705000,879477200,45000000,0,45000000,53705000
,0,0,0,재산수입,교도작업특별회계,2011,법무부,0,0,0,0,0,0,0
,0,0,0,경상이전수입,교도작업특별회계,2011,법무부,0,0,0,0,0,0,0
,0,0,0,재화및용역판매수입,교도작업특별회계,2011,법무부,61047520,22382130,79813320,83429650,61047520,22382130,83429650
,0,0,0,관유물매각대,교도작업특별회계,2011,법무부,0,0,0,0,0,0,0
,0,0,0,관유물매각대,혁신도시건설특별회계,2011,법무부,0,0,0,0,0,0,0
,0,0,0,경상이전수입,범죄피해자보호기금,2011,법무부,0,0,0,0,0,0,0
,0,0,0,예금및예탁금,범죄피해자보호기금,2011,법무부,0,10785899527,0,10785899527,0,10785899527,10785899527
,4836025950,4836025950,0,재산수입,일반회계,2011,국방부,5083796450,178011530,5246506410,425782030,247770500,178011530,5261807980
,14802442240,14767053580,35388660,경상이전수입,일반회계,2011,국방부,21213960490,969843060,20444769570,7381361310,6446906910,934454400,22183803550
,1223911380,1223911380,0,재화및용역판매수입,일반회계,2011,국방부,1253248530,35230,1513566110,29372380,29337150,35230,1253283760
,0,0,0,관유물매각대,일반회계,2011,국방부,0,0,4254760,0,0,0,0
,1.44024E+11,0,1.44024E+11,융자회수금,일반회계,2011,국방부,0,1.44024E+11,1.44024E+11,0,0,0,1.44024E+11
,834000,90000,744000,기타수입,일반회계,2011,국방부,90000,744000,1044000,0,0,0,834000
,61003010,61003010,0,재산수입,주한미군기지이전특별회계,2011,국방부,104483440,1380520,95958970,44860950,43480430,1380520,105863960
,319886810,319886810,0,경상이전수입,주한미군기지이전특별회계,2011,국방부,331707710,3692150,345832860,15513050,11820900,3692150,335399860
,13587130,13587130,0,재화및용역판매수입,주한미군기지이전특별회계,2011,국방부,13587130,0,13587130,0,0,0,13587130
,0,0,0,관유물매각대,주한미군기지이전특별회계,2011,국방부,164017390,21432400,559794300,185449790,164017390,21432400,185449790
,0,0,0,재산수입,국방·군사시설이전특별회계,2011,국방부,0,0,1093640,0,0,0,0
,897712220,897712220,0,경상이전수입,국방·군사시설이전특별회계,2011,국방부,1097712220,0,1107712220,200000000,200000000,0,1097712220
,645439500,645439500,0,관유물매각대,국방·군사시설이전특별회계,2011,국방부,680629500,90888000,2409139350,126078000,35190000,90888000,771517500
,1948195750,1948195750,0,경상이전수입,군인연금기금,2011,국방부,2261231850,94770130,2241118410,407806230,313036100,94770130,2356001980
,30424000000,0,30424000000,예금및예탁금,군인연금기금,2011,국방부,0,30424000000,1.11266E+11,0,0,0,30424000000
,550359427,442259625,108099802,재산수입,군인복지기금,2011,국방부,1171672528,636329922,1434394150,1257643023,729412903,528230120,1808002450
,1798654570,1370628250,428026320,경상이전수입,군인복지기금,2011,국방부,1772903860,831757530,2323240350,806006820,402275610,403731210,2604661390
,34880,34880,0,재화및용역판매수입,군인복지기금,2011,국방부,468703430,0,1344314010,468668550,468668550,0,468703430
,3.71351E+11,12053211310,3.59298E+11,융자회수금,군인복지기금,2011,국방부,12490261310,5.06813E+11,4.88633E+11,1.47952E+11,437050000,1.47515E+11,5.19303E+11
,0,0,0,기타수입,군인복지기금,2011,국방부,0,0,322630,0,0,0,0
,84669382264,65891951420,18777430844,예금및예탁금,군인복지기금,2011,국방부,91389948090,1.88841E+11,2.8366E+11,1.95562E+11,25497996670,1.70064E+11,2.80231E+11
,328410,328410,0,재산수입,일반회계,2011,고용노동부,6989660,339600,11430920,7000850,6661250,339600,7329260
,1440211410,1440211410,0,경상이전수입,일반회계,2011,고용노동부,3139384670,135183600,5406999470,1834356860,1699173260,135183600,3274568270
,779000,779000,0,재화및용역판매수입,일반회계,2011,고용노동부,797000,0,805500,18000,18000,0,797000
,0,0,0,관유물매각대,일반회계,2011,고용노동부,0,0,26500,0,0,0,0
,649949100,0,649949100,기타수입,일반회계,2011,고용노동부,0,840949100,696149100,191000000,0,191000000,840949100
투자계정,210390100,210390100,0,경상이전수입,에너지및자원사업특별회계,2011,고용노동부,210390100,254400,323817060,254400,0,254400,210644500
투자계정,3475420,3475420,0,재화및용역판매수입,에너지및자원사업특별회계,2011,고용노동부,3475420,0,3475420,0,0,0,3475420
,1.60459E+11,1.60459E+11,0,사회보장기여금,산업재해보상보험및예방기금,2011,고용노동부,3.82362E+11,2.93413E+11,2.65646E+11,5.15316E+11,2.21904E+11,2.93413E+11,6.75775E+11
,250570,250570,0,재산수입,산업재해보상보험및예방기금,2011,고용노동부,2871430,102320470,250570,104941330,2620860,102320470,105191900
,2.35073E+11,2.35073E+11,0,경상이전수입,산업재해보상보험및예방기금,2011,고용노동부,3.33122E+11,18714751870,3.15088E+11,1.16764E+11,98048852580,18714751870,3.51836E+11
,378538780,378538780,0,재화및용역판매수입,산업재해보상보험및예방기금,2011,고용노동부,465504810,0,391115320,86966030,86966030,0,465504810
,0,0,0,관유물매각대,산업재해보상보험및예방기금,2011,고용노동부,0,2128261250,1785960000,2128261250,0,2128261250,2128261250
,5.97049E+11,0,5.97049E+11,융자회수금,산업재해보상보험및예방기금,2011,고용노동부,0,7.16083E+11,7.08786E+11,1.19035E+11,0,1.19035E+11,7.16083E+11
,1479525080,1479525080,0,예금및예탁금,산업재해보상보험및예방기금,2011,고용노동부,1479525080,1.00215E+12,9.44991E+11,1.00215E+12,0,1.00215E+12,1.00363E+12
,0,0,0,재산수입,장애인고용촉진및직업재활기금,2011,고용노동부,0,0,0,0,0,0,0
,3536221980,3536221980,0,경상이전수입,장애인고용촉진및직업재활기금,2011,고용노동부,6158927150,384218470,5235073540,3006923640,2622705170,384218470,6543145620
,64839250440,0,64839250440,융자회수금,장애인고용촉진및직업재활기금,2011,고용노동부,0,65299250440,83411134040,460000000,0,460000000,65299250440
,0,0,0,예금및예탁금,장애인고용촉진및직업재활기금,2011,고용노동부,0,30882872360,11545548530,30882872360,0,30882872360,30882872360
,1.10259E+11,1.10259E+11,0,사회보장기여금,고용보험기금,2011,고용노동부,2.36158E+11,3.73908E+11,1.83106E+11,4.99807E+11,1.25898E+11,3.73908E+11,6.10066E+11
,18600,18600,0,재산수입,고용보험기금,2011,고용노동부,256780,10200,156500,248380,238180,10200,266980
,65132715420,65132715420,0,경상이전수입,고용보험기금,2011,고용노동부,1.20074E+11,15026412440,1.08261E+11,69967662020,54941249580,15026412440,1.351E+11
,35780790,35780790,0,재화및용역판매수입,고용보험기금,2011,고용노동부,47945770,0,48453950,12164980,12164980,0,47945770
,3.49572E+11,715312880,3.48857E+11,융자회수금,고용보험기금,2011,고용노동부,715312880,4.56306E+11,4.78572E+11,1.0745E+11,0,1.0745E+11,4.57021E+11
,0,0,0,예금및예탁금,고용보험기금,2011,고용노동부,0,8.23618E+11,5.88901E+11,8.23618E+11,0,8.23618E+11,8.23618E+11
,18746250,18746250,0,재산수입,임금채권보장기금,2011,고용노동부,180317450,0,42753300,161571200,161571200,0,180317450
,6.55146E+11,6.55146E+11,0,경상이전수입,임금채권보장기금,2011,고용노동부,8.82848E+11,17786674840,8.47849E+11,2.45489E+11,2.27702E+11,17786674840,9.00635E+11
,20000000,0,20000000,융자회수금,임금채권보장기금,2011,고용노동부,0,20000000,20000000,0,0,0,20000000
,0,0,0,예금및예탁금,임금채권보장기금,2011,고용노동부,0,1.12991E+11,71660000000,1.12991E+11,0,1.12991E+11,1.12991E+11
,4797050,4797050,0,재산수입,일반회계,2011,통일부,7423900,124325670,9965300,126952520,2626850,124325670,131749570
,1000000,1000000,0,경상이전수입,일반회계,2011,통일부,1000000,0,1000000,0,0,0,1000000
,0,0,0,재화및용역판매수입,일반회계,2011,통일부,0,0,0,0,0,0,0
,231380000,0,231380000,기타수입,일반회계,2011,통일부,0,231380000,231380000,0,0,0,231380000
,0,0,0,재산수입,남북협력기금,2011,통일부,0,0,0,0,0,0,0
,0,0,0,경상이전수입,남북협력기금,2011,통일부,0,0,0,0,0,0,0
,0,0,0,재화및용역판매수입,남북협력기금,2011,통일부,0,0,0,0,0,0,0
,2.71457E+12,6669157650,2.7079E+12,융자회수금,남북협력기금,2011,통일부,6669157650,2.73427E+12,2.73434E+12,26371266969,0,26371266969,2.74094E+12
,0,0,0,예금및예탁금,남북협력기금,2011,통일부,0,5.01748E+11,5.19722E+11,5.01748E+11,0,5.01748E+11,5.01748E+11
,0,0,0,경상이전수입,일반회계,2011,법제처,0,0,0,0,0,0,0
,6670,6670,0,재산수입,일반회계,2011,국가보훈부,6670,7060,28920,7060,0,7060,13730
,1696790180,1695480180,1310000,경상이전수입,일반회계,2011,국가보훈부,2673676240,19680800,2149623640,996566860,978196060,18370800,2693357040
,0,0,0,재화및용역판매수입,일반회계,2011,국가보훈부,0,0,88730,0,0,0,0
,0,0,0,관유물매각대,일반회계,2011,국가보훈부,0,0,0,0,0,0,0
,836710000,0,836710000,기타수입,일반회계,2011,국가보훈부,0,836710000,20210000,0,0,0,836710000
투자계정,0,0,0,경상이전수입,에너지및자원사업특별회계,2011,국가보훈부,307040,7253550,1535370,7560590,307040,7253550,7560590
,0,0,0,재산수입,순국선열애국지사사업기금,2011,국가보훈부,17625170,196666340,122079780,214291510,17625170,196666340,214291510
,0,0,0,경상이전수입,순국선열애국지사사업기금,2011,국가보훈부,8150000,1904000,2142000,10054000,8150000,1904000,10054000
,0,0,0,재화및용역판매수입,순국선열애국지사사업기금,2011,국가보훈부,0,0,0,0,0,0,0
,0,0,0,관유물매각대,순국선열애국지사사업기금,2011,국가보훈부,144232940,3503915190,3473546080,3648148130,144232940,3503915190,3648148130
,0,0,0,예금및예탁금,순국선열애국지사사업기금,2011,국가보훈부,0,0,7674000000,0,0,0,0
국가유공자지원자금,743540610,743540610,0,재산수입,보훈기금,2011,국가보훈부,1113472550,0,950647880,369931940,369931940,0,1113472550
국가유공자지원자금,0,0,0,경상이전수입,보훈기금,2011,국가보훈부,0,0,0,0,0,0,0
국가유공자지원자금,0,0,0,관유물매각대,보훈기금,2011,국가보훈부,0,0,0,0,0,0,0
국가유공자지원자금,1.60598E+11,5085766640,1.55512E+11,융자회수금,보훈기금,2011,국가보훈부,7631491540,1.74949E+11,2.20702E+11,21982355880,2545724900,19436630980,1.8258E+11
국가유공자지원자금,0,0,0,예금및예탁금,보훈기금,2011,국가보훈부,0,78796390705,49900000000,78796390705,0,78796390705,78796390705
참전유공자·제대군인지원자금,753596600,753596600,0,재산수입,보훈기금,2011,국가보훈부,992542740,0,886244560,238946140,238946140,0,992542740
참전유공자·제대군인지원자금,0,0,0,경상이전수입,보훈기금,2011,국가보훈부,0,0,0,0,0,0,0
참전유공자·제대군인지원자금,24064042010,2324285470,21739756540,융자회수금,보훈기금,2011,국가보훈부,3241715830,24491153860,34875333960,3668827680,917430360,2751397320,27732869690
참전유공자·제대군인지원자금,0,0,0,예금및예탁금,보훈기금,2011,국가보훈부,0,70813989041,1.05E+11,70813989041,0,70813989041,70813989041
5·18 민주유공자지원자금,61904320,61904320,0,재산수입,보훈기금,2011,국가보훈부,108892400,0,74256080,46988080,46988080,0,108892400
5·18 민주유공자지원자금,3618587250,500474690,3118112560,융자회수금,보훈기금,2011,국가보훈부,740901270,3314359650,4708400920,436673670,240426580,196247090,4055260920
5·18 민주유공자지원자금,0,0,0,예금및예탁금,보훈기금,2011,국가보훈부,0,5500000000,8000000000,5500000000,0,5500000000,5500000000
특수임무유공자지원자금,18947550,18947550,0,재산수입,보훈기금,2011,국가보훈부,34554410,0,26553730,15606860,15606860,0,34554410
특수임무유공자지원자금,1540934110,175951130,1364982980,융자회수금,보훈기금,2011,국가보훈부,326874550,1405033080,2012766470,190973520,150923420,40050100,1731907630
특수임무유공자지원자금,0,0,0,예금및예탁금,보훈기금,2011,국가보훈부,0,4000000000,6000000000,4000000000,0,4000000000,4000000000
,1474054090,1350460760,123593330,재산수입,일반회계,2011,산림청,2112315370,157581460,2072360300,795842740,761854610,33988130,2269896830
,25488923940,25243094090,245829850,경상이전수입,일반회계,2011,산림청,30745985760,410341660,28578818010,5667403480,5502891670,164511810,31156327420
,118191140,118191140,0,재화및용역판매수입,일반회계,2011,산림청,128752820,93714520,137728690,104276200,10561680,93714520,222467340
,5206755240,2898231000,2308524240,관유물매각대,일반회계,2011,산림청,3010355790,2688801900,8065428820,492402450,112124790,380277660,5699157690
,70000000,0,70000000,융자회수금,일반회계,2011,산림청,0,70000000,164781000,0,0,0,70000000
,0,0,0,기타수입,일반회계,2011,산림청,0,0,0,0,0,0,0
임업진흥사업계정,4823220,4823220,0,재산수입,농어촌구조개선특별회계,2011,산림청,5206980,16800,5081270,400560,383760,16800,5223780
임업진흥사업계정,20735107920,20064656120,670451800,경상이전수입,농어촌구조개선특별회계,2011,산림청,37674933420,8280235700,48362549720,25220061200,17610277300,7609783900,45955169120
임업진흥사업계정,0,0,0,재화및용역판매수입,농어촌구조개선특별회계,2011,산림청,35410,0,594460,35410,35410,0,35410
임업진흥사업계정,0,0,0,관유물매각대,농어촌구조개선특별회계,2011,산림청,64700000,1597619280,454687000,1662319280,64700000,1597619280,1662319280
임업진흥사업계정,3.01508E+11,0,3.01508E+11,융자회수금,농어촌구조개선특별회계,2011,산림청,0,3.32686E+11,3.51865E+11,31178725000,0,31178725000,3.32686E+11
자본계정,0,0,0,관유물매각대,국립자연휴양림관리소,2011,산림청,0,0,0,0,0,0,0
손익계정,0,0,0,재산수입,국립자연휴양림관리소,2011,산림청,0,0,0,0,0,0,0
손익계정,21733860,21733860,0,경상이전수입,국립자연휴양림관리소,2011,산림청,21733860,0,21733860,0,0,0,21733860
손익계정,0,0,0,재화및용역판매수입,국립자연휴양림관리소,2011,산림청,0,0,0,0,0,0,0
,2.14277E+12,1.4705E+12,6.72273E+11,내국세,일반회계,2011,국세청,4.88E+12,5.40179E+12,8.88325E+12,8.13902E+12,3.4095E+12,4.72952E+12,1.02818E+13
,10814530,10814530,0,방위세,일반회계,2011,국세청,10814530,0,16447790,0,0,0,10814530
,34914240,34914230,10,교통·에너지·환경세,일반회계,2011,국세청,921003520,17167275940,2511415050,18053365220,886089290,17167275930,18088279460
,475716450,475716450,0,교육세,일반회계,2011,국세청,3655119420,6568943440,6925088610,9748346410,3179402970,6568943440,10224062860
,9827851770,9109939890,717911880,농어촌특별세,일반회계,2011,국세청,26202024740,55381192920,80885586620,71755365890,17092084850,54663281040,81583217660
,846815520,846815520,0,재산수입,일반회계,2011,국세청,846815520,0,846815520,0,0,0,846815520
,4.842E+11,4.842E+11,0,경상이전수입,일반회계,2011,국세청,7.6587E+11,177448360,6.73885E+11,2.81847E+11,2.8167E+11,177448360,7.66048E+11
,3750000,0,3750000,기타수입,일반회계,2011,국세청,0,3750000,3750000,0,0,0,3750000
,41751169230,38154643560,3596525670,종합부동산세,일반회계,2011,국세청,1.18768E+11,2.66901E+11,3.88968E+11,3.43918E+11,80613728350,2.63305E+11,3.85669E+11
,32436633120,32436633120,0,내국세,일반회계,2011,관세청,52062497210,2.75325E+12,1.47199E+12,2.77288E+12,19625864090,2.75325E+12,2.80531E+12
,47796706060,43290511510,4506194550,관세,일반회계,2011,관세청,62541583610,5.92886E+11,4.11815E+11,6.07631E+11,19251072100,5.8838E+11,6.55427E+11
,0,0,0,방위세,일반회계,2011,관세청,0,0,0,0,0,0,0
,607030840,607030840,0,교통·에너지·환경세,일반회계,2011,관세청,607030840,5960000,823328380,5960000,0,5960000,612990840
,940340930,940340930,0,교육세,일반회계,2011,관세청,2100674870,55876584170,11954371740,57036918110,1160333940,55876584170,57977259040
,21687480,21687480,0,농어촌특별세,일반회계,2011,관세청,24864970,1270536580,2595327460,1273714070,3177490,1270536580,1295401550
,0,0,0,재산수입,일반회계,2011,관세청,0,133789120,0,133789120,0,133789120,133789120
,18634454520,18634454520,0,경상이전수입,일반회계,2011,관세청,31761444470,692830,28399599920,13127682780,13126989950,692830,31762137300
,0,0,0,재화및용역판매수입,일반회계,2011,관세청,39050540,9370830,43740350,48421370,39050540,9370830,48421370
,0,0,0,관유물매각대,일반회계,2011,관세청,0,0,0,0,0,0,0
,0,0,0,기타수입,일반회계,2011,관세청,0,0,0,0,0,0,0
,0,0,0,재산수입,일반회계,2011,병무청,0,0,0,0,0,0,0
,0,0,0,경상이전수입,일반회계,2011,병무청,0,0,0,0,0,0,0
,0,0,0,재화및용역판매수입,일반회계,2011,병무청,0,0,0,0,0,0,0
,0,0,0,관유물매각대,일반회계,2011,병무청,0,0,0,0,0,0,0
,7664830000,0,7664830000,융자회수금,일반회계,2011,병무청,0,7664830000,7667062000,0,0,0,7664830000
,590000,0,590000,기타수입,일반회계,2011,병무청,0,590000,590000,0,0,0,590000
,0,0,0,재산수입,일반회계,2011,농촌진흥청,0,39272800,0,39272800,0,39272800,39272800
,0,0,0,경상이전수입,일반회계,2011,농촌진흥청,0,19648780,110526460,19648780,0,19648780,19648780
,0,0,0,재화및용역판매수입,일반회계,2011,농촌진흥청,0,0,0,0,0,0,0
,0,0,0,관유물매각대,일반회계,2011,농촌진흥청,0,0,0,0,0,0,0
,510000,0,510000,기타수입,일반회계,2011,농촌진흥청,0,510000,510000,0,0,0,510000
구조개선사업계정,0,0,0,재산수입,농어촌구조개선특별회계,2011,농촌진흥청,0,0,0,0,0,0,0
구조개선사업계정,0,0,0,경상이전수입,농어촌구조개선특별회계,2011,농촌진흥청,0,321300,65487820,321300,0,321300,321300
구조개선사업계정,8260633230,0,8260633230,융자회수금,농어촌구조개선특별회계,2011,농촌진흥청,0,8260633230,10780535630,0,0,0,8260633230
,0,0,0,재산수입,혁신도시건설특별회계,2011,농촌진흥청,0,24093230,0,24093230,0,24093230,24093230
,2774399000,0,2774399000,관유물매각대,혁신도시건설특별회계,2011,농촌진흥청,0,2774399000,4188799000,0,0,0,2774399000
,0,0,0,재산수입,일반회계,2011,중소기업청,10100,0,90140,10100,10100,0,10100
,423822800,423822800,0,경상이전수입,일반회계,2011,중소기업청,660969230,0,785340450,237146430,237146430,0,660969230
,0,0,0,재화및용역판매수입,일반회계,2011,중소기업청,0,0,0,0,0,0,0
,0,0,0,관유물매각대,일반회계,2011,중소기업청,0,0,0,0,0,0,0
,90000,0,90000,기타수입,일반회계,2011,중소기업청,0,90000,90000,0,0,0,90000
자본계정,0,0,0,기타수입,특허청,2011,특허청,0,0,0,0,0,0,0
손익계정,0,0,0,재산수입,특허청,2011,특허청,0,0,0,0,0,0,0
손익계정,0,0,0,경상이전수입,특허청,2011,특허청,0,0,0,0,0,0,0
손익계정,0,0,0,재화및용역판매수입,특허청,2011,특허청,0,0,0,0,0,0,0
손익계정,0,0,0,관유물매각대,특허청,2011,특허청,0,0,0,0,0,0,0
손익계정,5308859500,0,5308859500,융자회수금,특허청,2011,특허청,0,5788922500,5888059500,480063000,0,480063000,5788922500
손익계정,7722830,0,7722830,기타수입,특허청,2011,특허청,0,7722830,7264810,0,0,0,7722830
,0,0,0,재산수입,혁신도시건설특별회계,2011,조달청,0,0,816916730,0,0,0,0
,0,0,0,관유물매각대,혁신도시건설특별회계,2011,조달청,5431231500,0,5431231500,5431231500,5431231500,0,5431231500
자본계정,91974720,0,91974720,재산수입,조달특별회계,2011,조달청,0,91974720,471291160,0,0,0,91974720
자본계정,0,0,0,경상이전수입,조달특별회계,2011,조달청,0,0,0,0,0,0,0
자본계정,8708307196,7941851456,766455740,관유물매각대,조달특별회계,2011,조달청,15399680636,2.96485E+11,2.31509E+11,3.03176E+11,7457829180,2.95718E+11,3.11885E+11
자본계정,75000000,0,75000000,기타수입,조달특별회계,2011,조달청,0,110000000,75000000,35000000,0,35000000,110000000
손익계정,0,0,0,재산수입,조달특별회계,2011,조달청,0,0,37704700,0,0,0,0
손익계정,0,0,0,경상이전수입,조달특별회계,2011,조달청,0,0,52099200,0,0,0,0
손익계정,128703600,128703600,0,재화및용역판매수입,조달특별회계,2011,조달청,329771820,1234336120,1840338840,1435404340,201068220,1234336120,1564107940
손익계정,5653272500,0,5653272500,융자회수금,조달특별회계,2011,조달청,0,5653272500,5653272500,0,0,0,5653272500
,7299970,7299970,0,재산수입,일반회계,2011,환경부,7299970,479480,7328850,479480,0,479480,7779450
,77818480,77818480,0,경상이전수입,일반회계,2011,환경부,79209160,0,77818480,1390680,1390680,0,79209160
,0,0,0,관유물매각대,일반회계,2011,환경부,0,0,0,0,0,0,0
농어촌특별세사업계정,0,0,0,재산수입,농어촌구조개선특별회계,2011,환경부,0,0,8326740,0,0,0,0
농어촌특별세사업계정,0,0,0,경상이전수입,농어촌구조개선특별회계,2011,환경부,0,0,192023210,0,0,0,0
,84264300,84264300,0,재산수입,환경개선특별회계,2011,환경부,165810510,262258580,433163500,343804790,81546210,262258580,428069090
,7.32736E+11,7.28563E+11,4173247000,경상이전수입,환경개선특별회계,2011,환경부,9.23922E+11,24107503020,8.74894E+11,2.15293E+11,1.95359E+11,19934256020,9.48029E+11
,0,0,0,재화및용역판매수입,환경개선특별회계,2011,환경부,0,0,12019880,0,0,0,0
,0,0,0,관유물매각대,환경개선특별회계,2011,환경부,450000,5084000,17754750,5534000,450000,5084000,5534000
,1.38853E+12,0,1.38853E+12,융자회수금,환경개선특별회계,2011,환경부,0,1.52169E+12,1.6542E+12,1.3316E+11,0,1.3316E+11,1.52169E+12
,3935650,0,3935650,기타수입,환경개선특별회계,2011,환경부,0,1003935650,1010990650,1000000000,0,1000000000,1003935650
지역개발계정,0,0,0,경상이전수입,광역지역발전특별회계,2011,환경부,0,0,0,0,0,0,0
광역발전계정,0,0,0,재산수입,광역지역발전특별회계,2011,환경부,0,0,0,0,0,0,0
광역발전계정,0,0,0,경상이전수입,광역지역발전특별회계,2011,환경부,0,0,0,0,0,0,0
,0,0,0,재산수입,석면피해구제기금,2011,환경부,0,0,0,0,0,0,0
,0,0,0,경상이전수입,석면피해구제기금,2011,환경부,177626830,866215180,0,1043842010,177626830,866215180,1043842010
,0,0,0,예금및예탁금,석면피해구제기금,2011,환경부,0,0,0,0,0,0,0
,0,0,0,재산수입,일반회계,2011,통계청,0,0,0,0,0,0,0
,0,0,0,경상이전수입,일반회계,2011,통계청,0,0,0,0,0,0,0
,0,0,0,재화및용역판매수입,일반회계,2011,통계청,0,0,0,0,0,0,0
,0,0,0,관유물매각대,일반회계,2011,통계청,0,0,0,0,0,0,0
,0,0,0,재산수입,일반회계,2011,기상청,0,0,0,0,0,0,0
,89655610,89655610,0,경상이전수입,일반회계,2011,기상청,89655610,0,89655610,0,0,0,89655610
,11189840,11189840,0,재화및용역판매수입,일반회계,2011,기상청,11189840,0,12097040,0,0,0,11189840
,0,0,0,관유물매각대,일반회계,2011,기상청,0,0,0,0,0,0,0
,36686960,14174860,22512100,재산수입,일반회계,2011,경찰청,15828290,193452470,61255490,172593800,1653430,170940370,209280760
,1045661330,1045661330,0,경상이전수입,일반회계,2011,경찰청,1502311280,421112130,1188693490,877762080,456649950,421112130,1923423410
,135979530,135979530,0,재화및용역판매수입,일반회계,2011,경찰청,142407140,82450,22629760,6510060,6427610,82450,142489590
,0,0,0,관유물매각대,일반회계,2011,경찰청,0,1356083620,14523500,1356083620,0,1356083620,1356083620
,11340000,0,11340000,기타수입,일반회계,2011,경찰청,0,11612000,147696140,272000,0,272000,11612000
,0,0,0,재산수입,혁신도시건설특별회계,2011,경찰청,0,0,0,0,0,0,0
,0,0,0,관유물매각대,혁신도시건설특별회계,2011,경찰청,0,0,0,0,0,0,0
손익계정,0,0,0,재산수입,운전면허시험관리단,2011,경찰청,0,0,9646100,0,0,0,0
손익계정,0,0,0,경상이전수입,운전면허시험관리단,2011,경찰청,0,0,31720280,0,0,0,0
손익계정,0,0,0,재화및용역판매수입,운전면허시험관리단,2011,경찰청,0,0,120627850,0,0,0,0
손익계정,0,0,0,재산수입,경찰병원,2011,경찰청,0,0,0,0,0,0,0
손익계정,0,0,0,경상이전수입,경찰병원,2011,경찰청,0,0,0,0,0,0,0
손익계정,70799960,70799960,0,재화및용역판매수입,경찰병원,2011,경찰청,76619530,0,83573700,5819570,5819570,0,76619530
손익계정,300000,0,300000,기타수입,경찰병원,2011,경찰청,0,300000,300000,0,0,0,300000
,0,0,0,재산수입,일반회계,2011,공정거래위원회,39810,24670,0,64480,39810,24670,64480
,223064630,223064630,0,경상이전수입,일반회계,2011,공정거래위원회,248534520,0,269158840,25469890,25469890,0,248534520
,0,0,0,재화및용역판매수입,일반회계,2011,공정거래위원회,0,0,0,0,0,0,0
,0,0,0,관유물매각대,일반회계,2011,공정거래위원회,0,0,0,0,0,0,0
,5685200,0,5685200,기타수입,일반회계,2011,공정거래위원회,0,5685200,5685200,0,0,0,5685200
,0,0,0,재산수입,일반회계,2011,해양경찰청(구),0,0,13251230,0,0,0,0
,16507416480,16507416480,0,경상이전수입,일반회계,2011,해양경찰청(구),16543963200,559730,16803749040,37106450,36546720,559730,16544522930
,0,0,0,재화및용역판매수입,일반회계,2011,해양경찰청(구),6000,0,1469650,6000,6000,0,6000
,0,0,0,관유물매각대,일반회계,2011,해양경찰청(구),0,0,0,0,0,0,0
,536850000,0,536850000,기타수입,일반회계,2011,해양경찰청(구),0,536850000,536850000,0,0,0,536850000
,0,0,0,재산수입,일반회계,2011,식품의약품안전청,86590,53850,230320,140440,86590,53850,140440
,3663750,3663750,0,경상이전수입,일반회계,2011,식품의약품안전청,15084150,18050250,3891750,29470650,11420400,18050250,33134400
,0,0,0,재화및용역판매수입,일반회계,2011,식품의약품안전청,96538800,2209180,26300,98747980,96538800,2209180,98747980
,0,0,0,관유물매각대,일반회계,2011,식품의약품안전청,0,0,0,0,0,0,0
,30000,0,30000,기타수입,일반회계,2011,식품의약품안전청,0,30000,120000,0,0,0,30000
,0,0,0,재산수입,일반회계,2011,민주평화통일자문회의,0,0,0,0,0,0,0
,0,0,0,경상이전수입,일반회계,2011,민주평화통일자문회의,0,0,0,0,0,0,0
,0,0,0,관유물매각대,일반회계,2011,민주평화통일자문회의,0,0,0,0,0,0,0
,138489650,138449660,39990,재산수입,일반회계,2011,문화재청,243322630,38410700,195583540,143243680,104872970,38370710,281733330
,5163070950,5162308730,762220,경상이전수입,일반회계,2011,문화재청,7642868610,3772290,7675497610,2483569950,2480559880,3010070,7646640900
,0,0,0,재화및용역판매수입,일반회계,2011,문화재청,0,0,17609590,0,0,0,0
,0,0,0,관유물매각대,일반회계,2011,문화재청,0,0,369000,0,0,0,0
,201000000,0,201000000,기타수입,일반회계,2011,문화재청,0,240000000,201064300,39000000,0,39000000,240000000
,0,0,0,재산수입,문화재보호기금,2011,문화재청,132460,537210,0,669670,132460,537210,669670
,0,0,0,경상이전수입,문화재보호기금,2011,문화재청,248179270,44520000,0,292699270,248179270,44520000,292699270
,0,0,0,재화및용역판매수입,문화재보호기금,2011,문화재청,0,0,0,0,0,0,0
,28848228094,0,28848228094,예금및예탁금,문화재보호기금,2011,문화재청,0,28848228094,27750000000,0,0,0,28848228094
,0,0,0,재산수입,일반회계,2011,국가인권위원회,0,0,0,0,0,0,0
,0,0,0,경상이전수입,일반회계,2011,국가인권위원회,0,0,726000,0,0,0,0
,0,0,0,재화및용역판매수입,일반회계,2011,국가인권위원회,0,0,0,0,0,0,0
,156000000,0,156000000,기타수입,일반회계,2011,국가인권위원회,0,156000000,156000000,0,0,0,156000000
,0,0,0,재산수입,일반회계,2011,소방방재청,0,0,0,0,0,0,0
,1725860,1725860,0,경상이전수입,일반회계,2011,소방방재청,27990810,0,106960660,26264950,26264950,0,27990810
,0,0,0,재화및용역판매수입,일반회계,2011,소방방재청,0,0,0,0,0,0,0
,0,0,0,기타수입,일반회계,2011,소방방재청,0,0,494857000,0,0,0,0
,0,0,0,재산수입,일반회계,2011,방위사업청,0,2815440,0,2815440,0,2815440,2815440
,47391595930,47391595930,0,경상이전수입,일반회계,2011,방위사업청,96118733300,1161839100,1.40411E+11,49888976470,48727137370,1161839100,97280572400
,2789273000,0,2789273000,융자회수금,일반회계,2011,방위사업청,0,4230810000,8904273000,1441537000,0,1441537000,4230810000
,0,0,0,재산수입,행정중심복합도시건설특별회계,2011,행정중심복합도시건설청,0,0,0,0,0,0,0
,18460060,18460060,0,경상이전수입,행정중심복합도시건설특별회계,2011,행정중심복합도시건설청,18460060,0,18460060,0,0,0,18460060
,0,0,0,재화및용역판매수입,행정중심복합도시건설특별회계,2011,행정중심복합도시건설청,0,0,0,0,0,0,0
,0,0,0,경상이전수입,일반회계,2011,진실·화해를위한과거사정리위원회(구),0,0,240000,0,0,0,0
,0,0,0,재산수입,일반회계,2011,대통령실,0,0,0,0,0,0,0
,0,0,0,경상이전수입,일반회계,2011,대통령실,0,0,0,0,0,0,0
,0,0,0,재화및용역판매수입,일반회계,2011,대통령실,0,0,0,0,0,0,0
,0,0,0,관유물매각대,일반회계,2011,대통령실,0,0,0,0,0,0,0
,0,0,0,내국세,일반회계,2011,기획재정부,0,0,53567420,0,0,0,0
,524529970,524529970,0,방위세,일반회계,2011,기획재정부,529822430,0,540196170,5292460,5292460,0,529822430
,9134122185,9134122185,0,교육세,일반회계,2011,기획재정부,9233332695,0,12444003625,99210510,99210510,0,9233332695
,30608676146,30608676146,0,농어촌특별세,일반회계,2011,기획재정부,54918042916,0,63599482696,24309366770,24309366770,0,54918042916
,11524364510,9754948570,1769415940,재산수입,일반회계,2011,기획재정부,11974425650,55527812320,24219485510,55977873460,2219477080,53758396380,67502237970
,51679553310,51119666210,559887100,경상이전수입,일반회계,2011,기획재정부,56860540680,19683830230,73236331280,24864817600,5740874470,19123943130,76544370910
,18630,18630,0,재화및용역판매수입,일반회계,2011,기획재정부,18630,0,2306410,0,0,0,18630
,19357173740,7952481970,11404691770,관유물매각대,일반회계,2011,기획재정부,10266280320,5.86049E+11,60986241640,5.76958E+11,2313798350,5.74644E+11,5.96315E+11
,2.26188E+12,0,2.26188E+12,융자회수금,대외경제협력기금,2011,기획재정부,0,2.77159E+12,2.35882E+12,5.09716E+11,0,5.09716E+11,2.77159E+12
,0,0,0,예금및예탁금,대외경제협력기금,2011,기획재정부,0,1.23521E+11,51577374910,1.23521E+11,0,1.23521E+11,1.23521E+11
총괄계정,9.58375E+11,0,9.58375E+11,재산수입,공공자금관리기금,2011,기획재정부,0,9.58375E+11,1.01402E+12,0,0,0,9.58375E+11
총괄계정,0,0,0,재화및용역판매수입,공공자금관리기금,2011,기획재정부,0,0,0,0,0,0,0
총괄계정,0,0,0,융자회수금,공공자금관리기금,2011,기획재정부,0,0,1.14595E+13,0,0,0,0
총괄계정,0,0,0,예금및예탁금,공공자금관리기금,2011,기획재정부,0,1.27944E+11,0,1.27944E+11,0,1.27944E+11,1.27944E+11
융자계정,0,0,0,재산수입,공공자금관리기금,2011,기획재정부,0,0,0,0,0,0,0
융자계정,0,0,0,경상이전수입,공공자금관리기금,2011,기획재정부,0,0,0,0,0,0,0
융자계정,4.84718E+12,0,4.84718E+12,융자회수금,공공자금관리기금,2011,기획재정부,0,4.9478E+12,6.3018E+12,1.00617E+11,0,1.00617E+11,4.9478E+12
융자계정,0,0,0,예금및예탁금,공공자금관리기금,2011,기획재정부,0,10600000000,0,10600000000,0,10600000000,10600000000
차관계정,0,0,0,재산수입,공공자금관리기금,2011,기획재정부,0,0,0,0,0,0,0
차관계정,0,0,0,경상이전수입,공공자금관리기금,2011,기획재정부,0,0,0,0,0,0,0
차관계정,0,0,0,재화및용역판매수입,공공자금관리기금,2011,기획재정부,0,0,0,0,0,0,0
차관계정,1.02397E+12,0,1.02397E+12,융자회수금,공공자금관리기금,2011,기획재정부,0,1.02397E+12,1.6576E+12,0,0,0,1.02397E+12
차관계정,0,0,0,예금및예탁금,공공자금관리기금,2011,기획재정부,0,1.77301E+11,0,1.77301E+11,0,1.77301E+11,1.77301E+11
,12783852032,12783852032,0,융자회수금,외국환평형기금,2011,기획재정부,12783852032,0,12912922783,0,0,0,12783852032
,1.98678E+13,0,1.98678E+13,예금및예탁금,외국환평형기금,2011,기획재정부,0,2.46681E+13,1.98678E+13,4.80029E+12,0,4.80029E+12,2.46681E+13
,45550,45550,0,재산수입,복권기금,2011,기획재정부,45550,0,47628570,0,0,0,45550
,728396480,728396480,0,경상이전수입,복권기금,2011,기획재정부,1156396480,170000000,1587717970,598000000,428000000,170000000,1326396480
,0,0,0,재화및용역판매수입,복권기금,2011,기획재정부,0,0,15589455658,0,0,0,0
,0,0,0,예금및예탁금,복권기금,2011,기획재정부,0,2.63626E+11,1.26079E+11,2.63626E+11,0,2.63626E+11,2.63626E+11
,1080670170,1080670170,0,재산수입,일반회계,2011,교육과학기술부,1479861550,326678380,5382464280,725869760,399191380,326678380,1806539930
,501771050,501771050,0,경상이전수입,일반회계,2011,교육과학기술부,2465369140,111333600,1.02257E+11,2074931690,1963598090,111333600,2576702740
,4480230,4480230,0,재화및용역판매수입,일반회계,2011,교육과학기술부,4547650,10817480,46075470,10884900,67420,10817480,15365130
,0,0,0,관유물매각대,일반회계,2011,교육과학기술부,0,33707510,4875650,33707510,0,33707510,33707510
,6.74475E+11,0,6.74475E+11,융자회수금,일반회계,2011,교육과학기술부,0,7.55854E+11,3.49923E+11,81378858662,0,81378858662,7.55854E+11
,90388510,0,90388510,기타수입,일반회계,2011,교육과학기술부,0,90388510,273490510,0,0,0,90388510
광역발전계정,0,0,0,재산수입,광역지역발전특별회계,2011,교육과학기술부,0,0,0,0,0,0,0
광역발전계정,0,0,0,경상이전수입,광역지역발전특별회계,2011,교육과학기술부,0,0,800000000,0,0,0,0
자본계정,0,0,0,재화및용역판매수입,국립중앙과학관,2011,교육과학기술부,0,0,0,0,0,0,0
자본계정,0,0,0,관유물매각대,국립중앙과학관,2011,교육과학기술부,0,0,0,0,0,0,0
손익계정,24468310,24468310,0,재산수입,국립중앙과학관,2011,교육과학기술부,24468310,69502550,91273080,69502550,0,69502550,93970860
손익계정,180020630,180020630,0,경상이전수입,국립중앙과학관,2011,교육과학기술부,180020630,0,180020630,0,0,0,180020630
손익계정,763390,763390,0,재화및용역판매수입,국립중앙과학관,2011,교육과학기술부,4581690,0,763390,3818300,3818300,0,4581690
자본계정,0,0,0,관유물매각대,국립과천과학관,2011,교육과학기술부,0,0,0,0,0,0,0
손익계정,0,0,0,재산수입,국립과천과학관,2011,교육과학기술부,16408790,36848150,150544150,53256940,16408790,36848150,53256940
손익계정,0,0,0,경상이전수입,국립과천과학관,2011,교육과학기술부,0,0,0,0,0,0,0
손익계정,0,0,0,재화및용역판매수입,국립과천과학관,2011,교육과학기술부,1851580,0,9994800,1851580,1851580,0,1851580
,0,0,0,재산수입,과학기술진흥기금,2011,교육과학기술부,0,0,0,0,0,0,0
,0,0,0,재화및용역판매수입,과학기술진흥기금,2011,교육과학기술부,0,0,0,0,0,0,0
,67073100000,0,67073100000,융자회수금,과학기술진흥기금,2011,교육과학기술부,0,67073100000,80748720000,0,0,0,67073100000
,18425744463,0,18425744463,예금및예탁금,과학기술진흥기금,2011,교육과학기술부,0,37473191080,50394179155,19047446617,0,19047446617,37473191080
,0,0,0,재산수입,원자력기금,2011,교육과학기술부,0,0,0,0,0,0,0
,0,0,0,경상이전수입,원자력기금,2011,교육과학기술부,0,0,0,0,0,0,0
,0,0,0,예금및예탁금,원자력기금,2011,교육과학기술부,0,885484707,21319361620,885484707,0,885484707,885484707
학자금대출신용보증계정,0,0,0,예금및예탁금,국가장학기금,2011,교육과학기술부,0,0,2.58414E+11,0,0,0,0
학자금지원계정,0,0,0,융자회수금,국가장학기금,2011,교육과학기술부,0,0,2313221207,0,0,0,0
학자금지원계정,0,0,0,예금및예탁금,국가장학기금,2011,교육과학기술부,0,0,72269032519,0,0,0,0
,8957550,8957550,0,재산수입,일반회계,2011,행정안전부,51672660,1632830,23449900,44347940,42715110,1632830,53305490
,151616210,151616210,0,경상이전수입,일반회계,2011,행정안전부,3553419330,24777300,16670999930,3426580420,3401803120,24777300,3578196630
,19129810,19129810,0,재화및용역판매수입,일반회계,2011,행정안전부,19249800,0,19130960,119990,119990,0,19249800
,0,0,0,관유물매각대,일반회계,2011,행정안전부,0,0,0,0,0,0,0
,1.02853E+12,0,1.02853E+12,융자회수금,일반회계,2011,행정안전부,0,1.09894E+12,8.09891E+11,70412697000,0,70412697000,1.09894E+12
,1165416700,814782700,350634000,기타수입,일반회계,2011,행정안전부,814782700,1624284000,2750847700,1273650000,0,1273650000,2439066700
광역발전계정,0,0,0,재산수입,광역지역발전특별회계,2011,행정안전부,0,0,0,0,0,0,0
광역발전계정,0,0,0,경상이전수입,광역지역발전특별회계,2011,행정안전부,0,0,0,0,0,0,0
,374651480,374651480,0,재산수입,일반회계,2011,문화체육관광부,416804760,503157690,836287380,545310970,42153280,503157690,919962450
,1722635760,1722635760,0,경상이전수입,일반회계,2011,문화체육관광부,2727011290,192750100,3499049990,1197125630,1004375530,192750100,2919761390
,91348700,91348700,0,재화및용역판매수입,일반회계,2011,문화체육관광부,213606660,6328150,137543720,128586110,122257960,6328150,219934810
,0,0,0,관유물매각대,일반회계,2011,문화체육관광부,0,0,0,0,0,0,0
,0,0,0,융자회수금,일반회계,2011,문화체육관광부,0,0,2796700000,0,0,0,0
,494692290,455100000,39592290,기타수입,일반회계,2011,문화체육관광부,455100000,112291390,502222290,72699100,0,72699100,567391390
,994787855,0,994787855,예금및예탁금,일반회계,2011,문화체육관광부,0,994787855,9895434315,0,0,0,994787855
,0,0,0,재산수입,아시아문화중심도시조성특별회계,2011,문화체육관광부,26710,0,23522890,26710,26710,0,26710
,0,0,0,경상이전수입,아시아문화중심도시조성특별회계,2011,문화체육관광부,0,0,20478320,0,0,0,0
,0,0,0,재화및용역판매수입,아시아문화중심도시조성특별회계,2011,문화체육관광부,0,13210560,0,13210560,0,13210560,13210560
지역개발계정,0,0,0,재산수입,광역지역발전특별회계,2011,문화체육관광부,0,0,0,0,0,0,0
지역개발계정,0,0,0,경상이전수입,광역지역발전특별회계,2011,문화체육관광부,0,0,2000000000,0,0,0,0
광역발전계정,0,0,0,재산수입,광역지역발전특별회계,2011,문화체육관광부,0,0,0,0,0,0,0
광역발전계정,0,0,0,경상이전수입,광역지역발전특별회계,2011,문화체육관광부,0,0,0,0,0,0,0
,19904150,19904150,0,재산수입,관광진흥개발기금,2011,문화체육관광부,43890020,110990,22506260,24096860,23985870,110990,44001010
,638627250,638627250,0,경상이전수입,관광진흥개발기금,2011,문화체육관광부,1619482660,84717500,1372402920,1065572910,980855410,84717500,1704200160
,9.33359E+11,0,9.33359E+11,융자회수금,관광진흥개발기금,2011,문화체육관광부,0,1.13152E+12,1.1542E+12,1.98159E+11,0,1.98159E+11,1.13152E+12
,78582890981,0,78582890981,예금및예탁금,관광진흥개발기금,2011,문화체육관광부,0,1.05083E+11,1.41764E+11,26500000000,0,26500000000,1.05083E+11
,0,0,0,재산수입,지역신문발전기금,2011,문화체육관광부,0,0,0,0,0,0,0
,0,0,0,경상이전수입,지역신문발전기금,2011,문화체육관광부,0,0,0,0,0,0,0
,4555510000,0,4555510000,융자회수금,지역신문발전기금,2011,문화체육관광부,0,5555510000,6122090000,1000000000,0,1000000000,5555510000
,524625760,0,524625760,예금및예탁금,지역신문발전기금,2011,문화체육관광부,0,2031082302,28154982560,1506456542,0,1506456542,2031082302
,362623460,358427640,4195820,재산수입,일반회계,2011,농림수산식품부,397662480,46481300,478276680,81520320,39234840,42285480,444143780
,239695330,234303480,5391850,경상이전수입,일반회계,2011,농림수산식품부,1288284350,92539110,526264120,1141128130,1053980870,87147260,1380823460
,163600,163600,0,재화및용역판매수입,일반회계,2011,농림수산식품부,163600,36254000,183400,36254000,0,36254000,36417600
,0,0,0,관유물매각대,일반회계,2011,농림수산식품부,0,0,0,0,0,0,0
,405945000,0,405945000,기타수입,일반회계,2011,농림수산식품부,0,457645000,406305000,51700000,0,51700000,457645000
구조개선사업계정,553700,553700,0,재산수입,농어촌구조개선특별회계,2011,농림수산식품부,553700,0,593280,0,0,0,553700
구조개선사업계정,1191670490,1191670490,0,경상이전수입,농어촌구조개선특별회계,2011,농림수산식품부,12344849980,982996300,1374967410,12136175790,11153179490,982996300,13327846280
구조개선사업계정,0,0,0,재화및용역판매수입,농어촌구조개선특별회계,2011,농림수산식품부,0,38000,0,38000,0,38000,38000
구조개선사업계정,0,0,0,관유물매각대,농어촌구조개선특별회계,2011,농림수산식품부,0,0,0,0,0,0,0
구조개선사업계정,1.46012E+12,0,1.46012E+12,융자회수금,농어촌구조개선특별회계,2011,농림수산식품부,0,1.52207E+12,1.77416E+12,61950000000,0,61950000000,1.52207E+12
농어촌특별세사업계정,0,0,0,재산수입,농어촌구조개선특별회계,2011,농림수산식품부,7341210,16290,157874830,7357500,7341210,16290,7357500
농어촌특별세사업계정,24088430,24088430,0,경상이전수입,농어촌구조개선특별회계,2011,농림수산식품부,446840850,172337470,2769160590,595089890,422752420,172337470,619178320
농어촌특별세사업계정,0,0,0,재화및용역판매수입,농어촌구조개선특별회계,2011,농림수산식품부,0,0,0,0,0,0,0
농어촌특별세사업계정,93514095120,0,93514095120,융자회수금,농어촌구조개선특별회계,2011,농림수산식품부,0,1.06201E+11,1.11593E+11,12687000000,0,12687000000,1.06201E+11
투자계정,0,0,0,경상이전수입,에너지및자원사업특별회계,2011,농림수산식품부,0,0,0,0,0,0,0
융자계정,0,0,0,재산수입,에너지및자원사업특별회계,2011,농림수산식품부,0,0,0,0,0,0,0
융자계정,1342394600,0,1342394600,융자회수금,에너지및자원사업특별회계,2011,농림수산식품부,0,17210146600,8972139000,15867752000,0,15867752000,17210146600
,0,0,0,재산수입,혁신도시건설특별회계,2011,농림수산식품부,9009000,2804530,634820,11813530,9009000,2804530,11813530
,0,0,0,경상이전수입,혁신도시건설특별회계,2011,농림수산식품부,179603010,0,0,179603010,179603010,0,179603010
,0,0,0,재화및용역판매수입,혁신도시건설특별회계,2011,농림수산식품부,0,0,0,0,0,0,0
,0,0,0,관유물매각대,혁신도시건설특별회계,2011,농림수산식품부,0,88392931110,0,88392931110,0,88392931110,88392931110
지역개발계정,0,0,0,재산수입,광역지역발전특별회계,2011,농림수산식품부,0,0,0,0,0,0,0
지역개발계정,0,0,0,경상이전수입,광역지역발전특별회계,2011,농림수산식품부,0,25685000,0,25685000,0,25685000,25685000
광역발전계정,0,0,0,경상이전수입,광역지역발전특별회계,2011,농림수산식품부,792000000,0,0,792000000,792000000,0,792000000
손익계정,0,0,0,경상이전수입,양곡관리특별회계,2011,농림수산식품부,0,0,0,0,0,0,0
손익계정,0,0,0,재화및용역판매수입,양곡관리특별회계,2011,농림수산식품부,0,0,275140,0,0,0,0
손익계정,123643750,123643750,0,관유물매각대,양곡관리특별회계,2011,농림수산식품부,140637500,310000,563828350,17303750,16993750,310000,140947500
,0,0,0,재산수입,양곡증권정리기금,2011,농림수산식품부,0,0,0,0,0,0,0
,0,0,0,예금및예탁금,양곡증권정리기금,2011,농림수산식품부,0,30603008060,0,30603008060,0,30603008060,30603008060
,0,0,0,재산수입,농산물가격안정기금,2011,농림수산식품부,0,0,0,0,0,0,0
,0,0,0,경상이전수입,농산물가격안정기금,2011,농림수산식품부,0,0,0,0,0,0,0
,0,0,0,재화및용역판매수입,농산물가격안정기금,2011,농림수산식품부,0,0,0,0,0,0,0
,0,0,0,관유물매각대,농산물가격안정기금,2011,농림수산식품부,0,0,0,0,0,0,0
,1.70315E+12,0,1.70315E+12,융자회수금,농산물가격안정기금,2011,농림수산식품부,0,3.0347E+12,3.12974E+12,1.33155E+12,0,1.33155E+12,3.0347E+12
,59013020138,0,59013020138,예금및예탁금,농산물가격안정기금,2011,농림수산식품부,0,5.88073E+11,5.83453E+11,5.2906E+11,0,5.2906E+11,5.88073E+11
,1661448858,1661448858,0,재산수입,농지관리기금,2011,농림수산식품부,2009309491,11389046393,12725595862,11736907026,347860633,11389046393,13398355884
,1.95131E+11,46829757525,1.48301E+11,경상이전수입,농지관리기금,2011,농림수산식품부,1.23037E+11,2.66523E+11,3.59207E+11,1.94428E+11,76206918385,1.18221E+11,3.89559E+11
,5932050568,5932050568,0,관유물매각대,농지관리기금,2011,농림수산식품부,5932050568,18653473432,40459906929,18653473432,0,18653473432,24585524000
,2.64753E+12,0,2.64753E+12,융자회수금,농지관리기금,2011,농림수산식품부,0,3.23726E+12,2.97921E+12,5.89727E+11,0,5.89727E+11,3.23726E+12
,0,0,0,예금및예탁금,농지관리기금,2011,농림수산식품부,0,7.52514E+11,5.57272E+11,7.52514E+11,0,7.52514E+11,7.52514E+11
,0,0,0,재산수입,수산발전기금,2011,농림수산식품부,0,10715110,28620,10715110,0,10715110,10715110
,9188606320,6191732320,2996874000,경상이전수입,수산발전기금,2011,농림수산식품부,7643150290,4257636140,12167898320,2712180110,1451417970,1260762140,11900786430
,0,0,0,재화및용역판매수입,수산발전기금,2011,농림수산식품부,0,0,0,0,0,0,0
,0,0,0,관유물매각대,수산발전기금,2011,농림수산식품부,0,0,0,0,0,0,0
,2.60349E+11,0,2.60349E+11,융자회수금,수산발전기금,2011,농림수산식품부,0,7.54417E+11,7.23924E+11,4.94068E+11,0,4.94068E+11,7.54417E+11
,42800708864,0,42800708864,예금및예탁금,수산발전기금,2011,농림수산식품부,0,97800708864,67279518537,55000000000,0,55000000000,97800708864
,0,0,0,재산수입,축산발전기금,2011,농림수산식품부,0,0,0,0,0,0,0
,0,0,0,경상이전수입,축산발전기금,2011,농림수산식품부,0,0,0,0,0,0,0
,0,0,0,재화및용역판매수입,축산발전기금,2011,농림수산식품부,0,0,0,0,0,0,0
,0,0,0,관유물매각대,축산발전기금,2011,농림수산식품부,0,0,0,0,0,0,0
,1.10302E+12,0,1.10302E+12,융자회수금,축산발전기금,2011,농림수산식품부,0,1.3242E+12,1.47131E+12,2.21181E+11,0,2.21181E+11,1.3242E+12
,0,0,0,예금및예탁금,축산발전기금,2011,농림수산식품부,0,2.11429E+11,1.12378E+11,2.11429E+11,0,2.11429E+11,2.11429E+11
,0,0,0,재산수입,농업소득보전직접지불기금,2011,농림수산식품부,0,0,0,0,0,0,0
,0,0,0,경상이전수입,농업소득보전직접지불기금,2011,농림수산식품부,0,0,0,0,0,0,0
,1735537020,0,1735537020,예금및예탁금,농업소득보전직접지불기금,2011,농림수산식품부,0,1735537020,21584480970,0,0,0,1735537020
,0,0,0,재산수입,자유무역협정이행지원기금,2011,농림수산식품부,0,0,0,0,0,0,0
,0,0,0,경상이전수입,자유무역협정이행지원기금,2011,농림수산식품부,0,0,0,0,0,0,0
,3.64834E+11,0,3.64834E+11,융자회수금,자유무역협정이행지원기금,2011,농림수산식품부,0,5.34084E+11,4.11288E+11,1.6925E+11,0,1.6925E+11,5.34084E+11
,6765132912,0,6765132912,예금및예탁금,자유무역협정이행지원기금,2011,농림수산식품부,0,45776620200,64851535988,39011487288,0,39011487288,45776620200
,0,0,0,재산수입,농어업재해재보험기금,2011,농림수산식품부,0,0,0,0,0,0,0
,0,0,0,경상이전수입,농어업재해재보험기금,2011,농림수산식품부,0,0,0,0,0,0,0
,0,0,0,재화및용역판매수입,농어업재해재보험기금,2011,농림수산식품부,0,0,0,0,0,0,0
,6314657262,0,6314657262,예금및예탁금,농어업재해재보험기금,2011,농림수산식품부,0,1.64526E+11,1.34402E+11,1.58211E+11,0,1.58211E+11,1.64526E+11
,44552850,44552850,0,재산수입,일반회계,2011,지식경제부,191354320,789260,97125520,147590730,146801470,789260,192143580
,681437080,681437080,0,경상이전수입,일반회계,2011,지식경제부,898532430,0,692866680,217095350,217095350,0,898532430
,22478820,22478820,0,재화및용역판매수입,일반회계,2011,지식경제부,45659740,0,33699130,23180920,23180920,0,45659740
,2684870650,2684870650,0,관유물매각대,일반회계,2011,지식경제부,3298025530,0,2684870650,613154880,613154880,0,3298025530
투자계정,0,0,0,재산수입,에너지및자원사업특별회계,2011,지식경제부,68750,598420,25175810,667170,68750,598420,667170
투자계정,1370114520,1370114520,0,경상이전수입,에너지및자원사업특별회계,2011,지식경제부,1650242840,8117623960,14986595310,8397752280,280128320,8117623960,9767866800
융자계정,0,0,0,재산수입,에너지및자원사업특별회계,2011,지식경제부,0,0,1676160,0,0,0,0
융자계정,7.05072E+12,0,7.05072E+12,융자회수금,에너지및자원사업특별회계,2011,지식경제부,0,8.15242E+12,8.11424E+12,1.1017E+12,0,1.1017E+12,8.15242E+12
,0,0,0,경상이전수입,우체국보험특별회계,2011,지식경제부,0,250000,4500000,250000,0,250000,250000
,0,0,0,관유물매각대,혁신도시건설특별회계,2011,지식경제부,0,0,0,0,0,0,0
지역개발계정,0,0,0,경상이전수입,광역지역발전특별회계,2011,지식경제부,0,0,0,0,0,0,0
광역발전계정,0,0,0,재산수입,광역지역발전특별회계,2011,지식경제부,0,0,0,0,0,0,0
광역발전계정,0,0,0,경상이전수입,광역지역발전특별회계,2011,지식경제부,0,0,0,0,0,0,0
자본계정,284370880,284370880,0,관유물매각대,우편사업특별회계,2011,지식경제부,307612880,283904300,284586430,307146300,23242000,283904300,591517180
자본계정,1.16558E+11,0,1.16558E+11,융자회수금,우편사업특별회계,2011,지식경제부,0,1.31496E+11,1.16558E+11,14938374000,0,14938374000,1.31496E+11
자본계정,35336000,0,35336000,기타수입,우편사업특별회계,2011,지식경제부,0,35366000,35336000,30000,0,30000,35366000
손익계정,326204010,326204010,0,재산수입,우편사업특별회계,2011,지식경제부,1015301330,210310190,741131290,899407510,689097320,210310190,1225611520
손익계정,568062890,568062890,0,경상이전수입,우편사업특별회계,2011,지식경제부,2380156300,382888880,4092430710,2194982290,1812093410,382888880,2763045180
자본계정,0,0,0,관유물매각대,우체국예금특별회계,2011,지식경제부,0,0,0,0,0,0,0
손익계정,0,0,0,재산수입,우체국예금특별회계,2011,지식경제부,0,0,0,0,0,0,0
손익계정,8264654190,8264654190,0,경상이전수입,우체국예금특별회계,2011,지식경제부,8404052900,0,8264654190,139398710,139398710,0,8404052900
,0,0,0,재산수입,정보통신진흥기금,2011,지식경제부,0,0,0,0,0,0,0
,1316073850,1316073850,0,경상이전수입,정보통신진흥기금,2011,지식경제부,1549467570,0,2514710890,233393720,233393720,0,1549467570
,1.9573E+11,0,1.9573E+11,융자회수금,정보통신진흥기금,2011,지식경제부,0,2.2573E+11,3.215E+11,30000000000,0,30000000000,2.2573E+11
,0,0,0,예금및예탁금,정보통신진흥기금,2011,지식경제부,0,66476313,37859638407,66476313,0,66476313,66476313
,0,0,0,재산수입,전력산업기반기금,2011,지식경제부,0,0,0,0,0,0,0
,0,0,0,경상이전수입,전력산업기반기금,2011,지식경제부,21920323610,2.67952E+11,3.40123E+11,2.89872E+11,21920323610,2.67952E+11,2.89872E+11
,6.5611E+11,0,6.5611E+11,융자회수금,전력산업기반기금,2011,지식경제부,0,6.7611E+11,7.72696E+11,20000000000,0,20000000000,6.7611E+11
,0,0,0,예금및예탁금,전력산업기반기금,2011,지식경제부,0,2.915E+11,3.214E+11,2.915E+11,0,2.915E+11,2.915E+11
,0,0,0,재산수입,방사성폐기물관리기금,2011,지식경제부,0,0,0,0,0,0,0
,0,0,0,경상이전수입,방사성폐기물관리기금,2011,지식경제부,0,0,0,0,0,0,0
,0,0,0,재화및용역판매수입,방사성폐기물관리기금,2011,지식경제부,0,0,0,0,0,0,0
,0,0,0,예금및예탁금,방사성폐기물관리기금,2011,지식경제부,0,1.86704E+11,95932000000,1.86704E+11,0,1.86704E+11,1.86704E+11
,15839110890,15839110890,0,재산수입,일반회계,2011,보건복지부,16947005160,131869920,17714724190,1239764190,1107894270,131869920,17078875080
,16359842130,16359842130,0,경상이전수입,일반회계,2011,보건복지부,75719981590,3655211270,1.3729E+11,63015350730,59360139460,3655211270,79375192860
,0,0,0,재화및용역판매수입,일반회계,2011,보건복지부,15047700,0,0,15047700,15047700,0,15047700
,0,0,0,관유물매각대,일반회계,2011,보건복지부,0,0,0,0,0,0,0
,48661975491,48661975491,0,융자회수금,일반회계,2011,보건복지부,48661975491,0,51937658850,0,0,0,48661975491
,121500000,121500000,0,기타수입,일반회계,2011,보건복지부,121500000,0,121500000,0,0,0,121500000
투자계정,5388882760,5388882760,0,경상이전수입,에너지및자원사업특별회계,2011,보건복지부,5390317860,0,5956418300,1435100,1435100,0,5390317860
자본계정,0,0,0,재산수입,국립재활원,2011,보건복지부,0,0,0,0,0,0,0
손익계정,0,0,0,재산수입,국립재활원,2011,보건복지부,21939280,53766070,53913700,75705350,21939280,53766070,75705350
손익계정,0,0,0,경상이전수입,국립재활원,2011,보건복지부,502310,136170,0,638480,502310,136170,638480
손익계정,7316930,6543670,773260,재화및용역판매수입,국립재활원,2011,보건복지부,14701300,173579550,53583070,180963920,8157630,172806290,188280850
손익계정,0,0,0,관유물매각대,국립재활원,2011,보건복지부,0,0,0,0,0,0,0
손익계정,0,0,0,재산수입,국립목포병원,2011,보건복지부,0,0,0,0,0,0,0
손익계정,0,0,0,경상이전수입,국립목포병원,2011,보건복지부,0,0,557960,0,0,0,0
손익계정,0,0,0,재화및용역판매수입,국립목포병원,2011,보건복지부,191559450,2550,41890,191562000,191559450,2550,191562000
손익계정,0,0,0,재산수입,국립마산병원,2011,보건복지부,0,26370750,0,26370750,0,26370750,26370750
손익계정,0,0,0,경상이전수입,국립마산병원,2011,보건복지부,0,0,0,0,0,0,0
손익계정,0,0,0,재화및용역판매수입,국립마산병원,2011,보건복지부,183290120,373362430,649441060,556652550,183290120,373362430,556652550
손익계정,0,0,0,재산수입,국립정신건강센터,2011,보건복지부,0,0,0,0,0,0,0
손익계정,0,0,0,경상이전수입,국립정신건강센터,2011,보건복지부,0,0,0,0,0,0,0
손익계정,0,0,0,재화및용역판매수입,국립정신건강센터,2011,보건복지부,0,3167867860,1311172450,3167867860,0,3167867860,3167867860
손익계정,0,0,0,관유물매각대,국립정신건강센터,2011,보건복지부,0,0,0,0,0,0,0
손익계정,0,0,0,재산수입,국립나주병원,2011,보건복지부,0,0,0,0,0,0,0
손익계정,0,0,0,경상이전수입,국립나주병원,2011,보건복지부,0,0,0,0,0,0,0
손익계정,0,0,0,재화및용역판매수입,국립나주병원,2011,보건복지부,1206965890,0,731647560,1206965890,1206965890,0,1206965890
손익계정,0,0,0,관유물매각대,국립나주병원,2011,보건복지부,0,0,0,0,0,0,0
손익계정,0,0,0,재산수입,국립부곡병원,2011,보건복지부,0,0,0,0,0,0,0
손익계정,0,0,0,경상이전수입,국립부곡병원,2011,보건복지부,0,0,0,0,0,0,0
손익계정,0,0,0,재화및용역판매수입,국립부곡병원,2011,보건복지부,424470460,0,458793540,424470460,424470460,0,424470460
손익계정,0,0,0,재산수입,국립춘천병원,2011,보건복지부,0,0,0,0,0,0,0
손익계정,0,0,0,경상이전수입,국립춘천병원,2011,보건복지부,0,0,0,0,0,0,0
손익계정,0,0,0,재화및용역판매수입,국립춘천병원,2011,보건복지부,808753670,0,385932080,808753670,808753670,0,808753670
손익계정,0,0,0,재산수입,국립공주병원,2011,보건복지부,0,28086900,0,28086900,0,28086900,28086900
손익계정,0,0,0,경상이전수입,국립공주병원,2011,보건복지부,0,0,0,0,0,0,0
손익계정,0,0,0,재화및용역판매수입,국립공주병원,2011,보건복지부,0,336249630,520888980,336249630,0,336249630,336249630
손익계정,0,0,0,관유물매각대,국립공주병원,2011,보건복지부,0,0,0,0,0,0,0
,3.27925E+12,0,3.27925E+12,융자회수금,국민연금기금,2011,보건복지부,0,5.35489E+12,3.36282E+12,2.07565E+12,0,2.07565E+12,5.35489E+12
,2.07335E+12,0,2.07335E+12,예금및예탁금,국민연금기금,2011,보건복지부,0,4.56198E+12,1.28357E+13,2.48863E+12,0,2.48863E+12,4.56198E+12
국민건강증진계정,13510,13510,0,재산수입,국민건강증진기금,2011,보건복지부,1196450,0,222020,1182940,1182940,0,1196450
국민건강증진계정,3345467790,3345467790,0,경상이전수입,국민건강증진기금,2011,보건복지부,6987608900,0,6049065420,3642141110,3642141110,0,6987608900
국민건강증진계정,0,0,0,재화및용역판매수입,국민건강증진기금,2011,보건복지부,0,0,0,0,0,0,0
국민건강증진계정,0,0,0,예금및예탁금,국민건강증진기금,2011,보건복지부,0,0,33965376430,0,0,0,0
,80830,80830,0,재산수입,응급의료기금,2011,보건복지부,724710,0,2843700,643880,643880,0,724710
,4974970,4974970,0,경상이전수입,응급의료기금,2011,보건복지부,751687570,43247000,648488040,789959600,746712600,43247000,794934570
,49685400000,0,49685400000,융자회수금,응급의료기금,2011,보건복지부,0,59685400000,53607000000,10000000000,0,10000000000,59685400000
,1231880,1231880,0,재산수입,일반회계,2011,여성가족부,5875430,0,5897100,4643550,4643550,0,5875430
,56013970,56013970,0,경상이전수입,일반회계,2011,여성가족부,2318390610,0,1332738530,2262376640,2262376640,0,2318390610
,0,0,0,재화및용역판매수입,일반회계,2011,여성가족부,0,0,0,0,0,0,0
,160540,160540,0,재산수입,청소년육성기금,2011,여성가족부,1803630,0,2532890,1643090,1643090,0,1803630
,378633040,378633040,0,경상이전수입,청소년육성기금,2011,여성가족부,868253480,0,496221350,489620440,489620440,0,868253480
,3889850000,0,3889850000,융자회수금,청소년육성기금,2011,여성가족부,0,3889850000,6881540000,0,0,0,3889850000
,20308179552,0,20308179552,예금및예탁금,청소년육성기금,2011,여성가족부,0,20308179552,2215155555,0,0,0,20308179552
,0,0,0,재산수입,양성평등기금,2011,여성가족부,5822860,0,509790,5822860,5822860,0,5822860
,65000000,65000000,0,경상이전수입,양성평등기금,2011,여성가족부,617917820,0,168631660,552917820,552917820,0,617917820
,481887910,481887910,0,융자회수금,양성평등기금,2011,여성가족부,481887910,0,744527910,0,0,0,481887910
,983216755,0,983216755,예금및예탁금,양성평등기금,2011,여성가족부,0,983216755,854173716,0,0,0,983216755
,1273934830,1226026670,47908160,재산수입,일반회계,2011,국토해양부,1744385210,196403480,2569476260,666853860,518358540,148495320,1940788690
,2544255840,2542034430,2221410,경상이전수입,일반회계,2011,국토해양부,3059588050,304323340,17371250560,819655550,517553620,302101930,3363911390
,108352010,108352010,0,재화및용역판매수입,일반회계,2011,국토해양부,121149570,17572360,383281490,30369920,12797560,17572360,138721930
,530700000,0,530700000,관유물매각대,일반회계,2011,국토해양부,0,542225000,796050000,11525000,0,11525000,542225000
,0,0,0,융자회수금,일반회계,2011,국토해양부,0,3100000,0,3100000,0,3100000,3100000
,119174110,0,119174110,기타수입,일반회계,2011,국토해양부,0,119174110,119174110,0,0,0,119174110
도로계정,7528493630,7399606980,128886650,재산수입,교통시설특별회계,2011,국토해양부,9199474330,436592630,10160217420,2107573330,1799867350,307705980,9636066960
도로계정,1050010920,1050010920,0,경상이전수입,교통시설특별회계,2011,국토해양부,1403071470,47538200,1701081390,400598750,353060550,47538200,1450609670
도로계정,111997470,111997470,0,재화및용역판매수입,교통시설특별회계,2011,국토해양부,111997470,0,115489750,0,0,0,111997470
도로계정,0,0,0,관유물매각대,교통시설특별회계,2011,국토해양부,61876830,0,19728870,61876830,61876830,0,61876830
철도계정,3461224490,3461224490,0,재산수입,교통시설특별회계,2011,국토해양부,3461224490,2050321110,3765204560,2050321110,0,2050321110,5511545600
철도계정,6905963570,6905963570,0,경상이전수입,교통시설특별회계,2011,국토해양부,6925255310,0,7100807600,19291740,19291740,0,6925255310
철도계정,0,0,0,재화및용역판매수입,교통시설특별회계,2011,국토해양부,0,0,0,0,0,0,0
철도계정,0,0,0,관유물매각대,교통시설특별회계,2011,국토해양부,0,6655724800,916987100,6655724800,0,6655724800,6655724800
철도계정,1.12002E+12,0,1.12002E+12,융자회수금,교통시설특별회계,2011,국토해양부,0,1.18546E+12,1.21294E+12,65439000000,0,65439000000,1.18546E+12
공항계정,0,0,0,재산수입,교통시설특별회계,2011,국토해양부,19412850,19160,3078460,19432010,19412850,19160,19432010
공항계정,63049580,63049580,0,경상이전수입,교통시설특별회계,2011,국토해양부,63191540,780270,63464240,922230,141960,780270,63971810
공항계정,0,0,0,재화및용역판매수입,교통시설특별회계,2011,국토해양부,445000,24628290,0,25073290,445000,24628290,25073290
공항계정,0,0,0,관유물매각대,교통시설특별회계,2011,국토해양부,0,1175000,0,1175000,0,1175000,1175000
항만계정,923252740,860521350,62731390,재산수입,교통시설특별회계,2011,국토해양부,929868950,105827020,1252864090,112443230,69347600,43095630,1035695970
항만계정,1281447400,1281447260,140,경상이전수입,교통시설특별회계,2011,국토해양부,1530156060,151324020,1657175820,400032680,248708800,151323880,1681480080
항만계정,6706270860,6706270860,0,재화및용역판매수입,교통시설특별회계,2011,국토해양부,10723724640,7235090480,15523100990,11252544260,4017453780,7235090480,17958815120
항만계정,2045523150,1000000000,1045523150,관유물매각대,교통시설특별회계,2011,국토해양부,1000000000,1045523150,2045523150,0,0,0,2045523150
항만계정,2.89511E+11,0,2.89511E+11,융자회수금,교통시설특별회계,2011,국토해양부,0,2.89511E+11,3.29245E+11,0,0,0,2.89511E+11
교통체계관리계정,0,0,0,재산수입,교통시설특별회계,2011,국토해양부,0,0,0,0,0,0,0
교통체계관리계정,0,0,0,경상이전수입,교통시설특별회계,2011,국토해양부,0,0,0,0,0,0,0
교통체계관리계정,98653600000,0,98653600000,융자회수금,교통시설특별회계,2011,국토해양부,0,98653600000,1.443E+11,0,0,0,98653600000
투자계정,0,0,0,경상이전수입,에너지및자원사업특별회계,2011,국토해양부,0,0,0,0,0,0,0
지역개발계정,18571180,17878260,692920,재산수입,광역지역발전특별회계,2011,국토해양부,315492160,5732920,27840000,302653900,297613900,5040000,321225080
지역개발계정,5.52008E+11,2.74773E+11,2.77235E+11,경상이전수입,광역지역발전특별회계,2011,국토해양부,3.44389E+11,4.21456E+11,7.57939E+11,2.13837E+11,69615598430,1.44221E+11,7.65845E+11
지역개발계정,176226320,19650340,156575980,재화및용역판매수입,광역지역발전특별회계,2011,국토해양부,29088070,331824150,209084310,184685900,9437730,175248170,360912220
광역발전계정,126350580,126350580,0,재산수입,광역지역발전특별회계,2011,국토해양부,126350580,1946965200,126378170,1946965200,0,1946965200,2073315780
광역발전계정,1.18545E+11,1.15569E+11,2975340930,경상이전수입,광역지역발전특별회계,2011,국토해양부,1.51009E+11,46639298230,1.71616E+11,79103457040,35439499740,43663957300,1.97648E+11
광역발전계정,10081580,10081580,0,재화및용역판매수입,광역지역발전특별회계,2011,국토해양부,10092460,0,13834040,10880,10880,0,10092460
광역발전계정,32203970,32203970,0,관유물매각대,광역지역발전특별회계,2011,국토해양부,32203970,0,32203970,0,0,0,32203970
광역발전계정,6275607800,0,6275607800,융자회수금,광역지역발전특별회계,2011,국토해양부,0,6275607800,10241166000,0,0,0,6275607800
자본계정,0,0,0,관유물매각대,대산지방해양수산청,2011,국토해양부,0,0,0,0,0,0,0
손익계정,31118790,31118790,0,재산수입,대산지방해양수산청,2011,국토해양부,31118790,0,36310130,0,0,0,31118790
손익계정,36079030,36079030,0,경상이전수입,대산지방해양수산청,2011,국토해양부,44862910,50,38101430,8783930,8783880,50,44862960
손익계정,28784550,28784550,0,재화및용역판매수입,대산지방해양수산청,2011,국토해양부,33421880,378009460,462677550,382646790,4637330,378009460,411431340
,0,0,0,재화및용역판매수입,주택도시기금,2011,국토해양부,0,15909743473,24045617254,15909743473,0,15909743473,15909743473
,6.01676E+13,1.85209E+11,5.99824E+13,융자회수금,주택도시기금,2011,국토해양부,1.85304E+11,7.35289E+13,7.08152E+13,1.35466E+13,94630712,1.35465E+13,7.37142E+13
,0,0,0,예금및예탁금,주택도시기금,2011,국토해양부,0,3.21512E+12,1.79601E+12,3.21512E+12,0,3.21512E+12,3.21512E+12
,0,0,0,재산수입,일반회계,2011,방송통신위원회,0,0,0,0,0,0,0
,2531190840,2531190840,0,경상이전수입,일반회계,2011,방송통신위원회,3308571410,36138600,2605615320,813519170,777380570,36138600,3344710010
,1418637530,1418637530,0,재화및용역판매수입,일반회계,2011,방송통신위원회,1635796900,290000,11777915310,217449370,217159370,290000,1636086900
,0,0,0,관유물매각대,일반회계,2011,방송통신위원회,0,0,0,0,0,0,0
,41910400,0,41910400,기타수입,일반회계,2011,방송통신위원회,0,41910400,41910400,0,0,0,41910400
,0,0,0,재산수입,방송통신발전기금,2011,방송통신위원회,0,0,0,0,0,0,0
,38391270,38391270,0,경상이전수입,방송통신발전기금,2011,방송통신위원회,38391270,0,24687137210,0,0,0,38391270
,41980150000,0,41980150000,융자회수금,방송통신발전기금,2011,방송통신위원회,0,82500150000,56858870000,40520000000,0,40520000000,82500150000
,0,0,0,기타수입,방송통신발전기금,2011,방송통신위원회,0,5228702023,0,5228702023,0,5228702023,5228702023
,0,0,0,예금및예탁금,방송통신발전기금,2011,방송통신위원회,0,4.08366E+11,1.75182E+11,4.08366E+11,0,4.08366E+11,4.08366E+11
,0,0,0,재산수입,일반회계,2011,금융위원회,0,0,0,0,0,0,0
,0,0,0,경상이전수입,일반회계,2011,금융위원회,0,0,0,0,0,0,0
,2081641590,0,2081641590,융자회수금,일반회계,2011,금융위원회,0,2081641590,3590040320,0,0,0,2081641590
,1207446200,0,1207446200,기타수입,일반회계,2011,금융위원회,0,1207446200,0,0,0,0,1207446200
,0,0,0,재산수입,농어가목돈마련저축장려기금,2011,금융위원회,0,0,0,0,0,0,0
,0,0,0,경상이전수입,농어가목돈마련저축장려기금,2011,금융위원회,0,0,0,0,0,0,0
,0,0,0,예금및예탁금,농어가목돈마련저축장려기금,2011,금융위원회,0,34010000000,27690000000,34010000000,0,34010000000,34010000000
,0,0,0,재산수입,공적자금상환기금,2011,금융위원회,0,0,0,0,0,0,0
,0,0,0,예금및예탁금,공적자금상환기금,2011,금융위원회,0,14400000000,6900000000,14400000000,0,14400000000,14400000000
,0,0,0,경상이전수입,일반회계,2011,국민권익위원회,0,0,0,0,0,0,0
,0,0,0,재산수입,일반회계,2011,국가과학기술위원회,0,0,0,0,0,0,0
,0,0,0,경상이전수입,일반회계,2011,국가과학기술위원회,0,0,0,0,0,0,0
,0,0,0,경상이전수입,일반회계,2011,원자력안전위원회,0,0,0,0,0,0,0
,0,0,0,재산수입,일반회계,2012,감사원,0,0,0,0,0,0,0
,249267250,249267250,0,경상이전수입,일반회계,2012,감사원,249267250,21232800,249267250,21232800,0,21232800,270500050
,0,0,0,재화및용역판매수입,일반회계,2012,감사원,0,0,0,0,0,0,0
,844564800,82200000,762364800,기타수입,일반회계,2012,감사원,82200000,939934800,838834800,177570000,0,177570000,1022134800
,0,0,0,재산수입,일반회계,2012,국회,0,0,0,0,0,0,0
,84266220,84266220,0,경상이전수입,일반회계,2012,국회,98295930,0,84266220,14029710,14029710,0,98295930
,0,0,0,재화및용역판매수입,일반회계,2012,국회,0,0,0,0,0,0,0
,0,0,0,관유물매각대,일반회계,2012,국회,0,0,0,0,0,0,0
,22043760,0,22043760,기타수입,일반회계,2012,국회,0,54434290,44934370,32390530,0,32390530,54434290
,614611240,614611240,0,재산수입,일반회계,2012,대법원,614611240,0,614611240,0,0,0,614611240
,28625070,28625070,0,경상이전수입,일반회계,2012,대법원,85136650,8956890,31752130,65468470,56511580,8956890,94093540
,0,0,0,재화및용역판매수입,일반회계,2012,대법원,0,0,0,0,0,0,0
,0,0,0,관유물매각대,일반회계,2012,대법원,0,0,0,0,0,0,0
,394444000,383876540,10567460,기타수입,일반회계,2012,대법원,383876540,10567460,392805200,0,0,0,394444000
,0,0,0,재산수입,등기특별회계,2012,대법원,0,0,0,0,0,0,0
,0,0,0,경상이전수입,등기특별회계,2012,대법원,0,0,0,0,0,0,0
,0,0,0,재화및용역판매수입,등기특별회계,2012,대법원,0,0,0,0,0,0,0
,281250,281250,0,관유물매각대,등기특별회계,2012,대법원,281250,0,281250,0,0,0,281250
,207637500,207637500,0,기타수입,등기특별회계,2012,대법원,207637500,0,207637500,0,0,0,207637500
,0,0,0,경상이전수입,일반회계,2012,헌법재판소,0,0,0,0,0,0,0
,0,0,0,재화및용역판매수입,일반회계,2012,헌법재판소,0,0,0,0,0,0,0
,160960000,0,160960000,기타수입,일반회계,2012,헌법재판소,0,160960000,160960000,0,0,0,160960000
,0,0,0,재산수입,일반회계,2012,중앙선거관리위원회,0,0,0,0,0,0,0
,0,0,0,경상이전수입,일반회계,2012,중앙선거관리위원회,0,0,0,0,0,0,0
,0,0,0,재화및용역판매수입,일반회계,2012,중앙선거관리위원회,0,0,0,0,0,0,0
,0,0,0,관유물매각대,일반회계,2012,중앙선거관리위원회,0,0,0,0,0,0,0
,987220000,100000000,887220000,기타수입,일반회계,2012,중앙선거관리위원회,100000000,1562220000,1512220000,675000000,0,675000000,1662220000
,0,0,0,재산수입,일반회계,2012,국무조정실 및 국무총리비서실,0,0,0,0,0,0,0
,0,0,0,경상이전수입,일반회계,2012,국무조정실 및 국무총리비서실,0,0,0,0,0,0,0
,0,0,0,재화및용역판매수입,일반회계,2012,국무조정실 및 국무총리비서실,0,0,0,0,0,0,0
,0,0,0,재산수입,일반회계,2012,외교통상부,0,0,0,0,0,0,0
,0,0,0,경상이전수입,일반회계,2012,외교통상부,5000000,0,0,5000000,5000000,0,5000000
,0,0,0,재화및용역판매수입,일반회계,2012,외교통상부,0,0,0,0,0,0,0
,2407826706,396736506,2011090200,기타수입,일반회계,2012,외교통상부,444302858,3620916346,3976865145,1657392498,47566352,1609826146,4065219204
,776683890,771574820,5109070,재산수입,일반회계,2012,법무부,772625870,9615030,784133670,5557010,1051050,4505960,782240900
,2364931710,2364931710,0,경상이전수입,일반회계,2012,법무부,2542348880,97156210,1644154740,274573380,177417170,97156210,2639505090
,0,0,0,재화및용역판매수입,일반회계,2012,법무부,0,803710,10495000,803710,0,803710,803710
,77425200,51618600,25806600,관유물매각대,일반회계,2012,법무부,51618600,25806600,460866090,0,0,0,77425200
,8405000,345000,8060000,기타수입,일반회계,2012,법무부,345000,8060000,53705000,0,0,0,8405000
,0,0,0,재산수입,교도작업특별회계,2012,법무부,0,0,0,0,0,0,0
,0,0,0,경상이전수입,교도작업특별회계,2012,법무부,0,0,0,0,0,0,0
,0,0,0,재화및용역판매수입,교도작업특별회계,2012,법무부,186105100,0,83429650,186105100,186105100,0,186105100
,0,0,0,관유물매각대,교도작업특별회계,2012,법무부,0,0,0,0,0,0,0
,0,0,0,관유물매각대,혁신도시건설특별회계,2012,법무부,0,0,0,0,0,0,0
,0,0,0,재산수입,범죄피해자보호기금,2012,법무부,1680650,0,0,1680650,1680650,0,1680650
,0,0,0,경상이전수입,범죄피해자보호기금,2012,법무부,232210650,0,0,232210650,232210650,0,232210650
,10595000000,0,10595000000,예금및예탁금,범죄피해자보호기금,2012,법무부,0,17985410966,10785899527,7390410966,0,7390410966,17985410966
,4925788280,4925788280,0,재산수입,일반회계,2012,국방부,5249717340,256096590,5261807980,580025650,323929060,256096590,5505813930
,12500126560,12482126560,18000000,경상이전수입,일반회계,2012,국방부,26823321890,1471046250,22183803550,15794241580,14341195330,1453046250,28294368140
,1236400730,1236400730,0,재화및용역판매수입,일반회계,2012,국방부,1241805960,16008400,1253283760,21413630,5405230,16008400,1257814360
,1.44024E+11,0,1.44024E+11,융자회수금,일반회계,2012,국방부,0,1.44024E+11,1.44024E+11,0,0,0,1.44024E+11
,744000,0,744000,기타수입,일반회계,2012,국방부,0,744000,834000,0,0,0,744000
,34594740,34594740,0,재산수입,주한미군기지이전특별회계,2012,국방부,75913590,0,105863960,41318850,41318850,0,75913590
,224402680,224402680,0,경상이전수입,주한미군기지이전특별회계,2012,국방부,250969830,332510,335399860,26899660,26567150,332510,251302340
,13587130,13587130,0,재화및용역판매수입,주한미군기지이전특별회계,2012,국방부,13587130,0,13587130,0,0,0,13587130
,164017390,164017390,0,관유물매각대,주한미군기지이전특별회계,2012,국방부,956593930,37699230,185449790,830275770,792576540,37699230,994293160
,0,0,0,경상이전수입,국방·군사시설이전특별회계,2012,국방부,914478380,488040,1097712220,914966420,914478380,488040,914966420
,0,0,0,관유물매각대,국방·군사시설이전특별회계,2012,국방부,748131510,0,771517500,748131510,748131510,0,748131510
,82304520,82304520,0,경상이전수입,군인연금기금,2012,국방부,1893868260,84702900,2356001980,1896266640,1811563740,84702900,1978571160
,0,0,0,예금및예탁금,군인연금기금,2012,국방부,0,0,30424000000,0,0,0,0
,0,0,0,재산수입,군인복지기금,2012,국방부,0,0,1808002450,0,0,0,0
,0,0,0,경상이전수입,군인복지기금,2012,국방부,0,0,2604661390,0,0,0,0
,0,0,0,재화및용역판매수입,군인복지기금,2012,국방부,0,0,468703430,0,0,0,0
,0,0,0,융자회수금,군인복지기금,2012,국방부,0,0,5.19303E+11,0,0,0,0
,0,0,0,기타수입,군인복지기금,2012,국방부,0,0,0,0,0,0,0
,0,0,0,예금및예탁금,군인복지기금,2012,국방부,0,0,2.80231E+11,0,0,0,0
복지계정,555077554,458251020,96826534,재산수입,군인복지기금,2012,국방부,1111723431,804839667,0,1361485544,653472411,708013133,1916563098
복지계정,1309015970,1309015970,0,경상이전수입,군인복지기금,2012,국방부,2238130680,400231800,0,1329346510,929114710,400231800,2638362480
복지계정,40457420,40457420,0,재화및용역판매수입,군인복지기금,2012,국방부,434496640,50994140,0,445033360,394039220,50994140,485490780
복지계정,0,0,0,기타수입,군인복지기금,2012,국방부,2000000,0,0,2000000,2000000,0,2000000
복지계정,0,0,0,예금및예탁금,군인복지기금,2012,국방부,37423813894,98261248269,0,1.35685E+11,37423813894,98261248269,1.35685E+11
학자금대부계정,2.2856E+11,0,2.2856E+11,융자회수금,군인복지기금,2012,국방부,0,2.72035E+11,0,43475680000,0,43475680000,2.72035E+11
학자금대부계정,0,0,0,예금및예탁금,군인복지기금,2012,국방부,0,80445213730,0,80445213730,0,80445213730,80445213730
주거지원계정,10050900,10050900,0,재산수입,군인복지기금,2012,국방부,10050905,607442,0,607447,5,607442,10658347
주거지원계정,56593770,30096490,26497280,경상이전수입,군인복지기금,2012,국방부,98542800,27727320,0,69676350,68446310,1230040,126270120
주거지원계정,1.51426E+11,10034041959,1.41392E+11,융자회수금,군인복지기금,2012,국방부,10939041959,2.54711E+11,0,1.14224E+11,905000000,1.13319E+11,2.6565E+11
주거지원계정,0,0,0,예금및예탁금,군인복지기금,2012,국방부,0,1188879100,0,1188879100,0,1188879100,1188879100
,616580,616580,0,재산수입,일반회계,2012,고용노동부,71388400,320030,7329260,71091850,70771820,320030,71708430
,2446180290,2445163320,1016970,경상이전수입,일반회계,2012,고용노동부,6404598590,172988280,3274568270,4131406580,3959435270,171971310,6577586870
,797000,797000,0,재화및용역판매수입,일반회계,2012,고용노동부,797000,0,797000,0,0,0,797000
,649949100,0,649949100,기타수입,일반회계,2012,고용노동부,0,649949100,840949100,0,0,0,649949100
투자계정,291722170,291722170,0,경상이전수입,에너지및자원사업특별회계,2012,고용노동부,291722170,0,210644500,0,0,0,291722170
투자계정,3475420,3475420,0,재화및용역판매수입,에너지및자원사업특별회계,2012,고용노동부,3475420,0,3475420,0,0,0,3475420
,2.37124E+11,2.37124E+11,0,사회보장기여금,산업재해보상보험및예방기금,2012,고용노동부,4.95492E+11,3.1249E+11,6.75775E+11,5.70857E+11,2.58367E+11,3.1249E+11,8.07982E+11
,105175990,2855520,102320470,재산수입,산업재해보상보험및예방기금,2012,고용노동부,2855520,102320470,105191900,0,0,0,105175990
,2.56836E+11,2.56836E+11,0,경상이전수입,산업재해보상보험및예방기금,2012,고용노동부,3.66898E+11,5372979170,3.51836E+11,1.15435E+11,1.10062E+11,5372979170,3.72271E+11
,61780,61780,0,재화및용역판매수입,산업재해보상보험및예방기금,2012,고용노동부,1200360,0,465504810,1138580,1138580,0,1200360
,998261250,0,998261250,관유물매각대,산업재해보상보험및예방기금,2012,고용노동부,0,998261250,2128261250,0,0,0,998261250
,6.07579E+11,1260096630,6.06319E+11,융자회수금,산업재해보상보험및예방기금,2012,고용노동부,1260096630,7.21465E+11,7.16083E+11,1.15147E+11,0,1.15147E+11,7.22725E+11
,0,0,0,예금및예탁금,산업재해보상보험및예방기금,2012,고용노동부,0,1.28504E+12,1.00363E+12,1.28504E+12,0,1.28504E+12,1.28504E+12
,0,0,0,재산수입,장애인고용촉진및직업재활기금,2012,고용노동부,0,0,0,0,0,0,0
,4413493610,4413493610,0,경상이전수입,장애인고용촉진및직업재활기금,2012,고용노동부,8053482280,658135350,6543145620,4298124020,3639988670,658135350,8711617630
,44737109500,0,44737109500,융자회수금,장애인고용촉진및직업재활기금,2012,고용노동부,0,46487109500,65299250440,1750000000,0,1750000000,46487109500
,0,0,0,예금및예탁금,장애인고용촉진및직업재활기금,2012,고용노동부,0,37506471410,30882872360,37506471410,0,37506471410,37506471410
,1.46287E+11,1.46287E+11,0,사회보장기여금,고용보험기금,2012,고용노동부,2.84706E+11,4.10003E+11,6.10066E+11,5.48423E+11,1.38419E+11,4.10003E+11,6.9471E+11
,180710,180710,0,재산수입,고용보험기금,2012,고용노동부,173584510,4073480,266980,177477280,173403800,4073480,177657990
,94343417310,94343417310,0,경상이전수입,고용보험기금,2012,고용노동부,1.32075E+11,4295708800,1.351E+11,42027259070,37731550270,4295708800,1.36371E+11
,39611330,39611330,0,재화및용역판매수입,고용보험기금,2012,고용노동부,63105960,10,47945770,23494640,23494630,10,63105970
,3.39562E+11,657403460,3.38904E+11,융자회수금,고용보험기금,2012,고용노동부,657403460,4.34328E+11,4.57021E+11,95423367530,0,95423367530,4.34985E+11
,0,0,0,예금및예탁금,고용보험기금,2012,고용노동부,0,1.67401E+12,8.23618E+11,1.67401E+12,0,1.67401E+12,1.67401E+12
,18746360,18746360,0,재산수입,임금채권보장기금,2012,고용노동부,199342270,0,180317450,180595910,180595910,0,199342270
,6.84726E+11,6.84726E+11,0,경상이전수입,임금채권보장기금,2012,고용노동부,9.04631E+11,19122002220,9.00635E+11,2.39027E+11,2.19905E+11,19122002220,9.23753E+11
,0,0,0,재화및용역판매수입,임금채권보장기금,2012,고용노동부,0,0,0,0,0,0,0
,6229900,0,6229900,융자회수금,임금채권보장기금,2012,고용노동부,0,96468900,20000000,90239000,0,90239000,96468900
,0,0,0,예금및예탁금,임금채권보장기금,2012,고용노동부,0,2.23998E+11,1.12991E+11,2.23998E+11,0,2.23998E+11,2.23998E+11
,7423900,7423900,0,재산수입,일반회계,2012,통일부,7423900,0,131749570,0,0,0,7423900
,0,0,0,경상이전수입,일반회계,2012,통일부,10592700,0,1000000,10592700,10592700,0,10592700
,0,0,0,재화및용역판매수입,일반회계,2012,통일부,0,0,0,0,0,0,0
,0,0,0,관유물매각대,일반회계,2012,통일부,0,0,0,0,0,0,0
,231380000,0,231380000,기타수입,일반회계,2012,통일부,0,231380000,231380000,0,0,0,231380000
,0,0,0,재산수입,남북협력기금,2012,통일부,0,0,0,0,0,0,0
,0,0,0,경상이전수입,남북협력기금,2012,통일부,0,0,0,0,0,0,0
,0,0,0,재화및용역판매수입,남북협력기금,2012,통일부,0,0,0,0,0,0,0
,2.6463E+12,14759574120,2.63154E+12,융자회수금,남북협력기금,2012,통일부,15773574120,2.65263E+12,2.74094E+12,22104325820,1014000000,21090325820,2.66841E+12
,0,0,0,예금및예탁금,남북협력기금,2012,통일부,0,5.48391E+11,5.01748E+11,5.48391E+11,0,5.48391E+11,5.48391E+11
,0,0,0,재산수입,일반회계,2012,법제처,12233450,46659590,0,58893040,12233450,46659590,58893040
,0,0,0,경상이전수입,일반회계,2012,법제처,1713290,0,0,1713290,1713290,0,1713290
,0,0,0,재산수입,일반회계,2012,국가보훈부,131010,21980,13730,152990,131010,21980,152990
,2009871930,2009871930,0,경상이전수입,일반회계,2012,국가보훈부,2752271180,2140000,2693357040,744539250,742399250,2140000,2754411180
,0,0,0,재화및용역판매수입,일반회계,2012,국가보훈부,0,0,0,0,0,0,0
,0,0,0,관유물매각대,일반회계,2012,국가보훈부,0,0,0,0,0,0,0
,836710000,0,836710000,기타수입,일반회계,2012,국가보훈부,0,936710000,836710000,100000000,0,100000000,936710000
투자계정,0,0,0,경상이전수입,에너지및자원사업특별회계,2012,국가보훈부,756620,0,7560590,756620,756620,0,756620
,162196080,79875930,82320150,재산수입,순국선열애국지사사업기금,2012,국가보훈부,79875930,254937020,214291510,172616870,0,172616870,334812950
,2714000,2501000,213000,경상이전수입,순국선열애국지사사업기금,2012,국가보훈부,850153670,213000,10054000,847652670,847652670,0,850366670
,0,0,0,재화및용역판매수입,순국선열애국지사사업기금,2012,국가보훈부,0,0,0,0,0,0,0
,2202370990,740609990,1461761000,관유물매각대,순국선열애국지사사업기금,2012,국가보훈부,1229996290,9055270530,3648148130,8082895830,489386300,7593509530,10285266820
국가유공자지원자금,899874890,899874890,0,재산수입,보훈기금,2012,국가보훈부,1281973130,0,1113472550,382098240,382098240,0,1281973130
국가유공자지원자금,0,0,0,경상이전수입,보훈기금,2012,국가보훈부,0,0,0,0,0,0,0
국가유공자지원자금,0,0,0,재화및용역판매수입,보훈기금,2012,국가보훈부,0,0,0,0,0,0,0
국가유공자지원자금,0,0,0,관유물매각대,보훈기금,2012,국가보훈부,0,0,0,0,0,0,0
국가유공자지원자금,1.30979E+11,5757810950,1.25221E+11,융자회수금,보훈기금,2012,국가보훈부,8466380310,1.44116E+11,1.8258E+11,21603740240,2708569360,18895170880,1.52583E+11
국가유공자지원자금,0,0,0,예금및예탁금,보훈기금,2012,국가보훈부,0,38629031634,78796390705,38629031634,0,38629031634,38629031634
참전유공자·제대군인지원자금,869387550,869387550,0,재산수입,보훈기금,2012,국가보훈부,1095573120,0,992542740,226185570,226185570,0,1095573120
참전유공자·제대군인지원자금,19233363400,2585858290,16647505110,융자회수금,보훈기금,2012,국가보훈부,3439115260,19182577550,27732869690,3388329410,853256970,2535072440,22621692810
참전유공자·제대군인지원자금,0,0,0,예금및예탁금,보훈기금,2012,국가보훈부,0,14500000000,70813989041,14500000000,0,14500000000,14500000000
5·18 민주유공자지원자금,90876470,90876470,0,재산수입,보훈기금,2012,국가보훈부,118990940,0,108892400,28114470,28114470,0,118990940
5·18 민주유공자지원자금,3006229760,593242940,2412986820,융자회수금,보훈기금,2012,국가보훈부,833910010,2545174390,4055260920,372854640,240667070,132187570,3379084400
5·18 민주유공자지원자금,0,0,0,예금및예탁금,보훈기금,2012,국가보훈부,0,0,5500000000,0,0,0,0
특수임무유공자지원자금,25362280,25362280,0,재산수입,보훈기금,2012,국가보훈부,38264680,0,34554410,12902400,12902400,0,38264680
특수임무유공자지원자금,1351191140,232299200,1118891940,융자회수금,보훈기금,2012,국가보훈부,406141040,1142699370,1731907630,197649270,173841840,23807430,1548840410
특수임무유공자지원자금,0,0,0,예금및예탁금,보훈기금,2012,국가보훈부,0,0,4000000000,0,0,0,0
,1764543870,1658393090,106150780,재산수입,일반회계,2012,산림청,2330576180,261064590,2269896830,827096900,672183090,154913810,2591640770
,25516024920,25362575920,153449000,경상이전수입,일반회계,2012,산림청,29339948660,669798500,31156327420,4493722240,3977372740,516349500,30009747160
,123807200,123807200,0,재화및용역판매수입,일반회계,2012,산림청,133532800,4761610,222467340,14487210,9725600,4761610,138294410
,4416714290,2827057340,1589656950,관유물매각대,일반회계,2012,산림청,3318039030,9077041050,5699157690,7978365790,490981690,7487384100,12395080080
,70000000,0,70000000,융자회수금,일반회계,2012,산림청,0,70000000,70000000,0,0,0,70000000
,0,0,0,기타수입,일반회계,2012,산림청,0,80000000,0,80000000,0,80000000,80000000
임업진흥사업계정,4840020,4840020,0,재산수입,농어촌구조개선특별회계,2012,산림청,21227270,0,5223780,16387250,16387250,0,21227270
임업진흥사업계정,22539220630,22539220630,0,경상이전수입,농어촌구조개선특별회계,2012,산림청,39941661610,13193757750,45955169120,30596198730,17402440980,13193757750,53135419360
임업진흥사업계정,0,0,0,재화및용역판매수입,농어촌구조개선특별회계,2012,산림청,0,0,35410,0,0,0,0
임업진흥사업계정,150000,150000,0,관유물매각대,농어촌구조개선특별회계,2012,산림청,827470000,2568743000,1662319280,3396063000,827320000,2568743000,3396213000
임업진흥사업계정,2.3818E+11,0,2.3818E+11,융자회수금,농어촌구조개선특별회계,2012,산림청,0,3.10694E+11,3.32686E+11,72514514000,0,72514514000,3.10694E+11
자본계정,0,0,0,관유물매각대,국립자연휴양림관리소,2012,산림청,0,0,0,0,0,0,0
손익계정,0,0,0,재산수입,국립자연휴양림관리소,2012,산림청,0,0,0,0,0,0,0
손익계정,0,0,0,경상이전수입,국립자연휴양림관리소,2012,산림청,0,0,21733860,0,0,0,0
손익계정,0,0,0,재화및용역판매수입,국립자연휴양림관리소,2012,산림청,0,0,0,0,0,0,0
,2.7046E+12,1.91035E+12,7.94253E+11,내국세,일반회계,2012,국세청,5.28889E+12,5.80619E+12,1.02818E+13,8.39047E+12,3.37854E+12,5.01193E+12,1.10951E+13
,11337760,11337760,0,방위세,일반회계,2012,국세청,11337760,0,10814530,0,0,0,11337760
,17033650,17033650,0,교통·에너지·환경세,일반회계,2012,국세청,763158000,2261775390,18088279460,3007899740,746124350,2261775390,3024933390
,984475790,984475790,0,교육세,일반회계,2012,국세청,5130675550,3916341240,10224062860,8062541000,4146199760,3916341240,9047016790
,11510417160,10370432540,1139984620,농어촌특별세,일반회계,2012,국세청,32279481530,68341649650,81583217660,89110714020,21909048990,67201665030,1.00621E+11
,846815520,846815520,0,재산수입,일반회계,2012,국세청,846815520,0,846815520,0,0,0,846815520
,6.2338E+11,6.2338E+11,0,경상이전수입,일반회계,2012,국세청,8.79357E+11,141355250,7.66048E+11,2.56118E+11,2.55976E+11,141355250,8.79498E+11
,3750000,0,3750000,기타수입,일반회계,2012,국세청,0,3750000,3750000,0,0,0,3750000
,42494936470,36780631020,5714305450,종합부동산세,일반회계,2012,국세청,1.34678E+11,3.22078E+11,3.85669E+11,4.14261E+11,97897199040,3.16364E+11,4.56756E+11
,1.92884E+11,37740770450,1.55143E+11,내국세,일반회계,2012,관세청,46572464580,1.85008E+12,2.80531E+12,1.70377E+12,8831694130,1.69494E+12,1.89665E+12
,66658253930,36886257110,29771996820,관세,일반회계,2012,관세청,51112129060,3.66791E+11,6.55427E+11,3.51245E+11,14225871950,3.37019E+11,4.17903E+11
,0,0,0,방위세,일반회계,2012,관세청,0,0,0,0,0,0,0
,607030840,607030840,0,교통·에너지·환경세,일반회계,2012,관세청,607630840,7180557140,612990840,7181157140,600000,7180557140,7788187980
,38309328560,1709722750,36599605810,교육세,일반회계,2012,관세청,1798390070,50727374930,57977259040,14216436440,88667320,14127769120,52525765000
,10559900,10559900,0,농어촌특별세,일반회계,2012,관세청,10583270,757340850,1295401550,757364220,23370,757340850,767924120
,0,0,0,재산수입,일반회계,2012,관세청,391330,0,133789120,391330,391330,0,391330
,22310401850,22310401850,0,경상이전수입,일반회계,2012,관세청,33308757350,95642340,31762137300,11093997840,10998355500,95642340,33404399690
,90000,90000,0,재화및용역판매수입,일반회계,2012,관세청,22505120,12110250,48421370,34525370,22415120,12110250,34615370
,0,0,0,관유물매각대,일반회계,2012,관세청,0,0,0,0,0,0,0
,0,0,0,기타수입,일반회계,2012,관세청,0,0,0,0,0,0,0
,0,0,0,재산수입,일반회계,2012,병무청,0,0,0,0,0,0,0
,0,0,0,경상이전수입,일반회계,2012,병무청,0,0,0,0,0,0,0
,0,0,0,재화및용역판매수입,일반회계,2012,병무청,0,0,0,0,0,0,0
,0,0,0,관유물매각대,일반회계,2012,병무청,0,0,0,0,0,0,0
,0,0,0,융자회수금,일반회계,2012,병무청,0,0,7664830000,0,0,0,0
,590000,0,590000,기타수입,일반회계,2012,병무청,0,590000,590000,0,0,0,590000
,0,0,0,재산수입,일반회계,2012,농촌진흥청,0,4210,39272800,4210,0,4210,4210
,0,0,0,경상이전수입,일반회계,2012,농촌진흥청,75483950,5699270,19648780,81183220,75483950,5699270,81183220
,0,0,0,재화및용역판매수입,일반회계,2012,농촌진흥청,600000,14330000,0,14930000,600000,14330000,14930000
,0,0,0,관유물매각대,일반회계,2012,농촌진흥청,0,0,0,0,0,0,0
,510000,0,510000,기타수입,일반회계,2012,농촌진흥청,0,510000,510000,0,0,0,510000
구조개선사업계정,0,0,0,재산수입,농어촌구조개선특별회계,2012,농촌진흥청,0,0,0,0,0,0,0
구조개선사업계정,0,0,0,경상이전수입,농어촌구조개선특별회계,2012,농촌진흥청,0,0,321300,0,0,0,0
구조개선사업계정,0,0,0,관유물매각대,농어촌구조개선특별회계,2012,농촌진흥청,0,0,0,0,0,0,0
구조개선사업계정,6026468900,0,6026468900,융자회수금,농어촌구조개선특별회계,2012,농촌진흥청,0,6026468900,8260633230,0,0,0,6026468900
,0,0,0,재산수입,혁신도시건설특별회계,2012,농촌진흥청,0,24089610,24093230,24089610,0,24089610,24089610
,1359999000,0,1359999000,관유물매각대,혁신도시건설특별회계,2012,농촌진흥청,0,20635658150,2774399000,19275659150,0,19275659150,20635658150
,0,0,0,재산수입,일반회계,2012,중소기업청,0,2769790,10100,2769790,0,2769790,2769790
,560686220,560686220,0,경상이전수입,일반회계,2012,중소기업청,1006518220,0,660969230,445832000,445832000,0,1006518220
,0,0,0,재화및용역판매수입,일반회계,2012,중소기업청,23200,0,0,23200,23200,0,23200
,0,0,0,관유물매각대,일반회계,2012,중소기업청,0,0,0,0,0,0,0
,90000,0,90000,기타수입,일반회계,2012,중소기업청,0,90000,90000,0,0,0,90000
광역발전계정,0,0,0,재산수입,광역지역발전특별회계,2012,중소기업청,49990,0,0,49990,49990,0,49990
광역발전계정,0,0,0,경상이전수입,광역지역발전특별회계,2012,중소기업청,0,0,0,0,0,0,0
손익계정,0,0,0,재산수입,특허청,2012,특허청,0,0,0,0,0,0,0
손익계정,0,0,0,경상이전수입,특허청,2012,특허청,0,0,0,0,0,0,0
손익계정,0,0,0,재화및용역판매수입,특허청,2012,특허청,0,0,0,0,0,0,0
손익계정,5459322500,0,5459322500,융자회수금,특허청,2012,특허청,0,5773263500,5788922500,313941000,0,313941000,5773263500
손익계정,6487000,0,6487000,기타수입,특허청,2012,특허청,0,6487000,7722830,0,0,0,6487000
,0,0,0,재산수입,혁신도시건설특별회계,2012,조달청,0,0,0,0,0,0,0
,0,0,0,경상이전수입,혁신도시건설특별회계,2012,조달청,0,0,0,0,0,0,0
,0,0,0,재화및용역판매수입,혁신도시건설특별회계,2012,조달청,0,0,0,0,0,0,0
,4477824920,4477824920,0,관유물매각대,혁신도시건설특별회계,2012,조달청,4477824920,0,5431231500,0,0,0,4477824920
자본계정,45987380,0,45987380,재산수입,조달특별회계,2012,조달청,86471480,45987380,91974720,86471480,86471480,0,132458860
자본계정,0,0,0,경상이전수입,조달특별회계,2012,조달청,0,0,0,0,0,0,0
자본계정,6191883356,5611138286,580745070,관유물매각대,조달특별회계,2012,조달청,14321668926,2.94799E+11,3.11885E+11,3.02929E+11,8710530640,2.94219E+11,3.09121E+11
자본계정,65000000,0,65000000,기타수입,조달특별회계,2012,조달청,0,120000000,110000000,55000000,0,55000000,120000000
손익계정,0,0,0,재산수입,조달특별회계,2012,조달청,93484200,90218030,0,183702230,93484200,90218030,183702230
손익계정,0,0,0,경상이전수입,조달특별회계,2012,조달청,0,0,0,0,0,0,0
손익계정,115685170,115685170,0,재화및용역판매수입,조달특별회계,2012,조달청,438887420,1430007960,1564107940,1753210210,323202250,1430007960,1868895380
손익계정,5653272500,0,5653272500,융자회수금,조달특별회계,2012,조달청,0,5653272500,5653272500,0,0,0,5653272500
,7299970,7299970,0,재산수입,일반회계,2012,환경부,7299970,0,7779450,0,0,0,7299970
,79209160,79209160,0,경상이전수입,일반회계,2012,환경부,82430460,22037070,79209160,25258370,3221300,22037070,104467530
,0,0,0,관유물매각대,일반회계,2012,환경부,0,0,0,0,0,0,0
,215494530,215494530,0,재산수입,환경개선특별회계,2012,환경부,586659900,37297590,428069090,408462960,371165370,37297590,623957490
,7.4594E+11,7.43956E+11,1983220810,경상이전수입,환경개선특별회계,2012,환경부,9.46253E+11,9029305210,9.48029E+11,2.09343E+11,2.02297E+11,7046084400,9.55282E+11
,0,0,0,재화및용역판매수입,환경개선특별회계,2012,환경부,0,0,0,0,0,0,0
,0,0,0,관유물매각대,환경개선특별회계,2012,환경부,2455454520,0,5534000,2455454520,2455454520,0,2455454520
,1.2434E+12,0,1.2434E+12,융자회수금,환경개선특별회계,2012,환경부,0,1.37605E+12,1.52169E+12,1.32649E+11,0,1.32649E+11,1.37605E+12
,300000,0,300000,기타수입,환경개선특별회계,2012,환경부,0,300000,1003935650,0,0,0,300000
지역개발계정,0,0,0,재산수입,광역지역발전특별회계,2012,환경부,0,0,0,0,0,0,0
지역개발계정,0,0,0,경상이전수입,광역지역발전특별회계,2012,환경부,0,0,0,0,0,0,0
광역발전계정,0,0,0,재산수입,광역지역발전특별회계,2012,환경부,69206530,50581020,0,119787550,69206530,50581020,119787550
광역발전계정,0,0,0,경상이전수입,광역지역발전특별회계,2012,환경부,2914000000,2308000000,0,5222000000,2914000000,2308000000,5222000000
,0,0,0,재산수입,석면피해구제기금,2012,환경부,0,0,0,0,0,0,0
,72967480,72967480,0,경상이전수입,석면피해구제기금,2012,환경부,528802230,946960570,1043842010,1402795320,455834750,946960570,1475762800
,0,0,0,예금및예탁금,석면피해구제기금,2012,환경부,0,4449000000,0,4449000000,0,4449000000,4449000000
,0,0,0,재산수입,일반회계,2012,통계청,0,0,0,0,0,0,0
,0,0,0,경상이전수입,일반회계,2012,통계청,34041150,0,0,34041150,34041150,0,34041150
,0,0,0,재화및용역판매수입,일반회계,2012,통계청,0,0,0,0,0,0,0
,0,0,0,관유물매각대,일반회계,2012,통계청,0,0,0,0,0,0,0
,0,0,0,재산수입,일반회계,2012,기상청,0,0,0,0,0,0,0
,89655610,89655610,0,경상이전수입,일반회계,2012,기상청,89655610,0,89655610,0,0,0,89655610
,11189840,11189840,0,재화및용역판매수입,일반회계,2012,기상청,11189840,0,11189840,0,0,0,11189840
,0,0,0,관유물매각대,일반회계,2012,기상청,0,0,0,0,0,0,0
,0,0,0,경상이전수입,혁신도시건설특별회계,2012,기상청,0,0,0,0,0,0,0
,0,0,0,관유물매각대,혁신도시건설특별회계,2012,기상청,0,9581347000,0,9581347000,0,9581347000,9581347000
,50761710,28249610,22512100,재산수입,일반회계,2012,경찰청,52623580,84655140,209280760,86517010,24373970,62143040,137278720
,1920699660,1920699660,0,경상이전수입,일반회계,2012,경찰청,26283115970,1129675560,1923423410,25492091870,24362416310,1129675560,27412791530
,17633750,17633750,0,재화및용역판매수입,일반회계,2012,경찰청,24636560,140,142489590,7002950,7002810,140,24636700
,0,0,0,관유물매각대,일반회계,2012,경찰청,74765000,797197750,1356083620,871962750,74765000,797197750,871962750
,10322000,120000,10202000,기타수입,일반회계,2012,경찰청,120000,575305890,11612000,565103890,0,565103890,575425890
,0,0,0,재산수입,혁신도시건설특별회계,2012,경찰청,0,0,0,0,0,0,0
,0,0,0,관유물매각대,혁신도시건설특별회계,2012,경찰청,0,0,0,0,0,0,0
손익계정,0,0,0,재산수입,경찰병원,2012,경찰청,0,0,0,0,0,0,0
손익계정,0,0,0,경상이전수입,경찰병원,2012,경찰청,0,0,0,0,0,0,0
손익계정,74460570,74460570,0,재화및용역판매수입,경찰병원,2012,경찰청,99152670,0,76619530,24692100,24692100,0,99152670
손익계정,300000,0,300000,기타수입,경찰병원,2012,경찰청,0,300000,300000,0,0,0,300000
,0,0,0,재산수입,일반회계,2012,공정거래위원회,0,0,64480,0,0,0,0
,234127650,234127650,0,경상이전수입,일반회계,2012,공정거래위원회,241201460,4137690,248534520,11211500,7073810,4137690,245339150
,0,0,0,재화및용역판매수입,일반회계,2012,공정거래위원회,0,0,0,0,0,0,0
,0,0,0,관유물매각대,일반회계,2012,공정거래위원회,0,0,0,0,0,0,0
,5685200,0,5685200,기타수입,일반회계,2012,공정거래위원회,0,5685200,5685200,0,0,0,5685200
,0,0,0,재산수입,일반회계,2012,해양경찰청(구),5257630,5543060,0,10800690,5257630,5543060,10800690
,16513131240,16513131240,0,경상이전수입,일반회계,2012,해양경찰청(구),16577540520,15431150,16544522930,79840430,64409280,15431150,16592971670
,0,0,0,재화및용역판매수입,일반회계,2012,해양경찰청(구),6000,0,6000,6000,6000,0,6000
,0,0,0,관유물매각대,일반회계,2012,해양경찰청(구),0,0,0,0,0,0,0
,0,0,0,기타수입,일반회계,2012,해양경찰청(구),0,0,536850000,0,0,0,0
,0,0,0,재산수입,일반회계,2012,식품의약품안전청,709730,0,140440,709730,709730,0,709730
,14635750,14635750,0,경상이전수입,일반회계,2012,식품의약품안전청,58175960,0,33134400,43540210,43540210,0,58175960
,0,0,0,재화및용역판매수입,일반회계,2012,식품의약품안전청,0,0,98747980,0,0,0,0
,0,0,0,관유물매각대,일반회계,2012,식품의약품안전청,0,0,0,0,0,0,0
,0,0,0,기타수입,일반회계,2012,식품의약품안전청,0,0,30000,0,0,0,0
,0,0,0,경상이전수입,일반회계,2012,민주평화통일자문회의,0,0,0,0,0,0,0
,114755320,114748580,6740,재산수입,일반회계,2012,문화재청,261247230,336423460,281733330,482915370,146498650,336416720,597670690
,3546442510,3546137490,305020,경상이전수입,일반회계,2012,문화재청,9624436650,6067880,7646640900,6084062020,6078299160,5762860,9630504530
,0,0,0,재화및용역판매수입,일반회계,2012,문화재청,294050,0,0,294050,294050,0,294050
,0,0,0,관유물매각대,일반회계,2012,문화재청,1842170,0,0,1842170,1842170,0,1842170
,240000000,0,240000000,기타수입,일반회계,2012,문화재청,0,279000000,240000000,39000000,0,39000000,279000000
지역개발계정,0,0,0,경상이전수입,광역지역발전특별회계,2012,문화재청,0,0,0,0,0,0,0
,183520,183520,0,재산수입,문화재보호기금,2012,문화재청,13518120,0,669670,13334600,13334600,0,13518120
,113615220,113615220,0,경상이전수입,문화재보호기금,2012,문화재청,762613400,0,292699270,648998180,648998180,0,762613400
,0,0,0,재화및용역판매수입,문화재보호기금,2012,문화재청,0,0,0,0,0,0,0
,24240846563,0,24240846563,예금및예탁금,문화재보호기금,2012,문화재청,0,24568157909,28848228094,327311346,0,327311346,24568157909
,0,0,0,재산수입,일반회계,2012,국가인권위원회,0,0,0,0,0,0,0
,0,0,0,경상이전수입,일반회계,2012,국가인권위원회,0,0,0,0,0,0,0
,0,0,0,재화및용역판매수입,일반회계,2012,국가인권위원회,0,0,0,0,0,0,0
,156000000,0,156000000,기타수입,일반회계,2012,국가인권위원회,0,156000000,156000000,0,0,0,156000000
,0,0,0,재산수입,일반회계,2012,소방방재청,25189210,0,0,25189210,25189210,0,25189210
,1725860,1725860,0,경상이전수입,일반회계,2012,소방방재청,117815210,0,27990810,116089350,116089350,0,117815210
,0,0,0,재화및용역판매수입,일반회계,2012,소방방재청,0,0,0,0,0,0,0
,0,0,0,재산수입,일반회계,2012,방위사업청,0,1951640,2815440,1951640,0,1951640,1951640
,67324463350,67324463350,0,경상이전수입,일반회계,2012,방위사업청,1.30497E+11,18085071030,97280572400,81257388120,63172317090,18085071030,1.48582E+11
,3833410000,0,3833410000,융자회수금,일반회계,2012,방위사업청,0,3833410000,4230810000,0,0,0,3833410000
,0,0,0,재산수입,행정중심복합도시건설특별회계,2012,행정중심복합도시건설청,0,0,0,0,0,0,0
,0,0,0,경상이전수입,행정중심복합도시건설특별회계,2012,행정중심복합도시건설청,0,0,18460060,0,0,0,0
,0,0,0,재화및용역판매수입,행정중심복합도시건설특별회계,2012,행정중심복합도시건설청,0,0,0,0,0,0,0
,0,0,0,재산수입,일반회계,2012,대통령실,0,0,0,0,0,0,0
,0,0,0,경상이전수입,일반회계,2012,대통령실,0,0,0,0,0,0,0
,0,0,0,재화및용역판매수입,일반회계,2012,대통령실,0,0,0,0,0,0,0
,500200900,500200900,0,방위세,일반회계,2012,기획재정부,500257200,0,529822430,56300,56300,0,500257200
,7272324466,7272324466,0,교육세,일반회계,2012,기획재정부,7342177505,0,9233332695,69853039,69853039,0,7342177505
,22183687956,22183687956,0,농어촌특별세,일반회계,2012,기획재정부,49880912116,0,54918042916,27697224160,27697224160,0,49880912116
,0,0,0,재산수입,일반회계,2012,기획재정부,0,7663882020,67502237970,7663882020,0,7663882020,7663882020
,0,0,0,경상이전수입,일반회계,2012,기획재정부,0,3040,76544370910,3040,0,3040,3040
,0,0,0,재화및용역판매수입,일반회계,2012,기획재정부,0,0,18630,0,0,0,0
,0,0,0,관유물매각대,일반회계,2012,기획재정부,0,0,5.96315E+11,0,0,0,0
,0,0,0,기타수입,일반회계,2012,기획재정부,0,3000000,0,3000000,0,3000000,3000000
,9383939190,7356382920,2027556270,재산수입,국유재산관리기금,2012,기획재정부,8985130570,13798147610,0,13399338990,1628747650,11770591340,22783278180
,29090893550,28982695870,108197680,경상이전수입,국유재산관리기금,2012,기획재정부,32582342160,4081169350,0,7572617960,3599646290,3972971670,36663511510
,18630,18630,0,재화및용역판매수입,국유재산관리기금,2012,기획재정부,18630,0,0,0,0,0,18630
,19891392300,6059965970,13831426330,관유물매각대,국유재산관리기금,2012,기획재정부,14438653100,1.02394E+11,0,96941079020,8378687130,88562391890,1.16832E+11
,0,0,0,예금및예탁금,국유재산관리기금,2012,기획재정부,0,1.86742E+11,0,1.86742E+11,0,1.86742E+11,1.86742E+11
,2.70993E+12,0,2.70993E+12,융자회수금,대외경제협력기금,2012,기획재정부,0,3.28788E+12,2.77159E+12,5.77942E+11,0,5.77942E+11,3.28788E+12
,0,0,0,예금및예탁금,대외경제협력기금,2012,기획재정부,0,28229388900,1.23521E+11,28229388900,0,28229388900,28229388900
총괄계정,8.26478E+11,0,8.26478E+11,재산수입,공공자금관리기금,2012,기획재정부,2348100,8.26478E+11,9.58375E+11,2348100,2348100,0,8.26481E+11
총괄계정,0,0,0,재화및용역판매수입,공공자금관리기금,2012,기획재정부,0,0,0,0,0,0,0
총괄계정,0,0,0,예금및예탁금,공공자금관리기금,2012,기획재정부,0,2.90122E+11,1.27944E+11,2.90122E+11,0,2.90122E+11,2.90122E+11
융자계정,0,0,0,재산수입,공공자금관리기금,2012,기획재정부,0,0,0,0,0,0,0
융자계정,0,0,0,경상이전수입,공공자금관리기금,2012,기획재정부,0,0,0,0,0,0,0
융자계정,3.87377E+12,0,3.87377E+12,융자회수금,공공자금관리기금,2012,기획재정부,0,4.02301E+12,4.9478E+12,1.49238E+11,0,1.49238E+11,4.02301E+12
융자계정,0,0,0,예금및예탁금,공공자금관리기금,2012,기획재정부,0,0,10600000000,0,0,0,0
차관계정,0,0,0,재산수입,공공자금관리기금,2012,기획재정부,0,0,0,0,0,0,0
차관계정,0,0,0,경상이전수입,공공자금관리기금,2012,기획재정부,0,0,0,0,0,0,0
차관계정,4.73294E+11,0,4.73294E+11,융자회수금,공공자금관리기금,2012,기획재정부,0,4.73294E+11,1.02397E+12,0,0,0,4.73294E+11
차관계정,0,0,0,예금및예탁금,공공자금관리기금,2012,기획재정부,0,57954851627,1.77301E+11,57954851627,0,57954851627,57954851627
,0,0,0,융자회수금,외국환평형기금,2012,기획재정부,0,0,12783852032,0,0,0,0
,2.46681E+13,0,2.46681E+13,예금및예탁금,외국환평형기금,2012,기획재정부,0,3.49763E+13,2.46681E+13,1.03083E+13,0,1.03083E+13,3.49763E+13
,0,0,0,재산수입,복권기금,2012,기획재정부,56422080,0,45550,56422080,56422080,0,56422080
,0,0,0,경상이전수입,복권기금,2012,기획재정부,416213850,0,1326396480,416213850,416213850,0,416213850
,0,0,0,재화및용역판매수입,복권기금,2012,기획재정부,0,0,0,0,0,0,0
,1.7915E+11,0,1.7915E+11,예금및예탁금,복권기금,2012,기획재정부,0,1.7915E+11,2.63626E+11,0,0,0,1.7915E+11
,1150689260,1150689260,0,재산수입,일반회계,2012,교육과학기술부,1944384400,1168459230,1806539930,1962154370,793695140,1168459230,3112843630
,596304330,596304330,0,경상이전수입,일반회계,2012,교육과학기술부,2839209030,6402235570,2576702740,8645140270,2242904700,6402235570,9241444600
,117330,117330,0,재화및용역판매수입,일반회계,2012,교육과학기술부,8183770,0,15365130,8066440,8066440,0,8183770
,0,0,0,관유물매각대,일반회계,2012,교육과학기술부,0,0,33707510,0,0,0,0
,7.52866E+11,0,7.52866E+11,융자회수금,일반회계,2012,교육과학기술부,0,7.79367E+11,7.55854E+11,26500909663,0,26500909663,7.79367E+11
,90388510,570000,89818510,기타수입,일반회계,2012,교육과학기술부,570000,89818510,90388510,0,0,0,90388510
광역발전계정,0,0,0,재산수입,광역지역발전특별회계,2012,교육과학기술부,0,0,0,0,0,0,0
광역발전계정,0,0,0,경상이전수입,광역지역발전특별회계,2012,교육과학기술부,3315023610,0,0,3315023610,3315023610,0,3315023610
자본계정,0,0,0,재화및용역판매수입,국립중앙과학관,2012,교육과학기술부,0,0,0,0,0,0,0
자본계정,0,0,0,관유물매각대,국립중앙과학관,2012,교육과학기술부,0,0,0,0,0,0,0
손익계정,24468310,24468310,0,재산수입,국립중앙과학관,2012,교육과학기술부,24468310,68710190,93970860,68710190,0,68710190,93178500
손익계정,180020630,180020630,0,경상이전수입,국립중앙과학관,2012,교육과학기술부,231705890,0,180020630,51685260,51685260,0,231705890
손익계정,4581690,4581690,0,재화및용역판매수입,국립중앙과학관,2012,교육과학기술부,4581690,0,4581690,0,0,0,4581690
손익계정,0,0,0,기타수입,국립중앙과학관,2012,교육과학기술부,0,0,0,0,0,0,0
자본계정,0,0,0,관유물매각대,국립과천과학관,2012,교육과학기술부,0,0,0,0,0,0,0
손익계정,0,0,0,재산수입,국립과천과학관,2012,교육과학기술부,8219490,63534020,53256940,71753510,8219490,63534020,71753510
손익계정,0,0,0,경상이전수입,국립과천과학관,2012,교육과학기술부,0,0,0,0,0,0,0
손익계정,1489700,1489700,0,재화및용역판매수입,국립과천과학관,2012,교육과학기술부,11362510,0,1851580,9872810,9872810,0,11362510
,0,0,0,재산수입,과학기술진흥기금,2012,교육과학기술부,0,0,0,0,0,0,0
,0,0,0,재화및용역판매수입,과학기술진흥기금,2012,교육과학기술부,0,0,0,0,0,0,0
,40500000000,0,40500000000,융자회수금,과학기술진흥기금,2012,교육과학기술부,0,40500000000,67073100000,0,0,0,40500000000
,0,0,0,예금및예탁금,과학기술진흥기금,2012,교육과학기술부,0,24727293730,37473191080,24727293730,0,24727293730,24727293730
,0,0,0,재산수입,원자력기금,2012,교육과학기술부,0,0,0,0,0,0,0
,0,0,0,경상이전수입,원자력기금,2012,교육과학기술부,0,0,0,0,0,0,0
,0,0,0,예금및예탁금,원자력기금,2012,교육과학기술부,0,34621482780,885484707,34621482780,0,34621482780,34621482780
,9362550,9362550,0,재산수입,일반회계,2012,행정안전부,65157250,1763130,53305490,57557830,55794700,1763130,66920380
,115847280,115847280,0,경상이전수입,일반회계,2012,행정안전부,1513795730,12415300,3578196630,1410363750,1397948450,12415300,1526211030
,19249800,19249800,0,재화및용역판매수입,일반회계,2012,행정안전부,19283530,0,19249800,33730,33730,0,19283530
,0,0,0,관유물매각대,일반회계,2012,행정안전부,0,0,0,0,0,0,0
,1.10003E+12,0,1.10003E+12,융자회수금,일반회계,2012,행정안전부,0,1.15198E+12,1.09894E+12,51946689000,0,51946689000,1.15198E+12
,2196820700,748936700,1447884000,기타수입,일반회계,2012,행정안전부,748936700,1577302000,2439066700,129418000,0,129418000,2326238700
광역발전계정,0,0,0,재산수입,광역지역발전특별회계,2012,행정안전부,0,0,0,0,0,0,0
광역발전계정,0,0,0,경상이전수입,광역지역발전특별회계,2012,행정안전부,0,0,0,0,0,0,0
,572452230,472452230,100000000,재산수입,일반회계,2012,문화체육관광부,538967810,363929780,919962450,330445360,66515580,263929780,902897590
,2459132200,2459132200,0,경상이전수입,일반회계,2012,문화체육관광부,3309203570,156323110,2919761390,1006394480,850071370,156323110,3465526680
,70851730,70851730,0,재화및용역판매수입,일반회계,2012,문화체육관광부,106985420,0,219934810,36133690,36133690,0,106985420
,0,0,0,관유물매각대,일반회계,2012,문화체육관광부,0,0,0,0,0,0,0
,527018000,455100000,71918000,기타수입,일반회계,2012,문화체육관광부,455100000,71918000,567391390,0,0,0,527018000
,1020898485,0,1020898485,예금및예탁금,일반회계,2012,문화체육관광부,0,1020898485,994787855,0,0,0,1020898485
,0,0,0,재산수입,아시아문화중심도시조성특별회계,2012,문화체육관광부,8360,0,26710,8360,8360,0,8360
,0,0,0,경상이전수입,아시아문화중심도시조성특별회계,2012,문화체육관광부,0,0,0,0,0,0,0
,0,0,0,재화및용역판매수입,아시아문화중심도시조성특별회계,2012,문화체육관광부,0,0,13210560,0,0,0,0
,0,0,0,관유물매각대,아시아문화중심도시조성특별회계,2012,문화체육관광부,0,0,0,0,0,0,0
지역개발계정,0,0,0,재산수입,광역지역발전특별회계,2012,문화체육관광부,0,199910,0,199910,0,199910,199910
지역개발계정,0,0,0,경상이전수입,광역지역발전특별회계,2012,문화체육관광부,0,0,0,0,0,0,0
광역발전계정,0,0,0,재산수입,광역지역발전특별회계,2012,문화체육관광부,0,0,0,0,0,0,0
광역발전계정,0,0,0,경상이전수입,광역지역발전특별회계,2012,문화체육관광부,0,0,0,0,0,0,0
제주특별자치도계정,0,0,0,재산수입,광역지역발전특별회계,2012,문화체육관광부,0,0,0,0,0,0,0
제주특별자치도계정,0,0,0,경상이전수입,광역지역발전특별회계,2012,문화체육관광부,0,0,0,0,0,0,0
,2393040,2393040,0,재산수입,관광진흥개발기금,2012,문화체육관광부,19856890,6965230,44001010,24429080,17463850,6965230,26822120
,222068960,222068960,0,경상이전수입,관광진흥개발기금,2012,문화체육관광부,894995150,13007884260,1704200160,13680810450,672926190,13007884260,13902879410
,1.01787E+12,0,1.01787E+12,융자회수금,관광진흥개발기금,2012,문화체육관광부,0,1.16833E+12,1.13152E+12,1.50462E+11,0,1.50462E+11,1.16833E+12
,9054285714,0,9054285714,예금및예탁금,관광진흥개발기금,2012,문화체육관광부,0,95813897744,1.05083E+11,86759612030,0,86759612030,95813897744
,0,0,0,재산수입,지역신문발전기금,2012,문화체육관광부,0,0,0,0,0,0,0
,0,0,0,경상이전수입,지역신문발전기금,2012,문화체육관광부,0,0,0,0,0,0,0
,2641530000,0,2641530000,융자회수금,지역신문발전기금,2012,문화체육관광부,0,2641530000,5555510000,0,0,0,2641530000
,0,0,0,예금및예탁금,지역신문발전기금,2012,문화체육관광부,0,15783188071,2031082302,15783188071,0,15783188071,15783188071
,269445650,269372760,72890,재산수입,일반회계,2012,농림수산식품부,298506660,26949310,444143780,56010320,29133900,26876420,325455970
,486261440,472958220,13303220,경상이전수입,일반회계,2012,농림수산식품부,670012310,33713970,1380823460,217464840,197054090,20410750,703726280
,163600,163600,0,재화및용역판매수입,일반회계,2012,농림수산식품부,936080,0,36417600,772480,772480,0,936080
,0,0,0,관유물매각대,일반회계,2012,농림수산식품부,0,0,0,0,0,0,0
,437645000,0,437645000,기타수입,일반회계,2012,농림수산식품부,0,494235000,457645000,56590000,0,56590000,494235000
구조개선사업계정,553700,553700,0,재산수입,농어촌구조개선특별회계,2012,농림수산식품부,4728930,0,553700,4175230,4175230,0,4728930
구조개선사업계정,1163149900,1163149900,0,경상이전수입,농어촌구조개선특별회계,2012,농림수산식품부,2540450830,124118000,13327846280,1501418930,1377300930,124118000,2664568830
구조개선사업계정,0,0,0,재화및용역판매수입,농어촌구조개선특별회계,2012,농림수산식품부,0,0,38000,0,0,0,0
구조개선사업계정,0,0,0,관유물매각대,농어촌구조개선특별회계,2012,농림수산식품부,0,0,0,0,0,0,0
구조개선사업계정,1.24921E+12,0,1.24921E+12,융자회수금,농어촌구조개선특별회계,2012,농림수산식품부,0,1.37721E+12,1.52207E+12,1.27999E+11,0,1.27999E+11,1.37721E+12
농어촌특별세사업계정,7341210,7341210,0,재산수입,농어촌구조개선특별회계,2012,농림수산식품부,7341210,0,7357500,0,0,0,7341210
농어촌특별세사업계정,202816050,202816050,0,경상이전수입,농어촌구조개선특별회계,2012,농림수산식품부,430186790,645059170,619178320,872429910,227370740,645059170,1075245960
농어촌특별세사업계정,0,0,0,재화및용역판매수입,농어촌구조개선특별회계,2012,농림수산식품부,0,0,0,0,0,0,0
농어촌특별세사업계정,85753960860,0,85753960860,융자회수금,농어촌구조개선특별회계,2012,농림수산식품부,0,1.10212E+11,1.06201E+11,24458000000,0,24458000000,1.10212E+11
투자계정,0,0,0,경상이전수입,에너지및자원사업특별회계,2012,농림수산식품부,138650400,0,0,138650400,138650400,0,138650400
융자계정,0,0,0,재산수입,에너지및자원사업특별회계,2012,농림수산식품부,0,0,0,0,0,0,0
융자계정,5470021600,0,5470021600,융자회수금,에너지및자원사업특별회계,2012,농림수산식품부,0,37932957600,17210146600,32462936000,0,32462936000,37932957600
,0,0,0,재산수입,혁신도시건설특별회계,2012,농림수산식품부,0,2804250,11813530,2804250,0,2804250,2804250
,179603010,179603010,0,경상이전수입,혁신도시건설특별회계,2012,농림수산식품부,179603010,0,179603010,0,0,0,179603010
,37565808110,0,37565808110,관유물매각대,혁신도시건설특별회계,2012,농림수산식품부,0,1.38902E+11,88392931110,1.01336E+11,0,1.01336E+11,1.38902E+11
지역개발계정,0,0,0,재산수입,광역지역발전특별회계,2012,농림수산식품부,0,0,0,0,0,0,0
지역개발계정,0,0,0,경상이전수입,광역지역발전특별회계,2012,농림수산식품부,805770,0,25685000,805770,805770,0,805770
광역발전계정,0,0,0,재산수입,광역지역발전특별회계,2012,농림수산식품부,0,0,0,0,0,0,0
광역발전계정,0,0,0,경상이전수입,광역지역발전특별회계,2012,농림수산식품부,301430000,0,792000000,301430000,301430000,0,301430000
제주특별자치도계정,0,0,0,재산수입,광역지역발전특별회계,2012,농림수산식품부,0,0,0,0,0,0,0
제주특별자치도계정,0,0,0,경상이전수입,광역지역발전특별회계,2012,농림수산식품부,0,0,0,0,0,0,0
손익계정,0,0,0,경상이전수입,양곡관리특별회계,2012,농림수산식품부,192510,0,0,192510,192510,0,192510
손익계정,0,0,0,재화및용역판매수입,양곡관리특별회계,2012,농림수산식품부,0,0,0,0,0,0,0
손익계정,123643750,123643750,0,관유물매각대,양곡관리특별회계,2012,농림수산식품부,398904320,71865000,140947500,347125570,275260570,71865000,470769320
,0,0,0,재산수입,양곡증권정리기금,2012,농림수산식품부,0,0,0,0,0,0,0
,0,0,0,예금및예탁금,양곡증권정리기금,2012,농림수산식품부,0,39960757590,30603008060,39960757590,0,39960757590,39960757590
,0,0,0,재산수입,농산물가격안정기금,2012,농림수산식품부,0,0,0,0,0,0,0
,0,0,0,경상이전수입,농산물가격안정기금,2012,농림수산식품부,478373000,0,0,478373000,478373000,0,478373000
,0,0,0,재화및용역판매수입,농산물가격안정기금,2012,농림수산식품부,0,0,0,0,0,0,0
,0,0,0,관유물매각대,농산물가격안정기금,2012,농림수산식품부,0,0,0,0,0,0,0
,1.76355E+12,0,1.76355E+12,융자회수금,농산물가격안정기금,2012,농림수산식품부,0,3.22064E+12,3.0347E+12,1.45709E+12,0,1.45709E+12,3.22064E+12
,97426143456,0,97426143456,예금및예탁금,농산물가격안정기금,2012,농림수산식품부,0,4.36075E+11,5.88073E+11,3.38648E+11,0,3.38648E+11,4.36075E+11
,3420176251,3420176251,0,재산수입,농지관리기금,2012,농림수산식품부,3902843256,6150033604,13398355884,6632700609,482667005,6150033604,10052876860
,2.07185E+11,46829757525,1.60355E+11,경상이전수입,농지관리기금,2012,농림수산식품부,3.30366E+11,4.26979E+11,3.89559E+11,5.50161E+11,2.83536E+11,2.66625E+11,7.57345E+11
,3381390470,3381390470,0,관유물매각대,농지관리기금,2012,농림수산식품부,3381390470,15711301867,24585524000,15711301867,0,15711301867,19092692337
,2.95375E+12,0,2.95375E+12,융자회수금,농지관리기금,2012,농림수산식품부,0,3.56757E+12,3.23726E+12,6.13821E+11,0,6.13821E+11,3.56757E+12
,0,0,0,예금및예탁금,농지관리기금,2012,농림수산식품부,0,3.3893E+11,7.52514E+11,3.3893E+11,0,3.3893E+11,3.3893E+11
,0,0,0,재산수입,수산발전기금,2012,농림수산식품부,0,0,10715110,0,0,0,0
,5932185250,4811637250,1120548000,경상이전수입,수산발전기금,2012,농림수산식품부,5067539410,1237553180,11900786430,372907340,255902160,117005180,6305092590
,0,0,0,재화및용역판매수입,수산발전기금,2012,농림수산식품부,604826040,0,0,604826040,604826040,0,604826040
,0,0,0,관유물매각대,수산발전기금,2012,농림수산식품부,0,0,0,0,0,0,0
,3.1998E+11,0,3.1998E+11,융자회수금,수산발전기금,2012,농림수산식품부,0,8.28976E+11,7.54417E+11,5.08996E+11,0,5.08996E+11,8.28976E+11
,499999996,0,499999996,예금및예탁금,수산발전기금,2012,농림수산식품부,0,81171394440,97800708864,80671394444,0,80671394444,81171394440
,0,0,0,재산수입,축산발전기금,2012,농림수산식품부,0,0,0,0,0,0,0
,0,0,0,경상이전수입,축산발전기금,2012,농림수산식품부,0,22679240,0,22679240,0,22679240,22679240
,0,0,0,관유물매각대,축산발전기금,2012,농림수산식품부,0,0,0,0,0,0,0
,1.02557E+12,0,1.02557E+12,융자회수금,축산발전기금,2012,농림수산식품부,0,1.29306E+12,1.3242E+12,2.67495E+11,0,2.67495E+11,1.29306E+12
,0,0,0,예금및예탁금,축산발전기금,2012,농림수산식품부,0,90961472565,2.11429E+11,90961472565,0,90961472565,90961472565
,0,0,0,재산수입,농업소득보전직접지불기금,2012,농림수산식품부,0,0,0,0,0,0,0
,0,0,0,경상이전수입,농업소득보전직접지불기금,2012,농림수산식품부,0,0,0,0,0,0,0
,0,0,0,예금및예탁금,농업소득보전직접지불기금,2012,농림수산식품부,0,461834370,1735537020,461834370,0,461834370,461834370
,0,0,0,재산수입,자유무역협정이행지원기금,2012,농림수산식품부,0,0,0,0,0,0,0
,0,0,0,경상이전수입,자유무역협정이행지원기금,2012,농림수산식품부,0,0,0,0,0,0,0
,4.83193E+11,0,4.83193E+11,융자회수금,자유무역협정이행지원기금,2012,농림수산식품부,0,7.10442E+11,5.34084E+11,2.27248E+11,0,2.27248E+11,7.10442E+11
,1.35871E+11,0,1.35871E+11,예금및예탁금,자유무역협정이행지원기금,2012,농림수산식품부,0,1.35871E+11,45776620200,0,0,0,1.35871E+11
,0,0,0,재산수입,농어업재해재보험기금,2012,농림수산식품부,0,0,0,0,0,0,0
,0,0,0,경상이전수입,농어업재해재보험기금,2012,농림수산식품부,0,0,0,0,0,0,0
,0,0,0,재화및용역판매수입,농어업재해재보험기금,2012,농림수산식품부,0,0,0,0,0,0,0
,0,0,0,예금및예탁금,농어업재해재보험기금,2012,농림수산식품부,0,8553565120,1.64526E+11,8553565120,0,8553565120,8553565120
,59842020,59842020,0,재산수입,일반회계,2012,지식경제부,188953590,290770,192143580,129402340,129111570,290770,189244360
,79630570,79630570,0,경상이전수입,일반회계,2012,지식경제부,290981320,103400000,898532430,314750750,211350750,103400000,394381320
,22509870,22509870,0,재화및용역판매수입,일반회계,2012,지식경제부,37237090,0,45659740,14727220,14727220,0,37237090
,845406010,845406010,0,관유물매각대,일반회계,2012,지식경제부,845406010,0,3298025530,0,0,0,845406010
투자계정,0,0,0,재산수입,에너지및자원사업특별회계,2012,지식경제부,10662530,0,667170,10662530,10662530,0,10662530
투자계정,1315807020,1315807020,0,경상이전수입,에너지및자원사업특별회계,2012,지식경제부,3131968700,268880,9767866800,1816430560,1816161680,268880,3132237580
융자계정,0,0,0,재산수입,에너지및자원사업특별회계,2012,지식경제부,0,0,0,0,0,0,0
융자계정,6.78104E+12,0,6.78104E+12,융자회수금,에너지및자원사업특별회계,2012,지식경제부,0,7.67276E+12,8.15242E+12,8.91724E+11,0,8.91724E+11,7.67276E+12
,0,0,0,경상이전수입,우체국보험특별회계,2012,지식경제부,0,666360,250000,666360,0,666360,666360
,0,0,0,재화및용역판매수입,혁신도시건설특별회계,2012,지식경제부,0,0,0,0,0,0,0
,0,0,0,관유물매각대,혁신도시건설특별회계,2012,지식경제부,0,0,0,0,0,0,0
지역개발계정,0,0,0,재산수입,광역지역발전특별회계,2012,지식경제부,0,0,0,0,0,0,0
지역개발계정,0,0,0,경상이전수입,광역지역발전특별회계,2012,지식경제부,0,0,0,0,0,0,0
광역발전계정,0,0,0,재산수입,광역지역발전특별회계,2012,지식경제부,0,0,0,0,0,0,0
광역발전계정,0,0,0,경상이전수입,광역지역발전특별회계,2012,지식경제부,0,0,0,0,0,0,0
제주특별자치도계정,0,0,0,재산수입,광역지역발전특별회계,2012,지식경제부,0,0,0,0,0,0,0
제주특별자치도계정,0,0,0,경상이전수입,광역지역발전특별회계,2012,지식경제부,0,0,0,0,0,0,0
자본계정,284370880,284370880,0,관유물매각대,우편사업특별회계,2012,지식경제부,394020850,5470600,591517180,115120570,109649970,5470600,399491450
자본계정,1.31496E+11,0,1.31496E+11,융자회수금,우편사업특별회계,2012,지식경제부,0,1.35486E+11,1.31496E+11,3989451000,0,3989451000,1.35486E+11
자본계정,33916000,0,33916000,기타수입,우편사업특별회계,2012,지식경제부,0,851304000,35366000,817388000,0,817388000,851304000
손익계정,378346660,378346660,0,재산수입,우편사업특별회계,2012,지식경제부,860039560,249038480,1225611520,730731380,481692900,249038480,1109078040
손익계정,616302030,616302030,0,경상이전수입,우편사업특별회계,2012,지식경제부,1060126720,838805550,2763045180,1282630240,443824690,838805550,1898932270
자본계정,0,0,0,관유물매각대,우체국예금특별회계,2012,지식경제부,0,4000,0,4000,0,4000,4000
손익계정,0,0,0,재산수입,우체국예금특별회계,2012,지식경제부,0,0,0,0,0,0,0
손익계정,4098053440,4098053440,0,경상이전수입,우체국예금특별회계,2012,지식경제부,4101714530,473220,8404052900,4134310,3661090,473220,4102187750
,0,0,0,재산수입,정보통신진흥기금,2012,지식경제부,0,0,0,0,0,0,0
,866165350,866165350,0,경상이전수입,정보통신진흥기금,2012,지식경제부,987587250,0,1549467570,121421900,121421900,0,987587250
,1.38509E+11,0,1.38509E+11,융자회수금,정보통신진흥기금,2012,지식경제부,0,1.68709E+11,2.2573E+11,30200000000,0,30200000000,1.68709E+11
,0,0,0,예금및예탁금,정보통신진흥기금,2012,지식경제부,0,20000000000,66476313,20000000000,0,20000000000,20000000000
,0,0,0,경상이전수입,전력산업기반기금,2012,지식경제부,14563237280,3.13089E+11,2.89872E+11,3.27652E+11,14563237280,3.13089E+11,3.27652E+11
,5.32635E+11,0,5.32635E+11,융자회수금,전력산업기반기금,2012,지식경제부,0,5.50635E+11,6.7611E+11,18000000000,0,18000000000,5.50635E+11
,0,0,0,예금및예탁금,전력산업기반기금,2012,지식경제부,0,3.21044E+11,2.915E+11,3.21044E+11,0,3.21044E+11,3.21044E+11
,0,0,0,재산수입,방사성폐기물관리기금,2012,지식경제부,0,0,0,0,0,0,0
,0,0,0,경상이전수입,방사성폐기물관리기금,2012,지식경제부,0,4.52907E+12,0,4.52907E+12,0,4.52907E+12,4.52907E+12
,0,0,0,재화및용역판매수입,방사성폐기물관리기금,2012,지식경제부,0,0,0,0,0,0,0
,0,0,0,예금및예탁금,방사성폐기물관리기금,2012,지식경제부,0,2.16253E+11,1.86704E+11,2.16253E+11,0,2.16253E+11,2.16253E+11
,14958489260,14958489260,0,재산수입,일반회계,2012,보건복지부,15811210480,77115450,17078875080,929836670,852721220,77115450,15888325930
,8892119610,8892119610,0,경상이전수입,일반회계,2012,보건복지부,66561032370,397838330,79375192860,58066751090,57668912760,397838330,66958870700
,11469000,11469000,0,재화및용역판매수입,일반회계,2012,보건복지부,11469000,0,15047700,0,0,0,11469000
,0,0,0,관유물매각대,일반회계,2012,보건복지부,0,0,0,0,0,0,0
,46517313540,46517313540,0,융자회수금,일반회계,2012,보건복지부,46520096030,0,48661975491,2782490,2782490,0,46520096030
,121500000,121500000,0,기타수입,일반회계,2012,보건복지부,121500000,0,121500000,0,0,0,121500000
투자계정,5142335840,5142335840,0,경상이전수입,에너지및자원사업특별회계,2012,보건복지부,5142335840,0,5390317860,0,0,0,5142335840
자본계정,0,0,0,관유물매각대,국립재활원,2012,보건복지부,0,0,0,0,0,0,0
손익계정,0,0,0,재산수입,국립재활원,2012,보건복지부,5119320,0,75705350,5119320,5119320,0,5119320
손익계정,0,0,0,경상이전수입,국립재활원,2012,보건복지부,2729090,2268750,638480,4997840,2729090,2268750,4997840
손익계정,7496130,3011160,4484970,재화및용역판매수입,국립재활원,2012,보건복지부,19719020,1966122750,188280850,1978345640,16707860,1961637780,1985841770
손익계정,0,0,0,재산수입,국립목포병원,2012,보건복지부,0,0,0,0,0,0,0
손익계정,0,0,0,경상이전수입,국립목포병원,2012,보건복지부,0,0,0,0,0,0,0
손익계정,0,0,0,재화및용역판매수입,국립목포병원,2012,보건복지부,110645960,397651840,191562000,508297800,110645960,397651840,508297800
손익계정,0,0,0,관유물매각대,국립목포병원,2012,보건복지부,0,0,0,0,0,0,0
손익계정,0,0,0,재산수입,국립마산병원,2012,보건복지부,0,11850060,26370750,11850060,0,11850060,11850060
손익계정,0,0,0,경상이전수입,국립마산병원,2012,보건복지부,0,0,0,0,0,0,0
손익계정,0,0,0,재화및용역판매수입,국립마산병원,2012,보건복지부,242617380,630652030,556652550,873269410,242617380,630652030,873269410
손익계정,0,0,0,재산수입,국립정신건강센터,2012,보건복지부,0,0,0,0,0,0,0
손익계정,0,0,0,경상이전수입,국립정신건강센터,2012,보건복지부,0,0,0,0,0,0,0
손익계정,0,0,0,재화및용역판매수입,국립정신건강센터,2012,보건복지부,0,3675846460,3167867860,3675846460,0,3675846460,3675846460
손익계정,0,0,0,관유물매각대,국립정신건강센터,2012,보건복지부,0,0,0,0,0,0,0
손익계정,0,0,0,재산수입,국립나주병원,2012,보건복지부,0,0,0,0,0,0,0
손익계정,0,0,0,경상이전수입,국립나주병원,2012,보건복지부,0,0,0,0,0,0,0
손익계정,0,0,0,재화및용역판매수입,국립나주병원,2012,보건복지부,0,1450116600,1206965890,1450116600,0,1450116600,1450116600
손익계정,0,0,0,관유물매각대,국립나주병원,2012,보건복지부,0,0,0,0,0,0,0
손익계정,0,0,0,재산수입,국립부곡병원,2012,보건복지부,0,0,0,0,0,0,0
손익계정,0,0,0,경상이전수입,국립부곡병원,2012,보건복지부,0,0,0,0,0,0,0
손익계정,0,0,0,재화및용역판매수입,국립부곡병원,2012,보건복지부,0,1057727460,424470460,1057727460,0,1057727460,1057727460
손익계정,0,0,0,재산수입,국립춘천병원,2012,보건복지부,0,0,0,0,0,0,0
손익계정,0,0,0,경상이전수입,국립춘천병원,2012,보건복지부,0,0,0,0,0,0,0
손익계정,0,0,0,재화및용역판매수입,국립춘천병원,2012,보건복지부,0,951468270,808753670,951468270,0,951468270,951468270
손익계정,0,0,0,재산수입,국립공주병원,2012,보건복지부,0,15118260,28086900,15118260,0,15118260,15118260
손익계정,0,0,0,경상이전수입,국립공주병원,2012,보건복지부,0,0,0,0,0,0,0
손익계정,0,0,0,재화및용역판매수입,국립공주병원,2012,보건복지부,0,825954430,336249630,825954430,0,825954430,825954430
손익계정,0,0,0,관유물매각대,국립공주병원,2012,보건복지부,0,0,0,0,0,0,0
,5.07516E+12,0,5.07516E+12,융자회수금,국민연금기금,2012,보건복지부,0,6.25564E+12,5.35489E+12,1.18048E+12,0,1.18048E+12,6.25564E+12
,1.87E+12,0,1.87E+12,예금및예탁금,국민연금기금,2012,보건복지부,0,4.52373E+12,4.56198E+12,2.65373E+12,0,2.65373E+12,4.52373E+12
국민건강증진계정,125820,125820,0,재산수입,국민건강증진기금,2012,보건복지부,1143940,0,1196450,1018120,1018120,0,1143940
국민건강증진계정,3716097340,3716097340,0,경상이전수입,국민건강증진기금,2012,보건복지부,14032312060,0,6987608900,10316214720,10316214720,0,14032312060
,0,0,0,재산수입,응급의료기금,2012,보건복지부,63770640,0,724710,63770640,63770640,0,63770640
,24238500,24238500,0,경상이전수입,응급의료기금,2012,보건복지부,1929811360,114652570,794934570,2020225430,1905572860,114652570,2044463930
,54976960000,0,54976960000,융자회수금,응급의료기금,2012,보건복지부,0,64976960000,59685400000,10000000000,0,10000000000,64976960000
,405720,405720,0,재산수입,일반회계,2012,여성가족부,6361040,0,5875430,5955320,5955320,0,6361040
,13816980,13816980,0,경상이전수입,일반회계,2012,여성가족부,1832850720,0,2318390610,1819033740,1819033740,0,1832850720
,0,0,0,재화및용역판매수입,일반회계,2012,여성가족부,0,0,0,0,0,0,0
,53620,53620,0,재산수입,청소년육성기금,2012,여성가족부,3578690,0,1803630,3525070,3525070,0,3578690
,448683060,448683060,0,경상이전수입,청소년육성기금,2012,여성가족부,921398590,0,868253480,472715530,472715530,0,921398590
,1673340000,0,1673340000,융자회수금,청소년육성기금,2012,여성가족부,0,1673340000,3889850000,0,0,0,1673340000
,0,0,0,예금및예탁금,청소년육성기금,2012,여성가족부,0,17409969865,20308179552,17409969865,0,17409969865,17409969865
,0,0,0,재산수입,양성평등기금,2012,여성가족부,5575710,0,5822860,5575710,5575710,0,5575710
,20208350,20208350,0,경상이전수입,양성평등기금,2012,여성가족부,1291635230,0,617917820,1271426880,1271426880,0,1291635230
,399469207,399469207,0,융자회수금,양성평등기금,2012,여성가족부,399469207,0,481887910,0,0,0,399469207
,0,0,0,예금및예탁금,양성평등기금,2012,여성가족부,0,1645873759,983216755,1645873759,0,1645873759,1645873759
,1132070140,1131996490,73650,재산수입,일반회계,2012,국토해양부,1233623540,156648030,1940788690,258201430,101627050,156574380,1390271570
,2022768470,2020582340,2186130,경상이전수입,일반회계,2012,국토해양부,12375028970,4195400,3363911390,10356455900,10354446630,2009270,12379224370
,46674120,46674120,0,재화및용역판매수입,일반회계,2012,국토해양부,8893496100,176781300,138721930,9023603280,8846821980,176781300,9070277400
,0,0,0,관유물매각대,일반회계,2012,국토해양부,0,0,542225000,0,0,0,0
,3100000,0,3100000,융자회수금,일반회계,2012,국토해양부,0,3100000,3100000,0,0,0,3100000
,119174110,0,119174110,기타수입,일반회계,2012,국토해양부,0,119174110,119174110,0,0,0,119174110
도로계정,7862926330,7795463230,67463100,재산수입,교통시설특별회계,2012,국토해양부,9556233060,197291920,9636066960,1890598650,1760769830,129828820,9753524980
도로계정,1255717590,1255717590,0,경상이전수입,교통시설특별회계,2012,국토해양부,2013140860,105239790,1450609670,862663060,757423270,105239790,2118380650
도로계정,105106800,105106800,0,재화및용역판매수입,교통시설특별회계,2012,국토해양부,169449010,9408390,111997470,73750600,64342210,9408390,178857400
도로계정,0,0,0,관유물매각대,교통시설특별회계,2012,국토해양부,0,1792000,61876830,1792000,0,1792000,1792000
철도계정,3738161690,3391341000,346820690,재산수입,교통시설특별회계,2012,국토해양부,3391341000,355736660,5511545600,8915970,0,8915970,3747077660
철도계정,6782666560,6782666560,0,경상이전수입,교통시설특별회계,2012,국토해양부,6794420560,0,6925255310,11754000,11754000,0,6794420560
철도계정,0,0,0,재화및용역판매수입,교통시설특별회계,2012,국토해양부,0,0,0,0,0,0,0
철도계정,4389500600,0,4389500600,관유물매각대,교통시설특별회계,2012,국토해양부,0,4552486100,6655724800,162985500,0,162985500,4552486100
철도계정,1.0875E+12,0,1.0875E+12,융자회수금,교통시설특별회계,2012,국토해양부,0,1.0875E+12,1.18546E+12,0,0,0,1.0875E+12
공항계정,19412850,19412850,0,재산수입,교통시설특별회계,2012,국토해양부,20162670,0,19432010,749820,749820,0,20162670
공항계정,63178030,63178030,0,경상이전수입,교통시설특별회계,2012,국토해양부,88659950,0,63971810,25481920,25481920,0,88659950
공항계정,0,0,0,재화및용역판매수입,교통시설특별회계,2012,국토해양부,6690,0,25073290,6690,6690,0,6690
공항계정,0,0,0,관유물매각대,교통시설특별회계,2012,국토해양부,0,0,1175000,0,0,0,0
항만계정,631017850,631017850,0,재산수입,교통시설특별회계,2012,국토해양부,718836280,36950590,1035695970,124769020,87818430,36950590,755786870
항만계정,1255246480,1255246340,140,경상이전수입,교통시설특별회계,2012,국토해양부,11342025920,26931840,1681480080,10113711280,10086779580,26931700,11368957760
항만계정,4908703570,4908703570,0,재화및용역판매수입,교통시설특별회계,2012,국토해양부,6600587880,4539591200,17958815120,6231475510,1691884310,4539591200,11140179080
항만계정,0,0,0,관유물매각대,교통시설특별회계,2012,국토해양부,0,0,2045523150,0,0,0,0
항만계정,2.59914E+11,0,2.59914E+11,융자회수금,교통시설특별회계,2012,국토해양부,0,2.59914E+11,2.89511E+11,0,0,0,2.59914E+11
교통체계관리계정,0,0,0,재산수입,교통시설특별회계,2012,국토해양부,0,0,0,0,0,0,0
교통체계관리계정,0,0,0,경상이전수입,교통시설특별회계,2012,국토해양부,0,0,0,0,0,0,0
교통체계관리계정,60995600000,0,60995600000,융자회수금,교통시설특별회계,2012,국토해양부,0,60995600000,98653600000,0,0,0,60995600000
,0,0,0,경상이전수입,혁신도시건설특별회계,2012,국토해양부,0,0,0,0,0,0,0
,0,0,0,관유물매각대,혁신도시건설특별회계,2012,국토해양부,0,0,0,0,0,0,0
지역개발계정,12832380,11617380,1215000,재산수입,광역지역발전특별회계,2012,국토해양부,14779950,6615000,321225080,8562570,3162570,5400000,21394950
지역개발계정,4.76234E+11,2.47331E+11,2.28904E+11,경상이전수입,광역지역발전특별회계,2012,국토해양부,2.9624E+11,4.06102E+11,7.65845E+11,2.26108E+11,48909344430,1.77198E+11,7.02342E+11
지역개발계정,250973160,110440860,140532300,재화및용역판매수입,광역지역발전특별회계,2012,국토해양부,122598590,151418140,360912220,23043570,12157730,10885840,274016730
광역발전계정,126350580,126350580,0,재산수입,광역지역발전특별회계,2012,국토해양부,127850440,0,2073315780,1499860,1499860,0,127850440
광역발전계정,1.29472E+11,1.26853E+11,2619212800,경상이전수입,광역지역발전특별회계,2012,국토해양부,1.41819E+11,66883048530,1.97648E+11,79229733530,14965897800,64263835730,2.08702E+11
광역발전계정,2983090,2983090,0,재화및용역판매수입,광역지역발전특별회계,2012,국토해양부,2983090,0,10092460,0,0,0,2983090
광역발전계정,32203970,32203970,0,관유물매각대,광역지역발전특별회계,2012,국토해양부,1128758670,11823177600,32203970,12919732300,1096554700,11823177600,12951936270
광역발전계정,2520049600,0,2520049600,융자회수금,광역지역발전특별회계,2012,국토해양부,0,2520049600,6275607800,0,0,0,2520049600
자본계정,0,0,0,경상이전수입,대산지방해양수산청,2012,국토해양부,0,0,0,0,0,0,0
자본계정,0,0,0,재화및용역판매수입,대산지방해양수산청,2012,국토해양부,0,0,0,0,0,0,0
자본계정,0,0,0,관유물매각대,대산지방해양수산청,2012,국토해양부,0,0,0,0,0,0,0
손익계정,31118790,31118790,0,재산수입,대산지방해양수산청,2012,국토해양부,31118790,0,31118790,0,0,0,31118790
손익계정,44862910,44862910,0,경상이전수입,대산지방해양수산청,2012,국토해양부,49424320,7760,44862960,4569170,4561410,7760,49432080
손익계정,31529410,31529410,0,재화및용역판매수입,대산지방해양수산청,2012,국토해양부,36379870,477213460,411431340,482063920,4850460,477213460,513593330
손익계정,0,0,0,관유물매각대,대산지방해양수산청,2012,국토해양부,0,0,0,0,0,0,0
,0,0,0,재화및용역판매수입,주택도시기금,2012,국토해양부,0,7986000770,15909743473,7986000770,0,7986000770,7986000770
,6.42214E+13,1.65722E+11,6.40557E+13,융자회수금,주택도시기금,2012,국토해양부,1.66327E+11,7.93624E+13,7.37142E+13,1.53074E+13,605024939,1.53067E+13,7.95288E+13
,0,0,0,예금및예탁금,주택도시기금,2012,국토해양부,0,3.86093E+12,3.21512E+12,3.86093E+12,0,3.86093E+12,3.86093E+12
,0,0,0,재산수입,일반회계,2012,방송통신위원회,0,6379390,0,6379390,0,6379390,6379390
,3166190500,3165620500,570000,경상이전수입,일반회계,2012,방송통신위원회,3829252130,4080600,3344710010,667142230,663631630,3510600,3833332730
,1530164070,1530164070,0,재화및용역판매수입,일반회계,2012,방송통신위원회,1773601560,578000,1636086900,244015490,243437490,578000,1774179560
,0,0,0,관유물매각대,일반회계,2012,방송통신위원회,0,0,0,0,0,0,0
,19910400,0,19910400,기타수입,일반회계,2012,방송통신위원회,0,19910400,41910400,0,0,0,19910400
,0,0,0,재산수입,방송통신발전기금,2012,방송통신위원회,0,0,0,0,0,0,0
,38391270,38391270,0,경상이전수입,방송통신발전기금,2012,방송통신위원회,38391270,8959611640,38391270,8959611640,0,8959611640,8998002910
,64044130000,0,64044130000,융자회수금,방송통신발전기금,2012,방송통신위원회,0,91625130000,82500150000,27581000000,0,27581000000,91625130000
,5226587023,0,5226587023,기타수입,방송통신발전기금,2012,방송통신위원회,0,5226587023,5228702023,0,0,0,5226587023
,0,0,0,예금및예탁금,방송통신발전기금,2012,방송통신위원회,0,3.50779E+11,4.08366E+11,3.50779E+11,0,3.50779E+11,3.50779E+11
,0,0,0,재산수입,일반회계,2012,금융위원회,0,0,0,0,0,0,0
,0,0,0,경상이전수입,일반회계,2012,금융위원회,0,0,0,0,0,0,0
,966638120,0,966638120,융자회수금,일반회계,2012,금융위원회,0,966638120,2081641590,0,0,0,966638120
,0,0,0,기타수입,일반회계,2012,금융위원회,0,0,1207446200,0,0,0,0
,0,0,0,재산수입,농어가목돈마련저축장려기금,2012,금융위원회,0,0,0,0,0,0,0
,0,0,0,경상이전수입,농어가목돈마련저축장려기금,2012,금융위원회,0,0,0,0,0,0,0
,0,0,0,예금및예탁금,농어가목돈마련저축장려기금,2012,금융위원회,0,10273376027,34010000000,10273376027,0,10273376027,10273376027
,0,0,0,재산수입,공적자금상환기금,2012,금융위원회,0,0,0,0,0,0,0
,0,0,0,예금및예탁금,공적자금상환기금,2012,금융위원회,0,500000000,14400000000,500000000,0,500000000,500000000
,0,0,0,경상이전수입,일반회계,2012,국민권익위원회,0,0,0,0,0,0,0
,0,0,0,재화및용역판매수입,일반회계,2012,국민권익위원회,1140000,0,0,1140000,1140000,0,1140000
,0,0,0,재산수입,일반회계,2012,특임장관실,0,0,0,0,0,0,0
,0,0,0,경상이전수입,일반회계,2012,특임장관실,500000,0,0,500000,500000,0,500000
,0,0,0,경상이전수입,일반회계,2012,국가과학기술위원회,0,0,0,0,0,0,0
,0,0,0,경상이전수입,일반회계,2012,원자력안전위원회,0,0,0,0,0,0,0
,0,0,0,재산수입,일반회계,2013,감사원,0,0,0,0,0,0,0
,270500050,270500050,0,경상이전수입,일반회계,2013,감사원,270500050,21232800,270500050,21232800,0,21232800,291732850
,0,0,0,재화및용역판매수입,일반회계,2013,감사원,0,0,0,0,0,0,0
,501170000,82200000,418970000,기타수입,일반회계,2013,감사원,82200000,502708910,1022134800,83738910,0,83738910,584908910
,0,0,0,재산수입,일반회계,2013,국회,0,0,0,0,0,0,0
,95695930,95695930,0,경상이전수입,일반회계,2013,국회,107806740,0,98295930,12110810,12110810,0,107806740
,0,0,0,재화및용역판매수입,일반회계,2013,국회,0,0,0,0,0,0,0
,0,0,0,관유물매각대,일반회계,2013,국회,0,0,0,0,0,0,0
,42818620,0,42818620,기타수입,일반회계,2013,국회,0,66507100,54434290,23688480,0,23688480,66507100
,0,0,0,재산수입,일반회계,2013,대법원,676072360,0,614611240,676072360,676072360,0,676072360
,236249800,236249800,0,경상이전수입,일반회계,2013,대법원,679298130,3666360,94093540,446714690,443048330,3666360,682964490
,0,0,0,재화및용역판매수입,일반회계,2013,대법원,0,0,0,0,0,0,0
,0,0,0,관유물매각대,일반회계,2013,대법원,0,0,0,0,0,0,0
,392067290,383876540,8190750,기타수입,일반회계,2013,대법원,383876540,8190750,394444000,0,0,0,392067290
,0,0,0,재산수입,등기특별회계,2013,대법원,0,0,0,0,0,0,0
,0,0,0,경상이전수입,등기특별회계,2013,대법원,0,0,0,0,0,0,0
,0,0,0,재화및용역판매수입,등기특별회계,2013,대법원,0,0,0,0,0,0,0
,281250,281250,0,관유물매각대,등기특별회계,2013,대법원,281250,0,281250,0,0,0,281250
,207637500,207637500,0,기타수입,등기특별회계,2013,대법원,207637500,0,207637500,0,0,0,207637500
,0,0,0,경상이전수입,일반회계,2013,헌법재판소,0,0,0,0,0,0,0
,0,0,0,재화및용역판매수입,일반회계,2013,헌법재판소,0,0,0,0,0,0,0
,160960000,0,160960000,기타수입,일반회계,2013,헌법재판소,0,160960000,160960000,0,0,0,160960000
,0,0,0,재산수입,일반회계,2013,중앙선거관리위원회,0,0,0,0,0,0,0
,0,0,0,경상이전수입,일반회계,2013,중앙선거관리위원회,0,0,0,0,0,0,0
,0,0,0,재화및용역판매수입,일반회계,2013,중앙선거관리위원회,0,0,0,0,0,0,0
,2099720000,951000000,1148720000,기타수입,일반회계,2013,중앙선거관리위원회,951000000,1178720000,1662220000,30000000,0,30000000,2129720000
,0,0,0,재산수입,일반회계,2013,국무조정실 및 국무총리비서실,0,0,0,0,0,0,0
,0,0,0,경상이전수입,일반회계,2013,국무조정실 및 국무총리비서실,0,0,0,0,0,0,0
,0,0,0,재화및용역판매수입,일반회계,2013,국무조정실 및 국무총리비서실,0,0,0,0,0,0,0
,0,0,0,재산수입,일반회계,2013,외교통상부,0,0,0,0,0,0,0
,0,0,0,경상이전수입,일반회계,2013,외교통상부,0,0,5000000,0,0,0,0
,0,0,0,재화및용역판매수입,일반회계,2013,외교통상부,0,0,0,0,0,0,0
,0,0,0,기타수입,일반회계,2013,외교통상부,0,0,4065219204,0,0,0,0
,768430950,765255100,3175850,재산수입,일반회계,2013,법무부,790841040,17771820,782240900,40181910,25585940,14595970,808612860
,2637574010,2637574010,0,경상이전수입,일반회계,2013,법무부,3031208500,696000,2639505090,394330490,393634490,696000,3031904500
,0,0,0,재화및용역판매수입,일반회계,2013,법무부,0,0,803710,0,0,0,0
,16274700,591300,15683400,관유물매각대,일반회계,2013,법무부,591300,15683400,77425200,0,0,0,16274700
,6245000,0,6245000,기타수입,일반회계,2013,법무부,0,6245000,8405000,0,0,0,6245000
,0,0,0,재산수입,교도작업특별회계,2013,법무부,0,0,0,0,0,0,0
,0,0,0,경상이전수입,교도작업특별회계,2013,법무부,0,0,0,0,0,0,0
,0,0,0,재화및용역판매수입,교도작업특별회계,2013,법무부,304829720,54595340,186105100,359425060,304829720,54595340,359425060
,0,0,0,관유물매각대,교도작업특별회계,2013,법무부,0,0,0,0,0,0,0
,0,0,0,관유물매각대,혁신도시건설특별회계,2013,법무부,0,0,0,0,0,0,0
,0,0,0,재산수입,범죄피해자보호기금,2013,법무부,826800,0,1680650,826800,826800,0,826800
,328080,328080,0,경상이전수입,범죄피해자보호기금,2013,법무부,182673700,158310,232210650,182503930,182345620,158310,182832010
,7917780000,0,7917780000,예금및예탁금,범죄피해자보호기금,2013,법무부,0,9317316534,17985410966,1399536534,0,1399536534,9317316534
,4929165860,4929165860,0,재산수입,일반회계,2013,국방부,5378513940,20618340,5505813930,469966420,449348080,20618340,5399132280
,23907988020,22261174330,1646813690,경상이전수입,일반회계,2013,국방부,30392942740,2596772010,28294368140,9081726730,8131768410,949958320,32989714750
,1092490060,1092490060,0,재화및용역판매수입,일반회계,2013,국방부,1291965070,228909000,1257814360,428384010,199475010,228909000,1520874070
,1.44024E+11,0,1.44024E+11,융자회수금,일반회계,2013,국방부,0,1.44024E+11,1.44024E+11,0,0,0,1.44024E+11
,744000,0,744000,기타수입,일반회계,2013,국방부,0,744000,744000,0,0,0,744000
,30636800,30636800,0,재산수입,주한미군기지이전특별회계,2013,국방부,288516780,269000,75913590,258148980,257879980,269000,288785780
,221152290,221152290,0,경상이전수입,주한미군기지이전특별회계,2013,국방부,250866320,0,251302340,29714030,29714030,0,250866320
,13587130,13587130,0,재화및용역판매수입,주한미군기지이전특별회계,2013,국방부,13587130,0,13587130,0,0,0,13587130
,319694920,319694920,0,관유물매각대,주한미군기지이전특별회계,2013,국방부,476671570,242629660,994293160,399606310,156976650,242629660,719301230
,914478380,914478380,0,경상이전수입,국방·군사시설이전특별회계,2013,국방부,914478380,0,914966420,0,0,0,914478380
,693151510,693151510,0,관유물매각대,국방·군사시설이전특별회계,2013,국방부,693151510,206712000,748131510,206712000,0,206712000,899863510
,1434965850,1434965850,0,경상이전수입,군인연금기금,2013,국방부,1743224160,0,1978571160,308258310,308258310,0,1743224160
복지계정,1017585390,752566135,265019255,재산수입,군인복지기금,2013,국방부,1627472931,876807697,1916563098,1486695238,874906796,611788442,2504280628
복지계정,2371487740,1978271400,393216340,경상이전수입,군인복지기금,2013,국방부,2452749550,397624440,2638362480,478886250,474478150,4408100,2850373990
복지계정,120813720,120813720,0,재화및용역판매수입,군인복지기금,2013,국방부,625033310,63027000,485490780,567246590,504219590,63027000,688060310
복지계정,2000000,2000000,0,기타수입,군인복지기금,2013,국방부,2000000,0,2000000,0,0,0,2000000
복지계정,6963248041,989692774,5973555267,예금및예탁금,군인복지기금,2013,국방부,1066154434,79921285426,1.35685E+11,74024191819,76461660,73947730159,80987439860
학자금대부계정,2.72035E+11,166950000,2.71868E+11,융자회수금,군인복지기금,2013,국방부,166950000,3.15052E+11,2.72035E+11,43183780000,0,43183780000,3.15219E+11
학자금대부계정,0,0,0,예금및예탁금,군인복지기금,2013,국방부,0,15000000000,80445213730,15000000000,0,15000000000,15000000000
주거지원계정,10061657,10050905,10752,재산수입,군인복지기금,2013,국방부,10050905,11481,10658347,729,0,729,10062386
주거지원계정,53813170,29123900,24689270,경상이전수입,군인복지기금,2013,국방부,55516070,25393810,126270120,27096710,26392170,704540,80909880
주거지원계정,1.67266E+11,7651888679,1.59614E+11,융자회수금,군인복지기금,2013,국방부,8514888679,2.81195E+11,2.6565E+11,1.22444E+11,863000000,1.21581E+11,2.8971E+11
주거지원계정,0,0,0,예금및예탁금,군인복지기금,2013,국방부,0,0,1188879100,0,0,0,0
,60455460,60455460,0,재산수입,일반회계,2013,고용노동부,172226270,0,71708430,111770810,111770810,0,172226270
,2449333550,2449333550,0,경상이전수입,일반회계,2013,고용노동부,8043962500,255181360,6577586870,5849810310,5594628950,255181360,8299143860
,797000,797000,0,재화및용역판매수입,일반회계,2013,고용노동부,797000,0,797000,0,0,0,797000
,273260870,0,273260870,기타수입,일반회계,2013,고용노동부,0,473260870,649949100,200000000,0,200000000,473260870
투자계정,357636110,352392980,5243130,경상이전수입,에너지및자원사업특별회계,2013,고용노동부,358755270,5243130,291722170,6362290,6362290,0,363998400
투자계정,0,0,0,재화및용역판매수입,에너지및자원사업특별회계,2013,고용노동부,0,0,3475420,0,0,0,0
,3.60092E+11,3.60092E+11,0,사회보장기여금,산업재해보상보험및예방기금,2013,고용노동부,5.83756E+11,3.14008E+11,8.07982E+11,5.37672E+11,2.23663E+11,3.14008E+11,8.97764E+11
,0,0,0,재산수입,산업재해보상보험및예방기금,2013,고용노동부,0,0,105175990,0,0,0,0
,2.78918E+11,2.78918E+11,0,경상이전수입,산업재해보상보험및예방기금,2013,고용노동부,4.08479E+11,8778428120,3.72271E+11,1.38339E+11,1.2956E+11,8778428120,4.17257E+11
,691560,691560,0,재화및용역판매수입,산업재해보상보험및예방기금,2013,고용노동부,1534570,0,1200360,843010,843010,0,1534570
,0,0,0,관유물매각대,산업재해보상보험및예방기금,2013,고용노동부,0,0,998261250,0,0,0,0
,6.05483E+11,690034460,6.04793E+11,융자회수금,산업재해보상보험및예방기금,2013,고용노동부,690034460,7.12136E+11,7.22725E+11,1.07343E+11,0,1.07343E+11,7.12826E+11
,0,0,0,예금및예탁금,산업재해보상보험및예방기금,2013,고용노동부,0,1.25265E+12,1.28504E+12,1.25265E+12,0,1.25265E+12,1.25265E+12
,0,0,0,재산수입,장애인고용촉진및직업재활기금,2013,고용노동부,0,0,0,0,0,0,0
,6047851870,6047851870,0,경상이전수입,장애인고용촉진및직업재활기금,2013,고용노동부,9893659580,83064610,8711617630,3928872320,3845807710,83064610,9976724190
,29233526710,0,29233526710,융자회수금,장애인고용촉진및직업재활기금,2013,고용노동부,0,30448526710,46487109500,1215000000,0,1215000000,30448526710
,0,0,0,예금및예탁금,장애인고용촉진및직업재활기금,2013,고용노동부,0,1.35602E+11,37506471410,1.35602E+11,0,1.35602E+11,1.35602E+11
,2.07021E+11,2.07021E+11,0,사회보장기여금,고용보험기금,2013,고용노동부,3.60826E+11,4.93258E+11,6.9471E+11,6.47063E+11,1.53805E+11,4.93258E+11,8.54084E+11
,172890930,172890930,0,재산수입,고용보험기금,2013,고용노동부,174211760,1797290,177657990,3118120,1320830,1797290,176009050
,93289622780,93289622780,0,경상이전수입,고용보험기금,2013,고용노동부,1.3623E+11,3220249950,1.36371E+11,46160645400,42940395450,3220249950,1.3945E+11
,51617360,51617360,0,재화및용역판매수입,고용보험기금,2013,고용노동부,65116300,409500,63105970,13908440,13498940,409500,65525800
,0,0,0,관유물매각대,고용보험기금,2013,고용노동부,0,0,0,0,0,0,0
,3.44793E+11,650452650,3.44143E+11,융자회수금,고용보험기금,2013,고용노동부,650452650,4.60169E+11,4.34985E+11,1.16026E+11,0,1.16026E+11,4.60819E+11
,0,0,0,예금및예탁금,고용보험기금,2013,고용노동부,0,1.29757E+12,1.67401E+12,1.29757E+12,0,1.29757E+12,1.29757E+12
,18358940,18358940,0,재산수입,임금채권보장기금,2013,고용노동부,203283100,0,199342270,184924160,184924160,0,203283100
,7.11209E+11,7.11209E+11,0,경상이전수입,임금채권보장기금,2013,고용노동부,9.33389E+11,21917201910,9.23753E+11,2.44097E+11,2.2218E+11,21917201910,9.55306E+11
,72595640,0,72595640,융자회수금,임금채권보장기금,2013,고용노동부,0,1042873640,96468900,970278000,0,970278000,1042873640
,0,0,0,예금및예탁금,임금채권보장기금,2013,고용노동부,0,3.30573E+11,2.23998E+11,3.30573E+11,0,3.30573E+11,3.30573E+11
,7423900,7423900,0,재산수입,일반회계,2013,통일부,7486520,16377090,7423900,16439710,62620,16377090,23863610
,8254420,8254420,0,경상이전수입,일반회계,2013,통일부,22070040,0,10592700,13815620,13815620,0,22070040
,0,0,0,재화및용역판매수입,일반회계,2013,통일부,0,0,0,0,0,0,0
,231380000,0,231380000,기타수입,일반회계,2013,통일부,0,231380000,231380000,0,0,0,231380000
,0,0,0,재산수입,남북협력기금,2013,통일부,0,0,0,0,0,0,0
,0,0,0,경상이전수입,남북협력기금,2013,통일부,0,0,0,0,0,0,0
,0,0,0,재화및용역판매수입,남북협력기금,2013,통일부,0,0,0,0,0,0,0
,2.64201E+12,21435048144,2.62057E+12,융자회수금,남북협력기금,2013,통일부,21435048144,2.69512E+12,2.66841E+12,74547140560,0,74547140560,2.71655E+12
,0,0,0,기타수입,남북협력기금,2013,통일부,60137578490,0,0,60137578490,60137578490,0,60137578490
,0,0,0,예금및예탁금,남북협력기금,2013,통일부,0,5.93987E+11,5.48391E+11,5.93987E+11,0,5.93987E+11,5.93987E+11
,12233450,12233450,0,재산수입,일반회계,2013,법제처,12233450,47523210,58893040,47523210,0,47523210,59756660
,1713290,1713290,0,경상이전수입,일반회계,2013,법제처,38176600,0,1713290,36463310,36463310,0,38176600
,1380,1380,0,재산수입,일반회계,2013,국가보훈부,46493070,40880,152990,46532570,46491690,40880,46533950
,2132613450,2132613450,0,경상이전수입,일반회계,2013,국가보훈부,3776864690,74123310,2754411180,1718374550,1644251240,74123310,3850988000
,0,0,0,재화및용역판매수입,일반회계,2013,국가보훈부,0,0,0,0,0,0,0
,0,0,0,관유물매각대,일반회계,2013,국가보훈부,0,0,0,0,0,0,0
,210000,0,210000,기타수입,일반회계,2013,국가보훈부,0,186210000,936710000,186000000,0,186000000,186210000
투자계정,581190,581190,0,경상이전수입,에너지및자원사업특별회계,2013,국가보훈부,5064920,0,756620,4483730,4483730,0,5064920
,133398230,109195970,24202260,재산수입,순국선열애국지사사업기금,2013,국가보훈부,110130900,197623450,334812950,174356120,934930,173421190,307754350
,1700000,1700000,0,경상이전수입,순국선열애국지사사업기금,2013,국가보훈부,2781010,1745590,850366670,2826600,1081010,1745590,4526600
,0,0,0,재화및용역판매수입,순국선열애국지사사업기금,2013,국가보훈부,0,0,0,0,0,0,0
,7615361790,7070717790,544644000,관유물매각대,순국선열애국지사사업기금,2013,국가보훈부,7114286790,3057837240,10285266820,2556762240,43569000,2513193240,10172124030
국가유공자지원자금,1018809300,1018809300,0,재산수입,보훈기금,2013,국가보훈부,1342072820,0,1281973130,323263520,323263520,0,1342072820
국가유공자지원자금,0,0,0,경상이전수입,보훈기금,2013,국가보훈부,0,0,0,0,0,0,0
국가유공자지원자금,0,0,0,재화및용역판매수입,보훈기금,2013,국가보훈부,0,0,0,0,0,0,0
국가유공자지원자금,1.07189E+11,6353738350,1.00835E+11,융자회수금,보훈기금,2013,국가보훈부,9424278020,1.22384E+11,1.52583E+11,24619854640,3070539670,21549314970,1.31809E+11
국가유공자지원자금,0,0,0,예금및예탁금,보훈기금,2013,국가보훈부,0,9004308750,38629031634,9004308750,0,9004308750,9004308750
참전유공자·제대군인지원자금,949360030,949360030,0,재산수입,보훈기금,2013,국가보훈부,1148958600,0,1095573120,199598570,199598570,0,1148958600
참전유공자·제대군인지원자금,0,0,0,경상이전수입,보훈기금,2013,국가보훈부,120420,0,0,120420,120420,0,120420
참전유공자·제대군인지원자금,15546487930,2717119410,12829368520,융자회수금,보훈기금,2013,국가보훈부,3612009090,14969259800,22621692810,3034780960,894889680,2139891280,18581268890
참전유공자·제대군인지원자금,0,0,0,예금및예탁금,보훈기금,2013,국가보훈부,0,0,14500000000,0,0,0,0
5·18 민주유공자지원자금,101402330,101402330,0,재산수입,보훈기금,2013,국가보훈부,133116520,0,118990940,31714190,31714190,0,133116520
5·18 민주유공자지원자금,2448400260,684116460,1764283800,융자회수금,보훈기금,2013,국가보훈부,911863650,1877769210,3379084400,341232600,227747190,113485410,2789632860
5·18 민주유공자지원자금,0,0,0,예금및예탁금,보훈기금,2013,국가보훈부,0,0,0,0,0,0,0
특수임무유공자지원자금,26574240,26574240,0,재산수입,보훈기금,2013,국가보훈부,57723360,0,38264680,31149120,31149120,0,57723360
특수임무유공자지원자금,1172991280,283912850,889078430,융자회수금,보훈기금,2013,국가보훈부,453571990,943816860,1548840410,224397570,169659140,54738430,1397388850
,2032544620,1940693970,91850650,재산수입,일반회계,2013,산림청,2583971810,103088830,2591640770,654516020,643277840,11238180,2687060640
,15081464850,14978278910,103185940,경상이전수입,일반회계,2013,산림청,21265661100,235268740,30009747160,6419464990,6287382190,132082800,21500929840
,122591550,122591550,0,재화및용역판매수입,일반회계,2013,산림청,128483790,987320,138294410,6879560,5892240,987320,129471110
,5140204940,2684899730,2455305210,관유물매각대,일반회계,2013,산림청,2801627280,3260368580,12395080080,921790920,116727550,805063370,6061995860
,4300000,0,4300000,융자회수금,일반회계,2013,산림청,0,4300000,70000000,0,0,0,4300000
,0,0,0,기타수입,일반회계,2013,산림청,0,0,80000000,0,0,0,0
임업진흥사업계정,5796180,5796180,0,재산수입,농어촌구조개선특별회계,2013,산림청,14597720,0,21227270,8801540,8801540,0,14597720
임업진흥사업계정,21445857650,21445857650,0,경상이전수입,농어촌구조개선특별회계,2013,산림청,37508819860,7194355520,53135419360,23257317730,16062962210,7194355520,44703175380
임업진흥사업계정,0,0,0,재화및용역판매수입,농어촌구조개선특별회계,2013,산림청,550000,0,0,550000,550000,0,550000
임업진흥사업계정,360000,360000,0,관유물매각대,농어촌구조개선특별회계,2013,산림청,1284740000,2033559730,3396213000,3317939730,1284380000,2033559730,3318299730
임업진흥사업계정,2.66347E+11,0,2.66347E+11,융자회수금,농어촌구조개선특별회계,2013,산림청,0,2.86344E+11,3.10694E+11,19996698000,0,19996698000,2.86344E+11
자본계정,0,0,0,경상이전수입,국립자연휴양림관리소,2013,산림청,0,0,0,0,0,0,0
자본계정,0,0,0,관유물매각대,국립자연휴양림관리소,2013,산림청,0,0,0,0,0,0,0
손익계정,0,0,0,재산수입,국립자연휴양림관리소,2013,산림청,0,0,0,0,0,0,0
손익계정,0,0,0,경상이전수입,국립자연휴양림관리소,2013,산림청,0,0,0,0,0,0,0
손익계정,0,0,0,재화및용역판매수입,국립자연휴양림관리소,2013,산림청,0,0,0,0,0,0,0
,5.95503E+12,4.67615E+12,1.27888E+12,내국세,일반회계,2013,국세청,1.28575E+13,6.39457E+12,1.10951E+13,1.3297E+13,8.18133E+12,5.1157E+12,1.92521E+13
,17218980,17218980,0,방위세,일반회계,2013,국세청,17218980,0,11337760,0,0,0,17218980
,2592733280,2458328890,134404390,교통·에너지·환경세,일반회계,2013,국세청,24193633910,86071243400,3024933390,1.07672E+11,21735305020,85936839010,1.10265E+11
,4914614500,4894451800,20162700,교육세,일반회계,2013,국세청,17109541070,17510157220,9047016790,29705083790,12215089270,17489994520,34619698290
,21424810920,20442171860,982639060,농어촌특별세,일반회계,2013,국세청,46055988500,66164187440,1.00621E+11,90795365020,25613816640,65181548380,1.1222E+11
,846815520,846815520,0,재산수입,일반회계,2013,국세청,846815520,0,846815520,0,0,0,846815520
,1.15548E+12,1.15548E+12,0,경상이전수입,일반회계,2013,국세청,1.64603E+12,234610000,8.79498E+11,4.90779E+11,4.90545E+11,234610000,1.64626E+12
,3690000,0,3690000,기타수입,일반회계,2013,국세청,0,3690000,3750000,0,0,0,3690000
,87233866840,82740148470,4493718370,종합부동산세,일반회계,2013,국세청,1.88447E+11,3.33727E+11,4.56756E+11,4.3494E+11,1.05707E+11,3.29233E+11,5.22174E+11
,1.77455E+11,33887253240,1.43568E+11,내국세,일반회계,2013,관세청,71411342790,1.40218E+12,1.89665E+12,1.29614E+12,37524089550,1.25862E+12,1.4736E+12
,64688915490,38690524110,25998391380,관세,일반회계,2013,관세청,4.10322E+11,2.86256E+11,4.17903E+11,6.31889E+11,3.71631E+11,2.60258E+11,6.96578E+11
,0,0,0,방위세,일반회계,2013,관세청,0,0,0,0,0,0,0
,607630840,607630840,0,교통·에너지·환경세,일반회계,2013,관세청,609071580,60105370,7788187980,61546110,1440740,60105370,669176950
,34770004640,901314150,33868690490,교육세,일반회계,2013,관세청,5148234870,41703727870,52525765000,12081958100,4246920720,7835037380,46851962740
,10562270,10562270,0,농어촌특별세,일반회계,2013,관세청,45361050,755594950,767924120,790393730,34798780,755594950,800956000
,0,0,0,재산수입,일반회계,2013,관세청,0,4980160,391330,4980160,0,4980160,4980160
,31417265320,31416572490,692830,경상이전수입,일반회계,2013,관세청,96511260890,30948020,33404399690,65124943590,65094688400,30255190,96542208910
,3193300,3193300,0,재화및용역판매수입,일반회계,2013,관세청,15512020,11098230,34615370,23416950,12318720,11098230,26610250
,0,0,0,관유물매각대,일반회계,2013,관세청,0,0,0,0,0,0,0
,0,0,0,기타수입,일반회계,2013,관세청,0,0,0,0,0,0,0
,0,0,0,재산수입,일반회계,2013,병무청,0,2139690,0,2139690,0,2139690,2139690
,0,0,0,경상이전수입,일반회계,2013,병무청,0,0,0,0,0,0,0
,0,0,0,재화및용역판매수입,일반회계,2013,병무청,0,0,0,0,0,0,0
,0,0,0,관유물매각대,일반회계,2013,병무청,0,0,0,0,0,0,0
,0,0,0,융자회수금,일반회계,2013,병무청,0,0,0,0,0,0,0
,140000,0,140000,기타수입,일반회계,2013,병무청,0,140000,590000,0,0,0,140000
,0,0,0,재산수입,일반회계,2013,농촌진흥청,0,13040,4210,13040,0,13040,13040
,0,0,0,경상이전수입,일반회계,2013,농촌진흥청,0,144017480,81183220,144017480,0,144017480,144017480
,0,0,0,재화및용역판매수입,일반회계,2013,농촌진흥청,0,357180,14930000,357180,0,357180,357180
,0,0,0,관유물매각대,일반회계,2013,농촌진흥청,0,0,0,0,0,0,0
,390000,0,390000,기타수입,일반회계,2013,농촌진흥청,0,390000,510000,0,0,0,390000
구조개선사업계정,0,0,0,재산수입,농어촌구조개선특별회계,2013,농촌진흥청,0,0,0,0,0,0,0
구조개선사업계정,0,0,0,경상이전수입,농어촌구조개선특별회계,2013,농촌진흥청,0,11023980,0,11023980,0,11023980,11023980
구조개선사업계정,0,0,0,관유물매각대,농어촌구조개선특별회계,2013,농촌진흥청,0,0,0,0,0,0,0
구조개선사업계정,16377028130,0,16377028130,융자회수금,농어촌구조개선특별회계,2013,농촌진흥청,0,16377028130,6026468900,0,0,0,16377028130
,0,0,0,재산수입,혁신도시건설특별회계,2013,농촌진흥청,0,23670390,24089610,23670390,0,23670390,23670390
,0,0,0,경상이전수입,혁신도시건설특별회계,2013,농촌진흥청,0,0,0,0,0,0,0
,12875659150,0,12875659150,관유물매각대,혁신도시건설특별회계,2013,농촌진흥청,0,13526087150,20635658150,650428000,0,650428000,13526087150
지역개발계정,0,0,0,경상이전수입,광역지역발전특별회계,2013,농촌진흥청,0,12925320,0,12925320,0,12925320,12925320
,0,0,0,재산수입,일반회계,2013,중소기업청,0,0,2769790,0,0,0,0
,957319850,957319850,0,경상이전수입,일반회계,2013,중소기업청,1243863890,4902060,1006518220,291446100,286544040,4902060,1248765950
,0,0,0,재화및용역판매수입,일반회계,2013,중소기업청,0,10000,23200,10000,0,10000,10000
,0,0,0,관유물매각대,일반회계,2013,중소기업청,0,0,0,0,0,0,0
,90000,0,90000,기타수입,일반회계,2013,중소기업청,0,90000,90000,0,0,0,90000
지역개발계정,0,0,0,재산수입,광역지역발전특별회계,2013,중소기업청,0,0,0,0,0,0,0
지역개발계정,0,0,0,경상이전수입,광역지역발전특별회계,2013,중소기업청,29290490,0,0,29290490,29290490,0,29290490
광역발전계정,0,0,0,재산수입,광역지역발전특별회계,2013,중소기업청,13570,0,49990,13570,13570,0,13570
광역발전계정,0,0,0,경상이전수입,광역지역발전특별회계,2013,중소기업청,504845030,0,0,504845030,504845030,0,504845030
제주특별자치도계정,0,0,0,재산수입,광역지역발전특별회계,2013,중소기업청,0,0,0,0,0,0,0
제주특별자치도계정,0,0,0,경상이전수입,광역지역발전특별회계,2013,중소기업청,0,0,0,0,0,0,0
손익계정,0,0,0,재산수입,특허청,2013,특허청,0,0,0,0,0,0,0
손익계정,0,0,0,경상이전수입,특허청,2013,특허청,0,0,0,0,0,0,0
손익계정,0,0,0,재화및용역판매수입,특허청,2013,특허청,0,0,0,0,0,0,0
손익계정,0,0,0,관유물매각대,특허청,2013,특허청,0,0,0,0,0,0,0
손익계정,5618563500,0,5618563500,융자회수금,특허청,2013,특허청,0,5673004500,5773263500,54441000,0,54441000,5673004500
손익계정,5224230,0,5224230,기타수입,특허청,2013,특허청,0,5224230,6487000,0,0,0,5224230
,0,0,0,재산수입,혁신도시건설특별회계,2013,조달청,0,0,0,0,0,0,0
,0,0,0,경상이전수입,혁신도시건설특별회계,2013,조달청,0,0,0,0,0,0,0
,0,0,0,관유물매각대,혁신도시건설특별회계,2013,조달청,0,0,4477824920,0,0,0,0
자본계정,15329140,0,15329140,재산수입,조달특별회계,2013,조달청,0,15329140,132458860,0,0,0,15329140
자본계정,0,0,0,경상이전수입,조달특별회계,2013,조달청,0,0,0,0,0,0,0
자본계정,7485719860,7230234140,255485720,관유물매각대,조달특별회계,2013,조달청,12185153620,3.48624E+11,3.09121E+11,3.53324E+11,4954919480,3.48369E+11,3.60809E+11
자본계정,0,0,0,기타수입,조달특별회계,2013,조달청,0,0,120000000,0,0,0,0
손익계정,93484200,93484200,0,재산수입,조달특별회계,2013,조달청,93484200,36018970,183702230,36018970,0,36018970,129503170
손익계정,0,0,0,경상이전수입,조달특별회계,2013,조달청,0,0,0,0,0,0,0
손익계정,94734830,94734830,0,재화및용역판매수입,조달특별회계,2013,조달청,344464310,1023945580,1868895380,1273675060,249729480,1023945580,1368409890
손익계정,5653272500,0,5653272500,융자회수금,조달특별회계,2013,조달청,0,5653272500,5653272500,0,0,0,5653272500
,7299970,7299970,0,재산수입,일반회계,2013,환경부,7299970,0,7299970,0,0,0,7299970
,104467530,104467530,0,경상이전수입,일반회계,2013,환경부,211034140,0,104467530,106566610,106566610,0,211034140
,0,0,0,관유물매각대,일반회계,2013,환경부,0,0,0,0,0,0,0
농어촌특별세사업계정,0,0,0,재산수입,농어촌구조개선특별회계,2013,환경부,0,0,0,0,0,0,0
농어촌특별세사업계정,0,0,0,경상이전수입,농어촌구조개선특별회계,2013,환경부,0,0,0,0,0,0,0
투자계정,0,0,0,재산수입,에너지및자원사업특별회계,2013,환경부,47106740,0,0,47106740,47106740,0,47106740
투자계정,0,0,0,경상이전수입,에너지및자원사업특별회계,2013,환경부,4158693460,0,0,4158693460,4158693460,0,4158693460
,39640130,39640130,0,재산수입,환경개선특별회계,2013,환경부,1120769740,820058380,623957490,1901187990,1081129610,820058380,1940828120
,7.9628E+11,7.96266E+11,13785210,경상이전수입,환경개선특별회계,2013,환경부,9.57081E+11,12957548550,9.55282E+11,1.73758E+11,1.60815E+11,12943763340,9.70039E+11
,0,0,0,재화및용역판매수입,환경개선특별회계,2013,환경부,0,40436710,0,40436710,0,40436710,40436710
,0,0,0,관유물매각대,환경개선특별회계,2013,환경부,0,0,2455454520,0,0,0,0
,1.10797E+12,0,1.10797E+12,융자회수금,환경개선특별회계,2013,환경부,0,1.25496E+12,1.37605E+12,1.46988E+11,0,1.46988E+11,1.25496E+12
,300000,0,300000,기타수입,환경개선특별회계,2013,환경부,0,300000,300000,0,0,0,300000
지역개발계정,0,0,0,재산수입,광역지역발전특별회계,2013,환경부,0,0,0,0,0,0,0
지역개발계정,0,0,0,경상이전수입,광역지역발전특별회계,2013,환경부,0,0,0,0,0,0,0
광역발전계정,0,0,0,재산수입,광역지역발전특별회계,2013,환경부,45162380,48689310,119787550,93851690,45162380,48689310,93851690
광역발전계정,0,0,0,경상이전수입,광역지역발전특별회계,2013,환경부,1332000000,2793000000,5222000000,4125000000,1332000000,2793000000,4125000000
,0,0,0,재산수입,석면피해구제기금,2013,환경부,0,0,0,0,0,0,0
,218615170,218615170,0,경상이전수입,석면피해구제기금,2013,환경부,459691040,827269000,1475762800,1068344870,241075870,827269000,1286960040
,0,0,0,예금및예탁금,석면피해구제기금,2013,환경부,0,23270440255,4449000000,23270440255,0,23270440255,23270440255
,0,0,0,재산수입,일반회계,2013,통계청,0,0,0,0,0,0,0
,34041150,34041150,0,경상이전수입,일반회계,2013,통계청,37057100,0,34041150,3015950,3015950,0,37057100
,0,0,0,재화및용역판매수입,일반회계,2013,통계청,0,0,0,0,0,0,0
,0,0,0,관유물매각대,일반회계,2013,통계청,0,0,0,0,0,0,0
,0,0,0,재산수입,일반회계,2013,기상청,0,0,0,0,0,0,0
,89655610,89655610,0,경상이전수입,일반회계,2013,기상청,89655610,0,89655610,0,0,0,89655610
,11189840,11189840,0,재화및용역판매수입,일반회계,2013,기상청,11189840,0,11189840,0,0,0,11189840
,0,0,0,관유물매각대,일반회계,2013,기상청,0,0,0,0,0,0,0
,0,0,0,관유물매각대,혁신도시건설특별회계,2013,기상청,0,0,9581347000,0,0,0,0
,31677030,9164930,22512100,재산수입,일반회계,2013,경찰청,13247600,34262760,137278720,15833330,4082670,11750660,47510360
,24200154060,24116815650,83338410,경상이전수입,일반회계,2013,경찰청,49827888070,1337340770,27412791530,26965074780,25711072420,1254002360,51165228840
,24636560,24636560,0,재화및용역판매수입,일반회계,2013,경찰청,45136780,3092700,24636700,23592920,20500220,3092700,48229480
,1765000,1765000,0,관유물매각대,일반회계,2013,경찰청,1765000,2055000,871962750,2055000,0,2055000,3820000
,622283890,86140000,536143890,기타수입,일반회계,2013,경찰청,86140000,927648250,575425890,391504360,0,391504360,1013788250
,0,0,0,재산수입,혁신도시건설특별회계,2013,경찰청,0,0,0,0,0,0,0
,0,0,0,관유물매각대,혁신도시건설특별회계,2013,경찰청,0,0,0,0,0,0,0
손익계정,0,0,0,재산수입,경찰병원,2013,경찰청,0,0,0,0,0,0,0
손익계정,0,0,0,경상이전수입,경찰병원,2013,경찰청,0,0,0,0,0,0,0
손익계정,78763870,78763870,0,재화및용역판매수입,경찰병원,2013,경찰청,79569200,2917560,99152670,3722890,805330,2917560,82486760
손익계정,300000,0,300000,기타수입,경찰병원,2013,경찰청,0,300000,300000,0,0,0,300000
,0,0,0,재산수입,일반회계,2013,공정거래위원회,5740,0,0,5740,5740,0,5740
,237401570,237401570,0,경상이전수입,일반회계,2013,공정거래위원회,369031790,63374290,245339150,195004510,131630220,63374290,432406080
,5685200,0,5685200,기타수입,일반회계,2013,공정거래위원회,0,5685200,5685200,0,0,0,5685200
,0,0,0,재산수입,일반회계,2013,해양경찰청(구),0,2318670,10800690,2318670,0,2318670,2318670
,16539370980,16539370980,0,경상이전수입,일반회계,2013,해양경찰청(구),16640668680,2870610,16592971670,104168310,101297700,2870610,16643539290
,0,0,0,재화및용역판매수입,일반회계,2013,해양경찰청(구),0,0,6000,0,0,0,0
,0,0,0,관유물매각대,일반회계,2013,해양경찰청(구),0,0,0,0,0,0,0
,0,0,0,재산수입,일반회계,2013,식품의약품안전청,0,0,709730,0,0,0,0
,0,0,0,경상이전수입,일반회계,2013,식품의약품안전청,0,0,58175960,0,0,0,0
,0,0,0,재화및용역판매수입,일반회계,2013,식품의약품안전청,0,0,0,0,0,0,0
,0,0,0,경상이전수입,일반회계,2013,민주평화통일자문회의,0,0,0,0,0,0,0
,0,0,0,관유물매각대,일반회계,2013,민주평화통일자문회의,0,0,0,0,0,0,0
,107292120,107292120,0,재산수입,일반회계,2013,문화재청,428819600,641111400,597670690,962638880,321527480,641111400,1069931000
,7033367340,7033367340,0,경상이전수입,일반회계,2013,문화재청,12054289600,0,9630504530,5020922260,5020922260,0,12054289600
,0,0,0,재화및용역판매수입,일반회계,2013,문화재청,229870,0,294050,229870,229870,0,229870
,0,0,0,관유물매각대,일반회계,2013,문화재청,0,0,1842170,0,0,0,0
,279000000,0,279000000,기타수입,일반회계,2013,문화재청,0,315500000,279000000,36500000,0,36500000,315500000
지역개발계정,0,0,0,재산수입,광역지역발전특별회계,2013,문화재청,23672810,0,0,23672810,23672810,0,23672810
지역개발계정,0,0,0,경상이전수입,광역지역발전특별회계,2013,문화재청,469633600,0,0,469633600,469633600,0,469633600
,2427770,2427770,0,재산수입,문화재보호기금,2013,문화재청,8591670,0,13518120,6163900,6163900,0,8591670
,471364320,471364320,0,경상이전수입,문화재보호기금,2013,문화재청,1841085380,0,762613400,1369721060,1369721060,0,1841085380
,7068157909,0,7068157909,예금및예탁금,문화재보호기금,2013,문화재청,0,27716237897,24568157909,20648079988,0,20648079988,27716237897
,0,0,0,재산수입,일반회계,2013,국가인권위원회,0,0,0,0,0,0,0
,0,0,0,경상이전수입,일반회계,2013,국가인권위원회,0,0,0,0,0,0,0
,0,0,0,재화및용역판매수입,일반회계,2013,국가인권위원회,0,0,0,0,0,0,0
,156000000,156000000,0,기타수입,일반회계,2013,국가인권위원회,156000000,0,156000000,0,0,0,156000000
,0,0,0,재산수입,일반회계,2013,소방방재청,1933950,0,25189210,1933950,1933950,0,1933950
,1521950,1521950,0,경상이전수입,일반회계,2013,소방방재청,139728900,0,117815210,138206950,138206950,0,139728900
,0,0,0,재화및용역판매수입,일반회계,2013,소방방재청,0,0,0,0,0,0,0
,0,0,0,재산수입,일반회계,2013,방위사업청,6743500,1580400,1951640,8323900,6743500,1580400,8323900
,73504024240,73504024240,0,경상이전수입,일반회계,2013,방위사업청,1.12412E+11,11448803420,1.48582E+11,50356747670,38907944250,11448803420,1.23861E+11
,3685110000,0,3685110000,융자회수금,일반회계,2013,방위사업청,0,3685110000,3833410000,0,0,0,3685110000
,0,0,0,재산수입,행정중심복합도시건설특별회계,2013,행정중심복합도시건설청,0,0,0,0,0,0,0
,0,0,0,경상이전수입,행정중심복합도시건설특별회계,2013,행정중심복합도시건설청,1102660,0,0,1102660,1102660,0,1102660
,0,0,0,재화및용역판매수입,행정중심복합도시건설특별회계,2013,행정중심복합도시건설청,0,0,0,0,0,0,0
,0,0,0,재산수입,일반회계,2013,대통령실,0,0,0,0,0,0,0
,0,0,0,경상이전수입,일반회계,2013,대통령실,0,0,0,0,0,0,0
,0,0,0,재화및용역판매수입,일반회계,2013,대통령실,0,0,0,0,0,0,0
,490258600,490258600,0,방위세,일반회계,2013,기획재정부,490441180,0,500257200,182580,182580,0,490441180
,5950968645,5950968645,0,교육세,일반회계,2013,기획재정부,6041183215,0,7342177505,90214570,90214570,0,6041183215
,19741497496,19741497496,0,농어촌특별세,일반회계,2013,기획재정부,40332900196,0,49880912116,20591402700,20591402700,0,40332900196
,0,0,0,재산수입,일반회계,2013,기획재정부,0,48003615446,7663882020,48003615446,0,48003615446,48003615446
,0,0,0,경상이전수입,일반회계,2013,기획재정부,86546180,1.5158E+11,3040,1.51667E+11,86546180,1.5158E+11,1.51667E+11
,0,0,0,재화및용역판매수입,일반회계,2013,기획재정부,0,0,0,0,0,0,0
,0,0,0,관유물매각대,일반회계,2013,기획재정부,0,3.73569E+11,0,3.73569E+11,0,3.73569E+11,3.73569E+11
,3000000,0,3000000,기타수입,일반회계,2013,기획재정부,0,28599000,3000000,25599000,0,25599000,28599000
,0,0,0,예금및예탁금,일반회계,2013,기획재정부,0,68783087945,0,68783087945,0,68783087945,68783087945
,0,0,0,재산수입,국유재산관리기금,2013,기획재정부,0,0,22783278180,0,0,0,0
,0,0,0,경상이전수입,국유재산관리기금,2013,기획재정부,0,0,36663511510,0,0,0,0
,0,0,0,재화및용역판매수입,국유재산관리기금,2013,기획재정부,0,0,18630,0,0,0,0
,0,0,0,관유물매각대,국유재산관리기금,2013,기획재정부,0,0,1.16832E+11,0,0,0,0
,0,0,0,예금및예탁금,국유재산관리기금,2013,기획재정부,0,2.83657E+11,1.86742E+11,2.83657E+11,0,2.83657E+11,2.83657E+11
,3.21368E+12,0,3.21368E+12,융자회수금,대외경제협력기금,2013,기획재정부,0,3.82849E+12,3.28788E+12,6.14818E+11,0,6.14818E+11,3.82849E+12
,0,0,0,예금및예탁금,대외경제협력기금,2013,기획재정부,0,88484614250,28229388900,88484614250,0,88484614250,88484614250
총괄계정,7.51635E+11,0,7.51635E+11,재산수입,공공자금관리기금,2013,기획재정부,0,7.51635E+11,8.26481E+11,0,0,0,7.51635E+11
총괄계정,0,0,0,예금및예탁금,공공자금관리기금,2013,기획재정부,0,0,2.90122E+11,0,0,0,0
융자계정,0,0,0,재산수입,공공자금관리기금,2013,기획재정부,0,0,0,0,0,0,0
융자계정,0,0,0,경상이전수입,공공자금관리기금,2013,기획재정부,0,0,0,0,0,0,0
융자계정,3.06271E+12,0,3.06271E+12,융자회수금,공공자금관리기금,2013,기획재정부,0,3.18644E+12,4.02301E+12,1.23728E+11,0,1.23728E+11,3.18644E+12
융자계정,0,0,0,예금및예탁금,공공자금관리기금,2013,기획재정부,0,0,0,0,0,0,0
차관계정,0,0,0,재산수입,공공자금관리기금,2013,기획재정부,0,0,0,0,0,0,0
차관계정,0,0,0,경상이전수입,공공자금관리기금,2013,기획재정부,0,0,0,0,0,0,0
차관계정,81508285920,0,81508285920,융자회수금,공공자금관리기금,2013,기획재정부,0,81508285920,4.73294E+11,0,0,0,81508285920
차관계정,0,0,0,예금및예탁금,공공자금관리기금,2013,기획재정부,0,75030849698,57954851627,75030849698,0,75030849698,75030849698
,3.49763E+13,0,3.49763E+13,예금및예탁금,외국환평형기금,2013,기획재정부,0,4.90788E+13,3.49763E+13,1.41025E+13,0,1.41025E+13,4.90788E+13
,0,0,0,재산수입,복권기금,2013,기획재정부,0,16886960,56422080,16886960,0,16886960,16886960
,0,0,0,경상이전수입,복권기금,2013,기획재정부,0,157408980,416213850,157408980,0,157408980,157408980
,0,0,0,재화및용역판매수입,복권기금,2013,기획재정부,0,0,0,0,0,0,0
,3.12418E+11,0,3.12418E+11,예금및예탁금,복권기금,2013,기획재정부,0,3.12418E+11,1.7915E+11,0,0,0,3.12418E+11
,0,0,0,재산수입,일반회계,2013,교육과학기술부,0,0,3112843630,0,0,0,0
,0,0,0,경상이전수입,일반회계,2013,교육과학기술부,0,0,9241444600,0,0,0,0
,0,0,0,재화및용역판매수입,일반회계,2013,교육과학기술부,0,0,8183770,0,0,0,0
,0,0,0,관유물매각대,일반회계,2013,교육과학기술부,0,0,0,0,0,0,0
,0,0,0,융자회수금,일반회계,2013,교육과학기술부,0,0,7.79367E+11,0,0,0,0
,0,0,0,기타수입,일반회계,2013,교육과학기술부,0,0,90388510,0,0,0,0
광역발전계정,0,0,0,재산수입,광역지역발전특별회계,2013,교육과학기술부,0,0,0,0,0,0,0
광역발전계정,0,0,0,경상이전수입,광역지역발전특별회계,2013,교육과학기술부,0,0,3315023610,0,0,0,0
손익계정,0,0,0,재산수입,국립중앙과학관,2013,교육과학기술부,0,0,93178500,0,0,0,0
손익계정,0,0,0,경상이전수입,국립중앙과학관,2013,교육과학기술부,0,0,231705890,0,0,0,0
손익계정,0,0,0,재화및용역판매수입,국립중앙과학관,2013,교육과학기술부,0,0,4581690,0,0,0,0
손익계정,0,0,0,기타수입,국립중앙과학관,2013,교육과학기술부,0,0,0,0,0,0,0
손익계정,0,0,0,재산수입,국립과천과학관,2013,교육과학기술부,0,0,71753510,0,0,0,0
손익계정,0,0,0,경상이전수입,국립과천과학관,2013,교육과학기술부,0,0,0,0,0,0,0
손익계정,0,0,0,재화및용역판매수입,국립과천과학관,2013,교육과학기술부,0,0,11362510,0,0,0,0
손익계정,0,0,0,기타수입,국립과천과학관,2013,교육과학기술부,0,0,0,0,0,0,0
,0,0,0,재산수입,일반회계,2013,행정안전부,0,0,66920380,0,0,0,0
,0,0,0,경상이전수입,일반회계,2013,행정안전부,0,0,1526211030,0,0,0,0
,0,0,0,재화및용역판매수입,일반회계,2013,행정안전부,0,0,19283530,0,0,0,0
,0,0,0,융자회수금,일반회계,2013,행정안전부,0,0,1.15198E+12,0,0,0,0
,0,0,0,기타수입,일반회계,2013,행정안전부,0,0,2326238700,0,0,0,0
,0,0,0,관유물매각대,혁신도시건설특별회계,2013,행정안전부,0,0,0,0,0,0,0
,511519060,511519060,0,재산수입,일반회계,2013,문화체육관광부,654321540,374224570,902897590,517027050,142802480,374224570,1028546110
,2576882900,2576882900,0,경상이전수입,일반회계,2013,문화체육관광부,3399166290,996185970,3465526680,1818469360,822283390,996185970,4395352260
,76205670,76205670,0,재화및용역판매수입,일반회계,2013,문화체육관광부,102745050,1432540,106985420,27971920,26539380,1432540,104177590
,0,0,0,관유물매각대,일반회계,2013,문화체육관광부,0,0,0,0,0,0,0
,66918000,0,66918000,기타수입,일반회계,2013,문화체육관광부,0,66918000,527018000,0,0,0,66918000
,1045412435,0,1045412435,예금및예탁금,일반회계,2013,문화체육관광부,0,1045412435,1020898485,0,0,0,1045412435
,0,0,0,재산수입,아시아문화중심도시조성특별회계,2013,문화체육관광부,4630140,0,8360,4630140,4630140,0,4630140
,0,0,0,경상이전수입,아시아문화중심도시조성특별회계,2013,문화체육관광부,200143840,0,0,200143840,200143840,0,200143840
지역개발계정,0,0,0,재산수입,광역지역발전특별회계,2013,문화체육관광부,31723490,1693150,199910,33416640,31723490,1693150,33416640
지역개발계정,0,0,0,경상이전수입,광역지역발전특별회계,2013,문화체육관광부,751584140,151693150,0,903277290,751584140,151693150,903277290
광역발전계정,0,0,0,재산수입,광역지역발전특별회계,2013,문화체육관광부,0,0,0,0,0,0,0
광역발전계정,0,0,0,경상이전수입,광역지역발전특별회계,2013,문화체육관광부,0,0,0,0,0,0,0
,3223710,3223710,0,재산수입,관광진흥개발기금,2013,문화체육관광부,28383050,0,26822120,25159340,25159340,0,28383050
,524761010,524761010,0,경상이전수입,관광진흥개발기금,2013,문화체육관광부,1258094700,0,13902879410,733333690,733333690,0,1258094700
,9.95793E+11,0,9.95793E+11,융자회수금,관광진흥개발기금,2013,문화체육관광부,0,1.22221E+12,1.16833E+12,2.26415E+11,0,2.26415E+11,1.22221E+12
,10476013054,0,10476013054,예금및예탁금,관광진흥개발기금,2013,문화체육관광부,0,67230973804,95813897744,56754960750,0,56754960750,67230973804
,0,0,0,재산수입,지역신문발전기금,2013,문화체육관광부,0,0,0,0,0,0,0
,0,0,0,경상이전수입,지역신문발전기금,2013,문화체육관광부,0,0,0,0,0,0,0
,1141550000,0,1141550000,융자회수금,지역신문발전기금,2013,문화체육관광부,0,1141550000,2641530000,0,0,0,1141550000
,0,0,0,예금및예탁금,지역신문발전기금,2013,문화체육관광부,0,7009887863,15783188071,7009887863,0,7009887863,7009887863
,0,0,0,재산수입,일반회계,2013,농림수산식품부,0,0,325455970,0,0,0,0
,0,0,0,경상이전수입,일반회계,2013,농림수산식품부,0,0,703726280,0,0,0,0
,0,0,0,재화및용역판매수입,일반회계,2013,농림수산식품부,0,0,936080,0,0,0,0
,0,0,0,관유물매각대,일반회계,2013,농림수산식품부,0,0,0,0,0,0,0
,0,0,0,기타수입,일반회계,2013,농림수산식품부,0,0,494235000,0,0,0,0
구조개선사업계정,0,0,0,재산수입,농어촌구조개선특별회계,2013,농림수산식품부,0,0,4728930,0,0,0,0
구조개선사업계정,0,0,0,경상이전수입,농어촌구조개선특별회계,2013,농림수산식품부,0,0,2664568830,0,0,0,0
구조개선사업계정,0,0,0,재화및용역판매수입,농어촌구조개선특별회계,2013,농림수산식품부,0,0,0,0,0,0,0
구조개선사업계정,0,0,0,관유물매각대,농어촌구조개선특별회계,2013,농림수산식품부,0,0,0,0,0,0,0
구조개선사업계정,0,0,0,융자회수금,농어촌구조개선특별회계,2013,농림수산식품부,0,0,1.37721E+12,0,0,0,0
농어촌특별세사업계정,0,0,0,재산수입,농어촌구조개선특별회계,2013,농림수산식품부,0,0,7341210,0,0,0,0
농어촌특별세사업계정,0,0,0,경상이전수입,농어촌구조개선특별회계,2013,농림수산식품부,0,0,1075245960,0,0,0,0
농어촌특별세사업계정,0,0,0,융자회수금,농어촌구조개선특별회계,2013,농림수산식품부,0,0,1.10212E+11,0,0,0,0
투자계정,0,0,0,경상이전수입,에너지및자원사업특별회계,2013,농림수산식품부,0,0,138650400,0,0,0,0
융자계정,0,0,0,재산수입,에너지및자원사업특별회계,2013,농림수산식품부,0,0,0,0,0,0,0
융자계정,0,0,0,융자회수금,에너지및자원사업특별회계,2013,농림수산식품부,0,0,37932957600,0,0,0,0
,0,0,0,재산수입,혁신도시건설특별회계,2013,농림수산식품부,0,0,2804250,0,0,0,0
,0,0,0,경상이전수입,혁신도시건설특별회계,2013,농림수산식품부,0,0,179603010,0,0,0,0
,0,0,0,관유물매각대,혁신도시건설특별회계,2013,농림수산식품부,0,0,1.38902E+11,0,0,0,0
지역개발계정,0,0,0,경상이전수입,광역지역발전특별회계,2013,농림수산식품부,0,0,805770,0,0,0,0
광역발전계정,0,0,0,경상이전수입,광역지역발전특별회계,2013,농림수산식품부,0,0,301430000,0,0,0,0
손익계정,0,0,0,경상이전수입,양곡관리특별회계,2013,농림수산식품부,0,0,192510,0,0,0,0
손익계정,0,0,0,재화및용역판매수입,양곡관리특별회계,2013,농림수산식품부,0,0,0,0,0,0,0
손익계정,0,0,0,관유물매각대,양곡관리특별회계,2013,농림수산식품부,0,0,470769320,0,0,0,0
,0,0,0,재산수입,일반회계,2013,지식경제부,0,0,189244360,0,0,0,0
,0,0,0,경상이전수입,일반회계,2013,지식경제부,0,0,394381320,0,0,0,0
,0,0,0,재화및용역판매수입,일반회계,2013,지식경제부,0,0,37237090,0,0,0,0
,0,0,0,관유물매각대,일반회계,2013,지식경제부,0,0,845406010,0,0,0,0
투자계정,0,0,0,재산수입,에너지및자원사업특별회계,2013,지식경제부,0,0,10662530,0,0,0,0
투자계정,0,0,0,경상이전수입,에너지및자원사업특별회계,2013,지식경제부,0,0,3132237580,0,0,0,0
융자계정,0,0,0,재산수입,에너지및자원사업특별회계,2013,지식경제부,0,0,0,0,0,0,0
융자계정,0,0,0,융자회수금,에너지및자원사업특별회계,2013,지식경제부,0,0,7.67276E+12,0,0,0,0
,0,0,0,경상이전수입,우체국보험특별회계,2013,지식경제부,0,0,666360,0,0,0,0
,0,0,0,재산수입,혁신도시건설특별회계,2013,지식경제부,0,0,0,0,0,0,0
광역발전계정,0,0,0,재산수입,광역지역발전특별회계,2013,지식경제부,0,0,0,0,0,0,0
광역발전계정,0,0,0,경상이전수입,광역지역발전특별회계,2013,지식경제부,0,0,0,0,0,0,0
자본계정,0,0,0,관유물매각대,우편사업특별회계,2013,지식경제부,0,0,399491450,0,0,0,0
자본계정,0,0,0,융자회수금,우편사업특별회계,2013,지식경제부,0,0,1.35486E+11,0,0,0,0
자본계정,0,0,0,기타수입,우편사업특별회계,2013,지식경제부,0,0,851304000,0,0,0,0
손익계정,0,0,0,재산수입,우편사업특별회계,2013,지식경제부,0,0,1109078040,0,0,0,0
손익계정,0,0,0,경상이전수입,우편사업특별회계,2013,지식경제부,0,0,1898932270,0,0,0,0
자본계정,0,0,0,관유물매각대,우체국예금특별회계,2013,지식경제부,0,0,4000,0,0,0,0
자본계정,0,0,0,기타수입,우체국예금특별회계,2013,지식경제부,0,0,0,0,0,0,0
손익계정,0,0,0,재산수입,우체국예금특별회계,2013,지식경제부,0,0,0,0,0,0,0
손익계정,0,0,0,경상이전수입,우체국예금특별회계,2013,지식경제부,0,0,4102187750,0,0,0,0
,13690226590,13690226590,0,재산수입,일반회계,2013,보건복지부,16435013060,279866400,15888325930,3024652870,2744786470,279866400,16714879460
,2159842870,2159842870,0,경상이전수입,일반회계,2013,보건복지부,66482264240,1444195600,66958870700,65766616970,64322421370,1444195600,67926459840
,8000000,8000000,0,재화및용역판매수입,일반회계,2013,보건복지부,8000000,0,11469000,0,0,0,8000000
,0,0,0,관유물매각대,일반회계,2013,보건복지부,0,0,0,0,0,0,0
,43510697220,43510697220,0,융자회수금,일반회계,2013,보건복지부,43510697220,0,46520096030,0,0,0,43510697220
,18371055630,0,18371055630,기타수입,일반회계,2013,보건복지부,0,19035271630,121500000,664216000,0,664216000,19035271630
투자계정,4814725820,4814725820,0,경상이전수입,에너지및자원사업특별회계,2013,보건복지부,4814725820,0,5142335840,0,0,0,4814725820
자본계정,0,0,0,재산수입,국립재활원,2013,보건복지부,0,0,0,0,0,0,0
손익계정,5119320,5119320,0,재산수입,국립재활원,2013,보건복지부,5119320,41140370,5119320,41140370,0,41140370,46259690
손익계정,4997840,4997840,0,경상이전수입,국립재활원,2013,보건복지부,4997840,0,4997840,0,0,0,4997840
손익계정,1882550,1819460,63090,재화및용역판매수입,국립재활원,2013,보건복지부,9377220,1030702900,1985841770,1038197570,7557760,1030639810,1040080120
손익계정,0,0,0,재산수입,국립목포병원,2013,보건복지부,0,1460170,0,1460170,0,1460170,1460170
손익계정,0,0,0,경상이전수입,국립목포병원,2013,보건복지부,0,0,0,0,0,0,0
손익계정,0,0,0,재화및용역판매수입,국립목포병원,2013,보건복지부,61687040,181616230,508297800,243303270,61687040,181616230,243303270
손익계정,0,0,0,관유물매각대,국립목포병원,2013,보건복지부,0,0,0,0,0,0,0
손익계정,0,0,0,재산수입,국립마산병원,2013,보건복지부,0,0,11850060,0,0,0,0
손익계정,0,0,0,경상이전수입,국립마산병원,2013,보건복지부,0,0,0,0,0,0,0
손익계정,0,0,0,재화및용역판매수입,국립마산병원,2013,보건복지부,239659660,318440910,873269410,558100570,239659660,318440910,558100570
손익계정,0,0,0,재산수입,국립정신건강센터,2013,보건복지부,0,0,0,0,0,0,0
손익계정,0,0,0,경상이전수입,국립정신건강센터,2013,보건복지부,0,0,0,0,0,0,0
손익계정,0,0,0,재화및용역판매수입,국립정신건강센터,2013,보건복지부,0,1941976900,3675846460,1941976900,0,1941976900,1941976900
손익계정,0,0,0,관유물매각대,국립정신건강센터,2013,보건복지부,0,0,0,0,0,0,0
손익계정,0,0,0,재산수입,국립나주병원,2013,보건복지부,0,0,0,0,0,0,0
손익계정,0,0,0,경상이전수입,국립나주병원,2013,보건복지부,0,0,0,0,0,0,0
손익계정,0,0,0,재화및용역판매수입,국립나주병원,2013,보건복지부,0,1155659490,1450116600,1155659490,0,1155659490,1155659490
손익계정,0,0,0,재산수입,국립부곡병원,2013,보건복지부,0,0,0,0,0,0,0
손익계정,0,0,0,경상이전수입,국립부곡병원,2013,보건복지부,0,0,0,0,0,0,0
손익계정,0,0,0,재화및용역판매수입,국립부곡병원,2013,보건복지부,0,589953700,1057727460,589953700,0,589953700,589953700
손익계정,0,0,0,관유물매각대,국립부곡병원,2013,보건복지부,0,0,0,0,0,0,0
손익계정,0,0,0,재산수입,국립춘천병원,2013,보건복지부,0,0,0,0,0,0,0
손익계정,0,0,0,경상이전수입,국립춘천병원,2013,보건복지부,0,0,0,0,0,0,0
손익계정,0,0,0,재화및용역판매수입,국립춘천병원,2013,보건복지부,0,901266160,951468270,901266160,0,901266160,901266160
손익계정,0,0,0,관유물매각대,국립춘천병원,2013,보건복지부,0,0,0,0,0,0,0
손익계정,0,0,0,재산수입,국립공주병원,2013,보건복지부,0,9116240,15118260,9116240,0,9116240,9116240
손익계정,0,0,0,경상이전수입,국립공주병원,2013,보건복지부,0,0,0,0,0,0,0
손익계정,0,0,0,재화및용역판매수입,국립공주병원,2013,보건복지부,0,619896830,825954430,619896830,0,619896830,619896830
손익계정,0,0,0,관유물매각대,국립공주병원,2013,보건복지부,0,0,0,0,0,0,0
,5.98264E+12,0,5.98264E+12,융자회수금,국민연금기금,2013,보건복지부,0,6.92854E+12,6.25564E+12,9.45907E+11,0,9.45907E+11,6.92854E+12
,1.05E+12,0,1.05E+12,예금및예탁금,국민연금기금,2013,보건복지부,0,2.83148E+12,4.52373E+12,1.78148E+12,0,1.78148E+12,2.83148E+12
국민건강증진계정,33010,33010,0,재산수입,국민건강증진기금,2013,보건복지부,152406720,36559260,1143940,188932970,152373710,36559260,188965980
국민건강증진계정,3730987900,3730987900,0,경상이전수입,국민건강증진기금,2013,보건복지부,9968412210,10487330,14032312060,6247911640,6237424310,10487330,9978899540
국민건강증진계정,0,0,0,재화및용역판매수입,국민건강증진기금,2013,보건복지부,0,0,0,0,0,0,0
국민건강증진계정,0,0,0,예금및예탁금,국민건강증진기금,2013,보건복지부,0,20026325870,0,20026325870,0,20026325870,20026325870
,18085290,18085290,0,재산수입,응급의료기금,2013,보건복지부,59371780,17936470,63770640,59222960,41286490,17936470,77308250
,20378470,20378470,0,경상이전수입,응급의료기금,2013,보건복지부,658332110,1446647060,2044463930,2084600700,637953640,1446647060,2104979170
,60991960000,0,60991960000,융자회수금,응급의료기금,2013,보건복지부,0,63991960000,64976960000,3000000000,0,3000000000,63991960000
,380400,380400,0,재산수입,일반회계,2013,여성가족부,9003350,0,6361040,8622950,8622950,0,9003350
,51121820,51121820,0,경상이전수입,일반회계,2013,여성가족부,1034258930,0,1832850720,983137110,983137110,0,1034258930
,0,0,0,재화및용역판매수입,일반회계,2013,여성가족부,0,0,0,0,0,0,0
,0,0,0,재산수입,청소년육성기금,2013,여성가족부,1855680,0,3578690,1855680,1855680,0,1855680
,342272520,342272520,0,경상이전수입,청소년육성기금,2013,여성가족부,911827920,0,921398590,569555400,569555400,0,911827920
,0,0,0,재화및용역판매수입,청소년육성기금,2013,여성가족부,0,0,0,0,0,0,0
,555000000,0,555000000,융자회수금,청소년육성기금,2013,여성가족부,0,555000000,1673340000,0,0,0,555000000
,0,0,0,예금및예탁금,청소년육성기금,2013,여성가족부,0,12522192768,17409969865,12522192768,0,12522192768,12522192768
,0,0,0,재산수입,양성평등기금,2013,여성가족부,1555990,0,5575710,1555990,1555990,0,1555990
,36328010,36328010,0,경상이전수입,양성평등기금,2013,여성가족부,779773160,0,1291635230,743445150,743445150,0,779773160
,345064514,345064514,0,융자회수금,양성평등기금,2013,여성가족부,345064514,0,399469207,0,0,0,345064514
,0,0,0,예금및예탁금,양성평등기금,2013,여성가족부,0,4073118628,1645873759,4073118628,0,4073118628,4073118628
,0,0,0,재산수입,일반회계,2013,국토해양부,0,0,1390271570,0,0,0,0
,0,0,0,경상이전수입,일반회계,2013,국토해양부,0,0,12379224370,0,0,0,0
,0,0,0,재화및용역판매수입,일반회계,2013,국토해양부,0,0,9070277400,0,0,0,0
,0,0,0,관유물매각대,일반회계,2013,국토해양부,0,0,0,0,0,0,0
,0,0,0,융자회수금,일반회계,2013,국토해양부,0,0,3100000,0,0,0,0
,0,0,0,기타수입,일반회계,2013,국토해양부,0,0,119174110,0,0,0,0
도로계정,0,0,0,재산수입,교통시설특별회계,2013,국토해양부,0,0,9753524980,0,0,0,0
도로계정,0,0,0,경상이전수입,교통시설특별회계,2013,국토해양부,0,0,2118380650,0,0,0,0
도로계정,0,0,0,재화및용역판매수입,교통시설특별회계,2013,국토해양부,0,0,178857400,0,0,0,0
도로계정,0,0,0,관유물매각대,교통시설특별회계,2013,국토해양부,0,0,1792000,0,0,0,0
철도계정,0,0,0,재산수입,교통시설특별회계,2013,국토해양부,0,0,3747077660,0,0,0,0
철도계정,0,0,0,경상이전수입,교통시설특별회계,2013,국토해양부,0,0,6794420560,0,0,0,0
철도계정,0,0,0,재화및용역판매수입,교통시설특별회계,2013,국토해양부,0,0,0,0,0,0,0
철도계정,0,0,0,관유물매각대,교통시설특별회계,2013,국토해양부,0,0,4552486100,0,0,0,0
철도계정,0,0,0,융자회수금,교통시설특별회계,2013,국토해양부,0,0,1.0875E+12,0,0,0,0
공항계정,0,0,0,재산수입,교통시설특별회계,2013,국토해양부,0,0,20162670,0,0,0,0
공항계정,0,0,0,경상이전수입,교통시설특별회계,2013,국토해양부,0,0,88659950,0,0,0,0
공항계정,0,0,0,재화및용역판매수입,교통시설특별회계,2013,국토해양부,0,0,6690,0,0,0,0
항만계정,0,0,0,재산수입,교통시설특별회계,2013,국토해양부,0,0,755786870,0,0,0,0
항만계정,0,0,0,경상이전수입,교통시설특별회계,2013,국토해양부,0,0,11368957760,0,0,0,0
항만계정,0,0,0,재화및용역판매수입,교통시설특별회계,2013,국토해양부,0,0,11140179080,0,0,0,0
항만계정,0,0,0,관유물매각대,교통시설특별회계,2013,국토해양부,0,0,0,0,0,0,0
항만계정,0,0,0,융자회수금,교통시설특별회계,2013,국토해양부,0,0,2.59914E+11,0,0,0,0
교통체계관리계정,0,0,0,재산수입,교통시설특별회계,2013,국토해양부,0,0,0,0,0,0,0
교통체계관리계정,0,0,0,경상이전수입,교통시설특별회계,2013,국토해양부,0,0,0,0,0,0,0
교통체계관리계정,0,0,0,융자회수금,교통시설특별회계,2013,국토해양부,0,0,60995600000,0,0,0,0
지역개발계정,0,0,0,재산수입,광역지역발전특별회계,2013,국토해양부,0,0,21394950,0,0,0,0
지역개발계정,0,0,0,경상이전수입,광역지역발전특별회계,2013,국토해양부,0,0,7.02342E+11,0,0,0,0
지역개발계정,0,0,0,재화및용역판매수입,광역지역발전특별회계,2013,국토해양부,0,0,274016730,0,0,0,0
광역발전계정,0,0,0,재산수입,광역지역발전특별회계,2013,국토해양부,0,0,127850440,0,0,0,0
광역발전계정,0,0,0,경상이전수입,광역지역발전특별회계,2013,국토해양부,0,0,2.08702E+11,0,0,0,0
광역발전계정,0,0,0,재화및용역판매수입,광역지역발전특별회계,2013,국토해양부,0,0,2983090,0,0,0,0
광역발전계정,0,0,0,관유물매각대,광역지역발전특별회계,2013,국토해양부,0,0,12951936270,0,0,0,0
광역발전계정,0,0,0,융자회수금,광역지역발전특별회계,2013,국토해양부,0,0,2520049600,0,0,0,0
손익계정,0,0,0,재산수입,대산지방해양수산청,2013,국토해양부,0,0,31118790,0,0,0,0
손익계정,0,0,0,경상이전수입,대산지방해양수산청,2013,국토해양부,0,0,49432080,0,0,0,0
손익계정,0,0,0,재화및용역판매수입,대산지방해양수산청,2013,국토해양부,0,0,513593330,0,0,0,0
,0,0,0,재산수입,일반회계,2013,방송통신위원회,0,0,6379390,0,0,0,0
,3307500,3307500,0,경상이전수입,일반회계,2013,방송통신위원회,4816680,0,3833332730,1509180,1509180,0,4816680
,0,0,0,재화및용역판매수입,일반회계,2013,방송통신위원회,0,0,1774179560,0,0,0,0
,0,0,0,기타수입,일반회계,2013,방송통신위원회,0,0,19910400,0,0,0,0
,0,0,0,재산수입,일반회계,2013,금융위원회,0,0,0,0,0,0,0
,0,0,0,경상이전수입,일반회계,2013,금융위원회,0,0,0,0,0,0,0
,0,0,0,융자회수금,일반회계,2013,금융위원회,0,0,966638120,0,0,0,0
,0,0,0,재산수입,농어가목돈마련저축장려기금,2013,금융위원회,0,0,0,0,0,0,0
,0,0,0,경상이전수입,농어가목돈마련저축장려기금,2013,금융위원회,0,0,0,0,0,0,0
,0,0,0,예금및예탁금,농어가목돈마련저축장려기금,2013,금융위원회,0,1550000000,10273376027,1550000000,0,1550000000,1550000000
,0,0,0,재산수입,공적자금상환기금,2013,금융위원회,0,0,0,0,0,0,0
,0,0,0,관유물매각대,공적자금상환기금,2013,금융위원회,0,0,0,0,0,0,0
,0,0,0,예금및예탁금,공적자금상환기금,2013,금융위원회,0,400386630,500000000,400386630,0,400386630,400386630
,1140000,1140000,0,경상이전수입,일반회계,2013,국민권익위원회,21284000,32654000,0,52798000,20144000,32654000,53938000
,0,0,0,재화및용역판매수입,일반회계,2013,국민권익위원회,0,0,1140000,0,0,0,0
,0,0,0,관유물매각대,일반회계,2013,국민권익위원회,0,0,0,0,0,0,0
,0,0,0,경상이전수입,일반회계,2013,특임장관실,0,0,500000,0,0,0,0
,0,0,0,경상이전수입,일반회계,2013,원자력안전위원회,0,0,0,0,0,0,0
,0,0,0,재산수입,일반회계,2013,대통령경호실,0,43523950,0,43523950,0,43523950,43523950
,0,0,0,경상이전수입,일반회계,2013,대통령경호실,0,186725380,0,186725380,0,186725380,186725380
,0,0,0,재화및용역판매수입,일반회계,2013,대통령경호실,0,0,0,0,0,0,0
,0,0,0,재산수입,일반회계,2013,미래창조과학부,128810,6550540,0,6679350,128810,6550540,6679350
,3803330130,3802830130,500000,경상이전수입,일반회계,2013,미래창조과학부,4048579520,4640500,0,249889890,245749390,4140500,4053220020
,1622332260,1622332260,0,재화및용역판매수입,일반회계,2013,미래창조과학부,1868371320,908000,0,246947060,246039060,908000,1869279320
,0,0,0,관유물매각대,일반회계,2013,미래창조과학부,0,0,0,0,0,0,0
,102970430,0,102970430,기타수입,일반회계,2013,미래창조과학부,0,112970430,0,10000000,0,10000000,112970430
,0,0,0,경상이전수입,우체국보험특별회계,2013,미래창조과학부,0,136600,0,136600,0,136600,136600
,0,0,0,관유물매각대,혁신도시건설특별회계,2013,미래창조과학부,0,0,0,0,0,0,0
광역발전계정,0,0,0,경상이전수입,광역지역발전특별회계,2013,미래창조과학부,0,0,0,0,0,0,0
자본계정,304431810,304431810,0,관유물매각대,우편사업특별회계,2013,미래창조과학부,304431810,1271400,0,1271400,0,1271400,305703210
자본계정,1.35486E+11,0,1.35486E+11,융자회수금,우편사업특별회계,2013,미래창조과학부,0,1.35486E+11,0,0,0,0,1.35486E+11
자본계정,800204000,0,800204000,기타수입,우편사업특별회계,2013,미래창조과학부,0,820704000,0,20500000,0,20500000,820704000
손익계정,378382720,378382720,0,재산수입,우편사업특별회계,2013,미래창조과학부,890522610,1021838390,0,1533978280,512139890,1021838390,1912361000
손익계정,623646610,623646610,0,경상이전수입,우편사업특별회계,2013,미래창조과학부,1317443120,609871560,0,1303668070,693796510,609871560,1927314680
자본계정,0,0,0,관유물매각대,우체국예금특별회계,2013,미래창조과학부,0,17000,0,17000,0,17000,17000
자본계정,89017200,89017200,0,기타수입,우체국예금특별회계,2013,미래창조과학부,89017200,367900,0,367900,0,367900,89385100
손익계정,0,0,0,재산수입,우체국예금특별회계,2013,미래창조과학부,0,0,0,0,0,0,0
손익계정,4102145530,4102145530,0,경상이전수입,우체국예금특별회계,2013,미래창조과학부,4108845830,0,0,6700300,6700300,0,4108845830
자본계정,0,0,0,재화및용역판매수입,국립중앙과학관,2013,미래창조과학부,0,0,0,0,0,0,0
자본계정,0,0,0,관유물매각대,국립중앙과학관,2013,미래창조과학부,0,0,0,0,0,0,0
손익계정,24468310,24468310,0,재산수입,국립중앙과학관,2013,미래창조과학부,28402650,31544970,0,35479310,3934340,31544970,59947620
손익계정,229431530,229431530,0,경상이전수입,국립중앙과학관,2013,미래창조과학부,229431530,0,0,0,0,0,229431530
손익계정,4581690,4581690,0,재화및용역판매수입,국립중앙과학관,2013,미래창조과학부,9853030,10530800,0,15802140,5271340,10530800,20383830
손익계정,0,0,0,재산수입,국립과천과학관,2013,미래창조과학부,50980890,51973380,0,102954270,50980890,51973380,102954270
손익계정,0,0,0,경상이전수입,국립과천과학관,2013,미래창조과학부,1011630,1795470,0,2807100,1011630,1795470,2807100
손익계정,1489700,1489700,0,재화및용역판매수입,국립과천과학관,2013,미래창조과학부,58946430,0,0,57456730,57456730,0,58946430
,1120443030,1120443030,0,재산수입,일반회계,2013,교육부,1261579250,100784870,0,241921090,141136220,100784870,1362364120
,486219520,486219520,0,경상이전수입,일반회계,2013,교육부,811133890,37073660,0,361988030,324914370,37073660,848207550
,0,0,0,재화및용역판매수입,일반회계,2013,교육부,304900,0,0,304900,304900,0,304900
,0,0,0,관유물매각대,일반회계,2013,교육부,0,0,0,0,0,0,0
,7.78966E+11,0,7.78966E+11,융자회수금,일반회계,2013,교육부,0,7.80122E+11,0,1156315000,0,1156315000,7.80122E+11
,2662880,0,2662880,기타수입,일반회계,2013,교육부,0,2662880,0,0,0,0,2662880
광역발전계정,0,0,0,재산수입,광역지역발전특별회계,2013,교육부,0,0,0,0,0,0,0
광역발전계정,3151023610,3151023610,0,경상이전수입,광역지역발전특별회계,2013,교육부,3151023610,0,0,0,0,0,3151023610
,0,0,0,재산수입,일반회계,2013,외교부,0,0,0,0,0,0,0
,0,0,0,경상이전수입,일반회계,2013,외교부,0,0,0,0,0,0,0
,0,0,0,재화및용역판매수입,일반회계,2013,외교부,0,0,0,0,0,0,0
,2408123492,893644896,1514478596,기타수입,일반회계,2013,외교부,964645438,4203942400,0,2760464346,71000542,2689463804,5168587838
,9368800,9368800,0,재산수입,일반회계,2013,안전행정부,55397690,0,0,46028890,46028890,0,55397690
,217338740,214605420,2733320,경상이전수입,일반회계,2013,안전행정부,1148574620,2991196390,0,3922432270,933969200,2988463070,4139771010
,18784580,18784580,0,재화및용역판매수입,일반회계,2013,안전행정부,392432790,1006380,0,374654590,373648210,1006380,393439170
,1.15198E+12,0,1.15198E+12,융자회수금,일반회계,2013,안전행정부,0,1.18003E+12,0,28047957000,0,28047957000,1.18003E+12
,811654000,768854000,42800000,기타수입,일반회계,2013,안전행정부,768854000,996411000,0,953611000,0,953611000,1765265000
,0,0,0,재산수입,혁신도시건설특별회계,2013,안전행정부,0,4258000,0,4258000,0,4258000,4258000
,0,0,0,관유물매각대,혁신도시건설특별회계,2013,안전행정부,0,0,0,0,0,0,0
광역발전계정,0,0,0,재산수입,광역지역발전특별회계,2013,안전행정부,0,0,0,0,0,0,0
광역발전계정,0,0,0,경상이전수입,광역지역발전특별회계,2013,안전행정부,0,0,0,0,0,0,0
,256176070,254550360,1625710,재산수입,일반회계,2013,농림축산식품부,269848190,8142600,0,21814720,15297830,6516890,277990790
,255674760,246118500,9556260,경상이전수입,일반회계,2013,농림축산식품부,1573374740,19898380,0,1337598360,1327256240,10342120,1593273120
,630670,630670,0,재화및용역판매수입,일반회계,2013,농림축산식품부,4044700,1698000,0,5112030,3414030,1698000,5742700
,0,0,0,관유물매각대,일반회계,2013,농림축산식품부,0,0,0,0,0,0,0
,405945000,0,405945000,기타수입,일반회계,2013,농림축산식품부,0,415945000,0,10000000,0,10000000,415945000
구조개선사업계정,3096650,3096650,0,재산수입,농어촌구조개선특별회계,2013,농림축산식품부,4168660,0,0,1072010,1072010,0,4168660
구조개선사업계정,793009440,793009440,0,경상이전수입,농어촌구조개선특별회계,2013,농림축산식품부,1180498540,354190,0,387843290,387489100,354190,1180852730
구조개선사업계정,0,0,0,재화및용역판매수입,농어촌구조개선특별회계,2013,농림축산식품부,0,0,0,0,0,0,0
구조개선사업계정,0,0,0,관유물매각대,농어촌구조개선특별회계,2013,농림축산식품부,0,0,0,0,0,0,0
구조개선사업계정,9.67682E+11,0,9.67682E+11,융자회수금,농어촌구조개선특별회계,2013,농림축산식품부,0,9.98304E+11,0,30621159000,0,30621159000,9.98304E+11
농어촌특별세사업계정,0,0,0,재산수입,농어촌구조개선특별회계,2013,농림축산식품부,0,0,0,0,0,0,0
농어촌특별세사업계정,214386550,214386550,0,경상이전수입,농어촌구조개선특별회계,2013,농림축산식품부,308974910,107311070,0,201899430,94588360,107311070,416285980
농어촌특별세사업계정,0,0,0,재화및용역판매수입,농어촌구조개선특별회계,2013,농림축산식품부,0,0,0,0,0,0,0
농어촌특별세사업계정,84763984130,0,84763984130,융자회수금,농어촌구조개선특별회계,2013,농림축산식품부,0,84763984130,0,0,0,0,84763984130
투자계정,0,0,0,경상이전수입,에너지및자원사업특별회계,2013,농림축산식품부,0,0,0,0,0,0,0
융자계정,0,0,0,재산수입,에너지및자원사업특별회계,2013,농림축산식품부,0,0,0,0,0,0,0
융자계정,0,0,0,융자회수금,에너지및자원사업특별회계,2013,농림축산식품부,0,41468760920,0,41468760920,0,41468760920,41468760920
,0,0,0,재산수입,혁신도시건설특별회계,2013,농림축산식품부,1687630,0,0,1687630,1687630,0,1687630
,0,0,0,경상이전수입,혁신도시건설특별회계,2013,농림축산식품부,0,0,0,0,0,0,0
,23169199050,5692686240,17476512810,관유물매각대,혁신도시건설특별회계,2013,농림축산식품부,5692686240,57485711100,0,40009198290,0,40009198290,63178397340
지역개발계정,0,0,0,재산수입,광역지역발전특별회계,2013,농림축산식품부,0,0,0,0,0,0,0
지역개발계정,805770,805770,0,경상이전수입,광역지역발전특별회계,2013,농림축산식품부,457333240,0,0,456527470,456527470,0,457333240
광역발전계정,0,0,0,재산수입,광역지역발전특별회계,2013,농림축산식품부,0,0,0,0,0,0,0
광역발전계정,0,0,0,경상이전수입,광역지역발전특별회계,2013,농림축산식품부,0,0,0,0,0,0,0
제주특별자치도계정,0,0,0,경상이전수입,광역지역발전특별회계,2013,농림축산식품부,0,0,0,0,0,0,0
손익계정,0,0,0,경상이전수입,양곡관리특별회계,2013,농림축산식품부,0,0,0,0,0,0,0
손익계정,0,0,0,재화및용역판매수입,양곡관리특별회계,2013,농림축산식품부,3656170,5913950,0,9570120,3656170,5913950,9570120
손익계정,138362300,138362300,0,관유물매각대,양곡관리특별회계,2013,농림축산식품부,164446450,3302294490,0,3328378640,26084150,3302294490,3466740940
,0,0,0,예금및예탁금,양곡증권정리기금,2013,농림축산식품부,0,706978960,39960757590,706978960,0,706978960,706978960
,0,0,0,재산수입,농산물가격안정기금,2013,농림축산식품부,0,0,0,0,0,0,0
,478373000,478373000,0,경상이전수입,농산물가격안정기금,2013,농림축산식품부,478373000,0,478373000,0,0,0,478373000
,0,0,0,재화및용역판매수입,농산물가격안정기금,2013,농림축산식품부,0,0,0,0,0,0,0
,0,0,0,관유물매각대,농산물가격안정기금,2013,농림축산식품부,0,0,0,0,0,0,0
,1.90307E+12,0,1.90307E+12,융자회수금,농산물가격안정기금,2013,농림축산식품부,0,3.41038E+12,3.22064E+12,1.50731E+12,0,1.50731E+12,3.41038E+12
,52867932814,0,52867932814,예금및예탁금,농산물가격안정기금,2013,농림축산식품부,0,1.58063E+11,4.36075E+11,1.05195E+11,0,1.05195E+11,1.58063E+11
,6526332679,6526332679,0,재산수입,농지관리기금,2013,농림축산식품부,6683130226,7157657182,10052876860,7314454729,156797547,7157657182,13840787408
,3.37947E+11,2.60852E+11,77095144060,경상이전수입,농지관리기금,2013,농림축산식품부,3.12049E+11,2.71789E+11,7.57345E+11,2.45891E+11,51197305046,1.94694E+11,5.83838E+11
,4981626036,4981626036,0,관유물매각대,농지관리기금,2013,농림축산식품부,4981626036,52473001350,19092692337,52473001350,0,52473001350,57454627386
,3.27693E+12,0,3.27693E+12,융자회수금,농지관리기금,2013,농림축산식품부,0,3.88137E+12,3.56757E+12,6.04437E+11,0,6.04437E+11,3.88137E+12
,0,0,0,예금및예탁금,농지관리기금,2013,농림축산식품부,0,2.93553E+11,3.3893E+11,2.93553E+11,0,2.93553E+11,2.93553E+11
,0,0,0,재산수입,축산발전기금,2013,농림축산식품부,0,0,0,0,0,0,0
,0,0,0,경상이전수입,축산발전기금,2013,농림축산식품부,0,6611510,22679240,6611510,0,6611510,6611510
,0,0,0,관유물매각대,축산발전기금,2013,농림축산식품부,0,0,0,0,0,0,0
,9.78235E+11,0,9.78235E+11,융자회수금,축산발전기금,2013,농림축산식품부,0,1.50158E+12,1.29306E+12,5.23342E+11,0,5.23342E+11,1.50158E+12
,0,0,0,예금및예탁금,축산발전기금,2013,농림축산식품부,0,41079363138,90961472565,41079363138,0,41079363138,41079363138
,0,0,0,재산수입,농업소득보전직접지불기금,2013,농림축산식품부,0,0,0,0,0,0,0
,0,0,0,경상이전수입,농업소득보전직접지불기금,2013,농림축산식품부,0,0,0,0,0,0,0
,0,0,0,예금및예탁금,농업소득보전직접지불기금,2013,농림축산식품부,0,873120525,461834370,873120525,0,873120525,873120525
,0,0,0,재산수입,자유무역협정이행지원기금,2013,농림축산식품부,0,0,0,0,0,0,0
,0,0,0,경상이전수입,자유무역협정이행지원기금,2013,농림축산식품부,0,0,0,0,0,0,0
,6.00848E+11,0,6.00848E+11,융자회수금,자유무역협정이행지원기금,2013,농림축산식품부,0,8.90663E+11,7.10442E+11,2.89815E+11,0,2.89815E+11,8.90663E+11
,0,0,0,예금및예탁금,자유무역협정이행지원기금,2013,농림축산식품부,0,22997710363,1.35871E+11,22997710363,0,22997710363,22997710363
,0,0,0,재산수입,농어업재해재보험기금,2013,농림축산식품부,0,0,0,0,0,0,0
,0,0,0,경상이전수입,농어업재해재보험기금,2013,농림축산식품부,0,0,0,0,0,0,0
,0,0,0,재화및용역판매수입,농어업재해재보험기금,2013,농림축산식품부,0,0,0,0,0,0,0
,0,0,0,예금및예탁금,농어업재해재보험기금,2013,농림축산식품부,0,48874358043,8553565120,48874358043,0,48874358043,48874358043
,73515520,73515520,0,재산수입,일반회계,2013,산업통상자원부,7988376450,0,0,7914860930,7914860930,0,7988376450
,218146480,218146480,0,경상이전수입,일반회계,2013,산업통상자원부,3607465570,0,0,3389319090,3389319090,0,3607465570
,26651680,26651680,0,재화및용역판매수입,일반회계,2013,산업통상자원부,45230380,0,0,18578700,18578700,0,45230380
,845406010,845406010,0,관유물매각대,일반회계,2013,산업통상자원부,845406010,0,0,0,0,0,845406010
,0,0,0,기타수입,일반회계,2013,산업통상자원부,0,10000000,0,10000000,0,10000000,10000000
투자계정,0,0,0,재산수입,에너지및자원사업특별회계,2013,산업통상자원부,3777030,0,0,3777030,3777030,0,3777030
투자계정,1684532100,1684532100,0,경상이전수입,에너지및자원사업특별회계,2013,산업통상자원부,3923214420,0,0,2238682320,2238682320,0,3923214420
융자계정,0,0,0,재산수입,에너지및자원사업특별회계,2013,산업통상자원부,0,0,0,0,0,0,0
융자계정,6.44963E+12,0,6.44963E+12,융자회수금,에너지및자원사업특별회계,2013,산업통상자원부,0,7.0683E+12,0,6.18673E+11,0,6.18673E+11,7.0683E+12
,0,0,0,경상이전수입,혁신도시건설특별회계,2013,산업통상자원부,0,0,0,0,0,0,0
,0,0,0,관유물매각대,혁신도시건설특별회계,2013,산업통상자원부,0,0,0,0,0,0,0
광역발전계정,0,0,0,재산수입,광역지역발전특별회계,2013,산업통상자원부,139960840,0,0,139960840,139960840,0,139960840
광역발전계정,0,0,0,경상이전수입,광역지역발전특별회계,2013,산업통상자원부,99880760,0,0,99880760,99880760,0,99880760
,0,0,0,재산수입,전력산업기반기금,2013,산업통상자원부,0,0,0,0,0,0,0
,0,0,0,경상이전수입,전력산업기반기금,2013,산업통상자원부,10130751220,3.43028E+11,3.27652E+11,3.53159E+11,10130751220,3.43028E+11,3.53159E+11
,4.27747E+11,0,4.27747E+11,융자회수금,전력산업기반기금,2013,산업통상자원부,0,4.47747E+11,5.50635E+11,20000000000,0,20000000000,4.47747E+11
,0,0,0,예금및예탁금,전력산업기반기금,2013,산업통상자원부,0,5.97982E+11,3.21044E+11,5.97982E+11,0,5.97982E+11,5.97982E+11
,0,0,0,재산수입,방사성폐기물관리기금,2013,산업통상자원부,0,0,0,0,0,0,0
,4.52907E+12,0,4.52907E+12,경상이전수입,방사성폐기물관리기금,2013,산업통상자원부,0,4.52907E+12,4.52907E+12,0,0,0,4.52907E+12
,0,0,0,재화및용역판매수입,방사성폐기물관리기금,2013,산업통상자원부,0,0,0,0,0,0,0
,0,0,0,예금및예탁금,방사성폐기물관리기금,2013,산업통상자원부,0,98252807624,2.16253E+11,98252807624,0,98252807624,98252807624
,868287080,868245580,41500,재산수입,일반회계,2013,국토교통부,888496880,270920,0,20480720,20251300,229420,888767800
,1733314770,1732707360,607410,경상이전수입,일반회계,2013,국토교통부,10161988480,1401150,0,8430074860,8429281120,793740,10163389630
,18802810,18802810,0,재화및용역판매수입,일반회계,2013,국토교통부,709654110,943400,0,691794700,690851300,943400,710597510
,0,0,0,관유물매각대,일반회계,2013,국토교통부,0,0,0,0,0,0,0
,119174110,0,119174110,기타수입,일반회계,2013,국토교통부,0,212400610,0,93226500,0,93226500,212400610
도로계정,9206051900,9036604990,169446910,재산수입,교통시설특별회계,2013,국토교통부,11282702100,305277970,0,2381928170,2246097110,135831060,11587980070
도로계정,1189616930,1189616930,0,경상이전수입,교통시설특별회계,2013,국토교통부,3433172410,257153980,0,2500709460,2243555480,257153980,3690326390
도로계정,169336710,169336710,0,재화및용역판매수입,교통시설특별회계,2013,국토교통부,189284780,817300,0,20765370,19948070,817300,190102080
도로계정,0,0,0,관유물매각대,교통시설특별회계,2013,국토교통부,0,0,0,0,0,0,0
철도계정,3546584640,3386286280,160298360,재산수입,교통시설특별회계,2013,국토교통부,3386286280,1010251750,0,849953390,0,849953390,4396538030
철도계정,6619002160,6619002160,0,경상이전수입,교통시설특별회계,2013,국토교통부,6633034940,0,0,14032780,14032780,0,6633034940
철도계정,0,0,0,재화및용역판매수입,교통시설특별회계,2013,국토교통부,0,0,0,0,0,0,0
철도계정,2606477400,0,2606477400,관유물매각대,교통시설특별회계,2013,국토교통부,0,17457742600,0,14851265200,0,14851265200,17457742600
철도계정,0,0,0,융자회수금,교통시설특별회계,2013,국토교통부,0,65439000000,0,65439000000,0,65439000000,65439000000
공항계정,8891160,8891160,0,재산수입,교통시설특별회계,2013,국토교통부,12666760,0,0,3775600,3775600,0,12666760
공항계정,86667320,86667320,0,경상이전수입,교통시설특별회계,2013,국토교통부,86834860,0,0,167540,167540,0,86834860
공항계정,0,0,0,재화및용역판매수입,교통시설특별회계,2013,국토교통부,0,0,0,0,0,0,0
공항계정,0,0,0,관유물매각대,교통시설특별회계,2013,국토교통부,0,0,0,0,0,0,0
교통체계관리계정,0,0,0,재산수입,교통시설특별회계,2013,국토교통부,4086220,0,0,4086220,4086220,0,4086220
교통체계관리계정,0,0,0,경상이전수입,교통시설특별회계,2013,국토교통부,396800000,0,0,396800000,396800000,0,396800000
교통체계관리계정,29665600000,0,29665600000,융자회수금,교통시설특별회계,2013,국토교통부,0,29665600000,0,0,0,0,29665600000
,0,0,0,재산수입,혁신도시건설특별회계,2013,국토교통부,0,0,0,0,0,0,0
지역개발계정,13029680,9429680,3600000,재산수입,광역지역발전특별회계,2013,국토교통부,9429680,3600000,0,0,0,0,13029680
지역개발계정,3.85821E+11,2.28795E+11,1.57026E+11,경상이전수입,광역지역발전특별회계,2013,국토교통부,2.75233E+11,3.91877E+11,0,2.81289E+11,46438082760,2.34851E+11,6.6711E+11
지역개발계정,151011330,10530450,140480880,재화및용역판매수입,광역지역발전특별회계,2013,국토교통부,10530450,140480880,0,0,0,0,151011330
광역발전계정,126350580,126350580,0,재산수입,광역지역발전특별회계,2013,국토교통부,134324880,230140,0,8204440,7974300,230140,134555020
광역발전계정,1.4346E+11,1.43218E+11,241780800,경상이전수입,광역지역발전특별회계,2013,국토교통부,1.51495E+11,63557504110,0,71592470810,8276747500,63315723310,2.15052E+11
광역발전계정,2983090,2983090,0,재화및용역판매수입,광역지역발전특별회계,2013,국토교통부,268759910,0,0,265776820,265776820,0,268759910
광역발전계정,471915470,471915470,0,관유물매각대,광역지역발전특별회계,2013,국토교통부,471915470,0,0,0,0,0,471915470
광역발전계정,0,0,0,융자회수금,광역지역발전특별회계,2013,국토교통부,250000000,0,0,250000000,250000000,0,250000000
제주특별자치도계정,0,0,0,경상이전수입,광역지역발전특별회계,2013,국토교통부,0,0,0,0,0,0,0
,29265480,0,29265480,재화및용역판매수입,주택도시기금,2013,국토교통부,0,6492289233,7986000770,6463023753,0,6463023753,6492289233
,6.55089E+13,1.57001E+11,6.53518E+13,융자회수금,주택도시기금,2013,국토교통부,1.60043E+11,8.10525E+13,7.95288E+13,1.57037E+13,3041588150,1.57006E+13,8.12125E+13
,0,0,0,예금및예탁금,주택도시기금,2013,국토교통부,0,2.91673E+12,3.86093E+12,2.91673E+12,0,2.91673E+12,2.91673E+12
,237203300,237191030,12270,재산수입,일반회계,2013,해양수산부,269870550,209000440,0,241667690,32679520,208988170,478870990
,2349438340,2331115450,18322890,경상이전수입,일반회계,2013,해양수산부,3642686550,88944190,0,1382192400,1311571100,70621300,3731630740
,27973580,27973580,0,재화및용역판매수입,일반회계,2013,해양수산부,39390200,334426620,0,345843240,11416620,334426620,373816820
,0,0,0,관유물매각대,일반회계,2013,해양수산부,0,0,0,0,0,0,0
,88290000,0,88290000,기타수입,일반회계,2013,해양수산부,0,3.84688E+11,0,3.846E+11,0,3.846E+11,3.84688E+11
구조개선사업계정,0,0,0,재산수입,농어촌구조개선특별회계,2013,해양수산부,3144130,0,0,3144130,3144130,0,3144130
구조개선사업계정,820383590,820383590,0,경상이전수입,농어촌구조개선특별회계,2013,해양수산부,869640300,0,0,49256710,49256710,0,869640300
구조개선사업계정,0,0,0,재화및용역판매수입,농어촌구조개선특별회계,2013,해양수산부,0,0,0,0,0,0,0
구조개선사업계정,1.34253E+11,0,1.34253E+11,융자회수금,농어촌구조개선특별회계,2013,해양수산부,0,1.36913E+11,0,2660000000,0,2660000000,1.36913E+11
구조개선사업계정,0,0,0,기타수입,농어촌구조개선특별회계,2013,해양수산부,0,2190000,0,2190000,0,2190000,2190000
농어촌특별세사업계정,0,0,0,경상이전수입,농어촌구조개선특별회계,2013,해양수산부,368000,0,0,368000,368000,0,368000
농어촌특별세사업계정,1475900040,0,1475900040,융자회수금,농어촌구조개선특별회계,2013,해양수산부,0,1475900040,0,0,0,0,1475900040
항만계정,702855600,702855600,0,재산수입,교통시설특별회계,2013,해양수산부,709039400,17246550,0,23430350,6183800,17246550,726285950
항만계정,11163452140,11163452140,0,경상이전수입,교통시설특별회계,2013,해양수산부,11888718610,419868900,0,1145135370,725266470,419868900,12308587510
항만계정,5023082710,5023082710,0,재화및용역판매수입,교통시설특별회계,2013,해양수산부,12639287650,4296948530,0,11913153470,7616204940,4296948530,16936236180
항만계정,0,0,0,관유물매각대,교통시설특별회계,2013,해양수산부,0,59709600,0,59709600,0,59709600,59709600
항만계정,0,0,0,융자회수금,교통시설특별회계,2013,해양수산부,0,0,0,0,0,0,0
투자계정,0,0,0,재산수입,에너지및자원사업특별회계,2013,해양수산부,534110,0,0,534110,534110,0,534110
투자계정,0,0,0,경상이전수입,에너지및자원사업특별회계,2013,해양수산부,0,0,0,0,0,0,0
지역개발계정,0,0,0,재산수입,광역지역발전특별회계,2013,해양수산부,0,0,0,0,0,0,0
지역개발계정,0,0,0,경상이전수입,광역지역발전특별회계,2013,해양수산부,0,0,0,0,0,0,0
광역발전계정,0,0,0,재산수입,광역지역발전특별회계,2013,해양수산부,0,0,0,0,0,0,0
광역발전계정,0,0,0,경상이전수입,광역지역발전특별회계,2013,해양수산부,0,0,0,0,0,0,0
제주특별자치도계정,0,0,0,경상이전수입,광역지역발전특별회계,2013,해양수산부,5232500,0,0,5232500,5232500,0,5232500
손익계정,31118790,31118790,0,재산수입,대산지방해양수산청,2013,해양수산부,31118790,4294910,0,4294910,0,4294910,35413700
손익계정,49424320,49424320,0,경상이전수입,대산지방해양수산청,2013,해양수산부,51839870,2130,0,2417680,2415550,2130,51842000
손익계정,31584690,31584690,0,재화및용역판매수입,대산지방해양수산청,2013,해양수산부,33291980,633922260,0,635629550,1707290,633922260,667214240
,0,0,0,재산수입,수산발전기금,2013,해양수산부,87830,0,0,87830,87830,0,87830
,3578274570,3578274570,0,경상이전수입,수산발전기금,2013,해양수산부,3741568910,3779283060,6305092590,3942577400,163294340,3779283060,7520851970
,0,0,0,재화및용역판매수입,수산발전기금,2013,해양수산부,0,0,604826040,0,0,0,0
,0,0,0,관유물매각대,수산발전기금,2013,해양수산부,0,0,0,0,0,0,0
,3.48577E+11,0,3.48577E+11,융자회수금,수산발전기금,2013,해양수산부,0,8.46126E+11,8.28976E+11,4.97549E+11,0,4.97549E+11,8.46126E+11
,0,0,0,예금및예탁금,수산발전기금,2013,해양수산부,0,82616800314,81171394440,82616800314,0,82616800314,82616800314
,88580,88580,0,재산수입,일반회계,2013,식품의약품안전처,906860,27200,0,845480,818280,27200,934060
,18407840,18407840,0,경상이전수입,일반회계,2013,식품의약품안전처,134633450,643200,0,116868810,116225610,643200,135276650
,0,0,0,재화및용역판매수입,일반회계,2013,식품의약품안전처,12908150,7873000,0,20781150,12908150,7873000,20781150
,0,0,0,관유물매각대,일반회계,2013,식품의약품안전처,0,0,0,0,0,0,0
구조개선사업계정,0,0,0,재산수입,농어촌구조개선특별회계,2013,식품의약품안전처,33660,0,0,33660,33660,0,33660
구조개선사업계정,0,0,0,경상이전수입,농어촌구조개선특별회계,2013,식품의약품안전처,0,0,0,0,0,0,0
,0,0,0,재산수입,일반회계,2013,대통령비서실 및 국가안보실,0,0,0,0,0,0,0
,0,0,0,경상이전수입,일반회계,2013,대통령비서실 및 국가안보실,1728440,0,0,1728440,1728440,0,1728440
,0,0,0,재화및용역판매수입,일반회계,2013,대통령비서실 및 국가안보실,0,0,0,0,0,0,0
,0,0,0,재산수입,과학기술진흥기금,2013,과학기술정보통신부,0,0,0,0,0,0,0
,0,0,0,재화및용역판매수입,과학기술진흥기금,2013,과학기술정보통신부,0,0,0,0,0,0,0
,37300000000,0,37300000000,융자회수금,과학기술진흥기금,2013,과학기술정보통신부,0,37300000000,40500000000,0,0,0,37300000000
,0,0,0,예금및예탁금,과학기술진흥기금,2013,과학기술정보통신부,0,16456369283,24727293730,16456369283,0,16456369283,16456369283
,0,0,0,재산수입,정보통신진흥기금,2013,과학기술정보통신부,0,0,0,0,0,0,0
,297379000,297379000,0,경상이전수입,정보통신진흥기금,2013,과학기술정보통신부,297379000,0,987587250,0,0,0,297379000
,1.06593E+11,0,1.06593E+11,융자회수금,정보통신진흥기금,2013,과학기술정보통신부,0,1.32649E+11,1.68709E+11,26055499360,0,26055499360,1.32649E+11
,0,0,0,예금및예탁금,정보통신진흥기금,2013,과학기술정보통신부,0,68008551752,20000000000,68008551752,0,68008551752,68008551752
,0,0,0,재산수입,원자력기금,2013,과학기술정보통신부,0,0,0,0,0,0,0
,0,0,0,경상이전수입,원자력기금,2013,과학기술정보통신부,0,0,0,0,0,0,0
,0,0,0,예금및예탁금,원자력기금,2013,과학기술정보통신부,0,7075784274,34621482780,7075784274,0,7075784274,7075784274
,0,0,0,재산수입,방송통신발전기금,2013,과학기술정보통신부,0,0,0,0,0,0,0
,34502140,34502140,0,경상이전수입,방송통신발전기금,2013,과학기술정보통신부,34502140,7685680320,8998002910,7685680320,0,7685680320,7720182460
,72139990000,0,72139990000,융자회수금,방송통신발전기금,2013,과학기술정보통신부,0,1.1269E+11,91625130000,40550000000,0,40550000000,1.1269E+11
,5226587023,0,5226587023,기타수입,방송통신발전기금,2013,과학기술정보통신부,0,5226587023,5226587023,0,0,0,5226587023
,0,0,0,예금및예탁금,방송통신발전기금,2013,과학기술정보통신부,0,3.9433E+11,3.50779E+11,3.9433E+11,0,3.9433E+11,3.9433E+11
,0,0,0,경상이전수입,일반회계,2014,국가정보원,0,0,0,0,0,0,0
,0,0,0,재산수입,일반회계,2014,감사원,0,0,0,0,0,0,0
,291732850,291732850,0,경상이전수입,일반회계,2014,감사원,291732850,21232800,291732850,21232800,0,21232800,312965650
,0,0,0,재화및용역판매수입,일반회계,2014,감사원,0,0,0,0,0,0,0
,364908910,82200000,282708910,기타수입,일반회계,2014,감사원,82200000,286238910,584908910,3530000,0,3530000,368438910
,0,0,0,재산수입,일반회계,2014,국회,16176070,0,0,16176070,16176070,0,16176070
,107806740,107806740,0,경상이전수입,일반회계,2014,국회,146318140,41016880,107806740,79528280,38511400,41016880,187335020
,0,0,0,재화및용역판매수입,일반회계,2014,국회,0,0,0,0,0,0,0
,0,0,0,관유물매각대,일반회계,2014,국회,0,0,0,0,0,0,0
,12088720,0,12088720,기타수입,일반회계,2014,국회,0,106798330,66507100,94709610,0,94709610,106798330
,676072360,676072360,0,재산수입,일반회계,2014,대법원,676162360,0,676072360,90000,90000,0,676162360
,679897760,679897760,0,경상이전수입,일반회계,2014,대법원,825088860,43512960,682964490,188704060,145191100,43512960,868601820
,0,0,0,재화및용역판매수입,일반회계,2014,대법원,55500,0,0,55500,55500,0,55500
,0,0,0,관유물매각대,일반회계,2014,대법원,0,0,0,0,0,0,0
,391299460,383876540,7422920,기타수입,일반회계,2014,대법원,383876540,7422920,392067290,0,0,0,391299460
,0,0,0,재산수입,등기특별회계,2014,대법원,0,0,0,0,0,0,0
,0,0,0,경상이전수입,등기특별회계,2014,대법원,0,0,0,0,0,0,0
,0,0,0,재화및용역판매수입,등기특별회계,2014,대법원,0,0,0,0,0,0,0
,281250,281250,0,관유물매각대,등기특별회계,2014,대법원,281250,0,281250,0,0,0,281250
,207637500,207637500,0,기타수입,등기특별회계,2014,대법원,207637500,0,207637500,0,0,0,207637500
,0,0,0,경상이전수입,일반회계,2014,헌법재판소,0,0,0,0,0,0,0
,0,0,0,재화및용역판매수입,일반회계,2014,헌법재판소,0,0,0,0,0,0,0
,160960000,0,160960000,기타수입,일반회계,2014,헌법재판소,0,160960000,160960000,0,0,0,160960000
,0,0,0,재산수입,일반회계,2014,중앙선거관리위원회,0,0,0,0,0,0,0
,0,0,0,경상이전수입,일반회계,2014,중앙선거관리위원회,0,0,0,0,0,0,0
,0,0,0,재화및용역판매수입,일반회계,2014,중앙선거관리위원회,0,0,0,0,0,0,0
,0,0,0,관유물매각대,일반회계,2014,중앙선거관리위원회,0,0,0,0,0,0,0
,1416720000,963000000,453720000,기타수입,일반회계,2014,중앙선거관리위원회,963000000,748720000,2129720000,295000000,0,295000000,1711720000
,0,0,0,재산수입,일반회계,2014,국무조정실 및 국무총리비서실,0,0,0,0,0,0,0
,0,0,0,경상이전수입,일반회계,2014,국무조정실 및 국무총리비서실,0,0,0,0,0,0,0
,767871770,765166410,2705360,재산수입,일반회계,2014,법무부,768220410,3137380,808612860,3486020,3054000,432020,771357790
,3029737410,3029041410,696000,경상이전수입,일반회계,2014,법무부,3409822450,696000,3031904500,380781040,380781040,0,3410518450
,0,0,0,재화및용역판매수입,일반회계,2014,법무부,18849680,3570000,0,22419680,18849680,3570000,22419680
,14140800,0,14140800,관유물매각대,일반회계,2014,법무부,0,14140800,16274700,0,0,0,14140800
,6155000,0,6155000,기타수입,일반회계,2014,법무부,0,566905000,6245000,560750000,0,560750000,566905000
,0,0,0,재산수입,교도작업특별회계,2014,법무부,0,31880,0,31880,0,31880,31880
,0,0,0,경상이전수입,교도작업특별회계,2014,법무부,0,0,0,0,0,0,0
,0,0,0,재화및용역판매수입,교도작업특별회계,2014,법무부,215175290,0,359425060,215175290,215175290,0,215175290
,0,0,0,관유물매각대,교도작업특별회계,2014,법무부,0,0,0,0,0,0,0
,0,0,0,관유물매각대,혁신도시건설특별회계,2014,법무부,0,0,0,0,0,0,0
,0,0,0,재산수입,범죄피해자보호기금,2014,법무부,1003760,0,826800,1003760,1003760,0,1003760
,0,0,0,경상이전수입,범죄피해자보호기금,2014,법무부,244543210,0,182832010,244543210,244543210,0,244543210
,7084244024,0,7084244024,예금및예탁금,범죄피해자보호기금,2014,법무부,0,7547046078,9317316534,462802054,0,462802054,7547046078
,527154220,526366080,788140,재산수입,일반회계,2014,국방부,1189279070,48094470,5399132280,710219320,662912990,47306330,1237373540
,28819352670,27703443080,1115909590,경상이전수입,일반회계,2014,국방부,38796727180,1922956150,32989714750,11900330660,11093284100,807046560,40719683330
,1092978220,1092978220,0,재화및용역판매수입,일반회계,2014,국방부,1096501400,9143100,1520874070,12666280,3523180,9143100,1105644500
,1.44024E+11,0,1.44024E+11,융자회수금,일반회계,2014,국방부,0,1.44024E+11,1.44024E+11,0,0,0,1.44024E+11
,744000,0,744000,기타수입,일반회계,2014,국방부,3220110,20744000,744000,23220110,3220110,20000000,23964110
,68898620,68898620,0,재산수입,주한미군기지이전특별회계,2014,국방부,128921770,2592970,288785780,62616120,60023150,2592970,131514740
,238737290,238737290,0,경상이전수입,주한미군기지이전특별회계,2014,국방부,381878580,0,250866320,143141290,143141290,0,381878580
,13587130,13587130,0,재화및용역판매수입,주한미군기지이전특별회계,2014,국방부,13587130,0,13587130,0,0,0,13587130
,0,0,0,관유물매각대,주한미군기지이전특별회계,2014,국방부,0,196991910,719301230,196991910,0,196991910,196991910
,897712220,897712220,0,경상이전수입,국방·군사시설이전특별회계,2014,국방부,915241320,0,914478380,17529100,17529100,0,915241320
,502008500,502008500,0,관유물매각대,국방·군사시설이전특별회계,2014,국방부,1917476060,5822433360,899863510,7237900920,1415467560,5822433360,7739909420
,1445967170,1437058290,8908880,경상이전수입,군인연금기금,2014,국방부,1622642640,184795160,1743224160,361470630,185584350,175886280,1807437800
,0,0,0,예금및예탁금,군인연금기금,2014,국방부,0,50000000000,0,50000000000,0,50000000000,50000000000
복지계정,848113303,565501534,282611769,재산수입,군인복지기금,2014,국방부,2180303539,2399218752,2504280628,3731408988,1614802005,2116606983,4579522291
복지계정,2144021440,1753205100,390816340,경상이전수입,군인복지기금,2014,국방부,3726629960,431563020,2850373990,2014171540,1973424860,40746680,4158192980
복지계정,3039810,3039810,0,재화및용역판매수입,군인복지기금,2014,국방부,6677730,44650150,688060310,48288070,3637920,44650150,51327880
복지계정,2000000,2000000,0,기타수입,군인복지기금,2014,국방부,2000000,0,2000000,0,0,0,2000000
복지계정,5565055441,923564424,4641491017,예금및예탁금,군인복지기금,2014,국방부,2656255924,84232925356,80987439860,81324125839,1732691500,79591434339,86889181280
학자금대부계정,2.00579E+11,2791870000,1.97788E+11,융자회수금,군인복지기금,2014,국방부,2791870000,2.36968E+11,3.15219E+11,39180410000,0,39180410000,2.3976E+11
학자금대부계정,0,0,0,예금및예탁금,군인복지기금,2014,국방부,0,0,15000000000,0,0,0,0
주거지원계정,11486,5,11481,재산수입,군인복지기금,2014,국방부,5,11733,10062386,252,0,252,11738
주거지원계정,59589830,38977580,20612250,경상이전수입,군인복지기금,2014,국방부,73249330,24221910,80909880,37881410,34271750,3609660,97471240
주거지원계정,1.84927E+11,15207798099,1.6972E+11,융자회수금,군인복지기금,2014,국방부,16702798099,3.05298E+11,2.8971E+11,1.37073E+11,1495000000,1.35578E+11,3.22E+11
주거지원계정,0,0,0,예금및예탁금,군인복지기금,2014,국방부,0,14061839780,0,14061839780,0,14061839780,14061839780
,67097780,67097780,0,재산수입,일반회계,2014,고용노동부,210240400,5148280,172226270,148290900,143142620,5148280,215388680
,3291590710,3291590710,0,경상이전수입,일반회계,2014,고용노동부,9548915000,79490020,8299143860,6336814310,6257324290,79490020,9628405020
,797000,797000,0,재화및용역판매수입,일반회계,2014,고용노동부,797000,0,797000,0,0,0,797000
,0,0,0,관유물매각대,일반회계,2014,고용노동부,0,6000000,0,6000000,0,6000000,6000000
,253243800,0,253243800,기타수입,일반회계,2014,고용노동부,0,427927900,473260870,174684100,0,174684100,427927900
투자계정,151966830,151966830,0,경상이전수입,에너지및자원사업특별회계,2014,고용노동부,1151342570,7075680,363998400,1006451420,999375740,7075680,1158418250
,3.87536E+11,3.87536E+11,0,사회보장기여금,산업재해보상보험및예방기금,2014,고용노동부,6.42773E+11,3.37244E+11,8.97764E+11,5.92481E+11,2.55237E+11,3.37244E+11,9.80017E+11
,0,0,0,재산수입,산업재해보상보험및예방기금,2014,고용노동부,0,0,0,0,0,0,0
,2.97772E+11,2.97772E+11,0,경상이전수입,산업재해보상보험및예방기금,2014,고용노동부,4.38949E+11,6405906500,4.17257E+11,1.47583E+11,1.41177E+11,6405906500,4.45354E+11
,1057680,1057680,0,재화및용역판매수입,산업재해보상보험및예방기금,2014,고용노동부,1753780,17500,1534570,713600,696100,17500,1771280
,0,0,0,관유물매각대,산업재해보상보험및예방기금,2014,고용노동부,0,0,0,0,0,0,0
,5.94532E+11,759834460,5.93772E+11,융자회수금,산업재해보상보험및예방기금,2014,고용노동부,759834460,7.18541E+11,7.12826E+11,1.24769E+11,0,1.24769E+11,7.19301E+11
,0,0,0,예금및예탁금,산업재해보상보험및예방기금,2014,고용노동부,0,1.01021E+12,1.25265E+12,1.01021E+12,0,1.01021E+12,1.01021E+12
,0,0,0,재산수입,장애인고용촉진및직업재활기금,2014,고용노동부,0,0,0,0,0,0,0
,7057163010,7057163010,0,경상이전수입,장애인고용촉진및직업재활기금,2014,고용노동부,12025766390,367311490,9976724190,5335914870,4968603380,367311490,12393077880
,23095873080,0,23095873080,융자회수금,장애인고용촉진및직업재활기금,2014,고용노동부,0,23410873080,30448526710,315000000,0,315000000,23410873080
,0,0,0,예금및예탁금,장애인고용촉진및직업재활기금,2014,고용노동부,0,1.8147E+11,1.35602E+11,1.8147E+11,0,1.8147E+11,1.8147E+11
,2.30193E+11,2.30193E+11,0,사회보장기여금,고용보험기금,2014,고용노동부,4.03822E+11,5.25362E+11,8.54084E+11,6.98992E+11,1.73629E+11,5.25362E+11,9.29184E+11
,172755950,172755950,0,재산수입,고용보험기금,2014,고용노동부,173374320,33330,176009050,651700,618370,33330,173407650
,1.1084E+11,1.1084E+11,0,경상이전수입,고용보험기금,2014,고용노동부,1.68431E+11,5393266540,1.3945E+11,62984030320,57590763780,5393266540,1.73824E+11
,53618940,53618940,0,재화및용역판매수입,고용보험기금,2014,고용노동부,59559750,0,65525800,5940810,5940810,0,59559750
,0,0,0,관유물매각대,고용보험기금,2014,고용노동부,0,0,0,0,0,0,0
,3.68524E+11,646732930,3.67878E+11,융자회수금,고용보험기금,2014,고용노동부,646732930,4.16188E+11,4.60819E+11,48310099870,0,48310099870,4.16835E+11
,0,0,0,예금및예탁금,고용보험기금,2014,고용노동부,0,1.19233E+12,1.29757E+12,1.19233E+12,0,1.19233E+12,1.19233E+12
,18406340,18406340,0,재산수입,임금채권보장기금,2014,고용노동부,205055400,0,203283100,186649060,186649060,0,205055400
,7.3768E+11,7.3768E+11,0,경상이전수입,임금채권보장기금,2014,고용노동부,1.00261E+12,22512523710,9.55306E+11,2.87445E+11,2.64933E+11,22512523710,1.02513E+12
,905148590,809016310,96132280,융자회수금,임금채권보장기금,2014,고용노동부,809016310,2458118280,1042873640,2361986000,0,2361986000,3267134590
,0,0,0,예금및예탁금,임금채권보장기금,2014,고용노동부,0,20720026829,3.30573E+11,20720026829,0,20720026829,20720026829
,7423900,7423900,0,재산수입,일반회계,2014,통일부,7423900,16788950,23863610,16788950,0,16788950,24212850
,5916140,5916140,0,경상이전수입,일반회계,2014,통일부,65927790,3178840,22070040,63190490,60011650,3178840,69106630
,0,0,0,재화및용역판매수입,일반회계,2014,통일부,0,0,0,0,0,0,0
,231380000,0,231380000,기타수입,일반회계,2014,통일부,0,231380000,231380000,0,0,0,231380000
,0,0,0,재산수입,남북협력기금,2014,통일부,0,0,0,0,0,0,0
,0,0,0,경상이전수입,남북협력기금,2014,통일부,0,0,0,0,0,0,0
,0,0,0,재화및용역판매수입,남북협력기금,2014,통일부,0,0,0,0,0,0,0
,2.72945E+12,40090829050,2.68936E+12,융자회수금,남북협력기금,2014,통일부,40090829050,2.71604E+12,2.71655E+12,26674800000,0,26674800000,2.75613E+12
,51435133130,51435133130,0,기타수입,남북협력기금,2014,통일부,51435133130,0,60137578490,0,0,0,51435133130
,0,0,0,예금및예탁금,남북협력기금,2014,통일부,0,2.49389E+11,5.93987E+11,2.49389E+11,0,2.49389E+11,2.49389E+11
,12233450,12233450,0,재산수입,일반회계,2014,법제처,12233450,0,59756660,0,0,0,12233450
,38176600,38176600,0,경상이전수입,일반회계,2014,법제처,38176600,0,38176600,0,0,0,38176600
,1380,1380,0,재산수입,일반회계,2014,국가보훈부,34859120,53300,46533950,34911040,34857740,53300,34912420
,3395371290,3372179290,23192000,경상이전수입,일반회계,2014,국가보훈부,4556210190,28516690,3850988000,1189355590,1184030900,5324690,4584726880
,0,0,0,재화및용역판매수입,일반회계,2014,국가보훈부,0,0,0,0,0,0,0
,0,0,0,관유물매각대,일반회계,2014,국가보훈부,0,0,0,0,0,0,0
,186210000,0,186210000,기타수입,일반회계,2014,국가보훈부,0,186210000,186210000,0,0,0,186210000
투자계정,0,0,0,재산수입,에너지및자원사업특별회계,2014,국가보훈부,0,0,0,0,0,0,0
투자계정,1120030,1120030,0,경상이전수입,에너지및자원사업특별회계,2014,국가보훈부,4306340,0,5064920,3186310,3186310,0,4306340
,38358870,38321480,37390,재산수입,순국선열애국지사사업기금,2014,국가보훈부,38321480,51081090,307754350,51043700,0,51043700,89402570
,2745590,1700000,1045590,경상이전수입,순국선열애국지사사업기금,2014,국가보훈부,275418440,1045590,4526600,273718440,273718440,0,276464030
,0,0,0,재화및용역판매수입,순국선열애국지사사업기금,2014,국가보훈부,0,0,0,0,0,0,0
,463080000,463080000,0,관유물매각대,순국선열애국지사사업기금,2014,국가보훈부,463080000,6119081700,10172124030,6119081700,0,6119081700,6582161700
국가유공자지원자금,1085555010,1085555010,0,재산수입,보훈기금,2014,국가보훈부,1616074810,0,1342072820,530519800,530519800,0,1616074810
국가유공자지원자금,0,0,0,경상이전수입,보훈기금,2014,국가보훈부,0,0,0,0,0,0,0
국가유공자지원자금,93787572090,7181034910,86606537180,융자회수금,보훈기금,2014,국가보훈부,10428577510,1.09205E+11,1.31809E+11,25845697320,3247542600,22598154720,1.19633E+11
국가유공자지원자금,0,0,0,예금및예탁금,보훈기금,2014,국가보훈부,0,16353468866,9004308750,16353468866,0,16353468866,16353468866
참전유공자·제대군인지원자금,997039720,997039720,0,재산수입,보훈기금,2014,국가보훈부,1256924830,0,1148958600,259885110,259885110,0,1256924830
참전유공자·제대군인지원자금,0,0,0,경상이전수입,보훈기금,2014,국가보훈부,0,0,120420,0,0,0,0
참전유공자·제대군인지원자금,13500715910,2911458670,10589257240,융자회수금,보훈기금,2014,국가보훈부,3744906080,12415970210,18581268890,2660160380,833447410,1826712970,16160876290
5·18 민주유공자지원자금,123669500,123669500,0,재산수입,보훈기금,2014,국가보훈부,183165070,0,133116520,59495570,59495570,0,183165070
5·18 민주유공자지원자금,2305521850,807245990,1498275860,융자회수금,보훈기금,2014,국가보훈부,1027350080,1751197070,2789632860,473025300,220104090,252921210,2778547150
특수임무유공자지원자금,41192170,41192170,0,재산수입,보훈기금,2014,국가보훈부,69128210,0,57723360,27936040,27936040,0,69128210
특수임무유공자지원자금,1038905110,312128660,726776450,융자회수금,보훈기금,2014,국가보훈부,452806960,751899810,1397388850,165801660,140678300,25123360,1204706770
,1623745210,1596960030,26785180,재산수입,일반회계,2014,산림청,2019513270,215726050,2687060640,611494110,422553240,188940870,2235239320
,11322363710,11247034100,75329610,경상이전수입,일반회계,2014,산림청,15426247560,467178140,21500929840,4571061990,4179213460,391848530,15893425700
,119285760,119285760,0,재화및용역판매수입,일반회계,2014,산림청,132930260,720000,129471110,14364500,13644500,720000,133650260
,4022595810,2534085660,1488510150,관유물매각대,일반회계,2014,산림청,2695973340,3212865900,6061995860,1886243430,161887680,1724355750,5908839240
,2816000,2816000,0,융자회수금,일반회계,2014,산림청,2816000,0,4300000,0,0,0,2816000
,0,0,0,기타수입,일반회계,2014,산림청,0,0,0,0,0,0,0
임업진흥사업계정,5796180,5796180,0,재산수입,농어촌구조개선특별회계,2014,산림청,12182210,0,14597720,6386030,6386030,0,12182210
임업진흥사업계정,16564342220,16564342220,0,경상이전수입,농어촌구조개선특별회계,2014,산림청,60099991010,9781185840,44703175380,53316834630,43535648790,9781185840,69881176850
임업진흥사업계정,0,0,0,재화및용역판매수입,농어촌구조개선특별회계,2014,산림청,0,3760600,550000,3760600,0,3760600,3760600
임업진흥사업계정,210000,210000,0,관유물매각대,농어촌구조개선특별회계,2014,산림청,1993882900,3134289850,3318299730,5127962750,1993672900,3134289850,5128172750
임업진흥사업계정,2.4399E+11,0,2.4399E+11,융자회수금,농어촌구조개선특별회계,2014,산림청,0,2.66387E+11,2.86344E+11,22397000000,0,22397000000,2.66387E+11
자본계정,0,0,0,경상이전수입,국립자연휴양림관리소,2014,산림청,0,0,0,0,0,0,0
손익계정,0,0,0,재산수입,국립자연휴양림관리소,2014,산림청,0,0,0,0,0,0,0
손익계정,0,0,0,경상이전수입,국립자연휴양림관리소,2014,산림청,0,0,0,0,0,0,0
손익계정,0,0,0,재화및용역판매수입,국립자연휴양림관리소,2014,산림청,0,0,0,0,0,0,0
,1.19254E+13,1.0579E+13,1.34641E+12,내국세,일반회계,2014,국세청,1.71063E+13,5.80615E+12,1.92521E+13,1.0987E+13,6.52728E+12,4.45974E+12,2.29125E+13
,17247370,17247370,0,방위세,일반회계,2014,국세청,17247370,0,17218980,0,0,0,17247370
,33122700520,33122700520,0,교통·에너지·환경세,일반회계,2014,국세청,33665585530,2944510730,1.10265E+11,3487395740,542885010,2944510730,36610096260
,16417350690,16417350690,0,교육세,일반회계,2014,국세청,22813438320,3993322500,34619698290,10389410130,6396087630,3993322500,26806760820
,34892873060,33702508580,1190364480,농어촌특별세,일반회계,2014,국세청,62793884560,64747050540,1.1222E+11,92648062040,29091375980,63556686060,1.27541E+11
,846815520,846815520,0,재산수입,일반회계,2014,국세청,846815520,0,846815520,0,0,0,846815520
,1.78742E+12,1.78742E+12,0,경상이전수입,일반회계,2014,국세청,2.22788E+12,359286240,1.64626E+12,4.40822E+11,4.40463E+11,359286240,2.22824E+12
,3690000,0,3690000,기타수입,일반회계,2014,국세청,0,3690000,3690000,0,0,0,3690000
,1.41138E+11,1.35606E+11,5531852120,종합부동산세,일반회계,2014,국세청,2.60048E+11,3.11872E+11,5.22174E+11,4.30782E+11,1.24442E+11,3.0634E+11,5.71919E+11
,2.06515E+11,62933961050,1.43581E+11,내국세,일반회계,2014,관세청,81301741660,1.57197E+12,1.4736E+12,1.44675E+12,18367780610,1.42839E+12,1.65327E+12
,4.16651E+11,3.91424E+11,25226880590,관세,일반회계,2014,관세청,4.31205E+11,3.07225E+11,6.96578E+11,3.21778E+11,39780759180,2.81998E+11,7.3843E+11
,0,0,0,방위세,일반회계,2014,관세청,0,0,0,0,0,0,0
,607630840,607630840,0,교통·에너지·환경세,일반회계,2014,관세청,2328758210,10915947810,669176950,12637075180,1721127370,10915947810,13244706020
,39017667260,5147076170,33870591090,교육세,일반회계,2014,관세청,5683404810,47344164260,46851962740,14009901810,536328640,13473573170,53027569070
,45360150,45360150,0,농어촌특별세,일반회계,2014,관세청,48399030,781032720,800956000,784071600,3038880,781032720,829431750
,0,0,0,재산수입,일반회계,2014,관세청,0,396000,4980160,396000,0,396000,396000
,93053362610,93053362610,0,경상이전수입,일반회계,2014,관세청,1.62171E+11,7541890,96542208910,69125167150,69117625260,7541890,1.62179E+11
,591000,591000,0,재화및용역판매수입,일반회계,2014,관세청,12793170,10478250,26610250,22680420,12202170,10478250,23271420
,0,0,0,관유물매각대,일반회계,2014,관세청,0,0,0,0,0,0,0
,0,0,0,기타수입,일반회계,2014,관세청,0,0,0,0,0,0,0
,0,0,0,재산수입,일반회계,2014,병무청,0,0,2139690,0,0,0,0
,0,0,0,경상이전수입,일반회계,2014,병무청,0,0,0,0,0,0,0
,0,0,0,재화및용역판매수입,일반회계,2014,병무청,0,0,0,0,0,0,0
,0,0,0,관유물매각대,일반회계,2014,병무청,0,0,0,0,0,0,0
,0,0,0,융자회수금,일반회계,2014,병무청,0,0,0,0,0,0,0
,140000,0,140000,기타수입,일반회계,2014,병무청,0,140000,140000,0,0,0,140000
,0,0,0,경상이전수입,혁신도시건설특별회계,2014,병무청,0,0,0,0,0,0,0
,0,0,0,재산수입,일반회계,2014,농촌진흥청,0,0,13040,0,0,0,0
,0,0,0,경상이전수입,일반회계,2014,농촌진흥청,0,0,144017480,0,0,0,0
,0,0,0,재화및용역판매수입,일반회계,2014,농촌진흥청,0,0,357180,0,0,0,0
,0,0,0,관유물매각대,일반회계,2014,농촌진흥청,0,0,0,0,0,0,0
,120000,0,120000,기타수입,일반회계,2014,농촌진흥청,0,120000,390000,0,0,0,120000
구조개선사업계정,0,0,0,재산수입,농어촌구조개선특별회계,2014,농촌진흥청,0,0,0,0,0,0,0
구조개선사업계정,0,0,0,경상이전수입,농어촌구조개선특별회계,2014,농촌진흥청,0,0,11023980,0,0,0,0
구조개선사업계정,11793874500,0,11793874500,융자회수금,농어촌구조개선특별회계,2014,농촌진흥청,0,11793874500,16377028130,0,0,0,11793874500
,0,0,0,재산수입,혁신도시건설특별회계,2014,농촌진흥청,0,0,23670390,0,0,0,0
,0,0,0,경상이전수입,혁신도시건설특별회계,2014,농촌진흥청,0,0,0,0,0,0,0
,1637464430,0,1637464430,관유물매각대,혁신도시건설특별회계,2014,농촌진흥청,0,1637464430,13526087150,0,0,0,1637464430
지역개발계정,0,0,0,재산수입,광역지역발전특별회계,2014,농촌진흥청,0,0,0,0,0,0,0
지역개발계정,0,0,0,경상이전수입,광역지역발전특별회계,2014,농촌진흥청,0,0,12925320,0,0,0,0
광역발전계정,0,0,0,경상이전수입,광역지역발전특별회계,2014,농촌진흥청,0,0,0,0,0,0,0
,0,0,0,재산수입,일반회계,2014,중소기업청,0,0,0,0,0,0,0
,887768420,887768420,0,경상이전수입,일반회계,2014,중소기업청,1000510370,0,1248765950,112741950,112741950,0,1000510370
,0,0,0,재화및용역판매수입,일반회계,2014,중소기업청,0,0,10000,0,0,0,0
,0,0,0,관유물매각대,일반회계,2014,중소기업청,0,0,0,0,0,0,0
,90000,0,90000,기타수입,일반회계,2014,중소기업청,0,90000,90000,0,0,0,90000
지역개발계정,0,0,0,재산수입,광역지역발전특별회계,2014,중소기업청,0,0,0,0,0,0,0
지역개발계정,0,0,0,경상이전수입,광역지역발전특별회계,2014,중소기업청,2412000,0,29290490,2412000,2412000,0,2412000
광역발전계정,0,0,0,재산수입,광역지역발전특별회계,2014,중소기업청,0,0,13570,0,0,0,0
광역발전계정,0,0,0,경상이전수입,광역지역발전특별회계,2014,중소기업청,0,0,504845030,0,0,0,0
손익계정,0,0,0,재산수입,특허청,2014,특허청,0,0,0,0,0,0,0
손익계정,0,0,0,경상이전수입,특허청,2014,특허청,0,0,0,0,0,0,0
손익계정,0,0,0,재화및용역판매수입,특허청,2014,특허청,0,0,0,0,0,0,0
손익계정,0,0,0,관유물매각대,특허청,2014,특허청,0,0,0,0,0,0,0
손익계정,5673004500,0,5673004500,융자회수금,특허청,2014,특허청,0,5673004500,5673004500,0,0,0,5673004500
손익계정,4784720,0,4784720,기타수입,특허청,2014,특허청,0,4784720,5224230,0,0,0,4784720
자본계정,0,0,0,재산수입,조달특별회계,2014,조달청,0,0,15329140,0,0,0,0
자본계정,6551283290,5515975650,1035307640,관유물매각대,조달특별회계,2014,조달청,9916714390,2.91097E+11,3.60809E+11,2.94463E+11,4400738740,2.90062E+11,3.01014E+11
자본계정,0,0,0,기타수입,조달특별회계,2014,조달청,0,50000000,0,50000000,0,50000000,50000000
손익계정,93484200,93484200,0,재산수입,조달특별회계,2014,조달청,93484200,649189450,129503170,649189450,0,649189450,742673650
손익계정,0,0,0,경상이전수입,조달특별회계,2014,조달청,0,0,0,0,0,0,0
손익계정,198066660,198066660,0,재화및용역판매수입,조달특별회계,2014,조달청,324824090,1694028070,1368409890,1820785500,126757430,1694028070,2018852160
손익계정,5653272500,0,5653272500,융자회수금,조달특별회계,2014,조달청,0,5653272500,5653272500,0,0,0,5653272500
,7299970,7299970,0,재산수입,일반회계,2014,환경부,7299970,0,7299970,0,0,0,7299970
,209737870,209737870,0,경상이전수입,일반회계,2014,환경부,210231930,0,211034140,494060,494060,0,210231930
,0,0,0,관유물매각대,일반회계,2014,환경부,0,0,0,0,0,0,0
농어촌특별세사업계정,0,0,0,재산수입,농어촌구조개선특별회계,2014,환경부,21685630,0,0,21685630,21685630,0,21685630
농어촌특별세사업계정,0,0,0,경상이전수입,농어촌구조개선특별회계,2014,환경부,627199540,0,0,627199540,627199540,0,627199540
투자계정,263570,263570,0,재산수입,에너지및자원사업특별회계,2014,환경부,9860420,2030370,47106740,11627220,9596850,2030370,11890790
투자계정,57095290,57095290,0,경상이전수입,에너지및자원사업특별회계,2014,환경부,698829740,45391350,4158693460,687125800,641734450,45391350,744221090
투자계정,0,0,0,재화및용역판매수입,에너지및자원사업특별회계,2014,환경부,0,0,0,0,0,0,0
,491130670,491130670,0,재산수입,환경개선특별회계,2014,환경부,598609610,371523410,1940828120,479002350,107478940,371523410,970133020
,7.82795E+11,7.82643E+11,152170470,경상이전수입,환경개선특별회계,2014,환경부,9.45593E+11,9974539610,9.70039E+11,1.72772E+11,1.62949E+11,9822369140,9.55567E+11
,0,0,0,재화및용역판매수입,환경개선특별회계,2014,환경부,340000,0,40436710,340000,340000,0,340000
,0,0,0,관유물매각대,환경개선특별회계,2014,환경부,0,0,0,0,0,0,0
,9.80463E+11,197500000,9.80265E+11,융자회수금,환경개선특별회계,2014,환경부,197500000,1.06508E+12,1.25496E+12,84814900000,0,84814900000,1.06528E+12
,300000,0,300000,기타수입,환경개선특별회계,2014,환경부,0,300000,300000,0,0,0,300000
지역개발계정,0,0,0,재산수입,광역지역발전특별회계,2014,환경부,0,70109000,0,70109000,0,70109000,70109000
지역개발계정,0,0,0,경상이전수입,광역지역발전특별회계,2014,환경부,0,123159000,0,123159000,0,123159000,123159000
광역발전계정,0,0,0,재산수입,광역지역발전특별회계,2014,환경부,0,0,93851690,0,0,0,0
광역발전계정,0,0,0,경상이전수입,광역지역발전특별회계,2014,환경부,0,0,4125000000,0,0,0,0
,0,0,0,재산수입,석면피해구제기금,2014,환경부,0,0,0,0,0,0,0
,291975390,291975390,0,경상이전수입,석면피해구제기금,2014,환경부,557391070,870980240,1286960040,1136395920,265415680,870980240,1428371310
,14789357016,0,14789357016,예금및예탁금,석면피해구제기금,2014,환경부,0,35488992231,23270440255,20699635215,0,20699635215,35488992231
,0,0,0,재산수입,일반회계,2014,통계청,0,0,0,0,0,0,0
,37057100,37057100,0,경상이전수입,일반회계,2014,통계청,37057100,0,37057100,0,0,0,37057100
,0,0,0,재화및용역판매수입,일반회계,2014,통계청,0,0,0,0,0,0,0
,0,0,0,관유물매각대,일반회계,2014,통계청,0,0,0,0,0,0,0
,0,0,0,기타수입,일반회계,2014,통계청,0,0,0,0,0,0,0
,0,0,0,재산수입,일반회계,2014,기상청,0,0,0,0,0,0,0
,89655610,89655610,0,경상이전수입,일반회계,2014,기상청,89655610,0,89655610,0,0,0,89655610
,11189840,11189840,0,재화및용역판매수입,일반회계,2014,기상청,11189840,0,11189840,0,0,0,11189840
,0,0,0,관유물매각대,일반회계,2014,기상청,0,0,0,0,0,0,0
,0,0,0,기타수입,일반회계,2014,기상청,0,1200000,0,1200000,0,1200000,1200000
,34181430,11669330,22512100,재산수입,일반회계,2014,경찰청,27279350,58814130,47510360,51912050,15610020,36302030,86093480
,34465202840,34442784930,22417910,경상이전수입,일반회계,2014,경찰청,59666892020,1140165890,51165228840,26341855070,25224107090,1117747980,60807057910
,41644820,41644820,0,재화및용역판매수입,일반회계,2014,경찰청,45954030,284200,48229480,4593410,4309210,284200,46238230
,0,0,0,관유물매각대,일반회계,2014,경찰청,4507000,0,3820000,4507000,4507000,0,4507000
,606988250,86140000,520848250,기타수입,일반회계,2014,경찰청,86140000,760788650,1013788250,239940400,0,239940400,846928650
,0,0,0,재산수입,혁신도시건설특별회계,2014,경찰청,0,0,0,0,0,0,0
,0,0,0,관유물매각대,혁신도시건설특별회계,2014,경찰청,0,0,0,0,0,0,0
손익계정,0,0,0,재산수입,경찰병원,2014,경찰청,0,0,0,0,0,0,0
손익계정,0,0,0,경상이전수입,경찰병원,2014,경찰청,0,0,0,0,0,0,0
손익계정,79264840,79264840,0,재화및용역판매수입,경찰병원,2014,경찰청,79264840,0,82486760,0,0,0,79264840
손익계정,300000,0,300000,기타수입,경찰병원,2014,경찰청,0,300000,300000,0,0,0,300000
,1320,1320,0,재산수입,일반회계,2014,공정거래위원회,1320,0,5740,0,0,0,1320
,367562340,367562340,0,경상이전수입,일반회계,2014,공정거래위원회,453823100,0,432406080,86260760,86260760,0,453823100
,0,0,0,재화및용역판매수입,일반회계,2014,공정거래위원회,0,0,0,0,0,0,0
,5685200,0,5685200,기타수입,일반회계,2014,공정거래위원회,0,5685200,5685200,0,0,0,5685200
,0,0,0,재산수입,일반회계,2014,해양경찰청(구),0,0,2318670,0,0,0,0
,0,0,0,경상이전수입,일반회계,2014,해양경찰청(구),0,0,16643539290,0,0,0,0
,0,0,0,재화및용역판매수입,일반회계,2014,해양경찰청(구),0,0,0,0,0,0,0
,0,0,0,관유물매각대,일반회계,2014,해양경찰청(구),0,0,0,0,0,0,0
,0,0,0,재산수입,일반회계,2014,민주평화통일자문회의,0,0,0,0,0,0,0
,0,0,0,경상이전수입,일반회계,2014,민주평화통일자문회의,0,0,0,0,0,0,0
,127365980,127365980,0,재산수입,일반회계,2014,문화재청,300502560,62678370,1069931000,235814950,173136580,62678370,363180930
,6108780350,6108780350,0,경상이전수입,일반회계,2014,문화재청,15586457020,2752550,12054289600,9480429220,9477676670,2752550,15589209570
,0,0,0,재화및용역판매수입,일반회계,2014,문화재청,0,0,229870,0,0,0,0
,0,0,0,관유물매각대,일반회계,2014,문화재청,0,0,0,0,0,0,0
,-449000000,0,-449000000,기타수입,일반회계,2014,문화재청,0,0,315500000,449000000,0,449000000,0
지역개발계정,23672810,23672810,0,재산수입,광역지역발전특별회계,2014,문화재청,27001790,0,23672810,3328980,3328980,0,27001790
지역개발계정,469633600,469633600,0,경상이전수입,광역지역발전특별회계,2014,문화재청,504687180,0,469633600,35053580,35053580,0,504687180
,7884880,7884880,0,재산수입,문화재보호기금,2014,문화재청,20393670,0,8591670,12508790,12508790,0,20393670
,1324470090,1324470090,0,경상이전수입,문화재보호기금,2014,문화재청,2669031330,0,1841085380,1344561240,1344561240,0,2669031330
,0,0,0,재화및용역판매수입,문화재보호기금,2014,문화재청,0,2149100,0,2149100,0,2149100,2149100
,14,0,14,예금및예탁금,문화재보호기금,2014,문화재청,0,38493311953,27716237897,38493311939,0,38493311939,38493311953
,0,0,0,재산수입,일반회계,2014,국가인권위원회,0,0,0,0,0,0,0
,0,0,0,경상이전수입,일반회계,2014,국가인권위원회,0,0,0,0,0,0,0
,0,0,0,재화및용역판매수입,일반회계,2014,국가인권위원회,0,0,0,0,0,0,0
,156000000,156000000,0,기타수입,일반회계,2014,국가인권위원회,156000000,0,156000000,0,0,0,156000000
,0,0,0,재산수입,일반회계,2014,소방방재청,0,0,1933950,0,0,0,0
,0,0,0,경상이전수입,일반회계,2014,소방방재청,0,0,139728900,0,0,0,0
,0,0,0,재화및용역판매수입,일반회계,2014,소방방재청,0,0,0,0,0,0,0
,0,0,0,재산수입,일반회계,2014,방위사업청,150550,7389600,8323900,7540150,150550,7389600,7540150
,64217352920,54888743610,9328609310,경상이전수입,일반회계,2014,방위사업청,1.54609E+11,61720420930,1.23861E+11,1.52112E+11,99719803640,52391811620,2.16329E+11
,3685110000,0,3685110000,융자회수금,일반회계,2014,방위사업청,0,3685110000,3685110000,0,0,0,3685110000
,0,0,0,재산수입,행정중심복합도시건설특별회계,2014,행정중심복합도시건설청,0,0,0,0,0,0,0
,1102660,1102660,0,경상이전수입,행정중심복합도시건설특별회계,2014,행정중심복합도시건설청,1102660,0,1102660,0,0,0,1102660
,488516240,488516240,0,방위세,일반회계,2014,기획재정부,488759170,0,490441180,242930,242930,0,488759170
,5309215155,5309215155,0,교육세,일반회계,2014,기획재정부,5588523785,0,6041183215,279308630,279308630,0,5588523785
,12408424370,12408424370,0,농어촌특별세,일반회계,2014,기획재정부,32309626256,0,40332900196,19901201886,19901201886,0,32309626256
,0,0,0,재산수입,일반회계,2014,기획재정부,59014619750,0,48003615446,59014619750,59014619750,0,59014619750
,70574180,70574180,0,경상이전수입,일반회계,2014,기획재정부,1.46803E+11,103480580,1.51667E+11,1.46836E+11,1.46733E+11,103480580,1.46907E+11
,0,0,0,재화및용역판매수입,일반회계,2014,기획재정부,0,0,0,0,0,0,0
,0,0,0,관유물매각대,일반회계,2014,기획재정부,4.19379E+11,0,3.73569E+11,4.19379E+11,4.19379E+11,0,4.19379E+11
,4252970641,0,4252970641,기타수입,일반회계,2014,기획재정부,0,4252970641,28599000,0,0,0,4252970641
,267782012,267782012,0,예금및예탁금,일반회계,2014,기획재정부,267782012,0,68783087945,0,0,0,267782012
,0,0,0,재산수입,국유재산관리기금,2014,기획재정부,0,0,0,0,0,0,0
,0,0,0,경상이전수입,국유재산관리기금,2014,기획재정부,1007883330,0,0,1007883330,1007883330,0,1007883330
,0,0,0,관유물매각대,국유재산관리기금,2014,기획재정부,0,0,0,0,0,0,0
,0,0,0,예금및예탁금,국유재산관리기금,2014,기획재정부,0,3.91864E+11,2.83657E+11,3.91864E+11,0,3.91864E+11,3.91864E+11
,3.74439E+12,0,3.74439E+12,융자회수금,대외경제협력기금,2014,기획재정부,0,4.37524E+12,3.82849E+12,6.30845E+11,0,6.30845E+11,4.37524E+12
,0,0,0,예금및예탁금,대외경제협력기금,2014,기획재정부,0,17036477600,88484614250,17036477600,0,17036477600,17036477600
총괄계정,7.17644E+11,0,7.17644E+11,재산수입,공공자금관리기금,2014,기획재정부,0,7.17644E+11,7.51635E+11,0,0,0,7.17644E+11
총괄계정,0,0,0,예금및예탁금,공공자금관리기금,2014,기획재정부,0,0,0,0,0,0,0
융자계정,0,0,0,재산수입,공공자금관리기금,2014,기획재정부,0,0,0,0,0,0,0
융자계정,0,0,0,경상이전수입,공공자금관리기금,2014,기획재정부,0,0,0,0,0,0,0
융자계정,2.45772E+12,0,2.45772E+12,융자회수금,공공자금관리기금,2014,기획재정부,0,2.55559E+12,3.18644E+12,97866710000,0,97866710000,2.55559E+12
융자계정,0,0,0,예금및예탁금,공공자금관리기금,2014,기획재정부,0,0,0,0,0,0,0
차관계정,0,0,0,재산수입,공공자금관리기금,2014,기획재정부,0,0,0,0,0,0,0
차관계정,0,0,0,경상이전수입,공공자금관리기금,2014,기획재정부,0,0,0,0,0,0,0
차관계정,3633070940,0,3633070940,융자회수금,공공자금관리기금,2014,기획재정부,0,3633070940,81508285920,0,0,0,3633070940
차관계정,0,0,0,예금및예탁금,공공자금관리기금,2014,기획재정부,0,58410021532,75030849698,58410021532,0,58410021532,58410021532
,4.90788E+13,0,4.90788E+13,예금및예탁금,외국환평형기금,2014,기획재정부,0,6.42317E+13,4.90788E+13,1.51529E+13,0,1.51529E+13,6.42317E+13
,0,0,0,재산수입,복권기금,2014,기획재정부,22896900,15860,16886960,22912760,22896900,15860,22912760
,0,0,0,경상이전수입,복권기금,2014,기획재정부,70000000,0,157408980,70000000,70000000,0,70000000
,0,0,0,재화및용역판매수입,복권기금,2014,기획재정부,0,0,0,0,0,0,0
,2.38154E+11,0,2.38154E+11,예금및예탁금,복권기금,2014,기획재정부,0,2.38154E+11,3.12418E+11,0,0,0,2.38154E+11
,589431260,589431260,0,재산수입,일반회계,2014,문화체육관광부,732299560,646366210,1028546110,789234510,142868300,646366210,1378665770
,2766566090,2766566090,0,경상이전수입,일반회계,2014,문화체육관광부,3928075300,147431310,4395352260,1308940520,1161509210,147431310,4075506610
,76205670,76205670,0,재화및용역판매수입,일반회계,2014,문화체육관광부,76205670,3109090,104177590,3109090,0,3109090,79314760
,0,0,0,관유물매각대,일반회계,2014,문화체육관광부,0,0,0,0,0,0,0
,173222440,0,173222440,기타수입,일반회계,2014,문화체육관광부,0,173222440,66918000,0,0,0,173222440
,1067632785,0,1067632785,예금및예탁금,일반회계,2014,문화체육관광부,0,1067632785,1045412435,0,0,0,1067632785
,0,0,0,재산수입,아시아문화중심도시조성특별회계,2014,문화체육관광부,0,0,4630140,0,0,0,0
,0,0,0,경상이전수입,아시아문화중심도시조성특별회계,2014,문화체육관광부,15721440,0,200143840,15721440,15721440,0,15721440
지역개발계정,1693150,1693150,0,재산수입,광역지역발전특별회계,2014,문화체육관광부,71330960,76723090,33416640,146360900,69637810,76723090,148054050
지역개발계정,0,0,0,경상이전수입,광역지역발전특별회계,2014,문화체육관광부,919751360,655189060,903277290,1574940420,919751360,655189060,1574940420
광역발전계정,0,0,0,재산수입,광역지역발전특별회계,2014,문화체육관광부,0,0,0,0,0,0,0
광역발전계정,0,0,0,경상이전수입,광역지역발전특별회계,2014,문화체육관광부,0,0,0,0,0,0,0
제주특별자치도계정,0,0,0,재산수입,광역지역발전특별회계,2014,문화체육관광부,0,0,0,0,0,0,0
제주특별자치도계정,0,0,0,경상이전수입,광역지역발전특별회계,2014,문화체육관광부,0,0,0,0,0,0,0
,1408110,1408110,0,재산수입,관광진흥개발기금,2014,문화체육관광부,197838600,0,28383050,196430490,196430490,0,197838600
,345309610,345309610,0,경상이전수입,관광진흥개발기금,2014,문화체육관광부,1669495990,0,1258094700,1324186380,1324186380,0,1669495990
,1.02915E+12,0,1.02915E+12,융자회수금,관광진흥개발기금,2014,문화체육관광부,0,1.49132E+12,1.22221E+12,4.62168E+11,0,4.62168E+11,1.49132E+12
,2889952204,0,2889952204,예금및예탁금,관광진흥개발기금,2014,문화체육관광부,0,30355900634,67230973804,27465948430,0,27465948430,30355900634
,0,0,0,재산수입,지역신문발전기금,2014,문화체육관광부,0,0,0,0,0,0,0
,0,0,0,경상이전수입,지역신문발전기금,2014,문화체육관광부,0,0,0,0,0,0,0
,249980000,0,249980000,융자회수금,지역신문발전기금,2014,문화체육관광부,0,249980000,1141550000,0,0,0,249980000
,0,0,0,예금및예탁금,지역신문발전기금,2014,문화체육관광부,0,2800882194,7009887863,2800882194,0,2800882194,2800882194
,12473411120,12473411120,0,재산수입,일반회계,2014,보건복지부,15244372890,6956500,16714879460,2777918270,2770961770,6956500,15251329390
,3916707640,3916707640,0,경상이전수입,일반회계,2014,보건복지부,1.26585E+11,237592300,67926459840,1.22906E+11,1.22668E+11,237592300,1.26822E+11
,0,0,0,재화및용역판매수입,일반회계,2014,보건복지부,0,0,8000000,0,0,0,0
,0,0,0,관유물매각대,일반회계,2014,보건복지부,0,0,0,0,0,0,0
,42173592920,42173592920,0,융자회수금,일반회계,2014,보건복지부,42173592920,0,43510697220,0,0,0,42173592920
,19035271630,0,19035271630,기타수입,일반회계,2014,보건복지부,0,19869060630,19035271630,833789000,0,833789000,19869060630
투자계정,3630866000,3630866000,0,경상이전수입,에너지및자원사업특별회계,2014,보건복지부,3630866000,0,4814725820,0,0,0,3630866000
자본계정,0,0,0,관유물매각대,국립재활원,2014,보건복지부,0,0,0,0,0,0,0
손익계정,5119320,5119320,0,재산수입,국립재활원,2014,보건복지부,5119320,0,46259690,0,0,0,5119320
손익계정,4997840,4997840,0,경상이전수입,국립재활원,2014,보건복지부,4997840,0,4997840,0,0,0,4997840
손익계정,8536590,8426830,109760,재화및용역판매수입,국립재활원,2014,보건복지부,8426830,63391300,1040080120,63281540,0,63281540,71818130
손익계정,0,0,0,재산수입,국립목포병원,2014,보건복지부,0,0,1460170,0,0,0,0
손익계정,0,0,0,경상이전수입,국립목포병원,2014,보건복지부,0,0,0,0,0,0,0
손익계정,0,0,0,재화및용역판매수입,국립목포병원,2014,보건복지부,14019060,195711710,243303270,209730770,14019060,195711710,209730770
손익계정,0,0,0,재산수입,국립마산병원,2014,보건복지부,0,10453830,0,10453830,0,10453830,10453830
손익계정,0,0,0,경상이전수입,국립마산병원,2014,보건복지부,0,0,0,0,0,0,0
손익계정,0,0,0,재화및용역판매수입,국립마산병원,2014,보건복지부,841000,914722290,558100570,915563290,841000,914722290,915563290
손익계정,0,0,0,재산수입,국립정신건강센터,2014,보건복지부,0,0,0,0,0,0,0
손익계정,0,0,0,경상이전수입,국립정신건강센터,2014,보건복지부,58000210,0,0,58000210,58000210,0,58000210
손익계정,892690,0,892690,재화및용역판매수입,국립정신건강센터,2014,보건복지부,0,2296338810,1941976900,2295446120,0,2295446120,2296338810
손익계정,0,0,0,관유물매각대,국립정신건강센터,2014,보건복지부,0,0,0,0,0,0,0
손익계정,0,0,0,재산수입,국립나주병원,2014,보건복지부,0,0,0,0,0,0,0
손익계정,0,0,0,경상이전수입,국립나주병원,2014,보건복지부,0,0,0,0,0,0,0
손익계정,0,0,0,재화및용역판매수입,국립나주병원,2014,보건복지부,0,1143954870,1155659490,1143954870,0,1143954870,1143954870
손익계정,0,0,0,재산수입,국립부곡병원,2014,보건복지부,0,0,0,0,0,0,0
손익계정,0,0,0,경상이전수입,국립부곡병원,2014,보건복지부,0,0,0,0,0,0,0
손익계정,0,0,0,재화및용역판매수입,국립부곡병원,2014,보건복지부,2365510,369913500,589953700,372279010,2365510,369913500,372279010
손익계정,0,0,0,관유물매각대,국립부곡병원,2014,보건복지부,0,0,0,0,0,0,0
손익계정,0,0,0,재산수입,국립춘천병원,2014,보건복지부,0,0,0,0,0,0,0
손익계정,0,0,0,경상이전수입,국립춘천병원,2014,보건복지부,0,0,0,0,0,0,0
손익계정,0,0,0,재화및용역판매수입,국립춘천병원,2014,보건복지부,0,887217720,901266160,887217720,0,887217720,887217720
손익계정,0,0,0,재산수입,국립공주병원,2014,보건복지부,0,0,9116240,0,0,0,0
손익계정,0,0,0,경상이전수입,국립공주병원,2014,보건복지부,0,0,0,0,0,0,0
손익계정,0,0,0,재화및용역판매수입,국립공주병원,2014,보건복지부,0,645001160,619896830,645001160,0,645001160,645001160
손익계정,0,0,0,관유물매각대,국립공주병원,2014,보건복지부,0,0,0,0,0,0,0
,6.67267E+12,0,6.67267E+12,융자회수금,국민연금기금,2014,보건복지부,0,6.98481E+12,6.92854E+12,3.12144E+11,0,3.12144E+11,6.98481E+12
,0,0,0,예금및예탁금,국민연금기금,2014,보건복지부,0,2.81564E+12,2.83148E+12,2.81564E+12,0,2.81564E+12,2.81564E+12
국민건강증진계정,748570,748570,0,재산수입,국민건강증진기금,2014,보건복지부,90359830,0,188965980,89611260,89611260,0,90359830
국민건강증진계정,3910063600,3910063600,0,경상이전수입,국민건강증진기금,2014,보건복지부,9371385090,0,9978899540,5461321490,5461321490,0,9371385090
국민건강증진계정,0,0,0,관유물매각대,국민건강증진기금,2014,보건복지부,0,0,0,0,0,0,0
국민건강증진계정,0,0,0,예금및예탁금,국민건강증진기금,2014,보건복지부,0,0,20026325870,0,0,0,0
,19739060,19739060,0,재산수입,응급의료기금,2014,보건복지부,99296540,2022320,77308250,81579800,79557480,2022320,101318860
,129362750,129362750,0,경상이전수입,응급의료기금,2014,보건복지부,1660724490,140698150,2104979170,1672059890,1531361740,140698150,1801422640
,60096000000,0,60096000000,융자회수금,응급의료기금,2014,보건복지부,0,60096000000,63991960000,0,0,0,60096000000
,0,0,0,재산수입,일반회계,2014,여성가족부,5036460,7660,9003350,5044120,5036460,7660,5044120
,4219940,4219940,0,경상이전수입,일반회계,2014,여성가족부,978218720,90380,1034258930,974089160,973998780,90380,978309100
,0,0,0,재화및용역판매수입,일반회계,2014,여성가족부,0,0,0,0,0,0,0
,0,0,0,재산수입,청소년육성기금,2014,여성가족부,2759140,0,1855680,2759140,2759140,0,2759140
,329059190,329059190,0,경상이전수입,청소년육성기금,2014,여성가족부,625549920,0,911827920,296490730,296490730,0,625549920
,0,0,0,재화및용역판매수입,청소년육성기금,2014,여성가족부,0,0,0,0,0,0,0
,0,0,0,융자회수금,청소년육성기금,2014,여성가족부,0,0,555000000,0,0,0,0
,0,0,0,예금및예탁금,청소년육성기금,2014,여성가족부,0,3847934787,12522192768,3847934787,0,3847934787,3847934787
,0,0,0,재산수입,양성평등기금,2014,여성가족부,1009160,0,1555990,1009160,1009160,0,1009160
,0,0,0,경상이전수입,양성평등기금,2014,여성가족부,715218490,0,779773160,715218490,715218490,0,715218490
,344514514,344514514,0,융자회수금,양성평등기금,2014,여성가족부,344514514,0,345064514,0,0,0,344514514
,254615959,0,254615959,예금및예탁금,양성평등기금,2014,여성가족부,0,4889170846,4073118628,4634554887,0,4634554887,4889170846
,6191680,6191680,0,경상이전수입,일반회계,2014,방송통신위원회,10091680,2250000,4816680,6150000,3900000,2250000,12341680
,0,0,0,재화및용역판매수입,일반회계,2014,방송통신위원회,0,0,0,0,0,0,0
,0,0,0,경상이전수입,일반회계,2014,금융위원회,0,0,0,0,0,0,0
,0,0,0,재산수입,농어가목돈마련저축장려기금,2014,금융위원회,0,0,0,0,0,0,0
,0,0,0,경상이전수입,농어가목돈마련저축장려기금,2014,금융위원회,0,0,0,0,0,0,0
,0,0,0,예금및예탁금,농어가목돈마련저축장려기금,2014,금융위원회,0,1430000000,1550000000,1430000000,0,1430000000,1430000000
,0,0,0,재산수입,공적자금상환기금,2014,금융위원회,0,0,0,0,0,0,0
,0,0,0,경상이전수입,공적자금상환기금,2014,금융위원회,0,0,0,0,0,0,0
,0,0,0,예금및예탁금,공적자금상환기금,2014,금융위원회,0,0,400386630,0,0,0,0
,12194000,12194000,0,경상이전수입,일반회계,2014,국민권익위원회,93389050,2100000,53938000,83295050,81195050,2100000,95489050
,0,0,0,경상이전수입,일반회계,2014,원자력안전위원회,0,0,0,0,0,0,0
,0,0,0,재산수입,일반회계,2014,대통령경호실,0,0,43523950,0,0,0,0
,0,0,0,경상이전수입,일반회계,2014,대통령경호실,0,0,186725380,0,0,0,0
,0,0,0,재화및용역판매수입,일반회계,2014,대통령경호실,0,0,0,0,0,0,0
,0,0,0,재산수입,일반회계,2014,미래창조과학부,0,1137180,6679350,1137180,0,1137180,1137180
,3942017500,3941517500,500000,경상이전수입,일반회계,2014,미래창조과학부,4116052890,28072310,4053220020,202107700,174535390,27572310,4144125200
,1719855630,1719855630,0,재화및용역판매수입,일반회계,2014,미래창조과학부,7801551750,250000,1869279320,6081946120,6081696120,250000,7801801750
,0,0,0,관유물매각대,일반회계,2014,미래창조과학부,0,0,0,0,0,0,0
,31154800,0,31154800,기타수입,일반회계,2014,미래창조과학부,0,31154800,112970430,0,0,0,31154800
투자계정,0,0,0,경상이전수입,에너지및자원사업특별회계,2014,미래창조과학부,0,0,0,0,0,0,0
,0,0,0,경상이전수입,우체국보험특별회계,2014,미래창조과학부,0,18100,136600,18100,0,18100,18100
,0,0,0,경상이전수입,혁신도시건설특별회계,2014,미래창조과학부,0,0,0,0,0,0,0
광역발전계정,0,0,0,경상이전수입,광역지역발전특별회계,2014,미래창조과학부,0,0,0,0,0,0,0
자본계정,304431810,304431810,0,관유물매각대,우편사업특별회계,2014,미래창조과학부,952063810,241346850,305703210,888978850,647632000,241346850,1193410660
자본계정,1.35486E+11,0,1.35486E+11,융자회수금,우편사업특별회계,2014,미래창조과학부,0,1.35486E+11,1.35486E+11,0,0,0,1.35486E+11
자본계정,820704000,0,820704000,기타수입,우편사업특별회계,2014,미래창조과학부,0,6797492000,820704000,5976788000,0,5976788000,6797492000
손익계정,491092560,491092560,0,재산수입,우편사업특별회계,2014,미래창조과학부,1260804880,1120247700,1912361000,1889960020,769712320,1120247700,2381052580
손익계정,715119590,715119590,0,경상이전수입,우편사업특별회계,2014,미래창조과학부,1328781100,281799670,1927314680,895461180,613661510,281799670,1610580770
손익계정,0,0,0,기타수입,우편사업특별회계,2014,미래창조과학부,0,1045643400,0,1045643400,0,1045643400,1045643400
자본계정,0,0,0,관유물매각대,우체국예금특별회계,2014,미래창조과학부,0,53400,17000,53400,0,53400,53400
자본계정,89385100,0,89385100,기타수입,우체국예금특별회계,2014,미래창조과학부,0,91960000,89385100,2574900,0,2574900,91960000
손익계정,0,0,0,재산수입,우체국예금특별회계,2014,미래창조과학부,0,0,0,0,0,0,0
손익계정,3727198210,3727198210,0,경상이전수입,우체국예금특별회계,2014,미래창조과학부,3727198210,0,4108845830,0,0,0,3727198210
자본계정,0,0,0,재화및용역판매수입,국립중앙과학관,2014,미래창조과학부,0,0,0,0,0,0,0
손익계정,56013280,56013280,0,재산수입,국립중앙과학관,2014,미래창조과학부,56013280,74174700,59947620,74174700,0,74174700,130187980
손익계정,226645900,226645900,0,경상이전수입,국립중앙과학관,2014,미래창조과학부,226645900,0,229431530,0,0,0,226645900
손익계정,9853030,9853030,0,재화및용역판매수입,국립중앙과학관,2014,미래창조과학부,9853030,0,20383830,0,0,0,9853030
손익계정,0,0,0,재산수입,국립과천과학관,2014,미래창조과학부,0,54177050,102954270,54177050,0,54177050,54177050
손익계정,1050880,1050880,0,경상이전수입,국립과천과학관,2014,미래창조과학부,2302330,0,2807100,1251450,1251450,0,2302330
손익계정,41709410,41709410,0,재화및용역판매수입,국립과천과학관,2014,미래창조과학부,52204370,0,58946430,10494960,10494960,0,52204370
,1058883910,1058826880,57030,재산수입,일반회계,2014,교육부,1176908060,57112000,1362364120,175136150,118081180,57054970,1234020060
,452182240,450386400,1795840,경상이전수입,일반회계,2014,교육부,663353990,6420420,848207550,217592170,212967590,4624580,669774410
,40000,40000,0,재화및용역판매수입,일반회계,2014,교육부,4831930,0,304900,4791930,4791930,0,4831930
,0,0,0,관유물매각대,일반회계,2014,교육부,0,0,0,0,0,0,0
,7.80178E+11,0,7.80178E+11,융자회수금,일반회계,2014,교육부,0,8.44028E+11,7.80122E+11,63850624066,0,63850624066,8.44028E+11
,80042880,0,80042880,기타수입,일반회계,2014,교육부,0,80042880,2662880,0,0,0,80042880
광역발전계정,0,0,0,재산수입,광역지역발전특별회계,2014,교육부,0,0,0,0,0,0,0
광역발전계정,290023610,290023610,0,경상이전수입,광역지역발전특별회계,2014,교육부,290023610,0,3151023610,0,0,0,290023610
,0,0,0,재산수입,일반회계,2014,외교부,0,0,0,0,0,0,0
,0,0,0,경상이전수입,일반회계,2014,외교부,0,0,0,0,0,0,0
,0,0,0,재화및용역판매수입,일반회계,2014,외교부,0,0,0,0,0,0,0
,4011066363,945860940,3065205423,기타수입,일반회계,2014,외교부,1084023400,4331879743,5168587838,1404836780,138162460,1266674320,5415903143
,0,0,0,재산수입,일반회계,2014,안전행정부,0,0,55397690,0,0,0,0
,0,0,0,경상이전수입,일반회계,2014,안전행정부,0,0,4139771010,0,0,0,0
,0,0,0,재화및용역판매수입,일반회계,2014,안전행정부,0,0,393439170,0,0,0,0
,0,0,0,융자회수금,일반회계,2014,안전행정부,0,0,1.18003E+12,0,0,0,0
,0,0,0,기타수입,일반회계,2014,안전행정부,0,0,1765265000,0,0,0,0
,0,0,0,재산수입,혁신도시건설특별회계,2014,안전행정부,0,0,4258000,0,0,0,0
광역발전계정,0,0,0,재산수입,광역지역발전특별회계,2014,안전행정부,0,0,0,0,0,0,0
광역발전계정,0,0,0,경상이전수입,광역지역발전특별회계,2014,안전행정부,0,0,0,0,0,0,0
,240202610,239454010,748600,재산수입,일반회계,2014,농림축산식품부,247237110,748600,277990790,7783100,7783100,0,247985710
,1459899410,1454959380,4940030,경상이전수입,일반회계,2014,농림축산식품부,2340930580,10987310,1593273120,892018480,885971200,6047280,2351917890
,4000990,4000990,0,재화및용역판매수입,일반회계,2014,농림축산식품부,4000990,127470,5742700,127470,0,127470,4128460
,0,0,0,관유물매각대,일반회계,2014,농림축산식품부,0,0,0,0,0,0,0
,415945000,0,415945000,기타수입,일반회계,2014,농림축산식품부,0,433945000,415945000,18000000,0,18000000,433945000
구조개선사업계정,3096650,3096650,0,재산수입,농어촌구조개선특별회계,2014,농림축산식품부,11157110,26000,4168660,8086460,8060460,26000,11183110
구조개선사업계정,898964900,898964900,0,경상이전수입,농어촌구조개선특별회계,2014,농림축산식품부,1866582200,195396950,1180852730,1163014250,967617300,195396950,2061979150
구조개선사업계정,0,0,0,재화및용역판매수입,농어촌구조개선특별회계,2014,농림축산식품부,0,0,0,0,0,0,0
구조개선사업계정,0,0,0,관유물매각대,농어촌구조개선특별회계,2014,농림축산식품부,0,0,0,0,0,0,0
구조개선사업계정,8.06087E+11,0,8.06087E+11,융자회수금,농어촌구조개선특별회계,2014,농림축산식품부,0,8.29161E+11,9.98304E+11,23073763000,0,23073763000,8.29161E+11
농어촌특별세사업계정,0,0,0,재산수입,농어촌구조개선특별회계,2014,농림축산식품부,0,0,0,0,0,0,0
농어촌특별세사업계정,236590690,236590690,0,경상이전수입,농어촌구조개선특별회계,2014,농림축산식품부,428817190,56080160,416285980,248306660,192226500,56080160,484897350
농어촌특별세사업계정,0,0,0,재화및용역판매수입,농어촌구조개선특별회계,2014,농림축산식품부,0,0,0,0,0,0,0
농어촌특별세사업계정,61420132770,0,61420132770,융자회수금,농어촌구조개선특별회계,2014,농림축산식품부,0,61420132770,84763984130,0,0,0,61420132770
투자계정,0,0,0,경상이전수입,에너지및자원사업특별회계,2014,농림축산식품부,0,1051166210,0,1051166210,0,1051166210,1051166210
융자계정,0,0,0,재산수입,에너지및자원사업특별회계,2014,농림축산식품부,0,0,0,0,0,0,0
융자계정,16481962760,0,16481962760,융자회수금,에너지및자원사업특별회계,2014,농림축산식품부,0,33443962760,41468760920,16962000000,0,16962000000,33443962760
,0,0,0,재산수입,혁신도시건설특별회계,2014,농림축산식품부,0,0,1687630,0,0,0,0
,0,0,0,경상이전수입,혁신도시건설특별회계,2014,농림축산식품부,0,0,0,0,0,0,0
,16452004360,9776512810,6675491550,관유물매각대,혁신도시건설특별회계,2014,농림축산식품부,9776512810,42976240500,63178397340,36300748950,0,36300748950,52752753310
지역개발계정,447217770,447217770,0,경상이전수입,광역지역발전특별회계,2014,농림축산식품부,473799770,30273750,457333240,56855750,26582000,30273750,504073520
광역발전계정,0,0,0,재산수입,광역지역발전특별회계,2014,농림축산식품부,0,0,0,0,0,0,0
광역발전계정,0,0,0,경상이전수입,광역지역발전특별회계,2014,농림축산식품부,4330000,158325400,0,162655400,4330000,158325400,162655400
손익계정,0,0,0,경상이전수입,양곡관리특별회계,2014,농림축산식품부,0,0,0,0,0,0,0
손익계정,0,0,0,재화및용역판매수입,양곡관리특별회계,2014,농림축산식품부,0,0,9570120,0,0,0,0
손익계정,123643750,123643750,0,관유물매각대,양곡관리특별회계,2014,농림축산식품부,7071557750,289049220,3466740940,7236963220,6947914000,289049220,7360606970
,0,0,0,예금및예탁금,양곡증권정리기금,2014,농림축산식품부,0,0,706978960,0,0,0,0
,0,0,0,재산수입,농산물가격안정기금,2014,농림축산식품부,55176720,0,0,55176720,55176720,0,55176720
,478373000,478373000,0,경상이전수입,농산물가격안정기금,2014,농림축산식품부,490916700,0,478373000,12543700,12543700,0,490916700
,0,0,0,재화및용역판매수입,농산물가격안정기금,2014,농림축산식품부,0,0,0,0,0,0,0
,0,0,0,관유물매각대,농산물가격안정기금,2014,농림축산식품부,0,0,0,0,0,0,0
,1.85628E+12,0,1.85628E+12,융자회수금,농산물가격안정기금,2014,농림축산식품부,0,2.98398E+12,3.41038E+12,1.1277E+12,0,1.1277E+12,2.98398E+12
,76929449684,0,76929449684,예금및예탁금,농산물가격안정기금,2014,농림축산식품부,0,3.07794E+11,1.58063E+11,2.30865E+11,0,2.30865E+11,3.07794E+11
,5403057355,5403057355,0,재산수입,농지관리기금,2014,농림축산식품부,5725712828,18796757164,13840787408,19119412637,322655473,18796757164,24522469992
,2.88244E+11,2.27434E+11,60810432150,경상이전수입,농지관리기금,2014,농림축산식품부,2.86535E+11,3.61671E+11,5.83838E+11,3.59961E+11,59100492400,3.00861E+11,6.48206E+11
,8324437427,8324437427,0,관유물매각대,농지관리기금,2014,농림축산식품부,8324437427,22548941549,57454627386,22548941549,0,22548941549,30873378976
,3.56956E+12,0,3.56956E+12,융자회수금,농지관리기금,2014,농림축산식품부,0,4.15007E+12,3.88137E+12,5.80507E+11,0,5.80507E+11,4.15007E+12
,0,0,0,예금및예탁금,농지관리기금,2014,농림축산식품부,0,1.99125E+11,2.93553E+11,1.99125E+11,0,1.99125E+11,1.99125E+11
,0,0,0,재산수입,축산발전기금,2014,농림축산식품부,0,0,0,0,0,0,0
,0,0,0,경상이전수입,축산발전기금,2014,농림축산식품부,0,1585720,6611510,1585720,0,1585720,1585720
,0,0,0,관유물매각대,축산발전기금,2014,농림축산식품부,0,0,0,0,0,0,0
,1.07124E+12,0,1.07124E+12,융자회수금,축산발전기금,2014,농림축산식품부,0,1.70537E+12,1.50158E+12,6.3413E+11,0,6.3413E+11,1.70537E+12
,0,0,0,예금및예탁금,축산발전기금,2014,농림축산식품부,0,9637374281,41079363138,9637374281,0,9637374281,9637374281
,0,0,0,재산수입,농업소득보전직접지불기금,2014,농림축산식품부,0,0,0,0,0,0,0
,0,0,0,경상이전수입,농업소득보전직접지불기금,2014,농림축산식품부,0,0,0,0,0,0,0
,0,0,0,예금및예탁금,농업소득보전직접지불기금,2014,농림축산식품부,0,92357680,873120525,92357680,0,92357680,92357680
,0,0,0,재산수입,자유무역협정이행지원기금,2014,농림축산식품부,0,0,0,0,0,0,0
,0,0,0,경상이전수입,자유무역협정이행지원기금,2014,농림축산식품부,0,0,0,0,0,0,0
,6.11467E+11,0,6.11467E+11,융자회수금,자유무역협정이행지원기금,2014,농림축산식품부,0,7.89043E+11,8.90663E+11,1.77576E+11,0,1.77576E+11,7.89043E+11
,0,0,0,예금및예탁금,자유무역협정이행지원기금,2014,농림축산식품부,0,57443239771,22997710363,57443239771,0,57443239771,57443239771
,0,0,0,재산수입,농어업재해재보험기금,2014,농림축산식품부,0,0,0,0,0,0,0
,0,0,0,경상이전수입,농어업재해재보험기금,2014,농림축산식품부,0,51240570,0,51240570,0,51240570,51240570
,0,0,0,재화및용역판매수입,농어업재해재보험기금,2014,농림축산식품부,0,0,0,0,0,0,0
,0,0,0,예금및예탁금,농어업재해재보험기금,2014,농림축산식품부,0,76639131625,48874358043,76639131625,0,76639131625,76639131625
,105597950,105597950,0,재산수입,일반회계,2014,산업통상자원부,362932450,17227840,7988376450,274562340,257334500,17227840,380160290
,557714590,557714590,0,경상이전수입,일반회계,2014,산업통상자원부,628913720,0,3607465570,71199130,71199130,0,628913720
,31691500,31691500,0,재화및용역판매수입,일반회계,2014,산업통상자원부,41750980,0,45230380,10059480,10059480,0,41750980
,845406010,845406010,0,관유물매각대,일반회계,2014,산업통상자원부,845406010,0,845406010,0,0,0,845406010
,10000000,0,10000000,기타수입,일반회계,2014,산업통상자원부,0,14400000,10000000,4400000,0,4400000,14400000
투자계정,57010,57010,0,재산수입,에너지및자원사업특별회계,2014,산업통상자원부,14281100,0,3777030,14224090,14224090,0,14281100
투자계정,2603975310,2603975310,0,경상이전수입,에너지및자원사업특별회계,2014,산업통상자원부,4150699110,500000000,3923214420,2046723800,1546723800,500000000,4650699110
융자계정,0,0,0,재산수입,에너지및자원사업특별회계,2014,산업통상자원부,0,0,0,0,0,0,0
융자계정,5.92093E+12,0,5.92093E+12,융자회수금,에너지및자원사업특별회계,2014,산업통상자원부,0,6.49752E+12,7.0683E+12,5.76596E+11,0,5.76596E+11,6.49752E+12
,0,0,0,재산수입,혁신도시건설특별회계,2014,산업통상자원부,0,0,0,0,0,0,0
,0,0,0,경상이전수입,혁신도시건설특별회계,2014,산업통상자원부,0,0,0,0,0,0,0
,0,0,0,관유물매각대,혁신도시건설특별회계,2014,산업통상자원부,0,0,0,0,0,0,0
지역개발계정,0,0,0,재산수입,광역지역발전특별회계,2014,산업통상자원부,0,0,0,0,0,0,0
지역개발계정,0,0,0,경상이전수입,광역지역발전특별회계,2014,산업통상자원부,0,0,0,0,0,0,0
광역발전계정,0,0,0,재산수입,광역지역발전특별회계,2014,산업통상자원부,0,266114070,139960840,266114070,0,266114070,266114070
광역발전계정,0,0,0,경상이전수입,광역지역발전특별회계,2014,산업통상자원부,0,8055077600,99880760,8055077600,0,8055077600,8055077600
,659792230,659792230,0,경상이전수입,전력산업기반기금,2014,산업통상자원부,3713569650,3.57374E+11,3.53159E+11,3.60428E+11,3053777420,3.57374E+11,3.61088E+11
,3.4148E+11,0,3.4148E+11,융자회수금,전력산업기반기금,2014,산업통상자원부,0,4.69618E+11,4.47747E+11,1.28138E+11,0,1.28138E+11,4.69618E+11
,0,0,0,예금및예탁금,전력산업기반기금,2014,산업통상자원부,0,8.97677E+11,5.97982E+11,8.97677E+11,0,8.97677E+11,8.97677E+11
,0,0,0,재산수입,방사성폐기물관리기금,2014,산업통상자원부,0,0,0,0,0,0,0
,0,0,0,경상이전수입,방사성폐기물관리기금,2014,산업통상자원부,0,0,4.52907E+12,0,0,0,0
,0,0,0,재화및용역판매수입,방사성폐기물관리기금,2014,산업통상자원부,0,0,0,0,0,0,0
,0,0,0,예금및예탁금,방사성폐기물관리기금,2014,산업통상자원부,0,11362104231,98252807624,11362104231,0,11362104231,11362104231
,854462770,854438980,23790,재산수입,일반회계,2014,국토교통부,1418916780,1991200,888767800,566445210,564477800,1967410,1420907980
,1746557200,1746208700,348500,경상이전수입,일반회계,2014,국토교통부,10664493730,1418020,10163389630,8919354550,8918285030,1069520,10665911750
,19596160,19596160,0,재화및용역판매수입,일반회계,2014,국토교통부,76909180,19205390,710597510,76518410,57313020,19205390,96114570
,0,0,0,관유물매각대,일반회계,2014,국토교통부,0,0,0,0,0,0,0
,212400610,0,212400610,기타수입,일반회계,2014,국토교통부,0,302400610,212400610,90000000,0,90000000,302400610
도로계정,10012236760,9974412080,37824680,재산수입,교통시설특별회계,2014,국토교통부,11928211220,119002930,11587980070,2034977390,1953799140,81178250,12047214150
도로계정,3134819480,3122720480,12099000,경상이전수입,교통시설특별회계,2014,국토교통부,5540967490,177781410,3690326390,2583929420,2418247010,165682410,5718748900
도로계정,188435410,188435410,0,재화및용역판매수입,교통시설특별회계,2014,국토교통부,208057070,50000000,190102080,69621660,19621660,50000000,258057070
도로계정,0,0,0,관유물매각대,교통시설특별회계,2014,국토교통부,156795030,0,0,156795030,156795030,0,156795030
철도계정,3325600760,3271852370,53748390,재산수입,교통시설특별회계,2014,국토교통부,3271852370,53748390,4396538030,0,0,0,3325600760
철도계정,6533690160,6533690160,0,경상이전수입,교통시설특별회계,2014,국토교통부,6559922550,0,6633034940,26232390,26232390,0,6559922550
철도계정,0,0,0,재화및용역판매수입,교통시설특별회계,2014,국토교통부,0,0,0,0,0,0,0
철도계정,2347238700,1032000000,1315238700,관유물매각대,교통시설특별회계,2014,국토교통부,1032000000,1628438700,17457742600,313200000,0,313200000,2660438700
철도계정,65439000000,0,65439000000,융자회수금,교통시설특별회계,2014,국토교통부,0,65439000000,65439000000,0,0,0,65439000000
공항계정,1785510,1785510,0,재산수입,교통시설특별회계,2014,국토교통부,8055410,0,12666760,6269900,6269900,0,8055410
공항계정,63049580,63049580,0,경상이전수입,교통시설특별회계,2014,국토교통부,63150640,0,86834860,101060,101060,0,63150640
공항계정,0,0,0,재화및용역판매수입,교통시설특별회계,2014,국토교통부,41830000,1738620,0,43568620,41830000,1738620,43568620
공항계정,0,0,0,관유물매각대,교통시설특별회계,2014,국토교통부,0,0,0,0,0,0,0
교통체계관리계정,4086220,4086220,0,재산수입,교통시설특별회계,2014,국토교통부,5703180,0,4086220,1616960,1616960,0,5703180
교통체계관리계정,0,0,0,경상이전수입,교통시설특별회계,2014,국토교통부,216735730,0,396800000,216735730,216735730,0,216735730
교통체계관리계정,10999600000,0,10999600000,융자회수금,교통시설특별회계,2014,국토교통부,0,10999600000,29665600000,0,0,0,10999600000
,0,0,0,재산수입,혁신도시건설특별회계,2014,국토교통부,0,0,0,0,0,0,0
지역개발계정,11121680,9429680,1692000,재산수입,광역지역발전특별회계,2014,국토교통부,9429680,2952390,13029680,1260390,0,1260390,12382070
지역개발계정,4.88868E+11,2.82094E+11,2.06774E+11,경상이전수입,광역지역발전특별회계,2014,국토교통부,3.26207E+11,3.64804E+11,6.6711E+11,2.02143E+11,44112699930,1.5803E+11,6.91011E+11
지역개발계정,12078270,10276630,1801640,재화및용역판매수입,광역지역발전특별회계,2014,국토교통부,10276630,1801640,151011330,0,0,0,12078270
지역개발계정,0,0,0,기타수입,광역지역발전특별회계,2014,국토교통부,0,312469690,0,312469690,0,312469690,312469690
광역발전계정,128622440,128622440,0,재산수입,광역지역발전특별회계,2014,국토교통부,128622440,487000,134555020,487000,0,487000,129109440
광역발전계정,1.74931E+11,1.53659E+11,21271595000,경상이전수입,광역지역발전특별회계,2014,국토교통부,1.91424E+11,42189577220,2.15052E+11,58683203490,37765221270,20917982220,2.33614E+11
광역발전계정,2983090,2983090,0,재화및용역판매수입,광역지역발전특별회계,2014,국토교통부,2983090,0,268759910,0,0,0,2983090
광역발전계정,471915470,471915470,0,관유물매각대,광역지역발전특별회계,2014,국토교통부,527462670,0,471915470,55547200,55547200,0,527462670
광역발전계정,0,0,0,융자회수금,광역지역발전특별회계,2014,국토교통부,0,0,250000000,0,0,0,0
광역발전계정,0,0,0,예금및예탁금,광역지역발전특별회계,2014,국토교통부,290497680,0,0,290497680,290497680,0,290497680
,37653049,0,37653049,재화및용역판매수입,주택도시기금,2014,국토교통부,0,7044508777,6492289233,7006855728,0,7006855728,7044508777
,6.84599E+13,1.47353E+11,6.83125E+13,융자회수금,주택도시기금,2014,국토교통부,1.51066E+11,8.3477E+13,8.12125E+13,1.51682E+13,3713161499,1.51645E+13,8.3628E+13
,0,0,0,예금및예탁금,주택도시기금,2014,국토교통부,0,6.58361E+11,2.91673E+12,6.58361E+11,0,6.58361E+11,6.58361E+11
,213169770,213169770,0,재산수입,일반회계,2014,해양수산부,307322050,172913520,478870990,267065800,94152280,172913520,480235570
,3584259160,3584259160,0,경상이전수입,일반회계,2014,해양수산부,4091648300,22255530,3731630740,529644670,507389140,22255530,4113903830
,30135870,30135870,0,재화및용역판매수입,일반회계,2014,해양수산부,80513390,108898220,373816820,159275740,50377520,108898220,189411610
,0,0,0,관유물매각대,일반회계,2014,해양수산부,0,0,0,0,0,0,0
,3.846E+11,0,3.846E+11,기타수입,일반회계,2014,해양수산부,0,3.84601E+11,3.84688E+11,1060000,0,1060000,3.84601E+11
구조개선사업계정,3144130,3144130,0,재산수입,농어촌구조개선특별회계,2014,해양수산부,3144130,226400,3144130,226400,0,226400,3370530
구조개선사업계정,1002920950,1002920950,0,경상이전수입,농어촌구조개선특별회계,2014,해양수산부,1674523950,133068810,869640300,804671810,671603000,133068810,1807592760
구조개선사업계정,0,0,0,재화및용역판매수입,농어촌구조개선특별회계,2014,해양수산부,0,0,0,0,0,0,0
구조개선사업계정,1.12563E+11,0,1.12563E+11,융자회수금,농어촌구조개선특별회계,2014,해양수산부,0,1.12677E+11,1.36913E+11,113400000,0,113400000,1.12677E+11
구조개선사업계정,2190000,0,2190000,기타수입,농어촌구조개선특별회계,2014,해양수산부,0,2190000,2190000,0,0,0,2190000
농어촌특별세사업계정,0,0,0,재산수입,농어촌구조개선특별회계,2014,해양수산부,0,0,0,0,0,0,0
농어촌특별세사업계정,368000,368000,0,경상이전수입,농어촌구조개선특별회계,2014,해양수산부,368000,2963500,368000,2963500,0,2963500,3331500
농어촌특별세사업계정,0,0,0,재화및용역판매수입,농어촌구조개선특별회계,2014,해양수산부,0,0,0,0,0,0,0
농어촌특별세사업계정,1149657970,0,1149657970,융자회수금,농어촌구조개선특별회계,2014,해양수산부,0,1149657970,1475900040,0,0,0,1149657970
항만계정,681952910,681565820,387090,재산수입,교통시설특별회계,2014,해양수산부,694090310,131866690,726285950,144004090,12524490,131479600,825957000
항만계정,11542466860,11542466720,140,경상이전수입,교통시설특별회계,2014,해양수산부,13150842540,32930180,12308587510,1641305860,1608375820,32930040,13183772720
항만계정,5397924820,5397924820,0,재화및용역판매수입,교통시설특별회계,2014,해양수산부,7865926600,3945918650,16936236180,6413920430,2468001780,3945918650,11811845250
항만계정,26429600,0,26429600,관유물매각대,교통시설특별회계,2014,해양수산부,0,26429600,59709600,0,0,0,26429600
투자계정,534110,534110,0,재산수입,에너지및자원사업특별회계,2014,해양수산부,534110,0,534110,0,0,0,534110
투자계정,0,0,0,경상이전수입,에너지및자원사업특별회계,2014,해양수산부,0,0,0,0,0,0,0
,0,0,0,재산수입,혁신도시건설특별회계,2014,해양수산부,0,0,0,0,0,0,0
,0,0,0,경상이전수입,혁신도시건설특별회계,2014,해양수산부,0,0,0,0,0,0,0
지역개발계정,0,0,0,재산수입,광역지역발전특별회계,2014,해양수산부,0,0,0,0,0,0,0
지역개발계정,0,0,0,경상이전수입,광역지역발전특별회계,2014,해양수산부,0,0,0,0,0,0,0
광역발전계정,0,0,0,재산수입,광역지역발전특별회계,2014,해양수산부,0,0,0,0,0,0,0
광역발전계정,0,0,0,경상이전수입,광역지역발전특별회계,2014,해양수산부,0,0,0,0,0,0,0
제주특별자치도계정,5232500,5232500,0,경상이전수입,광역지역발전특별회계,2014,해양수산부,5232500,0,5232500,0,0,0,5232500
자본계정,0,0,0,경상이전수입,대산지방해양수산청,2014,해양수산부,0,0,0,0,0,0,0
손익계정,31118790,31118790,0,재산수입,대산지방해양수산청,2014,해양수산부,31118790,0,35413700,0,0,0,31118790
손익계정,51831140,51831140,0,경상이전수입,대산지방해양수산청,2014,해양수산부,52689570,797060,51842000,1655490,858430,797060,53486630
손익계정,31584690,31584690,0,재화및용역판매수입,대산지방해양수산청,2014,해양수산부,35793850,550953920,667214240,555163080,4209160,550953920,586747770
,0,0,0,재산수입,수산발전기금,2014,해양수산부,464000,1525000,87830,1989000,464000,1525000,1989000
,4682794670,4682794670,0,경상이전수입,수산발전기금,2014,해양수산부,5115619370,1597553460,7520851970,2030378160,432824700,1597553460,6713172830
,0,0,0,재화및용역판매수입,수산발전기금,2014,해양수산부,0,0,0,0,0,0,0
,0,0,0,관유물매각대,수산발전기금,2014,해양수산부,0,0,0,0,0,0,0
,3.78907E+11,2000000000,3.76907E+11,융자회수금,수산발전기금,2014,해양수산부,2000000000,7.63048E+11,8.46126E+11,3.86141E+11,0,3.86141E+11,7.65048E+11
,0,0,0,예금및예탁금,수산발전기금,2014,해양수산부,0,77435011417,82616800314,77435011417,0,77435011417,77435011417
,0,0,0,재산수입,일반회계,2014,식품의약품안전처,1287450,38240,934060,1325690,1287450,38240,1325690
,17479640,17479640,0,경상이전수입,일반회계,2014,식품의약품안전처,276613350,0,135276650,259133710,259133710,0,276613350
,6089900,6089900,0,재화및용역판매수입,일반회계,2014,식품의약품안전처,6089900,4206930,20781150,4206930,0,4206930,10296830
,0,0,0,관유물매각대,일반회계,2014,식품의약품안전처,0,0,0,0,0,0,0
,0,0,0,기타수입,일반회계,2014,식품의약품안전처,0,3330670,0,3330670,0,3330670,3330670
구조개선사업계정,0,0,0,재산수입,농어촌구조개선특별회계,2014,식품의약품안전처,0,0,33660,0,0,0,0
구조개선사업계정,0,0,0,경상이전수입,농어촌구조개선특별회계,2014,식품의약품안전처,1472230,0,0,1472230,1472230,0,1472230
,0,0,0,재산수입,일반회계,2014,대통령비서실 및 국가안보실,0,0,0,0,0,0,0
,0,0,0,경상이전수입,일반회계,2014,대통령비서실 및 국가안보실,0,119196540,1728440,119196540,0,119196540,119196540
,0,0,0,재화및용역판매수입,일반회계,2014,대통령비서실 및 국가안보실,0,0,0,0,0,0,0
,0,0,0,재산수입,일반회계,2014,새만금개발청,0,0,0,0,0,0,0
,0,0,0,경상이전수입,일반회계,2014,새만금개발청,0,0,0,0,0,0,0
,2171240,2171240,0,재산수입,일반회계,2014,행정자치부,41606020,99836870,0,139271650,39434780,99836870,141442890
,219672410,218429850,1242560,경상이전수입,일반회계,2014,행정자치부,2939985260,37416130,0,2757728980,2721555410,36173570,2977401390
,385898360,385898360,0,재화및용역판매수입,일반회계,2014,행정자치부,390080780,18931450,0,23113870,4182420,18931450,409012230
,1416875910,1253663000,163212910,기타수입,일반회계,2014,행정자치부,1253663000,163212910,0,0,0,0,1416875910
,0,0,0,재산수입,혁신도시건설특별회계,2014,행정자치부,0,0,0,0,0,0,0
,0,0,0,관유물매각대,혁신도시건설특별회계,2014,행정자치부,0,0,0,0,0,0,0
,0,0,0,재산수입,일반회계,2014,국민안전처,31895750,2105940,0,34001690,31895750,2105940,34001690
,16579695570,16579695570,0,경상이전수입,일반회계,2014,국민안전처,18524565710,29549730,0,1974419870,1944870140,29549730,18554115440
,0,0,0,재화및용역판매수입,일반회계,2014,국민안전처,934920,11443000,0,12377920,934920,11443000,12377920
,0,0,0,관유물매각대,일반회계,2014,국민안전처,0,0,0,0,0,0,0
,0,0,0,재산수입,일반회계,2014,인사혁신처,376050,0,0,376050,376050,0,376050
,97756560,97756560,0,경상이전수입,일반회계,2014,인사혁신처,241404560,0,0,143648000,143648000,0,241404560
,0,0,0,재화및용역판매수입,일반회계,2014,인사혁신처,0,0,0,0,0,0,0
,1.17994E+12,0,1.17994E+12,융자회수금,일반회계,2014,인사혁신처,0,1.17994E+12,0,0,0,0,1.17994E+12
,0,0,0,재산수입,과학기술진흥기금,2014,과학기술정보통신부,0,0,0,0,0,0,0
,0,0,0,재화및용역판매수입,과학기술진흥기금,2014,과학기술정보통신부,0,0,0,0,0,0,0
,33150000000,0,33150000000,융자회수금,과학기술진흥기금,2014,과학기술정보통신부,0,33150000000,37300000000,0,0,0,33150000000
,0,0,0,예금및예탁금,과학기술진흥기금,2014,과학기술정보통신부,0,9983827699,16456369283,9983827699,0,9983827699,9983827699
,0,0,0,재산수입,정보통신진흥기금,2014,과학기술정보통신부,0,0,0,0,0,0,0
,297379000,297379000,0,경상이전수입,정보통신진흥기금,2014,과학기술정보통신부,301393610,0,297379000,4014610,4014610,0,301393610
,81203265160,0,81203265160,융자회수금,정보통신진흥기금,2014,과학기술정보통신부,0,1.38203E+11,1.32649E+11,57000000000,0,57000000000,1.38203E+11
,0,0,0,예금및예탁금,정보통신진흥기금,2014,과학기술정보통신부,0,2.23853E+11,68008551752,2.23853E+11,0,2.23853E+11,2.23853E+11
,0,0,0,재산수입,원자력기금,2014,과학기술정보통신부,0,0,0,0,0,0,0
,0,0,0,경상이전수입,원자력기금,2014,과학기술정보통신부,0,0,0,0,0,0,0
,0,0,0,예금및예탁금,원자력기금,2014,과학기술정보통신부,0,999105572,7075784274,999105572,0,999105572,999105572
,0,0,0,재산수입,방송통신발전기금,2014,과학기술정보통신부,0,0,0,0,0,0,0
,18850830,18850830,0,경상이전수입,방송통신발전기금,2014,과학기술정보통신부,18850830,0,7720182460,0,0,0,18850830
,84040380150,0,84040380150,융자회수금,방송통신발전기금,2014,과학기술정보통신부,0,84040380150,1.1269E+11,0,0,0,84040380150
,5226587023,0,5226587023,기타수입,방송통신발전기금,2014,과학기술정보통신부,0,5693206623,5226587023,466619600,0,466619600,5693206623
,0,0,0,예금및예탁금,방송통신발전기금,2014,과학기술정보통신부,0,1.41642E+11,3.9433E+11,1.41642E+11,0,1.41642E+11,1.41642E+11
,0,0,0,재산수입,일반회계,2015,감사원,0,0,0,0,0,0,0
,312965650,312965650,0,경상이전수입,일반회계,2015,감사원,312965650,21232800,312965650,21232800,0,21232800,334198450
,0,0,0,재화및용역판매수입,일반회계,2015,감사원,0,0,0,0,0,0,0
,368438910,82200000,286238910,기타수입,일반회계,2015,감사원,82200000,338754410,368438910,52515500,0,52515500,420954410
,0,0,0,재산수입,일반회계,2015,국회,4349250,0,16176070,4349250,4349250,0,4349250
,170245260,170245260,0,경상이전수입,일반회계,2015,국회,220372390,0,187335020,50127130,50127130,0,220372390
,0,0,0,재화및용역판매수입,일반회계,2015,국회,1515000,0,0,1515000,1515000,0,1515000
,0,0,0,관유물매각대,일반회계,2015,국회,0,0,0,0,0,0,0
,32406160,0,32406160,기타수입,일반회계,2015,국회,0,141060910,106798330,108654750,0,108654750,141060910
,676072360,676072360,0,재산수입,일반회계,2015,대법원,676072360,0,676162360,0,0,0,676072360
,863615430,863615430,0,경상이전수입,일반회계,2015,대법원,1019649230,15580020,868601820,171613820,156033800,15580020,1035229250
,0,0,0,재화및용역판매수입,일반회계,2015,대법원,0,0,55500,0,0,0,0
,0,0,0,관유물매각대,일반회계,2015,대법원,0,0,0,0,0,0,0
,386749480,378984220,7765260,기타수입,일반회계,2015,대법원,378984220,7765260,391299460,0,0,0,386749480
,0,0,0,재산수입,등기특별회계,2015,대법원,0,0,0,0,0,0,0
,0,0,0,경상이전수입,등기특별회계,2015,대법원,0,0,0,0,0,0,0
,0,0,0,재화및용역판매수입,등기특별회계,2015,대법원,0,0,0,0,0,0,0
,0,0,0,관유물매각대,등기특별회계,2015,대법원,0,0,281250,0,0,0,0
,207637500,207637500,0,기타수입,등기특별회계,2015,대법원,207637500,0,207637500,0,0,0,207637500
,0,0,0,재산수입,일반회계,2015,헌법재판소,0,0,0,0,0,0,0
,0,0,0,경상이전수입,일반회계,2015,헌법재판소,0,0,0,0,0,0,0
,0,0,0,재화및용역판매수입,일반회계,2015,헌법재판소,0,0,0,0,0,0,0
,160960000,0,160960000,기타수입,일반회계,2015,헌법재판소,0,160960000,160960000,0,0,0,160960000
,0,0,0,재산수입,일반회계,2015,중앙선거관리위원회,0,0,0,0,0,0,0
,0,0,0,경상이전수입,일반회계,2015,중앙선거관리위원회,0,0,0,0,0,0,0
,0,0,0,재화및용역판매수입,일반회계,2015,중앙선거관리위원회,0,0,0,0,0,0,0
,0,0,0,관유물매각대,일반회계,2015,중앙선거관리위원회,0,0,0,0,0,0,0
,1946720000,1726000000,220720000,기타수입,일반회계,2015,중앙선거관리위원회,2044000000,308720000,1711720000,406000000,318000000,88000000,2352720000
,0,0,0,재산수입,일반회계,2015,국무조정실 및 국무총리비서실,0,0,0,0,0,0,0
,0,0,0,경상이전수입,일반회계,2015,국무조정실 및 국무총리비서실,0,0,0,0,0,0,0
,767394260,765166410,2227850,재산수입,일반회계,2015,법무부,765171080,2803960,771357790,580780,4670,576110,767975040
,3401374080,3400678080,696000,경상이전수입,일반회계,2015,법무부,3682005860,36006220,3410518450,316638000,281327780,35310220,3718012080
,0,0,0,재화및용역판매수입,일반회계,2015,법무부,0,0,22419680,0,0,0,0
,11415600,0,11415600,관유물매각대,일반회계,2015,법무부,0,11415600,14140800,0,0,0,11415600
,32915000,0,32915000,기타수입,일반회계,2015,법무부,0,373221830,566905000,340306830,0,340306830,373221830
,0,0,0,재산수입,교도작업특별회계,2015,법무부,0,0,31880,0,0,0,0
,0,0,0,경상이전수입,교도작업특별회계,2015,법무부,0,0,0,0,0,0,0
,848440,848440,0,재화및용역판매수입,교도작업특별회계,2015,법무부,28594240,0,215175290,27745800,27745800,0,28594240
,0,0,0,관유물매각대,교도작업특별회계,2015,법무부,0,0,0,0,0,0,0
,0,0,0,관유물매각대,혁신도시건설특별회계,2015,법무부,0,0,0,0,0,0,0
,0,0,0,재산수입,범죄피해자보호기금,2015,법무부,111000,0,1003760,111000,111000,0,111000
,19199960,19199960,0,경상이전수입,범죄피해자보호기금,2015,법무부,341249030,0,244543210,322049070,322049070,0,341249030
,7084244024,0,7084244024,예금및예탁금,범죄피해자보호기금,2015,법무부,0,13919331302,7547046078,6835087278,0,6835087278,13919331302
,463547470,463547470,0,재산수입,일반회계,2015,국방부,811228290,129827210,1237373540,477508030,347680820,129827210,941055500
,29798746110,27836248650,1962497460,경상이전수입,일반회계,2015,국방부,40573624780,2355309150,40719683330,13130187820,12737376130,392811690,42928933930
,1092490060,1092490060,0,재화및용역판매수입,일반회계,2015,국방부,1095992910,7202700,1105644500,10705550,3502850,7202700,1103195610
,1.44024E+11,0,1.44024E+11,융자회수금,일반회계,2015,국방부,0,1.44024E+11,1.44024E+11,0,0,0,1.44024E+11
,23964110,3220110,20744000,기타수입,일반회계,2015,국방부,6360110,20744000,23964110,3140000,3140000,0,27104110
,196241160,196241160,0,재산수입,주한미군기지이전특별회계,2015,국방부,295382160,14029440,131514740,113170440,99141000,14029440,309411600
,648968410,648968410,0,경상이전수입,주한미군기지이전특별회계,2015,국방부,865235040,15516450,381878580,231783080,216266630,15516450,880751490
,13587130,13587130,0,재화및용역판매수입,주한미군기지이전특별회계,2015,국방부,13587130,0,13587130,0,0,0,13587130
,0,0,0,관유물매각대,주한미군기지이전특별회계,2015,국방부,1007573600,1346728140,196991910,2354301740,1007573600,1346728140,2354301740
,886576620,886576620,0,경상이전수입,국방·군사시설이전특별회계,2015,국방부,1105455150,1712630490,915241320,1931509020,218878530,1712630490,2818085640
,502008500,502008500,0,관유물매각대,국방·군사시설이전특별회계,2015,국방부,16074312540,12239220010,7739909420,27811524050,15572304040,12239220010,28313532550
,0,0,0,관유물매각대,혁신도시건설특별회계,2015,국방부,0,742647470,0,742647470,0,742647470,742647470
,1577180300,1570587650,6592650,경상이전수입,군인연금기금,2015,국방부,2030650750,628894450,1807437800,1082364900,460063100,622301800,2659545200
,0,0,0,예금및예탁금,군인연금기금,2015,국방부,0,0,50000000000,0,0,0,0
복지계정,1550410887,1306483068,243927819,재산수입,군인복지기금,2015,국방부,3297876913,793465475,4579522291,2540931501,1991393845,549537656,4091342388
복지계정,3817705880,3428989540,388716340,경상이전수입,군인복지기금,2015,국방부,3976490180,413825760,4158192980,572610060,547500640,25109420,4390315940
복지계정,6054440,6054440,0,재화및용역판매수입,군인복지기금,2015,국방부,486693360,324400490,51327880,805039410,480638920,324400490,811093850
복지계정,2000000,2000000,0,기타수입,군인복지기금,2015,국방부,2000000,0,2000000,0,0,0,2000000
복지계정,7927797043,881155450,7046641593,예금및예탁금,군인복지기금,2015,국방부,1048920700,40498927878,86889181280,33620051535,167765250,33452286285,41547848578
학자금대부계정,2.3976E+11,23294820000,2.16465E+11,융자회수금,군인복지기금,2015,국방부,23294820000,2.16465E+11,2.3976E+11,0,0,0,2.3976E+11
주거지원계정,11738,5,11733,재산수입,군인복지기금,2015,국방부,5,11742,11738,9,0,9,11747
주거지원계정,90396230,66836440,23559790,경상이전수입,군인복지기금,2015,국방부,120893620,29702800,97471240,60200190,54057180,6143010,150596420
주거지원계정,2.20347E+11,11610991559,2.08736E+11,융자회수금,군인복지기금,2015,국방부,11990991559,2.97795E+11,3.22E+11,89439200000,380000000,89059200000,3.09786E+11
주거지원계정,0,0,0,예금및예탁금,군인복지기금,2015,국방부,0,0,14061839780,0,0,0,0
,80237140,80237140,0,재산수입,일반회계,2015,고용노동부,191511940,3749210,215388680,115024010,111274800,3749210,195261150
,4211756260,4211720280,35980,경상이전수입,일반회계,2015,고용노동부,9194558990,207235610,9628405020,5190038340,4982838710,207199630,9401794600
,797000,797000,0,재화및용역판매수입,일반회계,2015,고용노동부,797000,0,797000,0,0,0,797000
,0,0,0,관유물매각대,일반회계,2015,고용노동부,0,0,6000000,0,0,0,0
,426877900,0,426877900,기타수입,일반회계,2015,고용노동부,0,3396877900,427927900,2970000000,0,2970000000,3396877900
투자계정,1050449150,1050449150,0,경상이전수입,에너지및자원사업특별회계,2015,고용노동부,1111869710,150000,1158418250,61570560,61420560,150000,1112019710
제주특별자치도계정,0,0,0,재산수입,지역균형발전특별회계,2015,고용노동부,0,0,0,0,0,0,0
제주특별자치도계정,0,0,0,경상이전수입,지역균형발전특별회계,2015,고용노동부,0,0,0,0,0,0,0
,3.47889E+11,3.47889E+11,0,사회보장기여금,산업재해보상보험및예방기금,2015,고용노동부,5.80567E+11,3.36783E+11,9.80017E+11,5.6946E+11,2.32678E+11,3.36783E+11,9.1735E+11
,0,0,0,재산수입,산업재해보상보험및예방기금,2015,고용노동부,0,0,0,0,0,0,0
,2.85471E+11,2.85471E+11,0,경상이전수입,산업재해보상보험및예방기금,2015,고용노동부,4.12313E+11,6881574584,4.45354E+11,1.33724E+11,1.26842E+11,6881574584,4.19195E+11
,1151680,1151680,0,재화및용역판매수입,산업재해보상보험및예방기금,2015,고용노동부,1575180,3500,1771280,427000,423500,3500,1578680
,0,0,0,관유물매각대,산업재해보상보험및예방기금,2015,고용노동부,0,0,0,0,0,0,0
,5.9076E+11,711834460,5.90048E+11,융자회수금,산업재해보상보험및예방기금,2015,고용노동부,711834460,7.89508E+11,7.19301E+11,1.9946E+11,0,1.9946E+11,7.9022E+11
,0,0,0,예금및예탁금,산업재해보상보험및예방기금,2015,고용노동부,0,1.09032E+12,1.01021E+12,1.09032E+12,0,1.09032E+12,1.09032E+12
,0,0,0,재산수입,장애인고용촉진및직업재활기금,2015,고용노동부,0,0,0,0,0,0,0
,8820148040,8820148040,0,경상이전수입,장애인고용촉진및직업재활기금,2015,고용노동부,13543973770,405010590,12393077880,5128836320,4723825730,405010590,13948984360
,19001001650,0,19001001650,융자회수금,장애인고용촉진및직업재활기금,2015,고용노동부,0,23112062650,23410873080,4111061000,0,4111061000,23112062650
,0,0,0,예금및예탁금,장애인고용촉진및직업재활기금,2015,고용노동부,0,1.42528E+11,1.8147E+11,1.42528E+11,0,1.42528E+11,1.42528E+11
,2.18661E+11,2.18661E+11,0,사회보장기여금,고용보험기금,2015,고용노동부,3.77511E+11,5.55815E+11,9.29184E+11,7.14665E+11,1.5885E+11,5.55815E+11,9.33326E+11
,172755340,172755340,0,재산수입,고용보험기금,2015,고용노동부,173537370,10380,173407650,792410,782030,10380,173547750
,1.10314E+11,1.10117E+11,196926080,경상이전수입,고용보험기금,2015,고용노동부,1.63065E+11,7217698700,1.73824E+11,59969202400,52948429780,7020772620,1.70283E+11
,49741760,49741760,0,재화및용역판매수입,고용보험기금,2015,고용노동부,56474760,0,59559750,6733000,6733000,0,56474760
,0,0,0,관유물매각대,고용보험기금,2015,고용노동부,0,0,0,0,0,0,0
,3.11181E+11,643387430,3.10538E+11,융자회수금,고용보험기금,2015,고용노동부,643387430,3.76912E+11,4.16835E+11,66374338510,0,66374338510,3.77555E+11
,0,0,0,예금및예탁금,고용보험기금,2015,고용노동부,0,1.29133E+12,1.19233E+12,1.29133E+12,0,1.29133E+12,1.29133E+12
,24427020,24427020,0,재산수입,임금채권보장기금,2015,고용노동부,313234750,0,205055400,288807730,288807730,0,313234750
,7.93709E+11,7.93709E+11,0,경상이전수입,임금채권보장기금,2015,고용노동부,1.07655E+12,23379420140,1.02513E+12,3.06222E+11,2.82842E+11,23379420140,1.09993E+12
,0,0,0,재화및용역판매수입,임금채권보장기금,2015,고용노동부,0,0,0,0,0,0,0
,2441464710,485030790,1956433920,융자회수금,임금채권보장기금,2015,고용노동부,485030790,5597270000,3267134590,3640836080,0,3640836080,6082300790
,0,0,0,예금및예탁금,임금채권보장기금,2015,고용노동부,0,18802558176,20720026829,18802558176,0,18802558176,18802558176
,0,0,0,재산수입,일반회계,2015,통일부,0,16320960,24212850,16320960,0,16320960,16320960
,65927790,65927790,0,경상이전수입,일반회계,2015,통일부,65927790,0,69106630,0,0,0,65927790
,0,0,0,재화및용역판매수입,일반회계,2015,통일부,0,0,0,0,0,0,0
,231380000,0,231380000,기타수입,일반회계,2015,통일부,0,231380000,231380000,0,0,0,231380000
,0,0,0,재산수입,남북협력기금,2015,통일부,0,0,0,0,0,0,0
,0,0,0,경상이전수입,남북협력기금,2015,통일부,0,0,0,0,0,0,0
,0,0,0,재화및용역판매수입,남북협력기금,2015,통일부,0,0,0,0,0,0,0
,2.78081E+12,81270408031,2.69953E+12,융자회수금,남북협력기금,2015,통일부,81270408031,2.70309E+12,2.75613E+12,3555887890,0,3555887890,2.78436E+12
,50355302060,50355302060,0,기타수입,남북협력기금,2015,통일부,50355302060,0,51435133130,0,0,0,50355302060
,0,0,0,예금및예탁금,남북협력기금,2015,통일부,0,2.79342E+11,2.49389E+11,2.79342E+11,0,2.79342E+11,2.79342E+11
,12233450,12233450,0,재산수입,일반회계,2015,법제처,12233450,0,12233450,0,0,0,12233450
,38176600,38176600,0,경상이전수입,일반회계,2015,법제처,55475640,0,38176600,17299040,17299040,0,55475640
,34689000,34689000,0,재산수입,일반회계,2015,국가보훈부,34776500,19530,34912420,107030,87500,19530,34796030
,3598410510,3581218510,17192000,경상이전수입,일반회계,2015,국가보훈부,4330490030,27565160,4584726880,759644680,749271520,10373160,4358055190
,0,0,0,재화및용역판매수입,일반회계,2015,국가보훈부,0,0,0,0,0,0,0
,0,0,0,관유물매각대,일반회계,2015,국가보훈부,0,0,0,0,0,0,0
,186210000,0,186210000,기타수입,일반회계,2015,국가보훈부,0,211210000,186210000,25000000,0,25000000,211210000
투자계정,0,0,0,재산수입,에너지및자원사업특별회계,2015,국가보훈부,0,0,0,0,0,0,0
투자계정,0,0,0,경상이전수입,에너지및자원사업특별회계,2015,국가보훈부,0,0,4306340,0,0,0,0
,0,0,0,재산수입,순국선열애국지사사업기금,2015,국가보훈부,1530,77129970,89402570,77131500,1530,77129970,77131500
,2945910,2945910,0,경상이전수입,순국선열애국지사사업기금,2015,국가보훈부,537227510,15721960,276464030,550003560,534281600,15721960,552949470
,0,0,0,재화및용역판매수입,순국선열애국지사사업기금,2015,국가보훈부,0,0,0,0,0,0,0
,4940443500,0,4940443500,관유물매각대,순국선열애국지사사업기금,2015,국가보훈부,71068500,11824778600,6582161700,6955403600,71068500,6884335100,11895847100
,0,0,0,예금및예탁금,순국선열애국지사사업기금,2015,국가보훈부,0,14053088900,0,14053088900,0,14053088900,14053088900
국가유공자지원자금,1290698030,1290698030,0,재산수입,보훈기금,2015,국가보훈부,1771529900,0,1616074810,480831870,480831870,0,1771529900
국가유공자지원자금,0,0,0,경상이전수입,보훈기금,2015,국가보훈부,0,0,0,0,0,0,0
국가유공자지원자금,0,0,0,관유물매각대,보훈기금,2015,국가보훈부,0,0,0,0,0,0,0
국가유공자지원자금,84104105400,7768277750,76335827650,융자회수금,보훈기금,2015,국가보훈부,10273867340,99703832520,1.19633E+11,25873594460,2505589590,23368004870,1.09978E+11
국가유공자지원자금,0,0,0,예금및예탁금,보훈기금,2015,국가보훈부,0,15859512726,16353468866,15859512726,0,15859512726,15859512726
참전유공자·제대군인지원자금,1010620780,1010620780,0,재산수입,보훈기금,2015,국가보훈부,1326411700,0,1256924830,315790920,315790920,0,1326411700
참전유공자·제대군인지원자금,11082000180,2888443180,8193557000,융자회수금,보훈기금,2015,국가보훈부,3529525590,10487118740,16160876290,2934644150,641082410,2293561740,14016644330
5·18 민주유공자지원자금,156882020,156882020,0,재산수입,보훈기금,2015,국가보훈부,196386710,0,183165070,39504690,39504690,0,196386710
5·18 민주유공자지원자금,2137074610,828022030,1309052580,융자회수금,보훈기금,2015,국가보훈부,976091060,1353994620,2778547150,193011070,148069030,44942040,2330085680
특수임무유공자지원자금,46874210,46874210,0,재산수입,보훈기금,2015,국가보훈부,72899480,0,69128210,26025270,26025270,0,72899480
특수임무유공자지원자금,868693020,308474240,560218780,융자회수금,보훈기금,2015,국가보훈부,403897030,644470480,1204706770,179674490,95422790,84251700,1048367510
,1703917290,1531433230,172484060,재산수입,일반회계,2015,산림청,1922958130,569432370,2235239320,788473210,391524900,396948310,2492390500
,11840096590,11597192490,242904100,경상이전수입,일반회계,2015,산림청,13286281160,578270440,15893425700,2024455010,1689088670,335366340,13864551600
,118511150,118511150,0,재화및용역판매수입,일반회계,2015,산림청,175788450,63685220,133650260,120962520,57277300,63685220,239473670
,3251965170,2540844520,711120650,관유물매각대,일반회계,2015,산림청,2540844520,1312632890,5908839240,601512240,0,601512240,3853477410
,2816000,2816000,0,융자회수금,일반회계,2015,산림청,2816000,0,2816000,0,0,0,2816000
,0,0,0,기타수입,일반회계,2015,산림청,0,0,0,0,0,0,0
임업진흥사업계정,7169090,7169090,0,재산수입,농어촌구조개선특별회계,2015,산림청,18969020,715830,12182210,12515760,11799930,715830,19684850
임업진흥사업계정,33844288840,33844288840,0,경상이전수입,농어촌구조개선특별회계,2015,산림청,57550568870,8486380030,69881176850,32192660060,23706280030,8486380030,66036948900
임업진흥사업계정,0,0,0,재화및용역판매수입,농어촌구조개선특별회계,2015,산림청,0,0,3760600,0,0,0,0
임업진흥사업계정,0,0,0,관유물매각대,농어촌구조개선특별회계,2015,산림청,884319750,1661057000,5128172750,2545376750,884319750,1661057000,2545376750
임업진흥사업계정,2.26318E+11,0,2.26318E+11,융자회수금,농어촌구조개선특별회계,2015,산림청,0,2.49718E+11,2.66387E+11,23400000000,0,23400000000,2.49718E+11
지역자율계정,0,0,0,재산수입,지역균형발전특별회계,2015,산림청,0,0,0,0,0,0,0
지역자율계정,0,0,0,경상이전수입,지역균형발전특별회계,2015,산림청,100000000,0,0,100000000,100000000,0,100000000
자본계정,0,0,0,경상이전수입,국립자연휴양림관리소,2015,산림청,0,0,0,0,0,0,0
자본계정,0,0,0,관유물매각대,국립자연휴양림관리소,2015,산림청,0,0,0,0,0,0,0
손익계정,0,0,0,재산수입,국립자연휴양림관리소,2015,산림청,0,0,0,0,0,0,0
손익계정,0,0,0,경상이전수입,국립자연휴양림관리소,2015,산림청,0,0,0,0,0,0,0
손익계정,0,0,0,재화및용역판매수입,국립자연휴양림관리소,2015,산림청,0,0,0,0,0,0,0
,1.57722E+13,1.45649E+13,1.2073E+12,내국세,일반회계,2015,국세청,2.0751E+13,5.96637E+12,2.29125E+13,1.09452E+13,6.18609E+12,4.75906E+12,2.67174E+13
,16332020,16332020,0,방위세,일반회계,2015,국세청,16332020,0,17247370,0,0,0,16332020
,33480355570,33480355570,0,교통·에너지·환경세,일반회계,2015,국세청,38187292540,488651850,36610096260,5195588820,4706936970,488651850,38675944390
,20075830320,19867776340,208053980,교육세,일반회계,2015,국세청,25410363880,5968319210,26806760820,11302852770,5542587540,5760265230,31378683090
,44088988650,42750289010,1338699640,농어촌특별세,일반회계,2015,국세청,65345904430,53050214430,1.27541E+11,74307130210,22595615420,51711514790,1.18396E+11
,846815520,846815520,0,재산수입,일반회계,2015,국세청,846815520,0,846815520,0,0,0,846815520
,2.32355E+12,2.32355E+12,4945930,경상이전수입,일반회계,2015,국세청,2.75419E+12,263948500,2.22824E+12,4.30903E+11,4.30644E+11,259002570,2.75445E+12
,3690000,0,3690000,기타수입,일반회계,2015,국세청,0,3690000,3690000,0,0,0,3690000
,1.79352E+11,1.73849E+11,5502486860,종합부동산세,일반회계,2015,국세청,2.73266E+11,2.46308E+11,5.71919E+11,3.40223E+11,99417139000,2.40805E+11,5.19574E+11
,74147969150,74147969150,0,내국세,일반회계,2015,관세청,92483285280,1.50289E+12,1.65327E+12,1.52122E+12,18335316130,1.50289E+12,1.59537E+12
,4.13243E+11,4.11792E+11,1451114560,관세,일반회계,2015,관세청,4.58594E+11,2.93992E+11,7.3843E+11,3.39342E+11,46801889720,2.9254E+11,7.52586E+11
,0,0,0,방위세,일반회계,2015,관세청,46182590,0,0,46182590,46182590,0,46182590
,2243935650,2243935650,0,교통·에너지·환경세,일반회계,2015,관세청,3680410250,271451250,13244706020,1707925850,1436474600,271451250,3951861500
,5576309610,5576309610,0,교육세,일반회계,2015,관세청,6253636270,12931797410,53027569070,13609124070,677326660,12931797410,19185433680
,48367600,48367600,0,농어촌특별세,일반회계,2015,관세청,48442540,1348427330,829431750,1348502270,74940,1348427330,1396869870
,0,0,0,재산수입,일반회계,2015,관세청,0,298700,396000,298700,0,298700,298700
,1.58657E+11,1.58657E+11,0,경상이전수입,일반회계,2015,관세청,2.33483E+11,10702170,1.62179E+11,74836560900,74825858730,10702170,2.33493E+11
,1035000,1035000,0,재화및용역판매수입,일반회계,2015,관세청,50487430,4122200,23271420,53574630,49452430,4122200,54609630
,0,0,0,관유물매각대,일반회계,2015,관세청,0,1071600,0,1071600,0,1071600,1071600
,0,0,0,기타수입,일반회계,2015,관세청,0,0,0,0,0,0,0
,0,0,0,재산수입,일반회계,2015,병무청,2078500,509640,0,2588140,2078500,509640,2588140
,0,0,0,경상이전수입,일반회계,2015,병무청,0,0,0,0,0,0,0
,0,0,0,재화및용역판매수입,일반회계,2015,병무청,0,0,0,0,0,0,0
,0,0,0,관유물매각대,일반회계,2015,병무청,0,0,0,0,0,0,0
,0,0,0,융자회수금,일반회계,2015,병무청,0,0,0,0,0,0,0
,0,0,0,기타수입,일반회계,2015,병무청,0,0,140000,0,0,0,0
,0,0,0,재산수입,일반회계,2015,농촌진흥청,0,0,0,0,0,0,0
,0,0,0,경상이전수입,일반회계,2015,농촌진흥청,0,0,0,0,0,0,0
,0,0,0,재화및용역판매수입,일반회계,2015,농촌진흥청,0,0,0,0,0,0,0
,0,0,0,관유물매각대,일반회계,2015,농촌진흥청,0,0,0,0,0,0,0
,120000,0,120000,기타수입,일반회계,2015,농촌진흥청,0,120000,120000,0,0,0,120000
구조개선사업계정,0,0,0,재산수입,농어촌구조개선특별회계,2015,농촌진흥청,0,0,0,0,0,0,0
구조개선사업계정,0,0,0,경상이전수입,농어촌구조개선특별회계,2015,농촌진흥청,0,0,0,0,0,0,0
구조개선사업계정,0,0,0,관유물매각대,농어촌구조개선특별회계,2015,농촌진흥청,0,0,0,0,0,0,0
구조개선사업계정,9397146000,0,9397146000,융자회수금,농어촌구조개선특별회계,2015,농촌진흥청,0,9397146000,11793874500,0,0,0,9397146000
,0,0,0,재산수입,혁신도시건설특별회계,2015,농촌진흥청,0,0,0,0,0,0,0
,0,0,0,경상이전수입,혁신도시건설특별회계,2015,농촌진흥청,0,0,0,0,0,0,0
,0,0,0,관유물매각대,혁신도시건설특별회계,2015,농촌진흥청,0,0,1637464430,0,0,0,0
지역자율계정,0,0,0,재산수입,지역균형발전특별회계,2015,농촌진흥청,0,0,0,0,0,0,0
지역자율계정,0,0,0,경상이전수입,지역균형발전특별회계,2015,농촌진흥청,0,0,0,0,0,0,0
지역지원계정,0,0,0,경상이전수입,지역균형발전특별회계,2015,농촌진흥청,0,0,0,0,0,0,0
,0,0,0,재산수입,일반회계,2015,중소기업청,0,0,0,0,0,0,0
,976807170,976807170,0,경상이전수입,일반회계,2015,중소기업청,977029170,0,1000510370,222000,222000,0,977029170
,0,0,0,재화및용역판매수입,일반회계,2015,중소기업청,0,0,0,0,0,0,0
,0,0,0,관유물매각대,일반회계,2015,중소기업청,0,0,0,0,0,0,0
,90000,0,90000,기타수입,일반회계,2015,중소기업청,0,51790000,90000,51700000,0,51700000,51790000
지역자율계정,0,0,0,재산수입,지역균형발전특별회계,2015,중소기업청,0,0,0,0,0,0,0
지역자율계정,0,0,0,경상이전수입,지역균형발전특별회계,2015,중소기업청,0,0,0,0,0,0,0
지역지원계정,0,0,0,재산수입,지역균형발전특별회계,2015,중소기업청,0,0,0,0,0,0,0
지역지원계정,0,0,0,경상이전수입,지역균형발전특별회계,2015,중소기업청,0,0,0,0,0,0,0
제주특별자치도계정,0,0,0,재산수입,지역균형발전특별회계,2015,중소기업청,0,0,0,0,0,0,0
제주특별자치도계정,0,0,0,경상이전수입,지역균형발전특별회계,2015,중소기업청,0,0,0,0,0,0,0
자본계정,0,0,0,관유물매각대,특허청,2015,특허청,0,0,0,0,0,0,0
손익계정,0,0,0,재산수입,특허청,2015,특허청,0,0,0,0,0,0,0
손익계정,0,0,0,경상이전수입,특허청,2015,특허청,0,0,0,0,0,0,0
손익계정,0,0,0,재화및용역판매수입,특허청,2015,특허청,0,0,0,0,0,0,0
손익계정,0,0,0,관유물매각대,특허청,2015,특허청,0,0,0,0,0,0,0
손익계정,5671869149,0,5671869149,융자회수금,특허청,2015,특허청,0,5671869149,5673004500,0,0,0,5671869149
손익계정,5054450,0,5054450,기타수입,특허청,2015,특허청,0,5054450,4784720,0,0,0,5054450
자본계정,0,0,0,재산수입,조달특별회계,2015,조달청,0,0,0,0,0,0,0
자본계정,7704239890,6548051410,1156188480,관유물매각대,조달특별회계,2015,조달청,11141654400,1.60513E+11,3.01014E+11,1.6395E+11,4593602990,1.59357E+11,1.71655E+11
자본계정,0,0,0,기타수입,조달특별회계,2015,조달청,0,0,50000000,0,0,0,0
손익계정,93484200,93484200,0,재산수입,조달특별회계,2015,조달청,99198700,53727150,742673650,59441650,5714500,53727150,152925850
손익계정,0,0,0,경상이전수입,조달특별회계,2015,조달청,0,0,0,0,0,0,0
손익계정,112294400,112294400,0,재화및용역판매수입,조달특별회계,2015,조달청,609589270,920101700,2018852160,1417396570,497294870,920101700,1529690970
손익계정,5399258500,0,5399258500,융자회수금,조달특별회계,2015,조달청,0,5399258500,5653272500,0,0,0,5399258500
,2879640,2879640,0,재산수입,일반회계,2015,환경부,3168050,0,7299970,288410,288410,0,3168050
,6572100,6572100,0,경상이전수입,일반회계,2015,환경부,6572100,0,210231930,0,0,0,6572100
,0,0,0,관유물매각대,일반회계,2015,환경부,0,0,0,0,0,0,0
농어촌특별세사업계정,21685630,21685630,0,재산수입,농어촌구조개선특별회계,2015,환경부,21685630,0,21685630,0,0,0,21685630
농어촌특별세사업계정,0,0,0,경상이전수입,농어촌구조개선특별회계,2015,환경부,0,0,627199540,0,0,0,0
투자계정,2205810,2205810,0,재산수입,에너지및자원사업특별회계,2015,환경부,5767000,0,11890790,3561190,3561190,0,5767000
투자계정,69916850,69916850,0,경상이전수입,에너지및자원사업특별회계,2015,환경부,302650750,2052030,744221090,234785930,232733900,2052030,304702780
,49532000,49532000,0,재산수입,환경개선특별회계,2015,환경부,484448850,1886343100,970133020,2321259950,434916850,1886343100,2370791950
,7.72935E+11,7.72817E+11,117432650,경상이전수입,환경개선특별회계,2015,환경부,9.6849E+11,17305643910,9.55567E+11,2.12861E+11,1.95673E+11,17188211260,9.85796E+11
,0,0,0,재화및용역판매수입,환경개선특별회계,2015,환경부,0,5572040,340000,5572040,0,5572040,5572040
,0,0,0,관유물매각대,환경개선특별회계,2015,환경부,0,0,0,0,0,0,0
,8.47359E+11,4840225000,8.42518E+11,융자회수금,환경개선특별회계,2015,환경부,4840225000,9.52844E+11,1.06528E+12,1.10326E+11,0,1.10326E+11,9.57685E+11
,300000,0,300000,기타수입,환경개선특별회계,2015,환경부,0,300000,300000,0,0,0,300000
지역자율계정,0,0,0,재산수입,지역균형발전특별회계,2015,환경부,926860,0,0,926860,926860,0,926860
지역자율계정,0,0,0,경상이전수입,지역균형발전특별회계,2015,환경부,3589360,0,0,3589360,3589360,0,3589360
지역지원계정,0,0,0,재산수입,지역균형발전특별회계,2015,환경부,62360,6191000,0,6253360,62360,6191000,6253360
지역지원계정,0,0,0,경상이전수입,지역균형발전특별회계,2015,환경부,1675400,244526980,0,246202380,1675400,244526980,246202380
,0,0,0,재산수입,석면피해구제기금,2015,환경부,0,0,0,0,0,0,0
,292254160,292254160,0,경상이전수입,석면피해구제기금,2015,환경부,585321540,918375000,1428371310,1211442380,293067380,918375000,1503696540
,0,0,0,예금및예탁금,석면피해구제기금,2015,환경부,0,0,35488992231,0,0,0,0
,0,0,0,재산수입,일반회계,2015,통계청,0,0,0,0,0,0,0
,118776740,118776740,0,경상이전수입,일반회계,2015,통계청,121779110,928750,37057100,3931120,3002370,928750,122707860
,0,0,0,재화및용역판매수입,일반회계,2015,통계청,0,519290,0,519290,0,519290,519290
,0,0,0,관유물매각대,일반회계,2015,통계청,0,0,0,0,0,0,0
,0,0,0,재산수입,일반회계,2015,기상청,0,0,0,0,0,0,0
,0,0,0,경상이전수입,일반회계,2015,기상청,0,0,89655610,0,0,0,0
,1023600,1023600,0,재화및용역판매수입,일반회계,2015,기상청,1023870,0,11189840,270,270,0,1023870
,0,0,0,관유물매각대,일반회계,2015,기상청,0,0,0,0,0,0,0
,0,0,0,기타수입,일반회계,2015,기상청,0,0,1200000,0,0,0,0
,45320900,22808800,22512100,재산수입,일반회계,2015,경찰청,69692570,79345130,86093480,103716800,46883770,56833030,149037700
,44819206530,44625469720,193736810,경상이전수입,일반회계,2015,경찰청,82216615130,1668069760,60807057910,39065478360,37591145410,1474332950,83884684890
,43702210,43702210,0,재화및용역판매수입,일반회계,2015,경찰청,44284040,0,46238230,581830,581830,0,44284040
,4188000,4188000,0,관유물매각대,일반회계,2015,경찰청,4188000,103909000,4507000,103909000,0,103909000,108097000
,306788250,86140000,220648250,기타수입,일반회계,2015,경찰청,86140000,353574130,846928650,132925880,0,132925880,439714130
,0,0,0,재산수입,혁신도시건설특별회계,2015,경찰청,0,0,0,0,0,0,0
,0,0,0,경상이전수입,혁신도시건설특별회계,2015,경찰청,0,0,0,0,0,0,0
,0,0,0,관유물매각대,혁신도시건설특별회계,2015,경찰청,0,63378040310,0,63378040310,0,63378040310,63378040310
손익계정,0,0,0,재산수입,경찰병원,2015,경찰청,0,0,0,0,0,0,0
손익계정,0,0,0,경상이전수입,경찰병원,2015,경찰청,0,0,0,0,0,0,0
손익계정,89744700,89744700,0,재화및용역판매수입,경찰병원,2015,경찰청,90244700,0,79264840,500000,500000,0,90244700
손익계정,300000,0,300000,기타수입,경찰병원,2015,경찰청,0,300000,300000,0,0,0,300000
,1320,1320,0,재산수입,일반회계,2015,공정거래위원회,1030820,36928850,1320,37958350,1029500,36928850,37959670
,398202850,398202850,0,경상이전수입,일반회계,2015,공정거래위원회,443020630,63932750,453823100,108750530,44817780,63932750,506953380
,0,0,0,관유물매각대,일반회계,2015,공정거래위원회,0,0,0,0,0,0,0
,5685200,0,5685200,기타수입,일반회계,2015,공정거래위원회,0,5685200,5685200,0,0,0,5685200
,0,0,0,재산수입,일반회계,2015,민주평화통일자문회의,0,0,0,0,0,0,0
,0,0,0,경상이전수입,일반회계,2015,민주평화통일자문회의,0,0,0,0,0,0,0
,179533260,179533260,0,재산수입,일반회계,2015,문화재청,697349220,48351350,363180930,566167310,517815960,48351350,745700570
,6749835090,6749835090,0,경상이전수입,일반회계,2015,문화재청,14806870520,475344000,15589209570,8532379430,8057035430,475344000,15282214520
,0,0,0,재화및용역판매수입,일반회계,2015,문화재청,0,0,0,0,0,0,0
,0,0,0,기타수입,일반회계,2015,문화재청,0,22000000,0,22000000,0,22000000,22000000
지역자율계정,23672810,23672810,0,재산수입,지역균형발전특별회계,2015,문화재청,23672810,0,0,0,0,0,23672810
지역자율계정,472395290,472395290,0,경상이전수입,지역균형발전특별회계,2015,문화재청,556626900,0,0,84231610,84231610,0,556626900
,1179480,1179480,0,재산수입,문화재보호기금,2015,문화재청,9570160,0,20393670,8390680,8390680,0,9570160
,222011300,222011300,0,경상이전수입,문화재보호기금,2015,문화재청,1670582350,0,2669031330,1448571050,1448571050,0,1670582350
,2149100,2149100,0,재화및용역판매수입,문화재보호기금,2015,문화재청,2149100,0,2149100,0,0,0,2149100
,6493311953,0,6493311953,예금및예탁금,문화재보호기금,2015,문화재청,0,44805704924,38493311953,38312392971,0,38312392971,44805704924
,0,0,0,재산수입,일반회계,2015,국가인권위원회,0,0,0,0,0,0,0
,0,0,0,경상이전수입,일반회계,2015,국가인권위원회,0,0,0,0,0,0,0
,0,0,0,재화및용역판매수입,일반회계,2015,국가인권위원회,0,0,0,0,0,0,0
,156000000,156000000,0,기타수입,일반회계,2015,국가인권위원회,156000000,0,156000000,0,0,0,156000000
,0,0,0,재산수입,일반회계,2015,방위사업청,0,0,7540150,0,0,0,0
,1.70812E+11,1.67514E+11,3298306330,경상이전수입,일반회계,2015,방위사업청,2.7384E+11,4918021990,2.16329E+11,1.07947E+11,1.06327E+11,1619715660,2.78758E+11
,3685110000,0,3685110000,융자회수금,일반회계,2015,방위사업청,0,3685110000,3685110000,0,0,0,3685110000
,0,0,0,재산수입,행정중심복합도시건설특별회계,2015,행정중심복합도시건설청,0,0,0,0,0,0,0
,294040,294040,0,경상이전수입,행정중심복합도시건설특별회계,2015,행정중심복합도시건설청,294040,0,1102660,0,0,0,294040
,0,0,0,관유물매각대,행정중심복합도시건설특별회계,2015,행정중심복합도시건설청,0,0,0,0,0,0,0
,483215300,483215300,0,방위세,일반회계,2015,기획재정부,483286840,0,488759170,71540,71540,0,483286840
,4360305706,4360305706,0,교육세,일반회계,2015,기획재정부,4603012836,0,5588523785,242707130,242707130,0,4603012836
,10625026380,10625026380,0,농어촌특별세,일반회계,2015,기획재정부,25008579120,0,32309626256,14383552740,14383552740,0,25008579120
,0,0,0,재산수입,일반회계,2015,기획재정부,46298325970,1262595280,59014619750,47560921250,46298325970,1262595280,47560921250
,54602180,54602180,0,경상이전수입,일반회계,2015,기획재정부,1.39704E+11,0,1.46907E+11,1.39649E+11,1.39649E+11,0,1.39704E+11
,0,0,0,관유물매각대,일반회계,2015,기획재정부,44288930410,3.62157E+11,4.19379E+11,4.06446E+11,44288930410,3.62157E+11,4.06446E+11
,0,0,0,기타수입,일반회계,2015,기획재정부,0,0,4252970641,0,0,0,0
,243944721,243944721,0,예금및예탁금,일반회계,2015,기획재정부,243944721,0,267782012,0,0,0,243944721
,0,0,0,재산수입,국유재산관리기금,2015,기획재정부,0,0,0,0,0,0,0
,0,0,0,경상이전수입,국유재산관리기금,2015,기획재정부,0,0,1007883330,0,0,0,0
,0,0,0,관유물매각대,국유재산관리기금,2015,기획재정부,0,0,0,0,0,0,0
,0,0,0,예금및예탁금,국유재산관리기금,2015,기획재정부,0,24707163058,3.91864E+11,24707163058,0,24707163058,24707163058
,4.29038E+12,0,4.29038E+12,융자회수금,대외경제협력기금,2015,기획재정부,0,5.02466E+12,4.37524E+12,7.3428E+11,0,7.3428E+11,5.02466E+12
,0,0,0,예금및예탁금,대외경제협력기금,2015,기획재정부,0,1.61125E+11,17036477600,1.61125E+11,0,1.61125E+11,1.61125E+11
총괄계정,6.95593E+11,0,6.95593E+11,재산수입,공공자금관리기금,2015,기획재정부,0,6.95593E+11,7.17644E+11,0,0,0,6.95593E+11
총괄계정,0,0,0,예금및예탁금,공공자금관리기금,2015,기획재정부,1.268E+11,2.40961E+11,0,3.67761E+11,1.268E+11,2.40961E+11,3.67761E+11
융자계정,0,0,0,재산수입,공공자금관리기금,2015,기획재정부,0,0,0,0,0,0,0
융자계정,0,0,0,경상이전수입,공공자금관리기금,2015,기획재정부,0,0,0,0,0,0,0
융자계정,1.88069E+12,0,1.88069E+12,융자회수금,공공자금관리기금,2015,기획재정부,0,1.92139E+12,2.55559E+12,40696285120,0,40696285120,1.92139E+12
융자계정,0,0,0,예금및예탁금,공공자금관리기금,2015,기획재정부,0,1.68863E+11,0,1.68863E+11,0,1.68863E+11,1.68863E+11
차관계정,0,0,0,재산수입,공공자금관리기금,2015,기획재정부,0,0,0,0,0,0,0
차관계정,0,0,0,경상이전수입,공공자금관리기금,2015,기획재정부,0,0,0,0,0,0,0
차관계정,192001810,0,192001810,융자회수금,공공자금관리기금,2015,기획재정부,0,192001810,3633070940,0,0,0,192001810
차관계정,0,0,0,예금및예탁금,공공자금관리기금,2015,기획재정부,0,49032578693,58410021532,49032578693,0,49032578693,49032578693
,6.42317E+13,0,6.42317E+13,예금및예탁금,외국환평형기금,2015,기획재정부,0,8.67314E+13,6.42317E+13,2.24997E+13,0,2.24997E+13,8.67314E+13
,0,0,0,재산수입,복권기금,2015,기획재정부,759900,0,22912760,759900,759900,0,759900
,0,0,0,경상이전수입,복권기금,2015,기획재정부,1103062400,0,70000000,1103062400,1103062400,0,1103062400
,0,0,0,재화및용역판매수입,복권기금,2015,기획재정부,0,0,0,0,0,0,0
,2.07641E+11,0,2.07641E+11,예금및예탁금,복권기금,2015,기획재정부,0,2.07641E+11,2.38154E+11,0,0,0,2.07641E+11
,597320570,597320570,0,재산수입,일반회계,2015,문화체육관광부,691802100,238289990,1378665770,332771520,94481530,238289990,930092090
,2507974060,2507974060,0,경상이전수입,일반회계,2015,문화체육관광부,8482726740,445915770,4075506610,6420668450,5974752680,445915770,8928642510
,75979560,75979560,0,재화및용역판매수입,일반회계,2015,문화체육관광부,86376950,12644000,79314760,23041390,10397390,12644000,99020950
,0,0,0,관유물매각대,일반회계,2015,문화체육관광부,0,0,0,0,0,0,0
,171782440,0,171782440,기타수입,일반회계,2015,문화체육관광부,0,171782440,173222440,0,0,0,171782440
,5031625,0,5031625,예금및예탁금,일반회계,2015,문화체육관광부,0,5031625,1067632785,0,0,0,5031625
,0,0,0,재산수입,아시아문화중심도시조성특별회계,2015,문화체육관광부,0,4722090,0,4722090,0,4722090,4722090
,100864520,100864520,0,경상이전수입,아시아문화중심도시조성특별회계,2015,문화체육관광부,300864520,50714710,15721440,250714710,200000000,50714710,351579230
지역자율계정,83997650,83997650,0,재산수입,지역균형발전특별회계,2015,문화체육관광부,100336200,20113000,0,36451550,16338550,20113000,120449200
지역자율계정,16257200,16257200,0,경상이전수입,지역균형발전특별회계,2015,문화체육관광부,774976370,3665206290,0,4423925460,758719170,3665206290,4440182660
지역지원계정,0,0,0,재산수입,지역균형발전특별회계,2015,문화체육관광부,0,0,0,0,0,0,0
지역지원계정,0,0,0,경상이전수입,지역균형발전특별회계,2015,문화체육관광부,8742090,217005240,0,225747330,8742090,217005240,225747330
제주특별자치도계정,0,0,0,재산수입,지역균형발전특별회계,2015,문화체육관광부,0,0,0,0,0,0,0
제주특별자치도계정,0,0,0,경상이전수입,지역균형발전특별회계,2015,문화체육관광부,0,0,0,0,0,0,0
,5484480,5484480,0,재산수입,관광진흥개발기금,2015,문화체육관광부,7440220,58304440,197838600,60260180,1955740,58304440,65744660
,404649330,404649330,0,경상이전수입,관광진흥개발기금,2015,문화체육관광부,875747270,383050890,1669495990,854148830,471097940,383050890,1258798160
,1.29487E+12,0,1.29487E+12,융자회수금,관광진흥개발기금,2015,문화체육관광부,0,1.85535E+12,1.49132E+12,5.60482E+11,0,5.60482E+11,1.85535E+12
,2914472312,0,2914472312,예금및예탁금,관광진흥개발기금,2015,문화체육관광부,0,50207370112,30355900634,47292897800,0,47292897800,50207370112
,0,0,0,재산수입,지역신문발전기금,2015,문화체육관광부,0,0,0,0,0,0,0
,0,0,0,경상이전수입,지역신문발전기금,2015,문화체육관광부,0,0,0,0,0,0,0
,25000000,0,25000000,융자회수금,지역신문발전기금,2015,문화체육관광부,0,25000000,249980000,0,0,0,25000000
,0,0,0,예금및예탁금,지역신문발전기금,2015,문화체육관광부,0,3517397966,2800882194,3517397966,0,3517397966,3517397966
,12461239040,12461239040,0,재산수입,일반회계,2015,보건복지부,14309929580,88287050,15251329390,1936977590,1848690540,88287050,14398216630
,7466887730,7466887730,0,경상이전수입,일반회계,2015,보건복지부,81326571660,12125322760,1.26822E+11,85985006690,73859683930,12125322760,93451894420
,0,0,0,재화및용역판매수입,일반회계,2015,보건복지부,0,0,0,0,0,0,0
,0,0,0,관유물매각대,일반회계,2015,보건복지부,0,0,0,0,0,0,0
,40165785250,40165785250,0,융자회수금,일반회계,2015,보건복지부,40165785250,0,42173592920,0,0,0,40165785250
,19869060630,0,19869060630,기타수입,일반회계,2015,보건복지부,0,20458902930,19869060630,589842300,0,589842300,20458902930
투자계정,2863298840,2863298840,0,경상이전수입,에너지및자원사업특별회계,2015,보건복지부,2863298840,0,3630866000,0,0,0,2863298840
자본계정,0,0,0,관유물매각대,국립재활원,2015,보건복지부,0,0,0,0,0,0,0
손익계정,5119320,5119320,0,재산수입,국립재활원,2015,보건복지부,5119320,31234140,5119320,31234140,0,31234140,36353460
손익계정,4997840,4997840,0,경상이전수입,국립재활원,2015,보건복지부,4997840,0,4997840,0,0,0,4997840
손익계정,9616950,8426830,1190120,재화및용역판매수입,국립재활원,2015,보건복지부,8426830,27598570,71818130,26408450,0,26408450,36025400
손익계정,0,0,0,재산수입,국립목포병원,2015,보건복지부,0,0,0,0,0,0,0
손익계정,0,0,0,경상이전수입,국립목포병원,2015,보건복지부,0,0,0,0,0,0,0
손익계정,0,0,0,재화및용역판매수입,국립목포병원,2015,보건복지부,0,83774920,209730770,83774920,0,83774920,83774920
손익계정,0,0,0,관유물매각대,국립목포병원,2015,보건복지부,0,0,0,0,0,0,0
자본계정,0,0,0,재화및용역판매수입,국립마산병원,2015,보건복지부,0,0,0,0,0,0,0
손익계정,0,0,0,재산수입,국립마산병원,2015,보건복지부,0,234570,10453830,234570,0,234570,234570
손익계정,0,0,0,경상이전수입,국립마산병원,2015,보건복지부,0,0,0,0,0,0,0
손익계정,0,0,0,재화및용역판매수입,국립마산병원,2015,보건복지부,221470300,408171100,915563290,629641400,221470300,408171100,629641400
손익계정,0,0,0,재산수입,국립정신건강센터,2015,보건복지부,0,0,0,0,0,0,0
손익계정,58000210,58000210,0,경상이전수입,국립정신건강센터,2015,보건복지부,58000210,0,58000210,0,0,0,58000210
손익계정,1567220,0,1567220,재화및용역판매수입,국립정신건강센터,2015,보건복지부,0,2198726760,2296338810,2197159540,0,2197159540,2198726760
손익계정,0,0,0,관유물매각대,국립정신건강센터,2015,보건복지부,0,0,0,0,0,0,0
손익계정,0,0,0,재산수입,국립나주병원,2015,보건복지부,0,0,0,0,0,0,0
손익계정,0,0,0,경상이전수입,국립나주병원,2015,보건복지부,0,0,0,0,0,0,0
손익계정,0,0,0,재화및용역판매수입,국립나주병원,2015,보건복지부,0,1138710310,1143954870,1138710310,0,1138710310,1138710310
손익계정,0,0,0,재산수입,국립부곡병원,2015,보건복지부,0,75000,0,75000,0,75000,75000
손익계정,0,0,0,경상이전수입,국립부곡병원,2015,보건복지부,0,0,0,0,0,0,0
손익계정,0,0,0,재화및용역판매수입,국립부곡병원,2015,보건복지부,0,416317120,372279010,416317120,0,416317120,416317120
손익계정,0,0,0,재산수입,국립춘천병원,2015,보건복지부,0,0,0,0,0,0,0
손익계정,0,0,0,경상이전수입,국립춘천병원,2015,보건복지부,0,0,0,0,0,0,0
손익계정,0,0,0,재화및용역판매수입,국립춘천병원,2015,보건복지부,0,813504420,887217720,813504420,0,813504420,813504420
손익계정,0,0,0,관유물매각대,국립춘천병원,2015,보건복지부,0,0,0,0,0,0,0
손익계정,0,0,0,재산수입,국립공주병원,2015,보건복지부,0,0,0,0,0,0,0
손익계정,0,0,0,경상이전수입,국립공주병원,2015,보건복지부,0,0,0,0,0,0,0
손익계정,0,0,0,재화및용역판매수입,국립공주병원,2015,보건복지부,750000,692053230,645001160,692803230,750000,692053230,692803230
손익계정,0,0,0,관유물매각대,국립공주병원,2015,보건복지부,0,0,0,0,0,0,0
,5.90865E+12,0,5.90865E+12,융자회수금,국민연금기금,2015,보건복지부,0,5.9343E+12,6.98481E+12,25643905096,0,25643905096,5.9343E+12
,0,0,0,예금및예탁금,국민연금기금,2015,보건복지부,0,2.60576E+12,2.81564E+12,2.60576E+12,0,2.60576E+12,2.60576E+12
국민건강증진계정,2834370,2834370,0,재산수입,국민건강증진기금,2015,보건복지부,10851330,0,90359830,8016960,8016960,0,10851330
국민건강증진계정,3987414740,3987414740,0,경상이전수입,국민건강증진기금,2015,보건복지부,10233263700,156130,9371385090,6246005090,6245848960,156130,10233419830
국민건강증진계정,0,0,0,예금및예탁금,국민건강증진기금,2015,보건복지부,0,47053892157,0,47053892157,0,47053892157,47053892157
,10069720,10069720,0,재산수입,응급의료기금,2015,보건복지부,145020620,0,101318860,134950900,134950900,0,145020620
,72426590,72426590,0,경상이전수입,응급의료기금,2015,보건복지부,1410479910,0,1801422640,1338053320,1338053320,0,1410479910
,56189000000,0,56189000000,융자회수금,응급의료기금,2015,보건복지부,0,4.56189E+11,60096000000,4E+11,0,4E+11,4.56189E+11
,0,0,0,예금및예탁금,응급의료기금,2015,보건복지부,0,30684624408,0,30684624408,0,30684624408,30684624408
,2940,2940,0,재산수입,일반회계,2015,여성가족부,3562090,0,5044120,3559150,3559150,0,3562090
,4219940,4219940,0,경상이전수입,일반회계,2015,여성가족부,799428590,0,978309100,795208650,795208650,0,799428590
,0,0,0,재화및용역판매수입,일반회계,2015,여성가족부,0,0,0,0,0,0,0
,73920,73920,0,재산수입,청소년육성기금,2015,여성가족부,2509290,0,2759140,2435370,2435370,0,2509290
,329059190,329059190,0,경상이전수입,청소년육성기금,2015,여성가족부,695692180,0,625549920,366632990,366632990,0,695692180
,0,0,0,재화및용역판매수입,청소년육성기금,2015,여성가족부,0,0,0,0,0,0,0
,0,0,0,예금및예탁금,청소년육성기금,2015,여성가족부,0,5404802482,3847934787,5404802482,0,5404802482,5404802482
,0,0,0,재산수입,양성평등기금,2015,여성가족부,1258870,0,1009160,1258870,1258870,0,1258870
,0,0,0,경상이전수입,양성평등기금,2015,여성가족부,1238870710,0,715218490,1238870710,1238870710,0,1238870710
,344020944,344020944,0,융자회수금,양성평등기금,2015,여성가족부,344020944,0,344514514,0,0,0,344020944
,0,0,0,예금및예탁금,양성평등기금,2015,여성가족부,0,10342064084,4889170846,10342064084,0,10342064084,10342064084
,0,0,0,재산수입,일반회계,2015,방송통신위원회,0,0,0,0,0,0,0
,9191680,9191680,0,경상이전수입,일반회계,2015,방송통신위원회,15416680,0,12341680,6225000,6225000,0,15416680
,0,0,0,재화및용역판매수입,일반회계,2015,방송통신위원회,0,0,0,0,0,0,0
,0,0,0,경상이전수입,일반회계,2015,금융위원회,4658290,30417360,0,35075650,4658290,30417360,35075650
,0,0,0,재산수입,농어가목돈마련저축장려기금,2015,금융위원회,0,0,0,0,0,0,0
,0,0,0,경상이전수입,농어가목돈마련저축장려기금,2015,금융위원회,0,0,0,0,0,0,0
,0,0,0,예금및예탁금,농어가목돈마련저축장려기금,2015,금융위원회,0,1560000000,1430000000,1560000000,0,1560000000,1560000000
,0,0,0,재산수입,공적자금상환기금,2015,금융위원회,0,0,0,0,0,0,0
,0,0,0,경상이전수입,공적자금상환기금,2015,금융위원회,0,0,0,0,0,0,0
,0,0,0,예금및예탁금,공적자금상환기금,2015,금융위원회,0,100000000,0,100000000,0,100000000,100000000
,79993440,79993440,0,경상이전수입,일반회계,2015,국민권익위원회,128938800,121525200,95489050,170470560,48945360,121525200,250464000
,0,0,0,재화및용역판매수입,일반회계,2015,국민권익위원회,0,0,0,0,0,0,0
,0,0,0,경상이전수입,일반회계,2015,원자력안전위원회,0,0,0,0,0,0,0
,0,0,0,재산수입,일반회계,2015,대통령경호실,0,0,0,0,0,0,0
,0,0,0,경상이전수입,일반회계,2015,대통령경호실,0,0,0,0,0,0,0
,0,0,0,재화및용역판매수입,일반회계,2015,대통령경호실,0,0,0,0,0,0,0
,0,0,0,재산수입,일반회계,2015,미래창조과학부,0,9260820,1137180,9260820,0,9260820,9260820
,3845283200,3845283200,0,경상이전수입,일반회계,2015,미래창조과학부,15626475040,35844870,4144125200,11817036710,11781191840,35844870,15662319910
,1807438310,1807438310,0,재화및용역판매수입,일반회계,2015,미래창조과학부,1975611390,1103000,7801801750,169276080,168173080,1103000,1976714390
,0,0,0,관유물매각대,일반회계,2015,미래창조과학부,0,0,0,0,0,0,0
,0,0,0,기타수입,일반회계,2015,미래창조과학부,0,0,31154800,0,0,0,0
,13000,13000,0,경상이전수입,우체국보험특별회계,2015,미래창조과학부,19000,0,18100,6000,6000,0,19000
지역지원계정,0,0,0,경상이전수입,지역균형발전특별회계,2015,미래창조과학부,0,0,0,0,0,0,0
자본계정,649689250,649689250,0,관유물매각대,우편사업특별회계,2015,미래창조과학부,649819250,53070000,1193410660,53200000,130000,53070000,702889250
자본계정,1.35486E+11,0,1.35486E+11,융자회수금,우편사업특별회계,2015,미래창조과학부,0,1.35486E+11,1.35486E+11,0,0,0,1.35486E+11
자본계정,6797492000,0,6797492000,기타수입,우편사업특별회계,2015,미래창조과학부,0,6797492000,6797492000,0,0,0,6797492000
손익계정,795023970,795023970,0,재산수입,우편사업특별회계,2015,미래창조과학부,1591892610,1394346280,2381052580,2191214920,796868640,1394346280,2986238890
손익계정,753612930,753612930,0,경상이전수입,우편사업특별회계,2015,미래창조과학부,1836664320,255888830,1610580770,1338940220,1083051390,255888830,2092553150
손익계정,1045643400,0,1045643400,기타수입,우편사업특별회계,2015,미래창조과학부,0,1045643400,1045643400,0,0,0,1045643400
자본계정,0,0,0,관유물매각대,우체국예금특별회계,2015,미래창조과학부,29000,0,53400,29000,29000,0,29000
자본계정,91960000,0,91960000,기타수입,우체국예금특별회계,2015,미래창조과학부,0,91960000,91960000,0,0,0,91960000
손익계정,0,0,0,재산수입,우체국예금특별회계,2015,미래창조과학부,0,0,0,0,0,0,0
손익계정,3726549900,3726549900,0,경상이전수입,우체국예금특별회계,2015,미래창조과학부,3726549900,0,3727198210,0,0,0,3726549900
자본계정,0,0,0,관유물매각대,국립중앙과학관,2015,미래창조과학부,0,0,0,0,0,0,0
손익계정,63139060,63139060,0,재산수입,국립중앙과학관,2015,미래창조과학부,63139060,4274590,130187980,4274590,0,4274590,67413650
손익계정,223954140,223954140,0,경상이전수입,국립중앙과학관,2015,미래창조과학부,223954140,0,226645900,0,0,0,223954140
손익계정,9853030,9853030,0,재화및용역판매수입,국립중앙과학관,2015,미래창조과학부,10877530,7663500,9853030,8688000,1024500,7663500,18541030
손익계정,0,0,0,재산수입,국립과천과학관,2015,미래창조과학부,0,8252680,54177050,8252680,0,8252680,8252680
손익계정,2302330,2302330,0,경상이전수입,국립과천과학관,2015,미래창조과학부,2302330,0,2302330,0,0,0,2302330
손익계정,41709410,41709410,0,재화및용역판매수입,국립과천과학관,2015,미래창조과학부,41709410,0,52204370,0,0,0,41709410
,264144110,264144110,0,재산수입,일반회계,2015,교육부,413287210,81523430,1234020060,230666530,149143100,81523430,494810640
,480119640,480119640,0,경상이전수입,일반회계,2015,교육부,721684800,8262150,669774410,249827310,241565160,8262150,729946950
,21200,21200,0,재화및용역판매수입,일반회계,2015,교육부,169700,0,4831930,148500,148500,0,169700
,0,0,0,관유물매각대,일반회계,2015,교육부,0,0,0,0,0,0,0
,8.44E+11,0,8.44E+11,융자회수금,일반회계,2015,교육부,0,8.44407E+11,8.44028E+11,406215865,0,406215865,8.44407E+11
,80042880,0,80042880,기타수입,일반회계,2015,교육부,0,80042880,80042880,0,0,0,80042880
지역지원계정,0,0,0,재산수입,지역균형발전특별회계,2015,교육부,0,0,0,0,0,0,0
지역지원계정,0,0,0,경상이전수입,지역균형발전특별회계,2015,교육부,0,0,0,0,0,0,0
,0,0,0,재산수입,일반회계,2015,외교부,0,0,0,0,0,0,0
,0,0,0,경상이전수입,일반회계,2015,외교부,0,0,0,0,0,0,0
,0,0,0,재화및용역판매수입,일반회계,2015,외교부,0,0,0,0,0,0,0
,4487547881,1164440423,3323107458,기타수입,일반회계,2015,외교부,1480102369,4612421436,5415903143,1604975924,315661946,1289313978,6092523805
,242947750,242663210,284540,재산수입,일반회계,2015,농림축산식품부,242804300,1080070,247985710,936620,141090,795530,243884370
,1033525350,1032137340,1388010,경상이전수입,일반회계,2015,농림축산식품부,1262312160,2913620,2351917890,231700430,230174820,1525610,1265225780
,3948030,3948030,0,재화및용역판매수입,일반회계,2015,농림축산식품부,3948030,0,4128460,0,0,0,3948030
,0,0,0,관유물매각대,일반회계,2015,농림축산식품부,0,0,0,0,0,0,0
,433945000,0,433945000,기타수입,일반회계,2015,농림축산식품부,0,433945000,433945000,0,0,0,433945000
구조개선사업계정,7523450,7523450,0,재산수입,농어촌구조개선특별회계,2015,농림축산식품부,7523450,0,11183110,0,0,0,7523450
구조개선사업계정,986981900,986981900,0,경상이전수입,농어촌구조개선특별회계,2015,농림축산식품부,1241436980,68466020,2061979150,322921100,254455080,68466020,1309903000
구조개선사업계정,0,0,0,재화및용역판매수입,농어촌구조개선특별회계,2015,농림축산식품부,0,0,0,0,0,0,0
구조개선사업계정,0,0,0,관유물매각대,농어촌구조개선특별회계,2015,농림축산식품부,0,0,0,0,0,0,0
구조개선사업계정,6.61417E+11,0,6.61417E+11,융자회수금,농어촌구조개선특별회계,2015,농림축산식품부,0,6.77666E+11,8.29161E+11,16248978000,0,16248978000,6.77666E+11
농어촌특별세사업계정,0,0,0,재산수입,농어촌구조개선특별회계,2015,농림축산식품부,0,0,0,0,0,0,0
농어촌특별세사업계정,274123010,274123010,0,경상이전수입,농어촌구조개선특별회계,2015,농림축산식품부,330867800,46424780,484897350,103169570,56744790,46424780,377292580
농어촌특별세사업계정,46548161850,0,46548161850,융자회수금,농어촌구조개선특별회계,2015,농림축산식품부,0,46548161850,61420132770,0,0,0,46548161850
투자계정,0,0,0,재산수입,에너지및자원사업특별회계,2015,농림축산식품부,0,0,0,0,0,0,0
투자계정,0,0,0,경상이전수입,에너지및자원사업특별회계,2015,농림축산식품부,0,994360,1051166210,994360,0,994360,994360
융자계정,0,0,0,재산수입,에너지및자원사업특별회계,2015,농림축산식품부,0,0,0,0,0,0,0
융자계정,19705773550,0,19705773550,융자회수금,에너지및자원사업특별회계,2015,농림축산식품부,0,42469031550,33443962760,22763258000,0,22763258000,42469031550
,0,0,0,재산수입,혁신도시건설특별회계,2015,농림축산식품부,0,0,0,0,0,0,0
,0,0,0,경상이전수입,혁신도시건설특별회계,2015,농림축산식품부,0,0,0,0,0,0,0
,0,0,0,관유물매각대,혁신도시건설특별회계,2015,농림축산식품부,0,0,52752753310,0,0,0,0
지역자율계정,0,0,0,재산수입,지역균형발전특별회계,2015,농림축산식품부,0,0,0,0,0,0,0
지역자율계정,473799770,473799770,0,경상이전수입,지역균형발전특별회계,2015,농림축산식품부,574776910,0,0,100977140,100977140,0,574776910
지역지원계정,0,0,0,재산수입,지역균형발전특별회계,2015,농림축산식품부,0,0,0,0,0,0,0
지역지원계정,0,0,0,경상이전수입,지역균형발전특별회계,2015,농림축산식품부,0,0,0,0,0,0,0
손익계정,0,0,0,경상이전수입,양곡관리특별회계,2015,농림축산식품부,0,0,0,0,0,0,0
손익계정,0,0,0,재화및용역판매수입,양곡관리특별회계,2015,농림축산식품부,0,0,0,0,0,0,0
손익계정,225445750,225445750,0,관유물매각대,양곡관리특별회계,2015,농림축산식품부,241885750,647821330,7360606970,664261330,16440000,647821330,889707080
,0,0,0,예금및예탁금,양곡증권정리기금,2015,농림축산식품부,0,11098990905,0,11098990905,0,11098990905,11098990905
,55176720,55176720,0,재산수입,농산물가격안정기금,2015,농림축산식품부,55176720,0,55176720,0,0,0,55176720
,478373000,478373000,0,경상이전수입,농산물가격안정기금,2015,농림축산식품부,608440120,0,490916700,130067120,130067120,0,608440120
,0,0,0,재화및용역판매수입,농산물가격안정기금,2015,농림축산식품부,0,0,0,0,0,0,0
,0,0,0,관유물매각대,농산물가격안정기금,2015,농림축산식품부,0,0,0,0,0,0,0
,1.67925E+12,0,1.67925E+12,융자회수금,농산물가격안정기금,2015,농림축산식품부,0,2.7307E+12,2.98398E+12,1.05145E+12,0,1.05145E+12,2.7307E+12
,2.08038E+11,0,2.08038E+11,예금및예탁금,농산물가격안정기금,2015,농림축산식품부,0,4.65556E+11,3.07794E+11,2.57518E+11,0,2.57518E+11,4.65556E+11
,6844646019,6844646019,0,재산수입,농지관리기금,2015,농림축산식품부,7059688919,9761757582,24522469992,9976800482,215042900,9761757582,16821446501
,1.2251E+11,74469388614,48040622120,경상이전수입,농지관리기금,2015,농림축산식품부,1.63897E+11,2.71067E+11,6.48206E+11,3.12454E+11,89427877090,2.23026E+11,4.34964E+11
,3079379050,3079379050,0,관유물매각대,농지관리기금,2015,농림축산식품부,3079379050,48847432923,30873378976,48847432923,0,48847432923,51926811973
,3.83602E+12,0,3.83602E+12,융자회수금,농지관리기금,2015,농림축산식품부,0,4.47965E+12,4.15007E+12,6.43628E+11,0,6.43628E+11,4.47965E+12
,0,0,0,예금및예탁금,농지관리기금,2015,농림축산식품부,0,3.51977E+11,1.99125E+11,3.51977E+11,0,3.51977E+11,3.51977E+11
,0,0,0,재산수입,축산발전기금,2015,농림축산식품부,0,0,0,0,0,0,0
,0,0,0,경상이전수입,축산발전기금,2015,농림축산식품부,0,4230080,1585720,4230080,0,4230080,4230080
,0,0,0,관유물매각대,축산발전기금,2015,농림축산식품부,0,3033000000,0,3033000000,0,3033000000,3033000000
,1.13624E+12,0,1.13624E+12,융자회수금,축산발전기금,2015,농림축산식품부,0,1.69276E+12,1.70537E+12,5.5652E+11,0,5.5652E+11,1.69276E+12
,0,0,0,예금및예탁금,축산발전기금,2015,농림축산식품부,0,1.50421E+11,9637374281,1.50421E+11,0,1.50421E+11,1.50421E+11
,0,0,0,재산수입,농업소득보전직접지불기금,2015,농림축산식품부,0,0,0,0,0,0,0
,0,0,0,경상이전수입,농업소득보전직접지불기금,2015,농림축산식품부,0,0,0,0,0,0,0
,0,0,0,예금및예탁금,농업소득보전직접지불기금,2015,농림축산식품부,0,52271432190,92357680,52271432190,0,52271432190,52271432190
,0,0,0,재산수입,자유무역협정이행지원기금,2015,농림축산식품부,0,0,0,0,0,0,0
,0,0,0,경상이전수입,자유무역협정이행지원기금,2015,농림축산식품부,0,0,0,0,0,0,0
,0,0,0,관유물매각대,자유무역협정이행지원기금,2015,농림축산식품부,0,0,0,0,0,0,0
,6.44281E+11,6185000,6.44275E+11,융자회수금,자유무역협정이행지원기금,2015,농림축산식품부,6185000,8.3122E+11,7.89043E+11,1.86945E+11,0,1.86945E+11,8.31226E+11
,0,0,0,예금및예탁금,자유무역협정이행지원기금,2015,농림축산식품부,0,78677524788,57443239771,78677524788,0,78677524788,78677524788
,0,0,0,재산수입,농어업재해재보험기금,2015,농림축산식품부,0,354130,0,354130,0,354130,354130
,0,0,0,경상이전수입,농어업재해재보험기금,2015,농림축산식품부,104586570,0,51240570,104586570,104586570,0,104586570
,0,0,0,재화및용역판매수입,농어업재해재보험기금,2015,농림축산식품부,0,0,0,0,0,0,0
,0,0,0,예금및예탁금,농어업재해재보험기금,2015,농림축산식품부,0,1.05101E+11,76639131625,1.05101E+11,0,1.05101E+11,1.05101E+11
,204150300,204150300,0,재산수입,일반회계,2015,산업통상자원부,706955140,82172380,380160290,584977220,502804840,82172380,789127520
,601040140,601040140,0,경상이전수입,일반회계,2015,산업통상자원부,715143770,2047100,628913720,116150730,114103630,2047100,717190870
,30070180,30070180,0,재화및용역판매수입,일반회계,2015,산업통상자원부,45859340,0,41750980,15789160,15789160,0,45859340
,78384830,78384830,0,관유물매각대,일반회계,2015,산업통상자원부,78384830,0,845406010,0,0,0,78384830
,0,0,0,기타수입,일반회계,2015,산업통상자원부,0,0,14400000,0,0,0,0
투자계정,166510,166510,0,재산수입,에너지및자원사업특별회계,2015,산업통상자원부,326580,0,14281100,160070,160070,0,326580
투자계정,3004732920,3004732920,0,경상이전수입,에너지및자원사업특별회계,2015,산업통상자원부,3644047170,0,4650699110,639314250,639314250,0,3644047170
융자계정,0,0,0,재산수입,에너지및자원사업특별회계,2015,산업통상자원부,0,0,0,0,0,0,0
융자계정,5.37079E+12,0,5.37079E+12,융자회수금,에너지및자원사업특별회계,2015,산업통상자원부,0,6.13379E+12,6.49752E+12,7.63E+11,0,7.63E+11,6.13379E+12
,0,0,0,관유물매각대,혁신도시건설특별회계,2015,산업통상자원부,0,0,0,0,0,0,0
지역지원계정,0,0,0,재산수입,지역균형발전특별회계,2015,산업통상자원부,5041570,35857790,0,40899360,5041570,35857790,40899360
지역지원계정,0,0,0,경상이전수입,지역균형발전특별회계,2015,산업통상자원부,68565370,889545360,0,958110730,68565370,889545360,958110730
산업기술혁신계정,0,0,0,재산수입,산업기술진흥및사업화촉진기금,2015,산업통상자원부,0,0,0,0,0,0,0
산업기술혁신계정,0,0,0,경상이전수입,산업기술진흥및사업화촉진기금,2015,산업통상자원부,0,0,0,0,0,0,0
산업기술혁신계정,0,0,0,예금및예탁금,산업기술진흥및사업화촉진기금,2015,산업통상자원부,0,30715893572,0,30715893572,0,30715893572,30715893572
특정물질사용합리화계정,0,0,0,재산수입,산업기술진흥및사업화촉진기금,2015,산업통상자원부,0,0,0,0,0,0,0
특정물질사용합리화계정,0,0,0,경상이전수입,산업기술진흥및사업화촉진기금,2015,산업통상자원부,0,0,0,0,0,0,0
특정물질사용합리화계정,0,0,0,융자회수금,산업기술진흥및사업화촉진기금,2015,산업통상자원부,0,10406500000,0,10406500000,0,10406500000,10406500000
특정물질사용합리화계정,0,0,0,예금및예탁금,산업기술진흥및사업화촉진기금,2015,산업통상자원부,0,2652895589,0,2652895589,0,2652895589,2652895589
,0,0,0,재산수입,전력산업기반기금,2015,산업통상자원부,0,0,0,0,0,0,0
,659792230,659792230,0,경상이전수입,전력산업기반기금,2015,산업통상자원부,22765080250,1.81893E+11,3.61088E+11,2.03999E+11,22105288020,1.81893E+11,2.04658E+11
,4.11786E+11,0,4.11786E+11,융자회수금,전력산업기반기금,2015,산업통상자원부,0,5.46751E+11,4.69618E+11,1.34965E+11,0,1.34965E+11,5.46751E+11
,0,0,0,예금및예탁금,전력산업기반기금,2015,산업통상자원부,0,6.37754E+11,8.97677E+11,6.37754E+11,0,6.37754E+11,6.37754E+11
,0,0,0,재산수입,방사성폐기물관리기금,2015,산업통상자원부,0,0,0,0,0,0,0
,0,0,0,경상이전수입,방사성폐기물관리기금,2015,산업통상자원부,0,0,0,0,0,0,0
,0,0,0,재화및용역판매수입,방사성폐기물관리기금,2015,산업통상자원부,0,0,0,0,0,0,0
,0,0,0,예금및예탁금,방사성폐기물관리기금,2015,산업통상자원부,0,6206513752,11362104231,6206513752,0,6206513752,6206513752
,1354332340,1354330250,2090,재산수입,일반회계,2015,국토교통부,2341492300,702960,1420907980,987862920,987162050,700870,2342195260
,10356511870,10356450420,61450,경상이전수입,일반회계,2015,국토교통부,13311367840,50774640,10665911750,3005630610,2954917420,50713190,13362142480
,24291590,24291590,0,재화및용역판매수입,일반회계,2015,국토교통부,45095920,27721360,96114570,48525690,20804330,27721360,72817280
,0,0,0,관유물매각대,일반회계,2015,국토교통부,0,0,0,0,0,0,0
,276174110,0,276174110,기타수입,일반회계,2015,국토교통부,0,357257010,302400610,81082900,0,81082900,357257010
도로계정,9817709580,9746410590,71298990,재산수입,교통시설특별회계,2015,국토교통부,11605926660,148957730,12047214150,1937174810,1859516070,77658740,11754884390
도로계정,5007053510,5007053510,0,경상이전수입,교통시설특별회계,2015,국토교통부,7451777410,173515740,5718748900,2618239640,2444723900,173515740,7625293150
도로계정,192449180,192449180,0,재화및용역판매수입,교통시설특별회계,2015,국토교통부,241669330,0,258057070,49220150,49220150,0,241669330
도로계정,0,0,0,관유물매각대,교통시설특별회계,2015,국토교통부,0,43171000,156795030,43171000,0,43171000,43171000
철도계정,2668453340,2668453340,0,재산수입,교통시설특별회계,2015,국토교통부,2668453340,52820,3325600760,52820,0,52820,2668506160
철도계정,2600999160,2600999160,0,경상이전수입,교통시설특별회계,2015,국토교통부,2600999160,0,6559922550,0,0,0,2600999160
철도계정,0,0,0,재화및용역판매수입,교통시설특별회계,2015,국토교통부,0,0,0,0,0,0,0
철도계정,12000000,12000000,0,관유물매각대,교통시설특별회계,2015,국토교통부,18860000,1010608050,2660438700,1017468050,6860000,1010608050,1029468050
철도계정,0,0,0,융자회수금,교통시설특별회계,2015,국토교통부,0,0,65439000000,0,0,0,0
공항계정,4542640,4542640,0,재산수입,교통시설특별회계,2015,국토교통부,5336490,0,8055410,793850,793850,0,5336490
공항계정,63105390,63105390,0,경상이전수입,교통시설특별회계,2015,국토교통부,100552260,0,63150640,37446870,37446870,0,100552260
공항계정,0,0,0,재화및용역판매수입,교통시설특별회계,2015,국토교통부,4307660,0,43568620,4307660,4307660,0,4307660
공항계정,0,0,0,관유물매각대,교통시설특별회계,2015,국토교통부,0,0,0,0,0,0,0
교통체계관리계정,5703180,5703180,0,재산수입,교통시설특별회계,2015,국토교통부,8847130,0,5703180,3143950,3143950,0,8847130
교통체계관리계정,216735730,216735730,0,경상이전수입,교통시설특별회계,2015,국토교통부,512633060,0,216735730,295897330,295897330,0,512633060
교통체계관리계정,0,0,0,융자회수금,교통시설특별회계,2015,국토교통부,0,0,10999600000,0,0,0,0
,0,0,0,재산수입,혁신도시건설특별회계,2015,국토교통부,0,0,0,0,0,0,0
,0,0,0,경상이전수입,혁신도시건설특별회계,2015,국토교통부,0,0,0,0,0,0,0
지역자율계정,333320,333320,0,재산수입,지역균형발전특별회계,2015,국토교통부,528780,0,0,195460,195460,0,528780
지역자율계정,4.22775E+11,2.30298E+11,1.92478E+11,경상이전수입,지역균형발전특별회계,2015,국토교통부,2.77749E+11,3.50172E+11,0,2.05146E+11,47451537640,1.57694E+11,6.27921E+11
지역자율계정,8555180,7953540,601640,재화및용역판매수입,지역균형발전특별회계,2015,국토교통부,7953540,601640,0,0,0,0,8555180
지역자율계정,312469690,0,312469690,기타수입,지역균형발전특별회계,2015,국토교통부,0,312469690,0,0,0,0,312469690
지역지원계정,129109440,129109440,0,재산수입,지역균형발전특별회계,2015,국토교통부,235024580,0,0,105915140,105915140,0,235024580
지역지원계정,2.01222E+11,2.0122E+11,1464990,경상이전수입,지역균형발전특별회계,2015,국토교통부,2.0725E+11,20152704870,0,26181276390,6030036510,20151239880,2.27403E+11
지역지원계정,2983090,2983090,0,재화및용역판매수입,지역균형발전특별회계,2015,국토교통부,2983090,0,0,0,0,0,2983090
지역지원계정,527462670,527462670,0,관유물매각대,지역균형발전특별회계,2015,국토교통부,527462670,6300090,0,6300090,0,6300090,533762760
,0,0,0,재화및용역판매수입,주택도시기금,2015,국토교통부,0,10670165661,7044508777,10670165661,0,10670165661,10670165661
,7.04891E+13,1.56912E+11,7.03322E+13,융자회수금,주택도시기금,2015,국토교통부,1.58302E+11,8.52815E+13,8.3628E+13,1.49508E+13,1389523431,1.49494E+13,8.54398E+13
,0,0,0,예금및예탁금,주택도시기금,2015,국토교통부,0,1.76602E+12,6.58361E+11,1.76602E+12,0,1.76602E+12,1.76602E+12
,195226960,195226960,0,재산수입,일반회계,2015,해양수산부,197114970,252997070,480235570,254885080,1888010,252997070,450112040
,209136890,209136890,0,경상이전수입,일반회계,2015,해양수산부,259010020,2101106800,4113903830,2150979930,49873130,2101106800,2360116820
,34082840,34082840,0,재화및용역판매수입,일반회계,2015,해양수산부,65309360,144546310,189411610,175772830,31226520,144546310,209855670
,0,0,0,관유물매각대,일반회계,2015,해양수산부,0,0,0,0,0,0,0
,3.846E+11,0,3.846E+11,기타수입,일반회계,2015,해양수산부,0,3.84734E+11,3.84601E+11,133400000,0,133400000,3.84734E+11
구조개선사업계정,0,0,0,재산수입,농어촌구조개선특별회계,2015,해양수산부,0,0,3370530,0,0,0,0
구조개선사업계정,953673190,953673190,0,경상이전수입,농어촌구조개선특별회계,2015,해양수산부,1573673190,0,1807592760,620000000,620000000,0,1573673190
구조개선사업계정,0,0,0,재화및용역판매수입,농어촌구조개선특별회계,2015,해양수산부,0,0,0,0,0,0,0
구조개선사업계정,83885599360,0,83885599360,융자회수금,농어촌구조개선특별회계,2015,해양수산부,0,83885599360,1.12677E+11,0,0,0,83885599360
구조개선사업계정,0,0,0,기타수입,농어촌구조개선특별회계,2015,해양수산부,0,0,2190000,0,0,0,0
농어촌특별세사업계정,0,0,0,재산수입,농어촌구조개선특별회계,2015,해양수산부,0,8860800,0,8860800,0,8860800,8860800
농어촌특별세사업계정,0,0,0,경상이전수입,농어촌구조개선특별회계,2015,해양수산부,186414500,0,3331500,186414500,186414500,0,186414500
농어촌특별세사업계정,0,0,0,재화및용역판매수입,농어촌구조개선특별회계,2015,해양수산부,0,0,0,0,0,0,0
농어촌특별세사업계정,0,0,0,관유물매각대,농어촌구조개선특별회계,2015,해양수산부,0,0,0,0,0,0,0
농어촌특별세사업계정,975370970,0,975370970,융자회수금,농어촌구조개선특별회계,2015,해양수산부,0,975370970,1149657970,0,0,0,975370970
항만계정,675183070,675054040,129030,재산수입,교통시설특별회계,2015,해양수산부,687179720,137105320,825957000,149101970,12125680,136976290,824285040
항만계정,3152480990,3152480850,140,경상이전수입,교통시설특별회계,2015,해양수산부,6998534800,31702400,13183772720,3877756210,3846053950,31702260,7030237200
항만계정,5355116850,5355113850,3000,재화및용역판매수입,교통시설특별회계,2015,해양수산부,8031735530,4107949530,11811845250,6784568210,2676621680,4107946530,12139685060
항만계정,9738400,0,9738400,관유물매각대,교통시설특별회계,2015,해양수산부,0,9738400,26429600,0,0,0,9738400
투자계정,0,0,0,재산수입,에너지및자원사업특별회계,2015,해양수산부,0,0,534110,0,0,0,0
투자계정,0,0,0,경상이전수입,에너지및자원사업특별회계,2015,해양수산부,0,0,0,0,0,0,0
,0,0,0,재산수입,혁신도시건설특별회계,2015,해양수산부,0,0,0,0,0,0,0
,0,0,0,경상이전수입,혁신도시건설특별회계,2015,해양수산부,0,0,0,0,0,0,0
지역자율계정,0,0,0,재산수입,지역균형발전특별회계,2015,해양수산부,416000,0,0,416000,416000,0,416000
지역자율계정,0,0,0,경상이전수입,지역균형발전특별회계,2015,해양수산부,2063230,0,0,2063230,2063230,0,2063230
지역지원계정,0,0,0,경상이전수입,지역균형발전특별회계,2015,해양수산부,0,0,0,0,0,0,0
제주특별자치도계정,0,0,0,경상이전수입,지역균형발전특별회계,2015,해양수산부,0,0,0,0,0,0,0
자본계정,0,0,0,경상이전수입,대산지방해양수산청,2015,해양수산부,0,0,0,0,0,0,0
자본계정,0,0,0,관유물매각대,대산지방해양수산청,2015,해양수산부,0,2221780000,0,2221780000,0,2221780000,2221780000
손익계정,31118790,31118790,0,재산수입,대산지방해양수산청,2015,해양수산부,31118790,0,31118790,0,0,0,31118790
손익계정,53486250,53486250,0,경상이전수입,대산지방해양수산청,2015,해양수산부,53939270,6750,53486630,459770,453020,6750,53946020
손익계정,31584690,31584690,0,재화및용역판매수입,대산지방해양수산청,2015,해양수산부,38573500,498669210,586747770,505658020,6988810,498669210,537242710
손익계정,0,0,0,기타수입,대산지방해양수산청,2015,해양수산부,379440,0,0,379440,379440,0,379440
,1353800,1353800,0,재산수입,수산발전기금,2015,해양수산부,1353800,0,1989000,0,0,0,1353800
,3526067590,3526067590,0,경상이전수입,수산발전기금,2015,해양수산부,3896197630,740978910,6713172830,1111108950,370130040,740978910,4637176540
,0,0,0,재화및용역판매수입,수산발전기금,2015,해양수산부,0,0,0,0,0,0,0
,0,0,0,관유물매각대,수산발전기금,2015,해양수산부,0,0,0,0,0,0,0
,3.56762E+11,0,3.56762E+11,융자회수금,수산발전기금,2015,해양수산부,0,7.14227E+11,7.65048E+11,3.57465E+11,0,3.57465E+11,7.14227E+11
,0,0,0,예금및예탁금,수산발전기금,2015,해양수산부,0,91383153452,77435011417,91383153452,0,91383153452,91383153452
,0,0,0,재산수입,일반회계,2015,식품의약품안전처,304410,164000,1325690,468410,304410,164000,468410
,15451650,15451650,0,경상이전수입,일반회계,2015,식품의약품안전처,37771780,109470,276613350,22429600,22320130,109470,37881250
,5250460,5250460,0,재화및용역판매수입,일반회계,2015,식품의약품안전처,5250460,0,10296830,0,0,0,5250460
,0,0,0,관유물매각대,일반회계,2015,식품의약품안전처,0,0,0,0,0,0,0
,3330670,0,3330670,기타수입,일반회계,2015,식품의약품안전처,0,3330670,3330670,0,0,0,3330670
구조개선사업계정,0,0,0,재산수입,농어촌구조개선특별회계,2015,식품의약품안전처,0,0,0,0,0,0,0
구조개선사업계정,0,0,0,경상이전수입,농어촌구조개선특별회계,2015,식품의약품안전처,463510,0,1472230,463510,463510,0,463510
,0,0,0,재산수입,일반회계,2015,대통령비서실 및 국가안보실,0,0,0,0,0,0,0
,0,0,0,경상이전수입,일반회계,2015,대통령비서실 및 국가안보실,0,0,119196540,0,0,0,0
,0,0,0,재화및용역판매수입,일반회계,2015,대통령비서실 및 국가안보실,0,0,0,0,0,0,0
,0,0,0,재산수입,일반회계,2015,새만금개발청,0,0,0,0,0,0,0
,0,0,0,경상이전수입,일반회계,2015,새만금개발청,0,0,0,0,0,0,0
,0,0,0,재산수입,소상공인시장진흥기금,2015,중소벤처기업부,0,0,0,0,0,0,0
,0,0,0,재화및용역판매수입,소상공인시장진흥기금,2015,중소벤처기업부,0,0,0,0,0,0,0
,0,0,0,융자회수금,소상공인시장진흥기금,2015,중소벤처기업부,0,1.47731E+12,0,1.47731E+12,0,1.47731E+12,1.47731E+12
,0,0,0,예금및예탁금,소상공인시장진흥기금,2015,중소벤처기업부,0,75433033820,0,75433033820,0,75433033820,75433033820
,5556540,5556540,0,재산수입,일반회계,2015,행정자치부,69747120,127384390,141442890,191574970,64190580,127384390,197131510
,484491700,484491700,0,경상이전수입,일반회계,2015,행정자치부,1369877080,3016510,2977401390,888401890,885385380,3016510,1372893590
,386006360,386006360,0,재화및용역판매수입,일반회계,2015,행정자치부,388783900,0,409012230,2777540,2777540,0,388783900
,1296463000,1253663000,42800000,기타수입,일반회계,2015,행정자치부,1253663000,42800000,1416875910,0,0,0,1296463000
,0,0,0,관유물매각대,혁신도시건설특별회계,2015,행정자치부,0,0,0,0,0,0,0
지역지원계정,0,0,0,재산수입,지역균형발전특별회계,2015,행정자치부,0,0,0,0,0,0,0
지역지원계정,0,0,0,경상이전수입,지역균형발전특별회계,2015,행정자치부,0,0,0,0,0,0,0
,2472160,2472160,0,재산수입,일반회계,2015,국민안전처,76988150,0,34001690,74515990,74515990,0,76988150
,17508097610,17508097610,0,경상이전수입,일반회계,2015,국민안전처,19950781790,67859420,18554115440,2510543600,2442684180,67859420,20018641210
,934920,934920,0,재화및용역판매수입,일반회계,2015,국민안전처,26103540,6498000,12377920,31666620,25168620,6498000,32601540
,0,0,0,관유물매각대,일반회계,2015,국민안전처,0,0,0,0,0,0,0
,0,0,0,재산수입,일반회계,2015,인사혁신처,0,0,376050,0,0,0,0
,211946670,211946670,0,경상이전수입,일반회계,2015,인사혁신처,276157960,0,241404560,64211290,64211290,0,276157960
,0,0,0,재화및용역판매수입,일반회계,2015,인사혁신처,356800,0,0,356800,356800,0,356800
,1.17994E+12,0,1.17994E+12,융자회수금,일반회계,2015,인사혁신처,0,1.17996E+12,1.17994E+12,24986664,0,24986664,1.17996E+12
,0,0,0,재산수입,과학기술진흥기금,2015,과학기술정보통신부,0,0,0,0,0,0,0
,0,0,0,재화및용역판매수입,과학기술진흥기금,2015,과학기술정보통신부,0,0,0,0,0,0,0
,29000000000,0,29000000000,융자회수금,과학기술진흥기금,2015,과학기술정보통신부,0,29000000000,33150000000,0,0,0,29000000000
,0,0,0,예금및예탁금,과학기술진흥기금,2015,과학기술정보통신부,0,24370331969,9983827699,24370331969,0,24370331969,24370331969
,0,0,0,재산수입,정보통신진흥기금,2015,과학기술정보통신부,0,0,0,0,0,0,0
,22960499971,301393610,22659106361,경상이전수입,정보통신진흥기금,2015,과학기술정보통신부,301393610,23286457317,301393610,627350956,0,627350956,23587850927
,96611620000,0,96611620000,융자회수금,정보통신진흥기금,2015,과학기술정보통신부,0,1.56612E+11,1.38203E+11,60000000000,0,60000000000,1.56612E+11
,0,0,0,예금및예탁금,정보통신진흥기금,2015,과학기술정보통신부,0,34211435240,2.23853E+11,34211435240,0,34211435240,34211435240
,0,0,0,재산수입,원자력기금,2015,과학기술정보통신부,0,0,0,0,0,0,0
,0,0,0,경상이전수입,원자력기금,2015,과학기술정보통신부,0,0,0,0,0,0,0
,0,0,0,예금및예탁금,원자력기금,2015,과학기술정보통신부,0,76644739,999105572,76644739,0,76644739,76644739
,0,0,0,재산수입,방송통신발전기금,2015,과학기술정보통신부,0,0,0,0,0,0,0
,18850830,18850830,0,경상이전수입,방송통신발전기금,2015,과학기술정보통신부,18923150,0,18850830,72320,72320,0,18923150
,48958930150,0,48958930150,융자회수금,방송통신발전기금,2015,과학기술정보통신부,0,48958930150,84040380150,0,0,0,48958930150
,5693206623,0,5693206623,기타수입,방송통신발전기금,2015,과학기술정보통신부,0,5993737323,5693206623,300530700,0,300530700,5993737323
,0,0,0,예금및예탁금,방송통신발전기금,2015,과학기술정보통신부,0,94487544296,1.41642E+11,94487544296,0,94487544296,94487544296
,0,0,0,재산수입,일반회계,2016,감사원,0,0,0,0,0,0,0
,334198450,334198450,0,경상이전수입,일반회계,2016,감사원,334198450,14586640,334198450,14586640,0,14586640,348785090
,0,0,0,재화및용역판매수입,일반회계,2016,감사원,0,0,0,0,0,0,0
,420954410,82200000,338754410,기타수입,일반회계,2016,감사원,82200000,354494410,420954410,15740000,0,15740000,436694410
,0,0,0,재산수입,일반회계,2016,국회,0,0,4349250,0,0,0,0
,220273720,220273720,0,경상이전수입,일반회계,2016,국회,250977930,0,220372390,30704210,30704210,0,250977930
,0,0,0,재화및용역판매수입,일반회계,2016,국회,0,0,1515000,0,0,0,0
,0,0,0,관유물매각대,일반회계,2016,국회,0,0,0,0,0,0,0
,30706090,0,30706090,기타수입,일반회계,2016,국회,0,114763680,141060910,84057590,0,84057590,114763680
,676072360,676072360,0,재산수입,일반회계,2016,대법원,676382620,111449800,676072360,111760060,310260,111449800,787832420
,993063240,993063240,0,경상이전수입,일반회계,2016,대법원,1385966500,12014350,1035229250,404917610,392903260,12014350,1397980850
,0,0,0,재화및용역판매수입,일반회계,2016,대법원,0,0,0,0,0,0,0
,387117160,378984220,8132940,기타수입,일반회계,2016,대법원,378984220,106132940,386749480,98000000,0,98000000,485117160
,0,0,0,재산수입,등기특별회계,2016,대법원,0,99599950,0,99599950,0,99599950,99599950
,0,0,0,경상이전수입,등기특별회계,2016,대법원,0,0,0,0,0,0,0
,0,0,0,재화및용역판매수입,등기특별회계,2016,대법원,128400,0,0,128400,128400,0,128400
,0,0,0,관유물매각대,등기특별회계,2016,대법원,0,4789349000,0,4789349000,0,4789349000,4789349000
,207637500,207637500,0,기타수입,등기특별회계,2016,대법원,207637500,0,207637500,0,0,0,207637500
,0,0,0,재산수입,사법서비스진흥기금,2016,대법원,0,0,0,0,0,0,0
,22213910,22213910,0,경상이전수입,사법서비스진흥기금,2016,대법원,185910480,197205920,0,360902490,163696570,197205920,383116400
,0,0,0,재화및용역판매수입,사법서비스진흥기금,2016,대법원,81000,0,0,81000,81000,0,81000
,60000,0,60000,기타수입,사법서비스진흥기금,2016,대법원,0,60000,0,0,0,0,60000
,0,0,0,예금및예탁금,사법서비스진흥기금,2016,대법원,0,0,0,0,0,0,0
,0,0,0,재산수입,일반회계,2016,헌법재판소,0,0,0,0,0,0,0
,0,0,0,경상이전수입,일반회계,2016,헌법재판소,0,0,0,0,0,0,0
,0,0,0,재화및용역판매수입,일반회계,2016,헌법재판소,0,0,0,0,0,0,0
,160960000,0,160960000,기타수입,일반회계,2016,헌법재판소,0,160960000,160960000,0,0,0,160960000
,0,0,0,재산수입,일반회계,2016,중앙선거관리위원회,0,0,0,0,0,0,0
,0,0,0,경상이전수입,일반회계,2016,중앙선거관리위원회,0,0,0,0,0,0,0
,0,0,0,재화및용역판매수입,일반회계,2016,중앙선거관리위원회,0,0,0,0,0,0,0
,0,0,0,관유물매각대,일반회계,2016,중앙선거관리위원회,0,0,0,0,0,0,0
,1919720000,1751000000,168720000,기타수입,일반회계,2016,중앙선거관리위원회,1751000000,291720000,2352720000,123000000,0,123000000,2042720000
,0,0,0,재산수입,일반회계,2016,국무조정실 및 국무총리비서실,0,0,0,0,0,0,0
,0,0,0,경상이전수입,일반회계,2016,국무조정실 및 국무총리비서실,0,0,0,0,0,0,0
투자계정,0,0,0,재산수입,에너지및자원사업특별회계,2016,국무조정실 및 국무총리비서실,0,0,0,0,0,0,0
,765166410,765166410,0,재산수입,일반회계,2016,법무부,768629280,13053070,767975040,16515940,3462870,13053070,781682350
,3624842990,3623394990,1448000,경상이전수입,일반회계,2016,법무부,3869694260,36888220,3718012080,281739490,246299270,35440220,3906582480
,0,0,0,재화및용역판매수입,일반회계,2016,법무부,230000,0,0,230000,230000,0,230000
,0,0,0,관유물매각대,일반회계,2016,법무부,0,0,11415600,0,0,0,0
,363221830,0,363221830,기타수입,일반회계,2016,법무부,0,402181830,373221830,38960000,0,38960000,402181830
,0,0,0,재산수입,교도작업특별회계,2016,법무부,0,0,0,0,0,0,0
,0,0,0,경상이전수입,교도작업특별회계,2016,법무부,3400000,0,0,3400000,3400000,0,3400000
,848440,848440,0,재화및용역판매수입,교도작업특별회계,2016,법무부,114313390,0,28594240,113464950,113464950,0,114313390
,0,0,0,관유물매각대,교도작업특별회계,2016,법무부,0,0,0,0,0,0,0
,0,0,0,재산수입,범죄피해자보호기금,2016,법무부,130070,0,111000,130070,130070,0,130070
,0,0,0,경상이전수입,범죄피해자보호기금,2016,법무부,105753720,0,341249030,105753720,105753720,0,105753720
,6412147000,0,6412147000,예금및예탁금,범죄피해자보호기금,2016,법무부,0,23061250964,13919331302,16649103964,0,16649103964,23061250964
,544440190,526015520,18424670,재산수입,일반회계,2016,국방부,928730060,339070300,941055500,723360170,402714540,320645630,1267800360
,34628213970,33158608490,1469605480,경상이전수입,일반회계,2016,국방부,49035531790,1989876300,42928933930,16397194120,15876923300,520270820,51025408090
,1093593510,1093593510,0,재화및용역판매수입,일반회계,2016,국방부,1185368830,30858000,1103195610,122633320,91775320,30858000,1216226830
,1.44024E+11,0,1.44024E+11,융자회수금,일반회계,2016,국방부,0,1.44024E+11,1.44024E+11,0,0,0,1.44024E+11
,20744000,20000000,744000,기타수입,일반회계,2016,국방부,20000010,744000,27104110,10,10,0,20744010
,162242700,162242700,0,재산수입,주한미군기지이전특별회계,2016,국방부,200633170,1106113260,309411600,1144503730,38390470,1106113260,1306746430
,802552890,802552890,0,경상이전수입,주한미군기지이전특별회계,2016,국방부,989398240,0,880751490,186845350,186845350,0,989398240
,13587130,13587130,0,재화및용역판매수입,주한미군기지이전특별회계,2016,국방부,13587130,0,13587130,0,0,0,13587130
,0,0,0,관유물매각대,주한미군기지이전특별회계,2016,국방부,1276398560,40740077500,2354301740,42016476060,1276398560,40740077500,42016476060
,996849060,996849060,0,경상이전수입,국방·군사시설이전특별회계,2016,국방부,1499328740,0,2818085640,502479680,502479680,0,1499328740
,47691000,47691000,0,관유물매각대,국방·군사시설이전특별회계,2016,국방부,6861896740,6387325910,28313532550,13201531650,6814205740,6387325910,13249222650
,0,0,0,관유물매각대,혁신도시건설특별회계,2016,국방부,0,0,742647470,0,0,0,0
,1864387340,1864387340,0,경상이전수입,군인연금기금,2016,국방부,4408072080,212958120,2659545200,2756642860,2543684740,212958120,4621030200
복지계정,1882960987,1675245033,207715954,재산수입,군인복지기금,2016,국방부,3678047197,616611164,4091342388,2411697374,2002802164,408895210,4294658361
복지계정,2446464940,2057748600,388716340,경상이전수입,군인복지기금,2016,국방부,3465776870,425676280,4390315940,1444988210,1408028270,36959940,3891453150
복지계정,6054440,6054440,0,재화및용역판매수입,군인복지기금,2016,국방부,1878791350,0,811093850,1872736910,1872736910,0,1878791350
복지계정,0,0,0,기타수입,군인복지기금,2016,국방부,0,0,2000000,0,0,0,0
복지계정,8486506207,1069089086,7417417121,예금및예탁금,군인복지기금,2016,국방부,1246981770,37724459552,41547848578,30484935115,177892684,30307042431,38971441322
학자금대부계정,2.3976E+11,69791010000,1.69969E+11,융자회수금,군인복지기금,2016,국방부,69795790000,1.69969E+11,2.3976E+11,4780000,4780000,0,2.39765E+11
주거지원계정,11747,5,11742,재산수입,군인복지기금,2016,국방부,1010265,11742,11747,1010260,1010260,0,1022007
주거지원계정,93583340,87838340,5745000,경상이전수입,군인복지기금,2016,국방부,134051020,36562650,150596420,77030330,46212680,30817650,170613670
주거지원계정,2.13243E+11,14426650419,1.98816E+11,융자회수금,군인복지기금,2016,국방부,15061650419,3.04181E+11,3.09786E+11,1.06E+11,635000000,1.05365E+11,3.19243E+11
,81311390,81311390,0,재산수입,일반회계,2016,고용노동부,100883760,284160,195261150,19856530,19572370,284160,101167920
,5418476480,5418476480,0,경상이전수입,일반회계,2016,고용노동부,7466940520,922567250,9401794600,2971031290,2048464040,922567250,8389507770
,797000,797000,0,재화및용역판매수입,일반회계,2016,고용노동부,1614000,0,797000,817000,817000,0,1614000
,0,0,0,관유물매각대,일반회계,2016,고용노동부,0,0,0,0,0,0,0
,3396877900,0,3396877900,기타수입,일반회계,2016,고용노동부,0,3536877900,3396877900,140000000,0,140000000,3536877900
투자계정,0,0,0,재산수입,에너지및자원사업특별회계,2016,고용노동부,0,0,0,0,0,0,0
투자계정,1064438350,1064438350,0,경상이전수입,에너지및자원사업특별회계,2016,고용노동부,1075255740,0,1112019710,10817390,10817390,0,1075255740
지역자율계정,0,0,0,재산수입,지역균형발전특별회계,2016,고용노동부,64174470,0,0,64174470,64174470,0,64174470
지역자율계정,0,0,0,경상이전수입,지역균형발전특별회계,2016,고용노동부,2890299140,0,0,2890299140,2890299140,0,2890299140
제주특별자치도계정,0,0,0,재산수입,지역균형발전특별회계,2016,고용노동부,0,0,0,0,0,0,0
제주특별자치도계정,0,0,0,경상이전수입,지역균형발전특별회계,2016,고용노동부,0,0,0,0,0,0,0
세종특별자치시계정,0,0,0,재산수입,지역균형발전특별회계,2016,고용노동부,0,0,0,0,0,0,0
세종특별자치시계정,0,0,0,경상이전수입,지역균형발전특별회계,2016,고용노동부,0,0,0,0,0,0,0
,3.51894E+11,3.51894E+11,0,사회보장기여금,산업재해보상보험및예방기금,2016,고용노동부,6.25112E+11,3.42958E+11,9.1735E+11,6.16176E+11,2.73218E+11,3.42958E+11,9.68069E+11
,0,0,0,재산수입,산업재해보상보험및예방기금,2016,고용노동부,0,0,0,0,0,0,0
,2.85566E+11,2.85566E+11,0,경상이전수입,산업재해보상보험및예방기금,2016,고용노동부,4.04399E+11,7754494150,4.19195E+11,1.26588E+11,1.18833E+11,7754494150,4.12154E+11
,1026930,1026930,0,재화및용역판매수입,산업재해보상보험및예방기금,2016,고용노동부,1593450,0,1578680,566520,566520,0,1593450
,0,0,0,관유물매각대,산업재해보상보험및예방기금,2016,고용노동부,0,0,0,0,0,0,0
,6.62351E+11,506834460,6.61844E+11,융자회수금,산업재해보상보험및예방기금,2016,고용노동부,506834460,8.57542E+11,7.9022E+11,1.95698E+11,0,1.95698E+11,8.58049E+11
,0,0,0,예금및예탁금,산업재해보상보험및예방기금,2016,고용노동부,0,7.20565E+11,1.09032E+12,7.20565E+11,0,7.20565E+11,7.20565E+11
,0,0,0,재산수입,장애인고용촉진및직업재활기금,2016,고용노동부,0,0,0,0,0,0,0
,10154700500,10154700500,0,경상이전수입,장애인고용촉진및직업재활기금,2016,고용노동부,14863510230,2810749370,13948984360,7519559100,4708809730,2810749370,17674259600
,22452462650,0,22452462650,융자회수금,장애인고용촉진및직업재활기금,2016,고용노동부,0,22752462650,23112062650,300000000,0,300000000,22752462650
,0,0,0,예금및예탁금,장애인고용촉진및직업재활기금,2016,고용노동부,0,21678373015,1.42528E+11,21678373015,0,21678373015,21678373015
,2.31615E+11,2.31615E+11,0,사회보장기여금,고용보험기금,2016,고용노동부,4.18233E+11,5.89956E+11,9.33326E+11,7.76574E+11,1.86618E+11,5.89956E+11,1.00819E+12
,172769520,172769520,0,재산수입,고용보험기금,2016,고용노동부,176020110,26060,173547750,3276650,3250590,26060,176046170
,1.18269E+11,1.17958E+11,310734830,경상이전수입,고용보험기금,2016,고용노동부,1.69439E+11,17000282970,1.70283E+11,68170493240,51480945100,16689548140,1.8644E+11
,46537380,46537380,0,재화및용역판매수입,고용보험기금,2016,고용노동부,52204620,0,56474760,5667240,5667240,0,52204620
,2.85653E+11,643387430,2.8501E+11,융자회수금,고용보험기금,2016,고용노동부,643387430,3.44412E+11,3.77555E+11,59401766560,0,59401766560,3.45055E+11
,0,0,0,예금및예탁금,고용보험기금,2016,고용노동부,0,4.93952E+11,1.29133E+12,4.93952E+11,0,4.93952E+11,4.93952E+11
,121440770,121440770,0,재산수입,임금채권보장기금,2016,고용노동부,388886090,0,313234750,267445320,267445320,0,388886090
,9.24953E+11,9.24953E+11,0,경상이전수입,임금채권보장기금,2016,고용노동부,1.28145E+12,18896446310,1.09993E+12,3.75393E+11,3.56496E+11,18896446310,1.30035E+12
,0,0,0,재화및용역판매수입,임금채권보장기금,2016,고용노동부,0,0,0,0,0,0,0
,4659998260,1408205260,3251793000,융자회수금,임금채권보장기금,2016,고용노동부,1408205260,10456806870,6082300790,7205013870,0,7205013870,11865012130
,0,0,0,예금및예탁금,임금채권보장기금,2016,고용노동부,0,16150646886,18802558176,16150646886,0,16150646886,16150646886
,0,0,0,재산수입,일반회계,2016,통일부,0,0,16320960,0,0,0,0
,65927790,65927790,0,경상이전수입,일반회계,2016,통일부,69839240,0,65927790,3911450,3911450,0,69839240
,0,0,0,재화및용역판매수입,일반회계,2016,통일부,0,0,0,0,0,0,0
,231380000,0,231380000,기타수입,일반회계,2016,통일부,0,251380000,231380000,20000000,0,20000000,251380000
,0,0,0,재산수입,남북협력기금,2016,통일부,0,0,0,0,0,0,0
,0,0,0,경상이전수입,남북협력기금,2016,통일부,0,0,0,0,0,0,0
,0,0,0,재화및용역판매수입,남북협력기금,2016,통일부,0,0,0,0,0,0,0
,2.80794E+12,99973246110,2.70797E+12,융자회수금,남북협력기금,2016,통일부,99973246110,2.78397E+12,2.78436E+12,76006000000,0,76006000000,2.88395E+12
,50349319300,50349319300,0,기타수입,남북협력기금,2016,통일부,50594595850,0,50355302060,245276550,245276550,0,50594595850
,0,0,0,예금및예탁금,남북협력기금,2016,통일부,0,1.40166E+11,2.79342E+11,1.40166E+11,0,1.40166E+11,1.40166E+11
,12233450,12233450,0,재산수입,일반회계,2016,법제처,12233450,0,12233450,0,0,0,12233450
,55475640,55475640,0,경상이전수입,일반회계,2016,법제처,62076050,0,55475640,6600410,6600410,0,62076050
,34692120,34692120,0,재산수입,일반회계,2016,국가보훈부,34708840,26000,34796030,42720,16720,26000,34734840
,3763542310,3752350310,11192000,경상이전수입,일반회계,2016,국가보훈부,4532714510,11192000,4358055190,780364200,780364200,0,4543906510
,0,0,0,재화및용역판매수입,일반회계,2016,국가보훈부,1500000,0,0,1500000,1500000,0,1500000
,0,0,0,관유물매각대,일반회계,2016,국가보훈부,0,0,0,0,0,0,0
,211210000,0,211210000,기타수입,일반회계,2016,국가보훈부,0,211210000,211210000,0,0,0,211210000
투자계정,0,0,0,재산수입,에너지및자원사업특별회계,2016,국가보훈부,0,0,0,0,0,0,0
투자계정,0,0,0,경상이전수입,에너지및자원사업특별회계,2016,국가보훈부,0,0,0,0,0,0,0
,1112270,0,1112270,재산수입,순국선열애국지사사업기금,2016,국가보훈부,1500,37227140,77131500,36116370,1500,36114870,37228640
,458466230,458466230,0,경상이전수입,순국선열애국지사사업기금,2016,국가보훈부,475605690,1070900,552949470,18210360,17139460,1070900,476676590
,0,0,0,재화및용역판매수입,순국선열애국지사사업기금,2016,국가보훈부,0,0,0,0,0,0,0
,47640000,0,47640000,관유물매각대,순국선열애국지사사업기금,2016,국가보훈부,0,3501299000,11895847100,3453659000,0,3453659000,3501299000
,3370000000,0,3370000000,예금및예탁금,순국선열애국지사사업기금,2016,국가보훈부,0,5076820144,14053088900,1706820144,0,1706820144,5076820144
국가유공자지원자금,1432781740,1432781740,0,재산수입,보훈기금,2016,국가보훈부,1798647020,0,1771529900,365865280,365865280,0,1798647020
국가유공자지원자금,0,0,0,경상이전수입,보훈기금,2016,국가보훈부,0,0,0,0,0,0,0
국가유공자지원자금,0,0,0,재화및용역판매수입,보훈기금,2016,국가보훈부,0,0,0,0,0,0,0
국가유공자지원자금,0,0,0,관유물매각대,보훈기금,2016,국가보훈부,0,0,0,0,0,0,0
국가유공자지원자금,77651935480,7852277590,69799657890,융자회수금,보훈기금,2016,국가보훈부,10224811760,90707374520,1.09978E+11,23280250800,2372534170,20907716630,1.00932E+11
국가유공자지원자금,0,0,0,예금및예탁금,보훈기금,2016,국가보훈부,0,18029434305,15859512726,18029434305,0,18029434305,18029434305
참전유공자·제대군인지원자금,1149356690,1149356690,0,재산수입,보훈기금,2016,국가보훈부,1382090190,0,1326411700,232733500,232733500,0,1382090190
참전유공자·제대군인지원자금,0,0,0,경상이전수입,보훈기금,2016,국가보훈부,0,0,0,0,0,0,0
참전유공자·제대군인지원자금,10198658280,2935911040,7262747240,융자회수금,보훈기금,2016,국가보훈부,3553159930,8985234490,14016644330,2339736140,617248890,1722487250,12538394420
5·18 민주유공자지원자금,177606900,177606900,0,재산수입,보훈기금,2016,국가보훈부,196122010,0,196386710,18515110,18515110,0,196122010
5·18 민주유공자지원자금,1819322890,828838960,990483930,융자회수금,보훈기금,2016,국가보훈부,936091230,1082206280,2330085680,198974620,107252270,91722350,2018297510
특수임무유공자지원자금,61237370,61237370,0,재산수입,보훈기금,2016,국가보훈부,75336690,0,72899480,14099320,14099320,0,75336690
특수임무유공자지원자금,812103330,368068700,444034630,융자회수금,보훈기금,2016,국가보훈부,369367870,502010410,1048367510,59274950,1299170,57975780,871378280
,1583028350,1493749730,89278620,재산수입,일반회계,2016,산림청,1872036270,146219500,2492390500,435227420,378286540,56940880,2018255770
,11918764290,11739416790,179347500,경상이전수입,일반회계,2016,산림청,12977100500,607063810,13864551600,1665400020,1237683710,427716310,13584164310
,118939880,118939880,0,재화및용역판매수입,일반회계,2016,산림청,133142520,28525950,239473670,42728590,14202640,28525950,161668470
,2616166290,2534793890,81372400,관유물매각대,일반회계,2016,산림청,4651487260,257261250,3853477410,2292582220,2116693370,175888850,4908748510
,0,0,0,융자회수금,일반회계,2016,산림청,0,0,2816000,0,0,0,0
,0,0,0,기타수입,일반회계,2016,산림청,0,6600000,0,6600000,0,6600000,6600000
임업진흥사업계정,718910,718910,0,재산수입,농어촌구조개선특별회계,2016,산림청,889110,93000,19684850,263200,170200,93000,982110
임업진흥사업계정,28300760890,28300760890,0,경상이전수입,농어촌구조개선특별회계,2016,산림청,41425819430,9444482750,66036948900,22569541290,13125058540,9444482750,50870302180
임업진흥사업계정,0,0,0,재화및용역판매수입,농어촌구조개선특별회계,2016,산림청,2263290,0,0,2263290,2263290,0,2263290
임업진흥사업계정,0,0,0,관유물매각대,농어촌구조개선특별회계,2016,산림청,632440000,2477015000,2545376750,3109455000,632440000,2477015000,3109455000
임업진흥사업계정,2.31649E+11,0,2.31649E+11,융자회수금,농어촌구조개선특별회계,2016,산림청,0,3.00451E+11,2.49718E+11,68802000000,0,68802000000,3.00451E+11
지역자율계정,0,0,0,경상이전수입,지역균형발전특별회계,2016,산림청,0,0,100000000,0,0,0,0
자본계정,0,0,0,경상이전수입,국립자연휴양림관리소,2016,산림청,0,0,0,0,0,0,0
자본계정,0,0,0,관유물매각대,국립자연휴양림관리소,2016,산림청,0,0,0,0,0,0,0
손익계정,0,0,0,재산수입,국립자연휴양림관리소,2016,산림청,0,0,0,0,0,0,0
손익계정,0,0,0,경상이전수입,국립자연휴양림관리소,2016,산림청,0,0,0,0,0,0,0
손익계정,0,0,0,재화및용역판매수입,국립자연휴양림관리소,2016,산림청,0,0,0,0,0,0,0
,1.84121E+13,1.76573E+13,7.54752E+11,내국세,일반회계,2016,국세청,2.43079E+13,5.60347E+12,2.67174E+13,1.14993E+13,6.65054E+12,4.84872E+12,2.99113E+13
,11746930,11746930,0,방위세,일반회계,2016,국세청,11746930,0,16332020,0,0,0,11746930
,37763179160,37763179160,0,교통·에너지·환경세,일반회계,2016,국세청,40112772620,2034294810,38675944390,4383888270,2349593460,2034294810,42147067430
,23802826080,23801298170,1527910,교육세,일반회계,2016,국세청,31135133470,3422529980,31378683090,10754837370,7333835300,3421002070,34557663450
,45460713580,44368109120,1092604460,농어촌특별세,일반회계,2016,국세청,84361112080,45604598850,1.18396E+11,84504997350,39993002960,44511994390,1.29966E+11
,0,0,0,재산수입,일반회계,2016,국세청,0,0,846815520,0,0,0,0
,2.68753E+12,2.68751E+12,17714800,경상이전수입,일반회계,2016,국세청,3.1013E+12,403796070,2.75445E+12,4.1418E+11,4.13794E+11,386081270,3.10171E+12
,3690000,0,3690000,기타수입,일반회계,2016,국세청,0,3690000,3690000,0,0,0,3690000
,1.96067E+11,1.90665E+11,5401933330,종합부동산세,일반회계,2016,국세청,2.74523E+11,2.02493E+11,5.19574E+11,2.80949E+11,83857617260,1.97091E+11,4.77016E+11
,84083447690,84083447690,0,내국세,일반회계,2016,관세청,1.07841E+11,1.99897E+12,1.59537E+12,2.02273E+12,23757315290,1.99897E+12,2.10681E+12
,4.55311E+11,4.52651E+11,2660535270,관세,일반회계,2016,관세청,4.85802E+11,3.76884E+11,7.52586E+11,4.07375E+11,33151917360,3.74223E+11,8.62686E+11
,46376240,46376240,0,방위세,일반회계,2016,관세청,46376240,0,46182590,0,0,0,46376240
,3680282960,3680282960,0,교통·에너지·환경세,일반회계,2016,관세청,3680282960,27870938700,3951861500,27870938700,0,27870938700,31551221660
,6121467480,6121467480,0,교육세,일반회계,2016,관세청,6431204430,14238762830,19185433680,14548499780,309736950,14238762830,20669967260
,42313420,42313420,0,농어촌특별세,일반회계,2016,관세청,44550920,1515349730,1396869870,1517587230,2237500,1515349730,1559900650
,0,0,0,재산수입,일반회계,2016,관세청,0,3612840,298700,3612840,0,3612840,3612840
,3.01739E+11,3.01739E+11,0,경상이전수입,일반회계,2016,관세청,3.03368E+11,82096070,2.33493E+11,1711240150,1629144080,82096070,3.0345E+11
,37345330,37345330,0,재화및용역판매수입,일반회계,2016,관세청,54621290,1236600,54609630,18512560,17275960,1236600,55857890
,0,0,0,관유물매각대,일반회계,2016,관세청,0,0,1071600,0,0,0,0
,0,0,0,기타수입,일반회계,2016,관세청,0,0,0,0,0,0,0
,0,0,0,재산수입,일반회계,2016,병무청,0,0,2588140,0,0,0,0
,0,0,0,경상이전수입,일반회계,2016,병무청,0,0,0,0,0,0,0
,0,0,0,재화및용역판매수입,일반회계,2016,병무청,0,0,0,0,0,0,0
,0,0,0,관유물매각대,일반회계,2016,병무청,0,0,0,0,0,0,0
,0,0,0,융자회수금,일반회계,2016,병무청,0,0,0,0,0,0,0
,0,0,0,재산수입,일반회계,2016,농촌진흥청,0,6841340,0,6841340,0,6841340,6841340
,0,0,0,경상이전수입,일반회계,2016,농촌진흥청,11509310,0,0,11509310,11509310,0,11509310
,0,0,0,재화및용역판매수입,일반회계,2016,농촌진흥청,0,0,0,0,0,0,0
,0,0,0,관유물매각대,일반회계,2016,농촌진흥청,0,0,0,0,0,0,0
,120000,0,120000,기타수입,일반회계,2016,농촌진흥청,0,120000,120000,0,0,0,120000
구조개선사업계정,0,0,0,재산수입,농어촌구조개선특별회계,2016,농촌진흥청,0,0,0,0,0,0,0
구조개선사업계정,0,0,0,경상이전수입,농어촌구조개선특별회계,2016,농촌진흥청,0,0,0,0,0,0,0
구조개선사업계정,0,0,0,관유물매각대,농어촌구조개선특별회계,2016,농촌진흥청,0,0,0,0,0,0,0
구조개선사업계정,8025870000,0,8025870000,융자회수금,농어촌구조개선특별회계,2016,농촌진흥청,0,8025870000,9397146000,0,0,0,8025870000
,0,0,0,재산수입,혁신도시건설특별회계,2016,농촌진흥청,0,0,0,0,0,0,0
,0,0,0,관유물매각대,혁신도시건설특별회계,2016,농촌진흥청,0,0,0,0,0,0,0
지역자율계정,0,0,0,재산수입,지역균형발전특별회계,2016,농촌진흥청,0,0,0,0,0,0,0
지역자율계정,0,0,0,경상이전수입,지역균형발전특별회계,2016,농촌진흥청,0,0,0,0,0,0,0
지역지원계정,0,0,0,재산수입,지역균형발전특별회계,2016,농촌진흥청,0,0,0,0,0,0,0
지역지원계정,0,0,0,경상이전수입,지역균형발전특별회계,2016,농촌진흥청,0,0,0,0,0,0,0
제주특별자치도계정,0,0,0,재산수입,지역균형발전특별회계,2016,농촌진흥청,0,0,0,0,0,0,0
제주특별자치도계정,0,0,0,경상이전수입,지역균형발전특별회계,2016,농촌진흥청,0,0,0,0,0,0,0
세종특별자치시계정,0,0,0,경상이전수입,지역균형발전특별회계,2016,농촌진흥청,0,0,0,0,0,0,0
,0,0,0,재산수입,일반회계,2016,중소기업청,3641460,0,0,3641460,3641460,0,3641460
,688152560,688152560,0,경상이전수입,일반회계,2016,중소기업청,980020020,0,977029170,291867460,291867460,0,980020020
,0,0,0,재화및용역판매수입,일반회계,2016,중소기업청,0,0,0,0,0,0,0
,0,0,0,관유물매각대,일반회계,2016,중소기업청,0,0,0,0,0,0,0
,90000,0,90000,기타수입,일반회계,2016,중소기업청,0,90000,51790000,0,0,0,90000
지역자율계정,0,0,0,재산수입,지역균형발전특별회계,2016,중소기업청,2848810,0,0,2848810,2848810,0,2848810
지역자율계정,0,0,0,경상이전수입,지역균형발전특별회계,2016,중소기업청,337199290,0,0,337199290,337199290,0,337199290
지역지원계정,0,0,0,재산수입,지역균형발전특별회계,2016,중소기업청,33910,0,0,33910,33910,0,33910
지역지원계정,0,0,0,경상이전수입,지역균형발전특별회계,2016,중소기업청,1215060,0,0,1215060,1215060,0,1215060
제주특별자치도계정,0,0,0,재산수입,지역균형발전특별회계,2016,중소기업청,0,0,0,0,0,0,0
제주특별자치도계정,0,0,0,경상이전수입,지역균형발전특별회계,2016,중소기업청,0,0,0,0,0,0,0
손익계정,0,0,0,재산수입,특허청,2016,특허청,0,0,0,0,0,0,0
손익계정,0,0,0,경상이전수입,특허청,2016,특허청,0,0,0,0,0,0,0
손익계정,0,0,0,재화및용역판매수입,특허청,2016,특허청,0,0,0,0,0,0,0
손익계정,0,0,0,관유물매각대,특허청,2016,특허청,0,0,0,0,0,0,0
손익계정,5673004500,0,5673004500,융자회수금,특허청,2016,특허청,0,5673004500,5671869149,0,0,0,5673004500
손익계정,5391410,0,5391410,기타수입,특허청,2016,특허청,0,5391410,5054450,0,0,0,5391410
자본계정,9575726820,9575726820,0,관유물매각대,조달특별회계,2016,조달청,27404517570,1.74898E+11,1.71655E+11,1.92727E+11,17828790750,1.74898E+11,2.02303E+11
손익계정,93484200,93484200,0,재산수입,조달특별회계,2016,조달청,93484200,53788960,152925850,53788960,0,53788960,147273160
손익계정,0,0,0,경상이전수입,조달특별회계,2016,조달청,0,0,0,0,0,0,0
손익계정,105942390,105942390,0,재화및용역판매수입,조달특별회계,2016,조달청,254971860,841568620,1529690970,990598090,149029470,841568620,1096540480
손익계정,5399258500,0,5399258500,융자회수금,조달특별회계,2016,조달청,0,5399258500,5399258500,0,0,0,5399258500
,3168050,3168050,0,재산수입,일반회계,2016,환경부,3168050,0,3168050,0,0,0,3168050
,6572100,6572100,0,경상이전수입,일반회계,2016,환경부,6572100,0,6572100,0,0,0,6572100
농어촌특별세사업계정,21685630,21685630,0,재산수입,농어촌구조개선특별회계,2016,환경부,21685630,0,21685630,0,0,0,21685630
투자계정,0,0,0,재산수입,에너지및자원사업특별회계,2016,환경부,394300,1330190,5767000,1724490,394300,1330190,1724490
투자계정,0,0,0,경상이전수입,에너지및자원사업특별회계,2016,환경부,121131810,0,304702780,121131810,121131810,0,121131810
,201080530,201080530,0,재산수입,환경개선특별회계,2016,환경부,655023520,837192920,2370791950,1291135910,453942990,837192920,1492216440
,7.82401E+11,7.81552E+11,849496200,경상이전수입,환경개선특별회계,2016,환경부,9.09064E+11,29491424590,9.85796E+11,1.56154E+11,1.27512E+11,28641928390,9.38555E+11
,0,0,0,재화및용역판매수입,환경개선특별회계,2016,환경부,0,5656000,5572040,5656000,0,5656000,5656000
,0,0,0,관유물매각대,환경개선특별회계,2016,환경부,0,0,0,0,0,0,0
,7.24052E+11,5669475000,7.18383E+11,융자회수금,환경개선특별회계,2016,환경부,5669475000,8.28836E+11,9.57685E+11,1.10454E+11,0,1.10454E+11,8.34506E+11
,300000,0,300000,기타수입,환경개선특별회계,2016,환경부,0,300000,300000,0,0,0,300000
지역자율계정,868430,868430,0,재산수입,지역균형발전특별회계,2016,환경부,868430,0,926860,0,0,0,868430
지역자율계정,939580,939580,0,경상이전수입,지역균형발전특별회계,2016,환경부,939580,0,3589360,0,0,0,939580
지역지원계정,253350,253350,0,재산수입,지역균형발전특별회계,2016,환경부,69231880,0,6253360,68978530,68978530,0,69231880
지역지원계정,6404940,6404940,0,경상이전수입,지역균형발전특별회계,2016,환경부,6404940,512816910,246202380,512816910,0,512816910,519221850
,0,0,0,재산수입,석면피해구제기금,2016,환경부,0,0,0,0,0,0,0
,341481160,341481160,0,경상이전수입,석면피해구제기금,2016,환경부,605863960,977287430,1503696540,1241670230,264382800,977287430,1583151390
,600000000,0,600000000,예금및예탁금,석면피해구제기금,2016,환경부,0,4628950207,0,4028950207,0,4028950207,4628950207
,0,0,0,재산수입,일반회계,2016,통계청,0,0,0,0,0,0,0
,121779110,121779110,0,경상이전수입,일반회계,2016,통계청,150334590,0,122707860,28555480,28555480,0,150334590
,0,0,0,재화및용역판매수입,일반회계,2016,통계청,0,396920,519290,396920,0,396920,396920
,0,0,0,관유물매각대,일반회계,2016,통계청,0,0,0,0,0,0,0
,0,0,0,재산수입,일반회계,2016,기상청,0,0,0,0,0,0,0
,0,0,0,경상이전수입,일반회계,2016,기상청,0,0,0,0,0,0,0
,1023870,1023870,0,재화및용역판매수입,일반회계,2016,기상청,1023870,0,1023870,0,0,0,1023870
,0,0,0,관유물매각대,일반회계,2016,기상청,0,0,0,0,0,0,0
,69367910,46855810,22512100,재산수입,일반회계,2016,경찰청,50678790,31721860,149037700,13032740,3822980,9209760,82400650
,50102520280,49996255530,106264750,경상이전수입,일반회계,2016,경찰청,1.04487E+11,1368239230,83884684890,55752840950,54490866470,1261974480,1.05855E+11
,41307620,41307620,0,재화및용역판매수입,일반회계,2016,경찰청,42136500,35000,44284040,863880,828880,35000,42171500
,4188000,4188000,0,관유물매각대,일반회계,2016,경찰청,4188000,0,108097000,0,0,0,4188000
,439714130,86140000,353574130,기타수입,일반회계,2016,경찰청,86140000,911271630,439714130,557697500,0,557697500,997411630
,0,0,0,재산수입,혁신도시건설특별회계,2016,경찰청,0,0,0,0,0,0,0
,0,0,0,경상이전수입,혁신도시건설특별회계,2016,경찰청,0,0,0,0,0,0,0
,0,0,0,관유물매각대,혁신도시건설특별회계,2016,경찰청,0,0,63378040310,0,0,0,0
자본계정,0,0,0,관유물매각대,경찰병원,2016,경찰청,0,0,0,0,0,0,0
손익계정,0,0,0,재산수입,경찰병원,2016,경찰청,0,0,0,0,0,0,0
손익계정,0,0,0,경상이전수입,경찰병원,2016,경찰청,0,0,0,0,0,0,0
손익계정,35873860,35873860,0,재화및용역판매수입,경찰병원,2016,경찰청,35919260,0,90244700,45400,45400,0,35919260
손익계정,300000,0,300000,기타수입,경찰병원,2016,경찰청,0,300000,300000,0,0,0,300000
,27498170,27498170,0,재산수입,일반회계,2016,공정거래위원회,27501700,0,37959670,3530,3530,0,27501700
,412153940,412153940,0,경상이전수입,일반회계,2016,공정거래위원회,445611250,78763480,506953380,112220790,33457310,78763480,524374730
,5685200,0,5685200,기타수입,일반회계,2016,공정거래위원회,0,5685200,5685200,0,0,0,5685200
,0,0,0,재산수입,일반회계,2016,민주평화통일자문회의,0,0,0,0,0,0,0
,576518630,576518630,0,재산수입,일반회계,2016,문화재청,1041057230,16645140,745700570,481183740,464538600,16645140,1057702370
,6379167010,6379167010,0,경상이전수입,일반회계,2016,문화재청,11039328160,2977110,15282214520,4663138260,4660161150,2977110,11042305270
,0,0,0,재화및용역판매수입,일반회계,2016,문화재청,69500000,0,0,69500000,69500000,0,69500000
,0,0,0,관유물매각대,일반회계,2016,문화재청,0,0,0,0,0,0,0
,22000000,0,22000000,기타수입,일반회계,2016,문화재청,0,22000000,22000000,0,0,0,22000000
지역자율계정,23672810,23672810,0,재산수입,지역균형발전특별회계,2016,문화재청,32741290,0,23672810,9068480,9068480,0,32741290
지역자율계정,547395290,547395290,0,경상이전수입,지역균형발전특별회계,2016,문화재청,708954640,0,556626900,161559350,161559350,0,708954640
지역지원계정,0,0,0,재산수입,지역균형발전특별회계,2016,문화재청,5017740,0,0,5017740,5017740,0,5017740
지역지원계정,0,0,0,경상이전수입,지역균형발전특별회계,2016,문화재청,179909500,0,0,179909500,179909500,0,179909500
,4400160,4400160,0,재산수입,문화재보호기금,2016,문화재청,20637060,0,9570160,16236900,16236900,0,20637060
,144013480,144013480,0,경상이전수입,문화재보호기금,2016,문화재청,1974934940,0,1670582350,1830921460,1830921460,0,1974934940
,2149100,2149100,0,재화및용역판매수입,문화재보호기금,2016,문화재청,2149100,0,2149100,0,0,0,2149100
,25714453236,0,25714453236,예금및예탁금,문화재보호기금,2016,문화재청,0,57714453236,44805704924,32000000000,0,32000000000,57714453236
,0,0,0,재산수입,일반회계,2016,국가인권위원회,0,0,0,0,0,0,0
,0,0,0,경상이전수입,일반회계,2016,국가인권위원회,0,0,0,0,0,0,0
,0,0,0,재화및용역판매수입,일반회계,2016,국가인권위원회,0,0,0,0,0,0,0
,156000000,156000000,0,기타수입,일반회계,2016,국가인권위원회,156000000,0,156000000,0,0,0,156000000
,0,0,0,재산수입,일반회계,2016,방위사업청,26606940,820,0,26607760,26606940,820,26607760
,1.93932E+11,1.90868E+11,3064339000,경상이전수입,일반회계,2016,방위사업청,2.44737E+11,45332923900,2.78758E+11,96137976960,53869392060,42268584900,2.9007E+11
,3685110000,0,3685110000,융자회수금,일반회계,2016,방위사업청,0,3685110000,3685110000,0,0,0,3685110000
,0,0,0,재산수입,행정중심복합도시건설특별회계,2016,행정중심복합도시건설청,0,19250000,0,19250000,0,19250000,19250000
,294040,294040,0,경상이전수입,행정중심복합도시건설특별회계,2016,행정중심복합도시건설청,19948440,0,294040,19654400,19654400,0,19948440
,0,0,0,관유물매각대,행정중심복합도시건설특별회계,2016,행정중심복합도시건설청,0,0,0,0,0,0,0
,479219790,479219790,0,방위세,일반회계,2016,기획재정부,479307490,0,483286840,87700,87700,0,479307490
,3915980606,3915980606,0,교육세,일반회계,2016,기획재정부,4174155016,0,4603012836,258174410,258174410,0,4174155016
,10327210670,10327210670,0,농어촌특별세,일반회계,2016,기획재정부,25316424830,0,25008579120,14989214160,14989214160,0,25316424830
,0,0,0,재산수입,일반회계,2016,기획재정부,40400401907,0,47560921250,40400401907,40400401907,0,40400401907
,78680180,78680180,0,경상이전수입,일반회계,2016,기획재정부,1.43871E+11,0,1.39704E+11,1.43793E+11,1.43793E+11,0,1.43871E+11
,0,0,0,관유물매각대,일반회계,2016,기획재정부,3.8786E+11,0,4.06446E+11,3.8786E+11,3.8786E+11,0,3.8786E+11
,0,0,0,예금및예탁금,일반회계,2016,기획재정부,798828662,0,243944721,798828662,798828662,0,798828662
,0,0,0,재산수입,국유재산관리기금,2016,기획재정부,0,0,0,0,0,0,0
,0,0,0,경상이전수입,국유재산관리기금,2016,기획재정부,0,0,0,0,0,0,0
,0,0,0,관유물매각대,국유재산관리기금,2016,기획재정부,0,0,0,0,0,0,0
,0,0,0,예금및예탁금,국유재산관리기금,2016,기획재정부,0,1.04075E+11,24707163058,1.04075E+11,0,1.04075E+11,1.04075E+11
,4.94031E+12,1603738000,4.9387E+12,융자회수금,대외경제협력기금,2016,기획재정부,1603738000,5.68415E+12,5.02466E+12,7.45445E+11,0,7.45445E+11,5.68575E+12
,0,0,0,예금및예탁금,대외경제협력기금,2016,기획재정부,0,1.22874E+11,1.61125E+11,1.22874E+11,0,1.22874E+11,1.22874E+11
총괄계정,6.45509E+11,0,6.45509E+11,재산수입,공공자금관리기금,2016,기획재정부,0,6.45509E+11,6.95593E+11,0,0,0,6.45509E+11
총괄계정,0,0,0,예금및예탁금,공공자금관리기금,2016,기획재정부,0,2.53532E+11,3.67761E+11,2.53532E+11,0,2.53532E+11,2.53532E+11
융자계정,0,0,0,재산수입,공공자금관리기금,2016,기획재정부,0,0,0,0,0,0,0
융자계정,0,0,0,경상이전수입,공공자금관리기금,2016,기획재정부,0,0,0,0,0,0,0
융자계정,1.49835E+12,0,1.49835E+12,융자회수금,공공자금관리기금,2016,기획재정부,0,1.50257E+12,1.92139E+12,4221166000,0,4221166000,1.50257E+12
융자계정,0,0,0,예금및예탁금,공공자금관리기금,2016,기획재정부,0,2.44384E+11,1.68863E+11,2.44384E+11,0,2.44384E+11,2.44384E+11
차관계정,0,0,0,재산수입,공공자금관리기금,2016,기획재정부,0,0,0,0,0,0,0
차관계정,0,0,0,경상이전수입,공공자금관리기금,2016,기획재정부,0,0,0,0,0,0,0
차관계정,0,0,0,융자회수금,공공자금관리기금,2016,기획재정부,0,0,192001810,0,0,0,0
차관계정,0,0,0,예금및예탁금,공공자금관리기금,2016,기획재정부,0,53538324671,49032578693,53538324671,0,53538324671,53538324671
,8.67314E+13,0,8.67314E+13,예금및예탁금,외국환평형기금,2016,기획재정부,0,1.05168E+14,8.67314E+13,1.84366E+13,0,1.84366E+13,1.05168E+14
,647200,647200,0,재산수입,복권기금,2016,기획재정부,653340,0,759900,6140,6140,0,653340
,0,0,0,경상이전수입,복권기금,2016,기획재정부,1179544510,0,1103062400,1179544510,1179544510,0,1179544510
,0,0,0,재화및용역판매수입,복권기금,2016,기획재정부,0,0,0,0,0,0,0
,2.41664E+11,2.41664E+11,0,예금및예탁금,복권기금,2016,기획재정부,2.41664E+11,0,2.07641E+11,0,0,0,2.41664E+11
,480636130,480636130,0,재산수입,일반회계,2016,문화체육관광부,537311020,96787860,930092090,153462750,56674890,96787860,634098880
,7726003830,7726003830,0,경상이전수입,일반회계,2016,문화체육관광부,9816227720,1108489100,8928642510,3198712990,2090223890,1108489100,10924716820
,75979560,75979560,0,재화및용역판매수입,일반회계,2016,문화체육관광부,102732450,3357450,99020950,30110340,26752890,3357450,106089900
,0,0,0,관유물매각대,일반회계,2016,문화체육관광부,0,0,0,0,0,0,0
,3630000,0,3630000,기타수입,일반회계,2016,문화체육관광부,0,18630000,171782440,15000000,0,15000000,18630000
,5087935,0,5087935,예금및예탁금,일반회계,2016,문화체육관광부,0,5087935,5031625,0,0,0,5087935
,0,0,0,재산수입,아시아문화중심도시조성특별회계,2016,문화체육관광부,0,0,4722090,0,0,0,0
,100864520,100864520,0,경상이전수입,아시아문화중심도시조성특별회계,2016,문화체육관광부,100864520,0,351579230,0,0,0,100864520
,0,0,0,재화및용역판매수입,아시아문화중심도시조성특별회계,2016,문화체육관광부,0,0,0,0,0,0,0
,0,0,0,기타수입,아시아문화중심도시조성특별회계,2016,문화체육관광부,0,100000000,0,100000000,0,100000000,100000000
지역자율계정,0,0,0,재산수입,지역균형발전특별회계,2016,문화체육관광부,928530,62722460,120449200,63650990,928530,62722460,63650990
지역자율계정,0,0,0,경상이전수입,지역균형발전특별회계,2016,문화체육관광부,2850326240,2853522770,4440182660,5703849010,2850326240,2853522770,5703849010
지역지원계정,0,0,0,재산수입,지역균형발전특별회계,2016,문화체육관광부,0,12645200,0,12645200,0,12645200,12645200
지역지원계정,0,0,0,경상이전수입,지역균형발전특별회계,2016,문화체육관광부,0,541389470,225747330,541389470,0,541389470,541389470
제주특별자치도계정,0,0,0,재산수입,지역균형발전특별회계,2016,문화체육관광부,0,0,0,0,0,0,0
제주특별자치도계정,0,0,0,경상이전수입,지역균형발전특별회계,2016,문화체육관광부,0,0,0,0,0,0,0
,52416170,52416170,0,재산수입,관광진흥개발기금,2016,문화체육관광부,104922910,3150450,65744660,55657190,52506740,3150450,108073360
,385684440,385684440,0,경상이전수입,관광진흥개발기금,2016,문화체육관광부,701896880,21002967760,1258798160,21319180200,316212440,21002967760,21704864640
,1.75187E+12,0,1.75187E+12,융자회수금,관광진흥개발기금,2016,문화체육관광부,0,2.24693E+12,1.85535E+12,4.9506E+11,0,4.9506E+11,2.24693E+12
,2044102434,0,2044102434,예금및예탁금,관광진흥개발기금,2016,문화체육관광부,0,16198572324,50207370112,14154469890,0,14154469890,16198572324
,0,0,0,재산수입,지역신문발전기금,2016,문화체육관광부,0,0,0,0,0,0,0
,0,0,0,경상이전수입,지역신문발전기금,2016,문화체육관광부,0,0,0,0,0,0,0
,0,0,0,융자회수금,지역신문발전기금,2016,문화체육관광부,0,0,25000000,0,0,0,0
,0,0,0,예금및예탁금,지역신문발전기금,2016,문화체육관광부,0,1556668339,3517397966,1556668339,0,1556668339,1556668339
,12191587660,12191587660,0,재산수입,일반회계,2016,보건복지부,12987328870,79842940,14398216630,875584150,795741210,79842940,13067171810
,21608137900,21608137900,0,경상이전수입,일반회계,2016,보건복지부,86480983900,6958932510,93451894420,71831778510,64872846000,6958932510,93439916410
,0,0,0,재화및용역판매수입,일반회계,2016,보건복지부,0,100000,0,100000,0,100000,100000
,0,0,0,관유물매각대,일반회계,2016,보건복지부,0,0,0,0,0,0,0
,37183206450,37183206450,0,융자회수금,일반회계,2016,보건복지부,37183206450,0,40165785250,0,0,0,37183206450
,20458902930,0,20458902930,기타수입,일반회계,2016,보건복지부,0,20616114930,20458902930,157212000,0,157212000,20616114930
투자계정,2341376710,2341376710,0,경상이전수입,에너지및자원사업특별회계,2016,보건복지부,2341376710,0,2863298840,0,0,0,2341376710
지역자율계정,0,0,0,재산수입,지역균형발전특별회계,2016,보건복지부,184200440,0,0,184200440,184200440,0,184200440
지역자율계정,0,0,0,경상이전수입,지역균형발전특별회계,2016,보건복지부,2200712010,144000,0,2200856010,2200712010,144000,2200856010
지역지원계정,0,0,0,재산수입,지역균형발전특별회계,2016,보건복지부,0,0,0,0,0,0,0
지역지원계정,0,0,0,경상이전수입,지역균형발전특별회계,2016,보건복지부,0,0,0,0,0,0,0
제주특별자치도계정,0,0,0,재산수입,지역균형발전특별회계,2016,보건복지부,0,0,0,0,0,0,0
제주특별자치도계정,0,0,0,경상이전수입,지역균형발전특별회계,2016,보건복지부,0,0,0,0,0,0,0
세종특별자치시계정,0,0,0,재산수입,지역균형발전특별회계,2016,보건복지부,0,0,0,0,0,0,0
세종특별자치시계정,0,0,0,경상이전수입,지역균형발전특별회계,2016,보건복지부,0,0,0,0,0,0,0
자본계정,0,0,0,관유물매각대,국립재활원,2016,보건복지부,0,0,0,0,0,0,0
손익계정,5119320,5119320,0,재산수입,국립재활원,2016,보건복지부,5119320,0,36353460,0,0,0,5119320
손익계정,4997840,4997840,0,경상이전수입,국립재활원,2016,보건복지부,4997840,0,4997840,0,0,0,4997840
손익계정,3453270,1614520,1838750,재화및용역판매수입,국립재활원,2016,보건복지부,26630110,37111930,36025400,60288770,25015590,35273180,63742040
손익계정,0,0,0,재산수입,국립목포병원,2016,보건복지부,0,0,0,0,0,0,0
손익계정,0,0,0,경상이전수입,국립목포병원,2016,보건복지부,0,0,0,0,0,0,0
손익계정,0,0,0,재화및용역판매수입,국립목포병원,2016,보건복지부,1515490,534478900,83774920,535994390,1515490,534478900,535994390
손익계정,0,0,0,관유물매각대,국립목포병원,2016,보건복지부,0,0,0,0,0,0,0
손익계정,0,0,0,재산수입,국립마산병원,2016,보건복지부,110820,32460200,234570,32571020,110820,32460200,32571020
손익계정,0,0,0,경상이전수입,국립마산병원,2016,보건복지부,0,0,0,0,0,0,0
손익계정,4040760,4040760,0,재화및용역판매수입,국립마산병원,2016,보건복지부,648321120,0,629641400,644280360,644280360,0,648321120
손익계정,0,0,0,재산수입,국립정신건강센터,2016,보건복지부,0,0,0,0,0,0,0
손익계정,58000210,58000210,0,경상이전수입,국립정신건강센터,2016,보건복지부,58000210,0,58000210,0,0,0,58000210
손익계정,0,0,0,재화및용역판매수입,국립정신건강센터,2016,보건복지부,0,1562884440,2198726760,1562884440,0,1562884440,1562884440
손익계정,0,0,0,관유물매각대,국립정신건강센터,2016,보건복지부,0,0,0,0,0,0,0
손익계정,0,0,0,재산수입,국립나주병원,2016,보건복지부,0,0,0,0,0,0,0
손익계정,0,0,0,경상이전수입,국립나주병원,2016,보건복지부,0,0,0,0,0,0,0
손익계정,0,0,0,재화및용역판매수입,국립나주병원,2016,보건복지부,0,1398610990,1138710310,1398610990,0,1398610990,1398610990
손익계정,0,0,0,관유물매각대,국립나주병원,2016,보건복지부,0,0,0,0,0,0,0
손익계정,0,0,0,재산수입,국립부곡병원,2016,보건복지부,13629680,37030,75000,13666710,13629680,37030,13666710
손익계정,0,0,0,경상이전수입,국립부곡병원,2016,보건복지부,0,0,0,0,0,0,0
손익계정,0,0,0,재화및용역판매수입,국립부곡병원,2016,보건복지부,0,561350240,416317120,561350240,0,561350240,561350240
손익계정,0,0,0,관유물매각대,국립부곡병원,2016,보건복지부,0,0,0,0,0,0,0
손익계정,0,0,0,재산수입,국립춘천병원,2016,보건복지부,0,0,0,0,0,0,0
손익계정,0,0,0,경상이전수입,국립춘천병원,2016,보건복지부,0,0,0,0,0,0,0
손익계정,0,0,0,재화및용역판매수입,국립춘천병원,2016,보건복지부,0,773609780,813504420,773609780,0,773609780,773609780
손익계정,0,0,0,재산수입,국립공주병원,2016,보건복지부,0,0,0,0,0,0,0
손익계정,0,0,0,경상이전수입,국립공주병원,2016,보건복지부,0,0,0,0,0,0,0
손익계정,0,0,0,재화및용역판매수입,국립공주병원,2016,보건복지부,0,758770550,692803230,758770550,0,758770550,758770550
손익계정,0,0,0,관유물매각대,국립공주병원,2016,보건복지부,0,0,0,0,0,0,0
,5.39761E+12,0,5.39761E+12,융자회수금,국민연금기금,2016,보건복지부,0,5.46604E+12,5.9343E+12,68426100053,0,68426100053,5.46604E+12
,0,0,0,예금및예탁금,국민연금기금,2016,보건복지부,0,6.39818E+12,2.60576E+12,6.39818E+12,0,6.39818E+12,6.39818E+12
국민건강증진계정,6535000,6535000,0,재산수입,국민건강증진기금,2016,보건복지부,11923410,52770,10851330,5441180,5388410,52770,11976180
국민건강증진계정,8327116610,8327116610,0,경상이전수입,국민건강증진기금,2016,보건복지부,1.87469E+11,60613800,10233419830,1.79202E+11,1.79142E+11,60613800,1.8753E+11
국민건강증진계정,0,0,0,관유물매각대,국민건강증진기금,2016,보건복지부,0,0,0,0,0,0,0
국민건강증진계정,0,0,0,예금및예탁금,국민건강증진기금,2016,보건복지부,0,1.01391E+11,47053892157,1.01391E+11,0,1.01391E+11,1.01391E+11
,5818020,5818020,0,재산수입,응급의료기금,2016,보건복지부,83670980,0,145020620,77852960,77852960,0,83670980
,78589860,78589860,0,경상이전수입,응급의료기금,2016,보건복지부,1036662140,52917530,1410479910,1010989810,958072280,52917530,1089579670
,3.83028E+11,0,3.83028E+11,융자회수금,응급의료기금,2016,보건복지부,0,4.00822E+11,4.56189E+11,17794000000,0,17794000000,4.00822E+11
,0,0,0,예금및예탁금,응급의료기금,2016,보건복지부,0,31309212350,30684624408,31309212350,0,31309212350,31309212350
,0,0,0,재산수입,일반회계,2016,여성가족부,410130,0,3562090,410130,410130,0,410130
,32869940,32869940,0,경상이전수입,일반회계,2016,여성가족부,690100350,0,799428590,657230410,657230410,0,690100350
,0,0,0,재화및용역판매수입,일반회계,2016,여성가족부,0,0,0,0,0,0,0
지역자율계정,0,0,0,경상이전수입,지역균형발전특별회계,2016,여성가족부,0,0,0,0,0,0,0
,54400,54400,0,재산수입,청소년육성기금,2016,여성가족부,2353480,0,2509290,2299080,2299080,0,2353480
,353556770,353556770,0,경상이전수입,청소년육성기금,2016,여성가족부,756380470,0,695692180,402823700,402823700,0,756380470
,0,0,0,재화및용역판매수입,청소년육성기금,2016,여성가족부,0,0,0,0,0,0,0
,0,0,0,예금및예탁금,청소년육성기금,2016,여성가족부,0,14370644265,5404802482,14370644265,0,14370644265,14370644265
,8270,8270,0,재산수입,양성평등기금,2016,여성가족부,2933190,0,1258870,2924920,2924920,0,2933190
,20279830,20279830,0,경상이전수입,양성평등기금,2016,여성가족부,1369593720,0,1238870710,1349313890,1349313890,0,1369593720
,342513674,342513674,0,융자회수금,양성평등기금,2016,여성가족부,342513674,0,344020944,0,0,0,342513674
,337795391,0,337795391,예금및예탁금,양성평등기금,2016,여성가족부,0,8802017845,10342064084,8464222454,0,8464222454,8802017845
,0,0,0,재산수입,일반회계,2016,방송통신위원회,0,0,0,0,0,0,0
,14616680,14616680,0,경상이전수입,일반회계,2016,방송통신위원회,24901680,0,15416680,10285000,10285000,0,24901680
,0,0,0,재화및용역판매수입,일반회계,2016,방송통신위원회,0,204000,0,204000,0,204000,204000
,20667370,4658290,16009080,경상이전수입,일반회계,2016,금융위원회,4658290,16009080,35075650,0,0,0,20667370
,0,0,0,재산수입,농어가목돈마련저축장려기금,2016,금융위원회,0,0,0,0,0,0,0
,0,0,0,경상이전수입,농어가목돈마련저축장려기금,2016,금융위원회,0,0,0,0,0,0,0
,0,0,0,예금및예탁금,농어가목돈마련저축장려기금,2016,금융위원회,0,0,1560000000,0,0,0,0
,0,0,0,재산수입,공적자금상환기금,2016,금융위원회,0,0,0,0,0,0,0
,0,0,0,경상이전수입,공적자금상환기금,2016,금융위원회,0,0,0,0,0,0,0
,0,0,0,예금및예탁금,공적자금상환기금,2016,금융위원회,0,0,100000000,0,0,0,0
,51849010,51849010,0,경상이전수입,일반회계,2016,국민권익위원회,132636790,117274200,250464000,198061980,80787780,117274200,249910990
,0,0,0,경상이전수입,일반회계,2016,원자력안전위원회,0,0,0,0,0,0,0
,0,0,0,재산수입,일반회계,2016,대통령경호실,0,0,0,0,0,0,0
,0,0,0,경상이전수입,일반회계,2016,대통령경호실,0,0,0,0,0,0,0
,0,0,0,재화및용역판매수입,일반회계,2016,대통령경호실,0,0,0,0,0,0,0
,0,0,0,관유물매각대,일반회계,2016,대통령경호실,0,0,0,0,0,0,0
,0,0,0,재산수입,일반회계,2016,미래창조과학부,0,878330,9260820,878330,0,878330,878330
,14181682070,14177755070,3927000,경상이전수입,일반회계,2016,미래창조과학부,17206177570,133060000,15662319910,3157555500,3028422500,129133000,17339237570
,1873547700,1873547700,0,재화및용역판매수입,일반회계,2016,미래창조과학부,2020901780,2707000,1976714390,150061080,147354080,2707000,2023608780
,0,0,0,관유물매각대,일반회계,2016,미래창조과학부,0,0,0,0,0,0,0
,0,0,0,경상이전수입,우체국보험특별회계,2016,미래창조과학부,0,0,19000,0,0,0,0
,0,0,0,관유물매각대,우체국보험특별회계,2016,미래창조과학부,80000,0,0,80000,80000,0,80000
,0,0,0,재산수입,혁신도시건설특별회계,2016,미래창조과학부,0,0,0,0,0,0,0
,0,0,0,재화및용역판매수입,혁신도시건설특별회계,2016,미래창조과학부,0,0,0,0,0,0,0
,0,0,0,관유물매각대,혁신도시건설특별회계,2016,미래창조과학부,0,0,0,0,0,0,0
지역지원계정,0,0,0,경상이전수입,지역균형발전특별회계,2016,미래창조과학부,0,286856780,0,286856780,0,286856780,286856780
자본계정,304431810,304431810,0,관유물매각대,우편사업특별회계,2016,미래창조과학부,304431810,23558000,702889250,23558000,0,23558000,327989810
자본계정,1.35486E+11,0,1.35486E+11,융자회수금,우편사업특별회계,2016,미래창조과학부,0,1.35486E+11,1.35486E+11,0,0,0,1.35486E+11
자본계정,6797432000,0,6797432000,기타수입,우편사업특별회계,2016,미래창조과학부,0,6797432000,6797492000,0,0,0,6797432000
손익계정,1075071580,1075071580,0,재산수입,우편사업특별회계,2016,미래창조과학부,1814429040,1578445890,2986238890,2317803350,739357460,1578445890,3392874930
손익계정,1231511960,1231511960,0,경상이전수입,우편사업특별회계,2016,미래창조과학부,3059584650,386720420,2092553150,2214793110,1828072690,386720420,3446305070
손익계정,1045643400,0,1045643400,기타수입,우편사업특별회계,2016,미래창조과학부,0,1045643400,1045643400,0,0,0,1045643400
자본계정,0,0,0,관유물매각대,우체국예금특별회계,2016,미래창조과학부,0,0,29000,0,0,0,0
자본계정,91960000,0,91960000,기타수입,우체국예금특별회계,2016,미래창조과학부,0,91960000,91960000,0,0,0,91960000
손익계정,0,0,0,재산수입,우체국예금특별회계,2016,미래창조과학부,0,0,0,0,0,0,0
손익계정,3725636170,3725636170,0,경상이전수입,우체국예금특별회계,2016,미래창조과학부,3725636170,200000,3726549900,200000,0,200000,3725836170
손익계정,0,0,0,관유물매각대,우체국예금특별회계,2016,미래창조과학부,0,0,0,0,0,0,0
손익계정,24468310,24468310,0,재산수입,국립중앙과학관,2016,미래창조과학부,24468310,3540740,67413650,3540740,0,3540740,28009050
손익계정,221528600,221528600,0,경상이전수입,국립중앙과학관,2016,미래창조과학부,221528600,0,223954140,0,0,0,221528600
손익계정,9853030,9853030,0,재화및용역판매수입,국립중앙과학관,2016,미래창조과학부,9853030,0,18541030,0,0,0,9853030
손익계정,0,0,0,재산수입,국립과천과학관,2016,미래창조과학부,0,0,8252680,0,0,0,0
손익계정,2302330,2302330,0,경상이전수입,국립과천과학관,2016,미래창조과학부,2302330,0,2302330,0,0,0,2302330
손익계정,41709410,41709410,0,재화및용역판매수입,국립과천과학관,2016,미래창조과학부,41709410,0,41709410,0,0,0,41709410
,328022880,328022880,0,재산수입,일반회계,2016,교육부,348971030,0,494810640,20948150,20948150,0,348971030
,684221710,684221710,0,경상이전수입,일반회계,2016,교육부,725511900,0,729946950,41290190,41290190,0,725511900
,60850,60850,0,재화및용역판매수입,일반회계,2016,교육부,9791160,126620,169700,9856930,9730310,126620,9917780
,0,0,0,관유물매각대,일반회계,2016,교육부,0,0,0,0,0,0,0
,8.44361E+11,0,8.44361E+11,융자회수금,일반회계,2016,교육부,0,8.44361E+11,8.44407E+11,0,0,0,8.44361E+11
,80042880,0,80042880,기타수입,일반회계,2016,교육부,0,80042880,80042880,0,0,0,80042880
지역지원계정,0,0,0,재산수입,지역균형발전특별회계,2016,교육부,0,0,0,0,0,0,0
지역지원계정,0,0,0,경상이전수입,지역균형발전특별회계,2016,교육부,0,0,0,0,0,0,0
,0,0,0,재산수입,일반회계,2016,외교부,0,0,0,0,0,0,0
,0,0,0,경상이전수입,일반회계,2016,외교부,0,0,0,0,0,0,0
,0,0,0,재화및용역판매수입,일반회계,2016,외교부,0,0,0,0,0,0,0
,0,0,0,관유물매각대,일반회계,2016,외교부,0,0,0,0,0,0,0
,3667244863,720524464,2946720399,기타수입,일반회계,2016,외교부,784799165,5554647969,6092523805,2672202271,64274701,2607927570,6339447134
,224299200,224299200,0,재산수입,일반회계,2016,농림축산식품부,482411080,0,243884370,258111880,258111880,0,482411080
,967654590,967654590,0,경상이전수입,일반회계,2016,농림축산식품부,1198407090,6134030,1265225780,236886530,230752500,6134030,1204541120
,3948030,3948030,0,재화및용역판매수입,일반회계,2016,농림축산식품부,76972530,24407000,3948030,97431500,73024500,24407000,101379530
,0,0,0,관유물매각대,일반회계,2016,농림축산식품부,0,0,0,0,0,0,0
,449945000,0,449945000,기타수입,일반회계,2016,농림축산식품부,0,449945000,433945000,0,0,0,449945000
구조개선사업계정,10169190,10169190,0,재산수입,농어촌구조개선특별회계,2016,농림축산식품부,10169240,0,7523450,50,50,0,10169240
구조개선사업계정,401986340,401986340,0,경상이전수입,농어촌구조개선특별회계,2016,농림축산식품부,1239501880,0,1309903000,837515540,837515540,0,1239501880
구조개선사업계정,0,0,0,재화및용역판매수입,농어촌구조개선특별회계,2016,농림축산식품부,0,0,0,0,0,0,0
구조개선사업계정,0,0,0,관유물매각대,농어촌구조개선특별회계,2016,농림축산식품부,0,0,0,0,0,0,0
구조개선사업계정,5.36343E+11,0,5.36343E+11,융자회수금,농어촌구조개선특별회계,2016,농림축산식품부,0,5.62549E+11,6.77666E+11,26205745000,0,26205745000,5.62549E+11
농어촌특별세사업계정,0,0,0,재산수입,농어촌구조개선특별회계,2016,농림축산식품부,0,0,0,0,0,0,0
농어촌특별세사업계정,309938240,309938240,0,경상이전수입,농어촌구조개선특별회계,2016,농림축산식품부,2007036060,0,377292580,1697097820,1697097820,0,2007036060
농어촌특별세사업계정,40905702460,0,40905702460,융자회수금,농어촌구조개선특별회계,2016,농림축산식품부,0,43036702460,46548161850,2131000000,0,2131000000,43036702460
투자계정,0,0,0,재산수입,에너지및자원사업특별회계,2016,농림축산식품부,0,0,0,0,0,0,0
투자계정,0,0,0,경상이전수입,에너지및자원사업특별회계,2016,농림축산식품부,0,1590694030,994360,1590694030,0,1590694030,1590694030
융자계정,0,0,0,재산수입,에너지및자원사업특별회계,2016,농림축산식품부,0,0,0,0,0,0,0
융자계정,23376034890,0,23376034890,융자회수금,에너지및자원사업특별회계,2016,농림축산식품부,0,38675844890,42469031550,15299810000,0,15299810000,38675844890
,0,0,0,재산수입,혁신도시건설특별회계,2016,농림축산식품부,0,0,0,0,0,0,0
,0,0,0,경상이전수입,혁신도시건설특별회계,2016,농림축산식품부,0,0,0,0,0,0,0
,0,0,0,관유물매각대,혁신도시건설특별회계,2016,농림축산식품부,0,0,0,0,0,0,0
지역자율계정,0,0,0,재산수입,지역균형발전특별회계,2016,농림축산식품부,0,0,0,0,0,0,0
지역자율계정,27487770,27487770,0,경상이전수입,지역균형발전특별회계,2016,농림축산식품부,322894400,0,574776910,295406630,295406630,0,322894400
지역지원계정,0,0,0,재산수입,지역균형발전특별회계,2016,농림축산식품부,0,0,0,0,0,0,0
지역지원계정,0,0,0,경상이전수입,지역균형발전특별회계,2016,농림축산식품부,0,0,0,0,0,0,0
손익계정,0,0,0,경상이전수입,양곡관리특별회계,2016,농림축산식품부,0,0,0,0,0,0,0
손익계정,0,0,0,재화및용역판매수입,양곡관리특별회계,2016,농림축산식품부,2257540,5961600,0,8219140,2257540,5961600,8219140
손익계정,123643750,123643750,0,관유물매각대,양곡관리특별회계,2016,농림축산식품부,148833250,0,889707080,25189500,25189500,0,148833250
,0,0,0,예금및예탁금,양곡증권정리기금,2016,농림축산식품부,0,33870996210,11098990905,33870996210,0,33870996210,33870996210
,0,0,0,재산수입,농산물가격안정기금,2016,농림축산식품부,99147710,0,55176720,99147710,99147710,0,99147710
,75536250,75536250,0,경상이전수입,농산물가격안정기금,2016,농림축산식품부,692278510,0,608440120,616742260,616742260,0,692278510
,0,0,0,재화및용역판매수입,농산물가격안정기금,2016,농림축산식품부,0,0,0,0,0,0,0
,0,0,0,관유물매각대,농산물가격안정기금,2016,농림축산식품부,0,0,0,0,0,0,0
,1.66309E+12,0,1.66309E+12,융자회수금,농산물가격안정기금,2016,농림축산식품부,0,2.62903E+12,2.7307E+12,9.65945E+11,0,9.65945E+11,2.62903E+12
,0,0,0,예금및예탁금,농산물가격안정기금,2016,농림축산식품부,0,6.53927E+11,4.65556E+11,6.53927E+11,0,6.53927E+11,6.53927E+11
,8748440143,863478458,7884961685,재산수입,농지관리기금,2016,농림축산식품부,6973586434,12768685625,16821446501,10993831916,6110107976,4883723940,19742272059
,1.54546E+11,99079737970,55465922730,경상이전수입,농지관리기금,2016,농림축산식품부,2.4816E+11,3.5878E+11,4.34964E+11,4.52394E+11,1.4908E+11,3.03314E+11,6.0694E+11
,15484381429,15484381429,0,관유물매각대,농지관리기금,2016,농림축산식품부,16264701090,56610415447,51926811973,57390735108,780319661,56610415447,72875116537
,4.14108E+12,0,4.14108E+12,융자회수금,농지관리기금,2016,농림축산식품부,0,4.76016E+12,4.47965E+12,6.19083E+11,0,6.19083E+11,4.76016E+12
,0,0,0,예금및예탁금,농지관리기금,2016,농림축산식품부,0,8.37142E+11,3.51977E+11,8.37142E+11,0,8.37142E+11,8.37142E+11
,0,0,0,재산수입,축산발전기금,2016,농림축산식품부,0,0,0,0,0,0,0
,0,0,0,경상이전수입,축산발전기금,2016,농림축산식품부,0,0,4230080,0,0,0,0
,0,0,0,관유물매각대,축산발전기금,2016,농림축산식품부,0,0,3033000000,0,0,0,0
,8.93945E+11,0,8.93945E+11,융자회수금,축산발전기금,2016,농림축산식품부,0,1.4937E+12,1.69276E+12,5.99752E+11,0,5.99752E+11,1.4937E+12
,0,0,0,예금및예탁금,축산발전기금,2016,농림축산식품부,0,2.40515E+11,1.50421E+11,2.40515E+11,0,2.40515E+11,2.40515E+11
,0,0,0,재산수입,농업소득보전직접지불기금,2016,농림축산식품부,0,0,0,0,0,0,0
,0,0,0,경상이전수입,농업소득보전직접지불기금,2016,농림축산식품부,0,0,0,0,0,0,0
,0,0,0,예금및예탁금,농업소득보전직접지불기금,2016,농림축산식품부,0,3367248510,52271432190,3367248510,0,3367248510,3367248510
,0,0,0,재산수입,자유무역협정이행지원기금,2016,농림축산식품부,66106470,0,0,66106470,66106470,0,66106470
,0,0,0,경상이전수입,자유무역협정이행지원기금,2016,농림축산식품부,1461921870,0,0,1461921870,1461921870,0,1461921870
,7.18546E+11,10757000,7.18535E+11,융자회수금,자유무역협정이행지원기금,2016,농림축산식품부,10757000,9.34797E+11,8.31226E+11,2.16262E+11,0,2.16262E+11,9.34808E+11
,0,0,0,예금및예탁금,자유무역협정이행지원기금,2016,농림축산식품부,0,54524083883,78677524788,54524083883,0,54524083883,54524083883
,0,0,0,재산수입,농어업재해재보험기금,2016,농림축산식품부,0,0,354130,0,0,0,0
,0,0,0,경상이전수입,농어업재해재보험기금,2016,농림축산식품부,0,0,104586570,0,0,0,0
,0,0,0,재화및용역판매수입,농어업재해재보험기금,2016,농림축산식품부,0,0,0,0,0,0,0
,0,0,0,예금및예탁금,농어업재해재보험기금,2016,농림축산식품부,0,1.77207E+11,1.05101E+11,1.77207E+11,0,1.77207E+11,1.77207E+11
,470955790,470955790,0,재산수입,일반회계,2016,산업통상자원부,1001767630,758547550,789127520,1289359390,530811840,758547550,1760315180
,646181120,646181120,0,경상이전수입,일반회계,2016,산업통상자원부,838217930,78011890,717190870,270048700,192036810,78011890,916229820
,34877060,34877060,0,재화및용역판매수입,일반회계,2016,산업통상자원부,81780200,0,45859340,46903140,46903140,0,81780200
,7824600,7824600,0,관유물매각대,일반회계,2016,산업통상자원부,7824600,0,78384830,0,0,0,7824600
투자계정,0,0,0,재산수입,에너지및자원사업특별회계,2016,산업통상자원부,1389030,0,326580,1389030,1389030,0,1389030
투자계정,3379899460,3379899460,0,경상이전수입,에너지및자원사업특별회계,2016,산업통상자원부,4020081240,6332663900,3644047170,6972845680,640181780,6332663900,10352745140
융자계정,0,0,0,재산수입,에너지및자원사업특별회계,2016,산업통상자원부,0,0,0,0,0,0,0
융자계정,5.17903E+12,0,5.17903E+12,융자회수금,에너지및자원사업특별회계,2016,산업통상자원부,0,5.78232E+12,6.13379E+12,6.03294E+11,0,6.03294E+11,5.78232E+12
지역자율계정,0,0,0,재산수입,지역균형발전특별회계,2016,산업통상자원부,0,0,0,0,0,0,0
지역자율계정,0,0,0,경상이전수입,지역균형발전특별회계,2016,산업통상자원부,0,0,0,0,0,0,0
지역지원계정,0,0,0,재산수입,지역균형발전특별회계,2016,산업통상자원부,11032930,148550340,40899360,159583270,11032930,148550340,159583270
지역지원계정,10647600,10647600,0,경상이전수입,지역균형발전특별회계,2016,산업통상자원부,60250540,6194707550,958110730,6244310490,49602940,6194707550,6254958090
산업기술혁신계정,0,0,0,재산수입,산업기술진흥및사업화촉진기금,2016,산업통상자원부,0,0,0,0,0,0,0
산업기술혁신계정,0,0,0,경상이전수입,산업기술진흥및사업화촉진기금,2016,산업통상자원부,0,0,0,0,0,0,0
산업기술혁신계정,0,0,0,예금및예탁금,산업기술진흥및사업화촉진기금,2016,산업통상자원부,0,9712372415,30715893572,9712372415,0,9712372415,9712372415
특정물질사용합리화계정,0,0,0,재산수입,산업기술진흥및사업화촉진기금,2016,산업통상자원부,0,0,0,0,0,0,0
특정물질사용합리화계정,0,0,0,경상이전수입,산업기술진흥및사업화촉진기금,2016,산업통상자원부,0,0,0,0,0,0,0
특정물질사용합리화계정,7760500000,0,7760500000,융자회수금,산업기술진흥및사업화촉진기금,2016,산업통상자원부,0,9517500000,10406500000,1757000000,0,1757000000,9517500000
특정물질사용합리화계정,1405211980,0,1405211980,예금및예탁금,산업기술진흥및사업화촉진기금,2016,산업통상자원부,0,3694946131,2652895589,2289734151,0,2289734151,3694946131
,659792230,659792230,0,경상이전수입,전력산업기반기금,2016,산업통상자원부,19724741780,1.88754E+11,2.04658E+11,2.07819E+11,19064949550,1.88754E+11,2.08478E+11
,4.82626E+11,0,4.82626E+11,융자회수금,전력산업기반기금,2016,산업통상자원부,0,6.32567E+11,5.46751E+11,1.49941E+11,0,1.49941E+11,6.32567E+11
,0,0,0,예금및예탁금,전력산업기반기금,2016,산업통상자원부,0,6.63945E+11,6.37754E+11,6.63945E+11,0,6.63945E+11,6.63945E+11
,0,0,0,재산수입,방사성폐기물관리기금,2016,산업통상자원부,0,0,0,0,0,0,0
,0,0,0,경상이전수입,방사성폐기물관리기금,2016,산업통상자원부,0,0,0,0,0,0,0
,0,0,0,재화및용역판매수입,방사성폐기물관리기금,2016,산업통상자원부,0,0,0,0,0,0,0
,0,0,0,예금및예탁금,방사성폐기물관리기금,2016,산업통상자원부,0,1.74062E+11,6206513752,1.74062E+11,0,1.74062E+11,1.74062E+11
,1801522640,1801522640,0,재산수입,일반회계,2016,국토교통부,1839978620,11214060,2342195260,49670040,38455980,11214060,1851192680
,5407196700,5407196700,0,경상이전수입,일반회계,2016,국토교통부,43890839620,12851850,13362142480,38496494770,38483642920,12851850,43903691470
,24481350,24481350,0,재화및용역판매수입,일반회계,2016,국토교통부,123131330,2782690,72817280,101432670,98649980,2782690,125914020
,0,0,0,관유물매각대,일반회계,2016,국토교통부,0,139055110,0,139055110,0,139055110,139055110
,357257010,0,357257010,기타수입,일반회계,2016,국토교통부,0,372257010,357257010,15000000,0,15000000,372257010
도로계정,10739289520,10699330910,39958610,재산수입,교통시설특별회계,2016,국토교통부,13098872480,85453520,11754884390,2445036480,2399541570,45494910,13184326000
도로계정,6370051550,6368343350,1708200,경상이전수입,교통시설특별회계,2016,국토교통부,10315257660,299944380,7625293150,4245150490,3946914310,298236180,10615202040
도로계정,238948750,238948750,0,재화및용역판매수입,교통시설특별회계,2016,국토교통부,306395280,0,241669330,67446530,67446530,0,306395280
도로계정,0,0,0,관유물매각대,교통시설특별회계,2016,국토교통부,268808300,98660900,43171000,367469200,268808300,98660900,367469200
철도계정,2664537740,2664537740,0,재산수입,교통시설특별회계,2016,국토교통부,2664537740,4337180,2668506160,4337180,0,4337180,2668874920
철도계정,2592792810,2592792810,0,경상이전수입,교통시설특별회계,2016,국토교통부,2592792810,4214900,2600999160,4214900,0,4214900,2597007710
철도계정,0,0,0,재화및용역판매수입,교통시설특별회계,2016,국토교통부,0,0,0,0,0,0,0
철도계정,0,0,0,관유물매각대,교통시설특별회계,2016,국토교통부,0,2552518740,1029468050,2552518740,0,2552518740,2552518740
공항계정,5103090,5103090,0,재산수입,교통시설특별회계,2016,국토교통부,9119260,0,5336490,4016170,4016170,0,9119260
공항계정,94058850,94058850,0,경상이전수입,교통시설특별회계,2016,국토교통부,508130110,182662850,100552260,596734110,414071260,182662850,690792960
공항계정,33490,33490,0,재화및용역판매수입,교통시설특별회계,2016,국토교통부,205230490,2922590,4307660,208119590,205197000,2922590,208153080
공항계정,0,0,0,관유물매각대,교통시설특별회계,2016,국토교통부,0,0,0,0,0,0,0
교통체계관리계정,1447070,1447070,0,재산수입,교통시설특별회계,2016,국토교통부,16395100,0,8847130,14948030,14948030,0,16395100
교통체계관리계정,433610500,433610500,0,경상이전수입,교통시설특별회계,2016,국토교통부,1643357750,0,512633060,1209747250,1209747250,0,1643357750
,0,0,0,재산수입,혁신도시건설특별회계,2016,국토교통부,0,0,0,0,0,0,0
지역자율계정,528780,528780,0,재산수입,지역균형발전특별회계,2016,국토교통부,528780,0,528780,0,0,0,528780
지역자율계정,4.04763E+11,2.26235E+11,1.78528E+11,경상이전수입,지역균형발전특별회계,2016,국토교통부,2.54221E+11,3.75819E+11,6.27921E+11,2.25277E+11,27985775630,1.97291E+11,6.3004E+11
지역자율계정,7953540,7953540,0,재화및용역판매수입,지역균형발전특별회계,2016,국토교통부,7953540,0,8555180,0,0,0,7953540
지역자율계정,312469690,0,312469690,기타수입,지역균형발전특별회계,2016,국토교통부,0,312469690,312469690,0,0,0,312469690
지역지원계정,138986600,138986600,0,재산수입,지역균형발전특별회계,2016,국토교통부,138986600,0,235024580,0,0,0,138986600
지역지원계정,1.43257E+11,1.43257E+11,0,경상이전수입,지역균형발전특별회계,2016,국토교통부,1.51303E+11,86722591640,2.27403E+11,94768859930,8046268290,86722591640,2.38026E+11
지역지원계정,2983090,2983090,0,재화및용역판매수입,지역균형발전특별회계,2016,국토교통부,2983090,0,2983090,0,0,0,2983090
지역지원계정,527462670,527462670,0,관유물매각대,지역균형발전특별회계,2016,국토교통부,527462670,0,533762760,0,0,0,527462670
제주특별자치도계정,0,0,0,재산수입,지역균형발전특별회계,2016,국토교통부,0,0,0,0,0,0,0
제주특별자치도계정,0,0,0,경상이전수입,지역균형발전특별회계,2016,국토교통부,0,0,0,0,0,0,0
주택계정,0,0,0,재화및용역판매수입,주택도시기금,2016,국토교통부,0,7832687248,10670165661,7832687248,0,7832687248,7832687248
주택계정,7.17114E+13,1.30594E+11,7.15808E+13,융자회수금,주택도시기금,2016,국토교통부,1.31424E+11,8.75104E+13,8.54398E+13,1.59305E+13,830380256,1.59296E+13,8.76418E+13
주택계정,0,0,0,예금및예탁금,주택도시기금,2016,국토교통부,0,9.16155E+11,1.76602E+12,9.16155E+11,0,9.16155E+11,9.16155E+11
도시계정,0,0,0,융자회수금,주택도시기금,2016,국토교통부,0,2400000000,0,2400000000,0,2400000000,2400000000
도시계정,0,0,0,예금및예탁금,주택도시기금,2016,국토교통부,0,32702454339,0,32702454339,0,32702454339,32702454339
,172541190,172541190,0,재산수입,일반회계,2016,해양수산부,178845810,274890920,450112040,281195540,6304620,274890920,453736730
,1993182480,167961380,1825221100,경상이전수입,일반회계,2016,해양수산부,439181100,1910966040,2360116820,356964660,271219720,85744940,2350147140
,15593720,15593720,0,재화및용역판매수입,일반회계,2016,해양수산부,3172242550,8299230,209855670,3164948060,3156648830,8299230,3180541780
,0,0,0,관유물매각대,일반회계,2016,해양수산부,0,6900000000,0,6900000000,0,6900000000,6900000000
,0,0,0,융자회수금,일반회계,2016,해양수산부,0,258273450,0,258273450,0,258273450,258273450
,3.72569E+11,0,3.72569E+11,기타수입,일반회계,2016,해양수산부,0,3.72621E+11,3.84734E+11,52200000,0,52200000,3.72621E+11
구조개선사업계정,0,0,0,재산수입,농어촌구조개선특별회계,2016,해양수산부,1999930,238680,0,2238610,1999930,238680,2238610
구조개선사업계정,973673190,973673190,0,경상이전수입,농어촌구조개선특별회계,2016,해양수산부,1004248320,5481660,1573673190,36056790,30575130,5481660,1009729980
구조개선사업계정,0,0,0,재화및용역판매수입,농어촌구조개선특별회계,2016,해양수산부,0,0,0,0,0,0,0
구조개선사업계정,0,0,0,관유물매각대,농어촌구조개선특별회계,2016,해양수산부,0,0,0,0,0,0,0
구조개선사업계정,66419195180,0,66419195180,융자회수금,농어촌구조개선특별회계,2016,해양수산부,0,66419195180,83885599360,0,0,0,66419195180
농어촌특별세사업계정,0,0,0,재산수입,농어촌구조개선특별회계,2016,해양수산부,0,0,8860800,0,0,0,0
농어촌특별세사업계정,186414500,186414500,0,경상이전수입,농어촌구조개선특별회계,2016,해양수산부,309182630,0,186414500,122768130,122768130,0,309182630
농어촌특별세사업계정,0,0,0,관유물매각대,농어촌구조개선특별회계,2016,해양수산부,0,0,0,0,0,0,0
농어촌특별세사업계정,768357150,0,768357150,융자회수금,농어촌구조개선특별회계,2016,해양수산부,0,768357150,975370970,0,0,0,768357150
항만계정,652937150,646238840,6698310,재산수입,교통시설특별회계,2016,해양수산부,653888040,130418350,824285040,131369240,7649200,123720040,784306390
항만계정,6266388910,6266388770,140,경상이전수입,교통시설특별회계,2016,해양수산부,6570912920,2609437420,7030237200,2913961430,304524150,2609437280,9180350340
항만계정,5328634620,5328631620,3000,재화및용역판매수입,교통시설특별회계,2016,해양수산부,10382406440,4810268010,12139685060,9864039830,5053774820,4810265010,15192674450
항만계정,467753440,4869200,462884240,관유물매각대,교통시설특별회계,2016,해양수산부,1483569200,462884240,9738400,1478700000,1478700000,0,1946453440
투자계정,0,0,0,재산수입,에너지및자원사업특별회계,2016,해양수산부,0,0,0,0,0,0,0
투자계정,0,0,0,경상이전수입,에너지및자원사업특별회계,2016,해양수산부,0,0,0,0,0,0,0
,0,0,0,재산수입,혁신도시건설특별회계,2016,해양수산부,0,0,0,0,0,0,0
,0,0,0,경상이전수입,혁신도시건설특별회계,2016,해양수산부,0,0,0,0,0,0,0
지역자율계정,416000,416000,0,재산수입,지역균형발전특별회계,2016,해양수산부,1379000,0,416000,963000,963000,0,1379000
지역자율계정,2063230,2063230,0,경상이전수입,지역균형발전특별회계,2016,해양수산부,57955370,0,2063230,55892140,55892140,0,57955370
지역지원계정,0,0,0,경상이전수입,지역균형발전특별회계,2016,해양수산부,0,0,0,0,0,0,0
자본계정,0,0,0,경상이전수입,대산지방해양수산청,2016,해양수산부,0,0,0,0,0,0,0
자본계정,0,0,0,관유물매각대,대산지방해양수산청,2016,해양수산부,0,0,2221780000,0,0,0,0
손익계정,23476570,23476570,0,재산수입,대산지방해양수산청,2016,해양수산부,23953180,3129520,31118790,3606130,476610,3129520,27082700
손익계정,48762730,48762730,0,경상이전수입,대산지방해양수산청,2016,해양수산부,48912770,0,53946020,150040,150040,0,48912770
손익계정,31529410,31529410,0,재화및용역판매수입,대산지방해양수산청,2016,해양수산부,37526420,85596500,537242710,91593510,5997010,85596500,123122920
손익계정,0,0,0,관유물매각대,대산지방해양수산청,2016,해양수산부,0,0,0,0,0,0,0
손익계정,0,0,0,기타수입,대산지방해양수산청,2016,해양수산부,0,0,379440,0,0,0,0
,464000,464000,0,재산수입,수산발전기금,2016,해양수산부,464000,3462170,1353800,3462170,0,3462170,3926170
,2734836890,2734836890,0,경상이전수입,수산발전기금,2016,해양수산부,2776930900,590770210,4637176540,632864220,42094010,590770210,3367701110
,0,0,0,재화및용역판매수입,수산발전기금,2016,해양수산부,0,0,0,0,0,0,0
,0,0,0,관유물매각대,수산발전기금,2016,해양수산부,0,0,0,0,0,0,0
,3.83738E+11,0,3.83738E+11,융자회수금,수산발전기금,2016,해양수산부,0,7.72663E+11,7.14227E+11,3.88925E+11,0,3.88925E+11,7.72663E+11
,0,0,0,예금및예탁금,수산발전기금,2016,해양수산부,0,48936196423,91383153452,48936196423,0,48936196423,48936196423
,0,0,0,재산수입,일반회계,2016,식품의약품안전처,4690,0,468410,4690,4690,0,4690
,16121950,16121950,0,경상이전수입,일반회계,2016,식품의약품안전처,95744880,17889840,37881250,97512770,79622930,17889840,113634720
,0,0,0,재화및용역판매수입,일반회계,2016,식품의약품안전처,3391980,0,5250460,3391980,3391980,0,3391980
,0,0,0,관유물매각대,일반회계,2016,식품의약품안전처,0,0,0,0,0,0,0
,3330670,0,3330670,기타수입,일반회계,2016,식품의약품안전처,0,3330670,3330670,0,0,0,3330670
구조개선사업계정,0,0,0,재산수입,농어촌구조개선특별회계,2016,식품의약품안전처,286520,0,0,286520,286520,0,286520
구조개선사업계정,0,0,0,경상이전수입,농어촌구조개선특별회계,2016,식품의약품안전처,755000,0,463510,755000,755000,0,755000
구조개선사업계정,0,0,0,관유물매각대,농어촌구조개선특별회계,2016,식품의약품안전처,0,0,0,0,0,0,0
,0,0,0,재산수입,일반회계,2016,대통령비서실 및 국가안보실,0,0,0,0,0,0,0
,0,0,0,경상이전수입,일반회계,2016,대통령비서실 및 국가안보실,0,0,0,0,0,0,0
,0,0,0,재화및용역판매수입,일반회계,2016,대통령비서실 및 국가안보실,0,0,0,0,0,0,0
,0,0,0,재산수입,일반회계,2016,새만금개발청,0,0,0,0,0,0,0
,0,0,0,경상이전수입,일반회계,2016,새만금개발청,0,0,0,0,0,0,0
,0,0,0,재화및용역판매수입,일반회계,2016,새만금개발청,0,0,0,0,0,0,0
지역지원계정,0,0,0,경상이전수입,지역균형발전특별회계,2016,새만금개발청,0,0,0,0,0,0,0
,0,0,0,재산수입,소상공인시장진흥기금,2016,중소벤처기업부,0,7870590,0,7870590,0,7870590,7870590
,0,0,0,경상이전수입,소상공인시장진흥기금,2016,중소벤처기업부,0,0,0,0,0,0,0
,0,0,0,재화및용역판매수입,소상공인시장진흥기금,2016,중소벤처기업부,0,0,0,0,0,0,0
,3.13051E+12,0,3.13051E+12,융자회수금,소상공인시장진흥기금,2016,중소벤처기업부,0,3.13142E+12,1.47731E+12,907451510,0,907451510,3.13142E+12
,1.20227E+11,0,1.20227E+11,예금및예탁금,소상공인시장진흥기금,2016,중소벤처기업부,0,1.2911E+11,75433033820,8882945005,0,8882945005,1.2911E+11
,0,0,0,경상이전수입,일반회계,2016,4·16세월호참사 특별조사위원회,0,0,0,0,0,0,0
,49940680,49940680,0,재산수입,일반회계,2016,행정자치부,83539350,183523320,197131510,217121990,33598670,183523320,267062670
,152776660,152776660,0,경상이전수입,일반회계,2016,행정자치부,575698930,16228500,1372893590,439150770,422922270,16228500,591927430
,386696760,386696760,0,재화및용역판매수입,일반회계,2016,행정자치부,406291420,11417470,388783900,31012130,19594660,11417470,417708890
,0,0,0,관유물매각대,일반회계,2016,행정자치부,0,0,0,0,0,0,0
,42800000,0,42800000,기타수입,일반회계,2016,행정자치부,0,42800000,1296463000,0,0,0,42800000
지역지원계정,0,0,0,재산수입,지역균형발전특별회계,2016,행정자치부,15450,0,0,15450,15450,0,15450
지역지원계정,0,0,0,경상이전수입,지역균형발전특별회계,2016,행정자치부,421337010,0,0,421337010,421337010,0,421337010
,3336250,3336250,0,재산수입,일반회계,2016,국민안전처,6620010,40300,76988150,3324060,3283760,40300,6660310
,18973395780,18973395780,0,경상이전수입,일반회계,2016,국민안전처,19268588100,36452370,20018641210,331644690,295192320,36452370,19305040470
,17401540,17401540,0,재화및용역판매수입,일반회계,2016,국민안전처,24171330,0,32601540,6769790,6769790,0,24171330
,0,0,0,관유물매각대,일반회계,2016,국민안전처,0,0,0,0,0,0,0
,0,0,0,재산수입,일반회계,2016,인사혁신처,0,0,0,0,0,0,0
,97756560,97756560,0,경상이전수입,일반회계,2016,인사혁신처,147233470,0,276157960,49476910,49476910,0,147233470
,0,0,0,재화및용역판매수입,일반회계,2016,인사혁신처,0,0,356800,0,0,0,0
,1.17994E+12,0,1.17994E+12,융자회수금,일반회계,2016,인사혁신처,0,1.17994E+12,1.17996E+12,0,0,0,1.17994E+12
,0,0,0,경상이전수입,혁신도시건설특별회계,2016,인사혁신처,0,0,0,0,0,0,0
,0,0,0,재산수입,과학기술진흥기금,2016,과학기술정보통신부,0,2725027870,0,2725027870,0,2725027870,2725027870
,0,0,0,재화및용역판매수입,과학기술진흥기금,2016,과학기술정보통신부,0,0,0,0,0,0,0
,9400000000,0,9400000000,융자회수금,과학기술진흥기금,2016,과학기술정보통신부,0,9400000000,29000000000,0,0,0,9400000000
,0,0,0,예금및예탁금,과학기술진흥기금,2016,과학기술정보통신부,0,54885889811,24370331969,54885889811,0,54885889811,54885889811
,0,0,0,재산수입,정보통신진흥기금,2016,과학기술정보통신부,0,0,0,0,0,0,0
,301393610,301393610,0,경상이전수입,정보통신진흥기금,2016,과학기술정보통신부,301393610,0,23587850927,0,0,0,301393610
,1.21021E+11,0,1.21021E+11,융자회수금,정보통신진흥기금,2016,과학기술정보통신부,0,1.94021E+11,1.56612E+11,73000000000,0,73000000000,1.94021E+11
,0,0,0,기타수입,정보통신진흥기금,2016,과학기술정보통신부,0,1100000000,0,1100000000,0,1100000000,1100000000
,0,0,0,예금및예탁금,정보통신진흥기금,2016,과학기술정보통신부,0,75290601775,34211435240,75290601775,0,75290601775,75290601775
,0,0,0,예금및예탁금,원자력기금,2016,과학기술정보통신부,0,0,76644739,0,0,0,0
원자력연구개발계정,0,0,0,재산수입,원자력기금,2016,과학기술정보통신부,0,0,0,0,0,0,0
원자력연구개발계정,0,0,0,경상이전수입,원자력기금,2016,과학기술정보통신부,0,0,0,0,0,0,0
원자력연구개발계정,0,0,0,예금및예탁금,원자력기금,2016,과학기술정보통신부,0,10181887403,0,10181887403,0,10181887403,10181887403
원자력안전규제계정,0,0,0,재산수입,원자력기금,2016,과학기술정보통신부,0,0,0,0,0,0,0
원자력안전규제계정,0,0,0,경상이전수입,원자력기금,2016,과학기술정보통신부,150000,0,0,150000,150000,0,150000
원자력안전규제계정,0,0,0,예금및예탁금,원자력기금,2016,과학기술정보통신부,0,7730765100,0,7730765100,0,7730765100,7730765100
,0,0,0,재산수입,방송통신발전기금,2016,과학기술정보통신부,360,0,0,360,360,0,360
,0,0,0,경상이전수입,방송통신발전기금,2016,과학기술정보통신부,2140300,0,18923150,2140300,2140300,0,2140300
,20948110150,0,20948110150,융자회수금,방송통신발전기금,2016,과학기술정보통신부,0,20948110150,48958930150,0,0,0,20948110150
,5705119123,0,5705119123,기타수입,방송통신발전기금,2016,과학기술정보통신부,0,6682099233,5993737323,976980110,0,976980110,6682099233
,0,0,0,예금및예탁금,방송통신발전기금,2016,과학기술정보통신부,0,65465522649,94487544296,65465522649,0,65465522649,65465522649
,0,0,0,재산수입,일반회계,2017,감사원,0,0,0,0,0,0,0
,348785090,348785090,0,경상이전수입,일반회계,2017,감사원,348785090,15924600,348785090,15924600,0,15924600,364709690
,0,0,0,재화및용역판매수입,일반회계,2017,감사원,0,0,0,0,0,0,0
,105894410,0,105894410,기타수입,일반회계,2017,감사원,0,115098940,436694410,9204530,0,9204530,115098940
,0,0,0,재산수입,일반회계,2017,국회,11235040,0,0,11235040,11235040,0,11235040
,250977930,250977930,0,경상이전수입,일반회계,2017,국회,266384710,0,250977930,15406780,15406780,0,266384710
,0,0,0,재화및용역판매수입,일반회계,2017,국회,0,0,0,0,0,0,0
,0,0,0,관유물매각대,일반회계,2017,국회,0,0,0,0,0,0,0
,15994640,0,15994640,기타수입,일반회계,2017,국회,0,377045150,114763680,361050510,0,361050510,377045150
,676072360,676072360,0,재산수입,일반회계,2017,대법원,676647680,0,787832420,575320,575320,0,676647680
,1361299820,1361299820,0,경상이전수입,일반회계,2017,대법원,1456185100,1479900,1397980850,96365180,94885280,1479900,1457665000
,0,0,0,재화및용역판매수입,일반회계,2017,대법원,32500,812600,0,845100,32500,812600,845100
,0,0,0,관유물매각대,일반회계,2017,대법원,0,0,0,0,0,0,0
,383650436,379076186,4574250,기타수입,일반회계,2017,대법원,390023386,4574250,485117160,10947200,10947200,0,394597636
,0,0,0,재산수입,등기특별회계,2017,대법원,0,0,99599950,0,0,0,0
,0,0,0,경상이전수입,등기특별회계,2017,대법원,0,0,0,0,0,0,0
,128400,128400,0,재화및용역판매수입,등기특별회계,2017,대법원,128400,0,128400,0,0,0,128400
,0,0,0,관유물매각대,등기특별회계,2017,대법원,0,0,4789349000,0,0,0,0
,207637500,207637500,0,기타수입,등기특별회계,2017,대법원,207637500,0,207637500,0,0,0,207637500
,0,0,0,재산수입,사법서비스진흥기금,2017,대법원,0,0,0,0,0,0,0
,266655350,266655350,0,경상이전수입,사법서비스진흥기금,2017,대법원,479353990,49430450,383116400,262129090,212698640,49430450,528784440
,81000,81000,0,재화및용역판매수입,사법서비스진흥기금,2017,대법원,81000,0,81000,0,0,0,81000
,60000,0,60000,기타수입,사법서비스진흥기금,2017,대법원,0,60000,60000,0,0,0,60000
,0,0,0,예금및예탁금,사법서비스진흥기금,2017,대법원,9902000000,52789519,0,9954789519,9902000000,52789519,9954789519
,0,0,0,재산수입,일반회계,2017,헌법재판소,0,0,0,0,0,0,0
,0,0,0,경상이전수입,일반회계,2017,헌법재판소,0,0,0,0,0,0,0
,0,0,0,재화및용역판매수입,일반회계,2017,헌법재판소,0,0,0,0,0,0,0
,160960000,0,160960000,기타수입,일반회계,2017,헌법재판소,0,160960000,160960000,0,0,0,160960000
,0,0,0,재산수입,일반회계,2017,중앙선거관리위원회,0,0,0,0,0,0,0
,0,0,0,경상이전수입,일반회계,2017,중앙선거관리위원회,0,0,0,0,0,0,0
,0,0,0,재화및용역판매수입,일반회계,2017,중앙선거관리위원회,0,0,0,0,0,0,0
,1821720000,1618000000,203720000,기타수입,일반회계,2017,중앙선거관리위원회,1646500000,358220000,2042720000,183000000,28500000,154500000,2004720000
,0,0,0,재산수입,일반회계,2017,국무조정실 및 국무총리비서실,0,0,0,0,0,0,0
,0,0,0,경상이전수입,일반회계,2017,국무조정실 및 국무총리비서실,0,0,0,0,0,0,0
투자계정,0,0,0,재산수입,에너지및자원사업특별회계,2017,국무조정실 및 국무총리비서실,0,0,0,0,0,0,0
투자계정,0,0,0,경상이전수입,에너지및자원사업특별회계,2017,국무조정실 및 국무총리비서실,0,0,0,0,0,0,0
,0,0,0,경상이전수입,환경개선특별회계,2017,국무조정실 및 국무총리비서실,0,0,0,0,0,0,0
,765979240,765979240,0,재산수입,일반회계,2017,법무부,995112000,63871580,781682350,293004340,229132760,63871580,1058983580
,3837240570,3836971370,269200,경상이전수입,일반회계,2017,법무부,4116293950,14017270,3906582480,293070650,279322580,13748070,4130311220
,0,0,0,재화및용역판매수입,일반회계,2017,법무부,47500,0,230000,47500,47500,0,47500
,0,0,0,관유물매각대,일반회계,2017,법무부,0,0,0,0,0,0,0
,385142460,0,385142460,기타수입,일반회계,2017,법무부,0,610212460,402181830,225070000,0,225070000,610212460
,0,0,0,재산수입,교도작업특별회계,2017,법무부,0,0,0,0,0,0,0
,3400000,3400000,0,경상이전수입,교도작업특별회계,2017,법무부,3400000,0,3400000,0,0,0,3400000
,848440,848440,0,재화및용역판매수입,교도작업특별회계,2017,법무부,82124290,0,114313390,81275850,81275850,0,82124290
,0,0,0,관유물매각대,교도작업특별회계,2017,법무부,0,0,0,0,0,0,0
,0,0,0,관유물매각대,혁신도시건설특별회계,2017,법무부,0,0,0,0,0,0,0
,130070,130070,0,재산수입,범죄피해자보호기금,2017,법무부,3270460,0,130070,3140390,3140390,0,3270460
,0,0,0,경상이전수입,범죄피해자보호기금,2017,법무부,275156770,0,105753720,275156770,275156770,0,275156770
,6500000000,0,6500000000,예금및예탁금,범죄피해자보호기금,2017,법무부,0,20693365430,23061250964,14193365430,0,14193365430,20693365430
,468020080,468020080,0,재산수입,일반회계,2017,국방부,804068870,67253500,1267800360,403302290,336048790,67253500,871322370
,36211432110,35274905320,936526790,경상이전수입,일반회계,2017,국방부,72351765140,2181494870,51025408090,38321827900,37076859820,1244968080,74533260010
,1097142640,1097142640,0,재화및용역판매수입,일반회계,2017,국방부,1451560860,3783840,1216226830,358202060,354418220,3783840,1455344700
,1.24798E+11,0,1.24798E+11,융자회수금,일반회계,2017,국방부,0,1.24798E+11,1.44024E+11,0,0,0,1.24798E+11
,20744000,20000000,744000,기타수입,일반회계,2017,국방부,20000000,744000,20744010,0,0,0,20744000
,168837750,168837750,0,재산수입,주한미군기지이전특별회계,2017,국방부,208754530,0,1306746430,39916780,39916780,0,208754530
,888478720,888478720,0,경상이전수입,주한미군기지이전특별회계,2017,국방부,1098427000,0,989398240,209948280,209948280,0,1098427000
,13587130,13587130,0,재화및용역판매수입,주한미군기지이전특별회계,2017,국방부,13587130,0,13587130,0,0,0,13587130
,50756320,50756320,0,관유물매각대,주한미군기지이전특별회계,2017,국방부,174104520,231840000,42016476060,355188200,123348200,231840000,405944520
,286862000,286862000,0,경상이전수입,국방·군사시설이전특별회계,2017,국방부,1566515050,0,1499328740,1279653050,1279653050,0,1566515050
,3975876000,3975876000,0,관유물매각대,국방·군사시설이전특별회계,2017,국방부,10926585310,7738127270,13249222650,14688836580,6950709310,7738127270,18664712580
,2702852200,2698525020,4327180,경상이전수입,군인연금기금,2017,국방부,3344287900,193974390,4621030200,835410090,645762880,189647210,3538262290
복지계정,2738943271,2550068495,188874776,재산수입,군인복지기금,2017,국방부,3896985807,622550020,4294658361,1780592556,1346917312,433675244,4519535827
복지계정,3668922360,3283806020,385116340,경상이전수입,군인복지기금,2017,국방부,3637991710,417656310,3891453150,386725660,354185690,32539970,4055648020
복지계정,1745617240,1745617240,0,재화및용역판매수입,군인복지기금,2017,국방부,1804829970,22419220,1878791350,81631950,59212730,22419220,1827249190
복지계정,7244436379,1263542260,5980894119,예금및예탁금,군인복지기금,2017,국방부,3536464160,50448682386,38971441322,46740710167,2272921900,44467788267,53985146546
학자금대부계정,1.37128E+11,4780000,1.37123E+11,융자회수금,군인복지기금,2017,국방부,4780000,1.66709E+11,2.39765E+11,29585940000,0,29585940000,1.66714E+11
주거지원계정,11747,5,11742,재산수입,군인복지기금,2017,국방부,5,11749,1022007,7,0,7,11754
주거지원계정,123724810,99730420,23994390,경상이전수입,군인복지기금,2017,국방부,168479060,23994390,170613670,68748640,68748640,0,192473450
주거지원계정,2.19735E+11,36573967059,1.83161E+11,융자회수금,군인복지기금,2017,국방부,37694967059,2.26002E+11,3.19243E+11,43962260000,1121000000,42841260000,2.63697E+11
,80383130,80383130,0,재산수입,일반회계,2017,고용노동부,94055240,2920,101167920,13675030,13672110,2920,94058160
,5024535140,5023340190,1194950,경상이전수입,일반회계,2017,고용노동부,7656570680,121782850,8389507770,2753818390,2633230490,120587900,7778353530
,797000,797000,0,재화및용역판매수입,일반회계,2017,고용노동부,797000,0,1614000,0,0,0,797000
,0,0,0,관유물매각대,일반회계,2017,고용노동부,0,0,0,0,0,0,0
,3421877900,0,3421877900,기타수입,일반회계,2017,고용노동부,0,3451877900,3536877900,30000000,0,30000000,3451877900
투자계정,0,0,0,재산수입,에너지및자원사업특별회계,2017,고용노동부,0,0,0,0,0,0,0
투자계정,914745220,914745220,0,경상이전수입,에너지및자원사업특별회계,2017,고용노동부,1021450720,0,1075255740,106705500,106705500,0,1021450720
,0,0,0,경상이전수입,혁신도시건설특별회계,2017,고용노동부,0,0,0,0,0,0,0
지역자율계정,12368090,12368090,0,재산수입,지역균형발전특별회계,2017,고용노동부,45873440,0,64174470,33505350,33505350,0,45873440
지역자율계정,1122976420,1122976420,0,경상이전수입,지역균형발전특별회계,2017,고용노동부,3386722590,0,2890299140,2263746170,2263746170,0,3386722590
제주특별자치도계정,0,0,0,재산수입,지역균형발전특별회계,2017,고용노동부,0,0,0,0,0,0,0
제주특별자치도계정,0,0,0,경상이전수입,지역균형발전특별회계,2017,고용노동부,0,0,0,0,0,0,0
세종특별자치시계정,0,0,0,재산수입,지역균형발전특별회계,2017,고용노동부,0,0,0,0,0,0,0
세종특별자치시계정,0,0,0,경상이전수입,지역균형발전특별회계,2017,고용노동부,0,0,0,0,0,0,0
,3.97243E+11,3.97243E+11,0,사회보장기여금,산업재해보상보험및예방기금,2017,고용노동부,6.54242E+11,3.55465E+11,9.68069E+11,6.12465E+11,2.57E+11,3.55465E+11,1.00971E+12
,0,0,0,재산수입,산업재해보상보험및예방기금,2017,고용노동부,0,0,0,0,0,0,0
,3.05176E+11,3.05176E+11,0,경상이전수입,산업재해보상보험및예방기금,2017,고용노동부,3.80356E+11,5574593540,4.12154E+11,80754681110,75180087570,5574593540,3.85931E+11
,1273230,1273230,0,재화및용역판매수입,산업재해보상보험및예방기금,2017,고용노동부,1887720,130,1593450,614620,614490,130,1887850
,0,0,0,관유물매각대,산업재해보상보험및예방기금,2017,고용노동부,0,0,0,0,0,0,0
,7.37656E+11,497994460,7.37158E+11,융자회수금,산업재해보상보험및예방기금,2017,고용노동부,497994460,9.2382E+11,8.58049E+11,1.86662E+11,0,1.86662E+11,9.24318E+11
,0,0,0,예금및예탁금,산업재해보상보험및예방기금,2017,고용노동부,0,6.78207E+11,7.20565E+11,6.78207E+11,0,6.78207E+11,6.78207E+11
,0,0,0,재산수입,장애인고용촉진및직업재활기금,2017,고용노동부,0,0,0,0,0,0,0
,11252868220,11252868220,0,경상이전수입,장애인고용촉진및직업재활기금,2017,고용노동부,16677919680,3308353100,17674259600,8733404560,5425051460,3308353100,19986272780
,0,0,0,관유물매각대,장애인고용촉진및직업재활기금,2017,고용노동부,0,0,0,0,0,0,0
,22685112650,0,22685112650,융자회수금,장애인고용촉진및직업재활기금,2017,고용노동부,0,24385112650,22752462650,1700000000,0,1700000000,24385112650
,0,0,0,예금및예탁금,장애인고용촉진및직업재활기금,2017,고용노동부,0,11100000000,21678373015,11100000000,0,11100000000,11100000000
,2.59246E+11,2.59246E+11,0,사회보장기여금,고용보험기금,2017,고용노동부,4.38309E+11,6.30295E+11,1.00819E+12,8.09358E+11,1.79064E+11,6.30295E+11,1.0686E+12
,172754390,172754390,0,재산수입,고용보험기금,2017,고용노동부,173527260,76990,176046170,849860,772870,76990,173604250
,1.32788E+11,1.31653E+11,1134862510,경상이전수입,고용보험기금,2017,고용노동부,1.71975E+11,19554028980,1.8644E+11,58741449670,40322283200,18419166470,1.91529E+11
,41547150,41547150,0,재화및용역판매수입,고용보험기금,2017,고용노동부,56458050,52210,52204620,14963110,14910900,52210,56510260
,2.64687E+11,643387430,2.64044E+11,융자회수금,고용보험기금,2017,고용노동부,643387430,3.77803E+11,3.45055E+11,1.13759E+11,0,1.13759E+11,3.78446E+11
,0,0,0,예금및예탁금,고용보험기금,2017,고용노동부,0,5.10456E+11,4.93952E+11,5.10456E+11,0,5.10456E+11,5.10456E+11
,121459240,121459240,0,재산수입,임금채권보장기금,2017,고용노동부,414080720,0,388886090,292621480,292621480,0,414080720
,1.18634E+12,1.18634E+12,0,경상이전수입,임금채권보장기금,2017,고용노동부,1.5533E+12,20019816590,1.30035E+12,3.86984E+11,3.66964E+11,20019816590,1.57332E+12
,9261435830,3325395830,5936040000,융자회수금,임금채권보장기금,2017,고용노동부,3325395830,14272164000,11865012130,8336124000,0,8336124000,17597559830
,0,0,0,예금및예탁금,임금채권보장기금,2017,고용노동부,0,10632340767,16150646886,10632340767,0,10632340767,10632340767
,0,0,0,재산수입,일반회계,2017,통일부,9590,0,0,9590,9590,0,9590
,69419240,69419240,0,경상이전수입,일반회계,2017,통일부,133154010,540000,69839240,64274770,63734770,540000,133694010
,0,0,0,재화및용역판매수입,일반회계,2017,통일부,0,0,0,0,0,0,0
,251380000,0,251380000,기타수입,일반회계,2017,통일부,0,251380000,251380000,0,0,0,251380000
,0,0,0,재산수입,남북협력기금,2017,통일부,196868980,0,0,196868980,196868980,0,196868980
,0,0,0,경상이전수입,남북협력기금,2017,통일부,0,0,0,0,0,0,0
,0,0,0,재화및용역판매수입,남북협력기금,2017,통일부,0,0,0,0,0,0,0
,2.73953E+12,1.54285E+11,2.58524E+12,융자회수금,남북협력기금,2017,통일부,1.54285E+11,2.59587E+12,2.88395E+12,10624000000,0,10624000000,2.75015E+12
,50584595850,50584595850,0,기타수입,남북협력기금,2017,통일부,50584595850,0,50594595850,0,0,0,50584595850
,0,0,0,예금및예탁금,남북협력기금,2017,통일부,0,1.67587E+11,1.40166E+11,1.67587E+11,0,1.67587E+11,1.67587E+11
,12233450,12233450,0,재산수입,일반회계,2017,법제처,12233450,0,12233450,0,0,0,12233450
,62076050,62076050,0,경상이전수입,일반회계,2017,법제처,67617360,0,62076050,5541310,5541310,0,67617360
,0,0,0,재화및용역판매수입,일반회계,2017,법제처,0,0,0,0,0,0,0
,34694800,34694800,0,재산수입,일반회계,2017,국가보훈부,35843990,8280,34734840,1157470,1149190,8280,35852270
,3693544000,3693544000,0,경상이전수입,일반회계,2017,국가보훈부,4140784630,2432000,4543906510,449672630,447240630,2432000,4143216630
,0,0,0,재화및용역판매수입,일반회계,2017,국가보훈부,0,0,1500000,0,0,0,0
,0,0,0,관유물매각대,일반회계,2017,국가보훈부,0,0,0,0,0,0,0
,211150000,0,211150000,기타수입,일반회계,2017,국가보훈부,9300000,211150000,211210000,9300000,9300000,0,220450000
투자계정,0,0,0,재산수입,에너지및자원사업특별회계,2017,국가보훈부,0,0,0,0,0,0,0
투자계정,0,0,0,경상이전수입,에너지및자원사업특별회계,2017,국가보훈부,0,0,0,0,0,0,0
,0,0,0,재산수입,순국선열애국지사사업기금,2017,국가보훈부,3104690,0,37228640,3104690,3104690,0,3104690
,8781260,8781260,0,경상이전수입,순국선열애국지사사업기금,2017,국가보훈부,11145260,0,476676590,2364000,2364000,0,11145260
,0,0,0,재화및용역판매수입,순국선열애국지사사업기금,2017,국가보훈부,0,0,0,0,0,0,0
,0,0,0,관유물매각대,순국선열애국지사사업기금,2017,국가보훈부,38016000,0,3501299000,38016000,38016000,0,38016000
,0,0,0,예금및예탁금,순국선열애국지사사업기금,2017,국가보훈부,0,131353735,5076820144,131353735,0,131353735,131353735
국가유공자지원자금,1427750680,1427750680,0,재산수입,보훈기금,2017,국가보훈부,1747506970,0,1798647020,319756290,319756290,0,1747506970
국가유공자지원자금,0,0,0,경상이전수입,보훈기금,2017,국가보훈부,0,0,0,0,0,0,0
국가유공자지원자금,0,0,0,관유물매각대,보훈기금,2017,국가보훈부,0,0,0,0,0,0,0
국가유공자지원자금,71097847840,7524412060,63573435780,융자회수금,보훈기금,2017,국가보훈부,9701070120,85007649360,1.00932E+11,23610871640,2176658060,21434213580,94708719480
국가유공자지원자금,0,0,0,예금및예탁금,보훈기금,2017,국가보훈부,0,8987159229,18029434305,8987159229,0,8987159229,8987159229
참전유공자·제대군인지원자금,1182131430,1182131430,0,재산수입,보훈기금,2017,국가보훈부,1358448670,0,1382090190,176317240,176317240,0,1358448670
참전유공자·제대군인지원자금,0,0,0,경상이전수입,보훈기금,2017,국가보훈부,0,0,0,0,0,0,0
참전유공자·제대군인지원자금,9149110930,2931345260,6217765670,융자회수금,보훈기금,2017,국가보훈부,3416165770,7978785730,12538394420,2245840570,484820510,1761020060,11394951500
5·18 민주유공자지원자금,174413630,174413630,0,재산수입,보훈기금,2017,국가보훈부,196133820,0,196122010,21720190,21720190,0,196133820
5·18 민주유공자지원자금,1579471680,757905000,821566680,융자회수금,보훈기금,2017,국가보훈부,850614960,900617740,2018297510,171761020,92709960,79051060,1751232700
특수임무유공자지원자금,62525460,62525460,0,재산수입,보훈기금,2017,국가보훈부,73421260,0,75336690,10895800,10895800,0,73421260
특수임무유공자지원자금,669787120,274316840,395470280,융자회수금,보훈기금,2017,국가보훈부,338933810,451393530,871378280,120540220,64616970,55923250,790327340
,1469125650,1468043650,1082000,재산수입,일반회계,2017,산림청,1800971740,80242690,2018255770,412088780,332928090,79160690,1881214430
,10005537800,9924261550,81276250,경상이전수입,일반회계,2017,산림청,12633927900,1054276020,13584164310,3682666120,2709666350,972999770,13688203920
,116742360,116742360,0,재화및용역판매수입,일반회계,2017,산림청,209179980,32441620,161668470,124879240,92437620,32441620,241621600
,2508673100,2484641800,24031300,관유물매각대,일반회계,2017,산림청,2484641800,2332233130,4908748510,2308201830,0,2308201830,4816874930
,0,0,0,기타수입,일반회계,2017,산림청,0,0,6600000,0,0,0,0
임업진흥사업계정,109800,109800,0,재산수입,농어촌구조개선특별회계,2017,산림청,18419840,0,982110,18310040,18310040,0,18419840
임업진흥사업계정,27758126920,27758126920,0,경상이전수입,농어촌구조개선특별회계,2017,산림청,45136939800,10416945250,50870302180,27795758130,17378812880,10416945250,55553885050
임업진흥사업계정,2263290,2263290,0,재화및용역판매수입,농어촌구조개선특별회계,2017,산림청,2263290,0,2263290,0,0,0,2263290
임업진흥사업계정,0,0,0,관유물매각대,농어촌구조개선특별회계,2017,산림청,287740000,2153312330,3109455000,2441052330,287740000,2153312330,2441052330
임업진흥사업계정,2.43609E+11,0,2.43609E+11,융자회수금,농어촌구조개선특별회계,2017,산림청,0,3.25924E+11,3.00451E+11,82315000000,0,82315000000,3.25924E+11
지역자율계정,0,0,0,재산수입,지역균형발전특별회계,2017,산림청,0,0,0,0,0,0,0
지역자율계정,0,0,0,경상이전수입,지역균형발전특별회계,2017,산림청,0,0,0,0,0,0,0
제주특별자치도계정,0,0,0,재산수입,지역균형발전특별회계,2017,산림청,0,0,0,0,0,0,0
제주특별자치도계정,0,0,0,경상이전수입,지역균형발전특별회계,2017,산림청,0,0,0,0,0,0,0
자본계정,0,0,0,경상이전수입,국립자연휴양림관리소,2017,산림청,0,0,0,0,0,0,0
자본계정,0,0,0,관유물매각대,국립자연휴양림관리소,2017,산림청,0,0,0,0,0,0,0
손익계정,0,0,0,재산수입,국립자연휴양림관리소,2017,산림청,0,0,0,0,0,0,0
손익계정,0,0,0,경상이전수입,국립자연휴양림관리소,2017,산림청,0,0,0,0,0,0,0
손익계정,0,0,0,재화및용역판매수입,국립자연휴양림관리소,2017,산림청,0,0,0,0,0,0,0
,2.16968E+13,2.1101E+13,5.95802E+11,내국세,일반회계,2017,국세청,2.78118E+13,5.54857E+12,2.99113E+13,1.16636E+13,6.71083E+12,4.95277E+12,3.33604E+13
,23929590,23929590,0,방위세,일반회계,2017,국세청,23929590,0,11746930,0,0,0,23929590
,40356136390,40356136390,0,교통·에너지·환경세,일반회계,2017,국세청,42573594180,372034840,42147067430,2589492630,2217457790,372034840,42945629020
,28836203350,28834861310,1342040,교육세,일반회계,2017,국세청,32019844700,1992435110,34557663450,5176076460,3184983390,1991093070,34012279810
,49260524520,48172826680,1087697840,농어촌특별세,일반회계,2017,국세청,72915397460,47467099960,1.29966E+11,71121972900,24742570780,46379402120,1.20382E+11
,3.05214E+12,3.05211E+12,34190900,경상이전수입,일반회계,2017,국세청,3.47758E+12,443817010,3.10171E+12,4.25879E+11,4.2547E+11,409626110,3.47802E+12
,3690000,0,3690000,기타수입,일반회계,2017,국세청,0,3690000,3690000,0,0,0,3690000
,2.17379E+11,2.11941E+11,5437884580,종합부동산세,일반회계,2017,국세청,3.27342E+11,2.29317E+11,4.77016E+11,3.3928E+11,1.15401E+11,2.23879E+11,5.56659E+11
,83586805000,83586805000,0,내국세,일반회계,2017,관세청,94392927030,2.44332E+12,2.10681E+12,2.45413E+12,10806122030,2.44332E+12,2.53772E+12
,4.7092E+11,4.6899E+11,1930271750,관세,일반회계,2017,관세청,5.35825E+11,4.15241E+11,8.62686E+11,4.80146E+11,66835324060,4.13311E+11,9.51066E+11
,55609950,55609950,0,방위세,일반회계,2017,관세청,55609950,0,46376240,0,0,0,55609950
,1914978420,1914978420,0,교통·에너지·환경세,일반회계,2017,관세청,1924143420,2477708730,31551221660,2486873730,9165000,2477708730,4401852150
,5849431960,5849431960,0,교육세,일반회계,2017,관세청,6386862080,12797453300,20669967260,13334883420,537430120,12797453300,19184315380
,42086530,42086530,0,농어촌특별세,일반회계,2017,관세청,42742320,1025114220,1559900650,1025770010,655790,1025114220,1067856540
,0,0,0,재산수입,일반회계,2017,관세청,0,696150,3612840,696150,0,696150,696150
,3.72649E+11,3.72649E+11,0,경상이전수입,일반회계,2017,관세청,3.81739E+11,22947870,3.0345E+11,9112835160,9089887290,22947870,3.81762E+11
,42706810,42706810,0,재화및용역판매수입,일반회계,2017,관세청,69532440,2085950,55857890,28911580,26825630,2085950,71618390
,0,0,0,관유물매각대,일반회계,2017,관세청,0,0,0,0,0,0,0
,0,0,0,기타수입,일반회계,2017,관세청,0,0,0,0,0,0,0
,0,0,0,재산수입,일반회계,2017,병무청,0,0,0,0,0,0,0
,0,0,0,경상이전수입,일반회계,2017,병무청,0,0,0,0,0,0,0
,0,0,0,재화및용역판매수입,일반회계,2017,병무청,0,0,0,0,0,0,0
,0,0,0,관유물매각대,일반회계,2017,병무청,0,0,0,0,0,0,0
,0,0,0,융자회수금,일반회계,2017,병무청,0,0,0,0,0,0,0
,0,0,0,재산수입,일반회계,2017,농촌진흥청,0,8400,6841340,8400,0,8400,8400
,11509310,11509310,0,경상이전수입,일반회계,2017,농촌진흥청,12059310,0,11509310,550000,550000,0,12059310
,0,0,0,재화및용역판매수입,일반회계,2017,농촌진흥청,4302010,0,0,4302010,4302010,0,4302010
,0,0,0,관유물매각대,일반회계,2017,농촌진흥청,0,0,0,0,0,0,0
,120000,0,120000,기타수입,일반회계,2017,농촌진흥청,0,120000,120000,0,0,0,120000
구조개선사업계정,0,0,0,재산수입,농어촌구조개선특별회계,2017,농촌진흥청,0,0,0,0,0,0,0
구조개선사업계정,0,0,0,경상이전수입,농어촌구조개선특별회계,2017,농촌진흥청,0,0,0,0,0,0,0
구조개선사업계정,0,0,0,관유물매각대,농어촌구조개선특별회계,2017,농촌진흥청,0,0,0,0,0,0,0
구조개선사업계정,6685038000,0,6685038000,융자회수금,농어촌구조개선특별회계,2017,농촌진흥청,0,6685038000,8025870000,0,0,0,6685038000
,0,0,0,재산수입,혁신도시건설특별회계,2017,농촌진흥청,0,0,0,0,0,0,0
,0,0,0,경상이전수입,혁신도시건설특별회계,2017,농촌진흥청,0,0,0,0,0,0,0
,0,0,0,관유물매각대,혁신도시건설특별회계,2017,농촌진흥청,0,0,0,0,0,0,0
지역자율계정,0,0,0,재산수입,지역균형발전특별회계,2017,농촌진흥청,0,0,0,0,0,0,0
지역자율계정,0,0,0,경상이전수입,지역균형발전특별회계,2017,농촌진흥청,0,0,0,0,0,0,0
지역지원계정,0,0,0,재산수입,지역균형발전특별회계,2017,농촌진흥청,0,0,0,0,0,0,0
지역지원계정,0,0,0,경상이전수입,지역균형발전특별회계,2017,농촌진흥청,0,0,0,0,0,0,0
제주특별자치도계정,0,0,0,재산수입,지역균형발전특별회계,2017,농촌진흥청,0,0,0,0,0,0,0
제주특별자치도계정,0,0,0,경상이전수입,지역균형발전특별회계,2017,농촌진흥청,0,0,0,0,0,0,0
세종특별자치시계정,0,0,0,경상이전수입,지역균형발전특별회계,2017,농촌진흥청,0,0,0,0,0,0,0
,0,0,0,재산수입,일반회계,2017,중소기업청,0,0,3641460,0,0,0,0
,0,0,0,경상이전수입,일반회계,2017,중소기업청,0,0,980020020,0,0,0,0
,0,0,0,재화및용역판매수입,일반회계,2017,중소기업청,0,0,0,0,0,0,0
,0,0,0,기타수입,일반회계,2017,중소기업청,0,0,90000,0,0,0,0
지역자율계정,0,0,0,재산수입,지역균형발전특별회계,2017,중소기업청,0,0,2848810,0,0,0,0
지역자율계정,0,0,0,경상이전수입,지역균형발전특별회계,2017,중소기업청,0,0,337199290,0,0,0,0
지역지원계정,0,0,0,재산수입,지역균형발전특별회계,2017,중소기업청,0,0,33910,0,0,0,0
지역지원계정,0,0,0,경상이전수입,지역균형발전특별회계,2017,중소기업청,0,0,1215060,0,0,0,0
제주특별자치도계정,0,0,0,재산수입,지역균형발전특별회계,2017,중소기업청,0,0,0,0,0,0,0
제주특별자치도계정,0,0,0,경상이전수입,지역균형발전특별회계,2017,중소기업청,0,0,0,0,0,0,0
손익계정,0,0,0,재산수입,특허청,2017,특허청,0,0,0,0,0,0,0
손익계정,0,0,0,경상이전수입,특허청,2017,특허청,0,0,0,0,0,0,0
손익계정,0,0,0,재화및용역판매수입,특허청,2017,특허청,0,0,0,0,0,0,0
손익계정,0,0,0,관유물매각대,특허청,2017,특허청,0,0,0,0,0,0,0
손익계정,5410065500,0,5410065500,융자회수금,특허청,2017,특허청,0,5410065500,5673004500,0,0,0,5410065500
손익계정,4935370,0,4935370,기타수입,특허청,2017,특허청,0,4935370,5391410,0,0,0,4935370
자본계정,21681282130,21591620670,89661460,관유물매각대,조달특별회계,2017,조달청,53424262030,2.50607E+11,2.02303E+11,2.8235E+11,31832641360,2.50517E+11,3.04031E+11
손익계정,93484200,93484200,0,재산수입,조달특별회계,2017,조달청,93484200,27080440,147273160,27080440,0,27080440,120564640
손익계정,0,0,0,경상이전수입,조달특별회계,2017,조달청,0,0,0,0,0,0,0
손익계정,96064230,96064230,0,재화및용역판매수입,조달특별회계,2017,조달청,271601600,875880120,1096540480,1051417490,175537370,875880120,1147481720
손익계정,5399258500,0,5399258500,융자회수금,조달특별회계,2017,조달청,0,5399258500,5399258500,0,0,0,5399258500
손익계정,0,0,0,기타수입,조달특별회계,2017,조달청,0,48415350,0,48415350,0,48415350,48415350
,3168050,3168050,0,재산수입,일반회계,2017,환경부,3168050,0,3168050,0,0,0,3168050
,6572100,6572100,0,경상이전수입,일반회계,2017,환경부,113589290,0,6572100,107017190,107017190,0,113589290
,0,0,0,관유물매각대,일반회계,2017,환경부,0,0,0,0,0,0,0
농어촌특별세사업계정,0,0,0,재산수입,농어촌구조개선특별회계,2017,환경부,0,273243190,21685630,273243190,0,273243190,273243190
농어촌특별세사업계정,0,0,0,경상이전수입,농어촌구조개선특별회계,2017,환경부,621268270,3556903960,0,4178172230,621268270,3556903960,4178172230
투자계정,1399780,1399780,0,재산수입,에너지및자원사업특별회계,2017,환경부,2684990,0,1724490,1285210,1285210,0,2684990
투자계정,360000,360000,0,경상이전수입,에너지및자원사업특별회계,2017,환경부,591665180,1500000000,121131810,2091305180,591305180,1500000000,2091665180
,238883250,238862170,21080,재산수입,환경개선특별회계,2017,환경부,490421380,1124022370,1492216440,1375560500,251559210,1124001290,1614443750
,7.65055E+11,7.64184E+11,871074300,경상이전수입,환경개선특별회계,2017,환경부,8.68476E+11,22829856850,9.38555E+11,1.26251E+11,1.04292E+11,21958782550,8.91306E+11
,0,0,0,재화및용역판매수입,환경개선특별회계,2017,환경부,4152270,8881000,5656000,13033270,4152270,8881000,13033270
,0,0,0,관유물매각대,환경개선특별회계,2017,환경부,0,10620000,0,10620000,0,10620000,10620000
,6.0397E+11,4935000000,5.99035E+11,융자회수금,환경개선특별회계,2017,환경부,4935000000,7.3912E+11,8.34506E+11,1.40085E+11,0,1.40085E+11,7.44055E+11
,300000,0,300000,기타수입,환경개선특별회계,2017,환경부,0,300000,300000,0,0,0,300000
지역자율계정,0,0,0,재산수입,지역균형발전특별회계,2017,환경부,1371330,0,868430,1371330,1371330,0,1371330
지역자율계정,0,0,0,경상이전수입,지역균형발전특별회계,2017,환경부,54170240,0,939580,54170240,54170240,0,54170240
지역지원계정,12060,12060,0,재산수입,지역균형발전특별회계,2017,환경부,12060,0,69231880,0,0,0,12060
지역지원계정,282000,282000,0,경상이전수입,지역균형발전특별회계,2017,환경부,282000,0,519221850,0,0,0,282000
세종특별자치시계정,0,0,0,재산수입,지역균형발전특별회계,2017,환경부,0,0,0,0,0,0,0
세종특별자치시계정,0,0,0,경상이전수입,지역균형발전특별회계,2017,환경부,0,0,0,0,0,0,0
,0,0,0,재산수입,석면피해구제기금,2017,환경부,0,0,0,0,0,0,0
,365155080,365155080,0,경상이전수입,석면피해구제기금,2017,환경부,693653610,770751040,1583151390,1099249570,328498530,770751040,1464404650
,0,0,0,예금및예탁금,석면피해구제기금,2017,환경부,0,4055390621,4628950207,4055390621,0,4055390621,4055390621
,0,0,0,재산수입,일반회계,2017,통계청,0,0,0,0,0,0,0
,67365870,54225910,13139960,경상이전수입,일반회계,2017,통계청,58333420,16942890,150334590,7910440,4107510,3802930,75276310
,0,0,0,재화및용역판매수입,일반회계,2017,통계청,0,228370,396920,228370,0,228370,228370
,0,0,0,관유물매각대,일반회계,2017,통계청,0,0,0,0,0,0,0
,0,0,0,재산수입,일반회계,2017,기상청,0,0,0,0,0,0,0
,0,0,0,경상이전수입,일반회계,2017,기상청,14316751800,0,0,14316751800,14316751800,0,14316751800
,1023600,1023600,0,재화및용역판매수입,일반회계,2017,기상청,1023600,0,1023870,0,0,0,1023600
,0,0,0,관유물매각대,일반회계,2017,기상청,0,0,0,0,0,0,0
,33425100,10913000,22512100,재산수입,일반회계,2017,경찰청,16903170,66144830,82400650,49622900,5990170,43632730,83048000
,93588643930,93564330290,24313640,경상이전수입,일반회계,2017,경찰청,1.1313E+11,1166824460,1.05855E+11,20707960070,19565449250,1142510820,1.14297E+11
,40850760,40850760,0,재화및용역판매수입,일반회계,2017,경찰청,41046630,0,42171500,195870,195870,0,41046630
,4188000,4188000,0,관유물매각대,일반회계,2017,경찰청,4188000,0,4188000,0,0,0,4188000
,724286630,86140000,638146630,기타수입,일반회계,2017,경찰청,86140000,801666630,997411630,163520000,0,163520000,887806630
,0,0,0,재산수입,혁신도시건설특별회계,2017,경찰청,0,0,0,0,0,0,0
자본계정,0,0,0,관유물매각대,경찰병원,2017,경찰청,0,0,0,0,0,0,0
손익계정,0,0,0,재산수입,경찰병원,2017,경찰청,0,0,0,0,0,0,0
손익계정,0,0,0,경상이전수입,경찰병원,2017,경찰청,0,0,0,0,0,0,0
손익계정,33179080,33179080,0,재화및용역판매수입,경찰병원,2017,경찰청,33179080,0,35919260,0,0,0,33179080
손익계정,300000,0,300000,기타수입,경찰병원,2017,경찰청,0,300000,300000,0,0,0,300000
,18069700,18069700,0,재산수입,일반회계,2017,공정거래위원회,18076260,0,27501700,6560,6560,0,18076260
,411037070,411037070,0,경상이전수입,일반회계,2017,공정거래위원회,425915100,44401600,524374730,59279630,14878030,44401600,470316700
,0,0,0,재화및용역판매수입,일반회계,2017,공정거래위원회,0,0,0,0,0,0,0
,5685200,0,5685200,기타수입,일반회계,2017,공정거래위원회,0,5685200,5685200,0,0,0,5685200
,1005651100,1005651100,0,재산수입,일반회계,2017,문화재청,1389818540,83691450,1057702370,467858890,384167440,83691450,1473509990
,4018537630,4018537630,0,경상이전수입,일반회계,2017,문화재청,12286091680,38412360,11042305270,8305966410,8267554050,38412360,12324504040
,69500000,69500000,0,재화및용역판매수입,일반회계,2017,문화재청,69500000,600000,69500000,600000,0,600000,70100000
,0,0,0,관유물매각대,일반회계,2017,문화재청,0,0,0,0,0,0,0
,22000000,0,22000000,기타수입,일반회계,2017,문화재청,0,27000000,22000000,5000000,0,5000000,27000000
지역자율계정,23974170,23974170,0,재산수입,지역균형발전특별회계,2017,문화재청,24483750,0,32741290,509580,509580,0,24483750
지역자율계정,704639390,704639390,0,경상이전수입,지역균형발전특별회계,2017,문화재청,808326340,0,708954640,103686950,103686950,0,808326340
지역지원계정,0,0,0,재산수입,지역균형발전특별회계,2017,문화재청,0,0,5017740,0,0,0,0
지역지원계정,0,0,0,경상이전수입,지역균형발전특별회계,2017,문화재청,0,0,179909500,0,0,0,0
,12473940,12473940,0,재산수입,문화재보호기금,2017,문화재청,32202350,0,20637060,19728410,19728410,0,32202350
,259084810,259084810,0,경상이전수입,문화재보호기금,2017,문화재청,1967548750,0,1974934940,1708463940,1708463940,0,1967548750
,2149100,2149100,0,재화및용역판매수입,문화재보호기금,2017,문화재청,2149100,0,2149100,0,0,0,2149100
,23581946474,0,23581946474,예금및예탁금,문화재보호기금,2017,문화재청,0,26581946474,57714453236,3000000000,0,3000000000,26581946474
,0,0,0,재산수입,일반회계,2017,국가인권위원회,0,0,0,0,0,0,0
,0,0,0,경상이전수입,일반회계,2017,국가인권위원회,0,0,0,0,0,0,0
,0,0,0,재화및용역판매수입,일반회계,2017,국가인권위원회,0,0,0,0,0,0,0
,156000000,156000000,0,기타수입,일반회계,2017,국가인권위원회,156000000,0,156000000,0,0,0,156000000
,4139150,4139150,0,재산수입,일반회계,2017,방위사업청,26104350,132370,26607760,22097570,21965200,132370,26236720
,2.77347E+11,2.76005E+11,1342250000,경상이전수입,일반회계,2017,방위사업청,3.76016E+11,1.29652E+11,2.9007E+11,2.28321E+11,1.00011E+11,1.28309E+11,5.05668E+11
,3479981000,0,3479981000,융자회수금,일반회계,2017,방위사업청,0,3479981000,3685110000,0,0,0,3479981000
,0,0,0,재산수입,행정중심복합도시건설특별회계,2017,행정중심복합도시건설청,0,0,19250000,0,0,0,0
,6935820,6935820,0,경상이전수입,행정중심복합도시건설특별회계,2017,행정중심복합도시건설청,16243540,0,19948440,9307720,9307720,0,16243540
,0,0,0,재화및용역판매수입,행정중심복합도시건설특별회계,2017,행정중심복합도시건설청,0,0,0,0,0,0,0
,0,0,0,관유물매각대,행정중심복합도시건설특별회계,2017,행정중심복합도시건설청,0,0,0,0,0,0,0
,342884580,342884580,0,방위세,일반회계,2017,기획재정부,342941820,0,479307490,57240,57240,0,342941820
,3184765426,3184765426,0,교육세,일반회계,2017,기획재정부,3376876986,0,4174155016,192111560,192111560,0,3376876986
,10024459240,10024459240,0,농어촌특별세,일반회계,2017,기획재정부,22246841240,0,25316424830,12222382000,12222382000,0,22246841240
,0,0,0,재산수입,일반회계,2017,기획재정부,0,44231934660,40400401907,44231934660,0,44231934660,44231934660
,29658180,29658180,0,경상이전수입,일반회계,2017,기획재정부,29658180,1.47645E+11,1.43871E+11,1.47645E+11,0,1.47645E+11,1.47674E+11
,0,0,0,재화및용역판매수입,일반회계,2017,기획재정부,0,0,0,0,0,0,0
,0,0,0,관유물매각대,일반회계,2017,기획재정부,25770459400,5.18178E+11,3.8786E+11,5.43949E+11,25770459400,5.18178E+11,5.43949E+11
,0,0,0,예금및예탁금,일반회계,2017,기획재정부,0,1147201711,798828662,1147201711,0,1147201711,1147201711
투자계정,0,0,0,재산수입,에너지및자원사업특별회계,2017,기획재정부,0,123900,0,123900,0,123900,123900
투자계정,0,0,0,경상이전수입,에너지및자원사업특별회계,2017,기획재정부,0,45224380,0,45224380,0,45224380,45224380
,0,0,0,재산수입,국유재산관리기금,2017,기획재정부,0,0,0,0,0,0,0
,0,0,0,경상이전수입,국유재산관리기금,2017,기획재정부,0,0,0,0,0,0,0
,0,0,0,관유물매각대,국유재산관리기금,2017,기획재정부,0,0,0,0,0,0,0
,0,0,0,예금및예탁금,국유재산관리기금,2017,기획재정부,0,1.71118E+11,1.04075E+11,1.71118E+11,0,1.71118E+11,1.71118E+11
,0,0,0,재산수입,대외경제협력기금,2017,기획재정부,600926310,0,0,600926310,600926310,0,600926310
,5.55304E+12,3207476000,5.54983E+12,융자회수금,대외경제협력기금,2017,기획재정부,3207476000,6.29851E+12,5.68575E+12,7.48673E+11,0,7.48673E+11,6.30171E+12
,0,0,0,예금및예탁금,대외경제협력기금,2017,기획재정부,0,71678137030,1.22874E+11,71678137030,0,71678137030,71678137030
총괄계정,5.0867E+11,0,5.0867E+11,재산수입,공공자금관리기금,2017,기획재정부,0,5.0867E+11,6.45509E+11,0,0,0,5.0867E+11
총괄계정,0,0,0,예금및예탁금,공공자금관리기금,2017,기획재정부,0,4.39675E+11,2.53532E+11,4.39675E+11,0,4.39675E+11,4.39675E+11
융자계정,0,0,0,재산수입,공공자금관리기금,2017,기획재정부,0,0,0,0,0,0,0
융자계정,0,0,0,경상이전수입,공공자금관리기금,2017,기획재정부,0,0,0,0,0,0,0
융자계정,1.17827E+12,0,1.17827E+12,융자회수금,공공자금관리기금,2017,기획재정부,0,1.18456E+12,1.50257E+12,6291304000,0,6291304000,1.18456E+12
융자계정,0,0,0,예금및예탁금,공공자금관리기금,2017,기획재정부,0,2.88138E+11,2.44384E+11,2.88138E+11,0,2.88138E+11,2.88138E+11
차관계정,0,0,0,재산수입,공공자금관리기금,2017,기획재정부,0,0,0,0,0,0,0
차관계정,0,0,0,예금및예탁금,공공자금관리기금,2017,기획재정부,0,76467150498,53538324671,76467150498,0,76467150498,76467150498
,1.05168E+14,0,1.05168E+14,예금및예탁금,외국환평형기금,2017,기획재정부,0,1.11318E+14,1.05168E+14,6.15037E+12,0,6.15037E+12,1.11318E+14
,647200,647200,0,재산수입,복권기금,2017,기획재정부,1518410,0,653340,871210,871210,0,1518410
,187512620,187512620,0,경상이전수입,복권기금,2017,기획재정부,1896760940,0,1179544510,1709248320,1709248320,0,1896760940
,0,0,0,재화및용역판매수입,복권기금,2017,기획재정부,0,0,0,0,0,0,0
,2.71103E+11,0,2.71103E+11,예금및예탁금,복권기금,2017,기획재정부,0,2.71103E+11,2.41664E+11,0,0,0,2.71103E+11
,476274200,476274200,0,재산수입,일반회계,2017,문화체육관광부,544026900,294410600,634098880,362163300,67752700,294410600,838437500
,7564571330,7564571330,0,경상이전수입,일반회계,2017,문화체육관광부,8947334190,804601280,10924716820,2187364140,1382762860,804601280,9751935470
,101103310,101103310,0,재화및용역판매수입,일반회계,2017,문화체육관광부,101273310,4839900,106089900,5009900,170000,4839900,106113210
,0,0,0,관유물매각대,일반회계,2017,문화체육관광부,0,0,0,0,0,0,0
,18630000,0,18630000,기타수입,일반회계,2017,문화체육관광부,0,28630000,18630000,10000000,0,10000000,28630000
,5087935,0,5087935,예금및예탁금,일반회계,2017,문화체육관광부,0,5087935,5087935,0,0,0,5087935
,0,0,0,재산수입,아시아문화중심도시조성특별회계,2017,문화체육관광부,9197670,1869370,0,11067040,9197670,1869370,11067040
,15721440,15721440,0,경상이전수입,아시아문화중심도시조성특별회계,2017,문화체육관광부,45371890,30585480,100864520,60235930,29650450,30585480,75957370
,0,0,0,재화및용역판매수입,아시아문화중심도시조성특별회계,2017,문화체육관광부,0,0,0,0,0,0,0
,100000000,0,100000000,기타수입,아시아문화중심도시조성특별회계,2017,문화체육관광부,0,100000000,100000000,0,0,0,100000000
지역자율계정,904100,904100,0,재산수입,지역균형발전특별회계,2017,문화체육관광부,945600,12385840,63650990,12427340,41500,12385840,13331440
지역자율계정,690814860,690814860,0,경상이전수입,지역균형발전특별회계,2017,문화체육관광부,4678603750,519450400,5703849010,4507239290,3987788890,519450400,5198054150
지역지원계정,0,0,0,재산수입,지역균형발전특별회계,2017,문화체육관광부,9240,143119630,12645200,143128870,9240,143119630,143128870
지역지원계정,11823810,11823810,0,경상이전수입,지역균형발전특별회계,2017,문화체육관광부,11841560,3560857510,541389470,3560875260,17750,3560857510,3572699070
제주특별자치도계정,0,0,0,재산수입,지역균형발전특별회계,2017,문화체육관광부,0,1023110,0,1023110,0,1023110,1023110
제주특별자치도계정,0,0,0,경상이전수입,지역균형발전특별회계,2017,문화체육관광부,0,0,0,0,0,0,0
세종특별자치시계정,0,0,0,재산수입,지역균형발전특별회계,2017,문화체육관광부,0,0,0,0,0,0,0
세종특별자치시계정,0,0,0,경상이전수입,지역균형발전특별회계,2017,문화체육관광부,0,0,0,0,0,0,0
,92317360,92317360,0,재산수입,관광진흥개발기금,2017,문화체육관광부,133437230,21333240,108073360,62453110,41119870,21333240,154770470
,438341520,438341520,0,경상이전수입,관광진흥개발기금,2017,문화체육관광부,894174690,594068400,21704864640,1049901570,455833170,594068400,1488243090
,2.13442E+12,0,2.13442E+12,융자회수금,관광진흥개발기금,2017,문화체육관광부,0,2.56323E+12,2.24693E+12,4.28817E+11,0,4.28817E+11,2.56323E+12
,115149988,0,115149988,예금및예탁금,관광진흥개발기금,2017,문화체육관광부,0,1.45039E+11,16198572324,1.44924E+11,0,1.44924E+11,1.45039E+11
,0,0,0,재산수입,지역신문발전기금,2017,문화체육관광부,0,0,0,0,0,0,0
,0,0,0,경상이전수입,지역신문발전기금,2017,문화체육관광부,0,0,0,0,0,0,0
,0,0,0,예금및예탁금,지역신문발전기금,2017,문화체육관광부,0,1293105204,1556668339,1293105204,0,1293105204,1293105204
,10997436490,10997436490,0,재산수입,일반회계,2017,보건복지부,11423940300,12288160,13067171810,438791970,426503810,12288160,11436228460
,6967578750,6967578750,0,경상이전수입,일반회계,2017,보건복지부,62321682170,25000,93439916410,55354128420,55354103420,25000,62321707170
,0,0,0,재화및용역판매수입,일반회계,2017,보건복지부,0,0,100000,0,0,0,0
,0,0,0,관유물매각대,일반회계,2017,보건복지부,0,0,0,0,0,0,0
,35121851810,35121851810,0,융자회수금,일반회계,2017,보건복지부,35121851810,0,37183206450,0,0,0,35121851810
,20570614930,0,20570614930,기타수입,일반회계,2017,보건복지부,0,20681004930,20616114930,110390000,0,110390000,20681004930
농어촌특별세사업계정,0,0,0,재산수입,농어촌구조개선특별회계,2017,보건복지부,0,0,0,0,0,0,0
농어촌특별세사업계정,0,0,0,경상이전수입,농어촌구조개선특별회계,2017,보건복지부,0,0,0,0,0,0,0
농어촌특별세사업계정,11356940000,0,11356940000,융자회수금,농어촌구조개선특별회계,2017,보건복지부,0,11356940000,0,0,0,0,11356940000
투자계정,2135002260,2135002260,0,경상이전수입,에너지및자원사업특별회계,2017,보건복지부,2135002260,0,2341376710,0,0,0,2135002260
지역자율계정,24756510,24756510,0,재산수입,지역균형발전특별회계,2017,보건복지부,64073480,0,184200440,39316970,39316970,0,64073480
지역자율계정,0,0,0,경상이전수입,지역균형발전특별회계,2017,보건복지부,6003386470,0,2200856010,6003386470,6003386470,0,6003386470
지역지원계정,0,0,0,재산수입,지역균형발전특별회계,2017,보건복지부,0,0,0,0,0,0,0
지역지원계정,0,0,0,경상이전수입,지역균형발전특별회계,2017,보건복지부,0,0,0,0,0,0,0
제주특별자치도계정,0,0,0,재산수입,지역균형발전특별회계,2017,보건복지부,0,0,0,0,0,0,0
제주특별자치도계정,0,0,0,경상이전수입,지역균형발전특별회계,2017,보건복지부,0,0,0,0,0,0,0
세종특별자치시계정,0,0,0,재산수입,지역균형발전특별회계,2017,보건복지부,0,0,0,0,0,0,0
세종특별자치시계정,0,0,0,경상이전수입,지역균형발전특별회계,2017,보건복지부,0,0,0,0,0,0,0
자본계정,0,0,0,관유물매각대,국립재활원,2017,보건복지부,0,0,0,0,0,0,0
손익계정,5119320,5119320,0,재산수입,국립재활원,2017,보건복지부,20751130,0,5119320,15631810,15631810,0,20751130
손익계정,12497390,12497390,0,경상이전수입,국립재활원,2017,보건복지부,12598980,0,4997840,101590,101590,0,12598980
손익계정,1957130,1905550,51580,재화및용역판매수입,국립재활원,2017,보건복지부,2886080,206437150,63742040,207366100,980530,206385570,209323230
손익계정,0,0,0,재산수입,국립목포병원,2017,보건복지부,0,0,0,0,0,0,0
손익계정,0,0,0,경상이전수입,국립목포병원,2017,보건복지부,0,0,0,0,0,0,0
손익계정,0,0,0,재화및용역판매수입,국립목포병원,2017,보건복지부,80703480,256548600,535994390,337252080,80703480,256548600,337252080
손익계정,0,0,0,관유물매각대,국립목포병원,2017,보건복지부,0,0,0,0,0,0,0
손익계정,0,0,0,재산수입,국립마산병원,2017,보건복지부,0,19773740,32571020,19773740,0,19773740,19773740
손익계정,0,0,0,경상이전수입,국립마산병원,2017,보건복지부,0,0,0,0,0,0,0
손익계정,4173510,4173510,0,재화및용역판매수입,국립마산병원,2017,보건복지부,780345380,0,648321120,776171870,776171870,0,780345380
손익계정,0,0,0,관유물매각대,국립마산병원,2017,보건복지부,0,0,0,0,0,0,0
손익계정,0,0,0,재산수입,국립정신건강센터,2017,보건복지부,0,0,0,0,0,0,0
손익계정,58000210,58000210,0,경상이전수입,국립정신건강센터,2017,보건복지부,58000210,0,58000210,0,0,0,58000210
손익계정,0,0,0,재화및용역판매수입,국립정신건강센터,2017,보건복지부,0,1294253040,1562884440,1294253040,0,1294253040,1294253040
손익계정,0,0,0,관유물매각대,국립정신건강센터,2017,보건복지부,0,0,0,0,0,0,0
손익계정,0,0,0,재산수입,국립나주병원,2017,보건복지부,0,0,0,0,0,0,0
손익계정,0,0,0,경상이전수입,국립나주병원,2017,보건복지부,0,0,0,0,0,0,0
손익계정,0,0,0,재화및용역판매수입,국립나주병원,2017,보건복지부,527420810,1145100620,1398610990,1672521430,527420810,1145100620,1672521430
손익계정,0,0,0,재산수입,국립부곡병원,2017,보건복지부,0,0,13666710,0,0,0,0
손익계정,0,0,0,경상이전수입,국립부곡병원,2017,보건복지부,0,0,0,0,0,0,0
손익계정,0,0,0,재화및용역판매수입,국립부곡병원,2017,보건복지부,0,538380510,561350240,538380510,0,538380510,538380510
손익계정,0,0,0,관유물매각대,국립부곡병원,2017,보건복지부,0,0,0,0,0,0,0
손익계정,0,0,0,재산수입,국립춘천병원,2017,보건복지부,0,0,0,0,0,0,0
손익계정,0,0,0,경상이전수입,국립춘천병원,2017,보건복지부,0,0,0,0,0,0,0
손익계정,0,0,0,재화및용역판매수입,국립춘천병원,2017,보건복지부,0,816388270,773609780,816388270,0,816388270,816388270
손익계정,0,0,0,재산수입,국립공주병원,2017,보건복지부,0,8269810,0,8269810,0,8269810,8269810
손익계정,0,0,0,경상이전수입,국립공주병원,2017,보건복지부,455360,5000000,0,5455360,455360,5000000,5455360
손익계정,0,0,0,재화및용역판매수입,국립공주병원,2017,보건복지부,0,619957220,758770550,619957220,0,619957220,619957220
손익계정,0,0,0,관유물매각대,국립공주병원,2017,보건복지부,0,0,0,0,0,0,0
,5.13648E+12,0,5.13648E+12,융자회수금,국민연금기금,2017,보건복지부,0,5.14978E+12,5.46604E+12,13302613972,0,13302613972,5.14978E+12
,0,0,0,예금및예탁금,국민연금기금,2017,보건복지부,0,4.49993E+12,6.39818E+12,4.49993E+12,0,4.49993E+12,4.49993E+12
국민건강증진계정,8145890,8145890,0,재산수입,국민건강증진기금,2017,보건복지부,36939190,35730,11976180,28829030,28793300,35730,36974920
국민건강증진계정,3894209470,3894209470,0,경상이전수입,국민건강증진기금,2017,보건복지부,12673218140,1.88307E+11,1.8753E+11,1.97086E+11,8779008670,1.88307E+11,2.0098E+11
국민건강증진계정,0,0,0,예금및예탁금,국민건강증진기금,2017,보건복지부,0,75001292662,1.01391E+11,75001292662,0,75001292662,75001292662
,4181280,4181280,0,재산수입,응급의료기금,2017,보건복지부,23967170,0,83670980,19785890,19785890,0,23967170
,19008110,19008110,0,경상이전수입,응급의료기금,2017,보건복지부,2542324100,0,1089579670,2523315990,2523315990,0,2542324100
,3.209E+11,0,3.209E+11,융자회수금,응급의료기금,2017,보건복지부,0,3.209E+11,4.00822E+11,0,0,0,3.209E+11
,0,0,0,예금및예탁금,응급의료기금,2017,보건복지부,0,51043071719,31309212350,51043071719,0,51043071719,51043071719
,0,0,0,재산수입,일반회계,2017,여성가족부,600830,0,410130,600830,600830,0,600830
,47925520,47925520,0,경상이전수입,일반회계,2017,여성가족부,1912409180,0,690100350,1864483660,1864483660,0,1912409180
,0,0,0,재화및용역판매수입,일반회계,2017,여성가족부,0,0,0,0,0,0,0
지역자율계정,0,0,0,재산수입,지역균형발전특별회계,2017,여성가족부,0,0,0,0,0,0,0
지역자율계정,0,0,0,경상이전수입,지역균형발전특별회계,2017,여성가족부,7037200,0,0,7037200,7037200,0,7037200
제주특별자치도계정,0,0,0,경상이전수입,지역균형발전특별회계,2017,여성가족부,0,0,0,0,0,0,0
,0,0,0,재산수입,청소년육성기금,2017,여성가족부,177910,0,2353480,177910,177910,0,177910
,329363580,329363580,0,경상이전수입,청소년육성기금,2017,여성가족부,808119920,0,756380470,478756340,478756340,0,808119920
,0,0,0,재화및용역판매수입,청소년육성기금,2017,여성가족부,0,0,0,0,0,0,0
,0,0,0,예금및예탁금,청소년육성기금,2017,여성가족부,0,21474809975,14370644265,21474809975,0,21474809975,21474809975
,5560,5560,0,재산수입,양성평등기금,2017,여성가족부,636640,0,2933190,631080,631080,0,636640
,0,0,0,경상이전수입,양성평등기금,2017,여성가족부,2904192220,0,1369593720,2904192220,2904192220,0,2904192220
,341562894,341562894,0,융자회수금,양성평등기금,2017,여성가족부,341562894,0,342513674,0,0,0,341562894
,335082702,0,335082702,예금및예탁금,양성평등기금,2017,여성가족부,0,13255398219,8802017845,12920315517,0,12920315517,13255398219
,0,0,0,재산수입,일반회계,2017,방송통신위원회,0,0,0,0,0,0,0
,19991680,19991680,0,경상이전수입,일반회계,2017,방송통신위원회,25281680,0,24901680,5290000,5290000,0,25281680
,0,0,0,재화및용역판매수입,일반회계,2017,방송통신위원회,0,0,204000,0,0,0,0
,0,0,0,기타수입,일반회계,2017,방송통신위원회,0,40000000,0,40000000,0,40000000,40000000
,3327350,3327350,0,경상이전수입,일반회계,2017,금융위원회,3327350,0,20667370,0,0,0,3327350
,0,0,0,재산수입,농어가목돈마련저축장려기금,2017,금융위원회,0,0,0,0,0,0,0
,0,0,0,경상이전수입,농어가목돈마련저축장려기금,2017,금융위원회,0,0,0,0,0,0,0
,0,0,0,예금및예탁금,농어가목돈마련저축장려기금,2017,금융위원회,0,0,0,0,0,0,0
,0,0,0,재산수입,공적자금상환기금,2017,금융위원회,0,0,0,0,0,0,0
,0,0,0,경상이전수입,공적자금상환기금,2017,금융위원회,0,0,0,0,0,0,0
,0,0,0,관유물매각대,공적자금상환기금,2017,금융위원회,0,0,0,0,0,0,0
,0,0,0,예금및예탁금,공적자금상환기금,2017,금융위원회,0,0,0,0,0,0,0
,7841400,7841400,0,경상이전수입,일반회계,2017,국민권익위원회,99588800,40962400,249910990,132709800,91747400,40962400,140551200
,0,0,0,재화및용역판매수입,일반회계,2017,국민권익위원회,0,0,0,0,0,0,0
,0,0,0,관유물매각대,일반회계,2017,국민권익위원회,0,0,0,0,0,0,0
,0,0,0,경상이전수입,일반회계,2017,원자력안전위원회,0,0,0,0,0,0,0
,0,0,0,재산수입,일반회계,2017,대통령경호실,0,0,0,0,0,0,0
,0,0,0,경상이전수입,일반회계,2017,대통령경호실,0,0,0,0,0,0,0
,0,0,0,재화및용역판매수입,일반회계,2017,대통령경호실,0,0,0,0,0,0,0
,0,0,0,재산수입,일반회계,2017,미래창조과학부,0,0,878330,0,0,0,0
,0,0,0,경상이전수입,일반회계,2017,미래창조과학부,0,0,17339237570,0,0,0,0
,0,0,0,재화및용역판매수입,일반회계,2017,미래창조과학부,0,0,2023608780,0,0,0,0
,0,0,0,관유물매각대,일반회계,2017,미래창조과학부,0,0,0,0,0,0,0
투자계정,0,0,0,경상이전수입,에너지및자원사업특별회계,2017,미래창조과학부,0,0,0,0,0,0,0
,0,0,0,경상이전수입,우체국보험특별회계,2017,미래창조과학부,0,0,0,0,0,0,0
,0,0,0,관유물매각대,우체국보험특별회계,2017,미래창조과학부,0,0,80000,0,0,0,0
지역지원계정,0,0,0,경상이전수입,지역균형발전특별회계,2017,미래창조과학부,0,0,286856780,0,0,0,0
자본계정,0,0,0,재산수입,우편사업특별회계,2017,미래창조과학부,0,0,0,0,0,0,0
자본계정,0,0,0,관유물매각대,우편사업특별회계,2017,미래창조과학부,0,0,327989810,0,0,0,0
자본계정,0,0,0,융자회수금,우편사업특별회계,2017,미래창조과학부,0,0,1.35486E+11,0,0,0,0
자본계정,0,0,0,기타수입,우편사업특별회계,2017,미래창조과학부,0,0,6797432000,0,0,0,0
손익계정,0,0,0,재산수입,우편사업특별회계,2017,미래창조과학부,0,0,3392874930,0,0,0,0
손익계정,0,0,0,경상이전수입,우편사업특별회계,2017,미래창조과학부,0,0,3446305070,0,0,0,0
손익계정,0,0,0,기타수입,우편사업특별회계,2017,미래창조과학부,0,0,1045643400,0,0,0,0
자본계정,0,0,0,관유물매각대,우체국예금특별회계,2017,미래창조과학부,0,0,0,0,0,0,0
자본계정,0,0,0,기타수입,우체국예금특별회계,2017,미래창조과학부,0,0,91960000,0,0,0,0
손익계정,0,0,0,재산수입,우체국예금특별회계,2017,미래창조과학부,0,0,0,0,0,0,0
손익계정,0,0,0,경상이전수입,우체국예금특별회계,2017,미래창조과학부,0,0,3725836170,0,0,0,0
손익계정,0,0,0,관유물매각대,우체국예금특별회계,2017,미래창조과학부,0,0,0,0,0,0,0
손익계정,0,0,0,재산수입,국립중앙과학관,2017,미래창조과학부,0,0,28009050,0,0,0,0
손익계정,0,0,0,경상이전수입,국립중앙과학관,2017,미래창조과학부,0,0,221528600,0,0,0,0
손익계정,0,0,0,재화및용역판매수입,국립중앙과학관,2017,미래창조과학부,0,0,9853030,0,0,0,0
손익계정,0,0,0,재산수입,국립과천과학관,2017,미래창조과학부,0,0,0,0,0,0,0
손익계정,0,0,0,경상이전수입,국립과천과학관,2017,미래창조과학부,0,0,2302330,0,0,0,0
손익계정,0,0,0,재화및용역판매수입,국립과천과학관,2017,미래창조과학부,0,0,41709410,0,0,0,0
,269928220,269928220,0,재산수입,일반회계,2017,교육부,295267210,2709540,348971030,28048530,25338990,2709540,297976750
,686319190,686319190,0,경상이전수입,일반회계,2017,교육부,1864069430,23472420,725511900,1201222660,1177750240,23472420,1887541850
,4569030,4569030,0,재화및용역판매수입,일반회계,2017,교육부,4569030,0,9917780,0,0,0,4569030
,0,0,0,관유물매각대,일반회계,2017,교육부,0,0,0,0,0,0,0
,7.93547E+11,0,7.93547E+11,융자회수금,일반회계,2017,교육부,0,7.94801E+11,8.44361E+11,1254506080,0,1254506080,7.94801E+11
,80042880,0,80042880,기타수입,일반회계,2017,교육부,0,80042880,80042880,0,0,0,80042880
지역지원계정,0,0,0,재산수입,지역균형발전특별회계,2017,교육부,0,0,0,0,0,0,0
지역지원계정,0,0,0,경상이전수입,지역균형발전특별회계,2017,교육부,0,0,0,0,0,0,0
,0,0,0,재산수입,일반회계,2017,외교부,0,0,0,0,0,0,0
,0,0,0,경상이전수입,일반회계,2017,외교부,0,0,0,0,0,0,0
,0,0,0,재화및용역판매수입,일반회계,2017,외교부,0,0,0,0,0,0,0
,3456180645,362955659,3093224986,기타수입,일반회계,2017,외교부,472193632,4910883783,6339447134,1926896770,109237973,1817658797,5383077415
,223956180,223956180,0,재산수입,일반회계,2017,농림축산식품부,224274490,0,482411080,318310,318310,0,224274490
,968205370,968205370,0,경상이전수입,일반회계,2017,농림축산식품부,1124708460,3574110,1204541120,160077200,156503090,3574110,1128282570
,2769330,2769330,0,재화및용역판매수입,일반회계,2017,농림축산식품부,119690630,25563000,101379530,142484300,116921300,25563000,145253630
,0,0,0,관유물매각대,일반회계,2017,농림축산식품부,0,0,0,0,0,0,0
,449945000,0,449945000,기타수입,일반회계,2017,농림축산식품부,0,449945000,449945000,0,0,0,449945000
구조개선사업계정,10169190,10169190,0,재산수입,농어촌구조개선특별회계,2017,농림축산식품부,10169230,2697500,10169240,2697540,40,2697500,12866730
구조개선사업계정,455741710,455741710,0,경상이전수입,농어촌구조개선특별회계,2017,농림축산식품부,522291780,304523230,1239501880,371073300,66550070,304523230,826815010
구조개선사업계정,0,0,0,재화및용역판매수입,농어촌구조개선특별회계,2017,농림축산식품부,0,0,0,0,0,0,0
구조개선사업계정,0,0,0,관유물매각대,농어촌구조개선특별회계,2017,농림축산식품부,0,0,0,0,0,0,0
구조개선사업계정,4.3538E+11,0,4.3538E+11,융자회수금,농어촌구조개선특별회계,2017,농림축산식품부,0,4.47051E+11,5.62549E+11,11671000000,0,11671000000,4.47051E+11
농어촌특별세사업계정,0,0,0,재산수입,농어촌구조개선특별회계,2017,농림축산식품부,0,0,0,0,0,0,0
농어촌특별세사업계정,321709020,321709020,0,경상이전수입,농어촌구조개선특별회계,2017,농림축산식품부,343205040,0,2007036060,21496020,21496020,0,343205040
농어촌특별세사업계정,30900109810,0,30900109810,융자회수금,농어촌구조개선특별회계,2017,농림축산식품부,0,30900109810,43036702460,0,0,0,30900109810
투자계정,0,0,0,재산수입,에너지및자원사업특별회계,2017,농림축산식품부,0,0,0,0,0,0,0
투자계정,0,0,0,경상이전수입,에너지및자원사업특별회계,2017,농림축산식품부,0,0,1590694030,0,0,0,0
융자계정,0,0,0,재산수입,에너지및자원사업특별회계,2017,농림축산식품부,0,0,0,0,0,0,0
융자계정,23116910980,0,23116910980,융자회수금,에너지및자원사업특별회계,2017,농림축산식품부,0,37451591980,38675844890,14334681000,0,14334681000,37451591980
,0,0,0,재산수입,혁신도시건설특별회계,2017,농림축산식품부,0,0,0,0,0,0,0
,0,0,0,관유물매각대,혁신도시건설특별회계,2017,농림축산식품부,0,0,0,0,0,0,0
지역자율계정,0,0,0,재산수입,지역균형발전특별회계,2017,농림축산식품부,0,0,0,0,0,0,0
지역자율계정,276141770,276141770,0,경상이전수입,지역균형발전특별회계,2017,농림축산식품부,280955770,160560950,322894400,165374950,4814000,160560950,441516720
지역지원계정,0,0,0,재산수입,지역균형발전특별회계,2017,농림축산식품부,0,0,0,0,0,0,0
지역지원계정,0,0,0,경상이전수입,지역균형발전특별회계,2017,농림축산식품부,0,0,0,0,0,0,0
세종특별자치시계정,0,0,0,경상이전수입,지역균형발전특별회계,2017,농림축산식품부,0,0,0,0,0,0,0
손익계정,0,0,0,경상이전수입,양곡관리특별회계,2017,농림축산식품부,0,0,0,0,0,0,0
손익계정,0,0,0,재화및용역판매수입,양곡관리특별회계,2017,농림축산식품부,0,0,8219140,0,0,0,0
손익계정,123643750,123643750,0,관유물매각대,양곡관리특별회계,2017,농림축산식품부,131042950,0,148833250,7399200,7399200,0,131042950
,0,0,0,재산수입,양곡증권정리기금,2017,농림축산식품부,0,0,0,0,0,0,0
,0,0,0,예금및예탁금,양곡증권정리기금,2017,농림축산식품부,0,20779930770,33870996210,20779930770,0,20779930770,20779930770
,0,0,0,재산수입,농산물가격안정기금,2017,농림축산식품부,7586500,0,99147710,7586500,7586500,0,7586500
,0,0,0,경상이전수입,농산물가격안정기금,2017,농림축산식품부,13669160,0,692278510,13669160,13669160,0,13669160
,0,0,0,재화및용역판매수입,농산물가격안정기금,2017,농림축산식품부,0,0,0,0,0,0,0
,0,0,0,관유물매각대,농산물가격안정기금,2017,농림축산식품부,0,0,0,0,0,0,0
,1.73802E+12,38073000000,1.69995E+12,융자회수금,농산물가격안정기금,2017,농림축산식품부,38073000000,2.76922E+12,2.62903E+12,1.06927E+12,0,1.06927E+12,2.80729E+12
,0,0,0,예금및예탁금,농산물가격안정기금,2017,농림축산식품부,0,4.33016E+11,6.53927E+11,4.33016E+11,0,4.33016E+11,4.33016E+11
,13130039709,3600512984,9529526725,재산수입,농지관리기금,2017,농림축산식품부,7823477720,16503640646,19742272059,11197078657,4222964736,6974113921,24327118366
,3.25927E+11,2.06651E+11,1.19275E+11,경상이전수입,농지관리기금,2017,농림축산식품부,2.48695E+11,4.85906E+11,6.0694E+11,4.08675E+11,42043950750,3.66631E+11,7.34602E+11
,18474540689,18474540689,0,관유물매각대,농지관리기금,2017,농림축산식품부,18474540689,2.58577E+11,72875116537,2.58577E+11,0,2.58577E+11,2.77052E+11
,4.4037E+12,0,4.4037E+12,융자회수금,농지관리기금,2017,농림축산식품부,0,5.0634E+12,4.76016E+12,6.59705E+11,0,6.59705E+11,5.0634E+12
,0,0,0,예금및예탁금,농지관리기금,2017,농림축산식품부,0,6.82615E+11,8.37142E+11,6.82615E+11,0,6.82615E+11,6.82615E+11
,0,0,0,재산수입,축산발전기금,2017,농림축산식품부,0,0,0,0,0,0,0
,0,0,0,경상이전수입,축산발전기금,2017,농림축산식품부,0,0,0,0,0,0,0
,0,0,0,관유물매각대,축산발전기금,2017,농림축산식품부,0,0,0,0,0,0,0
,8.9613E+11,0,8.9613E+11,융자회수금,축산발전기금,2017,농림축산식품부,0,1.46282E+12,1.4937E+12,5.66694E+11,0,5.66694E+11,1.46282E+12
,0,0,0,예금및예탁금,축산발전기금,2017,농림축산식품부,0,98706642499,2.40515E+11,98706642499,0,98706642499,98706642499
,0,0,0,재산수입,농업소득보전직접지불기금,2017,농림축산식품부,0,0,0,0,0,0,0
,0,0,0,경상이전수입,농업소득보전직접지불기금,2017,농림축산식품부,0,0,0,0,0,0,0
,0,0,0,예금및예탁금,농업소득보전직접지불기금,2017,농림축산식품부,0,263192210,3367248510,263192210,0,263192210,263192210
,0,0,0,재산수입,자유무역협정이행지원기금,2017,농림축산식품부,99586140,0,66106470,99586140,99586140,0,99586140
,0,0,0,경상이전수입,자유무역협정이행지원기금,2017,농림축산식품부,272758090,0,1461921870,272758090,272758090,0,272758090
,7.46725E+11,7370000,7.46718E+11,융자회수금,자유무역협정이행지원기금,2017,농림축산식품부,7370000,9.70869E+11,9.34808E+11,2.24151E+11,0,2.24151E+11,9.70876E+11
,0,0,0,예금및예탁금,자유무역협정이행지원기금,2017,농림축산식품부,0,1.29819E+11,54524083883,1.29819E+11,0,1.29819E+11,1.29819E+11
,0,0,0,재산수입,농어업재해재보험기금,2017,농림축산식품부,0,0,0,0,0,0,0
,0,0,0,경상이전수입,농어업재해재보험기금,2017,농림축산식품부,0,0,0,0,0,0,0
,0,0,0,재화및용역판매수입,농어업재해재보험기금,2017,농림축산식품부,0,0,0,0,0,0,0
,0,0,0,예금및예탁금,농어업재해재보험기금,2017,농림축산식품부,0,1.42514E+11,1.77207E+11,1.42514E+11,0,1.42514E+11,1.42514E+11
,702133680,702133680,0,재산수입,일반회계,2017,산업통상자원부,1574051970,4408630,1760315180,876326920,871918290,4408630,1578460600
,826741230,826741230,0,경상이전수입,일반회계,2017,산업통상자원부,1567426480,58298270,916229820,798983520,740685250,58298270,1625724750
,40001210,40001210,0,재화및용역판매수입,일반회계,2017,산업통상자원부,79306340,0,81780200,39305130,39305130,0,79306340
,7824600,7824600,0,관유물매각대,일반회계,2017,산업통상자원부,7824600,0,7824600,0,0,0,7824600
투자계정,0,0,0,재산수입,에너지및자원사업특별회계,2017,산업통상자원부,1126020,0,1389030,1126020,1126020,0,1126020
투자계정,3099644450,3099644450,0,경상이전수입,에너지및자원사업특별회계,2017,산업통상자원부,3521622010,6792330210,10352745140,7214307770,421977560,6792330210,10313952220
융자계정,0,0,0,재산수입,에너지및자원사업특별회계,2017,산업통상자원부,0,0,0,0,0,0,0
융자계정,4.50367E+12,0,4.50367E+12,융자회수금,에너지및자원사업특별회계,2017,산업통상자원부,0,4.94037E+12,5.78232E+12,4.36699E+11,0,4.36699E+11,4.94037E+12
지역자율계정,0,0,0,재산수입,지역균형발전특별회계,2017,산업통상자원부,4230,0,0,4230,4230,0,4230
지역자율계정,0,0,0,경상이전수입,지역균형발전특별회계,2017,산업통상자원부,649410,0,0,649410,649410,0,649410
지역지원계정,0,0,0,재산수입,지역균형발전특별회계,2017,산업통상자원부,169377410,3028770,159583270,172406180,169377410,3028770,172406180
지역지원계정,0,0,0,경상이전수입,지역균형발전특별회계,2017,산업통상자원부,6240080200,192752660,6254958090,6432832860,6240080200,192752660,6432832860
산업기술혁신계정,0,0,0,재산수입,산업기술진흥및사업화촉진기금,2017,산업통상자원부,0,0,0,0,0,0,0
산업기술혁신계정,0,0,0,경상이전수입,산업기술진흥및사업화촉진기금,2017,산업통상자원부,0,0,0,0,0,0,0
산업기술혁신계정,0,0,0,예금및예탁금,산업기술진흥및사업화촉진기금,2017,산업통상자원부,0,24037083245,9712372415,24037083245,0,24037083245,24037083245
특정물질사용합리화계정,0,0,0,재산수입,산업기술진흥및사업화촉진기금,2017,산업통상자원부,0,0,0,0,0,0,0
특정물질사용합리화계정,0,0,0,경상이전수입,산업기술진흥및사업화촉진기금,2017,산업통상자원부,0,0,0,0,0,0,0
특정물질사용합리화계정,6736500000,0,6736500000,융자회수금,산업기술진흥및사업화촉진기금,2017,산업통상자원부,0,7689600000,9517500000,953100000,0,953100000,7689600000
특정물질사용합리화계정,0,0,0,예금및예탁금,산업기술진흥및사업화촉진기금,2017,산업통상자원부,0,2511302548,3694946131,2511302548,0,2511302548,2511302548
,0,0,0,재산수입,전력산업기반기금,2017,산업통상자원부,0,6058510,0,6058510,0,6058510,6058510
,630547180,630547180,0,경상이전수입,전력산업기반기금,2017,산업통상자원부,26748885730,1.93335E+11,2.08478E+11,2.19453E+11,26118338550,1.93335E+11,2.20083E+11
,5.35937E+11,0,5.35937E+11,융자회수금,전력산업기반기금,2017,산업통상자원부,0,6.43937E+11,6.32567E+11,1.08E+11,0,1.08E+11,6.43937E+11
,0,0,0,예금및예탁금,전력산업기반기금,2017,산업통상자원부,0,2.39137E+11,6.63945E+11,2.39137E+11,0,2.39137E+11,2.39137E+11
,0,0,0,재산수입,방사성폐기물관리기금,2017,산업통상자원부,0,0,0,0,0,0,0
,0,0,0,경상이전수입,방사성폐기물관리기금,2017,산업통상자원부,0,0,0,0,0,0,0
,0,0,0,재화및용역판매수입,방사성폐기물관리기금,2017,산업통상자원부,0,0,0,0,0,0,0
,0,0,0,예금및예탁금,방사성폐기물관리기금,2017,산업통상자원부,0,1.39131E+11,1.74062E+11,1.39131E+11,0,1.39131E+11,1.39131E+11
,1799721630,1799721630,0,재산수입,일반회계,2017,국토교통부,1806877970,861120,1851192680,8017460,7156340,861120,1807739090
,22009087980,22009087980,0,경상이전수입,일반회계,2017,국토교통부,30142367640,17040140,43903691470,8150319800,8133279660,17040140,30159407780
,34551700,34551700,0,재화및용역판매수입,일반회계,2017,국토교통부,137061130,9194270,125914020,111703700,102509430,9194270,146255400
,139055110,139055110,0,관유물매각대,일반회계,2017,국토교통부,2298404290,0,139055110,2159349180,2159349180,0,2298404290
,372257010,0,372257010,기타수입,일반회계,2017,국토교통부,0,372257010,372257010,0,0,0,372257010
도로계정,11457448700,11352472590,104976110,재산수입,교통시설특별회계,2017,국토교통부,13189960990,214410730,13184326000,1946923020,1837488400,109434620,13404371720
도로계정,9700496340,9700496340,0,경상이전수입,교통시설특별회계,2017,국토교통부,13270815350,228558300,10615202040,3798877310,3570319010,228558300,13499373650
도로계정,300823100,300823100,0,재화및용역판매수입,교통시설특별회계,2017,국토교통부,302354500,0,306395280,1531400,1531400,0,302354500
도로계정,0,0,0,관유물매각대,교통시설특별회계,2017,국토교통부,59402500,185058550,367469200,244461050,59402500,185058550,244461050
철도계정,2662692090,2662692090,0,재산수입,교통시설특별회계,2017,국토교통부,2662692090,1854010,2668874920,1854010,0,1854010,2664546100
철도계정,2590015170,2590015170,0,경상이전수입,교통시설특별회계,2017,국토교통부,2590015170,0,2597007710,0,0,0,2590015170
철도계정,0,0,0,재화및용역판매수입,교통시설특별회계,2017,국토교통부,0,0,0,0,0,0,0
철도계정,0,0,0,관유물매각대,교통시설특별회계,2017,국토교통부,17209885500,3436901590,2552518740,20646787090,17209885500,3436901590,20646787090
공항계정,7016990,7016990,0,재산수입,교통시설특별회계,2017,국토교통부,9938170,0,9119260,2921180,2921180,0,9938170
공항계정,497031850,497031850,0,경상이전수입,교통시설특별회계,2017,국토교통부,1060363800,0,690792960,563331950,563331950,0,1060363800
공항계정,171358490,171358490,0,재화및용역판매수입,교통시설특별회계,2017,국토교통부,442696280,0,208153080,271337790,271337790,0,442696280
공항계정,0,0,0,관유물매각대,교통시설특별회계,2017,국토교통부,0,0,0,0,0,0,0
교통체계관리계정,968060,968060,0,재산수입,교통시설특별회계,2017,국토교통부,2757750,0,16395100,1789690,1789690,0,2757750
교통체계관리계정,4228950,4228950,0,경상이전수입,교통시설특별회계,2017,국토교통부,8599570,0,1643357750,4370620,4370620,0,8599570
투자계정,0,0,0,재산수입,에너지및자원사업특별회계,2017,국토교통부,0,0,0,0,0,0,0
투자계정,0,0,0,경상이전수입,에너지및자원사업특별회계,2017,국토교통부,0,0,0,0,0,0,0
,0,0,0,재산수입,혁신도시건설특별회계,2017,국토교통부,0,0,0,0,0,0,0
,0,0,0,경상이전수입,혁신도시건설특별회계,2017,국토교통부,0,0,0,0,0,0,0
지역자율계정,333320,333320,0,재산수입,지역균형발전특별회계,2017,국토교통부,3774550,0,528780,3441230,3441230,0,3774550
지역자율계정,3.44734E+11,2.32733E+11,1.12001E+11,경상이전수입,지역균형발전특별회계,2017,국토교통부,2.64027E+11,3.10807E+11,6.3004E+11,2.301E+11,31294306200,1.98806E+11,5.74834E+11
지역자율계정,5130320,5130320,0,재화및용역판매수입,지역균형발전특별회계,2017,국토교통부,5130320,0,7953540,0,0,0,5130320
지역자율계정,312469690,0,312469690,기타수입,지역균형발전특별회계,2017,국토교통부,0,312469690,312469690,0,0,0,312469690
지역지원계정,128434300,128434300,0,재산수입,지역균형발전특별회계,2017,국토교통부,129386800,0,138986600,952500,952500,0,129386800
지역지원계정,1.44585E+11,1.44547E+11,38264800,경상이전수입,지역균형발전특별회계,2017,국토교통부,1.49467E+11,79664974970,2.38026E+11,84546918650,4920208480,79626710170,2.29132E+11
지역지원계정,2983090,2983090,0,재화및용역판매수입,지역균형발전특별회계,2017,국토교통부,2983090,0,2983090,0,0,0,2983090
지역지원계정,471915470,471915470,0,관유물매각대,지역균형발전특별회계,2017,국토교통부,471915470,210915000,527462670,210915000,0,210915000,682830470
세종특별자치시계정,0,0,0,재산수입,지역균형발전특별회계,2017,국토교통부,0,0,0,0,0,0,0
세종특별자치시계정,0,0,0,경상이전수입,지역균형발전특별회계,2017,국토교통부,0,0,0,0,0,0,0
,0,0,0,예금및예탁금,자동차사고피해지원기금,2017,국토교통부,0,2.0729E+11,0,2.0729E+11,0,2.0729E+11,2.0729E+11
주택계정,0,0,0,재화및용역판매수입,주택도시기금,2017,국토교통부,0,5078472993,7832687248,5078472993,0,5078472993,5078472993
주택계정,7.75968E+13,1.1662E+11,7.74802E+13,융자회수금,주택도시기금,2017,국토교통부,1.18109E+11,9.58302E+13,8.76418E+13,1.83515E+13,1489487235,1.835E+13,9.59483E+13
주택계정,0,0,0,예금및예탁금,주택도시기금,2017,국토교통부,0,1.33489E+12,9.16155E+11,1.33489E+12,0,1.33489E+12,1.33489E+12
도시계정,2400000000,0,2400000000,융자회수금,주택도시기금,2017,국토교통부,0,46335000000,2400000000,43935000000,0,43935000000,46335000000
도시계정,0,0,0,예금및예탁금,주택도시기금,2017,국토교통부,0,86070720889,32702454339,86070720889,0,86070720889,86070720889
,171639090,171639090,0,재산수입,일반회계,2017,해양수산부,192866160,298222600,453736730,319449670,21227070,298222600,491088760
,2007076200,435013670,1572062530,경상이전수입,일반회계,2017,해양수산부,986829050,1726252380,2350147140,706005230,551815380,154189850,2713081430
,9265470,9265470,0,재화및용역판매수입,일반회계,2017,해양수산부,9942330,117281150,3180541780,117958010,676860,117281150,127223480
,0,0,0,관유물매각대,일반회계,2017,해양수산부,1276240,0,6900000000,1276240,1276240,0,1276240
,258273450,0,258273450,융자회수금,일반회계,2017,해양수산부,0,258273450,258273450,0,0,0,258273450
,3.72621E+11,0,3.72621E+11,기타수입,일반회계,2017,해양수산부,0,3.7272E+11,3.72621E+11,98831600,0,98831600,3.7272E+11
구조개선사업계정,1999930,1999930,0,재산수입,농어촌구조개선특별회계,2017,해양수산부,2245250,0,2238610,245320,245320,0,2245250
구조개선사업계정,984687340,984687340,0,경상이전수입,농어촌구조개선특별회계,2017,해양수산부,2048728650,109506850,1009729980,1173548160,1064041310,109506850,2158235500
구조개선사업계정,0,0,0,재화및용역판매수입,농어촌구조개선특별회계,2017,해양수산부,0,0,0,0,0,0,0
구조개선사업계정,0,0,0,관유물매각대,농어촌구조개선특별회계,2017,해양수산부,0,0,0,0,0,0,0
구조개선사업계정,52854719890,0,52854719890,융자회수금,농어촌구조개선특별회계,2017,해양수산부,0,52854719890,66419195180,0,0,0,52854719890
농어촌특별세사업계정,0,0,0,재산수입,농어촌구조개선특별회계,2017,해양수산부,88700,0,0,88700,88700,0,88700
농어촌특별세사업계정,308976540,308976540,0,경상이전수입,농어촌구조개선특별회계,2017,해양수산부,524643540,0,309182630,215667000,215667000,0,524643540
농어촌특별세사업계정,0,0,0,재화및용역판매수입,농어촌구조개선특별회계,2017,해양수산부,0,0,0,0,0,0,0
농어촌특별세사업계정,0,0,0,관유물매각대,농어촌구조개선특별회계,2017,해양수산부,0,0,0,0,0,0,0
농어촌특별세사업계정,606390510,0,606390510,융자회수금,농어촌구조개선특별회계,2017,해양수산부,0,606390510,768357150,0,0,0,606390510
항만계정,655171890,655171890,0,재산수입,교통시설특별회계,2017,해양수산부,1190622940,271287210,784306390,806738260,535451050,271287210,1461910150
항만계정,6437699260,6437699260,0,경상이전수입,교통시설특별회계,2017,해양수산부,6703279850,12116030,9180350340,277696620,265580590,12116030,6715395880
항만계정,6285173620,6285173620,0,재화및용역판매수입,교통시설특별회계,2017,해양수산부,8228367650,5495188270,15192674450,7438382300,1943194030,5495188270,13723555920
항만계정,9738400,9738400,0,관유물매각대,교통시설특별회계,2017,해양수산부,26983280,191195500,1946453440,208440380,17244880,191195500,218178780
투자계정,0,0,0,재산수입,에너지및자원사업특별회계,2017,해양수산부,0,0,0,0,0,0,0
투자계정,0,0,0,경상이전수입,에너지및자원사업특별회계,2017,해양수산부,97788000,0,0,97788000,97788000,0,97788000
지역자율계정,1379000,1379000,0,재산수입,지역균형발전특별회계,2017,해양수산부,1409900,0,1379000,30900,30900,0,1409900
지역자율계정,57955370,57955370,0,경상이전수입,지역균형발전특별회계,2017,해양수산부,57955370,4984530,57955370,4984530,0,4984530,62939900
지역지원계정,0,0,0,재산수입,지역균형발전특별회계,2017,해양수산부,0,0,0,0,0,0,0
지역지원계정,0,0,0,경상이전수입,지역균형발전특별회계,2017,해양수산부,0,0,0,0,0,0,0
제주특별자치도계정,0,0,0,경상이전수입,지역균형발전특별회계,2017,해양수산부,0,0,0,0,0,0,0
손익계정,0,0,0,재산수입,대산지방해양수산청,2017,해양수산부,0,0,27082700,0,0,0,0
손익계정,0,0,0,경상이전수입,대산지방해양수산청,2017,해양수산부,0,0,48912770,0,0,0,0
손익계정,0,0,0,재화및용역판매수입,대산지방해양수산청,2017,해양수산부,0,0,123122920,0,0,0,0
,464000,464000,0,재산수입,수산발전기금,2017,해양수산부,464000,0,3926170,0,0,0,464000
,1236469400,1236469400,0,경상이전수입,수산발전기금,2017,해양수산부,1791073600,126987000,3367701110,681591200,554604200,126987000,1918060600
,0,0,0,재화및용역판매수입,수산발전기금,2017,해양수산부,0,0,0,0,0,0,0
,0,0,0,관유물매각대,수산발전기금,2017,해양수산부,0,0,0,0,0,0,0
,3.95681E+11,238000000,3.95443E+11,융자회수금,수산발전기금,2017,해양수산부,238000000,7.91283E+11,7.72663E+11,3.95839E+11,0,3.95839E+11,7.91521E+11
,0,0,0,예금및예탁금,수산발전기금,2017,해양수산부,0,52764808384,48936196423,52764808384,0,52764808384,52764808384
,0,0,0,재산수입,일반회계,2017,식품의약품안전처,1339490,548520,4690,1888010,1339490,548520,1888010
,26938760,26938760,0,경상이전수입,일반회계,2017,식품의약품안전처,191198500,123761520,113634720,288021260,164259740,123761520,314960020
,0,0,0,재화및용역판매수입,일반회계,2017,식품의약품안전처,0,0,3391980,0,0,0,0
,0,0,0,관유물매각대,일반회계,2017,식품의약품안전처,0,0,0,0,0,0,0
,180000000,0,180000000,기타수입,일반회계,2017,식품의약품안전처,0,183703000,3330670,3703000,0,3703000,183703000
구조개선사업계정,0,0,0,재산수입,농어촌구조개선특별회계,2017,식품의약품안전처,0,0,286520,0,0,0,0
구조개선사업계정,0,0,0,경상이전수입,농어촌구조개선특별회계,2017,식품의약품안전처,0,0,755000,0,0,0,0
구조개선사업계정,0,0,0,관유물매각대,농어촌구조개선특별회계,2017,식품의약품안전처,0,0,0,0,0,0,0
,0,0,0,재산수입,일반회계,2017,대통령비서실 및 국가안보실,0,0,0,0,0,0,0
,0,0,0,경상이전수입,일반회계,2017,대통령비서실 및 국가안보실,335128350,0,0,335128350,335128350,0,335128350
,0,0,0,재화및용역판매수입,일반회계,2017,대통령비서실 및 국가안보실,0,0,0,0,0,0,0
,0,0,0,재산수입,일반회계,2017,새만금개발청,0,0,0,0,0,0,0
,0,0,0,경상이전수입,일반회계,2017,새만금개발청,0,0,0,0,0,0,0
,0,0,0,재화및용역판매수입,일반회계,2017,새만금개발청,88094210,0,0,88094210,88094210,0,88094210
,19438600,19438600,0,재산수입,일반회계,2017,행정안전부,220123380,194027950,0,394712730,200684780,194027950,414151330
,1013588140,1013588140,0,경상이전수입,일반회계,2017,행정안전부,3343558720,2509370,0,2332479950,2329970580,2509370,3346068090
,405524120,405524120,0,재화및용역판매수입,일반회계,2017,행정안전부,407339250,12556610,0,14371740,1815130,12556610,419895860
,0,0,0,기타수입,일반회계,2017,행정안전부,0,0,0,0,0,0,0
지역지원계정,0,0,0,재산수입,지역균형발전특별회계,2017,행정안전부,159930,0,0,159930,159930,0,159930
지역지원계정,212699620,212699620,0,경상이전수입,지역균형발전특별회계,2017,행정안전부,222913770,0,0,10214150,10214150,0,222913770
,0,0,0,재산수입,일반회계,2017,중소벤처기업부,0,9627210,0,9627210,0,9627210,9627210
,340625310,340625310,0,경상이전수입,일반회계,2017,중소벤처기업부,344211060,0,0,3585750,3585750,0,344211060
,0,0,0,재화및용역판매수입,일반회계,2017,중소벤처기업부,0,0,0,0,0,0,0
,90000,0,90000,기타수입,일반회계,2017,중소벤처기업부,0,90000,0,0,0,0,90000
지역자율계정,50,50,0,재산수입,지역균형발전특별회계,2017,중소벤처기업부,62430360,5540950,0,67971260,62430310,5540950,67971310
지역자율계정,31963090,31963090,0,경상이전수입,지역균형발전특별회계,2017,중소벤처기업부,371523540,331633160,0,671193610,339560450,331633160,703156700
지역지원계정,0,0,0,재산수입,지역균형발전특별회계,2017,중소벤처기업부,0,0,0,0,0,0,0
지역지원계정,0,0,0,경상이전수입,지역균형발전특별회계,2017,중소벤처기업부,0,0,0,0,0,0,0
제주특별자치도계정,0,0,0,재산수입,지역균형발전특별회계,2017,중소벤처기업부,0,0,0,0,0,0,0
제주특별자치도계정,0,0,0,경상이전수입,지역균형발전특별회계,2017,중소벤처기업부,0,0,0,0,0,0,0
,0,0,0,재산수입,소상공인시장진흥기금,2017,중소벤처기업부,846360,886139130,7870590,886985490,846360,886139130,886985490
,0,0,0,경상이전수입,소상공인시장진흥기금,2017,중소벤처기업부,59066410,0,0,59066410,59066410,0,59066410
,3.79365E+12,0,3.79365E+12,융자회수금,소상공인시장진흥기금,2017,중소벤처기업부,0,5.04331E+12,3.13142E+12,1.24966E+12,0,1.24966E+12,5.04331E+12
,23632958377,0,23632958377,예금및예탁금,소상공인시장진흥기금,2017,중소벤처기업부,0,23644677478,1.2911E+11,11719101,0,11719101,23644677478
,0,0,0,재산수입,일반회계,2017,소방청,18089550,0,0,18089550,18089550,0,18089550
,3953730,3953730,0,경상이전수입,일반회계,2017,소방청,3953730,0,0,0,0,0,3953730
,1854000,1854000,0,재화및용역판매수입,일반회계,2017,소방청,1854000,0,0,0,0,0,1854000
,736050,736050,0,재산수입,일반회계,2017,해양경찰청,736050,1360180,0,1360180,0,1360180,2096230
,18189907050,18189907050,0,경상이전수입,일반회계,2017,해양경찰청,18274902590,100709390,0,185704930,84995540,100709390,18375611980
,0,0,0,재화및용역판매수입,일반회계,2017,해양경찰청,0,0,0,0,0,0,0
,0,0,0,관유물매각대,일반회계,2017,해양경찰청,0,0,0,0,0,0,0
,0,0,0,재산수입,일반회계,2017,행정자치부,0,0,267062670,0,0,0,0
,0,0,0,경상이전수입,일반회계,2017,행정자치부,0,0,591927430,0,0,0,0
,0,0,0,재화및용역판매수입,일반회계,2017,행정자치부,0,0,417708890,0,0,0,0
,0,0,0,관유물매각대,일반회계,2017,행정자치부,0,0,0,0,0,0,0
,0,0,0,기타수입,일반회계,2017,행정자치부,0,0,42800000,0,0,0,0
지역지원계정,0,0,0,재산수입,지역균형발전특별회계,2017,행정자치부,0,0,15450,0,0,0,0
지역지원계정,0,0,0,경상이전수입,지역균형발전특별회계,2017,행정자치부,0,0,421337010,0,0,0,0
,0,0,0,재산수입,일반회계,2017,국민안전처,0,0,6660310,0,0,0,0
,0,0,0,경상이전수입,일반회계,2017,국민안전처,0,0,19305040470,0,0,0,0
,0,0,0,재화및용역판매수입,일반회계,2017,국민안전처,0,0,24171330,0,0,0,0
,0,0,0,관유물매각대,일반회계,2017,국민안전처,0,0,0,0,0,0,0
,0,0,0,재산수입,일반회계,2017,인사혁신처,0,2305240,0,2305240,0,2305240,2305240
,17036320,17036320,0,경상이전수입,일반회계,2017,인사혁신처,24791960,200000000,147233470,207755640,7755640,200000000,224791960
,0,0,0,재화및용역판매수입,일반회계,2017,인사혁신처,0,0,0,0,0,0,0
,1.17994E+12,52146742000,1.12779E+12,융자회수금,일반회계,2017,인사혁신처,52146742000,1.12779E+12,1.17994E+12,0,0,0,1.17994E+12
,0,0,0,기타수입,일반회계,2017,세월호선체조사위원회,0,227340000,0,227340000,0,227340000,227340000
,0,0,0,재산수입,일반회계,2017,과학기술정보통신부,8975820,3766690,0,12742510,8975820,3766690,12742510
,14929874240,14927828240,2046000,경상이전수입,일반회계,2017,과학기술정보통신부,17933039810,123905190,0,3127070760,3005211570,121859190,18056945000
,1231641590,1231641590,0,재화및용역판매수입,일반회계,2017,과학기술정보통신부,1384072010,1489000,0,153919420,152430420,1489000,1385561010
,0,0,0,관유물매각대,일반회계,2017,과학기술정보통신부,0,0,0,0,0,0,0
,0,0,0,경상이전수입,우체국보험특별회계,2017,과학기술정보통신부,0,0,0,0,0,0,0
지역지원계정,0,0,0,경상이전수입,지역균형발전특별회계,2017,과학기술정보통신부,0,0,0,0,0,0,0
자본계정,220060930,220060930,0,관유물매각대,우편사업특별회계,2017,과학기술정보통신부,223850930,1460800,0,5250800,3790000,1460800,225311730
자본계정,1.27727E+11,0,1.27727E+11,융자회수금,우편사업특별회계,2017,과학기술정보통신부,0,1.27727E+11,0,0,0,0,1.27727E+11
자본계정,6797432000,0,6797432000,기타수입,우편사업특별회계,2017,과학기술정보통신부,0,6797432000,0,0,0,0,6797432000
손익계정,1289606170,1289606170,0,재산수입,우편사업특별회계,2017,과학기술정보통신부,2295118000,1581988650,0,2587500480,1005511830,1581988650,3877106650
손익계정,1357274780,1357274780,0,경상이전수입,우편사업특별회계,2017,과학기술정보통신부,3677727490,540215900,0,2860668610,2320452710,540215900,4217943390
손익계정,1045643400,0,1045643400,기타수입,우편사업특별회계,2017,과학기술정보통신부,0,1045643400,0,0,0,0,1045643400
자본계정,0,0,0,관유물매각대,우체국예금특별회계,2017,과학기술정보통신부,0,0,0,0,0,0,0
자본계정,91960000,0,91960000,기타수입,우체국예금특별회계,2017,과학기술정보통신부,0,91960000,0,0,0,0,91960000
손익계정,0,0,0,재산수입,우체국예금특별회계,2017,과학기술정보통신부,0,0,0,0,0,0,0
손익계정,3725636170,3725636170,0,경상이전수입,우체국예금특별회계,2017,과학기술정보통신부,3725636170,239840,0,239840,0,239840,3725876010
손익계정,0,0,0,관유물매각대,우체국예금특별회계,2017,과학기술정보통신부,0,0,0,0,0,0,0
자본계정,0,0,0,재화및용역판매수입,국립중앙과학관,2017,과학기술정보통신부,0,0,0,0,0,0,0
손익계정,24468310,24468310,0,재산수입,국립중앙과학관,2017,과학기술정보통신부,24468310,589070,0,589070,0,589070,25057380
손익계정,180020630,180020630,0,경상이전수입,국립중앙과학관,2017,과학기술정보통신부,180020630,0,0,0,0,0,180020630
손익계정,9853030,9853030,0,재화및용역판매수입,국립중앙과학관,2017,과학기술정보통신부,9853030,0,0,0,0,0,9853030
손익계정,0,0,0,재산수입,국립과천과학관,2017,과학기술정보통신부,0,0,0,0,0,0,0
손익계정,2302330,2302330,0,경상이전수입,국립과천과학관,2017,과학기술정보통신부,2302330,82384960,0,82384960,0,82384960,84687290
손익계정,41709410,41709410,0,재화및용역판매수입,국립과천과학관,2017,과학기술정보통신부,41709410,0,0,0,0,0,41709410
,0,0,0,재산수입,과학기술진흥기금,2017,과학기술정보통신부,0,0,2725027870,0,0,0,0
,0,0,0,재화및용역판매수입,과학기술진흥기금,2017,과학기술정보통신부,0,0,0,0,0,0,0
,7900000000,0,7900000000,융자회수금,과학기술진흥기금,2017,과학기술정보통신부,0,7900000000,9400000000,0,0,0,7900000000
,0,0,0,예금및예탁금,과학기술진흥기금,2017,과학기술정보통신부,0,41106244839,54885889811,41106244839,0,41106244839,41106244839
,0,0,0,재산수입,정보통신진흥기금,2017,과학기술정보통신부,0,0,0,0,0,0,0
,301393610,301393610,0,경상이전수입,정보통신진흥기금,2017,과학기술정보통신부,301393610,0,301393610,0,0,0,301393610
,1.40168E+11,0,1.40168E+11,융자회수금,정보통신진흥기금,2017,과학기술정보통신부,0,1.80168E+11,1.94021E+11,40000000000,0,40000000000,1.80168E+11
,1100000000,0,1100000000,기타수입,정보통신진흥기금,2017,과학기술정보통신부,0,1100000000,1100000000,0,0,0,1100000000
,0,0,0,예금및예탁금,정보통신진흥기금,2017,과학기술정보통신부,0,20802993533,75290601775,20802993533,0,20802993533,20802993533
원자력연구개발계정,0,0,0,재산수입,원자력기금,2017,과학기술정보통신부,0,0,0,0,0,0,0
원자력연구개발계정,0,0,0,경상이전수입,원자력기금,2017,과학기술정보통신부,0,0,0,0,0,0,0
원자력연구개발계정,0,0,0,예금및예탁금,원자력기금,2017,과학기술정보통신부,0,25968346752,10181887403,25968346752,0,25968346752,25968346752
원자력안전규제계정,0,0,0,재산수입,원자력기금,2017,과학기술정보통신부,0,0,0,0,0,0,0
원자력안전규제계정,0,0,0,경상이전수입,원자력기금,2017,과학기술정보통신부,3005330,0,150000,3005330,3005330,0,3005330
원자력안전규제계정,0,0,0,예금및예탁금,원자력기금,2017,과학기술정보통신부,0,38244505789,7730765100,38244505789,0,38244505789,38244505789
,0,0,0,재산수입,방송통신발전기금,2017,과학기술정보통신부,190,0,360,190,190,0,190
,0,0,0,경상이전수입,방송통신발전기금,2017,과학기술정보통신부,240000,0,2140300,240000,240000,0,240000
,4329080000,0,4329080000,융자회수금,방송통신발전기금,2017,과학기술정보통신부,0,4329080000,20948110150,0,0,0,4329080000
,6682099233,0,6682099233,기타수입,방송통신발전기금,2017,과학기술정보통신부,0,6864717233,6682099233,182618000,0,182618000,6864717233
,0,0,0,예금및예탁금,방송통신발전기금,2017,과학기술정보통신부,0,74795496686,65465522649,74795496686,0,74795496686,74795496686
,0,0,0,재산수입,일반회계,2017,대통령경호처,0,0,0,0,0,0,0
,0,0,0,경상이전수입,일반회계,2017,대통령경호처,0,0,0,0,0,0,0
,0,0,0,재화및용역판매수입,일반회계,2017,대통령경호처,0,0,0,0,0,0,0
,0,0,0,재산수입,일반회계,2018,감사원,0,0,0,0,0,0,0
,364709690,364709690,0,경상이전수입,일반회계,2018,감사원,364709690,15924600,364709690,15924600,0,15924600,380634290
,0,0,0,재화및용역판매수입,일반회계,2018,감사원,0,0,0,0,0,0,0
,116812940,1714000,115098940,기타수입,일반회계,2018,감사원,1714000,115098940,115098940,0,0,0,116812940
,0,0,0,재산수입,일반회계,2018,국회,36550290,0,11235040,36550290,36550290,0,36550290
,266378060,266378060,0,경상이전수입,일반회계,2018,국회,280256010,0,266384710,13877950,13877950,0,280256010
,0,0,0,재화및용역판매수입,일반회계,2018,국회,0,0,0,0,0,0,0
,0,0,0,관유물매각대,일반회계,2018,국회,0,0,0,0,0,0,0
,69458130,0,69458130,기타수입,일반회계,2018,국회,0,223679570,377045150,154221440,0,154221440,223679570
,575320,575320,0,재산수입,일반회계,2018,대법원,575320,0,676647680,0,0,0,575320
,434225610,434225610,0,경상이전수입,일반회계,2018,대법원,465086280,4290850,1457665000,35151520,30860670,4290850,469377130
,32500,32500,0,재화및용역판매수입,일반회계,2018,대법원,32500,387800,845100,387800,0,387800,420300
,0,0,0,관유물매각대,일반회계,2018,대법원,0,0,0,0,0,0,0
,390571603,385763503,4808100,기타수입,일반회계,2018,대법원,385763503,9808100,394597636,5000000,0,5000000,395571603
,0,0,0,재산수입,등기특별회계,2018,대법원,0,0,0,0,0,0,0
,0,0,0,경상이전수입,등기특별회계,2018,대법원,0,0,0,0,0,0,0
,128400,128400,0,재화및용역판매수입,등기특별회계,2018,대법원,128400,0,128400,0,0,0,128400
,0,0,0,관유물매각대,등기특별회계,2018,대법원,0,0,0,0,0,0,0
,207637500,207637500,0,기타수입,등기특별회계,2018,대법원,207637500,0,207637500,0,0,0,207637500
,501414040,501414040,0,경상이전수입,사법서비스진흥기금,2018,대법원,635795600,25455960,528784440,159837520,134381560,25455960,661251560
,81000,81000,0,재화및용역판매수입,사법서비스진흥기금,2018,대법원,81000,0,81000,0,0,0,81000
,60000,0,60000,기타수입,사법서비스진흥기금,2018,대법원,0,60000,60000,0,0,0,60000
,9902000000,9902000000,0,예금및예탁금,사법서비스진흥기금,2018,대법원,9902000000,223113727,9954789519,223113727,0,223113727,10125113727
,0,0,0,재산수입,일반회계,2018,헌법재판소,0,0,0,0,0,0,0
,0,0,0,경상이전수입,일반회계,2018,헌법재판소,0,0,0,0,0,0,0
,0,0,0,재화및용역판매수입,일반회계,2018,헌법재판소,0,0,0,0,0,0,0
,160960000,0,160960000,기타수입,일반회계,2018,헌법재판소,0,160960000,160960000,0,0,0,160960000
,0,0,0,재산수입,일반회계,2018,중앙선거관리위원회,0,0,0,0,0,0,0
,0,0,0,경상이전수입,일반회계,2018,중앙선거관리위원회,0,0,0,0,0,0,0
,0,0,0,재화및용역판매수입,일반회계,2018,중앙선거관리위원회,0,0,0,0,0,0,0
,2160720000,1646500000,514220000,기타수입,일반회계,2018,중앙선거관리위원회,1646500000,1094220000,2004720000,580000000,0,580000000,2740720000
,0,0,0,재산수입,일반회계,2018,국무조정실 및 국무총리비서실,0,0,0,0,0,0,0
,0,0,0,경상이전수입,일반회계,2018,국무조정실 및 국무총리비서실,0,0,0,0,0,0,0
,0,0,0,재화및용역판매수입,일반회계,2018,국무조정실 및 국무총리비서실,0,0,0,0,0,0,0
,315130520,315130520,0,재산수입,일반회계,2018,법무부,324149260,94432500,1058983580,103451240,9018740,94432500,418581760
,3118377880,3118108680,269200,경상이전수입,일반회계,2018,법무부,3355554170,1740400,4130311220,238916690,237445490,1471200,3357294570
,0,0,0,재화및용역판매수입,일반회계,2018,법무부,0,0,47500,0,0,0,0
,0,0,0,관유물매각대,일반회계,2018,법무부,0,0,0,0,0,0,0
,372142460,0,372142460,기타수입,일반회계,2018,법무부,0,896813780,610212460,524671320,0,524671320,896813780
,0,0,0,재산수입,교도작업특별회계,2018,법무부,0,0,0,0,0,0,0
,2000000,2000000,0,경상이전수입,교도작업특별회계,2018,법무부,2000000,0,3400000,0,0,0,2000000
,848440,848440,0,재화및용역판매수입,교도작업특별회계,2018,법무부,113453840,0,82124290,112605400,112605400,0,113453840
,0,0,0,관유물매각대,교도작업특별회계,2018,법무부,0,0,0,0,0,0,0
,723910,723910,0,재산수입,범죄피해자보호기금,2018,법무부,2075150,6861460,3270460,8212700,1351240,6861460,8936610
,132307830,132307830,0,경상이전수입,범죄피해자보호기금,2018,법무부,141250250,474688520,275156770,483630940,8942420,474688520,615938770
,9600000000,0,9600000000,예금및예탁금,범죄피해자보호기금,2018,법무부,0,14847053470,20693365430,5247053470,0,5247053470,14847053470
,474327290,474327290,0,재산수입,일반회계,2018,국방부,1326083890,121843110,871322370,973599710,851756600,121843110,1447927000
,68047933040,67853935150,193997890,경상이전수입,일반회계,2018,국방부,71824507200,1575568550,74533260010,5352142710,3970572050,1381570660,73400075750
,1427290520,1427290520,0,재화및용역판매수입,일반회계,2018,국방부,1667396390,30324000,1455344700,270429870,240105870,30324000,1697720390
,0,0,0,관유물매각대,일반회계,2018,국방부,0,899994030,0,899994030,0,899994030,899994030
,1.12039E+11,0,1.12039E+11,융자회수금,일반회계,2018,국방부,0,1.12039E+11,1.24798E+11,0,0,0,1.12039E+11
,20744000,0,20744000,기타수입,일반회계,2018,국방부,0,20744000,20744000,0,0,0,20744000
,190492510,190492510,0,재산수입,주한미군기지이전특별회계,2018,국방부,241564320,11660540,208754530,62732350,51071810,11660540,253224860
,1015287710,1015287710,0,경상이전수입,주한미군기지이전특별회계,2018,국방부,1158369260,0,1098427000,143081550,143081550,0,1158369260
,13587130,13587130,0,재화및용역판매수입,주한미군기지이전특별회계,2018,국방부,13587130,66615740,13587130,66615740,0,66615740,80202870
,58904520,58904520,0,관유물매각대,주한미군기지이전특별회계,2018,국방부,715617110,0,405944520,656712590,656712590,0,715617110
,0,0,0,경상이전수입,국방·군사시설이전특별회계,2018,국방부,1630298520,0,1566515050,1630298520,1630298520,0,1630298520
,0,0,0,관유물매각대,국방·군사시설이전특별회계,2018,국방부,1838270400,8500700830,18664712580,10338971230,1838270400,8500700830,10338971230
,2584221020,2584221020,0,경상이전수입,군인연금기금,2018,국방부,3580470520,687989020,3538262290,1684238520,996249500,687989020,4268459540
복지계정,3340747301,3087718283,253029018,재산수입,군인복지기금,2018,국방부,4364017603,2041520051,4519535827,3064790353,1276299320,1788491033,6405537654
복지계정,3728942620,3346826280,382116340,경상이전수입,군인복지기금,2018,국방부,3924806250,416566590,4055648020,612430220,577979970,34450250,4341372840
복지계정,1687955920,1687955920,0,재화및용역판매수입,군인복지기금,2018,국방부,2268553820,46376180,1827249190,626974080,580597900,46376180,2314930000
복지계정,9283572115,991283270,8292288845,예금및예탁금,군인복지기금,2018,국방부,3900044630,50352041137,53985146546,44968513652,2908761360,42059752292,54252085767
학자금대부계정,1.21127E+11,4780000,1.21123E+11,융자회수금,군인복지기금,2018,국방부,4780000,1.48953E+11,1.66714E+11,27830000000,0,27830000000,1.48957E+11
주거지원계정,11738,5,11733,재산수입,군인복지기금,2018,국방부,5,13430,11754,1697,0,1697,13435
주거지원계정,124503980,102800870,21703110,경상이전수입,군인복지기금,2018,국방부,212546280,22610170,192473450,110652470,109745410,907060,235156450
주거지원계정,1.61537E+11,34028966619,1.27508E+11,융자회수금,군인복지기금,2018,국방부,34058966619,1.36248E+11,2.63697E+11,8769500000,30000000,8739500000,1.70307E+11
,93468560,93468560,0,재산수입,일반회계,2018,고용노동부,94117290,5282560,94058160,5931290,648730,5282560,99399850
,6728859030,6728092530,766500,경상이전수입,일반회계,2018,고용노동부,7958373380,217192870,7778353530,1446707220,1230280850,216426370,8175566250
,797000,797000,0,재화및용역판매수입,일반회계,2018,고용노동부,28172640,0,797000,27375640,27375640,0,28172640
,3386877900,0,3386877900,기타수입,일반회계,2018,고용노동부,0,3394377900,3451877900,7500000,0,7500000,3394377900
투자계정,0,0,0,재산수입,에너지및자원사업특별회계,2018,고용노동부,0,0,0,0,0,0,0
투자계정,992126690,992126690,0,경상이전수입,에너지및자원사업특별회계,2018,고용노동부,1008515310,13426760,1021450720,29815380,16388620,13426760,1021942070
지역자율계정,45873440,45873440,0,재산수입,지역균형발전특별회계,2018,고용노동부,45873440,0,45873440,0,0,0,45873440
지역자율계정,3190263810,3190263810,0,경상이전수입,지역균형발전특별회계,2018,고용노동부,3190263810,99528360,3386722590,99528360,0,99528360,3289792170
제주특별자치도계정,0,0,0,재산수입,지역균형발전특별회계,2018,고용노동부,0,0,0,0,0,0,0
제주특별자치도계정,0,0,0,경상이전수입,지역균형발전특별회계,2018,고용노동부,0,0,0,0,0,0,0
,4.52692E+11,4.52692E+11,0,사회보장기여금,산업재해보상보험및예방기금,2018,고용노동부,7.18926E+11,4.03046E+11,1.00971E+12,6.6928E+11,2.66234E+11,4.03046E+11,1.12197E+12
,3.00239E+11,3.00239E+11,0,경상이전수입,산업재해보상보험및예방기금,2018,고용노동부,3.809E+11,4584255250,3.85931E+11,85244707010,80660451760,4584255250,3.85484E+11
,1636210,1636210,0,재화및용역판매수입,산업재해보상보험및예방기금,2018,고용노동부,2090210,0,1887850,454000,454000,0,2090210
,8.0112E+11,425738126,8.00694E+11,융자회수금,산업재해보상보험및예방기금,2018,고용노동부,425738126,9.41568E+11,9.24318E+11,1.40874E+11,0,1.40874E+11,9.41994E+11
,0,0,0,예금및예탁금,산업재해보상보험및예방기금,2018,고용노동부,0,6.77766E+11,6.78207E+11,6.77766E+11,0,6.77766E+11,6.77766E+11
,0,0,0,재산수입,장애인고용촉진및직업재활기금,2018,고용노동부,0,0,0,0,0,0,0
,13971226860,13971226860,0,경상이전수입,장애인고용촉진및직업재활기금,2018,고용노동부,18105331270,1208831860,19986272780,5342936270,4134104410,1208831860,19314163130
,24385112650,0,24385112650,융자회수금,장애인고용촉진및직업재활기금,2018,고용노동부,0,27629622650,24385112650,3244510000,0,3244510000,27629622650
,0,0,0,예금및예탁금,장애인고용촉진및직업재활기금,2018,고용노동부,0,16436630742,11100000000,16436630742,0,16436630742,16436630742
,3.01129E+11,3.01129E+11,0,사회보장기여금,고용보험기금,2018,고용노동부,4.82671E+11,6.55375E+11,1.0686E+12,8.36916E+11,1.81541E+11,6.55375E+11,1.13805E+12
,172761150,172761150,0,재산수입,고용보험기금,2018,고용노동부,173431740,47810790,173604250,48481380,670590,47810790,221242530
,1.34328E+11,1.3373E+11,597872470,경상이전수입,고용보험기금,2018,고용노동부,1.67533E+11,19307050560,1.91529E+11,52511609810,33802431720,18709178090,1.8684E+11
,41333800,41333800,0,재화및용역판매수입,고용보험기금,2018,고용노동부,49128910,28120,56510260,7823230,7795110,28120,49157030
,0,0,0,관유물매각대,고용보험기금,2018,고용노동부,0,0,0,0,0,0,0
,3.10408E+11,643387430,3.09765E+11,융자회수금,고용보험기금,2018,고용노동부,643387430,3.9909E+11,3.78446E+11,89324745000,0,89324745000,3.99733E+11
,0,0,0,예금및예탁금,고용보험기금,2018,고용노동부,0,4.00385E+11,5.10456E+11,4.00385E+11,0,4.00385E+11,4.00385E+11
,137932480,137932480,0,재산수입,임금채권보장기금,2018,고용노동부,462395760,0,414080720,324463280,324463280,0,462395760
,1.41727E+12,1.41727E+12,0,경상이전수입,임금채권보장기금,2018,고용노동부,1.78688E+12,20973623730,1.57332E+12,3.90583E+11,3.69609E+11,20973623730,1.80785E+12
,13905316780,3172400100,10732916680,융자회수금,임금채권보장기금,2018,고용노동부,3172400100,23465201680,17597559830,12732285000,0,12732285000,26637601780
,0,0,0,예금및예탁금,임금채권보장기금,2018,고용노동부,0,16203182255,10632340767,16203182255,0,16203182255,16203182255
,0,0,0,재산수입,일반회계,2018,통일부,2866260,390140,9590,3256400,2866260,390140,3256400
,124392060,124392060,0,경상이전수입,일반회계,2018,통일부,170872080,1197100,133694010,47677120,46480020,1197100,172069180
,0,0,0,재화및용역판매수입,일반회계,2018,통일부,0,0,0,0,0,0,0
,0,0,0,기타수입,일반회계,2018,통일부,0,0,251380000,0,0,0,0
,0,0,0,재산수입,남북협력기금,2018,통일부,1100349630,0,196868980,1100349630,1100349630,0,1100349630
,0,0,0,경상이전수입,남북협력기금,2018,통일부,0,0,0,0,0,0,0
,0,0,0,재화및용역판매수입,남북협력기금,2018,통일부,0,0,0,0,0,0,0
,2.73579E+12,1.54077E+11,2.58171E+12,융자회수금,남북협력기금,2018,통일부,2.04018E+11,2.58429E+12,2.75015E+12,52515592867,49941592867,2574000000,2.78831E+12
,50349319300,50349319300,0,기타수입,남북협력기금,2018,통일부,50349319300,0,50584595850,0,0,0,50349319300
,0,0,0,예금및예탁금,남북협력기금,2018,통일부,0,66222974575,1.67587E+11,66222974575,0,66222974575,66222974575
,12233450,12233450,0,재산수입,일반회계,2018,법제처,12233450,0,12233450,0,0,0,12233450
,67617360,67617360,0,경상이전수입,일반회계,2018,법제처,72351060,0,67617360,4733700,4733700,0,72351060
,0,0,0,재화및용역판매수입,일반회계,2018,법제처,0,0,0,0,0,0,0
,10230,10230,0,재산수입,일반회계,2018,국가보훈부,22640,16631540,35852270,16643950,12410,16631540,16654180
,3341727830,3341727830,0,경상이전수입,일반회계,2018,국가보훈부,3738751600,60820640,4143216630,457844410,397023770,60820640,3799572240
,0,0,0,재화및용역판매수입,일반회계,2018,국가보훈부,0,0,0,0,0,0,0
,0,0,0,관유물매각대,일반회계,2018,국가보훈부,0,0,0,0,0,0,0
,237190000,9300000,227890000,기타수입,일반회계,2018,국가보훈부,9300000,227890000,220450000,0,0,0,237190000
투자계정,0,0,0,재산수입,에너지및자원사업특별회계,2018,국가보훈부,303130,0,0,303130,303130,0,303130
투자계정,0,0,0,경상이전수입,에너지및자원사업특별회계,2018,국가보훈부,139080,0,0,139080,139080,0,139080
,0,0,0,재산수입,순국선열애국지사사업기금,2018,국가보훈부,0,0,3104690,0,0,0,0
,8781260,8781260,0,경상이전수입,순국선열애국지사사업기금,2018,국가보훈부,8781260,0,11145260,0,0,0,8781260
,0,0,0,재화및용역판매수입,순국선열애국지사사업기금,2018,국가보훈부,0,0,0,0,0,0,0
,0,0,0,관유물매각대,순국선열애국지사사업기금,2018,국가보훈부,0,0,38016000,0,0,0,0
,0,0,0,예금및예탁금,순국선열애국지사사업기금,2018,국가보훈부,0,278255009,131353735,278255009,0,278255009,278255009
국가유공자지원자금,1457106010,1457106010,0,재산수입,보훈기금,2018,국가보훈부,1781199890,15510,1747506970,324109390,324093880,15510,1781215400
국가유공자지원자금,0,0,0,경상이전수입,보훈기금,2018,국가보훈부,0,0,0,0,0,0,0
국가유공자지원자금,0,0,0,관유물매각대,보훈기금,2018,국가보훈부,0,0,0,0,0,0,0
국가유공자지원자금,66923066480,7411753710,59511312770,융자회수금,보훈기금,2018,국가보훈부,9490058280,80703546360,94708719480,23270538160,2078304570,21192233590,90193604640
국가유공자지원자금,0,0,0,예금및예탁금,보훈기금,2018,국가보훈부,0,11277020778,8987159229,11277020778,0,11277020778,11277020778
참전유공자·제대군인지원자금,1154503900,1154503900,0,재산수입,보훈기금,2018,국가보훈부,1328153380,0,1358448670,173649480,173649480,0,1328153380
참전유공자·제대군인지원자금,0,0,0,경상이전수입,보훈기금,2018,국가보훈부,0,0,0,0,0,0,0
참전유공자·제대군인지원자금,8370842620,2845510350,5525332270,융자회수금,보훈기금,2018,국가보훈부,3208027510,7066265840,11394951500,1903450730,362517160,1540933570,10274293350
5·18 민주유공자지원자금,160732820,160732820,0,재산수입,보훈기금,2018,국가보훈부,195655240,0,196133820,34922420,34922420,0,195655240
5·18 민주유공자지원자금,1327155310,659621760,667533550,융자회수금,보훈기금,2018,국가보훈부,712776360,907533160,1751232700,293154210,53154600,239999610,1620309520
특수임무유공자지원자금,64421710,64421710,0,재산수입,보훈기금,2018,국가보훈부,77716150,0,73421260,13294440,13294440,0,77716150
특수임무유공자지원자금,639939710,269054620,370885090,융자회수금,보훈기금,2018,국가보훈부,325380410,525225170,790327340,210665870,56325790,154340080,850605580
,1513605710,1513307390,298320,재산수입,일반회계,2018,산림청,1672797230,245757250,1881214430,404948770,159489840,245458930,1918554480
,10789893910,10734204350,55689560,경상이전수입,일반회계,2018,산림청,12383489200,2661427040,13688203920,4255022330,1649284850,2605737480,15044916240
,130202970,130202970,0,재화및용역판매수입,일반회계,2018,산림청,146235010,47965900,241621600,63997940,16032040,47965900,194200910
,2481533630,2476233630,5300000,관유물매각대,일반회계,2018,산림청,2476233630,2578333570,4816874930,2573033570,0,2573033570,5054567200
,0,0,0,기타수입,일반회계,2018,산림청,0,50000000,0,50000000,0,50000000,50000000
임업진흥사업계정,26740,26740,0,재산수입,농어촌구조개선특별회계,2018,산림청,38578980,256514760,18419840,295067000,38552240,256514760,295093740
임업진흥사업계정,24059858160,22234422520,1825435640,경상이전수입,농어촌구조개선특별회계,2018,산림청,32368895380,17053081360,55553885050,25362118580,10134472860,15227645720,49421976740
임업진흥사업계정,2263290,2263290,0,재화및용역판매수입,농어촌구조개선특별회계,2018,산림청,2267860,0,2263290,4570,4570,0,2267860
임업진흥사업계정,0,0,0,관유물매각대,농어촌구조개선특별회계,2018,산림청,120210300,1360204030,2441052330,1480414330,120210300,1360204030,1480414330
임업진흥사업계정,2.89061E+11,0,2.89061E+11,융자회수금,농어촌구조개선특별회계,2018,산림청,0,3.7844E+11,3.25924E+11,89379215000,0,89379215000,3.7844E+11
지역자율계정,0,0,0,경상이전수입,지역균형발전특별회계,2018,산림청,108384490,68561340,0,176945830,108384490,68561340,176945830
제주특별자치도계정,0,0,0,경상이전수입,지역균형발전특별회계,2018,산림청,0,0,0,0,0,0,0
자본계정,0,0,0,경상이전수입,국립자연휴양림관리소,2018,산림청,0,0,0,0,0,0,0
자본계정,0,0,0,관유물매각대,국립자연휴양림관리소,2018,산림청,0,0,0,0,0,0,0
손익계정,0,0,0,재산수입,국립자연휴양림관리소,2018,산림청,0,0,0,0,0,0,0
손익계정,0,0,0,경상이전수입,국립자연휴양림관리소,2018,산림청,0,0,0,0,0,0,0
손익계정,0,0,0,재화및용역판매수입,국립자연휴양림관리소,2018,산림청,0,0,0,0,0,0,0
,2.43663E+13,2.36643E+13,7.01981E+11,내국세,일반회계,2018,국세청,3.09685E+13,5.90095E+12,3.33604E+13,1.25031E+13,7.30416E+12,5.19897E+12,3.68694E+13
,20971820,20971820,0,방위세,일반회계,2018,국세청,20971820,0,23929590,0,0,0,20971820
,35972171180,35972171180,0,교통·에너지·환경세,일반회계,2018,국세청,36988670410,151750110,42945629020,1168249340,1016499230,151750110,37140420520
,27049435150,27048093110,1342040,교육세,일반회계,2018,국세청,33201342430,2904478410,34012279810,9056385690,6153249320,2903136370,36105820840
,46338096370,45181932680,1156163690,농어촌특별세,일반회계,2018,국세청,65628192460,55406668000,1.20382E+11,74696764090,20446259780,54250504310,1.21035E+11
,3.45605E+12,3.45604E+12,13189080,경상이전수입,일반회계,2018,국세청,3.9317E+12,200418520,3.47802E+12,4.75849E+11,4.75662E+11,187229440,3.9319E+12
,3600000,0,3600000,기타수입,일반회계,2018,국세청,0,3600000,3690000,0,0,0,3600000
,2.49281E+11,2.43501E+11,5780019840,종합부동산세,일반회계,2018,국세청,3.35572E+11,2.68607E+11,5.56659E+11,3.54898E+11,92071304740,2.62827E+11,6.04179E+11
,82626703010,82618585060,8117950,내국세,일반회계,2018,관세청,91593404960,2.66555E+12,2.53772E+12,2.67452E+12,8974819900,2.66555E+12,2.75715E+12
,5.24893E+11,5.24183E+11,709601130,관세,일반회계,2018,관세청,5.29961E+11,4.90737E+11,9.51066E+11,4.95805E+11,5777482950,4.90027E+11,1.0207E+12
,55609950,55609950,0,방위세,일반회계,2018,관세청,55609950,0,55609950,0,0,0,55609950
,1877478420,1877478420,0,교통·에너지·환경세,일반회계,2018,관세청,1877478420,2665132610,4401852150,2665132610,0,2665132610,4542611030
,5734653180,5734653180,0,교육세,일반회계,2018,관세청,5771573920,10902438440,19184315380,10939359180,36920740,10902438440,16674012360
,41459060,41459060,0,농어촌특별세,일반회계,2018,관세청,48256230,1020089120,1067856540,1026886290,6797170,1020089120,1068345350
,0,0,0,재산수입,일반회계,2018,관세청,0,0,696150,0,0,0,0
,4.08533E+11,4.08533E+11,0,경상이전수입,일반회계,2018,관세청,4.09718E+11,2633940,3.81762E+11,1187521570,1184887630,2633940,4.0972E+11
,44886730,44880730,6000,재화및용역판매수입,일반회계,2018,관세청,70206450,2517280,71618390,27837000,25325720,2511280,72723730
,0,0,0,관유물매각대,일반회계,2018,관세청,0,0,0,0,0,0,0
,0,0,0,기타수입,일반회계,2018,관세청,0,0,0,0,0,0,0
,0,0,0,재산수입,일반회계,2018,병무청,0,0,0,0,0,0,0
,0,0,0,경상이전수입,일반회계,2018,병무청,0,0,0,0,0,0,0
,0,0,0,재화및용역판매수입,일반회계,2018,병무청,0,0,0,0,0,0,0
,0,0,0,관유물매각대,일반회계,2018,병무청,0,0,0,0,0,0,0
,0,0,0,융자회수금,일반회계,2018,병무청,0,0,0,0,0,0,0
,0,0,0,재산수입,일반회계,2018,농촌진흥청,0,0,8400,0,0,0,0
,11509310,11509310,0,경상이전수입,일반회계,2018,농촌진흥청,11509310,0,12059310,0,0,0,11509310
,0,0,0,재화및용역판매수입,일반회계,2018,농촌진흥청,0,515070,4302010,515070,0,515070,515070
,0,0,0,관유물매각대,일반회계,2018,농촌진흥청,0,0,0,0,0,0,0
,120000,0,120000,기타수입,일반회계,2018,농촌진흥청,0,120000,120000,0,0,0,120000
구조개선사업계정,0,0,0,재산수입,농어촌구조개선특별회계,2018,농촌진흥청,0,0,0,0,0,0,0
구조개선사업계정,0,0,0,경상이전수입,농어촌구조개선특별회계,2018,농촌진흥청,0,0,0,0,0,0,0
구조개선사업계정,0,0,0,관유물매각대,농어촌구조개선특별회계,2018,농촌진흥청,0,0,0,0,0,0,0
구조개선사업계정,5420333710,0,5420333710,융자회수금,농어촌구조개선특별회계,2018,농촌진흥청,0,5420333710,6685038000,0,0,0,5420333710
,0,0,0,재산수입,혁신도시건설특별회계,2018,농촌진흥청,0,0,0,0,0,0,0
,0,0,0,경상이전수입,혁신도시건설특별회계,2018,농촌진흥청,0,0,0,0,0,0,0
,0,0,0,관유물매각대,혁신도시건설특별회계,2018,농촌진흥청,0,0,0,0,0,0,0
지역자율계정,0,0,0,재산수입,지역균형발전특별회계,2018,농촌진흥청,0,0,0,0,0,0,0
지역자율계정,0,0,0,경상이전수입,지역균형발전특별회계,2018,농촌진흥청,0,0,0,0,0,0,0
지역지원계정,0,0,0,재산수입,지역균형발전특별회계,2018,농촌진흥청,0,0,0,0,0,0,0
지역지원계정,0,0,0,경상이전수입,지역균형발전특별회계,2018,농촌진흥청,0,0,0,0,0,0,0
제주특별자치도계정,0,0,0,재산수입,지역균형발전특별회계,2018,농촌진흥청,0,0,0,0,0,0,0
제주특별자치도계정,0,0,0,경상이전수입,지역균형발전특별회계,2018,농촌진흥청,0,0,0,0,0,0,0
세종특별자치시계정,0,0,0,경상이전수입,지역균형발전특별회계,2018,농촌진흥청,0,0,0,0,0,0,0
손익계정,0,0,0,재산수입,특허청,2018,특허청,0,0,0,0,0,0,0
손익계정,0,0,0,경상이전수입,특허청,2018,특허청,0,0,0,0,0,0,0
손익계정,0,0,0,재화및용역판매수입,특허청,2018,특허청,0,0,0,0,0,0,0
손익계정,0,0,0,관유물매각대,특허청,2018,특허청,0,0,0,0,0,0,0
손익계정,23163565500,0,23163565500,융자회수금,특허청,2018,특허청,0,23163565500,5410065500,0,0,0,23163565500
손익계정,5268530,0,5268530,기타수입,특허청,2018,특허청,0,5268530,4935370,0,0,0,5268530
자본계정,0,0,0,경상이전수입,조달특별회계,2018,조달청,0,0,0,0,0,0,0
자본계정,41504556140,41453285710,51270430,관유물매각대,조달특별회계,2018,조달청,57125146345,2.16802E+11,3.04031E+11,2.32423E+11,15671860635,2.16751E+11,2.73928E+11
손익계정,93484200,93484200,0,재산수입,조달특별회계,2018,조달청,93484200,28468830,120564640,28468830,0,28468830,121953030
손익계정,0,0,0,경상이전수입,조달특별회계,2018,조달청,0,0,0,0,0,0,0
손익계정,95181200,95181200,0,재화및용역판매수입,조달특별회계,2018,조달청,361170160,975893150,1147481720,1241882110,265988960,975893150,1337063310
손익계정,3623534156,0,3623534156,융자회수금,조달특별회계,2018,조달청,0,3623534156,5399258500,0,0,0,3623534156
손익계정,48415350,0,48415350,기타수입,조달특별회계,2018,조달청,0,48415350,48415350,0,0,0,48415350
,3168050,3168050,0,재산수입,일반회계,2018,환경부,3168050,0,3168050,0,0,0,3168050
,6572100,6572100,0,경상이전수입,일반회계,2018,환경부,127430820,0,113589290,120858720,120858720,0,127430820
농어촌특별세사업계정,0,0,0,재산수입,농어촌구조개선특별회계,2018,환경부,212680,0,273243190,212680,212680,0,212680
농어촌특별세사업계정,621268270,621268270,0,경상이전수입,농어촌구조개선특별회계,2018,환경부,621268270,0,4178172230,0,0,0,621268270
투자계정,0,0,0,재산수입,에너지및자원사업특별회계,2018,환경부,57624600,19702880,2684990,77327480,57624600,19702880,77327480
투자계정,0,0,0,경상이전수입,에너지및자원사업특별회계,2018,환경부,1043266850,26698670,2091665180,1069965520,1043266850,26698670,1069965520
,935922140,935912100,10040,재산수입,환경개선특별회계,2018,환경부,1206972820,1239389230,1614443750,1510439910,271060720,1239379190,2446362050
,7.1732E+11,7.17074E+11,245734710,경상이전수입,환경개선특별회계,2018,환경부,8.34056E+11,14585272850,8.91306E+11,1.31321E+11,1.16982E+11,14339538140,8.48641E+11
,0,0,0,재화및용역판매수입,환경개선특별회계,2018,환경부,0,0,13033270,0,0,0,0
,0,0,0,관유물매각대,환경개선특별회계,2018,환경부,0,3864320,10620000,3864320,0,3864320,3864320
,5.43208E+11,519500000,5.42688E+11,융자회수금,환경개선특별회계,2018,환경부,519500000,6.71492E+11,7.44055E+11,1.28803E+11,0,1.28803E+11,6.72011E+11
,300000,0,300000,기타수입,환경개선특별회계,2018,환경부,0,300000,300000,0,0,0,300000
지역자율계정,0,0,0,재산수입,지역균형발전특별회계,2018,환경부,418690,0,1371330,418690,418690,0,418690
지역자율계정,0,0,0,경상이전수입,지역균형발전특별회계,2018,환경부,6271540,14496600,54170240,20768140,6271540,14496600,20768140
지역지원계정,12060,12060,0,재산수입,지역균형발전특별회계,2018,환경부,12060,0,12060,0,0,0,12060
지역지원계정,282000,282000,0,경상이전수입,지역균형발전특별회계,2018,환경부,282000,0,282000,0,0,0,282000
지역지원계정,0,0,0,융자회수금,지역균형발전특별회계,2018,환경부,0,1862000000,0,1862000000,0,1862000000,1862000000
제주특별자치도계정,0,0,0,재산수입,지역균형발전특별회계,2018,환경부,0,0,0,0,0,0,0
제주특별자치도계정,0,0,0,경상이전수입,지역균형발전특별회계,2018,환경부,0,0,0,0,0,0,0
세종특별자치시계정,0,0,0,재산수입,지역균형발전특별회계,2018,환경부,7582150,0,0,7582150,7582150,0,7582150
세종특별자치시계정,0,0,0,경상이전수입,지역균형발전특별회계,2018,환경부,0,0,0,0,0,0,0
,0,0,0,재산수입,석면피해구제기금,2018,환경부,0,0,0,0,0,0,0
,455134850,455134850,0,경상이전수입,석면피해구제기금,2018,환경부,699277010,816213170,1464404650,1060355330,244142160,816213170,1515490180
,0,0,0,예금및예탁금,석면피해구제기금,2018,환경부,0,2995644867,4055390621,2995644867,0,2995644867,2995644867
,0,0,0,재산수입,일반회계,2018,통계청,0,0,0,0,0,0,0
,68657670,58333420,10324250,경상이전수입,일반회계,2018,통계청,58333420,10324250,75276310,0,0,0,68657670
,0,0,0,재화및용역판매수입,일반회계,2018,통계청,0,617460,228370,617460,0,617460,617460
,0,0,0,관유물매각대,일반회계,2018,통계청,0,0,0,0,0,0,0
,0,0,0,재산수입,일반회계,2018,기상청,1009070,0,0,1009070,1009070,0,1009070
,14316751800,14316751800,0,경상이전수입,일반회계,2018,기상청,14320910970,8053000,14316751800,12212170,4159170,8053000,14328963970
,0,0,0,재화및용역판매수입,일반회계,2018,기상청,2461000,0,1023600,2461000,2461000,0,2461000
,0,0,0,관유물매각대,일반회계,2018,기상청,0,0,0,0,0,0,0
,0,0,0,기타수입,일반회계,2018,기상청,0,50000000,0,50000000,0,50000000,50000000
,37054630,14542530,22512100,재산수입,일반회계,2018,경찰청,33488440,141631870,83048000,138065680,18945910,119119770,175120310
,1.01261E+11,1.01232E+11,29001610,경상이전수입,일반회계,2018,경찰청,1.23697E+11,1487249130,1.14297E+11,23923510540,22465263020,1458247520,1.25184E+11
,17898030,17898030,0,재화및용역판매수입,일반회계,2018,경찰청,17902530,0,41046630,4500,4500,0,17902530
,4188000,4188000,0,관유물매각대,일반회계,2018,경찰청,4188000,0,4188000,0,0,0,4188000
,511810000,86140000,425670000,기타수입,일반회계,2018,경찰청,86140000,1061455000,887806630,635785000,0,635785000,1147595000
자본계정,0,0,0,관유물매각대,경찰병원,2018,경찰청,0,0,0,0,0,0,0
손익계정,0,0,0,재산수입,경찰병원,2018,경찰청,0,0,0,0,0,0,0
손익계정,0,0,0,경상이전수입,경찰병원,2018,경찰청,0,0,0,0,0,0,0
손익계정,23707490,23707490,0,재화및용역판매수입,경찰병원,2018,경찰청,23707490,0,33179080,0,0,0,23707490
손익계정,0,0,0,기타수입,경찰병원,2018,경찰청,0,0,300000,0,0,0,0
,8644260,8644260,0,재산수입,일반회계,2018,공정거래위원회,8653660,0,18076260,9400,9400,0,8653660
,424469900,424469900,0,경상이전수입,일반회계,2018,공정거래위원회,456902750,15211460,470316700,47644310,32432850,15211460,472114210
,0,0,0,재화및용역판매수입,일반회계,2018,공정거래위원회,266660,0,0,266660,266660,0,266660
,5685200,0,5685200,기타수입,일반회계,2018,공정거래위원회,0,5685200,5685200,0,0,0,5685200
,1105287410,982610660,122676750,재산수입,일반회계,2018,문화재청,1015030790,301433750,1473509990,211177130,32420130,178757000,1316464540
,3665626250,3665626250,0,경상이전수입,일반회계,2018,문화재청,5062496300,9330300,12324504040,1406200350,1396870050,9330300,5071826600
,69500000,69500000,0,재화및용역판매수입,일반회계,2018,문화재청,70194600,0,70100000,694600,694600,0,70194600
,27000000,0,27000000,기타수입,일반회계,2018,문화재청,0,27000000,27000000,0,0,0,27000000
지역자율계정,0,0,0,재산수입,지역균형발전특별회계,2018,문화재청,0,0,24483750,0,0,0,0
지역자율계정,92299290,92299290,0,경상이전수입,지역균형발전특별회계,2018,문화재청,92299290,0,808326340,0,0,0,92299290
,4792690,4792690,0,재산수입,문화재보호기금,2018,문화재청,16866370,1405660,32202350,13479340,12073680,1405660,18272030
,398167450,398167450,0,경상이전수입,문화재보호기금,2018,문화재청,1282508810,0,1967548750,884341360,884341360,0,1282508810
,2149100,2149100,0,재화및용역판매수입,문화재보호기금,2018,문화재청,2149100,0,2149100,0,0,0,2149100
,10005561142,0,10005561142,예금및예탁금,문화재보호기금,2018,문화재청,0,19005561142,26581946474,9000000000,0,9000000000,19005561142
,0,0,0,재산수입,일반회계,2018,국가인권위원회,0,0,0,0,0,0,0
,0,0,0,경상이전수입,일반회계,2018,국가인권위원회,0,1514750,0,1514750,0,1514750,1514750
,0,0,0,재화및용역판매수입,일반회계,2018,국가인권위원회,0,0,0,0,0,0,0
,156000000,0,156000000,기타수입,일반회계,2018,국가인권위원회,0,156000000,156000000,0,0,0,156000000
,24463610,24463610,0,재산수입,일반회계,2018,방위사업청,25252060,0,26236720,788450,788450,0,25252060
,3.42401E+11,3.42298E+11,102450000,경상이전수입,일반회계,2018,방위사업청,5.35653E+11,1084764970,5.05668E+11,1.94337E+11,1.93355E+11,982314970,5.36738E+11
,3233981000,0,3233981000,융자회수금,일반회계,2018,방위사업청,0,3233981000,3479981000,0,0,0,3233981000
,0,0,0,재산수입,행정중심복합도시건설특별회계,2018,행정중심복합도시건설청,0,0,0,0,0,0,0
,16243540,16243540,0,경상이전수입,행정중심복합도시건설특별회계,2018,행정중심복합도시건설청,23000140,0,16243540,6756600,6756600,0,23000140
,340820990,340820990,0,방위세,일반회계,2018,기획재정부,341193690,0,342941820,372700,372700,0,341193690
,2873625446,2873625446,0,교육세,일반회계,2018,기획재정부,2991081276,0,3376876986,117455830,117455830,0,2991081276
,5054316550,5054316550,0,농어촌특별세,일반회계,2018,기획재정부,21766386370,0,22246841240,16712069820,16712069820,0,21766386370
,0,0,0,재산수입,일반회계,2018,기획재정부,0,53391828080,44231934660,53391828080,0,53391828080,53391828080
,0,0,0,경상이전수입,일반회계,2018,기획재정부,250000,1.92362E+11,1.47674E+11,1.92363E+11,250000,1.92362E+11,1.92363E+11
,0,0,0,재화및용역판매수입,일반회계,2018,기획재정부,0,0,0,0,0,0,0
,0,0,0,관유물매각대,일반회계,2018,기획재정부,35273968160,3.00127E+11,5.43949E+11,3.35401E+11,35273968160,3.00127E+11,3.35401E+11
,0,0,0,예금및예탁금,일반회계,2018,기획재정부,0,1696951876,1147201711,1696951876,0,1696951876,1696951876
투자계정,0,0,0,재산수입,에너지및자원사업특별회계,2018,기획재정부,0,0,123900,0,0,0,0
투자계정,0,0,0,경상이전수입,에너지및자원사업특별회계,2018,기획재정부,0,0,45224380,0,0,0,0
,0,0,0,재산수입,국유재산관리기금,2018,기획재정부,0,0,0,0,0,0,0
,0,0,0,경상이전수입,국유재산관리기금,2018,기획재정부,0,0,0,0,0,0,0
,0,0,0,관유물매각대,국유재산관리기금,2018,기획재정부,0,0,0,0,0,0,0
,0,0,0,예금및예탁금,국유재산관리기금,2018,기획재정부,0,5.96003E+11,1.71118E+11,5.96003E+11,0,5.96003E+11,5.96003E+11
,600926310,600926310,0,재산수입,대외경제협력기금,2018,기획재정부,901211920,0,600926310,300285610,300285610,0,901211920
,6.19148E+12,4811214000,6.18667E+12,융자회수금,대외경제협력기금,2018,기획재정부,4811214000,7.04459E+12,6.30171E+12,8.57922E+11,0,8.57922E+11,7.04941E+12
,0,0,0,예금및예탁금,대외경제협력기금,2018,기획재정부,0,14271230181,71678137030,14271230181,0,14271230181,14271230181
총괄계정,4.64461E+11,0,4.64461E+11,재산수입,공공자금관리기금,2018,기획재정부,0,4.64461E+11,5.0867E+11,0,0,0,4.64461E+11
총괄계정,0,0,0,예금및예탁금,공공자금관리기금,2018,기획재정부,0,2.59351E+12,4.39675E+11,2.59351E+12,0,2.59351E+12,2.59351E+12
융자계정,0,0,0,재산수입,공공자금관리기금,2018,기획재정부,0,0,0,0,0,0,0
융자계정,9.47149E+11,0,9.47149E+11,융자회수금,공공자금관리기금,2018,기획재정부,0,9.50512E+11,1.18456E+12,3363595000,0,3363595000,9.50512E+11
융자계정,0,0,0,예금및예탁금,공공자금관리기금,2018,기획재정부,0,3.44371E+11,2.88138E+11,3.44371E+11,0,3.44371E+11,3.44371E+11
차관계정,0,0,0,재산수입,공공자금관리기금,2018,기획재정부,0,0,0,0,0,0,0
차관계정,0,0,0,예금및예탁금,공공자금관리기금,2018,기획재정부,0,91016981735,76467150498,91016981735,0,91016981735,91016981735
,1.11318E+14,0,1.11318E+14,예금및예탁금,외국환평형기금,2018,기획재정부,0,1.12736E+14,1.11318E+14,1.41764E+12,0,1.41764E+12,1.12736E+14
,1255480,1255480,0,재산수입,복권기금,2018,기획재정부,2351380,538980,1518410,1634880,1095900,538980,2890360
,34310090,34310090,0,경상이전수입,복권기금,2018,기획재정부,399079250,2410101920,1896760940,2774871080,364769160,2410101920,2809181170
,0,0,0,재화및용역판매수입,복권기금,2018,기획재정부,0,0,0,0,0,0,0
,2.69973E+11,0,2.69973E+11,예금및예탁금,복권기금,2018,기획재정부,0,2.69973E+11,2.71103E+11,0,0,0,2.69973E+11
,17123450,17123450,0,재산수입,일반회계,2018,문화체육관광부,104746330,46288980,838437500,133911860,87622880,46288980,151035310
,8113566310,8113566310,0,경상이전수입,일반회계,2018,문화체육관광부,9631442680,709020980,9751935470,2226897350,1517876370,709020980,10340463660
,68431410,68431410,0,재화및용역판매수입,일반회계,2018,문화체육관광부,69726530,80963420,106113210,82258540,1295120,80963420,150689950
,0,0,0,관유물매각대,일반회계,2018,문화체육관광부,0,0,0,0,0,0,0
,3450000,0,3450000,기타수입,일반회계,2018,문화체육관광부,0,18450000,28630000,15000000,0,15000000,18450000
,15362851,0,15362851,예금및예탁금,일반회계,2018,문화체육관광부,0,15362851,5087935,0,0,0,15362851
,0,0,0,재산수입,아시아문화중심도시조성특별회계,2018,문화체육관광부,588910,0,11067040,588910,588910,0,588910
,15721440,15721440,0,경상이전수입,아시아문화중심도시조성특별회계,2018,문화체육관광부,15975720,0,75957370,254280,254280,0,15975720
,0,0,0,재화및용역판매수입,아시아문화중심도시조성특별회계,2018,문화체육관광부,0,0,0,0,0,0,0
,100000000,0,100000000,기타수입,아시아문화중심도시조성특별회계,2018,문화체육관광부,0,100000000,100000000,0,0,0,100000000
지역자율계정,12595830,12595830,0,재산수입,지역균형발전특별회계,2018,문화체육관광부,18615830,18242720,13331440,24262720,6020000,18242720,36858550
지역자율계정,5082858760,5082858760,0,경상이전수입,지역균형발전특별회계,2018,문화체육관광부,5305888230,0,5198054150,223029470,223029470,0,5305888230
지역지원계정,4969640,4969640,0,재산수입,지역균형발전특별회계,2018,문화체육관광부,5226360,20797270,143128870,21053990,256720,20797270,26023630
지역지원계정,77408010,77408010,0,경상이전수입,지역균형발전특별회계,2018,문화체육관광부,89088740,1819079040,3572699070,1830759770,11680730,1819079040,1908167780
제주특별자치도계정,1023110,1023110,0,재산수입,지역균형발전특별회계,2018,문화체육관광부,1023110,0,1023110,0,0,0,1023110
제주특별자치도계정,0,0,0,경상이전수입,지역균형발전특별회계,2018,문화체육관광부,0,0,0,0,0,0,0
세종특별자치시계정,0,0,0,재산수입,지역균형발전특별회계,2018,문화체육관광부,128740,0,0,128740,128740,0,128740
세종특별자치시계정,0,0,0,경상이전수입,지역균형발전특별회계,2018,문화체육관광부,6005500,0,0,6005500,6005500,0,6005500
,99733920,99733920,0,재산수입,관광진흥개발기금,2018,문화체육관광부,131810480,126818980,154770470,158895540,32076560,126818980,258629460
,653160310,653160310,0,경상이전수입,관광진흥개발기금,2018,문화체육관광부,1502697880,54626230,1488243090,904163800,849537570,54626230,1557324110
,2.30782E+12,0,2.30782E+12,융자회수금,관광진흥개발기금,2018,문화체육관광부,0,2.6654E+12,2.56323E+12,3.57586E+11,0,3.57586E+11,2.6654E+12
,528782608,0,528782608,예금및예탁금,관광진흥개발기금,2018,문화체육관광부,0,1.17626E+11,1.45039E+11,1.17097E+11,0,1.17097E+11,1.17626E+11
,0,0,0,재산수입,지역신문발전기금,2018,문화체육관광부,61896250,0,0,61896250,61896250,0,61896250
,0,0,0,경상이전수입,지역신문발전기금,2018,문화체육관광부,28234000,0,0,28234000,28234000,0,28234000
,0,0,0,예금및예탁금,지역신문발전기금,2018,문화체육관광부,0,1871563092,1293105204,1871563092,0,1871563092,1871563092
,10928077190,10928077190,0,재산수입,일반회계,2018,보건복지부,11038210170,989047570,11436228460,1099180550,110132980,989047570,12027257740
,943853500,943853500,0,경상이전수입,일반회계,2018,보건복지부,37480923350,67307325780,62321707170,1.03844E+11,36537069850,67307325780,1.04788E+11
,0,0,0,재화및용역판매수입,일반회계,2018,보건복지부,200000,0,0,200000,200000,0,200000
,0,0,0,관유물매각대,일반회계,2018,보건복지부,0,0,0,0,0,0,0
,32291357960,32291357960,0,융자회수금,일반회계,2018,보건복지부,32291357960,0,35121851810,0,0,0,32291357960
,20631004930,0,20631004930,기타수입,일반회계,2018,보건복지부,0,20646089930,20681004930,15085000,0,15085000,20646089930
농어촌특별세사업계정,0,0,0,재산수입,농어촌구조개선특별회계,2018,보건복지부,2802770,0,0,2802770,2802770,0,2802770
농어촌특별세사업계정,0,0,0,경상이전수입,농어촌구조개선특별회계,2018,보건복지부,4701880,0,0,4701880,4701880,0,4701880
농어촌특별세사업계정,10716940000,0,10716940000,융자회수금,농어촌구조개선특별회계,2018,보건복지부,0,10716940000,11356940000,0,0,0,10716940000
투자계정,2127094830,2127094830,0,경상이전수입,에너지및자원사업특별회계,2018,보건복지부,2127094830,0,2135002260,0,0,0,2127094830
지역자율계정,11383310,11383310,0,재산수입,지역균형발전특별회계,2018,보건복지부,11383310,0,64073480,0,0,0,11383310
지역자율계정,160492880,160492880,0,경상이전수입,지역균형발전특별회계,2018,보건복지부,163068540,1876266820,6003386470,1878842480,2575660,1876266820,2039335360
지역지원계정,0,0,0,재산수입,지역균형발전특별회계,2018,보건복지부,0,0,0,0,0,0,0
지역지원계정,0,0,0,경상이전수입,지역균형발전특별회계,2018,보건복지부,0,0,0,0,0,0,0
제주특별자치도계정,0,0,0,경상이전수입,지역균형발전특별회계,2018,보건복지부,0,0,0,0,0,0,0
자본계정,0,0,0,관유물매각대,국립재활원,2018,보건복지부,0,0,0,0,0,0,0
손익계정,5119320,5119320,0,재산수입,국립재활원,2018,보건복지부,5119320,0,20751130,0,0,0,5119320
손익계정,12497390,12497390,0,경상이전수입,국립재활원,2018,보건복지부,12497390,0,12598980,0,0,0,12497390
손익계정,2067810,1946310,121500,재화및용역판매수입,국립재활원,2018,보건복지부,1946310,501507040,209323230,501385540,0,501385540,503453350
손익계정,0,0,0,재산수입,국립목포병원,2018,보건복지부,0,0,0,0,0,0,0
손익계정,0,0,0,경상이전수입,국립목포병원,2018,보건복지부,0,0,0,0,0,0,0
손익계정,0,0,0,재화및용역판매수입,국립목포병원,2018,보건복지부,426965180,275291870,337252080,702257050,426965180,275291870,702257050
손익계정,0,0,0,재산수입,국립마산병원,2018,보건복지부,0,40057620,19773740,40057620,0,40057620,40057620
손익계정,0,0,0,경상이전수입,국립마산병원,2018,보건복지부,0,0,0,0,0,0,0
손익계정,0,0,0,재화및용역판매수입,국립마산병원,2018,보건복지부,88354720,809703750,780345380,898058470,88354720,809703750,898058470
손익계정,0,0,0,재산수입,국립정신건강센터,2018,보건복지부,0,0,0,0,0,0,0
손익계정,58000210,58000210,0,경상이전수입,국립정신건강센터,2018,보건복지부,58000210,0,58000210,0,0,0,58000210
손익계정,1089670,0,1089670,재화및용역판매수입,국립정신건강센터,2018,보건복지부,0,1481026220,1294253040,1479936550,0,1479936550,1481026220
손익계정,0,0,0,관유물매각대,국립정신건강센터,2018,보건복지부,0,0,0,0,0,0,0
손익계정,0,0,0,재산수입,국립나주병원,2018,보건복지부,0,0,0,0,0,0,0
손익계정,0,0,0,경상이전수입,국립나주병원,2018,보건복지부,0,0,0,0,0,0,0
손익계정,0,0,0,재화및용역판매수입,국립나주병원,2018,보건복지부,1483053890,0,1672521430,1483053890,1483053890,0,1483053890
손익계정,0,0,0,재산수입,국립부곡병원,2018,보건복지부,0,0,0,0,0,0,0
손익계정,0,0,0,경상이전수입,국립부곡병원,2018,보건복지부,0,0,0,0,0,0,0
손익계정,0,0,0,재화및용역판매수입,국립부곡병원,2018,보건복지부,0,755809020,538380510,755809020,0,755809020,755809020
손익계정,0,0,0,관유물매각대,국립부곡병원,2018,보건복지부,0,0,0,0,0,0,0
손익계정,0,0,0,재산수입,국립춘천병원,2018,보건복지부,0,0,0,0,0,0,0
손익계정,0,0,0,경상이전수입,국립춘천병원,2018,보건복지부,0,0,0,0,0,0,0
손익계정,0,0,0,재화및용역판매수입,국립춘천병원,2018,보건복지부,0,999293140,816388270,999293140,0,999293140,999293140
손익계정,0,0,0,재산수입,국립공주병원,2018,보건복지부,0,0,8269810,0,0,0,0
손익계정,2355360,2355360,0,경상이전수입,국립공주병원,2018,보건복지부,2355360,0,5455360,0,0,0,2355360
손익계정,0,0,0,재화및용역판매수입,국립공주병원,2018,보건복지부,3203820,675699390,619957220,678903210,3203820,675699390,678903210
손익계정,0,0,0,관유물매각대,국립공주병원,2018,보건복지부,0,0,0,0,0,0,0
,4.99528E+12,0,4.99528E+12,융자회수금,국민연금기금,2018,보건복지부,0,5.5454E+12,5.14978E+12,5.50113E+11,0,5.50113E+11,5.5454E+12
,0,0,0,예금및예탁금,국민연금기금,2018,보건복지부,0,9.39377E+12,4.49993E+12,9.39377E+12,0,9.39377E+12,9.39377E+12
국민건강증진계정,7173030,7173030,0,재산수입,국민건강증진기금,2018,보건복지부,15267510,1514430,36974920,9608910,8094480,1514430,16781940
국민건강증진계정,4001153340,4001153340,0,경상이전수입,국민건강증진기금,2018,보건복지부,20281679610,12894904270,2.0098E+11,29175430540,16280526270,12894904270,33176583880
국민건강증진계정,0,0,0,예금및예탁금,국민건강증진기금,2018,보건복지부,0,39251676803,75001292662,39251676803,0,39251676803,39251676803
,2254850,2254850,0,재산수입,응급의료기금,2018,보건복지부,5517530,41156050,23967170,44418730,3262680,41156050,46673580
,1980336610,1980336610,0,경상이전수입,응급의료기금,2018,보건복지부,2803176180,74436110,2542324100,897275680,822839570,74436110,2877612290
,1.9709E+11,0,1.9709E+11,융자회수금,응급의료기금,2018,보건복지부,0,1.9709E+11,3.209E+11,0,0,0,1.9709E+11
,0,0,0,예금및예탁금,응급의료기금,2018,보건복지부,0,42247716538,51043071719,42247716538,0,42247716538,42247716538
,0,0,0,재산수입,일반회계,2018,여성가족부,18865700,226103480,600830,244969180,18865700,226103480,244969180
,32869940,32869940,0,경상이전수입,일반회계,2018,여성가족부,143121200,648069900,1912409180,758321160,110251260,648069900,791191100
,0,0,0,재화및용역판매수입,일반회계,2018,여성가족부,165874500,0,0,165874500,165874500,0,165874500
지역자율계정,0,0,0,재산수입,지역균형발전특별회계,2018,여성가족부,202600,1952120,0,2154720,202600,1952120,2154720
지역자율계정,0,0,0,경상이전수입,지역균형발전특별회계,2018,여성가족부,22657420,13292570,7037200,35949990,22657420,13292570,35949990
제주특별자치도계정,0,0,0,경상이전수입,지역균형발전특별회계,2018,여성가족부,32224330,0,0,32224330,32224330,0,32224330
,25430,25430,0,재산수입,청소년육성기금,2018,여성가족부,1079440,12332690,177910,13386700,1054010,12332690,13412130
,684598990,684598990,0,경상이전수입,청소년육성기금,2018,여성가족부,866814380,319817990,808119920,502033380,182215390,319817990,1186632370
,0,0,0,재화및용역판매수입,청소년육성기금,2018,여성가족부,0,0,0,0,0,0,0
,0,0,0,예금및예탁금,청소년육성기금,2018,여성가족부,0,23898599888,21474809975,23898599888,0,23898599888,23898599888
,0,0,0,재산수입,양성평등기금,2018,여성가족부,2678860,62483240,636640,65162100,2678860,62483240,65162100
,99673920,99673920,0,경상이전수입,양성평등기금,2018,여성가족부,1647822880,2211594330,2904192220,3759743290,1548148960,2211594330,3859417210
,340849814,340849814,0,융자회수금,양성평등기금,2018,여성가족부,340849814,0,341562894,0,0,0,340849814
,331349539,0,331349539,예금및예탁금,양성평등기금,2018,여성가족부,0,17274533999,13255398219,16943184460,0,16943184460,17274533999
,0,0,0,재산수입,일반회계,2018,방송통신위원회,0,0,0,0,0,0,0
,15524515840,15524115840,400000,경상이전수입,일반회계,2018,방송통신위원회,16479238360,95190060,25281680,1049912580,955122520,94790060,16574428420
,0,0,0,재화및용역판매수입,일반회계,2018,방송통신위원회,0,0,0,0,0,0,0
,40000000,0,40000000,기타수입,일반회계,2018,방송통신위원회,0,40000000,40000000,0,0,0,40000000
,0,0,0,재산수입,일반회계,2018,금융위원회,0,0,0,0,0,0,0
,2661880,2661880,0,경상이전수입,일반회계,2018,금융위원회,2661880,0,3327350,0,0,0,2661880
,0,0,0,재화및용역판매수입,일반회계,2018,금융위원회,0,0,0,0,0,0,0
,0,0,0,재산수입,농어가목돈마련저축장려기금,2018,금융위원회,0,0,0,0,0,0,0
,0,0,0,경상이전수입,농어가목돈마련저축장려기금,2018,금융위원회,0,0,0,0,0,0,0
,0,0,0,예금및예탁금,농어가목돈마련저축장려기금,2018,금융위원회,0,0,0,0,0,0,0
,0,0,0,재산수입,공적자금상환기금,2018,금융위원회,0,0,0,0,0,0,0
,0,0,0,경상이전수입,공적자금상환기금,2018,금융위원회,0,0,0,0,0,0,0
,0,0,0,예금및예탁금,공적자금상환기금,2018,금융위원회,0,43071568493,0,43071568493,0,43071568493,43071568493
,29958800,29958800,0,경상이전수입,일반회계,2018,국민권익위원회,55870800,22699000,140551200,48611000,25912000,22699000,78569800
,0,0,0,재화및용역판매수입,일반회계,2018,국민권익위원회,0,0,0,0,0,0,0
,0,0,0,경상이전수입,일반회계,2018,원자력안전위원회,0,0,0,0,0,0,0
,257756420,257756420,0,재산수입,일반회계,2018,교육부,257756420,224940,297976750,224940,0,224940,257981360
,1767598530,1767598530,0,경상이전수입,일반회계,2018,교육부,1962375920,45240580,1887541850,240017970,194777390,45240580,2007616500
,4529380,4529380,0,재화및용역판매수입,일반회계,2018,교육부,4529380,0,4569030,0,0,0,4529380
,0,0,0,관유물매각대,일반회계,2018,교육부,0,0,0,0,0,0,0
,7.54852E+11,0,7.54852E+11,융자회수금,일반회계,2018,교육부,0,7.54852E+11,7.94801E+11,0,0,0,7.54852E+11
,80042880,0,80042880,기타수입,일반회계,2018,교육부,0,100042880,80042880,20000000,0,20000000,100042880
지역지원계정,0,0,0,재산수입,지역균형발전특별회계,2018,교육부,0,0,0,0,0,0,0
지역지원계정,0,0,0,경상이전수입,지역균형발전특별회계,2018,교육부,0,0,0,0,0,0,0
,0,0,0,경상이전수입,유아교육지원특별회계,2018,교육부,0,0,0,0,0,0,0
,0,0,0,재산수입,일반회계,2018,외교부,0,10015350,0,10015350,0,10015350,10015350
,0,0,0,경상이전수입,일반회계,2018,외교부,0,0,0,0,0,0,0
,0,0,0,재화및용역판매수입,일반회계,2018,외교부,0,0,0,0,0,0,0
,3640627220,1625294000,2015333220,기타수입,일반회계,2018,외교부,1863006548,3918118741,5383077415,2140498069,237712548,1902785521,5781125289
,187469970,187469970,0,재산수입,일반회계,2018,농림축산식품부,187469970,4280400,224274490,4280400,0,4280400,191750370
,944109160,944109160,0,경상이전수입,일반회계,2018,농림축산식품부,1231777850,10827770,1128282570,298496460,287668690,10827770,1242605620
,135119880,135119880,0,재화및용역판매수입,일반회계,2018,농림축산식품부,437095480,27539250,145253630,329514850,301975600,27539250,464634730
,0,0,0,관유물매각대,일반회계,2018,농림축산식품부,0,0,0,0,0,0,0
,449945000,0,449945000,기타수입,일반회계,2018,농림축산식품부,0,449945000,449945000,0,0,0,449945000
구조개선사업계정,10169190,10169190,0,재산수입,농어촌구조개선특별회계,2018,농림축산식품부,10350560,10802840,12866730,10984210,181370,10802840,21153400
구조개선사업계정,403807200,403807200,0,경상이전수입,농어촌구조개선특별회계,2018,농림축산식품부,8824125720,355439570,826815010,8775758090,8420318520,355439570,9179565290
구조개선사업계정,0,0,0,재화및용역판매수입,농어촌구조개선특별회계,2018,농림축산식품부,3118900,0,0,3118900,3118900,0,3118900
구조개선사업계정,0,0,0,관유물매각대,농어촌구조개선특별회계,2018,농림축산식품부,0,0,0,0,0,0,0
구조개선사업계정,3.51262E+11,0,3.51262E+11,융자회수금,농어촌구조개선특별회계,2018,농림축산식품부,0,3.5872E+11,4.47051E+11,7457761000,0,7457761000,3.5872E+11
농어촌특별세사업계정,0,0,0,재산수입,농어촌구조개선특별회계,2018,농림축산식품부,47490,29970,0,77460,47490,29970,77460
농어촌특별세사업계정,341709020,341709020,0,경상이전수입,농어촌구조개선특별회계,2018,농림축산식품부,666081860,600784690,343205040,925157530,324372840,600784690,1266866550
농어촌특별세사업계정,24494526600,0,24494526600,융자회수금,농어촌구조개선특별회계,2018,농림축산식품부,0,24494526600,30900109810,0,0,0,24494526600
투자계정,0,0,0,재산수입,에너지및자원사업특별회계,2018,농림축산식품부,0,0,0,0,0,0,0
투자계정,0,0,0,경상이전수입,에너지및자원사업특별회계,2018,농림축산식품부,0,0,0,0,0,0,0
융자계정,0,0,0,재산수입,에너지및자원사업특별회계,2018,농림축산식품부,0,0,0,0,0,0,0
융자계정,23174785920,0,23174785920,융자회수금,에너지및자원사업특별회계,2018,농림축산식품부,0,33751722580,37451591980,10576936660,0,10576936660,33751722580
,0,0,0,재산수입,혁신도시건설특별회계,2018,농림축산식품부,0,0,0,0,0,0,0
,0,0,0,경상이전수입,혁신도시건설특별회계,2018,농림축산식품부,0,0,0,0,0,0,0
,0,0,0,관유물매각대,혁신도시건설특별회계,2018,농림축산식품부,0,0,0,0,0,0,0
지역자율계정,0,0,0,재산수입,지역균형발전특별회계,2018,농림축산식품부,0,0,0,0,0,0,0
지역자율계정,271940770,271940770,0,경상이전수입,지역균형발전특별회계,2018,농림축산식품부,774013610,99223480,441516720,601296320,502072840,99223480,873237090
지역지원계정,0,0,0,재산수입,지역균형발전특별회계,2018,농림축산식품부,0,0,0,0,0,0,0
지역지원계정,0,0,0,경상이전수입,지역균형발전특별회계,2018,농림축산식품부,0,0,0,0,0,0,0
세종특별자치시계정,0,0,0,재산수입,지역균형발전특별회계,2018,농림축산식품부,0,0,0,0,0,0,0
세종특별자치시계정,0,0,0,경상이전수입,지역균형발전특별회계,2018,농림축산식품부,0,0,0,0,0,0,0
손익계정,0,0,0,재산수입,양곡관리특별회계,2018,농림축산식품부,0,0,0,0,0,0,0
손익계정,23340,23340,0,경상이전수입,양곡관리특별회계,2018,농림축산식품부,23340,0,0,0,0,0,23340
손익계정,0,0,0,재화및용역판매수입,양곡관리특별회계,2018,농림축산식품부,685039340,0,0,685039340,685039340,0,685039340
손익계정,0,0,0,관유물매각대,양곡관리특별회계,2018,농림축산식품부,5557180,0,131042950,5557180,5557180,0,5557180
,0,0,0,재산수입,양곡증권정리기금,2018,농림축산식품부,0,0,0,0,0,0,0
,0,0,0,예금및예탁금,양곡증권정리기금,2018,농림축산식품부,0,27885457964,20779930770,27885457964,0,27885457964,27885457964
,0,0,0,재산수입,농산물가격안정기금,2018,농림축산식품부,65770,362720,7586500,428490,65770,362720,428490
,0,0,0,경상이전수입,농산물가격안정기금,2018,농림축산식품부,316000,22325020,13669160,22641020,316000,22325020,22641020
,0,0,0,재화및용역판매수입,농산물가격안정기금,2018,농림축산식품부,0,0,0,0,0,0,0
,0,0,0,관유물매각대,농산물가격안정기금,2018,농림축산식품부,0,0,0,0,0,0,0
,1.57546E+12,0,1.57546E+12,융자회수금,농산물가격안정기금,2018,농림축산식품부,0,2.77661E+12,2.80729E+12,1.20114E+12,0,1.20114E+12,2.77661E+12
,0,0,0,예금및예탁금,농산물가격안정기금,2018,농림축산식품부,0,4.51146E+11,4.33016E+11,4.51146E+11,0,4.51146E+11,4.51146E+11
,15761177179,2294256985,13466920194,재산수입,농지관리기금,2018,농림축산식품부,5692939995,19209724786,24327118366,9141487602,3398683010,5742804592,24902664781
,3.17261E+11,61806991380,2.55454E+11,경상이전수입,농지관리기금,2018,농림축산식품부,88630432470,4.68256E+11,7.34602E+11,2.39625E+11,26823441090,2.12802E+11,5.56886E+11
,2.25088E+11,13944570393,2.11143E+11,관유물매각대,농지관리기금,2018,농림축산식품부,13944570393,2.13575E+11,2.77052E+11,2431857200,0,2431857200,2.2752E+11
,4.68527E+12,0,4.68527E+12,융자회수금,농지관리기금,2018,농림축산식품부,0,5.39702E+12,5.0634E+12,7.11755E+11,0,7.11755E+11,5.39702E+12
,0,0,0,예금및예탁금,농지관리기금,2018,농림축산식품부,0,9.15729E+11,6.82615E+11,9.15729E+11,0,9.15729E+11,9.15729E+11
,0,0,0,재산수입,축산발전기금,2018,농림축산식품부,0,4778640,0,4778640,0,4778640,4778640
,0,0,0,경상이전수입,축산발전기금,2018,농림축산식품부,0,2733526230,0,2733526230,0,2733526230,2733526230
,0,0,0,관유물매각대,축산발전기금,2018,농림축산식품부,0,0,0,0,0,0,0
,7.82263E+11,0,7.82263E+11,융자회수금,축산발전기금,2018,농림축산식품부,0,1.3008E+12,1.46282E+12,5.18537E+11,0,5.18537E+11,1.3008E+12
,0,0,0,예금및예탁금,축산발전기금,2018,농림축산식품부,0,89756795179,98706642499,89756795179,0,89756795179,89756795179
,0,0,0,재산수입,농업소득보전직접지불기금,2018,농림축산식품부,0,0,0,0,0,0,0
,0,0,0,경상이전수입,농업소득보전직접지불기금,2018,농림축산식품부,0,0,0,0,0,0,0
,92645510,0,92645510,예금및예탁금,농업소득보전직접지불기금,2018,농림축산식품부,0,1025354640,263192210,932709130,0,932709130,1025354640
,707670,707670,0,재산수입,자유무역협정이행지원기금,2018,농림축산식품부,1073120,0,99586140,365450,365450,0,1073120
,44870290,44870290,0,경상이전수입,자유무역협정이행지원기금,2018,농림축산식품부,2376859490,0,272758090,2331989200,2331989200,0,2376859490
,7.52952E+11,0,7.52952E+11,융자회수금,자유무역협정이행지원기금,2018,농림축산식품부,0,1.0013E+12,9.70876E+11,2.48351E+11,0,2.48351E+11,1.0013E+12
,0,0,0,예금및예탁금,자유무역협정이행지원기금,2018,농림축산식품부,0,1.17084E+11,1.29819E+11,1.17084E+11,0,1.17084E+11,1.17084E+11
,0,0,0,재산수입,농어업재해재보험기금,2018,농림축산식품부,0,0,0,0,0,0,0
,0,0,0,경상이전수입,농어업재해재보험기금,2018,농림축산식품부,0,0,0,0,0,0,0
,0,0,0,재화및용역판매수입,농어업재해재보험기금,2018,농림축산식품부,0,0,0,0,0,0,0
,0,0,0,예금및예탁금,농어업재해재보험기금,2018,농림축산식품부,0,1.67594E+11,1.42514E+11,1.67594E+11,0,1.67594E+11,1.67594E+11
,890083160,890083160,0,재산수입,일반회계,2018,산업통상자원부,1540330790,13894210,1578460600,664141840,650247630,13894210,1554225000
,944829850,944829850,0,경상이전수입,일반회계,2018,산업통상자원부,1126964760,214152410,1625724750,396287320,182134910,214152410,1341117170
,53221110,53221110,0,재화및용역판매수입,일반회계,2018,산업통상자원부,83068910,0,79306340,29847800,29847800,0,83068910
,7824600,7824600,0,관유물매각대,일반회계,2018,산업통상자원부,7824600,0,7824600,0,0,0,7824600
투자계정,0,0,0,재산수입,에너지및자원사업특별회계,2018,산업통상자원부,5495890,7922740,1126020,13418630,5495890,7922740,13418630
투자계정,3389041010,3389041010,0,경상이전수입,에너지및자원사업특별회계,2018,산업통상자원부,4133947630,9341440,10313952220,754248060,744906620,9341440,4143289070
융자계정,0,0,0,재산수입,에너지및자원사업특별회계,2018,산업통상자원부,0,0,0,0,0,0,0
융자계정,4.30028E+12,0,4.30028E+12,융자회수금,에너지및자원사업특별회계,2018,산업통상자원부,0,4.72134E+12,4.94037E+12,4.21056E+11,0,4.21056E+11,4.72134E+12
지역자율계정,0,0,0,재산수입,지역균형발전특별회계,2018,산업통상자원부,0,628290,4230,628290,0,628290,628290
지역자율계정,0,0,0,경상이전수입,지역균형발전특별회계,2018,산업통상자원부,0,82800500,649410,82800500,0,82800500,82800500
지역자율계정,0,0,0,재화및용역판매수입,지역균형발전특별회계,2018,산업통상자원부,0,0,0,0,0,0,0
지역지원계정,24572240,24572240,0,재산수입,지역균형발전특별회계,2018,산업통상자원부,218342630,10771560,172406180,204541950,193770390,10771560,229114190
지역지원계정,0,0,0,경상이전수입,지역균형발전특별회계,2018,산업통상자원부,3111113360,32803220,6432832860,3143916580,3111113360,32803220,3143916580
세종특별자치시계정,0,0,0,재산수입,지역균형발전특별회계,2018,산업통상자원부,0,0,0,0,0,0,0
세종특별자치시계정,0,0,0,경상이전수입,지역균형발전특별회계,2018,산업통상자원부,0,0,0,0,0,0,0
산업기술혁신계정,0,0,0,재산수입,산업기술진흥및사업화촉진기금,2018,산업통상자원부,0,0,0,0,0,0,0
산업기술혁신계정,0,0,0,경상이전수입,산업기술진흥및사업화촉진기금,2018,산업통상자원부,0,0,0,0,0,0,0
산업기술혁신계정,0,0,0,예금및예탁금,산업기술진흥및사업화촉진기금,2018,산업통상자원부,0,51242128342,24037083245,51242128342,0,51242128342,51242128342
특정물질사용합리화계정,0,0,0,재산수입,산업기술진흥및사업화촉진기금,2018,산업통상자원부,0,0,0,0,0,0,0
특정물질사용합리화계정,0,0,0,경상이전수입,산업기술진흥및사업화촉진기금,2018,산업통상자원부,0,0,0,0,0,0,0
특정물질사용합리화계정,5818000000,0,5818000000,융자회수금,산업기술진흥및사업화촉진기금,2018,산업통상자원부,0,6970000000,7689600000,1152000000,0,1152000000,6970000000
특정물질사용합리화계정,0,0,0,예금및예탁금,산업기술진흥및사업화촉진기금,2018,산업통상자원부,0,12542980254,2511302548,12542980254,0,12542980254,12542980254
,6058510,6058510,0,재산수입,전력산업기반기금,2018,산업통상자원부,6058510,5000,6058510,5000,0,5000,6063510
,151601180,151601180,0,경상이전수입,전력산업기반기금,2018,산업통상자원부,25880397720,1.90246E+11,2.20083E+11,2.15974E+11,25728796540,1.90246E+11,2.16126E+11
,5.85539E+11,0,5.85539E+11,융자회수금,전력산업기반기금,2018,산업통상자원부,0,7.61366E+11,6.43937E+11,1.75827E+11,0,1.75827E+11,7.61366E+11
,0,0,0,예금및예탁금,전력산업기반기금,2018,산업통상자원부,0,54695851320,2.39137E+11,54695851320,0,54695851320,54695851320
,0,0,0,재산수입,방사성폐기물관리기금,2018,산업통상자원부,0,0,0,0,0,0,0
,0,0,0,경상이전수입,방사성폐기물관리기금,2018,산업통상자원부,0,0,0,0,0,0,0
,0,0,0,재화및용역판매수입,방사성폐기물관리기금,2018,산업통상자원부,0,0,0,0,0,0,0
,0,0,0,예금및예탁금,방사성폐기물관리기금,2018,산업통상자원부,0,1.54461E+11,1.39131E+11,1.54461E+11,0,1.54461E+11,1.54461E+11
,1794539270,1794539270,0,재산수입,일반회계,2018,국토교통부,1917092420,243070640,1807739090,365623790,122553150,243070640,2160163060
,21383927190,21383927190,0,경상이전수입,일반회계,2018,국토교통부,22608885750,3175100910,30159407780,4400059470,1224958560,3175100910,25783986660
,27757840,27757840,0,재화및용역판매수입,일반회계,2018,국토교통부,664828520,5688710,146255400,642759390,637070680,5688710,670517230
,2298404290,2298404290,0,관유물매각대,일반회계,2018,국토교통부,2298404290,0,2298404290,0,0,0,2298404290
,190257010,0,190257010,기타수입,일반회계,2018,국토교통부,0,190257010,372257010,0,0,0,190257010
도로계정,11676905670,11540949080,135956590,재산수입,교통시설특별회계,2018,국토교통부,13682926190,310735420,13404371720,2316755940,2141977110,174778830,13993661610
도로계정,11453734810,11453734810,0,경상이전수입,교통시설특별회계,2018,국토교통부,16643160110,655186870,13499373650,5844612170,5189425300,655186870,17298346980
도로계정,236996570,236996570,0,재화및용역판매수입,교통시설특별회계,2018,국토교통부,576413420,0,302354500,339416850,339416850,0,576413420
도로계정,0,0,0,관유물매각대,교통시설특별회계,2018,국토교통부,673568510,179907000,244461050,853475510,673568510,179907000,853475510
철도계정,2664546100,2664546100,0,재산수입,교통시설특별회계,2018,국토교통부,2664546100,0,2664546100,0,0,0,2664546100
철도계정,2590015170,2590015170,0,경상이전수입,교통시설특별회계,2018,국토교통부,2590015170,0,2590015170,0,0,0,2590015170
철도계정,0,0,0,재화및용역판매수입,교통시설특별회계,2018,국토교통부,0,0,0,0,0,0,0
철도계정,111994500,111994500,0,관유물매각대,교통시설특별회계,2018,국토교통부,711454500,112000000,20646787090,711460000,599460000,112000000,823454500
공항계정,9283690,9283690,0,재산수입,교통시설특별회계,2018,국토교통부,15741430,56764430,9938170,63222170,6457740,56764430,72505860
공항계정,1034929170,1034929170,0,경상이전수입,교통시설특별회계,2018,국토교통부,1263041520,0,1060363800,228112350,228112350,0,1263041520
공항계정,191383490,191383490,0,재화및용역판매수입,교통시설특별회계,2018,국토교통부,191383490,0,442696280,0,0,0,191383490
공항계정,0,0,0,관유물매각대,교통시설특별회계,2018,국토교통부,0,0,0,0,0,0,0
교통체계관리계정,198210,198210,0,재산수입,교통시설특별회계,2018,국토교통부,198210,0,2757750,0,0,0,198210
교통체계관리계정,1236680,1236680,0,경상이전수입,교통시설특별회계,2018,국토교통부,1236680,46429450,8599570,46429450,0,46429450,47666130
투자계정,0,0,0,재산수입,에너지및자원사업특별회계,2018,국토교통부,0,0,0,0,0,0,0
투자계정,0,0,0,경상이전수입,에너지및자원사업특별회계,2018,국토교통부,0,0,0,0,0,0,0
,0,0,0,재산수입,혁신도시건설특별회계,2018,국토교통부,0,0,0,0,0,0,0
지역자율계정,3774550,3774550,0,재산수입,지역균형발전특별회계,2018,국토교통부,9774150,23563900,3774550,29563500,5999600,23563900,33338050
지역자율계정,3.59329E+11,2.40376E+11,1.18953E+11,경상이전수입,지역균형발전특별회계,2018,국토교통부,2.63829E+11,3.36608E+11,5.74834E+11,2.41107E+11,23452317860,2.17655E+11,6.00437E+11
지역자율계정,5130320,5130320,0,재화및용역판매수입,지역균형발전특별회계,2018,국토교통부,5130320,0,5130320,0,0,0,5130320
지역자율계정,312469690,0,312469690,기타수입,지역균형발전특별회계,2018,국토교통부,0,312469690,312469690,0,0,0,312469690
지역지원계정,128207300,128207300,0,재산수입,지역균형발전특별회계,2018,국토교통부,129212890,150990,129386800,1156580,1005590,150990,129363880
지역지원계정,1.67551E+11,1.67551E+11,0,경상이전수입,지역균형발전특별회계,2018,국토교통부,1.7188E+11,31089175660,2.29132E+11,35417652160,4328476500,31089175660,2.02969E+11
지역지원계정,2983090,2983090,0,재화및용역판매수입,지역균형발전특별회계,2018,국토교통부,2983090,0,2983090,0,0,0,2983090
지역지원계정,471915470,471915470,0,관유물매각대,지역균형발전특별회계,2018,국토교통부,471915470,0,682830470,0,0,0,471915470
지역지원계정,0,0,0,예금및예탁금,지역균형발전특별회계,2018,국토교통부,0,151157210,0,151157210,0,151157210,151157210
제주특별자치도계정,0,0,0,경상이전수입,지역균형발전특별회계,2018,국토교통부,0,0,0,0,0,0,0
세종특별자치시계정,0,0,0,재산수입,지역균형발전특별회계,2018,국토교통부,0,0,0,0,0,0,0
세종특별자치시계정,0,0,0,경상이전수입,지역균형발전특별회계,2018,국토교통부,0,0,0,0,0,0,0
,0,0,0,예금및예탁금,자동차사고피해지원기금,2018,국토교통부,0,1.98698E+11,2.0729E+11,1.98698E+11,0,1.98698E+11,1.98698E+11
주택계정,0,0,0,재화및용역판매수입,주택도시기금,2018,국토교통부,0,29354026759,5078472993,29354026759,0,29354026759,29354026759
주택계정,8.53016E+13,1.17424E+11,8.51842E+13,융자회수금,주택도시기금,2018,국토교통부,1.18061E+11,1.06078E+14,9.59483E+13,2.08948E+13,637113964,2.08941E+13,1.06196E+14
주택계정,0,0,0,예금및예탁금,주택도시기금,2018,국토교통부,0,9.19254E+11,1.33489E+12,9.19254E+11,0,9.19254E+11,9.19254E+11
도시계정,46035000000,0,46035000000,융자회수금,주택도시기금,2018,국토교통부,0,2.35318E+11,46335000000,1.89283E+11,0,1.89283E+11,2.35318E+11
도시계정,0,0,0,예금및예탁금,주택도시기금,2018,국토교통부,0,4.29329E+11,86070720889,4.29329E+11,0,4.29329E+11,4.29329E+11
,171572740,171572740,0,재산수입,일반회계,2018,해양수산부,186110710,244572070,491088760,259110040,14537970,244572070,430682780
,493095270,493095270,0,경상이전수입,일반회계,2018,해양수산부,694059260,30254620,2713081430,231218610,200963990,30254620,724313880
,13886760,13886760,0,재화및용역판매수입,일반회계,2018,해양수산부,16313660,41593750,127223480,44020650,2426900,41593750,57907410
,1276240,1276240,0,관유물매각대,일반회계,2018,해양수산부,1276240,0,1276240,0,0,0,1276240
,258273450,0,258273450,융자회수금,일반회계,2018,해양수산부,0,258273450,258273450,0,0,0,258273450
,3.72722E+11,0,3.72722E+11,기타수입,일반회계,2018,해양수산부,0,3.72818E+11,3.7272E+11,95556100,0,95556100,3.72818E+11
구조개선사업계정,1999930,1999930,0,재산수입,농어촌구조개선특별회계,2018,해양수산부,2452660,4520330,2245250,4973060,452730,4520330,6972990
구조개선사업계정,2028418660,2028418660,0,경상이전수입,농어촌구조개선특별회계,2018,해양수산부,2065257350,197775370,2158235500,234614060,36838690,197775370,2263032720
구조개선사업계정,0,0,0,재화및용역판매수입,농어촌구조개선특별회계,2018,해양수산부,0,0,0,0,0,0,0
구조개선사업계정,41474763350,0,41474763350,융자회수금,농어촌구조개선특별회계,2018,해양수산부,0,41474763350,52854719890,0,0,0,41474763350
농어촌특별세사업계정,0,0,0,재산수입,농어촌구조개선특별회계,2018,해양수산부,19870,0,88700,19870,19870,0,19870
농어촌특별세사업계정,488578500,488578500,0,경상이전수입,농어촌구조개선특별회계,2018,해양수산부,507847660,0,524643540,19269160,19269160,0,507847660
농어촌특별세사업계정,0,0,0,재화및용역판매수입,농어촌구조개선특별회계,2018,해양수산부,0,0,0,0,0,0,0
농어촌특별세사업계정,0,0,0,관유물매각대,농어촌구조개선특별회계,2018,해양수산부,0,0,0,0,0,0,0
농어촌특별세사업계정,438430510,0,438430510,융자회수금,농어촌구조개선특별회계,2018,해양수산부,0,438430510,606390510,0,0,0,438430510
항만계정,655225450,655225450,0,재산수입,교통시설특별회계,2018,해양수산부,1125370370,272894470,1461910150,743039390,470144920,272894470,1398264840
항만계정,6661745450,6661745450,0,경상이전수입,교통시설특별회계,2018,해양수산부,7083805250,97563840,6715395880,519623640,422059800,97563840,7181369090
항만계정,7267026710,7267026710,0,재화및용역판매수입,교통시설특별회계,2018,해양수산부,8839489030,4508392790,13723555920,6080855110,1572462320,4508392790,13347881820
항만계정,9738400,9738400,0,관유물매각대,교통시설특별회계,2018,해양수산부,144876400,834393300,218178780,969531300,135138000,834393300,979269700
투자계정,0,0,0,재산수입,에너지및자원사업특별회계,2018,해양수산부,0,1670840,0,1670840,0,1670840,1670840
투자계정,97788000,97788000,0,경상이전수입,에너지및자원사업특별회계,2018,해양수산부,97788000,158000000,97788000,158000000,0,158000000,255788000
,0,0,0,경상이전수입,혁신도시건설특별회계,2018,해양수산부,0,0,0,0,0,0,0
지역자율계정,1409900,1409900,0,재산수입,지역균형발전특별회계,2018,해양수산부,1409900,6881420,1409900,6881420,0,6881420,8291320
지역자율계정,62939900,62939900,0,경상이전수입,지역균형발전특별회계,2018,해양수산부,98193020,274406080,62939900,309659200,35253120,274406080,372599100
지역지원계정,0,0,0,경상이전수입,지역균형발전특별회계,2018,해양수산부,0,236905700,0,236905700,0,236905700,236905700
,464000,464000,0,재산수입,수산발전기금,2018,해양수산부,464000,0,464000,0,0,0,464000
,1038884350,1038884350,0,경상이전수입,수산발전기금,2018,해양수산부,1058939630,492880780,1918060600,512936060,20055280,492880780,1551820410
,0,0,0,재화및용역판매수입,수산발전기금,2018,해양수산부,0,0,0,0,0,0,0
,0,0,0,관유물매각대,수산발전기금,2018,해양수산부,0,0,0,0,0,0,0
,3.80547E+11,0,3.80547E+11,융자회수금,수산발전기금,2018,해양수산부,0,7.45303E+11,7.91521E+11,3.64756E+11,0,3.64756E+11,7.45303E+11
,0,0,0,예금및예탁금,수산발전기금,2018,해양수산부,0,55293009943,52764808384,55293009943,0,55293009943,55293009943
,0,0,0,재산수입,일반회계,2018,식품의약품안전처,1001600,364610,1888010,1366210,1001600,364610,1366210
,219518270,219518270,0,경상이전수입,일반회계,2018,식품의약품안전처,381373480,133136000,314960020,294991210,161855210,133136000,514509480
,0,0,0,재화및용역판매수입,일반회계,2018,식품의약품안전처,0,0,0,0,0,0,0
,0,0,0,관유물매각대,일반회계,2018,식품의약품안전처,0,0,0,0,0,0,0
,183703000,0,183703000,기타수입,일반회계,2018,식품의약품안전처,0,183703000,183703000,0,0,0,183703000
구조개선사업계정,0,0,0,경상이전수입,농어촌구조개선특별회계,2018,식품의약품안전처,6400000,0,0,6400000,6400000,0,6400000
구조개선사업계정,0,0,0,관유물매각대,농어촌구조개선특별회계,2018,식품의약품안전처,0,0,0,0,0,0,0
지역지원계정,0,0,0,재산수입,지역균형발전특별회계,2018,식품의약품안전처,136050,0,0,136050,136050,0,136050
지역지원계정,0,0,0,경상이전수입,지역균형발전특별회계,2018,식품의약품안전처,2641190,3446610,0,6087800,2641190,3446610,6087800
제주특별자치도계정,0,0,0,재산수입,지역균형발전특별회계,2018,식품의약품안전처,0,0,0,0,0,0,0
제주특별자치도계정,0,0,0,경상이전수입,지역균형발전특별회계,2018,식품의약품안전처,0,0,0,0,0,0,0
,0,0,0,재산수입,일반회계,2018,대통령비서실 및 국가안보실,0,0,0,0,0,0,0
,0,0,0,경상이전수입,일반회계,2018,대통령비서실 및 국가안보실,0,0,335128350,0,0,0,0
,0,0,0,재화및용역판매수입,일반회계,2018,대통령비서실 및 국가안보실,0,0,0,0,0,0,0
,0,0,0,재산수입,일반회계,2018,새만금개발청,0,0,0,0,0,0,0
,0,0,0,경상이전수입,일반회계,2018,새만금개발청,0,0,0,0,0,0,0
,0,0,0,재화및용역판매수입,일반회계,2018,새만금개발청,265727070,0,88094210,265727070,265727070,0,265727070
지역지원계정,0,0,0,재산수입,지역균형발전특별회계,2018,새만금개발청,0,0,0,0,0,0,0
,68093760,68093760,0,재산수입,일반회계,2018,행정안전부,284523920,391179280,414151330,607609440,216430160,391179280,675703200
,2404879640,2404879640,0,경상이전수입,일반회계,2018,행정안전부,2821392980,2761562880,3346068090,3178076220,416513340,2761562880,5582955860
,406365090,406365090,0,재화및용역판매수입,일반회계,2018,행정안전부,408396510,11070760,419895860,13102180,2031420,11070760,419467270
,0,0,0,관유물매각대,일반회계,2018,행정안전부,0,0,0,0,0,0,0
,300000000,0,300000000,기타수입,일반회계,2018,행정안전부,0,300000000,0,0,0,0,300000000
지역자율계정,0,0,0,경상이전수입,지역균형발전특별회계,2018,행정안전부,497209620,0,0,497209620,497209620,0,497209620
지역지원계정,120520,120520,0,재산수입,지역균형발전특별회계,2018,행정안전부,120520,0,159930,0,0,0,120520
지역지원계정,222913770,222913770,0,경상이전수입,지역균형발전특별회계,2018,행정안전부,234934490,0,222913770,12020720,12020720,0,234934490
,0,0,0,재산수입,일반회계,2018,중소벤처기업부,0,2654030340,9627210,2654030340,0,2654030340,2654030340
,340625310,340625310,0,경상이전수입,일반회계,2018,중소벤처기업부,710956710,68058750,344211060,438390150,370331400,68058750,779015460
,0,0,0,재화및용역판매수입,일반회계,2018,중소벤처기업부,0,0,0,0,0,0,0
,0,0,0,관유물매각대,일반회계,2018,중소벤처기업부,0,0,0,0,0,0,0
,90000,0,90000,기타수입,일반회계,2018,중소벤처기업부,0,90000,90000,0,0,0,90000
지역자율계정,61229700,61229700,0,재산수입,지역균형발전특별회계,2018,중소벤처기업부,99553220,0,67971310,38323520,38323520,0,99553220
지역자율계정,512152460,512152460,0,경상이전수입,지역균형발전특별회계,2018,중소벤처기업부,660230680,0,703156700,148078220,148078220,0,660230680
지역지원계정,0,0,0,재산수입,지역균형발전특별회계,2018,중소벤처기업부,0,0,0,0,0,0,0
지역지원계정,0,0,0,경상이전수입,지역균형발전특별회계,2018,중소벤처기업부,0,0,0,0,0,0,0
제주특별자치도계정,0,0,0,재산수입,지역균형발전특별회계,2018,중소벤처기업부,0,0,0,0,0,0,0
제주특별자치도계정,0,0,0,경상이전수입,지역균형발전특별회계,2018,중소벤처기업부,0,0,0,0,0,0,0
,0,0,0,재산수입,소상공인시장진흥기금,2018,중소벤처기업부,0,9728197670,886985490,9728197670,0,9728197670,9728197670
,0,0,0,경상이전수입,소상공인시장진흥기금,2018,중소벤처기업부,0,35599640,59066410,35599640,0,35599640,35599640
,6.14729E+12,0,6.14729E+12,융자회수금,소상공인시장진흥기금,2018,중소벤처기업부,0,6.22751E+12,5.04331E+12,80220280080,0,80220280080,6.22751E+12
,75528197559,0,75528197559,예금및예탁금,소상공인시장진흥기금,2018,중소벤처기업부,0,2.16688E+11,23644677478,1.4116E+11,0,1.4116E+11,2.16688E+11
,0,0,0,재산수입,일반회계,2018,소방청,1690660,3560340,18089550,5251000,1690660,3560340,5251000
,3723290,3723290,0,경상이전수입,일반회계,2018,소방청,3723290,0,3953730,0,0,0,3723290
,1854000,1854000,0,재화및용역판매수입,일반회계,2018,소방청,1854000,0,1854000,0,0,0,1854000
,0,0,0,기타수입,일반회계,2018,소방청,0,40000000,0,40000000,0,40000000,40000000
,0,0,0,재산수입,일반회계,2018,해양경찰청,0,3366000,2096230,3366000,0,3366000,3366000
,14735817460,14735817460,0,경상이전수입,일반회계,2018,해양경찰청,15032029040,2938770,18375611980,299150350,296211580,2938770,15034967810
,0,0,0,재화및용역판매수입,일반회계,2018,해양경찰청,0,0,0,0,0,0,0
,0,0,0,관유물매각대,일반회계,2018,해양경찰청,0,0,0,0,0,0,0
,0,0,0,경상이전수입,일반회계,2018,가습기살균제사건과 4·16세월호참사 특별조사위원회,0,0,0,0,0,0,0
,0,0,0,재산수입,일반회계,2018,인사혁신처,0,0,2305240,0,0,0,0
,17036320,17036320,0,경상이전수입,일반회계,2018,인사혁신처,17445760,0,224791960,409440,409440,0,17445760
,0,0,0,재화및용역판매수입,일반회계,2018,인사혁신처,0,0,0,0,0,0,0
,1.10064E+12,1.04918E+11,9.95725E+11,융자회수금,일반회계,2018,인사혁신처,1.04918E+11,9.95725E+11,1.17994E+12,0,0,0,1.10064E+12
,0,0,0,경상이전수입,일반회계,2018,세월호선체조사위원회,0,0,0,0,0,0,0
,0,0,0,기타수입,일반회계,2018,세월호선체조사위원회,0,0,227340000,0,0,0,0
,0,0,0,재산수입,일반회계,2018,과학기술정보통신부,0,1291690,12742510,1291690,0,1291690,1291690
,1918516020,1918516020,0,경상이전수입,일반회계,2018,과학기술정보통신부,1942735700,199000,18056945000,24418680,24219680,199000,1942934700
,1086797150,1086797150,0,재화및용역판매수입,일반회계,2018,과학기술정보통신부,1241343480,2065000,1385561010,156611330,154546330,2065000,1243408480
,0,0,0,관유물매각대,일반회계,2018,과학기술정보통신부,0,0,0,0,0,0,0
,0,0,0,기타수입,일반회계,2018,과학기술정보통신부,0,1650000,0,1650000,0,1650000,1650000
투자계정,0,0,0,경상이전수입,에너지및자원사업특별회계,2018,과학기술정보통신부,0,0,0,0,0,0,0
,0,0,0,경상이전수입,우체국보험특별회계,2018,과학기술정보통신부,47472110,0,0,47472110,47472110,0,47472110
지역지원계정,0,0,0,경상이전수입,지역균형발전특별회계,2018,과학기술정보통신부,16337270,1845090,0,18182360,16337270,1845090,18182360
제주특별자치도계정,0,0,0,경상이전수입,지역균형발전특별회계,2018,과학기술정보통신부,0,0,0,0,0,0,0
자본계정,220060930,220060930,0,관유물매각대,우편사업특별회계,2018,과학기술정보통신부,227618030,1439564890,225311730,1447121990,7557100,1439564890,1667182920
자본계정,1.14655E+11,0,1.14655E+11,융자회수금,우편사업특별회계,2018,과학기술정보통신부,0,1.14655E+11,1.27727E+11,0,0,0,1.14655E+11
자본계정,6797432000,0,6797432000,기타수입,우편사업특별회계,2018,과학기술정보통신부,0,6797432000,6797432000,0,0,0,6797432000
손익계정,1247691450,1247691450,0,재산수입,우편사업특별회계,2018,과학기술정보통신부,1820573670,638925390,3877106650,1211807610,572882220,638925390,2459499060
손익계정,2603750210,2603750210,0,경상이전수입,우편사업특별회계,2018,과학기술정보통신부,6419608440,394713160,4217943390,4210571390,3815858230,394713160,6814321600
손익계정,0,0,0,관유물매각대,우편사업특별회계,2018,과학기술정보통신부,368940,0,0,368940,368940,0,368940
손익계정,1045643400,0,1045643400,기타수입,우편사업특별회계,2018,과학기술정보통신부,0,1045643400,1045643400,0,0,0,1045643400
자본계정,0,0,0,관유물매각대,우체국예금특별회계,2018,과학기술정보통신부,0,0,0,0,0,0,0
자본계정,91960000,0,91960000,기타수입,우체국예금특별회계,2018,과학기술정보통신부,0,91960000,91960000,0,0,0,91960000
손익계정,0,0,0,재산수입,우체국예금특별회계,2018,과학기술정보통신부,0,0,0,0,0,0,0
손익계정,3231662030,3231662030,0,경상이전수입,우체국예금특별회계,2018,과학기술정보통신부,3231752030,0,3725876010,90000,90000,0,3231752030
손익계정,0,0,0,관유물매각대,우체국예금특별회계,2018,과학기술정보통신부,0,0,0,0,0,0,0
자본계정,0,0,0,재화및용역판매수입,국립중앙과학관,2018,과학기술정보통신부,0,0,0,0,0,0,0
손익계정,24468310,24468310,0,재산수입,국립중앙과학관,2018,과학기술정보통신부,24468310,924000,25057380,924000,0,924000,25392310
손익계정,180020630,180020630,0,경상이전수입,국립중앙과학관,2018,과학기술정보통신부,180020630,0,180020630,0,0,0,180020630
손익계정,9853030,9853030,0,재화및용역판매수입,국립중앙과학관,2018,과학기술정보통신부,9853030,0,9853030,0,0,0,9853030
손익계정,0,0,0,재산수입,국립과천과학관,2018,과학기술정보통신부,0,52010890,0,52010890,0,52010890,52010890
손익계정,2302330,2302330,0,경상이전수입,국립과천과학관,2018,과학기술정보통신부,26899310,9576640,84687290,34173620,24596980,9576640,36475950
손익계정,41709410,41709410,0,재화및용역판매수입,국립과천과학관,2018,과학기술정보통신부,41920310,368590,41709410,579490,210900,368590,42288900
,0,0,0,재산수입,과학기술진흥기금,2018,과학기술정보통신부,0,0,0,0,0,0,0
,0,0,0,경상이전수입,과학기술진흥기금,2018,과학기술정보통신부,0,0,0,0,0,0,0
,6400000000,0,6400000000,융자회수금,과학기술진흥기금,2018,과학기술정보통신부,0,6400000000,7900000000,0,0,0,6400000000
,0,0,0,예금및예탁금,과학기술진흥기금,2018,과학기술정보통신부,0,16067908834,41106244839,16067908834,0,16067908834,16067908834
,0,0,0,재산수입,정보통신진흥기금,2018,과학기술정보통신부,0,0,0,0,0,0,0
,301393610,301393610,0,경상이전수입,정보통신진흥기금,2018,과학기술정보통신부,301393610,0,301393610,0,0,0,301393610
,1.20176E+11,0,1.20176E+11,융자회수금,정보통신진흥기금,2018,과학기술정보통신부,0,1.55176E+11,1.80168E+11,35000000000,0,35000000000,1.55176E+11
,1100000000,0,1100000000,기타수입,정보통신진흥기금,2018,과학기술정보통신부,0,1138250556,1100000000,38250556,0,38250556,1138250556
,0,0,0,예금및예탁금,정보통신진흥기금,2018,과학기술정보통신부,0,3.87085E+11,20802993533,3.87085E+11,0,3.87085E+11,3.87085E+11
원자력연구개발계정,0,0,0,재산수입,원자력기금,2018,과학기술정보통신부,0,0,0,0,0,0,0
원자력연구개발계정,0,0,0,경상이전수입,원자력기금,2018,과학기술정보통신부,0,0,0,0,0,0,0
원자력연구개발계정,0,0,0,예금및예탁금,원자력기금,2018,과학기술정보통신부,0,60523476933,25968346752,60523476933,0,60523476933,60523476933
원자력안전규제계정,0,0,0,재산수입,원자력기금,2018,과학기술정보통신부,0,0,0,0,0,0,0
원자력안전규제계정,336000,336000,0,경상이전수입,원자력기금,2018,과학기술정보통신부,762000,720000,3005330,1146000,426000,720000,1482000
원자력안전규제계정,0,0,0,예금및예탁금,원자력기금,2018,과학기술정보통신부,0,58133195783,38244505789,58133195783,0,58133195783,58133195783
,0,0,0,재산수입,방송통신발전기금,2018,과학기술정보통신부,0,0,190,0,0,0,0
,0,0,0,경상이전수입,방송통신발전기금,2018,과학기술정보통신부,0,0,240000,0,0,0,0
,0,0,0,융자회수금,방송통신발전기금,2018,과학기술정보통신부,0,0,4329080000,0,0,0,0
,6842557613,0,6842557613,기타수입,방송통신발전기금,2018,과학기술정보통신부,0,6857557613,6864717233,15000000,0,15000000,6857557613
,0,0,0,예금및예탁금,방송통신발전기금,2018,과학기술정보통신부,0,3.16461E+11,74795496686,3.16461E+11,0,3.16461E+11,3.16461E+11
,0,0,0,재산수입,일반회계,2018,대통령경호처,0,0,0,0,0,0,0
,0,0,0,경상이전수입,일반회계,2018,대통령경호처,0,0,0,0,0,0,0
,0,0,0,재화및용역판매수입,일반회계,2018,대통령경호처,0,0,0,0,0,0,0
,0,0,0,재산수입,일반회계,2019,감사원,0,0,0,0,0,0,0
,380634290,380634290,0,경상이전수입,일반회계,2019,감사원,391480460,3211090,380634290,14057260,10846170,3211090,394691550
,0,0,0,재화및용역판매수입,일반회계,2019,감사원,0,0,0,0,0,0,0
,96044940,0,96044940,기타수입,일반회계,2019,감사원,0,96044940,116812940,0,0,0,96044940
,0,0,0,재산수입,일반회계,2019,국회,15718570,0,36550290,15718570,15718570,0,15718570
,279571910,279571910,0,경상이전수입,일반회계,2019,국회,292364130,0,280256010,12792220,12792220,0,292364130
,0,0,0,재화및용역판매수입,일반회계,2019,국회,0,0,0,0,0,0,0
,0,0,0,관유물매각대,일반회계,2019,국회,0,0,0,0,0,0,0
,52690130,13000000,39690130,기타수입,일반회계,2019,국회,13000000,159690130,223679570,120000000,0,120000000,172690130
,575320,575320,0,재산수입,일반회계,2019,대법원,1589260,0,575320,1013940,1013940,0,1589260
,444910170,444910170,0,경상이전수입,일반회계,2019,대법원,499098970,695580,469377130,54884380,54188800,695580,499794550
,32500,32500,0,재화및용역판매수입,일반회계,2019,대법원,218210,0,420300,185710,185710,0,218210
,0,0,0,관유물매각대,일반회계,2019,대법원,0,0,0,0,0,0,0
,384392963,374401303,9991660,기타수입,일반회계,2019,대법원,374401303,15371920,395571603,5380260,0,5380260,389773223
,0,0,0,재산수입,등기특별회계,2019,대법원,0,0,0,0,0,0,0
,0,0,0,경상이전수입,등기특별회계,2019,대법원,0,0,0,0,0,0,0
,128400,128400,0,재화및용역판매수입,등기특별회계,2019,대법원,952800,0,128400,824400,824400,0,952800
,0,0,0,관유물매각대,등기특별회계,2019,대법원,0,0,0,0,0,0,0
,207637500,207637500,0,기타수입,등기특별회계,2019,대법원,207637500,0,207637500,0,0,0,207637500
,0,0,0,재산수입,사법서비스진흥기금,2019,대법원,0,0,0,0,0,0,0
,624040700,624040700,0,경상이전수입,사법서비스진흥기금,2019,대법원,790430060,55785820,661251560,222175180,166389360,55785820,846215880
,81000,81000,0,재화및용역판매수입,사법서비스진흥기금,2019,대법원,81000,0,81000,0,0,0,81000
,60000,0,60000,기타수입,사법서비스진흥기금,2019,대법원,0,60000,60000,0,0,0,60000
,9902000000,9902000000,0,예금및예탁금,사법서비스진흥기금,2019,대법원,9902000000,13070378133,10125113727,13070378133,0,13070378133,22972378133
,0,0,0,재산수입,일반회계,2019,헌법재판소,0,0,0,0,0,0,0
,0,0,0,경상이전수입,일반회계,2019,헌법재판소,0,0,0,0,0,0,0
,0,0,0,재화및용역판매수입,일반회계,2019,헌법재판소,0,0,0,0,0,0,0
,160960000,0,160960000,기타수입,일반회계,2019,헌법재판소,0,160960000,160960000,0,0,0,160960000
,0,0,0,재산수입,일반회계,2019,중앙선거관리위원회,0,6241900,0,6241900,0,6241900,6241900
,0,0,0,경상이전수입,일반회계,2019,중앙선거관리위원회,0,0,0,0,0,0,0
,0,0,0,재화및용역판매수입,일반회계,2019,중앙선거관리위원회,0,0,0,0,0,0,0
,0,0,0,관유물매각대,일반회계,2019,중앙선거관리위원회,0,0,0,0,0,0,0
,2483220000,1835500000,647720000,기타수입,일반회계,2019,중앙선거관리위원회,1835500000,1472061000,2740720000,824341000,0,824341000,3307561000
,0,0,0,재산수입,일반회계,2019,국무조정실 및 국무총리비서실,0,0,0,0,0,0,0
,0,0,0,경상이전수입,일반회계,2019,국무조정실 및 국무총리비서실,0,0,0,0,0,0,0
,0,0,0,재화및용역판매수입,일반회계,2019,국무조정실 및 국무총리비서실,0,0,0,0,0,0,0
,177583650,177583650,0,재산수입,일반회계,2019,법무부,186340260,102215540,418581760,110972150,8756610,102215540,288555800
,3318060830,3317791630,269200,경상이전수입,일반회계,2019,법무부,3476003850,49626850,3357294570,207569870,158212220,49357650,3525630700
,0,0,0,재화및용역판매수입,일반회계,2019,법무부,0,0,0,0,0,0,0
,0,0,0,관유물매각대,일반회계,2019,법무부,0,0,0,0,0,0,0
,347813780,0,347813780,기타수입,일반회계,2019,법무부,0,359055240,896813780,11241460,0,11241460,359055240
,0,0,0,재산수입,교도작업특별회계,2019,법무부,0,0,0,0,0,0,0
,900000,900000,0,경상이전수입,교도작업특별회계,2019,법무부,900000,0,2000000,0,0,0,900000
,848440,848440,0,재화및용역판매수입,교도작업특별회계,2019,법무부,43174730,0,113453840,42326290,42326290,0,43174730
,0,0,0,관유물매각대,교도작업특별회계,2019,법무부,0,0,0,0,0,0,0
,4389840,4389840,0,재산수입,범죄피해자보호기금,2019,법무부,7256420,648810,8936610,3515390,2866580,648810,7905230
,279788380,279788380,0,경상이전수입,범죄피해자보호기금,2019,법무부,498542040,125977170,615938770,344730830,218753660,125977170,624519210
,0,0,0,예금및예탁금,범죄피해자보호기금,2019,법무부,0,4744777355,14847053470,4744777355,0,4744777355,4744777355
,794165920,794165920,0,재산수입,일반회계,2019,국방부,1344439810,32871380,1447927000,583145270,550273890,32871380,1377311190
,62848700820,62794841580,53859240,경상이전수입,일반회계,2019,국방부,78542428390,981822470,73400075750,16675550040,15747586810,927963230,79524250860
,1531332900,1531332900,0,재화및용역판매수입,일반회계,2019,국방부,1630921300,0,1697720390,99588400,99588400,0,1630921300
,0,0,0,관유물매각대,일반회계,2019,국방부,0,0,899994030,0,0,0,0
,1.01847E+11,0,1.01847E+11,융자회수금,일반회계,2019,국방부,0,1.01847E+11,1.12039E+11,0,0,0,1.01847E+11
,20744000,0,20744000,기타수입,일반회계,2019,국방부,73317120,183744000,20744000,236317120,73317120,163000000,257061120
,191516370,191516370,0,재산수입,주한미군기지이전특별회계,2019,국방부,468321980,8275850,253224860,285081460,276805610,8275850,476597830
,1123391430,1123391430,0,경상이전수입,주한미군기지이전특별회계,2019,국방부,1350575540,0,1158369260,227184110,227184110,0,1350575540
,13587130,13587130,0,재화및용역판매수입,주한미군기지이전특별회계,2019,국방부,13587130,0,80202870,0,0,0,13587130
,194841000,194841000,0,관유물매각대,주한미군기지이전특별회계,2019,국방부,1359525460,1045671330,715617110,2210355790,1164684460,1045671330,2405196790
,286862000,286862000,0,경상이전수입,국방·군사시설이전특별회계,2019,국방부,1999493140,14236020,1630298520,1726867160,1712631140,14236020,2013729160
,0,0,0,관유물매각대,국방·군사시설이전특별회계,2019,국방부,877786360,4523995720,10338971230,5401782080,877786360,4523995720,5401782080
,3186878370,3186878370,0,경상이전수입,군인연금기금,2019,국방부,6207592520,23388970,4268459540,3044103120,3020714150,23388970,6230981490
복지계정,3914883094,3710093430,204789664,재산수입,군인복지기금,2019,국방부,4918239433,1146948376,6405537654,2150304715,1208146003,942158712,6065187809
복지계정,4031380800,3649264460,382116340,경상이전수입,군인복지기금,2019,국방부,4634960900,415580710,4341372840,1019160810,985696440,33464370,5050541610
복지계정,1481988930,1481988930,0,재화및용역판매수입,군인복지기금,2019,국방부,1706729360,53122660,2314930000,277863090,224740430,53122660,1759852020
복지계정,9091680305,2374768356,6716911949,예금및예탁금,군인복지기금,2019,국방부,7890216350,68677945377,54252085767,67476481422,5515447994,61961033428,76568161727
학자금대부계정,1.07015E+11,4780000,1.0701E+11,융자회수금,군인복지기금,2019,국방부,4780000,1.34182E+11,1.48957E+11,27172300000,0,27172300000,1.34187E+11
주거지원계정,12442,5,12437,재산수입,군인복지기금,2019,국방부,12576615,12440,13435,12576613,12576610,3,12589055
주거지원계정,206950800,198499980,8450820,경상이전수입,군인복지기금,2019,국방부,464150510,8450820,235156450,265650530,265650530,0,472601330
주거지원계정,70239762139,19691382869,50548379270,융자회수금,군인복지기금,2019,국방부,19851382869,51392379270,1.70307E+11,1004000000,160000000,844000000,71243762139
,82978860,82978860,0,재산수입,일반회계,2019,고용노동부,120063390,57313790,99399850,94398320,37084530,57313790,177377180
,7565678200,7554625530,11052670,경상이전수입,일반회계,2019,고용노동부,17104892450,20603260050,8175566250,30142474300,9550266920,20592207380,37708152500
,797000,797000,0,재화및용역판매수입,일반회계,2019,고용노동부,797000,0,28172640,0,0,0,797000
,0,0,0,관유물매각대,일반회계,2019,고용노동부,0,0,0,0,0,0,0
,3319377900,0,3319377900,기타수입,일반회계,2019,고용노동부,0,3371277900,3394377900,51900000,0,51900000,3371277900
투자계정,0,0,0,재산수입,에너지및자원사업특별회계,2019,고용노동부,0,0,0,0,0,0,0
투자계정,988977720,988977720,0,경상이전수입,에너지및자원사업특별회계,2019,고용노동부,993182180,17800550,1021942070,22005010,4204460,17800550,1010982730
지역자율계정,45873440,45873440,0,재산수입,지역균형발전특별회계,2019,고용노동부,90630770,77224180,45873440,121981510,44757330,77224180,167854950
지역자율계정,3190263810,3190263810,0,경상이전수입,지역균형발전특별회계,2019,고용노동부,5232228040,2885347450,3289792170,4927311680,2041964230,2885347450,8117575490
제주특별자치도계정,0,0,0,재산수입,지역균형발전특별회계,2019,고용노동부,0,0,0,0,0,0,0
제주특별자치도계정,0,0,0,경상이전수입,지역균형발전특별회계,2019,고용노동부,0,0,0,0,0,0,0
세종특별자치시계정,0,0,0,재산수입,지역균형발전특별회계,2019,고용노동부,0,0,0,0,0,0,0
세종특별자치시계정,0,0,0,경상이전수입,지역균형발전특별회계,2019,고용노동부,0,0,0,0,0,0,0
,4.80048E+11,4.80048E+11,0,사회보장기여금,산업재해보상보험및예방기금,2019,고용노동부,7.36308E+11,3.92538E+11,1.12197E+12,6.48797E+11,2.5626E+11,3.92538E+11,1.12885E+12
,0,0,0,재산수입,산업재해보상보험및예방기금,2019,고용노동부,0,0,0,0,0,0,0
,2.87317E+11,2.87317E+11,0,경상이전수입,산업재해보상보험및예방기금,2019,고용노동부,3.67993E+11,4583383590,3.85484E+11,85259143810,80675760220,4583383590,3.72576E+11
,1668210,1668210,0,재화및용역판매수입,산업재해보상보험및예방기금,2019,고용노동부,2208710,0,2090210,540500,540500,0,2208710
,8.07711E+11,431469160,8.07279E+11,융자회수금,산업재해보상보험및예방기금,2019,고용노동부,431469160,9.32104E+11,9.41994E+11,1.24825E+11,0,1.24825E+11,9.32536E+11
,0,0,0,예금및예탁금,산업재해보상보험및예방기금,2019,고용노동부,0,5.65389E+11,6.77766E+11,5.65389E+11,0,5.65389E+11,5.65389E+11
,0,0,0,재산수입,장애인고용촉진및직업재활기금,2019,고용노동부,0,0,0,0,0,0,0
,13563343840,13563343840,0,경상이전수입,장애인고용촉진및직업재활기금,2019,고용노동부,19143245770,1479925890,19314163130,7059827820,5579901930,1479925890,20623171660
,27629622650,0,27629622650,융자회수금,장애인고용촉진및직업재활기금,2019,고용노동부,0,42848557650,27629622650,15218935000,0,15218935000,42848557650
,0,0,0,예금및예탁금,장애인고용촉진및직업재활기금,2019,고용노동부,0,50546505061,16436630742,50546505061,0,50546505061,50546505061
,3.22077E+11,3.22077E+11,0,사회보장기여금,고용보험기금,2019,고용노동부,5.12482E+11,8.17916E+11,1.13805E+12,1.00832E+12,1.90405E+11,8.17916E+11,1.3304E+12
,172753230,172753230,0,재산수입,고용보험기금,2019,고용노동부,187170750,22126500,221242530,36544020,14417520,22126500,209297250
,1.34946E+11,1.34224E+11,722282100,경상이전수입,고용보험기금,2019,고용노동부,1.87701E+11,22788925950,1.8684E+11,75544131890,53477488040,22066643850,2.1049E+11
,41544940,41544940,0,재화및용역판매수입,고용보험기금,2019,고용노동부,55705620,51078020,49157030,65238700,14160680,51078020,106783640
,3.2249E+11,643387430,3.21847E+11,융자회수금,고용보험기금,2019,고용노동부,643387430,3.79361E+11,3.99733E+11,57514702600,0,57514702600,3.80005E+11
,0,0,0,예금및예탁금,고용보험기금,2019,고용노동부,0,5.26513E+11,4.00385E+11,5.26513E+11,0,5.26513E+11,5.26513E+11
,129915440,129915440,0,재산수입,임금채권보장기금,2019,고용노동부,607231890,0,462395760,477316450,477316450,0,607231890
,1.63667E+12,1.63667E+12,0,경상이전수입,임금채권보장기금,2019,고용노동부,2.0804E+12,22030440180,1.80785E+12,4.65767E+11,4.43737E+11,22030440180,2.10243E+12
,21382270440,6434000110,14948270330,융자회수금,임금채권보장기금,2019,고용노동부,6434000110,32916723670,26637601780,17968453340,0,17968453340,39350723780
,0,0,0,예금및예탁금,임금채권보장기금,2019,고용노동부,0,26066126439,16203182255,26066126439,0,26066126439,26066126439
,0,0,0,재산수입,일반회계,2019,통일부,18115220,0,3256400,18115220,18115220,0,18115220
,171303380,171303380,0,경상이전수입,일반회계,2019,통일부,205702380,486000,172069180,34885000,34399000,486000,206188380
,0,0,0,재화및용역판매수입,일반회계,2019,통일부,0,0,0,0,0,0,0
,0,0,0,재산수입,남북협력기금,2019,통일부,1034220140,0,1100349630,1034220140,1034220140,0,1034220140
,0,0,0,경상이전수입,남북협력기금,2019,통일부,0,0,0,0,0,0,0
,0,0,0,재화및용역판매수입,남북협력기금,2019,통일부,0,0,0,0,0,0,0
,2.75793E+12,2.0343E+11,2.5545E+12,융자회수금,남북협력기금,2019,통일부,2.59675E+11,2.55708E+12,2.78831E+12,58818936489,56244936489,2574000000,2.81675E+12
,50295331730,50295331730,0,기타수입,남북협력기금,2019,통일부,50295331730,0,50349319300,0,0,0,50295331730
,0,0,0,예금및예탁금,남북협력기금,2019,통일부,0,54281621996,66222974575,54281621996,0,54281621996,54281621996
,12233450,12233450,0,재산수입,일반회계,2019,법제처,12233450,0,12233450,0,0,0,12233450
,72351060,72351060,0,경상이전수입,일반회계,2019,법제처,72351060,0,72351060,0,0,0,72351060
,0,0,0,재화및용역판매수입,일반회계,2019,법제처,0,0,0,0,0,0,0
,14330,14330,0,재산수입,일반회계,2019,국가보훈부,1216370,278650,16654180,1480690,1202040,278650,1495020
,3078787650,3078787650,0,경상이전수입,일반회계,2019,국가보훈부,3294215410,12577130,3799572240,228004890,215427760,12577130,3306792540
,0,0,0,재화및용역판매수입,일반회계,2019,국가보훈부,0,0,0,0,0,0,0
,0,0,0,관유물매각대,일반회계,2019,국가보훈부,0,0,0,0,0,0,0
,195450000,9300000,186150000,기타수입,일반회계,2019,국가보훈부,9300000,186150000,237190000,0,0,0,195450000
투자계정,303130,303130,0,재산수입,에너지및자원사업특별회계,2019,국가보훈부,303130,0,303130,0,0,0,303130
투자계정,7090,7090,0,경상이전수입,에너지및자원사업특별회계,2019,국가보훈부,118580,0,139080,111490,111490,0,118580
제주특별자치도계정,0,0,0,재산수입,지역균형발전특별회계,2019,국가보훈부,0,0,0,0,0,0,0
제주특별자치도계정,0,0,0,경상이전수입,지역균형발전특별회계,2019,국가보훈부,0,0,0,0,0,0,0
,0,0,0,재산수입,순국선열애국지사사업기금,2019,국가보훈부,0,0,0,0,0,0,0
,6174910,6174910,0,경상이전수입,순국선열애국지사사업기금,2019,국가보훈부,13881260,0,8781260,7706350,7706350,0,13881260
,0,0,0,재화및용역판매수입,순국선열애국지사사업기금,2019,국가보훈부,0,0,0,0,0,0,0
,0,0,0,관유물매각대,순국선열애국지사사업기금,2019,국가보훈부,0,0,0,0,0,0,0
,0,0,0,예금및예탁금,순국선열애국지사사업기금,2019,국가보훈부,0,7637119085,278255009,7637119085,0,7637119085,7637119085
국가유공자지원자금,1536613790,1536613790,0,재산수입,보훈기금,2019,국가보훈부,1833513230,39210,1781215400,296938650,296899440,39210,1833552440
국가유공자지원자금,0,0,0,경상이전수입,보훈기금,2019,국가보훈부,527360,0,0,527360,527360,0,527360
국가유공자지원자금,0,0,0,관유물매각대,보훈기금,2019,국가보훈부,0,0,0,0,0,0,0
국가유공자지원자금,63374589990,7500372400,55874217590,융자회수금,보훈기금,2019,국가보훈부,9461868450,76448667810,90193604640,22535946270,1961496050,20574450220,85910536260
국가유공자지원자금,0,0,0,예금및예탁금,보훈기금,2019,국가보훈부,0,5760122852,11277020778,5760122852,0,5760122852,5760122852
참전유공자·제대군인지원자금,1189416660,1189416660,0,재산수입,보훈기금,2019,국가보훈부,1353496700,0,1328153380,164080040,164080040,0,1353496700
참전유공자·제대군인지원자금,0,0,0,경상이전수입,보훈기금,2019,국가보훈부,222000,0,0,222000,222000,0,222000
참전유공자·제대군인지원자금,7640061630,2812113690,4827947940,융자회수금,보훈기금,2019,국가보훈부,3132798880,6445551320,10274293350,1938288570,320685190,1617603380,9578350200
5·18 민주유공자지원자금,190045910,190045910,0,재산수입,보훈기금,2019,국가보훈부,206414850,0,195655240,16368940,16368940,0,206414850
5·18 민주유공자지원자금,1352949720,645786300,707163420,융자회수금,보훈기금,2019,국가보훈부,696553120,802203830,1620309520,145807230,50766820,95040410,1498756950
특수임무유공자지원자금,66691540,66691540,0,재산수입,보훈기금,2019,국가보훈부,75716750,0,77716150,9025210,9025210,0,75716750
특수임무유공자지원자금,750773850,282930110,467843740,융자회수금,보훈기금,2019,국가보훈부,344097290,513463060,850605580,106786500,61167180,45619320,857560350
,1377055550,1376760850,294700,재산수입,일반회계,2019,산림청,1674061400,5915474990,1918554480,6212480840,297300550,5915180290,7589536390
,10770381710,10738252390,32129320,경상이전수입,일반회계,2019,산림청,15699660370,926464280,15044916240,5855742940,4961407980,894334960,16626124650
,129361570,129361570,0,재화및용역판매수입,일반회계,2019,산림청,200419470,13051540,194200910,84109440,71057900,13051540,213471010
,514827110,514827110,0,관유물매각대,일반회계,2019,산림청,514827110,1238778560,5054567200,1238778560,0,1238778560,1753605670
,0,0,0,기타수입,일반회계,2019,산림청,0,0,50000000,0,0,0,0
임업진흥사업계정,121090200,121090200,0,재산수입,농어촌구조개선특별회계,2019,산림청,285487150,99414610,295093740,263811560,164396950,99414610,384901760
임업진흥사업계정,20458516350,20280976620,177539730,경상이전수입,농어촌구조개선특별회계,2019,산림청,37051210940,13261589450,49421976740,29854284040,16770234320,13084049720,50312800390
임업진흥사업계정,0,0,0,재화및용역판매수입,농어촌구조개선특별회계,2019,산림청,0,0,2267860,0,0,0,0
임업진흥사업계정,0,0,0,관유물매각대,농어촌구조개선특별회계,2019,산림청,360229940,763242200,1480414330,1123472140,360229940,763242200,1123472140
임업진흥사업계정,3.35784E+11,0,3.35784E+11,융자회수금,농어촌구조개선특별회계,2019,산림청,0,3.99323E+11,3.7844E+11,63539574000,0,63539574000,3.99323E+11
지역자율계정,0,0,0,재산수입,지역균형발전특별회계,2019,산림청,0,0,0,0,0,0,0
지역자율계정,64143120,64143120,0,경상이전수입,지역균형발전특별회계,2019,산림청,165628660,0,176945830,101485540,101485540,0,165628660
자본계정,0,0,0,경상이전수입,국립자연휴양림관리소,2019,산림청,0,0,0,0,0,0,0
자본계정,0,0,0,관유물매각대,국립자연휴양림관리소,2019,산림청,0,0,0,0,0,0,0
손익계정,0,0,0,재산수입,국립자연휴양림관리소,2019,산림청,0,0,0,0,0,0,0
손익계정,0,0,0,경상이전수입,국립자연휴양림관리소,2019,산림청,0,0,0,0,0,0,0
손익계정,0,0,0,재화및용역판매수입,국립자연휴양림관리소,2019,산림청,0,0,0,0,0,0,0
,2.7208E+13,2.66565E+13,5.51553E+11,내국세,일반회계,2019,국세청,3.43246E+13,5.85069E+12,3.68694E+13,1.29672E+13,7.66809E+12,5.29914E+12,4.01753E+13
,14714240,14714240,0,방위세,일반회계,2019,국세청,14714240,0,20971820,0,0,0,14714240
,30084381500,30084381500,0,교통·에너지·환경세,일반회계,2019,국세청,30997001100,1581173010,37140420520,2493792610,912619600,1581173010,32578174110
,26902435050,26901474300,960750,교육세,일반회계,2019,국세청,43973196740,5137203480,36105820840,22207965170,17071722440,5136242730,49110400220
,47235662850,46056018870,1179643980,농어촌특별세,일반회계,2019,국세청,77864908190,84171173750,1.21035E+11,1.148E+11,31808889320,82991529770,1.62036E+11
,3.75529E+12,3.75529E+12,2506160,경상이전수입,일반회계,2019,국세청,4.15868E+12,1434271560,3.9319E+12,4.04824E+11,4.03393E+11,1431765400,4.16012E+12
,3600000,0,3600000,기타수입,일반회계,2019,국세청,0,3600000,3600000,0,0,0,3600000
,2.55587E+11,2.49689E+11,5898449310,종합부동산세,일반회계,2019,국세청,3.98924E+11,4.25995E+11,6.04179E+11,5.69333E+11,1.49236E+11,4.20097E+11,8.2492E+11
,82083251410,82074810360,8441050,내국세,일반회계,2019,관세청,90388898750,1.89542E+12,2.75715E+12,1.90373E+12,8314088390,1.89542E+12,1.98581E+12
,5.13104E+11,5.12836E+11,268833130,관세,일반회계,2019,관세청,5.31881E+11,3.02523E+11,1.0207E+12,3.21299E+11,19044966200,3.02254E+11,8.34403E+11
,46182590,46182590,0,방위세,일반회계,2019,관세청,46182590,0,55609950,0,0,0,46182590
,1877478420,1877478420,0,교통·에너지·환경세,일반회계,2019,관세청,1877478420,71689360,4542611030,71689360,0,71689360,1949167780
,5713656340,5713656340,0,교육세,일반회계,2019,관세청,5806138630,12286934930,16674012360,12379417220,92482290,12286934930,18093073560
,40811150,40811150,0,농어촌특별세,일반회계,2019,관세청,40913470,968567310,1068345350,968669630,102320,968567310,1009480780
,0,0,0,재산수입,일반회계,2019,관세청,0,0,0,0,0,0,0
,4.11321E+11,4.11321E+11,0,경상이전수입,일반회계,2019,관세청,4.13565E+11,37876770,4.0972E+11,2282276270,2244399500,37876770,4.13603E+11
,42484560,42484560,0,재화및용역판매수입,일반회계,2019,관세청,73939400,679400,72723730,32134240,31454840,679400,74618800
,0,0,0,관유물매각대,일반회계,2019,관세청,0,0,0,0,0,0,0
,0,0,0,기타수입,일반회계,2019,관세청,0,0,0,0,0,0,0
,0,0,0,재산수입,일반회계,2019,병무청,0,0,0,0,0,0,0
,0,0,0,경상이전수입,일반회계,2019,병무청,1310030300,0,0,1310030300,1310030300,0,1310030300
,0,0,0,재화및용역판매수입,일반회계,2019,병무청,0,0,0,0,0,0,0
,0,0,0,관유물매각대,일반회계,2019,병무청,0,0,0,0,0,0,0
,0,0,0,융자회수금,일반회계,2019,병무청,0,0,0,0,0,0,0
,0,0,0,재산수입,일반회계,2019,농촌진흥청,0,0,0,0,0,0,0
,11509310,11509310,0,경상이전수입,일반회계,2019,농촌진흥청,11509310,522210,11509310,522210,0,522210,12031520
,0,0,0,재화및용역판매수입,일반회계,2019,농촌진흥청,5000000,720000,515070,5720000,5000000,720000,5720000
,0,0,0,관유물매각대,일반회계,2019,농촌진흥청,0,0,0,0,0,0,0
,120000,0,120000,기타수입,일반회계,2019,농촌진흥청,0,120000,120000,0,0,0,120000
구조개선사업계정,0,0,0,재산수입,농어촌구조개선특별회계,2019,농촌진흥청,0,0,0,0,0,0,0
구조개선사업계정,0,0,0,경상이전수입,농어촌구조개선특별회계,2019,농촌진흥청,0,0,0,0,0,0,0
구조개선사업계정,0,0,0,관유물매각대,농어촌구조개선특별회계,2019,농촌진흥청,0,0,0,0,0,0,0
구조개선사업계정,4399717000,0,4399717000,융자회수금,농어촌구조개선특별회계,2019,농촌진흥청,0,4399717000,5420333710,0,0,0,4399717000
,0,0,0,재산수입,혁신도시건설특별회계,2019,농촌진흥청,0,0,0,0,0,0,0
,0,0,0,관유물매각대,혁신도시건설특별회계,2019,농촌진흥청,0,3427726150,0,3427726150,0,3427726150,3427726150
지역자율계정,0,0,0,재산수입,지역균형발전특별회계,2019,농촌진흥청,0,0,0,0,0,0,0
지역자율계정,0,0,0,경상이전수입,지역균형발전특별회계,2019,농촌진흥청,0,0,0,0,0,0,0
지역지원계정,0,0,0,재산수입,지역균형발전특별회계,2019,농촌진흥청,0,0,0,0,0,0,0
지역지원계정,0,0,0,경상이전수입,지역균형발전특별회계,2019,농촌진흥청,0,0,0,0,0,0,0
제주특별자치도계정,0,0,0,재산수입,지역균형발전특별회계,2019,농촌진흥청,0,0,0,0,0,0,0
제주특별자치도계정,0,0,0,경상이전수입,지역균형발전특별회계,2019,농촌진흥청,0,0,0,0,0,0,0
세종특별자치시계정,0,0,0,경상이전수입,지역균형발전특별회계,2019,농촌진흥청,0,0,0,0,0,0,0
손익계정,0,0,0,재산수입,특허청,2019,특허청,0,0,0,0,0,0,0
손익계정,0,0,0,경상이전수입,특허청,2019,특허청,0,0,0,0,0,0,0
손익계정,0,0,0,재화및용역판매수입,특허청,2019,특허청,0,0,0,0,0,0,0
손익계정,0,0,0,관유물매각대,특허청,2019,특허청,0,0,0,0,0,0,0
손익계정,23163565500,0,23163565500,융자회수금,특허청,2019,특허청,0,23163565500,23163565500,0,0,0,23163565500
손익계정,5530040,0,5530040,기타수입,특허청,2019,특허청,0,5530040,5268530,0,0,0,5530040
자본계정,41064063410,41007068760,56994650,관유물매각대,조달특별회계,2019,조달청,53889249980,2.11944E+11,2.73928E+11,2.24769E+11,12882181220,2.11887E+11,2.65833E+11
손익계정,93484200,93484200,0,재산수입,조달특별회계,2019,조달청,93747730,0,121953030,263530,263530,0,93747730
손익계정,0,0,0,경상이전수입,조달특별회계,2019,조달청,0,9724690,0,9724690,0,9724690,9724690
손익계정,97915980,97915980,0,재화및용역판매수입,조달특별회계,2019,조달청,427734190,1016966660,1337063310,1346784870,329818210,1016966660,1444700850
손익계정,3623534156,0,3623534156,융자회수금,조달특별회계,2019,조달청,0,3623534156,3623534156,0,0,0,3623534156
손익계정,48415350,0,48415350,기타수입,조달특별회계,2019,조달청,0,48415350,48415350,0,0,0,48415350
,3168050,3168050,0,재산수입,일반회계,2019,환경부,3291550,45700,3168050,169200,123500,45700,3337250
,6572100,6572100,0,경상이전수입,일반회계,2019,환경부,6889960,0,127430820,317860,317860,0,6889960
,0,0,0,재화및용역판매수입,일반회계,2019,환경부,0,0,0,0,0,0,0
,0,0,0,관유물매각대,일반회계,2019,환경부,0,0,0,0,0,0,0
농어촌특별세사업계정,212680,212680,0,재산수입,농어촌구조개선특별회계,2019,환경부,212680,0,212680,0,0,0,212680
농어촌특별세사업계정,621268270,621268270,0,경상이전수입,농어촌구조개선특별회계,2019,환경부,621268270,0,621268270,0,0,0,621268270
투자계정,29049170,29049170,0,재산수입,에너지및자원사업특별회계,2019,환경부,703552260,575828720,77327480,1250331810,674503090,575828720,1279380980
투자계정,5834340,5834340,0,경상이전수입,에너지및자원사업특별회계,2019,환경부,387045860,8709735500,1069965520,9090947020,381211520,8709735500,9096781360
투자계정,0,0,0,관유물매각대,에너지및자원사업특별회계,2019,환경부,0,0,0,0,0,0,0
투자계정,0,0,0,융자회수금,에너지및자원사업특별회계,2019,환경부,0,987000000,0,987000000,0,987000000,987000000
,208287140,208287140,0,재산수입,환경개선특별회계,2019,환경부,971238750,305333870,2446362050,1068285480,762951610,305333870,1276572620
,6.94E+11,6.9362E+11,379756510,경상이전수입,환경개선특별회계,2019,환경부,8.4149E+11,10562699390,8.48641E+11,1.58053E+11,1.4787E+11,10182942880,8.52053E+11
,0,0,0,재화및용역판매수입,환경개선특별회계,2019,환경부,25000,0,0,25000,25000,0,25000
,0,0,0,관유물매각대,환경개선특별회계,2019,환경부,0,0,3864320,0,0,0,0
,5.07472E+11,2196250000,5.05276E+11,융자회수금,환경개선특별회계,2019,환경부,2196250000,6.33433E+11,6.72011E+11,1.28157E+11,0,1.28157E+11,6.35629E+11
,300000,0,300000,기타수입,환경개선특별회계,2019,환경부,0,300000,300000,0,0,0,300000
지역자율계정,193420,193420,0,재산수입,지역균형발전특별회계,2019,환경부,193420,40849560,418690,40849560,0,40849560,41042980
지역자율계정,6271540,6271540,0,경상이전수입,지역균형발전특별회계,2019,환경부,6271540,360956440,20768140,360956440,0,360956440,367227980
지역지원계정,12060,12060,0,재산수입,지역균형발전특별회계,2019,환경부,12060,0,12060,0,0,0,12060
지역지원계정,282000,282000,0,경상이전수입,지역균형발전특별회계,2019,환경부,282000,0,282000,0,0,0,282000
지역지원계정,1862000000,0,1862000000,융자회수금,지역균형발전특별회계,2019,환경부,0,5868000000,1862000000,4006000000,0,4006000000,5868000000
제주특별자치도계정,0,0,0,재산수입,지역균형발전특별회계,2019,환경부,0,0,0,0,0,0,0
제주특별자치도계정,0,0,0,경상이전수입,지역균형발전특별회계,2019,환경부,0,0,0,0,0,0,0
세종특별자치시계정,7542790,7542790,0,재산수입,지역균형발전특별회계,2019,환경부,7542790,0,7582150,0,0,0,7542790
세종특별자치시계정,0,0,0,경상이전수입,지역균형발전특별회계,2019,환경부,0,0,0,0,0,0,0
,0,0,0,재산수입,석면피해구제기금,2019,환경부,0,0,0,0,0,0,0
,454541530,454541530,0,경상이전수입,석면피해구제기금,2019,환경부,660065670,845945070,1515490180,1051469210,205524140,845945070,1506010740
,0,0,0,예금및예탁금,석면피해구제기금,2019,환경부,0,5022589226,2995644867,5022589226,0,5022589226,5022589226
,0,0,0,재산수입,일반회계,2019,통계청,0,0,0,0,0,0,0
,66311250,58333420,7977830,경상이전수입,일반회계,2019,통계청,58346730,7977830,68657670,13310,13310,0,66324560
,0,0,0,재화및용역판매수입,일반회계,2019,통계청,0,0,617460,0,0,0,0
,0,0,0,관유물매각대,일반회계,2019,통계청,0,0,0,0,0,0,0
,1009070,1009070,0,재산수입,일반회계,2019,기상청,47719050,4731440,1009070,51441420,46709980,4731440,52450490
,14317801640,14317801640,0,경상이전수입,일반회계,2019,기상청,14317801640,1100,14328963970,1100,0,1100,14317802740
,0,0,0,재화및용역판매수입,일반회계,2019,기상청,0,0,2461000,0,0,0,0
,0,0,0,관유물매각대,일반회계,2019,기상청,0,0,0,0,0,0,0
,50000000,0,50000000,기타수입,일반회계,2019,기상청,0,50000000,50000000,0,0,0,50000000
,39693560,17181460,22512100,재산수입,일반회계,2019,경찰청,84504790,29972090,175120310,74783320,67323330,7459990,114476880
,1.12352E+11,1.1194E+11,412412050,경상이전수입,일반회계,2019,경찰청,1.3073E+11,1723392460,1.25184E+11,20100972600,18789992190,1310980410,1.32453E+11
,14043410,14043410,0,재화및용역판매수입,일반회계,2019,경찰청,15045310,3950,17902530,1005850,1001900,3950,15049260
,676000,676000,0,관유물매각대,일반회계,2019,경찰청,7876000,626000,4188000,7826000,7200000,626000,8502000
,234500000,86140000,148360000,기타수입,일반회계,2019,경찰청,86140000,805660000,1147595000,657300000,0,657300000,891800000
손익계정,0,0,0,재산수입,경찰병원,2019,경찰청,0,0,0,0,0,0,0
손익계정,0,0,0,경상이전수입,경찰병원,2019,경찰청,0,0,0,0,0,0,0
손익계정,22393740,22393740,0,재화및용역판매수입,경찰병원,2019,경찰청,22393740,0,23707490,0,0,0,22393740
손익계정,0,0,0,관유물매각대,경찰병원,2019,경찰청,0,0,0,0,0,0,0
,13640,13640,0,재산수입,일반회계,2019,공정거래위원회,51640,2910,8653660,40910,38000,2910,54550
,455318940,455318940,0,경상이전수입,일반회계,2019,공정거래위원회,518039970,18786120,472114210,81507150,62721030,18786120,536826090
,0,0,0,재화및용역판매수입,일반회계,2019,공정거래위원회,0,0,266660,0,0,0,0
,0,0,0,기타수입,일반회계,2019,공정거래위원회,0,0,5685200,0,0,0,0
,0,0,0,경상이전수입,일반회계,2019,민주평화통일자문회의,0,0,0,0,0,0,0
,0,0,0,관유물매각대,일반회계,2019,민주평화통일자문회의,0,0,0,0,0,0,0
,227152400,227152400,0,재산수입,일반회계,2019,문화재청,1005342830,859939800,1316464540,1638130230,778190430,859939800,1865282630
,3551070040,3551070040,0,경상이전수입,일반회계,2019,문화재청,8412672130,806910,5071826600,4862409000,4861602090,806910,8413479040
,70054600,70054600,0,재화및용역판매수입,일반회계,2019,문화재청,70101400,0,70194600,46800,46800,0,70101400
,0,0,0,관유물매각대,일반회계,2019,문화재청,0,0,0,0,0,0,0
,0,0,0,기타수입,일반회계,2019,문화재청,0,25000000,27000000,25000000,0,25000000,25000000
지역자율계정,0,0,0,재산수입,지역균형발전특별회계,2019,문화재청,37465710,0,0,37465710,37465710,0,37465710
지역자율계정,0,0,0,경상이전수입,지역균형발전특별회계,2019,문화재청,146097140,0,92299290,146097140,146097140,0,146097140
,2704780,2704780,0,재산수입,문화재보호기금,2019,문화재청,8984920,510,18272030,6280650,6280140,510,8985430
,537511370,537511370,0,경상이전수입,문화재보호기금,2019,문화재청,2109610680,996160,1282508810,1573095470,1572099310,996160,2110606840
,2149100,2149100,0,재화및용역판매수입,문화재보호기금,2019,문화재청,2149100,0,2149100,0,0,0,2149100
,8489882312,0,8489882312,예금및예탁금,문화재보호기금,2019,문화재청,0,19489882312,19005561142,11000000000,0,11000000000,19489882312
,0,0,0,재산수입,일반회계,2019,국가인권위원회,0,0,0,0,0,0,0
,0,0,0,경상이전수입,일반회계,2019,국가인권위원회,0,0,1514750,0,0,0,0
,0,0,0,재화및용역판매수입,일반회계,2019,국가인권위원회,0,0,0,0,0,0,0
,156000000,0,156000000,기타수입,일반회계,2019,국가인권위원회,0,241026000,156000000,85026000,0,85026000,241026000
,2498410,2498410,0,재산수입,일반회계,2019,방위사업청,2830140,12756910,25252060,13088640,331730,12756910,15587050
,3.11206E+11,3.10681E+11,524151460,경상이전수입,일반회계,2019,방위사업청,3.18974E+11,23094226270,5.36738E+11,30862878330,8292803520,22570074810,3.42068E+11
,3137411000,0,3137411000,융자회수금,일반회계,2019,방위사업청,0,3137411000,3233981000,0,0,0,3137411000
,0,0,0,재산수입,행정중심복합도시건설특별회계,2019,행정중심복합도시건설청,0,0,0,0,0,0,0
,13692420,13692420,0,경상이전수입,행정중심복합도시건설특별회계,2019,행정중심복합도시건설청,14280460,0,23000140,588040,588040,0,14280460
,0,0,0,재화및용역판매수입,행정중심복합도시건설특별회계,2019,행정중심복합도시건설청,0,0,0,0,0,0,0
,339688690,339688690,0,방위세,일반회계,2019,기획재정부,340168910,0,341193690,480220,480220,0,340168910
,2271398126,2271398126,0,교육세,일반회계,2019,기획재정부,2474832846,0,2991081276,203434720,203434720,0,2474832846
,4812601540,4812601540,0,농어촌특별세,일반회계,2019,기획재정부,20538792510,0,21766386370,15726190970,15726190970,0,20538792510
,0,0,0,재산수입,일반회계,2019,기획재정부,0,49353398750,53391828080,49353398750,0,49353398750,49353398750
,0,0,0,경상이전수입,일반회계,2019,기획재정부,0,2.22601E+11,1.92363E+11,2.22601E+11,0,2.22601E+11,2.22601E+11
,0,0,0,재화및용역판매수입,일반회계,2019,기획재정부,0,0,0,0,0,0,0
,0,0,0,관유물매각대,일반회계,2019,기획재정부,57324712290,4.35182E+11,3.35401E+11,4.92507E+11,57324712290,4.35182E+11,4.92507E+11
,0,0,0,예금및예탁금,일반회계,2019,기획재정부,0,2237997331,1696951876,2237997331,0,2237997331,2237997331
,0,0,0,재산수입,국유재산관리기금,2019,기획재정부,0,0,0,0,0,0,0
,0,0,0,경상이전수입,국유재산관리기금,2019,기획재정부,0,0,0,0,0,0,0
,0,0,0,관유물매각대,국유재산관리기금,2019,기획재정부,0,0,0,0,0,0,0
,0,0,0,예금및예탁금,국유재산관리기금,2019,기획재정부,0,2.37075E+11,5.96003E+11,2.37075E+11,0,2.37075E+11,2.37075E+11
,901211920,901211920,0,재산수입,대외경제협력기금,2019,기획재정부,1185460150,0,901211920,284248230,284248230,0,1185460150
,6.8738E+12,6653613830,6.86715E+12,융자회수금,대외경제협력기금,2019,기획재정부,6653613830,7.91893E+12,7.04941E+12,1.05178E+12,0,1.05178E+12,7.92558E+12
,0,0,0,예금및예탁금,대외경제협력기금,2019,기획재정부,0,27831197974,14271230181,27831197974,0,27831197974,27831197974
총괄계정,4.12216E+11,0,4.12216E+11,재산수입,공공자금관리기금,2019,기획재정부,0,4.12216E+11,4.64461E+11,0,0,0,4.12216E+11
총괄계정,0,0,0,융자회수금,공공자금관리기금,2019,기획재정부,0,67000000000,0,67000000000,0,67000000000,67000000000
총괄계정,0,0,0,예금및예탁금,공공자금관리기금,2019,기획재정부,0,1.69717E+11,2.59351E+12,1.69717E+11,0,1.69717E+11,1.69717E+11
융자계정,0,0,0,재산수입,공공자금관리기금,2019,기획재정부,0,0,0,0,0,0,0
융자계정,7.67264E+11,0,7.67264E+11,융자회수금,공공자금관리기금,2019,기획재정부,0,7.69472E+11,9.50512E+11,2208284760,0,2208284760,7.69472E+11
융자계정,0,0,0,예금및예탁금,공공자금관리기금,2019,기획재정부,0,2.89811E+11,3.44371E+11,2.89811E+11,0,2.89811E+11,2.89811E+11
차관계정,0,0,0,재산수입,공공자금관리기금,2019,기획재정부,0,0,0,0,0,0,0
차관계정,0,0,0,예금및예탁금,공공자금관리기금,2019,기획재정부,0,1.00304E+11,91016981735,1.00304E+11,0,1.00304E+11,1.00304E+11
,1.12736E+14,0,1.12736E+14,예금및예탁금,외국환평형기금,2019,기획재정부,0,1.32901E+14,1.12736E+14,2.01645E+13,0,2.01645E+13,1.32901E+14
,2066120,2066120,0,재산수입,복권기금,2019,기획재정부,2593630,147220,2890360,674730,527510,147220,2740850
,67034430,67034430,0,경상이전수입,복권기금,2019,기획재정부,1075886640,129767640,2809181170,1138619850,1008852210,129767640,1205654280
,0,0,0,재화및용역판매수입,복권기금,2019,기획재정부,0,0,0,0,0,0,0
,3.27542E+11,0,3.27542E+11,예금및예탁금,복권기금,2019,기획재정부,0,3.27542E+11,2.69973E+11,0,0,0,3.27542E+11
,60549400,60549400,0,재산수입,일반회계,2019,문화체육관광부,81209060,17125100,151035310,37784760,20659660,17125100,98334160
,9106811690,9106811690,0,경상이전수입,일반회계,2019,문화체육관광부,19515296970,183749610,10340463660,10592234890,10408485280,183749610,19699046580
,69562100,69562100,0,재화및용역판매수입,일반회계,2019,문화체육관광부,82580420,4409840,150689950,17428160,13018320,4409840,86990260
,0,0,0,관유물매각대,일반회계,2019,문화체육관광부,0,0,0,0,0,0,0
,18450000,0,18450000,기타수입,일반회계,2019,문화체육관광부,0,18450000,18450000,0,0,0,18450000
,15362851,0,15362851,예금및예탁금,일반회계,2019,문화체육관광부,0,15362851,15362851,0,0,0,15362851
,0,0,0,재산수입,아시아문화중심도시조성특별회계,2019,문화체육관광부,30340,0,588910,30340,30340,0,30340
,15721440,15721440,0,경상이전수입,아시아문화중심도시조성특별회계,2019,문화체육관광부,15771440,0,15975720,50000,50000,0,15771440
,0,0,0,재화및용역판매수입,아시아문화중심도시조성특별회계,2019,문화체육관광부,0,0,0,0,0,0,0
,100000000,0,100000000,기타수입,아시아문화중심도시조성특별회계,2019,문화체육관광부,0,100000000,100000000,0,0,0,100000000
지역자율계정,14499530,14499530,0,재산수입,지역균형발전특별회계,2019,문화체육관광부,16035230,56872770,36858550,58408470,1535700,56872770,72908000
지역자율계정,5160579530,5160579530,0,경상이전수입,지역균형발전특별회계,2019,문화체육관광부,5855723200,85609690,5305888230,780753360,695143670,85609690,5941332890
지역지원계정,5226360,5226360,0,재산수입,지역균형발전특별회계,2019,문화체육관광부,6883330,0,26023630,1656970,1656970,0,6883330
지역지원계정,89088740,89088740,0,경상이전수입,지역균형발전특별회계,2019,문화체육관광부,389088740,0,1908167780,300000000,300000000,0,389088740
제주특별자치도계정,1023110,1023110,0,재산수입,지역균형발전특별회계,2019,문화체육관광부,1023110,0,1023110,0,0,0,1023110
제주특별자치도계정,0,0,0,경상이전수입,지역균형발전특별회계,2019,문화체육관광부,0,0,0,0,0,0,0
세종특별자치시계정,128740,128740,0,재산수입,지역균형발전특별회계,2019,문화체육관광부,128740,0,128740,0,0,0,128740
세종특별자치시계정,6005500,6005500,0,경상이전수입,지역균형발전특별회계,2019,문화체육관광부,6005500,0,6005500,0,0,0,6005500
,115988090,115988090,0,재산수입,관광진흥개발기금,2019,문화체육관광부,130207040,13127480,258629460,27346430,14218950,13127480,143334520
,1247187530,1247187530,0,경상이전수입,관광진흥개발기금,2019,문화체육관광부,1603695200,408681300,1557324110,765188970,356507670,408681300,2012376500
,2.26182E+12,0,2.26182E+12,융자회수금,관광진흥개발기금,2019,문화체육관광부,0,2.57832E+12,2.6654E+12,3.16495E+11,0,3.16495E+11,2.57832E+12
,78900896,0,78900896,예금및예탁금,관광진흥개발기금,2019,문화체육관광부,0,21809746785,1.17626E+11,21730845889,0,21730845889,21809746785
,61896250,61896250,0,재산수입,지역신문발전기금,2019,문화체육관광부,61896250,0,61896250,0,0,0,61896250
,28234000,28234000,0,경상이전수입,지역신문발전기금,2019,문화체육관광부,28234000,0,28234000,0,0,0,28234000
,0,0,0,예금및예탁금,지역신문발전기금,2019,문화체육관광부,0,1188101605,1871563092,1188101605,0,1188101605,1188101605
,8789324040,8789324040,0,재산수입,일반회계,2019,보건복지부,10141041540,591158020,12027257740,1942875520,1351717500,591158020,10732199560
,6439891280,6439891280,0,경상이전수입,일반회계,2019,보건복지부,1.22599E+11,35558423190,1.04788E+11,1.51718E+11,1.16159E+11,35558423190,1.58157E+11
,0,0,0,재화및용역판매수입,일반회계,2019,보건복지부,117590,0,200000,117590,117590,0,117590
,0,0,0,관유물매각대,일반회계,2019,보건복지부,0,0,0,0,0,0,0
,23052519330,23052519330,0,융자회수금,일반회계,2019,보건복지부,23060921790,0,32291357960,8402460,8402460,0,23060921790
,20646089930,0,20646089930,기타수입,일반회계,2019,보건복지부,0,20646089930,20646089930,0,0,0,20646089930
농어촌특별세사업계정,0,0,0,재산수입,농어촌구조개선특별회계,2019,보건복지부,13722800,224530,2802770,13947330,13722800,224530,13947330
농어촌특별세사업계정,0,0,0,경상이전수입,농어촌구조개선특별회계,2019,보건복지부,10231210,9896430,4701880,20127640,10231210,9896430,20127640
농어촌특별세사업계정,8029210000,0,8029210000,융자회수금,농어촌구조개선특별회계,2019,보건복지부,0,8029210000,10716940000,0,0,0,8029210000
투자계정,2125377960,2125377960,0,경상이전수입,에너지및자원사업특별회계,2019,보건복지부,2125377960,0,2127094830,0,0,0,2125377960
지역자율계정,0,0,0,재산수입,지역균형발전특별회계,2019,보건복지부,273542180,129777490,11383310,403319670,273542180,129777490,403319670
지역자율계정,118169400,118169400,0,경상이전수입,지역균형발전특별회계,2019,보건복지부,6564218450,9564670,2039335360,6455613720,6446049050,9564670,6573783120
지역지원계정,0,0,0,재산수입,지역균형발전특별회계,2019,보건복지부,0,0,0,0,0,0,0
지역지원계정,0,0,0,경상이전수입,지역균형발전특별회계,2019,보건복지부,0,0,0,0,0,0,0
제주특별자치도계정,0,0,0,재산수입,지역균형발전특별회계,2019,보건복지부,0,0,0,0,0,0,0
제주특별자치도계정,0,0,0,경상이전수입,지역균형발전특별회계,2019,보건복지부,1797600,0,0,1797600,1797600,0,1797600
세종특별자치시계정,0,0,0,재산수입,지역균형발전특별회계,2019,보건복지부,5765120,0,0,5765120,5765120,0,5765120
세종특별자치시계정,0,0,0,경상이전수입,지역균형발전특별회계,2019,보건복지부,331273430,0,0,331273430,331273430,0,331273430
손익계정,5119320,5119320,0,재산수입,국립재활원,2019,보건복지부,5119320,0,5119320,0,0,0,5119320
손익계정,12497390,12497390,0,경상이전수입,국립재활원,2019,보건복지부,12497390,0,12497390,0,0,0,12497390
손익계정,2120950,1957130,163820,재화및용역판매수입,국립재활원,2019,보건복지부,1957130,781518220,503453350,781354400,0,781354400,783475350
손익계정,0,0,0,재산수입,국립목포병원,2019,보건복지부,0,0,0,0,0,0,0
손익계정,0,0,0,경상이전수입,국립목포병원,2019,보건복지부,0,0,0,0,0,0,0
손익계정,0,0,0,재화및용역판매수입,국립목포병원,2019,보건복지부,2029390,568473670,702257050,570503060,2029390,568473670,570503060
손익계정,0,0,0,재산수입,국립마산병원,2019,보건복지부,0,0,40057620,0,0,0,0
손익계정,0,0,0,경상이전수입,국립마산병원,2019,보건복지부,0,0,0,0,0,0,0
손익계정,0,0,0,재화및용역판매수입,국립마산병원,2019,보건복지부,337401780,228764040,898058470,566165820,337401780,228764040,566165820
손익계정,0,0,0,재산수입,국립정신건강센터,2019,보건복지부,0,0,0,0,0,0,0
손익계정,58000210,58000210,0,경상이전수입,국립정신건강센터,2019,보건복지부,58000210,0,58000210,0,0,0,58000210
손익계정,0,0,0,재화및용역판매수입,국립정신건강센터,2019,보건복지부,0,1482038270,1481026220,1482038270,0,1482038270,1482038270
손익계정,0,0,0,관유물매각대,국립정신건강센터,2019,보건복지부,0,0,0,0,0,0,0
손익계정,0,0,0,재산수입,국립나주병원,2019,보건복지부,0,0,0,0,0,0,0
손익계정,0,0,0,경상이전수입,국립나주병원,2019,보건복지부,0,0,0,0,0,0,0
손익계정,0,0,0,재화및용역판매수입,국립나주병원,2019,보건복지부,299813940,914577270,1483053890,1214391210,299813940,914577270,1214391210
손익계정,0,0,0,관유물매각대,국립나주병원,2019,보건복지부,0,0,0,0,0,0,0
손익계정,0,0,0,재산수입,국립부곡병원,2019,보건복지부,0,0,0,0,0,0,0
손익계정,0,0,0,경상이전수입,국립부곡병원,2019,보건복지부,0,0,0,0,0,0,0
손익계정,0,0,0,재화및용역판매수입,국립부곡병원,2019,보건복지부,0,745992930,755809020,745992930,0,745992930,745992930
손익계정,0,0,0,재산수입,국립춘천병원,2019,보건복지부,0,0,0,0,0,0,0
손익계정,0,0,0,경상이전수입,국립춘천병원,2019,보건복지부,0,0,0,0,0,0,0
손익계정,0,0,0,재화및용역판매수입,국립춘천병원,2019,보건복지부,0,967983230,999293140,967983230,0,967983230,967983230
손익계정,0,0,0,관유물매각대,국립춘천병원,2019,보건복지부,0,0,0,0,0,0,0
손익계정,0,0,0,재산수입,국립공주병원,2019,보건복지부,0,0,0,0,0,0,0
손익계정,0,0,0,경상이전수입,국립공주병원,2019,보건복지부,0,0,2355360,0,0,0,0
손익계정,0,0,0,재화및용역판매수입,국립공주병원,2019,보건복지부,725520,547332380,678903210,548057900,725520,547332380,548057900
손익계정,0,0,0,관유물매각대,국립공주병원,2019,보건복지부,0,0,0,0,0,0,0
,5.05072E+12,0,5.05072E+12,융자회수금,국민연금기금,2019,보건복지부,0,5.13144E+12,5.5454E+12,80722837738,0,80722837738,5.13144E+12
,0,0,0,예금및예탁금,국민연금기금,2019,보건복지부,0,1.42918E+13,9.39377E+12,1.42918E+13,0,1.42918E+13,1.42918E+13
국민건강증진계정,9474710,9474710,0,재산수입,국민건강증진기금,2019,보건복지부,219920680,18677600,16781940,229123570,210445970,18677600,238598280
국민건강증진계정,4607216700,4607216700,0,경상이전수입,국민건강증진기금,2019,보건복지부,34979491460,6300177110,33176583880,36672451870,30372274760,6300177110,41279668570
국민건강증진계정,0,0,0,예금및예탁금,국민건강증진기금,2019,보건복지부,0,28217147744,39251676803,28217147744,0,28217147744,28217147744
공공보건의료계정,0,0,0,재산수입,국민건강증진기금,2019,보건복지부,0,0,0,0,0,0,0
,6001770,6001770,0,재산수입,응급의료기금,2019,보건복지부,18732380,3974960,46673580,16705570,12730610,3974960,22707340
,1929286660,1929286660,0,경상이전수입,응급의료기금,2019,보건복지부,2216071160,92783630,2877612290,379568130,286784500,92783630,2308854790
,73108362350,0,73108362350,융자회수금,응급의료기금,2019,보건복지부,0,73108362350,1.9709E+11,0,0,0,73108362350
,0,0,0,예금및예탁금,응급의료기금,2019,보건복지부,0,58354953303,42247716538,58354953303,0,58354953303,58354953303
,996690,996690,0,재산수입,일반회계,2019,여성가족부,172300010,116025920,244969180,287329240,171303320,116025920,288325930
,43067760,43067760,0,경상이전수입,일반회계,2019,여성가족부,1609908570,3194590140,791191100,4761430950,1566840810,3194590140,4804498710
,0,0,0,재화및용역판매수입,일반회계,2019,여성가족부,174930,0,165874500,174930,174930,0,174930
지역자율계정,0,0,0,재산수입,지역균형발전특별회계,2019,여성가족부,0,150400,2154720,150400,0,150400,150400
지역자율계정,0,0,0,경상이전수입,지역균형발전특별회계,2019,여성가족부,293446360,0,35949990,293446360,293446360,0,293446360
제주특별자치도계정,0,0,0,경상이전수입,지역균형발전특별회계,2019,여성가족부,0,0,32224330,0,0,0,0
세종특별자치시계정,0,0,0,경상이전수입,지역균형발전특별회계,2019,여성가족부,18416450,0,0,18416450,18416450,0,18416450
,1744590,1744590,0,재산수입,청소년육성기금,2019,여성가족부,89395210,12641930,13412130,100292550,87650620,12641930,102037140
,775296560,775296560,0,경상이전수입,청소년육성기금,2019,여성가족부,2061545520,46926730,1186632370,1333175690,1286248960,46926730,2108472250
,0,0,0,재화및용역판매수입,청소년육성기금,2019,여성가족부,0,0,0,0,0,0,0
,0,0,0,예금및예탁금,청소년육성기금,2019,여성가족부,0,20199415551,23898599888,20199415551,0,20199415551,20199415551
,5904080,5904080,0,재산수입,양성평등기금,2019,여성가족부,30263290,1065820,65162100,25425030,24359210,1065820,31329110
,713822020,713822020,0,경상이전수입,양성평등기금,2019,여성가족부,2993213340,67408020,3859417210,2346799340,2279391320,67408020,3060621360
,339819804,339819804,0,융자회수금,양성평등기금,2019,여성가족부,339819804,0,340849814,0,0,0,339819804
,10300000000,0,10300000000,예금및예탁금,양성평등기금,2019,여성가족부,0,20262222070,17274533999,9962222070,0,9962222070,20262222070
,0,0,0,재산수입,일반회계,2019,방송통신위원회,0,0,0,0,0,0,0
,16131117180,16128877180,2240000,경상이전수입,일반회계,2019,방송통신위원회,27764866990,65830280,16574428420,11699580090,11635989810,63590280,27830697270
,0,0,0,재화및용역판매수입,일반회계,2019,방송통신위원회,0,100000,0,100000,0,100000,100000
,40000000,0,40000000,기타수입,일반회계,2019,방송통신위원회,0,40000000,40000000,0,0,0,40000000
,0,0,0,재산수입,일반회계,2019,금융위원회,0,0,0,0,0,0,0
,2661880,2661880,0,경상이전수입,일반회계,2019,금융위원회,1828498260,1304960,2661880,1827141340,1825836380,1304960,1829803220
,0,0,0,재화및용역판매수입,일반회계,2019,금융위원회,0,0,0,0,0,0,0
,0,0,0,재산수입,농어가목돈마련저축장려기금,2019,금융위원회,0,0,0,0,0,0,0
,0,0,0,경상이전수입,농어가목돈마련저축장려기금,2019,금융위원회,0,0,0,0,0,0,0
,0,0,0,예금및예탁금,농어가목돈마련저축장려기금,2019,금융위원회,0,0,0,0,0,0,0
,0,0,0,재산수입,공적자금상환기금,2019,금융위원회,0,0,0,0,0,0,0
,0,0,0,경상이전수입,공적자금상환기금,2019,금융위원회,0,0,0,0,0,0,0
,0,0,0,예금및예탁금,공적자금상환기금,2019,금융위원회,0,0,43071568493,0,0,0,0
,16283000,16283000,0,경상이전수입,일반회계,2019,국민권익위원회,40979000,12870000,78569800,37566000,24696000,12870000,53849000
,0,0,0,재화및용역판매수입,일반회계,2019,국민권익위원회,0,0,0,0,0,0,0
,0,0,0,경상이전수입,일반회계,2019,원자력안전위원회,0,0,0,0,0,0,0
,0,0,0,재화및용역판매수입,일반회계,2019,원자력안전위원회,0,0,0,0,0,0,0
,159408060,159408060,0,재산수입,일반회계,2019,교육부,160371020,0,257981360,962960,962960,0,160371020
,1377942900,1377942900,0,경상이전수입,일반회계,2019,교육부,1512888450,0,2007616500,134945550,134945550,0,1512888450
,4529380,4529380,0,재화및용역판매수입,일반회계,2019,교육부,4529380,0,4529380,0,0,0,4529380
,0,0,0,관유물매각대,일반회계,2019,교육부,0,0,0,0,0,0,0
,7.54805E+11,0,7.54805E+11,융자회수금,일반회계,2019,교육부,0,7.54805E+11,7.54852E+11,0,0,0,7.54805E+11
,80042880,0,80042880,기타수입,일반회계,2019,교육부,0,80042880,100042880,0,0,0,80042880
지역지원계정,0,0,0,재산수입,지역균형발전특별회계,2019,교육부,0,0,0,0,0,0,0
지역지원계정,0,0,0,경상이전수입,지역균형발전특별회계,2019,교육부,0,0,0,0,0,0,0
,0,0,0,경상이전수입,유아교육지원특별회계,2019,교육부,0,0,0,0,0,0,0
,0,0,0,재산수입,일반회계,2019,외교부,0,505409900,10015350,505409900,0,505409900,505409900
,0,0,0,경상이전수입,일반회계,2019,외교부,534725260,0,0,534725260,534725260,0,534725260
,0,0,0,재화및용역판매수입,일반회계,2019,외교부,0,0,0,0,0,0,0
,5116465531,2430227944,2686237587,기타수입,일반회계,2019,외교부,2545698858,4425391810,5781125289,1854625137,115470914,1739154223,6971090668
,0,0,0,재산수입,국제질병퇴치기금,2019,외교부,0,0,0,0,0,0,0
,0,0,0,경상이전수입,국제질병퇴치기금,2019,외교부,0,0,0,0,0,0,0
,0,0,0,예금및예탁금,국제질병퇴치기금,2019,외교부,0,11134017693,0,11134017693,0,11134017693,11134017693
,179338970,179338970,0,재산수입,일반회계,2019,농림축산식품부,179338970,9960,191750370,9960,0,9960,179348930
,483510460,483510460,0,경상이전수입,일반회계,2019,농림축산식품부,749892920,5223440,1242605620,271605900,266382460,5223440,755116360
,305789580,305789580,0,재화및용역판매수입,일반회계,2019,농림축산식품부,512983060,30240250,464634730,237433730,207193480,30240250,543223310
,0,0,0,관유물매각대,일반회계,2019,농림축산식품부,0,10375000,0,10375000,0,10375000,10375000
,0,0,0,융자회수금,일반회계,2019,농림축산식품부,275890,0,0,275890,275890,0,275890
,449945000,0,449945000,기타수입,일반회계,2019,농림축산식품부,0,449945000,449945000,0,0,0,449945000
구조개선사업계정,10169190,10169190,0,재산수입,농어촌구조개선특별회계,2019,농림축산식품부,12048080,21040,21153400,1899930,1878890,21040,12069120
구조개선사업계정,274413500,274413500,0,경상이전수입,농어촌구조개선특별회계,2019,농림축산식품부,803034720,2373110,9179565290,530994330,528621220,2373110,805407830
구조개선사업계정,3118900,3118900,0,재화및용역판매수입,농어촌구조개선특별회계,2019,농림축산식품부,3118900,0,3118900,0,0,0,3118900
구조개선사업계정,0,0,0,관유물매각대,농어촌구조개선특별회계,2019,농림축산식품부,0,0,0,0,0,0,0
구조개선사업계정,2.66405E+11,0,2.66405E+11,융자회수금,농어촌구조개선특별회계,2019,농림축산식품부,0,2.78504E+11,3.5872E+11,12098843000,0,12098843000,2.78504E+11
농어촌특별세사업계정,2530,2530,0,재산수입,농어촌구조개선특별회계,2019,농림축산식품부,3260,0,77460,730,730,0,3260
농어촌특별세사업계정,123747500,123747500,0,경상이전수입,농어촌구조개선특별회계,2019,농림축산식품부,154197700,0,1266866550,30450200,30450200,0,154197700
농어촌특별세사업계정,22416139410,0,22416139410,융자회수금,농어촌구조개선특별회계,2019,농림축산식품부,0,22416139410,24494526600,0,0,0,22416139410
투자계정,0,0,0,재산수입,에너지및자원사업특별회계,2019,농림축산식품부,0,0,0,0,0,0,0
투자계정,0,0,0,경상이전수입,에너지및자원사업특별회계,2019,농림축산식품부,0,0,0,0,0,0,0
융자계정,0,0,0,재산수입,에너지및자원사업특별회계,2019,농림축산식품부,0,0,0,0,0,0,0
융자계정,22344770690,0,22344770690,융자회수금,에너지및자원사업특별회계,2019,농림축산식품부,0,31672751290,33751722580,9327980600,0,9327980600,31672751290
,0,0,0,재산수입,혁신도시건설특별회계,2019,농림축산식품부,0,0,0,0,0,0,0
지역자율계정,0,0,0,재산수입,지역균형발전특별회계,2019,농림축산식품부,7557670,0,0,7557670,7557670,0,7557670
지역자율계정,284739000,284739000,0,경상이전수입,지역균형발전특별회계,2019,농림축산식품부,1009253840,0,873237090,724514840,724514840,0,1009253840
지역지원계정,0,0,0,재산수입,지역균형발전특별회계,2019,농림축산식품부,0,0,0,0,0,0,0
지역지원계정,0,0,0,경상이전수입,지역균형발전특별회계,2019,농림축산식품부,0,0,0,0,0,0,0
세종특별자치시계정,0,0,0,재산수입,지역균형발전특별회계,2019,농림축산식품부,0,0,0,0,0,0,0
세종특별자치시계정,0,0,0,경상이전수입,지역균형발전특별회계,2019,농림축산식품부,0,0,0,0,0,0,0
손익계정,0,0,0,재산수입,양곡관리특별회계,2019,농림축산식품부,0,0,0,0,0,0,0
손익계정,0,0,0,경상이전수입,양곡관리특별회계,2019,농림축산식품부,0,0,23340,0,0,0,0
손익계정,685039340,685039340,0,재화및용역판매수입,양곡관리특별회계,2019,농림축산식품부,685669820,0,685039340,630480,630480,0,685669820
손익계정,0,0,0,관유물매각대,양곡관리특별회계,2019,농림축산식품부,56117720,6960000,5557180,63077720,56117720,6960000,63077720
,0,0,0,재산수입,양곡증권정리기금,2019,농림축산식품부,0,0,0,0,0,0,0
,0,0,0,예금및예탁금,양곡증권정리기금,2019,농림축산식품부,0,30653284110,27885457964,30653284110,0,30653284110,30653284110
,0,0,0,재산수입,농산물가격안정기금,2019,농림축산식품부,0,0,428490,0,0,0,0
,0,0,0,경상이전수입,농산물가격안정기금,2019,농림축산식품부,0,0,22641020,0,0,0,0
,0,0,0,재화및용역판매수입,농산물가격안정기금,2019,농림축산식품부,0,0,0,0,0,0,0
,0,0,0,관유물매각대,농산물가격안정기금,2019,농림축산식품부,0,0,0,0,0,0,0
,1.64186E+12,0,1.64186E+12,융자회수금,농산물가격안정기금,2019,농림축산식품부,0,2.92098E+12,2.77661E+12,1.27912E+12,0,1.27912E+12,2.92098E+12
,0,0,0,예금및예탁금,농산물가격안정기금,2019,농림축산식품부,0,2.04663E+11,4.51146E+11,2.04663E+11,0,2.04663E+11,2.04663E+11
,19418128087,1784552431,17633575656,재산수입,농지관리기금,2019,농림축산식품부,6685492806,26601477179,24902664781,13868841898,4900940375,8967901523,33286969985
,1.48938E+11,38650327120,1.10288E+11,경상이전수입,농지관리기금,2019,농림축산식품부,55878054130,5.07148E+11,5.56886E+11,4.14088E+11,17227727010,3.96861E+11,5.63026E+11
,1.93037E+11,25795108959,1.67242E+11,관유물매각대,농지관리기금,2019,농림축산식품부,25795108959,1.68639E+11,2.2752E+11,1396853600,0,1396853600,1.94434E+11
,5.02397E+12,0,5.02397E+12,융자회수금,농지관리기금,2019,농림축산식품부,0,5.92765E+12,5.39702E+12,9.03679E+11,0,9.03679E+11,5.92765E+12
,0,0,0,예금및예탁금,농지관리기금,2019,농림축산식품부,0,4.86814E+11,9.15729E+11,4.86814E+11,0,4.86814E+11,4.86814E+11
,0,0,0,재산수입,축산발전기금,2019,농림축산식품부,0,548640,4778640,548640,0,548640,548640
,0,0,0,경상이전수입,축산발전기금,2019,농림축산식품부,0,1905342970,2733526230,1905342970,0,1905342970,1905342970
,0,0,0,관유물매각대,축산발전기금,2019,농림축산식품부,0,0,0,0,0,0,0
,7.3093E+11,0,7.3093E+11,융자회수금,축산발전기금,2019,농림축산식품부,0,1.18238E+12,1.3008E+12,4.51453E+11,0,4.51453E+11,1.18238E+12
,0,0,0,예금및예탁금,축산발전기금,2019,농림축산식품부,0,62995520633,89756795179,62995520633,0,62995520633,62995520633
,0,0,0,재산수입,농업소득보전직접지불기금,2019,농림축산식품부,0,0,0,0,0,0,0
,0,0,0,경상이전수입,농업소득보전직접지불기금,2019,농림축산식품부,0,0,0,0,0,0,0
,0,0,0,예금및예탁금,농업소득보전직접지불기금,2019,농림축산식품부,0,6142130,1025354640,6142130,0,6142130,6142130
,177920,177920,0,재산수입,자유무역협정이행지원기금,2019,농림축산식품부,728580,72700,1073120,623360,550660,72700,801280
,2225164210,2225164210,0,경상이전수입,자유무역협정이행지원기금,2019,농림축산식품부,2243228840,105040880,2376859490,123105510,18064630,105040880,2348269720
,8.02027E+11,13127781619,7.88899E+11,융자회수금,자유무역협정이행지원기금,2019,농림축산식품부,13127781619,1.05678E+12,1.0013E+12,2.67885E+11,0,2.67885E+11,1.06991E+12
,0,0,0,예금및예탁금,자유무역협정이행지원기금,2019,농림축산식품부,0,1.00301E+11,1.17084E+11,1.00301E+11,0,1.00301E+11,1.00301E+11
,0,0,0,재산수입,농어업재해재보험기금,2019,농림축산식품부,0,0,0,0,0,0,0
,0,0,0,경상이전수입,농어업재해재보험기금,2019,농림축산식품부,0,0,0,0,0,0,0
,0,0,0,재화및용역판매수입,농어업재해재보험기금,2019,농림축산식품부,0,0,0,0,0,0,0
,0,0,0,예금및예탁금,농어업재해재보험기금,2019,농림축산식품부,0,61707189526,1.67594E+11,61707189526,0,61707189526,61707189526
,1133851470,1133851470,0,재산수입,일반회계,2019,산업통상자원부,1725706120,115711960,1554225000,707566610,591854650,115711960,1841418080
,1011070650,1011070650,0,경상이전수입,일반회계,2019,산업통상자원부,1222356120,9606940,1341117170,220892410,211285470,9606940,1231963060
,72376250,72376250,0,재화및용역판매수입,일반회계,2019,산업통상자원부,105426210,0,83068910,33049960,33049960,0,105426210
,0,0,0,관유물매각대,일반회계,2019,산업통상자원부,0,0,7824600,0,0,0,0
투자계정,0,0,0,재산수입,에너지및자원사업특별회계,2019,산업통상자원부,3921430,3776820,13418630,7698250,3921430,3776820,7698250
투자계정,3571608020,3571608020,0,경상이전수입,에너지및자원사업특별회계,2019,산업통상자원부,4138665500,21892270,4143289070,588949750,567057480,21892270,4160557770
융자계정,0,0,0,재산수입,에너지및자원사업특별회계,2019,산업통상자원부,0,0,0,0,0,0,0
융자계정,4.09962E+12,0,4.09962E+12,융자회수금,에너지및자원사업특별회계,2019,산업통상자원부,0,4.44859E+12,4.72134E+12,3.48978E+11,0,3.48978E+11,4.44859E+12
지역자율계정,0,0,0,재산수입,지역균형발전특별회계,2019,산업통상자원부,2130440,1788020,628290,3918460,2130440,1788020,3918460
지역자율계정,0,0,0,경상이전수입,지역균형발전특별회계,2019,산업통상자원부,40196240,10272300,82800500,50468540,40196240,10272300,50468540
지역지원계정,191547460,191547460,0,재산수입,지역균형발전특별회계,2019,산업통상자원부,195755250,0,229114190,4207790,4207790,0,195755250
지역지원계정,2999500000,2999500000,0,경상이전수입,지역균형발전특별회계,2019,산업통상자원부,3106210730,0,3143916580,106710730,106710730,0,3106210730
제주특별자치도계정,0,0,0,재산수입,지역균형발전특별회계,2019,산업통상자원부,0,0,0,0,0,0,0
제주특별자치도계정,0,0,0,경상이전수입,지역균형발전특별회계,2019,산업통상자원부,0,0,0,0,0,0,0
세종특별자치시계정,0,0,0,재산수입,지역균형발전특별회계,2019,산업통상자원부,0,0,0,0,0,0,0
세종특별자치시계정,0,0,0,경상이전수입,지역균형발전특별회계,2019,산업통상자원부,0,0,0,0,0,0,0
산업기술혁신계정,0,0,0,재산수입,산업기술진흥및사업화촉진기금,2019,산업통상자원부,0,0,0,0,0,0,0
산업기술혁신계정,0,0,0,경상이전수입,산업기술진흥및사업화촉진기금,2019,산업통상자원부,0,0,0,0,0,0,0
산업기술혁신계정,0,0,0,예금및예탁금,산업기술진흥및사업화촉진기금,2019,산업통상자원부,0,66176276537,51242128342,66176276537,0,66176276537,66176276537
특정물질사용합리화계정,0,0,0,재산수입,산업기술진흥및사업화촉진기금,2019,산업통상자원부,0,0,0,0,0,0,0
특정물질사용합리화계정,0,0,0,경상이전수입,산업기술진흥및사업화촉진기금,2019,산업통상자원부,0,0,0,0,0,0,0
특정물질사용합리화계정,5747400000,0,5747400000,융자회수금,산업기술진흥및사업화촉진기금,2019,산업통상자원부,0,7039400000,6970000000,1292000000,0,1292000000,7039400000
특정물질사용합리화계정,0,0,0,예금및예탁금,산업기술진흥및사업화촉진기금,2019,산업통상자원부,0,1078520187,12542980254,1078520187,0,1078520187,1078520187
,6058510,6058510,0,재산수입,전력산업기반기금,2019,산업통상자원부,6058510,0,6063510,0,0,0,6058510
,39566980,39566980,0,경상이전수입,전력산업기반기금,2019,산업통상자원부,25207345280,1.89449E+11,2.16126E+11,2.14616E+11,25167778300,1.89449E+11,2.14656E+11
,6.99241E+11,0,6.99241E+11,융자회수금,전력산업기반기금,2019,산업통상자원부,0,9.54983E+11,7.61366E+11,2.55742E+11,0,2.55742E+11,9.54983E+11
,0,0,0,예금및예탁금,전력산업기반기금,2019,산업통상자원부,0,4.41582E+11,54695851320,4.41582E+11,0,4.41582E+11,4.41582E+11
,0,0,0,재산수입,방사성폐기물관리기금,2019,산업통상자원부,0,0,0,0,0,0,0
,0,0,0,경상이전수입,방사성폐기물관리기금,2019,산업통상자원부,0,0,0,0,0,0,0
,0,0,0,재화및용역판매수입,방사성폐기물관리기금,2019,산업통상자원부,0,0,0,0,0,0,0
,0,0,0,예금및예탁금,방사성폐기물관리기금,2019,산업통상자원부,0,3.22057E+11,1.54461E+11,3.22057E+11,0,3.22057E+11,3.22057E+11
,1877370710,1877370710,0,재산수입,일반회계,2019,국토교통부,2562538130,44573460,2160163060,729740880,685167420,44573460,2607111590
,23034589400,23034589400,0,경상이전수입,일반회계,2019,국토교통부,28507906750,194403660,25783986660,5667721010,5473317350,194403660,28702310410
,31834970,31834970,0,재화및용역판매수입,일반회계,2019,국토교통부,738052510,7906880,670517230,714124420,706217540,7906880,745959390
,2298404290,2298404290,0,관유물매각대,일반회계,2019,국토교통부,2298404290,0,2298404290,0,0,0,2298404290
,190257010,0,190257010,기타수입,일반회계,2019,국토교통부,0,190257010,190257010,0,0,0,190257010
도로계정,12144666230,12086063220,58603010,재산수입,교통시설특별회계,2019,국토교통부,13890855140,115244850,13993661610,1861433760,1804791920,56641840,14006099990
도로계정,15262194770,15262133780,60990,경상이전수입,교통시설특별회계,2019,국토교통부,20600086910,588289300,17298346980,5926181440,5337953130,588228310,21188376210
도로계정,570415320,570415320,0,재화및용역판매수입,교통시설특별회계,2019,국토교통부,631644580,0,576413420,61229260,61229260,0,631644580
도로계정,7735980,7735980,0,관유물매각대,교통시설특별회계,2019,국토교통부,193900980,30401860,853475510,216566860,186165000,30401860,224302840
철도계정,2653191660,2653191660,0,재산수입,교통시설특별회계,2019,국토교통부,2653191660,0,2664546100,0,0,0,2653191660
철도계정,2565288900,2565288900,0,경상이전수입,교통시설특별회계,2019,국토교통부,2565288900,0,2590015170,0,0,0,2565288900
철도계정,0,0,0,재화및용역판매수입,교통시설특별회계,2019,국토교통부,0,0,0,0,0,0,0
철도계정,111994500,111994500,0,관유물매각대,교통시설특별회계,2019,국토교통부,111994500,159042800,823454500,159042800,0,159042800,271037300
공항계정,5411200,5411200,0,재산수입,교통시설특별회계,2019,국토교통부,5651380,0,72505860,240180,240180,0,5651380
공항계정,994719850,994719850,0,경상이전수입,교통시설특별회계,2019,국토교통부,1082368210,30000,1263041520,87678360,87648360,30000,1082398210
공항계정,171358490,171358490,0,재화및용역판매수입,교통시설특별회계,2019,국토교통부,171358490,0,191383490,0,0,0,171358490
교통체계관리계정,0,0,0,재산수입,교통시설특별회계,2019,국토교통부,0,421000,198210,421000,0,421000,421000
교통체계관리계정,0,0,0,경상이전수입,교통시설특별회계,2019,국토교통부,0,35399670,47666130,35399670,0,35399670,35399670
투자계정,0,0,0,재산수입,에너지및자원사업특별회계,2019,국토교통부,0,0,0,0,0,0,0
투자계정,0,0,0,경상이전수입,에너지및자원사업특별회계,2019,국토교통부,0,0,0,0,0,0,0
,0,0,0,재산수입,혁신도시건설특별회계,2019,국토교통부,0,0,0,0,0,0,0
,0,0,0,경상이전수입,혁신도시건설특별회계,2019,국토교통부,0,0,0,0,0,0,0
지역자율계정,333320,333320,0,재산수입,지역균형발전특별회계,2019,국토교통부,45383120,312090,33338050,45361890,45049800,312090,45695210
지역자율계정,3.79394E+11,2.26223E+11,1.53171E+11,경상이전수입,지역균형발전특별회계,2019,국토교통부,2.53673E+11,4.01228E+11,6.00437E+11,2.75507E+11,27450330370,2.48057E+11,6.54901E+11
지역자율계정,2411890,2411890,0,재화및용역판매수입,지역균형발전특별회계,2019,국토교통부,2411890,0,5130320,0,0,0,2411890
지역자율계정,312469690,0,312469690,기타수입,지역균형발전특별회계,2019,국토교통부,0,312469690,312469690,0,0,0,312469690
지역지원계정,128207300,128207300,0,재산수입,지역균형발전특별회계,2019,국토교통부,128207300,0,129363880,0,0,0,128207300
지역지원계정,1.31403E+11,1.3136E+11,42727110,경상이전수입,지역균형발전특별회계,2019,국토교통부,1.38644E+11,36835449310,2.02969E+11,44076766980,7284044780,36792722200,1.7548E+11
지역지원계정,2983090,2983090,0,재화및용역판매수입,지역균형발전특별회계,2019,국토교통부,2983090,0,2983090,0,0,0,2983090
지역지원계정,471915470,471915470,0,관유물매각대,지역균형발전특별회계,2019,국토교통부,471915470,0,471915470,0,0,0,471915470
지역지원계정,151157210,0,151157210,예금및예탁금,지역균형발전특별회계,2019,국토교통부,0,151157210,151157210,0,0,0,151157210
제주특별자치도계정,0,0,0,재산수입,지역균형발전특별회계,2019,국토교통부,0,0,0,0,0,0,0
제주특별자치도계정,0,0,0,경상이전수입,지역균형발전특별회계,2019,국토교통부,0,0,0,0,0,0,0
세종특별자치시계정,0,0,0,재산수입,지역균형발전특별회계,2019,국토교통부,0,0,0,0,0,0,0
,0,0,0,예금및예탁금,자동차사고피해지원기금,2019,국토교통부,0,2.10462E+11,1.98698E+11,2.10462E+11,0,2.10462E+11,2.10462E+11
주택계정,0,0,0,재화및용역판매수입,주택도시기금,2019,국토교통부,0,5884046850,29354026759,5884046850,0,5884046850,5884046850
주택계정,9.38276E+13,2.31656E+11,9.3596E+13,융자회수금,주택도시기금,2019,국토교통부,2.33E+11,1.16285E+14,1.06196E+14,2.26903E+13,1344396560,2.2689E+13,1.16518E+14
주택계정,0,0,0,예금및예탁금,주택도시기금,2019,국토교통부,0,8.81747E+11,9.19254E+11,8.81747E+11,0,8.81747E+11,8.81747E+11
도시계정,0,0,0,재화및용역판매수입,주택도시기금,2019,국토교통부,0,6724840,0,6724840,0,6724840,6724840
도시계정,2.21384E+11,550372889,2.20834E+11,융자회수금,주택도시기금,2019,국토교통부,550372889,6.44349E+11,2.35318E+11,4.23515E+11,0,4.23515E+11,6.44899E+11
도시계정,0,0,0,예금및예탁금,주택도시기금,2019,국토교통부,0,13992018448,4.29329E+11,13992018448,0,13992018448,13992018448
,175871960,175871960,0,재산수입,일반회계,2019,해양수산부,191226440,334679290,430682780,350033770,15354480,334679290,525905730
,523972760,523972760,0,경상이전수입,일반회계,2019,해양수산부,820622980,79807710,724313880,376457930,296650220,79807710,900430690
,13101800,13101800,0,재화및용역판매수입,일반회계,2019,해양수산부,38712490,4231490,57907410,29842180,25610690,4231490,42943980
,0,0,0,관유물매각대,일반회계,2019,해양수산부,0,70199000,1276240,70199000,0,70199000,70199000
,258273450,0,258273450,융자회수금,일반회계,2019,해양수산부,41860112,328458320,258273450,112044982,41860112,70184870,370318432
,3.72804E+11,0,3.72804E+11,기타수입,일반회계,2019,해양수산부,0,3.72843E+11,3.72818E+11,39000000,0,39000000,3.72843E+11
구조개선사업계정,2146350,2146350,0,재산수입,농어촌구조개선특별회계,2019,해양수산부,7934960,4007880,6972990,9796490,5788610,4007880,11942840
구조개선사업계정,2043131060,2043131060,0,경상이전수입,농어촌구조개선특별회계,2019,해양수산부,2400972770,293651270,2263032720,651492980,357841710,293651270,2694624040
구조개선사업계정,0,0,0,재화및용역판매수입,농어촌구조개선특별회계,2019,해양수산부,0,0,0,0,0,0,0
구조개선사업계정,31155214060,0,31155214060,융자회수금,농어촌구조개선특별회계,2019,해양수산부,0,31155214060,41474763350,0,0,0,31155214060
농어촌특별세사업계정,0,0,0,재산수입,농어촌구조개선특별회계,2019,해양수산부,0,3878910,19870,3878910,0,3878910,3878910
농어촌특별세사업계정,315316000,315316000,0,경상이전수입,농어촌구조개선특별회계,2019,해양수산부,546050540,25633290,507847660,256367830,230734540,25633290,571683830
농어촌특별세사업계정,0,0,0,재화및용역판매수입,농어촌구조개선특별회계,2019,해양수산부,0,0,0,0,0,0,0
농어촌특별세사업계정,0,0,0,관유물매각대,농어촌구조개선특별회계,2019,해양수산부,0,0,0,0,0,0,0
농어촌특별세사업계정,359663510,0,359663510,융자회수금,농어촌구조개선특별회계,2019,해양수산부,0,359663510,438430510,0,0,0,359663510
항만계정,667170960,663128770,4042190,재산수입,교통시설특별회계,2019,해양수산부,932326070,259902500,1398264840,525057610,269197300,255860310,1192228570
항만계정,7136505070,7136505070,0,경상이전수입,교통시설특별회계,2019,해양수산부,7918018260,391788340,7181369090,1173301530,781513190,391788340,8309806600
항만계정,7126122850,7126122850,0,재화및용역판매수입,교통시설특별회계,2019,해양수산부,8631069080,4573984570,13347881820,6078930800,1504946230,4573984570,13205053650
항만계정,845862700,415152400,430710300,관유물매각대,교통시설특별회계,2019,해양수산부,415152400,430710300,979269700,0,0,0,845862700
투자계정,0,0,0,재산수입,에너지및자원사업특별회계,2019,해양수산부,0,0,1670840,0,0,0,0
투자계정,97788000,97788000,0,경상이전수입,에너지및자원사업특별회계,2019,해양수산부,538971480,0,255788000,441183480,441183480,0,538971480
지역자율계정,1638740,1638740,0,재산수입,지역균형발전특별회계,2019,해양수산부,8304600,2199180,8291320,8865040,6665860,2199180,10503780
지역자율계정,154410520,154410520,0,경상이전수입,지역균형발전특별회계,2019,해양수산부,1117212400,2257340,372599100,965059220,962801880,2257340,1119469740
지역지원계정,0,0,0,재산수입,지역균형발전특별회계,2019,해양수산부,0,0,0,0,0,0,0
지역지원계정,236905700,236905700,0,경상이전수입,지역균형발전특별회계,2019,해양수산부,359991740,0,236905700,123086040,123086040,0,359991740
제주특별자치도계정,0,0,0,재산수입,지역균형발전특별회계,2019,해양수산부,0,0,0,0,0,0,0
제주특별자치도계정,0,0,0,경상이전수입,지역균형발전특별회계,2019,해양수산부,0,0,0,0,0,0,0
,464000,464000,0,재산수입,수산발전기금,2019,해양수산부,464000,0,464000,0,0,0,464000
,1038919630,1038919630,0,경상이전수입,수산발전기금,2019,해양수산부,3341367230,34422080,1551820410,2336869680,2302447600,34422080,3375789310
,0,0,0,재화및용역판매수입,수산발전기금,2019,해양수산부,0,0,0,0,0,0,0
,0,0,0,관유물매각대,수산발전기금,2019,해양수산부,0,0,0,0,0,0,0
,3.32867E+11,0,3.32867E+11,융자회수금,수산발전기금,2019,해양수산부,0,6.97427E+11,7.45303E+11,3.6456E+11,0,3.6456E+11,6.97427E+11
,0,0,0,예금및예탁금,수산발전기금,2019,해양수산부,0,10504364277,55293009943,10504364277,0,10504364277,10504364277
,24400,24400,0,재산수입,일반회계,2019,식품의약품안전처,28851730,45361500,1366210,74188830,28827330,45361500,74213230
,239173350,239173350,0,경상이전수입,일반회계,2019,식품의약품안전처,388164310,85733830,514509480,234724790,148990960,85733830,473898140
,0,0,0,재화및용역판매수입,일반회계,2019,식품의약품안전처,0,0,0,0,0,0,0
,0,0,0,관유물매각대,일반회계,2019,식품의약품안전처,0,0,0,0,0,0,0
,0,0,0,기타수입,일반회계,2019,식품의약품안전처,0,3945000,183703000,3945000,0,3945000,3945000
구조개선사업계정,0,0,0,경상이전수입,농어촌구조개선특별회계,2019,식품의약품안전처,0,0,6400000,0,0,0,0
구조개선사업계정,0,0,0,관유물매각대,농어촌구조개선특별회계,2019,식품의약품안전처,0,0,0,0,0,0,0
지역지원계정,0,0,0,재산수입,지역균형발전특별회계,2019,식품의약품안전처,0,0,136050,0,0,0,0
지역지원계정,0,0,0,경상이전수입,지역균형발전특별회계,2019,식품의약품안전처,0,0,6087800,0,0,0,0
제주특별자치도계정,0,0,0,재산수입,지역균형발전특별회계,2019,식품의약품안전처,450,0,0,450,450,0,450
제주특별자치도계정,0,0,0,경상이전수입,지역균형발전특별회계,2019,식품의약품안전처,468390,0,0,468390,468390,0,468390
,0,0,0,재산수입,일반회계,2019,대통령비서실 및 국가안보실,0,0,0,0,0,0,0
,0,0,0,경상이전수입,일반회계,2019,대통령비서실 및 국가안보실,0,0,0,0,0,0,0
,0,0,0,재화및용역판매수입,일반회계,2019,대통령비서실 및 국가안보실,0,0,0,0,0,0,0
,0,0,0,재산수입,일반회계,2019,새만금개발청,0,0,0,0,0,0,0
,0,0,0,경상이전수입,일반회계,2019,새만금개발청,0,0,0,0,0,0,0
,0,0,0,재화및용역판매수입,일반회계,2019,새만금개발청,327963330,0,265727070,327963330,327963330,0,327963330
지역자율계정,0,0,0,경상이전수입,지역균형발전특별회계,2019,새만금개발청,0,0,0,0,0,0,0
지역지원계정,0,0,0,재산수입,지역균형발전특별회계,2019,새만금개발청,0,0,0,0,0,0,0
,74108170,74108170,0,재산수입,일반회계,2019,행정안전부,337126070,187012350,675703200,450030250,263017900,187012350,524138420
,2488187690,2488187690,0,경상이전수입,일반회계,2019,행정안전부,4172069780,17671650,5582955860,1701553740,1683882090,17671650,4189741430
,406252240,406252240,0,재화및용역판매수입,일반회계,2019,행정안전부,407648040,20332050,419467270,21727850,1395800,20332050,427980090
,0,0,0,관유물매각대,일반회계,2019,행정안전부,0,0,0,0,0,0,0
,0,0,0,기타수입,일반회계,2019,행정안전부,0,125000000,300000000,125000000,0,125000000,125000000
,0,0,0,관유물매각대,혁신도시건설특별회계,2019,행정안전부,0,0,0,0,0,0,0
지역자율계정,0,0,0,재산수입,지역균형발전특별회계,2019,행정안전부,0,0,0,0,0,0,0
지역자율계정,114121930,114121930,0,경상이전수입,지역균형발전특별회계,2019,행정안전부,120398440,0,497209620,6276510,6276510,0,120398440
지역지원계정,120520,120520,0,재산수입,지역균형발전특별회계,2019,행정안전부,18522380,9767440,120520,28169300,18401860,9767440,28289820
지역지원계정,10214150,10214150,0,경상이전수입,지역균형발전특별회계,2019,행정안전부,694164150,401890320,234934490,1085840320,683950000,401890320,1096054470
,0,0,0,재산수입,일반회계,2019,중소벤처기업부,0,0,2654030340,0,0,0,0
,548426280,548426280,0,경상이전수입,일반회계,2019,중소벤처기업부,728893220,0,779015460,180466940,180466940,0,728893220
,0,0,0,재화및용역판매수입,일반회계,2019,중소벤처기업부,0,0,0,0,0,0,0
,0,0,0,관유물매각대,일반회계,2019,중소벤처기업부,0,0,0,0,0,0,0
,90000,0,90000,기타수입,일반회계,2019,중소벤처기업부,0,90000,90000,0,0,0,90000
지역자율계정,77692650,77692650,0,재산수입,지역균형발전특별회계,2019,중소벤처기업부,98560980,0,99553220,20868330,20868330,0,98560980
지역자율계정,547246080,547246080,0,경상이전수입,지역균형발전특별회계,2019,중소벤처기업부,596670180,0,660230680,49424100,49424100,0,596670180
지역지원계정,0,0,0,재산수입,지역균형발전특별회계,2019,중소벤처기업부,0,0,0,0,0,0,0
지역지원계정,0,0,0,경상이전수입,지역균형발전특별회계,2019,중소벤처기업부,0,0,0,0,0,0,0
제주특별자치도계정,0,0,0,재산수입,지역균형발전특별회계,2019,중소벤처기업부,0,0,0,0,0,0,0
제주특별자치도계정,0,0,0,경상이전수입,지역균형발전특별회계,2019,중소벤처기업부,0,0,0,0,0,0,0
,0,0,0,재산수입,소상공인시장진흥기금,2019,중소벤처기업부,1074520,14263901720,9728197670,14264976240,1074520,14263901720,14264976240
,0,0,0,경상이전수입,소상공인시장진흥기금,2019,중소벤처기업부,81757260,0,35599640,81757260,81757260,0,81757260
,6.84035E+12,0,6.84035E+12,융자회수금,소상공인시장진흥기금,2019,중소벤처기업부,0,7.06309E+12,6.22751E+12,2.22736E+11,0,2.22736E+11,7.06309E+12
,3.61232E+11,0,3.61232E+11,예금및예탁금,소상공인시장진흥기금,2019,중소벤처기업부,0,3.62497E+11,2.16688E+11,1264334185,0,1264334185,3.62497E+11
,0,0,0,재산수입,일반회계,2019,소방청,962820,0,5251000,962820,962820,0,962820
,0,0,0,경상이전수입,일반회계,2019,소방청,273850,0,3723290,273850,273850,0,273850
,0,0,0,재화및용역판매수입,일반회계,2019,소방청,0,0,1854000,0,0,0,0
,40000000,0,40000000,기타수입,일반회계,2019,소방청,0,40000000,40000000,0,0,0,40000000
,0,0,0,재산수입,일반회계,2019,해양경찰청,0,0,3366000,0,0,0,0
,7088416470,7086897400,1519070,경상이전수입,일반회계,2019,해양경찰청,7262474520,253406910,15034967810,427464960,175577120,251887840,7515881430
,0,0,0,재화및용역판매수입,일반회계,2019,해양경찰청,0,0,0,0,0,0,0
,0,0,0,관유물매각대,일반회계,2019,해양경찰청,0,0,0,0,0,0,0
,0,0,0,기타수입,일반회계,2019,해양경찰청,0,141000000,0,141000000,0,141000000,141000000
,0,0,0,재산수입,일반회계,2019,인사혁신처,0,0,0,0,0,0,0
,17036320,17036320,0,경상이전수입,일반회계,2019,인사혁신처,164284470,0,17445760,147248150,147248150,0,164284470
,0,0,0,재화및용역판매수입,일반회계,2019,인사혁신처,0,0,0,0,0,0,0
,1.04727E+12,0,1.04727E+12,융자회수금,일반회계,2019,인사혁신처,0,1.04727E+12,1.10064E+12,0,0,0,1.04727E+12
,0,0,0,재산수입,일반회계,2019,과학기술정보통신부,0,4209140,1291690,4209140,0,4209140,4209140
,68129000,68129000,0,경상이전수입,일반회계,2019,과학기술정보통신부,84540610,0,1942934700,16411610,16411610,0,84540610
,867599950,867599950,0,재화및용역판매수입,일반회계,2019,과학기술정보통신부,997102380,2017000,1243408480,131519430,129502430,2017000,999119380
,0,0,0,관유물매각대,일반회계,2019,과학기술정보통신부,0,0,0,0,0,0,0
,1650000,0,1650000,기타수입,일반회계,2019,과학기술정보통신부,0,1650000,1650000,0,0,0,1650000
투자계정,0,0,0,경상이전수입,에너지및자원사업특별회계,2019,과학기술정보통신부,0,0,0,0,0,0,0
,36444770,36444770,0,경상이전수입,우체국보험특별회계,2019,과학기술정보통신부,36444770,0,47472110,0,0,0,36444770
지역지원계정,0,0,0,경상이전수입,지역균형발전특별회계,2019,과학기술정보통신부,1374210,0,18182360,1374210,1374210,0,1374210
제주특별자치도계정,0,0,0,경상이전수입,지역균형발전특별회계,2019,과학기술정보통신부,0,0,0,0,0,0,0
세종특별자치시계정,0,0,0,경상이전수입,지역균형발전특별회계,2019,과학기술정보통신부,0,0,0,0,0,0,0
자본계정,220060930,220060930,0,관유물매각대,우편사업특별회계,2019,과학기술정보통신부,3298060930,16280450,1667182920,3094280450,3078000000,16280450,3314341380
자본계정,1.0321E+11,0,1.0321E+11,융자회수금,우편사업특별회계,2019,과학기술정보통신부,0,1.0321E+11,1.14655E+11,0,0,0,1.0321E+11
자본계정,6797432000,0,6797432000,기타수입,우편사업특별회계,2019,과학기술정보통신부,0,6797432000,6797432000,0,0,0,6797432000
손익계정,1234476390,1234476390,0,재산수입,우편사업특별회계,2019,과학기술정보통신부,1705955140,650703380,2459499060,1122182130,471478750,650703380,2356658520
손익계정,3450035950,3450035950,0,경상이전수입,우편사업특별회계,2019,과학기술정보통신부,5817715430,141731570,6814321600,2509411050,2367679480,141731570,5959447000
손익계정,0,0,0,관유물매각대,우편사업특별회계,2019,과학기술정보통신부,0,0,368940,0,0,0,0
손익계정,1045643400,0,1045643400,기타수입,우편사업특별회계,2019,과학기술정보통신부,0,1045643400,1045643400,0,0,0,1045643400
자본계정,0,0,0,관유물매각대,우체국예금특별회계,2019,과학기술정보통신부,0,0,0,0,0,0,0
자본계정,91960000,0,91960000,기타수입,우체국예금특별회계,2019,과학기술정보통신부,0,91960000,91960000,0,0,0,91960000
손익계정,0,0,0,재산수입,우체국예금특별회계,2019,과학기술정보통신부,0,0,0,0,0,0,0
손익계정,3231662030,3231662030,0,경상이전수입,우체국예금특별회계,2019,과학기술정보통신부,3231662030,0,3231752030,0,0,0,3231662030
손익계정,0,0,0,관유물매각대,우체국예금특별회계,2019,과학기술정보통신부,0,0,0,0,0,0,0
자본계정,0,0,0,재화및용역판매수입,국립중앙과학관,2019,과학기술정보통신부,0,0,0,0,0,0,0
자본계정,0,0,0,관유물매각대,국립중앙과학관,2019,과학기술정보통신부,0,0,0,0,0,0,0
손익계정,24468310,24468310,0,재산수입,국립중앙과학관,2019,과학기술정보통신부,25022160,0,25392310,553850,553850,0,25022160
손익계정,180020630,180020630,0,경상이전수입,국립중앙과학관,2019,과학기술정보통신부,180168330,0,180020630,147700,147700,0,180168330
손익계정,9853030,9853030,0,재화및용역판매수입,국립중앙과학관,2019,과학기술정보통신부,9853030,0,9853030,0,0,0,9853030
손익계정,0,0,0,재산수입,국립과천과학관,2019,과학기술정보통신부,24103170,72309540,52010890,96412710,24103170,72309540,96412710
손익계정,26899310,26899310,0,경상이전수입,국립과천과학관,2019,과학기술정보통신부,27033360,0,36475950,134050,134050,0,27033360
손익계정,40219710,40219710,0,재화및용역판매수입,국립과천과학관,2019,과학기술정보통신부,40276710,0,42288900,57000,57000,0,40276710
,0,0,0,재산수입,과학기술진흥기금,2019,과학기술정보통신부,0,0,0,0,0,0,0
,0,0,0,경상이전수입,과학기술진흥기금,2019,과학기술정보통신부,0,0,0,0,0,0,0
,4900000000,0,4900000000,융자회수금,과학기술진흥기금,2019,과학기술정보통신부,0,4900000000,6400000000,0,0,0,4900000000
,0,0,0,예금및예탁금,과학기술진흥기금,2019,과학기술정보통신부,0,29298302291,16067908834,29298302291,0,29298302291,29298302291
,0,0,0,재산수입,정보통신진흥기금,2019,과학기술정보통신부,0,0,0,0,0,0,0
,301393610,301393610,0,경상이전수입,정보통신진흥기금,2019,과학기술정보통신부,301393610,0,301393610,0,0,0,301393610
,98390778840,0,98390778840,융자회수금,정보통신진흥기금,2019,과학기술정보통신부,0,1.30391E+11,1.55176E+11,32000000000,0,32000000000,1.30391E+11
,1138250556,0,1138250556,기타수입,정보통신진흥기금,2019,과학기술정보통신부,0,1149878656,1138250556,11628100,0,11628100,1149878656
,0,0,0,예금및예탁금,정보통신진흥기금,2019,과학기술정보통신부,0,85169737012,3.87085E+11,85169737012,0,85169737012,85169737012
원자력연구개발계정,0,0,0,재산수입,원자력기금,2019,과학기술정보통신부,0,0,0,0,0,0,0
원자력연구개발계정,0,0,0,경상이전수입,원자력기금,2019,과학기술정보통신부,0,0,0,0,0,0,0
원자력연구개발계정,0,0,0,예금및예탁금,원자력기금,2019,과학기술정보통신부,0,74841871051,60523476933,74841871051,0,74841871051,74841871051
원자력안전규제계정,0,0,0,재산수입,원자력기금,2019,과학기술정보통신부,0,0,0,0,0,0,0
원자력안전규제계정,972000,972000,0,경상이전수입,원자력기금,2019,과학기술정보통신부,3999000,134012470,1482000,137039470,3027000,134012470,138011470
원자력안전규제계정,0,0,0,예금및예탁금,원자력기금,2019,과학기술정보통신부,0,68475792571,58133195783,68475792571,0,68475792571,68475792571
,0,0,0,재산수입,방송통신발전기금,2019,과학기술정보통신부,0,0,0,0,0,0,0
,0,0,0,경상이전수입,방송통신발전기금,2019,과학기술정보통신부,0,0,0,0,0,0,0
,6847109573,0,6847109573,기타수입,방송통신발전기금,2019,과학기술정보통신부,0,6977509573,6857557613,130400000,0,130400000,6977509573
,0,0,0,예금및예탁금,방송통신발전기금,2019,과학기술정보통신부,0,41287231471,3.16461E+11,41287231471,0,41287231471,41287231471
,0,0,0,재산수입,일반회계,2019,대통령경호처,0,0,0,0,0,0,0
,0,0,0,경상이전수입,일반회계,2019,대통령경호처,0,0,0,0,0,0,0
,0,0,0,재화및용역판매수입,일반회계,2019,대통령경호처,0,0,0,0,0,0,0
,0,0,0,재산수입,일반회계,2020,감사원,0,0,0,0,0,0,0
,0,0,0,경상이전수입,일반회계,2020,감사원,0,0,394691550,0,0,0,0
,0,0,0,재화및용역판매수입,일반회계,2020,감사원,0,0,0,0,0,0,0
,100506870,0,100506870,기타수입,일반회계,2020,감사원,0,100506870,96044940,0,0,0,100506870
,0,0,0,재산수입,일반회계,2020,국회,0,0,15718570,0,0,0,0
,181795430,181795430,0,경상이전수입,일반회계,2020,국회,207829300,0,292364130,26033870,26033870,0,207829300
,0,0,0,재화및용역판매수입,일반회계,2020,국회,0,0,0,0,0,0,0
,0,0,0,관유물매각대,일반회계,2020,국회,0,0,0,0,0,0,0
,39958200,0,39958200,기타수입,일반회계,2020,국회,0,210862770,172690130,170904570,0,170904570,210862770
,575320,575320,0,재산수입,일반회계,2020,대법원,992500,26443950,1589260,26861130,417180,26443950,27436450
,313945560,313945560,0,경상이전수입,일반회계,2020,대법원,344935380,2055590,499794550,33045410,30989820,2055590,346990970
,218210,218210,0,재화및용역판매수입,일반회계,2020,대법원,230910,25480,218210,38180,12700,25480,256390
,0,0,0,관유물매각대,일반회계,2020,대법원,0,0,0,0,0,0,0
,37739603,24401303,13338300,기타수입,일반회계,2020,대법원,24401303,370338300,389773223,357000000,0,357000000,394739603
,0,0,0,재산수입,등기특별회계,2020,대법원,0,0,0,0,0,0,0
,0,0,0,경상이전수입,등기특별회계,2020,대법원,0,0,0,0,0,0,0
,0,0,0,재화및용역판매수입,등기특별회계,2020,대법원,0,0,952800,0,0,0,0
,0,0,0,관유물매각대,등기특별회계,2020,대법원,0,0,0,0,0,0,0
,0,0,0,기타수입,등기특별회계,2020,대법원,0,0,207637500,0,0,0,0
,0,0,0,재산수입,사법서비스진흥기금,2020,대법원,0,0,0,0,0,0,0
,789732870,789732870,0,경상이전수입,사법서비스진흥기금,2020,대법원,984123590,47941900,846215880,242332620,194390720,47941900,1032065490
,0,0,0,재화및용역판매수입,사법서비스진흥기금,2020,대법원,0,0,81000,0,0,0,0
,60000,0,60000,기타수입,사법서비스진흥기금,2020,대법원,0,60000,60000,0,0,0,60000
,12646000000,0,12646000000,예금및예탁금,사법서비스진흥기금,2020,대법원,0,86588434545,22972378133,73942434545,0,73942434545,86588434545
,0,0,0,재산수입,일반회계,2020,헌법재판소,0,0,0,0,0,0,0
,0,0,0,경상이전수입,일반회계,2020,헌법재판소,0,0,0,0,0,0,0
,0,0,0,재화및용역판매수입,일반회계,2020,헌법재판소,0,0,0,0,0,0,0
,690000,0,690000,기타수입,일반회계,2020,헌법재판소,0,690000,160960000,0,0,0,690000
,0,0,0,재산수입,일반회계,2020,중앙선거관리위원회,0,2832960,6241900,2832960,0,2832960,2832960
,0,0,0,경상이전수입,일반회계,2020,중앙선거관리위원회,75848000,0,0,75848000,75848000,0,75848000
,0,0,0,재화및용역판매수입,일반회계,2020,중앙선거관리위원회,0,0,0,0,0,0,0
,2879561000,2054500000,825061000,기타수입,일반회계,2020,중앙선거관리위원회,2054500000,1387061000,3307561000,562000000,0,562000000,3441561000
,0,0,0,재산수입,일반회계,2020,국무조정실 및 국무총리비서실,0,0,0,0,0,0,0
,0,0,0,경상이전수입,일반회계,2020,국무조정실 및 국무총리비서실,0,0,0,0,0,0,0
,188151730,187894400,257330,재산수입,일반회계,2020,법무부,211293630,54583330,288555800,77725230,23399230,54326000,265876960
,3385440790,3364082540,21358250,경상이전수입,일반회계,2020,법무부,3677499120,71771870,3525630700,363830200,313416580,50413620,3749270990
,0,0,0,재화및용역판매수입,일반회계,2020,법무부,205000,0,0,205000,205000,0,205000
,0,0,0,관유물매각대,일반회계,2020,법무부,0,0,0,0,0,0,0
,359055240,0,359055240,기타수입,일반회계,2020,법무부,0,609315540,359055240,250260300,0,250260300,609315540
,0,0,0,재산수입,교도작업특별회계,2020,법무부,0,0,0,0,0,0,0
,0,0,0,경상이전수입,교도작업특별회계,2020,법무부,4500000,0,900000,4500000,4500000,0,4500000
,848440,848440,0,재화및용역판매수입,교도작업특별회계,2020,법무부,45805520,19632800,43174730,64589880,44957080,19632800,65438320
,0,0,0,관유물매각대,교도작업특별회계,2020,법무부,0,0,0,0,0,0,0
,1095440,1095440,0,재산수입,범죄피해자보호기금,2020,법무부,10348450,8881460,7905230,18134470,9253010,8881460,19229910
,225820900,225820900,0,경상이전수입,범죄피해자보호기금,2020,법무부,718473130,83413030,624519210,576065260,492652230,83413030,801886160
,1700000000,0,1700000000,예금및예탁금,범죄피해자보호기금,2020,법무부,0,4810003508,4744777355,3110003508,0,3110003508,4810003508
,389286080,389286080,0,재산수입,일반회계,2020,국방부,1502427030,42846910,1377311190,1155987860,1113140950,42846910,1545273940
,70848438850,70055555960,792882890,경상이전수입,일반회계,2020,국방부,78717359510,4272624730,79524250860,12141545390,8661803550,3479741840,82989984240
,1532950590,1532950590,0,재화및용역판매수입,일반회계,2020,국방부,1673225130,34738520,1630921300,175013060,140274540,34738520,1707963650
,0,0,0,관유물매각대,일반회계,2020,국방부,0,65880000,0,65880000,0,65880000,65880000
,94735417560,0,94735417560,융자회수금,일반회계,2020,국방부,0,94735417560,1.01847E+11,0,0,0,94735417560
,183120000,163000000,20120000,기타수입,일반회계,2020,국방부,163000000,20120000,257061120,0,0,0,183120000
,189540300,189540300,0,재산수입,주한미군기지이전특별회계,2020,국방부,194852040,0,476597830,5311740,5311740,0,194852040
,1303197970,1303197970,0,경상이전수입,주한미군기지이전특별회계,2020,국방부,1744207860,0,1350575540,441009890,441009890,0,1744207860
,13587130,13587130,0,재화및용역판매수입,주한미군기지이전특별회계,2020,국방부,13587130,0,13587130,0,0,0,13587130
,937938530,937938530,0,관유물매각대,주한미군기지이전특별회계,2020,국방부,1131969530,0,2405196790,194031000,194031000,0,1131969530
,286862000,286862000,0,경상이전수입,국방·군사시설이전특별회계,2020,국방부,1759840560,0,2013729160,1472978560,1472978560,0,1759840560
,0,0,0,관유물매각대,국방·군사시설이전특별회계,2020,국방부,7212746030,1372365890,5401782080,8585111920,7212746030,1372365890,8585111920
,5311250760,5287722330,23528430,경상이전수입,군인연금기금,2020,국방부,8462138930,38874720,6230981490,3189762890,3174416600,15346290,8501013650
복지계정,4443795896,4290759589,153036307,재산수입,군인복지기금,2020,국방부,5110618410,835714983,6065187809,1502537497,819858821,682678676,5946333393
복지계정,4514993070,4132876730,382116340,경상이전수입,군인복지기금,2020,국방부,4736034050,417405060,5050541610,638446040,603157320,35288720,5153439110
복지계정,1569103260,1569103260,0,재화및용역판매수입,군인복지기금,2020,국방부,1682646210,46916380,1759852020,160459330,113542950,46916380,1729562590
복지계정,9260011261,762487036,8497524225,예금및예탁금,군인복지기금,2020,국방부,8354369760,56444554755,76568161727,55538913254,7591882724,47947030530,64798924515
학자금대부계정,99470454585,4780000,99465674585,융자회수금,군인복지기금,2020,국방부,4780000,1.24004E+11,1.34187E+11,24538340000,0,24538340000,1.24009E+11
주거지원계정,12445,5,12440,재산수입,군인복지기금,2020,국방부,5,12440,12589055,0,0,0,12445
주거지원계정,193182730,177515510,15667220,경상이전수입,군인복지기금,2020,국방부,311334340,15667220,472601330,133818830,133818830,0,327001560
주거지원계정,30109216859,6990216469,23119000390,융자회수금,군인복지기금,2020,국방부,6990216469,24679000390,71243762139,1560000000,0,1560000000,31669216859
,77488970,77488970,0,재산수입,일반회계,2020,고용노동부,89516810,127848540,177377180,139876380,12027840,127848540,217365350
,17917218790,14928930250,2988288540,경상이전수입,일반회계,2020,고용노동부,25231338690,62446144270,37708152500,69760264170,10302408440,59457855730,87677482960
,797000,797000,0,재화및용역판매수입,일반회계,2020,고용노동부,797000,0,797000,0,0,0,797000
,3281177900,0,3281177900,기타수입,일반회계,2020,고용노동부,0,4001577900,3371277900,720400000,0,720400000,4001577900
투자계정,0,0,0,재산수입,에너지및자원사업특별회계,2020,고용노동부,0,0,0,0,0,0,0
투자계정,968002140,950201590,17800550,경상이전수입,에너지및자원사업특별회계,2020,고용노동부,1005460540,45103930,1010982730,82562330,55258950,27303380,1050564470
지역자율계정,500000,500000,0,재산수입,지역균형발전특별회계,2020,고용노동부,500000,0,167854950,0,0,0,500000
지역자율계정,0,0,0,경상이전수입,지역균형발전특별회계,2020,고용노동부,0,0,8117575490,0,0,0,0
지역지원계정,0,0,0,재산수입,지역균형발전특별회계,2020,고용노동부,0,383556440,0,383556440,0,383556440,383556440
지역지원계정,0,0,0,경상이전수입,지역균형발전특별회계,2020,고용노동부,0,6725321350,0,6725321350,0,6725321350,6725321350
제주특별자치도계정,0,0,0,재산수입,지역균형발전특별회계,2020,고용노동부,0,0,0,0,0,0,0
제주특별자치도계정,0,0,0,경상이전수입,지역균형발전특별회계,2020,고용노동부,0,0,0,0,0,0,0
,5.08454E+11,5.08454E+11,0,사회보장기여금,산업재해보상보험및예방기금,2020,고용노동부,7.17565E+11,3.98633E+11,1.12885E+12,6.07744E+11,2.09111E+11,3.98633E+11,1.1162E+12
,0,0,0,재산수입,산업재해보상보험및예방기금,2020,고용노동부,0,0,0,0,0,0,0
,2.95281E+11,2.95281E+11,0,경상이전수입,산업재해보상보험및예방기금,2020,고용노동부,3.68021E+11,6522162230,3.72576E+11,79261579470,72739417240,6522162230,3.74543E+11
,1103180,1103180,0,재화및용역판매수입,산업재해보상보험및예방기금,2020,고용노동부,1111680,0,2208710,8500,8500,0,1111680
,7.90236E+11,609200200,7.89627E+11,융자회수금,산업재해보상보험및예방기금,2020,고용노동부,609200200,9.09266E+11,9.32536E+11,1.19639E+11,0,1.19639E+11,9.09875E+11
,0,0,0,예금및예탁금,산업재해보상보험및예방기금,2020,고용노동부,0,5.35081E+11,5.65389E+11,5.35081E+11,0,5.35081E+11,5.35081E+11
,0,0,0,재산수입,장애인고용촉진및직업재활기금,2020,고용노동부,777510,0,0,777510,777510,0,777510
,17120830480,17120830480,0,경상이전수입,장애인고용촉진및직업재활기금,2020,고용노동부,23371451720,826934020,20623171660,7077555260,6250621240,826934020,24198385740
,41970557650,0,41970557650,융자회수금,장애인고용촉진및직업재활기금,2020,고용노동부,0,52385357650,42848557650,10414800000,0,10414800000,52385357650
,0,0,0,예금및예탁금,장애인고용촉진및직업재활기금,2020,고용노동부,0,33241501417,50546505061,33241501417,0,33241501417,33241501417
,3.4581E+11,3.4581E+11,0,사회보장기여금,고용보험기금,2020,고용노동부,5.42793E+11,8.5506E+11,1.3304E+12,1.05204E+12,1.96983E+11,8.5506E+11,1.39785E+12
,180630300,180630300,0,재산수입,고용보험기금,2020,고용노동부,193244270,7000230,209297250,19614200,12613970,7000230,200244500
,1.5447E+11,1.53823E+11,647752860,경상이전수입,고용보험기금,2020,고용노동부,1.8663E+11,33124489140,2.1049E+11,65283774370,32807038090,32476736280,2.19754E+11
,40793240,40793240,0,재화및용역판매수입,고용보험기금,2020,고용노동부,52930220,2700000,106783640,14836980,12136980,2700000,55630220
,3.05008E+11,643387430,3.04365E+11,융자회수금,고용보험기금,2020,고용노동부,643387430,4.31441E+11,3.80005E+11,1.27077E+11,0,1.27077E+11,4.32084E+11
,0,0,0,예금및예탁금,고용보험기금,2020,고용노동부,0,1.8182E+12,5.26513E+11,1.8182E+12,0,1.8182E+12,1.8182E+12
,307951730,307951730,0,재산수입,임금채권보장기금,2020,고용노동부,593469520,0,607231890,285517790,285517790,0,593469520
,1.95993E+12,1.95993E+12,0,경상이전수입,임금채권보장기금,2020,고용노동부,2.52603E+12,21679917470,2.10243E+12,5.8778E+11,5.661E+11,21679917470,2.54771E+12
,33082866420,10813626160,22269240260,융자회수금,임금채권보장기금,2020,고용노동부,10813626160,41492491130,39350723780,19223250870,0,19223250870,52306117290
,0,0,0,예금및예탁금,임금채권보장기금,2020,고용노동부,0,27242851363,26066126439,27242851363,0,27242851363,27242851363
,15509830,15509830,0,재산수입,일반회계,2020,통일부,15509830,0,18115220,0,0,0,15509830
,195191350,195191350,0,경상이전수입,일반회계,2020,통일부,196163350,5971970,206188380,6943970,972000,5971970,202135320
,0,0,0,재화및용역판매수입,일반회계,2020,통일부,0,0,0,0,0,0,0
,0,0,0,재산수입,남북협력기금,2020,통일부,1138245450,0,1034220140,1138245450,1138245450,0,1138245450
,0,0,0,경상이전수입,남북협력기금,2020,통일부,0,0,0,0,0,0,0
,0,0,0,재화및용역판매수입,남북협력기금,2020,통일부,0,0,0,0,0,0,0
,2.69105E+12,2.43605E+11,2.44745E+12,융자회수금,남북협력기금,2020,통일부,2.93693E+11,2.45002E+12,2.81675E+12,52661275641,50087275641,2574000000,2.74371E+12
,50252222600,50252222600,0,기타수입,남북협력기금,2020,통일부,50252222600,0,50295331730,0,0,0,50252222600
,0,0,0,예금및예탁금,남북협력기금,2020,통일부,0,1.33699E+11,54281621996,1.33699E+11,0,1.33699E+11,1.33699E+11
,12233450,12233450,0,재산수입,일반회계,2020,법제처,12233450,0,12233450,0,0,0,12233450
,72351060,72351060,0,경상이전수입,일반회계,2020,법제처,72351060,0,72351060,0,0,0,72351060
,0,0,0,재화및용역판매수입,일반회계,2020,법제처,0,0,0,0,0,0,0
,14330,14330,0,재산수입,일반회계,2020,국가보훈부,11376870,15116190,1495020,26478730,11362540,15116190,26493060
,3154921480,3154921480,0,경상이전수입,일반회계,2020,국가보훈부,3495433710,102486600,3306792540,442998830,340512230,102486600,3597920310
,0,0,0,재화및용역판매수입,일반회계,2020,국가보훈부,0,0,0,0,0,0,0
,0,0,0,관유물매각대,일반회계,2020,국가보훈부,0,0,0,0,0,0,0
,195450000,9300000,186150000,기타수입,일반회계,2020,국가보훈부,9300000,195910000,195450000,9760000,0,9760000,205210000
투자계정,0,0,0,재산수입,에너지및자원사업특별회계,2020,국가보훈부,0,0,303130,0,0,0,0
투자계정,118580,118580,0,경상이전수입,에너지및자원사업특별회계,2020,국가보훈부,1161780,0,118580,1043200,1043200,0,1161780
,0,0,0,재산수입,순국선열애국지사사업기금,2020,국가보훈부,0,0,0,0,0,0,0
,7233530,7233530,0,경상이전수입,순국선열애국지사사업기금,2020,국가보훈부,7733530,0,13881260,500000,500000,0,7733530
,0,0,0,재화및용역판매수입,순국선열애국지사사업기금,2020,국가보훈부,0,0,0,0,0,0,0
,0,0,0,관유물매각대,순국선열애국지사사업기금,2020,국가보훈부,0,0,0,0,0,0,0
,0,0,0,예금및예탁금,순국선열애국지사사업기금,2020,국가보훈부,0,8595922753,7637119085,8595922753,0,8595922753,8595922753
국가유공자지원자금,1597672970,1597672970,0,재산수입,보훈기금,2020,국가보훈부,1833140700,10040,1833552440,235477770,235467730,10040,1833150740
국가유공자지원자금,150360,150360,0,경상이전수입,보훈기금,2020,국가보훈부,150360,0,527360,0,0,0,150360
국가유공자지원자금,0,0,0,관유물매각대,보훈기금,2020,국가보훈부,0,0,0,0,0,0,0
국가유공자지원자금,59781930610,7910304930,51871625680,융자회수금,보훈기금,2020,국가보훈부,9831779230,74085426470,85910536260,24135275090,1921474300,22213800790,83917205700
국가유공자지원자금,0,0,0,예금및예탁금,보훈기금,2020,국가보훈부,0,8524348417,5760122852,8524348417,0,8524348417,8524348417
참전유공자·제대군인지원자금,1266332980,1266332980,0,재산수입,보훈기금,2020,국가보훈부,1370721030,0,1353496700,104388050,104388050,0,1370721030
참전유공자·제대군인지원자금,146600,146600,0,경상이전수입,보훈기금,2020,국가보훈부,146600,0,222000,0,0,0,146600
참전유공자·제대군인지원자금,7074850650,2850373240,4224477410,융자회수금,보훈기금,2020,국가보훈부,3120648380,5329186940,9578350200,1374984670,270275140,1104709530,8449835320
5·18 민주유공자지원자금,199281730,199281730,0,재산수입,보훈기금,2020,국가보훈부,212826120,0,206414850,13544390,13544390,0,212826120
5·18 민주유공자지원자금,0,0,0,경상이전수입,보훈기금,2020,국가보훈부,0,0,0,0,0,0,0
5·18 민주유공자지원자금,1290361230,641148590,649212640,융자회수금,보훈기금,2020,국가보훈부,686984050,653758310,1498756950,50381130,45835460,4545670,1340742360
특수임무유공자지원자금,56845020,56845020,0,재산수입,보훈기금,2020,국가보훈부,66968540,0,75716750,10123520,10123520,0,66968540
특수임무유공자지원자금,0,0,0,경상이전수입,보훈기금,2020,국가보훈부,0,0,0,0,0,0,0
특수임무유공자지원자금,736462100,272292490,464169610,융자회수금,보훈기금,2020,국가보훈부,290024490,481902110,857560350,35464500,17732000,17732500,771926600
,1428237460,1411127230,17110230,재산수입,일반회계,2020,산림청,1771246180,264285030,7589536390,607293750,360118950,247174800,2035531210
,11608577140,11570947160,37629980,경상이전수입,일반회계,2020,산림청,19140452740,1179774980,16626124650,8711650580,7569505580,1142145000,20320227720
,145827010,145827010,0,재화및용역판매수입,일반회계,2020,산림청,153042970,18280720,213471010,25496680,7215960,18280720,171323690
,1161606910,537826610,623780300,관유물매각대,일반회계,2020,산림청,537826610,5176314180,1753605670,4552533880,0,4552533880,5714140790
,0,0,0,기타수입,일반회계,2020,산림청,0,112260000,0,112260000,0,112260000,112260000
임업진흥사업계정,72079960,72079960,0,재산수입,농어촌구조개선특별회계,2020,산림청,237315730,9948290,384901760,175184060,165235770,9948290,247264020
임업진흥사업계정,12853232270,11045409220,1807823050,경상이전수입,농어촌구조개선특별회계,2020,산림청,30272276690,20410939940,50312800390,37829984360,19226867470,18603116890,50683216630
임업진흥사업계정,0,0,0,재화및용역판매수입,농어촌구조개선특별회계,2020,산림청,0,0,0,0,0,0,0
임업진흥사업계정,4143990,4143990,0,관유물매각대,농어촌구조개선특별회계,2020,산림청,348643990,1143430230,1123472140,1487930230,344500000,1143430230,1492074220
임업진흥사업계정,3.99323E+11,0,3.99323E+11,융자회수금,농어촌구조개선특별회계,2020,산림청,0,5.07716E+11,3.99323E+11,1.08393E+11,0,1.08393E+11,5.07716E+11
투자계정,0,0,0,재산수입,에너지및자원사업특별회계,2020,산림청,25307920,0,0,25307920,25307920,0,25307920
투자계정,0,0,0,경상이전수입,에너지및자원사업특별회계,2020,산림청,168648460,363730,0,169012190,168648460,363730,169012190
지역자율계정,0,0,0,재산수입,지역균형발전특별회계,2020,산림청,3616070,29297660,0,32913730,3616070,29297660,32913730
지역자율계정,101485540,101485540,0,경상이전수입,지역균형발전특별회계,2020,산림청,1404828340,2341962920,165628660,3645305720,1303342800,2341962920,3746791260
제주특별자치도계정,0,0,0,경상이전수입,지역균형발전특별회계,2020,산림청,0,2427390,0,2427390,0,2427390,2427390
자본계정,0,0,0,경상이전수입,국립자연휴양림관리소,2020,산림청,0,0,0,0,0,0,0
자본계정,0,0,0,관유물매각대,국립자연휴양림관리소,2020,산림청,0,0,0,0,0,0,0
손익계정,0,0,0,재산수입,국립자연휴양림관리소,2020,산림청,0,0,0,0,0,0,0
손익계정,0,0,0,경상이전수입,국립자연휴양림관리소,2020,산림청,0,0,0,0,0,0,0
손익계정,0,0,0,재화및용역판매수입,국립자연휴양림관리소,2020,산림청,0,0,0,0,0,0,0
,2.98332E+13,2.93997E+13,4.33528E+11,내국세,일반회계,2020,국세청,3.6444E+13,5.82803E+12,4.01753E+13,1.24388E+13,7.04431E+12,5.3945E+12,4.2272E+13
,14496240,14496240,0,방위세,일반회계,2020,국세청,14496240,0,14714240,0,0,0,14496240
,28731479710,28731479710,0,교통·에너지·환경세,일반회계,2020,국세청,29021132310,18391540,32578174110,308044140,289652600,18391540,29039523850
,40621647390,40618480680,3166710,교육세,일반회계,2020,국세청,45908850180,1674452110,49110400220,6961654900,5290369500,1671285400,47583302290
,50423703200,48478533930,1945169270,농어촌특별세,일반회계,2020,국세청,82482140350,1.33961E+11,1.62036E+11,1.66019E+11,34003606420,1.32016E+11,2.16443E+11
,3.93448E+12,3.93448E+12,4942630,경상이전수입,일반회계,2020,국세청,4.18727E+12,304302870,4.16012E+12,2.53095E+11,2.52796E+11,299360240,4.18758E+12
,3600000,0,3600000,기타수입,일반회계,2020,국세청,0,3600000,3600000,0,0,0,3600000
,2.75118E+11,2.65391E+11,9726793280,종합부동산세,일반회계,2020,국세청,4.26223E+11,6.79756E+11,8.2492E+11,8.30861E+11,1.60832E+11,6.70029E+11,1.10598E+12
,85035184290,85029234000,5950290,내국세,일반회계,2020,관세청,1.09429E+11,2.14772E+12,1.98581E+12,2.17212E+12,24400211020,2.14772E+12,2.25715E+12
,5.20115E+11,5.19986E+11,129360450,관세,일반회계,2020,관세청,5.95203E+11,3.60019E+11,8.34403E+11,4.35106E+11,75216772990,3.59889E+11,9.55221E+11
,46182590,46182590,0,방위세,일반회계,2020,관세청,46182590,0,46182590,0,0,0,46182590
,1877478420,1877478420,0,교통·에너지·환경세,일반회계,2020,관세청,3120587690,2085370,1949167780,1245194640,1243109270,2085370,3122673060
,5595923510,5595923510,0,교육세,일반회계,2020,관세청,5802556220,13672078810,18093073560,13878711520,206632710,13672078810,19474635030
,40809970,40809970,0,농어촌특별세,일반회계,2020,관세청,40809970,682298360,1009480780,682298360,0,682298360,723108330
,0,0,0,재산수입,일반회계,2020,관세청,0,0,0,0,0,0,0
,4.2143E+11,4.21428E+11,2846480,경상이전수입,일반회계,2020,관세청,4.2815E+11,3318420,4.13603E+11,6722960460,6722488520,471940,4.28153E+11
,48160650,48160650,0,재화및용역판매수입,일반회계,2020,관세청,60272110,184000,74618800,12295460,12111460,184000,60456110
,0,0,0,관유물매각대,일반회계,2020,관세청,0,0,0,0,0,0,0
,0,0,0,기타수입,일반회계,2020,관세청,0,0,0,0,0,0,0
,0,0,0,재산수입,일반회계,2020,병무청,0,0,0,0,0,0,0
,1310030300,1310030300,0,경상이전수입,일반회계,2020,병무청,1310030300,0,1310030300,0,0,0,1310030300
,0,0,0,재화및용역판매수입,일반회계,2020,병무청,0,0,0,0,0,0,0
,0,0,0,관유물매각대,일반회계,2020,병무청,0,0,0,0,0,0,0
,0,0,0,융자회수금,일반회계,2020,병무청,0,0,0,0,0,0,0
,0,0,0,재산수입,일반회계,2020,농촌진흥청,0,0,0,0,0,0,0
,11509310,11509310,0,경상이전수입,일반회계,2020,농촌진흥청,11947960,0,12031520,438650,438650,0,11947960
,0,0,0,재화및용역판매수입,일반회계,2020,농촌진흥청,0,0,5720000,0,0,0,0
,0,0,0,관유물매각대,일반회계,2020,농촌진흥청,0,0,0,0,0,0,0
,120000,0,120000,기타수입,일반회계,2020,농촌진흥청,0,120000,120000,0,0,0,120000
구조개선사업계정,0,0,0,재산수입,농어촌구조개선특별회계,2020,농촌진흥청,0,0,0,0,0,0,0
구조개선사업계정,0,0,0,경상이전수입,농어촌구조개선특별회계,2020,농촌진흥청,0,0,0,0,0,0,0
구조개선사업계정,0,0,0,관유물매각대,농어촌구조개선특별회계,2020,농촌진흥청,0,0,0,0,0,0,0
구조개선사업계정,3242418000,0,3242418000,융자회수금,농어촌구조개선특별회계,2020,농촌진흥청,0,3242418000,4399717000,0,0,0,3242418000
,0,0,0,재산수입,혁신도시건설특별회계,2020,농촌진흥청,0,0,0,0,0,0,0
,0,0,0,경상이전수입,혁신도시건설특별회계,2020,농촌진흥청,0,0,0,0,0,0,0
,0,0,0,관유물매각대,혁신도시건설특별회계,2020,농촌진흥청,0,0,3427726150,0,0,0,0
지역자율계정,0,0,0,재산수입,지역균형발전특별회계,2020,농촌진흥청,0,0,0,0,0,0,0
지역자율계정,0,0,0,경상이전수입,지역균형발전특별회계,2020,농촌진흥청,0,0,0,0,0,0,0
지역지원계정,0,0,0,재산수입,지역균형발전특별회계,2020,농촌진흥청,0,0,0,0,0,0,0
지역지원계정,0,0,0,경상이전수입,지역균형발전특별회계,2020,농촌진흥청,0,0,0,0,0,0,0
제주특별자치도계정,0,0,0,재산수입,지역균형발전특별회계,2020,농촌진흥청,0,0,0,0,0,0,0
제주특별자치도계정,0,0,0,경상이전수입,지역균형발전특별회계,2020,농촌진흥청,0,0,0,0,0,0,0
세종특별자치시계정,0,0,0,경상이전수입,지역균형발전특별회계,2020,농촌진흥청,0,0,0,0,0,0,0
자본계정,0,0,0,관유물매각대,특허청,2020,특허청,0,0,0,0,0,0,0
자본계정,0,0,0,기타수입,특허청,2020,특허청,0,0,0,0,0,0,0
손익계정,0,0,0,재산수입,특허청,2020,특허청,0,0,0,0,0,0,0
손익계정,0,0,0,경상이전수입,특허청,2020,특허청,0,0,0,0,0,0,0
손익계정,0,0,0,재화및용역판매수입,특허청,2020,특허청,0,0,0,0,0,0,0
손익계정,0,0,0,관유물매각대,특허청,2020,특허청,0,0,0,0,0,0,0
손익계정,23163565500,0,23163565500,융자회수금,특허청,2020,특허청,0,23163565500,23163565500,0,0,0,23163565500
손익계정,5482150,0,5482150,기타수입,특허청,2020,특허청,0,5482150,5530040,0,0,0,5482150
자본계정,0,0,0,재산수입,조달특별회계,2020,조달청,0,0,0,0,0,0,0
자본계정,36087601120,36087601120,0,관유물매각대,조달특별회계,2020,조달청,47163158780,1.74511E+11,2.65833E+11,1.85586E+11,11075557660,1.74511E+11,2.21674E+11
자본계정,0,0,0,기타수입,조달특별회계,2020,조달청,0,70000000,0,70000000,0,70000000,70000000
손익계정,93484200,93484200,0,재산수입,조달특별회계,2020,조달청,590246980,0,93747730,496762780,496762780,0,590246980
손익계정,0,0,0,경상이전수입,조달특별회계,2020,조달청,0,0,9724690,0,0,0,0
손익계정,100884550,100884550,0,재화및용역판매수입,조달특별회계,2020,조달청,476374580,1013517740,1444700850,1389007770,375490030,1013517740,1489892320
손익계정,3192284156,0,3192284156,융자회수금,조달특별회계,2020,조달청,0,3192284156,3623534156,0,0,0,3192284156
손익계정,0,0,0,기타수입,조달특별회계,2020,조달청,0,0,48415350,0,0,0,0
,3168050,3168050,0,재산수입,일반회계,2020,환경부,22311270,52520,3337250,19195740,19143220,52520,22363790
,6572100,6572100,0,경상이전수입,일반회계,2020,환경부,6572100,0,6889960,0,0,0,6572100
,0,0,0,재화및용역판매수입,일반회계,2020,환경부,0,0,0,0,0,0,0
,0,0,0,관유물매각대,일반회계,2020,환경부,0,0,0,0,0,0,0
농어촌특별세사업계정,0,0,0,재산수입,농어촌구조개선특별회계,2020,환경부,0,0,212680,0,0,0,0
농어촌특별세사업계정,0,0,0,경상이전수입,농어촌구조개선특별회계,2020,환경부,0,0,621268270,0,0,0,0
투자계정,692121540,692121540,0,재산수입,에너지및자원사업특별회계,2020,환경부,821808100,400171490,1279380980,529858050,129686560,400171490,1221979590
투자계정,237778650,237778650,0,경상이전수입,에너지및자원사업특별회계,2020,환경부,1566156580,3370772380,9096781360,4699150310,1328377930,3370772380,4936928960
투자계정,987000000,0,987000000,융자회수금,에너지및자원사업특별회계,2020,환경부,0,2387000000,987000000,1400000000,0,1400000000,2387000000
,244597630,244597630,0,재산수입,환경개선특별회계,2020,환경부,789885730,1753627250,1276572620,2298915350,545288100,1753627250,2543512980
,6.49704E+11,6.49662E+11,42207700,경상이전수입,환경개선특별회계,2020,환경부,7.3192E+11,28958020080,8.52053E+11,1.11174E+11,82258235000,28915812380,7.60878E+11
,0,0,0,재화및용역판매수입,환경개선특별회계,2020,환경부,123676080,2495796300,25000,2619472380,123676080,2495796300,2619472380
,0,0,0,관유물매각대,환경개선특별회계,2020,환경부,0,0,0,0,0,0,0
,4.82474E+11,2451640000,4.80022E+11,융자회수금,환경개선특별회계,2020,환경부,2451640000,8.42308E+11,6.35629E+11,3.62286E+11,0,3.62286E+11,8.4476E+11
,300000,0,300000,기타수입,환경개선특별회계,2020,환경부,0,100300000,300000,100000000,0,100000000,100300000
지역자율계정,193420,193420,0,재산수입,지역균형발전특별회계,2020,환경부,193420,0,41042980,0,0,0,193420
지역자율계정,6271540,6271540,0,경상이전수입,지역균형발전특별회계,2020,환경부,6271540,0,367227980,0,0,0,6271540
지역지원계정,12060,12060,0,재산수입,지역균형발전특별회계,2020,환경부,2133560,2029420,12060,4150920,2121500,2029420,4162980
지역지원계정,282000,282000,0,경상이전수입,지역균형발전특별회계,2020,환경부,12848040,11543470,282000,24109510,12566040,11543470,24391510
지역지원계정,5868000000,0,5868000000,융자회수금,지역균형발전특별회계,2020,환경부,0,5868000000,5868000000,0,0,0,5868000000
제주특별자치도계정,0,0,0,재산수입,지역균형발전특별회계,2020,환경부,0,0,0,0,0,0,0
제주특별자치도계정,0,0,0,경상이전수입,지역균형발전특별회계,2020,환경부,0,0,0,0,0,0,0
세종특별자치시계정,7542790,7542790,0,재산수입,지역균형발전특별회계,2020,환경부,7542790,0,7542790,0,0,0,7542790
,0,0,0,재산수입,석면피해구제기금,2020,환경부,0,0,0,0,0,0,0
,460373980,460373980,0,경상이전수입,석면피해구제기금,2020,환경부,711421920,895046180,1506010740,1146094120,251047940,895046180,1606468100
,0,0,0,예금및예탁금,석면피해구제기금,2020,환경부,0,2867177960,5022589226,2867177960,0,2867177960,2867177960
,0,0,0,재산수입,일반회계,2020,통계청,0,0,0,0,0,0,0
,63508860,58346730,5162130,경상이전수입,일반회계,2020,통계청,58346730,5162130,66324560,0,0,0,63508860
,0,0,0,재화및용역판매수입,일반회계,2020,통계청,0,0,0,0,0,0,0
,0,0,0,관유물매각대,일반회계,2020,통계청,0,0,0,0,0,0,0
,1535910,1535910,0,재산수입,일반회계,2020,기상청,1535910,0,52450490,0,0,0,1535910
,14317801640,14317801640,0,경상이전수입,일반회계,2020,기상청,14331823040,0,14317802740,14021400,14021400,0,14331823040
,0,0,0,재화및용역판매수입,일반회계,2020,기상청,0,0,0,0,0,0,0
,0,0,0,관유물매각대,일반회계,2020,기상청,0,0,0,0,0,0,0
,0,0,0,기타수입,일반회계,2020,기상청,0,0,50000000,0,0,0,0
,88532630,66020530,22512100,재산수입,일반회계,2020,경찰청,136491640,43824470,114476880,91783480,70471110,21312370,180316110
,1.09949E+11,1.09796E+11,152951220,경상이전수입,일반회계,2020,경찰청,1.45047E+11,1284269620,1.32453E+11,36381799650,35250481250,1131318400,1.46331E+11
,8880800,8880800,0,재화및용역판매수입,일반회계,2020,경찰청,9080800,440,15049260,200440,200000,440,9081240
,0,0,0,관유물매각대,일반회계,2020,경찰청,0,0,8502000,0,0,0,0
,0,0,0,기타수입,일반회계,2020,경찰청,0,0,891800000,0,0,0,0
손익계정,0,0,0,재산수입,경찰병원,2020,경찰청,0,0,0,0,0,0,0
손익계정,0,0,0,경상이전수입,경찰병원,2020,경찰청,0,0,0,0,0,0,0
손익계정,22393740,22393740,0,재화및용역판매수입,경찰병원,2020,경찰청,22393740,0,22393740,0,0,0,22393740
손익계정,0,0,0,관유물매각대,경찰병원,2020,경찰청,0,0,0,0,0,0,0
,54550,54550,0,재산수입,일반회계,2020,공정거래위원회,54550,6960,54550,6960,0,6960,61510
,491241020,491241020,0,경상이전수입,일반회계,2020,공정거래위원회,587355920,138200630,536826090,234315530,96114900,138200630,725556550
,0,0,0,재화및용역판매수입,일반회계,2020,공정거래위원회,0,0,0,0,0,0,0
,399292200,399292200,0,재산수입,일반회계,2020,문화재청,1566244330,387255720,1865282630,1554207850,1166952130,387255720,1953500050
,3808658730,3808658730,0,경상이전수입,일반회계,2020,문화재청,12341854280,23000940,8413479040,8556196490,8533195550,23000940,12364855220
,69500000,69500000,0,재화및용역판매수입,일반회계,2020,문화재청,73509320,0,70101400,4009320,4009320,0,73509320
,0,0,0,관유물매각대,일반회계,2020,문화재청,0,0,0,0,0,0,0
,0,0,0,기타수입,일반회계,2020,문화재청,0,0,25000000,0,0,0,0
지역자율계정,37465710,37465710,0,재산수입,지역균형발전특별회계,2020,문화재청,75047750,0,37465710,37582040,37582040,0,75047750
지역자율계정,146097140,146097140,0,경상이전수입,지역균형발전특별회계,2020,문화재청,484502530,0,146097140,338405390,338405390,0,484502530
지역지원계정,0,0,0,재산수입,지역균형발전특별회계,2020,문화재청,15697630,0,0,15697630,15697630,0,15697630
지역지원계정,0,0,0,경상이전수입,지역균형발전특별회계,2020,문화재청,0,0,0,0,0,0,0
,1226980,1226980,0,재산수입,문화재보호기금,2020,문화재청,57125810,38930,8985430,55937760,55898830,38930,57164740
,79321670,79321670,0,경상이전수입,문화재보호기금,2020,문화재청,1628994570,746950,2110606840,1550419850,1549672900,746950,1629741520
,2149100,2149100,0,재화및용역판매수입,문화재보호기금,2020,문화재청,2149100,0,2149100,0,0,0,2149100
,9994605198,0,9994605198,예금및예탁금,문화재보호기금,2020,문화재청,0,13994605198,19489882312,4000000000,0,4000000000,13994605198
,0,0,0,재산수입,일반회계,2020,국가인권위원회,0,0,0,0,0,0,0
,0,0,0,경상이전수입,일반회계,2020,국가인권위원회,304170,0,0,304170,304170,0,304170
,0,0,0,재화및용역판매수입,일반회계,2020,국가인권위원회,0,0,0,0,0,0,0
,241026000,0,241026000,기타수입,일반회계,2020,국가인권위원회,0,687805000,241026000,446779000,0,446779000,687805000
,2498410,2498410,0,재산수입,일반회계,2020,방위사업청,6436620,10446340,15587050,14384550,3938210,10446340,16882960
,3.17938E+11,3.17846E+11,91692750,경상이전수입,일반회계,2020,방위사업청,3.56246E+11,1.4237E+11,3.42068E+11,1.80678E+11,38399680980,1.42278E+11,4.98615E+11
,3027411000,0,3027411000,융자회수금,일반회계,2020,방위사업청,0,3027411000,3137411000,0,0,0,3027411000
,0,0,0,재산수입,행정중심복합도시건설특별회계,2020,행정중심복합도시건설청,2853350,0,0,2853350,2853350,0,2853350
,14280460,14280460,0,경상이전수입,행정중심복합도시건설특별회계,2020,행정중심복합도시건설청,150890880,0,14280460,136610420,136610420,0,150890880
,0,0,0,재화및용역판매수입,행정중심복합도시건설특별회계,2020,행정중심복합도시건설청,0,0,0,0,0,0,0
,0,0,0,기타수입,행정중심복합도시건설특별회계,2020,행정중심복합도시건설청,0,0,0,0,0,0,0
,338665410,338665410,0,방위세,일반회계,2020,기획재정부,339027730,0,340168910,362320,362320,0,339027730
,2119545586,2119545586,0,교육세,일반회계,2020,기획재정부,2218037176,0,2474832846,98491590,98491590,0,2218037176
,2901358410,2901358410,0,농어촌특별세,일반회계,2020,기획재정부,19623176890,0,20538792510,16721818480,16721818480,0,19623176890
,0,0,0,재산수입,일반회계,2020,기획재정부,0,54511911200,49353398750,54511911200,0,54511911200,54511911200
,0,0,0,경상이전수입,일반회계,2020,기획재정부,4410710,2.36972E+11,2.22601E+11,2.36976E+11,4410710,2.36972E+11,2.36976E+11
,0,0,0,재화및용역판매수입,일반회계,2020,기획재정부,0,0,0,0,0,0,0
,0,0,0,관유물매각대,일반회계,2020,기획재정부,17788436710,4.42071E+11,4.92507E+11,4.59859E+11,17788436710,4.42071E+11,4.59859E+11
,0,0,0,예금및예탁금,일반회계,2020,기획재정부,0,2522846418,2237997331,2522846418,0,2522846418,2522846418
,0,0,0,재산수입,국유재산관리기금,2020,기획재정부,0,0,0,0,0,0,0
,0,0,0,경상이전수입,국유재산관리기금,2020,기획재정부,0,0,0,0,0,0,0
,0,0,0,관유물매각대,국유재산관리기금,2020,기획재정부,0,0,0,0,0,0,0
,0,0,0,예금및예탁금,국유재산관리기금,2020,기획재정부,0,1.69211E+11,2.37075E+11,1.69211E+11,0,1.69211E+11,1.69211E+11
,1185460150,1185460150,0,재산수입,대외경제협력기금,2020,기획재정부,1452728360,0,1185460150,267268210,267268210,0,1452728360
,7.70943E+12,8734649830,7.70069E+12,융자회수금,대외경제협력기금,2020,기획재정부,8734649830,8.60311E+12,7.92558E+12,9.02423E+11,0,9.02423E+11,8.61185E+12
,0,0,0,예금및예탁금,대외경제협력기금,2020,기획재정부,0,30917380074,27831197974,30917380074,0,30917380074,30917380074
총괄계정,3.22771E+11,0,3.22771E+11,재산수입,공공자금관리기금,2020,기획재정부,10440280,3.22771E+11,4.12216E+11,10440280,10440280,0,3.22781E+11
총괄계정,0,0,0,융자회수금,공공자금관리기금,2020,기획재정부,0,0,67000000000,0,0,0,0
총괄계정,0,0,0,예금및예탁금,공공자금관리기금,2020,기획재정부,0,4.42399E+12,1.69717E+11,4.42399E+12,0,4.42399E+12,4.42399E+12
융자계정,0,0,0,재산수입,공공자금관리기금,2020,기획재정부,0,0,0,0,0,0,0
융자계정,6.19114E+11,0,6.19114E+11,융자회수금,공공자금관리기금,2020,기획재정부,0,6.21678E+11,7.69472E+11,2563655000,0,2563655000,6.21678E+11
융자계정,0,0,0,예금및예탁금,공공자금관리기금,2020,기획재정부,0,3.36806E+11,2.89811E+11,3.36806E+11,0,3.36806E+11,3.36806E+11
차관계정,0,0,0,재산수입,공공자금관리기금,2020,기획재정부,0,0,0,0,0,0,0
차관계정,0,0,0,예금및예탁금,공공자금관리기금,2020,기획재정부,0,2.18804E+11,1.00304E+11,2.18804E+11,0,2.18804E+11,2.18804E+11
,1.32901E+14,0,1.32901E+14,예금및예탁금,외국환평형기금,2020,기획재정부,0,1.43556E+14,1.32901E+14,1.06549E+13,0,1.06549E+13,1.43556E+14
,772110,772110,0,재산수입,복권기금,2020,기획재정부,1112580,287910,2740850,628380,340470,287910,1400490
,66142310,66142310,0,경상이전수입,복권기금,2020,기획재정부,755415310,105092000,1205654280,794365000,689273000,105092000,860507310
,0,0,0,재화및용역판매수입,복권기금,2020,기획재정부,0,0,0,0,0,0,0
,5.3528E+11,0,5.3528E+11,예금및예탁금,복권기금,2020,기획재정부,0,5.3528E+11,3.27542E+11,0,0,0,5.3528E+11
,53001110,53001110,0,재산수입,일반회계,2020,문화체육관광부,251528850,89068080,98334160,287595820,198527740,89068080,340596930
,16340942980,16340942980,0,경상이전수입,일반회계,2020,문화체육관광부,18006329010,36383590,19699046580,1701769620,1665386030,36383590,18042712600
,74330420,74330420,0,재화및용역판매수입,일반회계,2020,문화체육관광부,74330420,0,86990260,0,0,0,74330420
,0,0,0,관유물매각대,일반회계,2020,문화체육관광부,0,0,0,0,0,0,0
,3450000,0,3450000,기타수입,일반회계,2020,문화체육관광부,0,3450000,18450000,0,0,0,3450000
,15362851,0,15362851,예금및예탁금,일반회계,2020,문화체육관광부,0,15362851,15362851,0,0,0,15362851
,0,0,0,재산수입,아시아문화중심도시조성특별회계,2020,문화체육관광부,0,677280,30340,677280,0,677280,677280
,15721440,15721440,0,경상이전수입,아시아문화중심도시조성특별회계,2020,문화체육관광부,20137120,0,15771440,4415680,4415680,0,20137120
,0,0,0,재화및용역판매수입,아시아문화중심도시조성특별회계,2020,문화체육관광부,0,0,0,0,0,0,0
,0,0,0,관유물매각대,아시아문화중심도시조성특별회계,2020,문화체육관광부,0,31973000,0,31973000,0,31973000,31973000
,100000000,0,100000000,기타수입,아시아문화중심도시조성특별회계,2020,문화체육관광부,0,100000000,100000000,0,0,0,100000000
지역자율계정,14423020,14423020,0,재산수입,지역균형발전특별회계,2020,문화체육관광부,27872970,5548850,72908000,18998800,13449950,5548850,33421820
지역자율계정,3620882210,3620882210,0,경상이전수입,지역균형발전특별회계,2020,문화체육관광부,4028803270,80213490,5941332890,488134550,407921060,80213490,4109016760
지역지원계정,5226360,5226360,0,재산수입,지역균형발전특별회계,2020,문화체육관광부,5226360,362330,6883330,362330,0,362330,5588690
지역지원계정,89088740,89088740,0,경상이전수입,지역균형발전특별회계,2020,문화체육관광부,89088740,8826630,389088740,8826630,0,8826630,97915370
제주특별자치도계정,0,0,0,재산수입,지역균형발전특별회계,2020,문화체육관광부,0,0,1023110,0,0,0,0
세종특별자치시계정,128740,128740,0,재산수입,지역균형발전특별회계,2020,문화체육관광부,128740,0,128740,0,0,0,128740
세종특별자치시계정,6005500,6005500,0,경상이전수입,지역균형발전특별회계,2020,문화체육관광부,6005500,0,6005500,0,0,0,6005500
,127016820,127016820,0,재산수입,관광진흥개발기금,2020,문화체육관광부,145969370,3859980,143334520,22812530,18952550,3859980,149829350
,1298872560,1298872560,0,경상이전수입,관광진흥개발기금,2020,문화체육관광부,1595745050,19918220,2012376500,316790710,296872490,19918220,1615663270
,2.47833E+12,0,2.47833E+12,융자회수금,관광진흥개발기금,2020,문화체육관광부,0,2.93468E+12,2.57832E+12,4.56355E+11,0,4.56355E+11,2.93468E+12
,21811269936,0,21811269936,예금및예탁금,관광진흥개발기금,2020,문화체육관광부,0,27176364201,21809746785,5365094265,0,5365094265,27176364201
,61896250,61896250,0,재산수입,지역신문발전기금,2020,문화체육관광부,63191920,0,61896250,1295670,1295670,0,63191920
,28234000,28234000,0,경상이전수입,지역신문발전기금,2020,문화체육관광부,28234000,0,28234000,0,0,0,28234000
,0,0,0,예금및예탁금,지역신문발전기금,2020,문화체육관광부,0,983668005,1188101605,983668005,0,983668005,983668005
,6856147920,6856147920,0,재산수입,일반회계,2020,보건복지부,8852303480,1178545840,10732199560,3174701400,1996155560,1178545840,10030849320
,10482035160,10482035160,0,경상이전수입,일반회계,2020,보건복지부,1.57478E+11,63440061780,1.58157E+11,2.10436E+11,1.46996E+11,63440061780,2.20918E+11
,0,0,0,재화및용역판매수입,일반회계,2020,보건복지부,0,0,117590,0,0,0,0
,0,0,0,관유물매각대,일반회계,2020,보건복지부,0,0,0,0,0,0,0
,20503861070,20503861070,0,융자회수금,일반회계,2020,보건복지부,20503861070,0,23060921790,0,0,0,20503861070
,20753610930,0,20753610930,기타수입,일반회계,2020,보건복지부,0,20920610930,20646089930,167000000,0,167000000,20920610930
농어촌특별세사업계정,0,0,0,재산수입,농어촌구조개선특별회계,2020,보건복지부,1485930,71247480,13947330,72733410,1485930,71247480,72733410
농어촌특별세사업계정,0,0,0,경상이전수입,농어촌구조개선특별회계,2020,보건복지부,56343800,56125190,20127640,112468990,56343800,56125190,112468990
농어촌특별세사업계정,7736710000,0,7736710000,융자회수금,농어촌구조개선특별회계,2020,보건복지부,0,7736710000,8029210000,0,0,0,7736710000
투자계정,2123559760,2123559760,0,경상이전수입,에너지및자원사업특별회계,2020,보건복지부,2123559760,0,2125377960,0,0,0,2123559760
지역자율계정,7786720,7786720,0,재산수입,지역균형발전특별회계,2020,보건복지부,87857160,0,403319670,80070440,80070440,0,87857160
지역자율계정,367016310,367016310,0,경상이전수입,지역균형발전특별회계,2020,보건복지부,1769305510,0,6573783120,1402289200,1402289200,0,1769305510
지역지원계정,0,0,0,재산수입,지역균형발전특별회계,2020,보건복지부,250236370,64359670,0,314596040,250236370,64359670,314596040
지역지원계정,0,0,0,경상이전수입,지역균형발전특별회계,2020,보건복지부,6284791980,0,0,6284791980,6284791980,0,6284791980
제주특별자치도계정,0,0,0,경상이전수입,지역균형발전특별회계,2020,보건복지부,0,0,1797600,0,0,0,0
세종특별자치시계정,0,0,0,재산수입,지역균형발전특별회계,2020,보건복지부,0,0,5765120,0,0,0,0
세종특별자치시계정,0,0,0,경상이전수입,지역균형발전특별회계,2020,보건복지부,0,0,331273430,0,0,0,0
손익계정,5119320,5119320,0,재산수입,국립재활원,2020,보건복지부,5119320,0,5119320,0,0,0,5119320
손익계정,12497390,12497390,0,경상이전수입,국립재활원,2020,보건복지부,12497390,0,12497390,0,0,0,12497390
손익계정,1921740,1921740,0,재화및용역판매수입,국립재활원,2020,보건복지부,1921740,408243560,783475350,408243560,0,408243560,410165300
손익계정,0,0,0,재산수입,국립목포병원,2020,보건복지부,0,0,0,0,0,0,0
손익계정,0,0,0,경상이전수입,국립목포병원,2020,보건복지부,0,0,0,0,0,0,0
손익계정,0,0,0,재화및용역판매수입,국립목포병원,2020,보건복지부,0,0,570503060,0,0,0,0
손익계정,0,0,0,재산수입,국립마산병원,2020,보건복지부,0,0,0,0,0,0,0
손익계정,0,0,0,경상이전수입,국립마산병원,2020,보건복지부,0,0,0,0,0,0,0
손익계정,0,0,0,재화및용역판매수입,국립마산병원,2020,보건복지부,0,0,566165820,0,0,0,0
손익계정,0,0,0,재산수입,국립정신건강센터,2020,보건복지부,0,0,0,0,0,0,0
손익계정,54725310,54725310,0,경상이전수입,국립정신건강센터,2020,보건복지부,54725310,0,58000210,0,0,0,54725310
손익계정,0,0,0,재화및용역판매수입,국립정신건강센터,2020,보건복지부,0,1039804780,1482038270,1039804780,0,1039804780,1039804780
손익계정,0,0,0,관유물매각대,국립정신건강센터,2020,보건복지부,0,0,0,0,0,0,0
손익계정,0,0,0,재산수입,국립나주병원,2020,보건복지부,0,0,0,0,0,0,0
손익계정,0,0,0,경상이전수입,국립나주병원,2020,보건복지부,0,0,0,0,0,0,0
손익계정,0,0,0,재화및용역판매수입,국립나주병원,2020,보건복지부,469079310,932300000,1214391210,1401379310,469079310,932300000,1401379310
손익계정,0,0,0,재산수입,국립부곡병원,2020,보건복지부,0,0,0,0,0,0,0
손익계정,0,0,0,경상이전수입,국립부곡병원,2020,보건복지부,0,0,0,0,0,0,0
손익계정,0,0,0,재화및용역판매수입,국립부곡병원,2020,보건복지부,0,498024460,745992930,498024460,0,498024460,498024460
손익계정,0,0,0,재산수입,국립춘천병원,2020,보건복지부,0,0,0,0,0,0,0
손익계정,0,0,0,경상이전수입,국립춘천병원,2020,보건복지부,0,0,0,0,0,0,0
손익계정,0,0,0,재화및용역판매수입,국립춘천병원,2020,보건복지부,0,354226410,967983230,354226410,0,354226410,354226410
손익계정,0,0,0,재산수입,국립공주병원,2020,보건복지부,0,0,0,0,0,0,0
손익계정,0,0,0,경상이전수입,국립공주병원,2020,보건복지부,0,0,0,0,0,0,0
손익계정,0,0,0,재화및용역판매수입,국립공주병원,2020,보건복지부,11958060,319992600,548057900,331950660,11958060,319992600,331950660
손익계정,0,0,0,관유물매각대,국립공주병원,2020,보건복지부,0,0,0,0,0,0,0
,4.7876E+12,0,4.7876E+12,융자회수금,국민연금기금,2020,보건복지부,0,5.27232E+12,5.13144E+12,4.84715E+11,0,4.84715E+11,5.27232E+12
,0,0,0,예금및예탁금,국민연금기금,2020,보건복지부,0,1.51029E+13,1.42918E+13,1.51029E+13,0,1.51029E+13,1.51029E+13
국민건강증진계정,30410840,30410840,0,재산수입,국민건강증진기금,2020,보건복지부,373289620,22465360,238598280,365344140,342878780,22465360,395754980
국민건강증진계정,9684673640,9684673640,0,경상이전수입,국민건강증진기금,2020,보건복지부,76262602410,1309931640,41279668570,67887860410,66577928770,1309931640,77572534050
국민건강증진계정,0,0,0,예금및예탁금,국민건강증진기금,2020,보건복지부,0,29914509807,28217147744,29914509807,0,29914509807,29914509807
공공보건의료계정,0,0,0,재산수입,국민건강증진기금,2020,보건복지부,0,0,0,0,0,0,0
,2169490,2169490,0,재산수입,응급의료기금,2020,보건복지부,29230050,11018500,22707340,38079060,27060560,11018500,40248550
,28070210,28070210,0,경상이전수입,응급의료기금,2020,보건복지부,685246190,90260740,2308854790,747436720,657175980,90260740,775506930
,12722172350,0,12722172350,융자회수금,응급의료기금,2020,보건복지부,0,9.02722E+11,73108362350,8.9E+11,0,8.9E+11,9.02722E+11
,0,0,0,예금및예탁금,응급의료기금,2020,보건복지부,0,76989995262,58354953303,76989995262,0,76989995262,76989995262
,96676030,96676030,0,재산수입,일반회계,2020,여성가족부,249256630,45646490,288325930,198227090,152580600,45646490,294903120
,200815130,200815130,0,경상이전수입,일반회계,2020,여성가족부,2365612280,884305100,4804498710,3049102250,2164797150,884305100,3249917380
,0,0,0,재화및용역판매수입,일반회계,2020,여성가족부,0,0,174930,0,0,0,0
지역자율계정,0,0,0,재산수입,지역균형발전특별회계,2020,여성가족부,429260,0,150400,429260,429260,0,429260
지역자율계정,1481870,1481870,0,경상이전수입,지역균형발전특별회계,2020,여성가족부,433970070,0,293446360,432488200,432488200,0,433970070
지역지원계정,0,0,0,재산수입,지역균형발전특별회계,2020,여성가족부,0,0,0,0,0,0,0
제주특별자치도계정,0,0,0,경상이전수입,지역균형발전특별회계,2020,여성가족부,0,0,0,0,0,0,0
세종특별자치시계정,0,0,0,경상이전수입,지역균형발전특별회계,2020,여성가족부,0,0,18416450,0,0,0,0
,14367770,14367770,0,재산수입,청소년육성기금,2020,여성가족부,91755260,0,102037140,77387490,77387490,0,91755260
,1039931290,1039931290,0,경상이전수입,청소년육성기금,2020,여성가족부,2995335020,0,2108472250,1955403730,1955403730,0,2995335020
,0,0,0,재화및용역판매수입,청소년육성기금,2020,여성가족부,0,0,0,0,0,0,0
,0,0,0,예금및예탁금,청소년육성기금,2020,여성가족부,0,19798132532,20199415551,19798132532,0,19798132532,19798132532
,7579730,7579730,0,재산수입,양성평등기금,2020,여성가족부,30159700,2962050,31329110,25542020,22579970,2962050,33121750
,636307260,636307260,0,경상이전수입,양성평등기금,2020,여성가족부,4760236730,315784040,3060621360,4439713510,4123929470,315784040,5076020770
,339265184,339265184,0,융자회수금,양성평등기금,2020,여성가족부,339265184,0,339819804,0,0,0,339265184
,10300000000,0,10300000000,예금및예탁금,양성평등기금,2020,여성가족부,0,21498418031,20262222070,11198418031,0,11198418031,21498418031
,0,0,0,재산수입,일반회계,2020,방송통신위원회,0,0,0,0,0,0,0
,25864241000,25864241000,0,경상이전수입,일반회계,2020,방송통신위원회,28608354400,126081810,27830697270,2870195210,2744113400,126081810,28734436210
,0,0,0,재화및용역판매수입,일반회계,2020,방송통신위원회,0,0,100000,0,0,0,0
,40000000,0,40000000,기타수입,일반회계,2020,방송통신위원회,0,40000000,40000000,0,0,0,40000000
,0,0,0,재산수입,일반회계,2020,금융위원회,0,0,0,0,0,0,0
,1584296690,1584296690,0,경상이전수입,일반회계,2020,금융위원회,2772219010,1228000,1829803220,1189150320,1187922320,1228000,2773447010
,0,0,0,재산수입,농어가목돈마련저축장려기금,2020,금융위원회,0,0,0,0,0,0,0
,0,0,0,경상이전수입,농어가목돈마련저축장려기금,2020,금융위원회,0,0,0,0,0,0,0
,0,0,0,예금및예탁금,농어가목돈마련저축장려기금,2020,금융위원회,0,0,0,0,0,0,0
,0,0,0,재산수입,공적자금상환기금,2020,금융위원회,0,0,0,0,0,0,0
,0,0,0,경상이전수입,공적자금상환기금,2020,금융위원회,0,0,0,0,0,0,0
,0,0,0,예금및예탁금,공적자금상환기금,2020,금융위원회,0,0,0,0,0,0,0
,16958000,16958000,0,경상이전수입,일반회계,2020,국민권익위원회,27956450,34048850,53849000,45047300,10998450,34048850,62005300
,0,0,0,재화및용역판매수입,일반회계,2020,국민권익위원회,0,0,0,0,0,0,0
,0,0,0,관유물매각대,일반회계,2020,국민권익위원회,0,0,0,0,0,0,0
,0,0,0,기타수입,일반회계,2020,국민권익위원회,0,50000000,0,50000000,0,50000000,50000000
,0,0,0,경상이전수입,일반회계,2020,원자력안전위원회,0,0,0,0,0,0,0
,159408060,159408060,0,재산수입,일반회계,2020,교육부,160823890,0,160371020,1415830,1415830,0,160823890
,1476123070,1476123070,0,경상이전수입,일반회계,2020,교육부,1774125690,9738590,1512888450,307741210,298002620,9738590,1783864280
,4529380,4529380,0,재화및용역판매수입,일반회계,2020,교육부,4529380,0,4529380,0,0,0,4529380
,0,0,0,관유물매각대,일반회계,2020,교육부,0,400000,0,400000,0,400000,400000
,7.54743E+11,0,7.54743E+11,융자회수금,일반회계,2020,교육부,0,7.54743E+11,7.54805E+11,0,0,0,7.54743E+11
,80042880,0,80042880,기타수입,일반회계,2020,교육부,0,97542880,80042880,17500000,0,17500000,97542880
지역지원계정,0,0,0,재산수입,지역균형발전특별회계,2020,교육부,271152460,0,0,271152460,271152460,0,271152460
지역지원계정,0,0,0,경상이전수입,지역균형발전특별회계,2020,교육부,202433350,0,0,202433350,202433350,0,202433350
,0,0,0,경상이전수입,유아교육지원특별회계,2020,교육부,0,0,0,0,0,0,0
,0,0,0,재산수입,일반회계,2020,외교부,0,0,505409900,0,0,0,0
,405686930,405686930,0,경상이전수입,일반회계,2020,외교부,434422260,0,534725260,28735330,28735330,0,434422260
,0,0,0,재화및용역판매수입,일반회계,2020,외교부,0,0,0,0,0,0,0
,4423889046,1877230052,2546658994,기타수입,일반회계,2020,외교부,1928216006,4129189096,6971090668,1633516056,50985954,1582530102,6057405102
,0,0,0,재산수입,국제질병퇴치기금,2020,외교부,0,0,0,0,0,0,0
,0,0,0,경상이전수입,국제질병퇴치기금,2020,외교부,0,0,0,0,0,0,0
,8504758224,0,8504758224,예금및예탁금,국제질병퇴치기금,2020,외교부,0,8504758224,11134017693,0,0,0,8504758224
,142525700,142525700,0,재산수입,일반회계,2020,농림축산식품부,142525700,45890,179348930,45890,0,45890,142571590
,575435210,575435210,0,경상이전수입,일반회계,2020,농림축산식품부,877600090,10648150,755116360,312813030,302164880,10648150,888248240
,440607330,440607330,0,재화및용역판매수입,일반회계,2020,농림축산식품부,615019380,18715000,543223310,193127050,174412050,18715000,633734380
,0,0,0,관유물매각대,일반회계,2020,농림축산식품부,0,0,10375000,0,0,0,0
,275890,275890,0,융자회수금,일반회계,2020,농림축산식품부,275890,0,275890,0,0,0,275890
,449945000,0,449945000,기타수입,일반회계,2020,농림축산식품부,0,449945000,449945000,0,0,0,449945000
구조개선사업계정,11441520,11441520,0,재산수입,농어촌구조개선특별회계,2020,농림축산식품부,12277150,670,12069120,836300,835630,670,12277820
구조개선사업계정,312608570,312608570,0,경상이전수입,농어촌구조개선특별회계,2020,농림축산식품부,319355800,1421739510,805407830,1428486740,6747230,1421739510,1741095310
구조개선사업계정,3118900,3118900,0,재화및용역판매수입,농어촌구조개선특별회계,2020,농림축산식품부,10106640,0,3118900,6987740,6987740,0,10106640
구조개선사업계정,0,0,0,관유물매각대,농어촌구조개선특별회계,2020,농림축산식품부,0,0,0,0,0,0,0
구조개선사업계정,2.0069E+11,0,2.0069E+11,융자회수금,농어촌구조개선특별회계,2020,농림축산식품부,0,2.0764E+11,2.78504E+11,6950000000,0,6950000000,2.0764E+11
농어촌특별세사업계정,3260,3260,0,재산수입,농어촌구조개선특별회계,2020,농림축산식품부,3260,8318860,3260,8318860,0,8318860,8322120
농어촌특별세사업계정,110773540,110773540,0,경상이전수입,농어촌구조개선특별회계,2020,농림축산식품부,243036430,493670490,154197700,625933380,132262890,493670490,736706920
농어촌특별세사업계정,0,0,0,관유물매각대,농어촌구조개선특별회계,2020,농림축산식품부,0,0,0,0,0,0,0
농어촌특별세사업계정,19874321370,0,19874321370,융자회수금,농어촌구조개선특별회계,2020,농림축산식품부,0,19874321370,22416139410,0,0,0,19874321370
투자계정,0,0,0,재산수입,에너지및자원사업특별회계,2020,농림축산식품부,0,0,0,0,0,0,0
투자계정,0,0,0,경상이전수입,에너지및자원사업특별회계,2020,농림축산식품부,387411800,0,0,387411800,387411800,0,387411800
융자계정,0,0,0,재산수입,에너지및자원사업특별회계,2020,농림축산식품부,0,0,0,0,0,0,0
융자계정,20229757270,0,20229757270,융자회수금,에너지및자원사업특별회계,2020,농림축산식품부,0,27000077270,31672751290,6770320000,0,6770320000,27000077270
,0,0,0,재산수입,혁신도시건설특별회계,2020,농림축산식품부,0,0,0,0,0,0,0
,0,0,0,경상이전수입,혁신도시건설특별회계,2020,농림축산식품부,0,0,0,0,0,0,0
지역자율계정,0,0,0,재산수입,지역균형발전특별회계,2020,농림축산식품부,0,0,7557670,0,0,0,0
지역자율계정,51610,51610,0,경상이전수입,지역균형발전특별회계,2020,농림축산식품부,20094370,54040360,1009253840,74083120,20042760,54040360,74134730
지역지원계정,0,0,0,경상이전수입,지역균형발전특별회계,2020,농림축산식품부,0,0,0,0,0,0,0
세종특별자치시계정,0,0,0,재산수입,지역균형발전특별회계,2020,농림축산식품부,0,0,0,0,0,0,0
세종특별자치시계정,0,0,0,경상이전수입,지역균형발전특별회계,2020,농림축산식품부,0,0,0,0,0,0,0
손익계정,0,0,0,재산수입,양곡관리특별회계,2020,농림축산식품부,0,66220,0,66220,0,66220,66220
손익계정,0,0,0,경상이전수입,양곡관리특별회계,2020,농림축산식품부,0,44380,0,44380,0,44380,44380
손익계정,685039340,685039340,0,재화및용역판매수입,양곡관리특별회계,2020,농림축산식품부,723328530,0,685669820,38289190,38289190,0,723328530
손익계정,0,0,0,관유물매각대,양곡관리특별회계,2020,농림축산식품부,3244720,9481300,63077720,12726020,3244720,9481300,12726020
,0,0,0,재산수입,농업·농촌공익기능증진직접지불기금,2020,농림축산식품부,0,0,0,0,0,0,0
,0,0,0,재산수입,양곡증권정리기금,2020,농림축산식품부,0,0,0,0,0,0,0
,0,0,0,예금및예탁금,양곡증권정리기금,2020,농림축산식품부,0,29636069140,30653284110,29636069140,0,29636069140,29636069140
,0,0,0,재산수입,농산물가격안정기금,2020,농림축산식품부,0,0,0,0,0,0,0
,0,0,0,경상이전수입,농산물가격안정기금,2020,농림축산식품부,143376000,0,0,143376000,143376000,0,143376000
,0,0,0,재화및용역판매수입,농산물가격안정기금,2020,농림축산식품부,0,0,0,0,0,0,0
,0,0,0,관유물매각대,농산물가격안정기금,2020,농림축산식품부,0,0,0,0,0,0,0
,1.51911E+12,0,1.51911E+12,융자회수금,농산물가격안정기금,2020,농림축산식품부,0,2.81601E+12,2.92098E+12,1.29691E+12,0,1.29691E+12,2.81601E+12
,320000763,0,320000763,예금및예탁금,농산물가격안정기금,2020,농림축산식품부,0,2.62864E+11,2.04663E+11,2.62544E+11,0,2.62544E+11,2.62864E+11
,24952626944,574944768,24377682176,재산수입,농지관리기금,2020,농림축산식품부,2770705926,36064093299,33286969985,13882172281,2195761158,11686411123,38834799225
,2.18314E+11,37952346778,1.80362E+11,경상이전수입,농지관리기금,2020,농림축산식품부,46142763518,5.15339E+11,5.63026E+11,3.43168E+11,8190416740,3.34977E+11,5.61482E+11
,1.45397E+11,1.45397E+11,0,관유물매각대,농지관리기금,2020,농림축산식품부,1.45397E+11,4860794760,1.94434E+11,4860794760,0,4860794760,1.50258E+11
,5.5546E+12,0,5.5546E+12,융자회수금,농지관리기금,2020,농림축산식품부,0,6.56429E+12,5.92765E+12,1.00969E+12,0,1.00969E+12,6.56429E+12
,0,0,0,예금및예탁금,농지관리기금,2020,농림축산식품부,0,2.9046E+11,4.86814E+11,2.9046E+11,0,2.9046E+11,2.9046E+11
,0,0,0,재산수입,축산발전기금,2020,농림축산식품부,0,0,548640,0,0,0,0
,0,0,0,경상이전수입,축산발전기금,2020,농림축산식품부,0,44552880,1905342970,44552880,0,44552880,44552880
,0,0,0,관유물매각대,축산발전기금,2020,농림축산식품부,0,0,0,0,0,0,0
,6.1813E+11,0,6.1813E+11,융자회수금,축산발전기금,2020,농림축산식품부,0,1.09065E+12,1.18238E+12,4.72522E+11,0,4.72522E+11,1.09065E+12
,0,0,0,예금및예탁금,축산발전기금,2020,농림축산식품부,0,43260983607,62995520633,43260983607,0,43260983607,43260983607
,0,0,0,재산수입,농업소득보전직접지불기금,2020,농림축산식품부,0,0,0,0,0,0,0
,0,0,0,경상이전수입,농업소득보전직접지불기금,2020,농림축산식품부,0,0,0,0,0,0,0
,0,0,0,예금및예탁금,농업소득보전직접지불기금,2020,농림축산식품부,0,0,6142130,0,0,0,0
,152290,152290,0,재산수입,자유무역협정이행지원기금,2020,농림축산식품부,493000,13734690,801280,14075400,340710,13734690,14227690
,0,0,0,경상이전수입,자유무역협정이행지원기금,2020,농림축산식품부,653000,718304780,2348269720,718957780,653000,718304780,718957780
,7.8022E+11,11976904469,7.68243E+11,융자회수금,자유무역협정이행지원기금,2020,농림축산식품부,11976904469,9.98198E+11,1.06991E+12,2.29954E+11,0,2.29954E+11,1.01017E+12
,0,0,0,예금및예탁금,자유무역협정이행지원기금,2020,농림축산식품부,0,1.38768E+11,1.00301E+11,1.38768E+11,0,1.38768E+11,1.38768E+11
,0,0,0,재산수입,농어업재해재보험기금,2020,농림축산식품부,0,0,0,0,0,0,0
,0,0,0,경상이전수입,농어업재해재보험기금,2020,농림축산식품부,0,0,0,0,0,0,0
,0,0,0,재화및용역판매수입,농어업재해재보험기금,2020,농림축산식품부,0,0,0,0,0,0,0
,0,0,0,예금및예탁금,농어업재해재보험기금,2020,농림축산식품부,0,66273350406,61707189526,66273350406,0,66273350406,66273350406
,1389821090,1389821090,0,재산수입,일반회계,2020,산업통상자원부,2372546170,690060,1841418080,983415140,982725080,690060,2373236230
,1095423110,1095423110,0,경상이전수입,일반회계,2020,산업통상자원부,3401347590,3439179990,1231963060,5745104470,2305924480,3439179990,6840527580
,89964500,89964500,0,재화및용역판매수입,일반회계,2020,산업통상자원부,136852010,0,105426210,46887510,46887510,0,136852010
,0,0,0,관유물매각대,일반회계,2020,산업통상자원부,0,0,0,0,0,0,0
투자계정,0,0,0,재산수입,에너지및자원사업특별회계,2020,산업통상자원부,148760,0,7698250,148760,148760,0,148760
투자계정,3590926900,3590926900,0,경상이전수입,에너지및자원사업특별회계,2020,산업통상자원부,4086509130,4204700,4160557770,499786930,495582230,4204700,4090713830
융자계정,0,0,0,재산수입,에너지및자원사업특별회계,2020,산업통상자원부,0,0,0,0,0,0,0
융자계정,3.61854E+12,0,3.61854E+12,융자회수금,에너지및자원사업특별회계,2020,산업통상자원부,0,4.00215E+12,4.44859E+12,3.83614E+11,0,3.83614E+11,4.00215E+12
지역자율계정,2242550,2242550,0,재산수입,지역균형발전특별회계,2020,산업통상자원부,3582220,430,3918460,1340100,1339670,430,3582650
지역자율계정,10272300,10272300,0,경상이전수입,지역균형발전특별회계,2020,산업통상자원부,40677820,0,50468540,30405520,30405520,0,40677820
지역지원계정,0,0,0,재산수입,지역균형발전특별회계,2020,산업통상자원부,62136820,2699740,195755250,64836560,62136820,2699740,64836560
지역지원계정,0,0,0,경상이전수입,지역균형발전특별회계,2020,산업통상자원부,5988145270,0,3106210730,5988145270,5988145270,0,5988145270
세종특별자치시계정,0,0,0,재산수입,지역균형발전특별회계,2020,산업통상자원부,0,0,0,0,0,0,0
세종특별자치시계정,0,0,0,경상이전수입,지역균형발전특별회계,2020,산업통상자원부,0,0,0,0,0,0,0
,0,0,0,재산수입,소재부품장비경쟁력강화특별회계,2020,산업통상자원부,0,0,0,0,0,0,0
산업기술혁신계정,0,0,0,재산수입,산업기술진흥및사업화촉진기금,2020,산업통상자원부,0,0,0,0,0,0,0
산업기술혁신계정,0,0,0,경상이전수입,산업기술진흥및사업화촉진기금,2020,산업통상자원부,0,0,0,0,0,0,0
산업기술혁신계정,0,0,0,예금및예탁금,산업기술진흥및사업화촉진기금,2020,산업통상자원부,0,48201318248,66176276537,48201318248,0,48201318248,48201318248
특정물질사용합리화계정,0,0,0,재산수입,산업기술진흥및사업화촉진기금,2020,산업통상자원부,0,0,0,0,0,0,0
특정물질사용합리화계정,0,0,0,경상이전수입,산업기술진흥및사업화촉진기금,2020,산업통상자원부,0,0,0,0,0,0,0
특정물질사용합리화계정,5247300000,0,5247300000,융자회수금,산업기술진흥및사업화촉진기금,2020,산업통상자원부,0,6409300000,7039400000,1162000000,0,1162000000,6409300000
특정물질사용합리화계정,0,0,0,예금및예탁금,산업기술진흥및사업화촉진기금,2020,산업통상자원부,0,2696654166,1078520187,2696654166,0,2696654166,2696654166
,0,0,0,재산수입,전력산업기반기금,2020,산업통상자원부,0,0,6058510,0,0,0,0
,39432980,39432980,0,경상이전수입,전력산업기반기금,2020,산업통상자원부,64900243100,0,2.14656E+11,64860810120,64860810120,0,64900243100
,8.42765E+11,0,8.42765E+11,융자회수금,전력산업기반기금,2020,산업통상자원부,0,1.29839E+12,9.54983E+11,4.55623E+11,0,4.55623E+11,1.29839E+12
,0,0,0,예금및예탁금,전력산업기반기금,2020,산업통상자원부,0,91356981585,4.41582E+11,91356981585,0,91356981585,91356981585
,0,0,0,재산수입,방사성폐기물관리기금,2020,산업통상자원부,0,0,0,0,0,0,0
,0,0,0,경상이전수입,방사성폐기물관리기금,2020,산업통상자원부,0,0,0,0,0,0,0
,0,0,0,재화및용역판매수입,방사성폐기물관리기금,2020,산업통상자원부,0,0,0,0,0,0,0
,2002162280,0,2002162280,예금및예탁금,방사성폐기물관리기금,2020,산업통상자원부,0,3.58735E+11,3.22057E+11,3.56733E+11,0,3.56733E+11,3.58735E+11
,2471172570,2471172570,0,재산수입,일반회계,2020,국토교통부,3163390420,250591700,2607111590,942809550,692217850,250591700,3413982120
,22940662600,22940662600,0,경상이전수입,일반회계,2020,국토교통부,36969247230,148802190,28702310410,14177386820,14028584630,148802190,37118049420
,50489920,50489920,0,재화및용역판매수입,일반회계,2020,국토교통부,68024710,21965680,745959390,39500470,17534790,21965680,89990390
,2298404290,2298404290,0,관유물매각대,일반회계,2020,국토교통부,2298591290,0,2298404290,187000,187000,0,2298591290
,119174110,0,119174110,기타수입,일반회계,2020,국토교통부,0,119174110,190257010,0,0,0,119174110
도로계정,12826619900,12739713480,86906420,재산수입,교통시설특별회계,2020,국토교통부,14259983690,164135230,14006099990,1597499020,1520270210,77228810,14424118920
도로계정,19477500500,19477468120,32380,경상이전수입,교통시설특별회계,2020,국토교통부,24506860720,347744020,21188376210,5377104240,5029392600,347711640,24854604740
도로계정,564415320,564415320,0,재화및용역판매수입,교통시설특별회계,2020,국토교통부,712695640,0,631644580,148280320,148280320,0,712695640
도로계정,0,0,0,관유물매각대,교통시설특별회계,2020,국토교통부,317238450,134656500,224302840,451894950,317238450,134656500,451894950
철도계정,2639738540,2639738540,0,재산수입,교통시설특별회계,2020,국토교통부,2639738540,10244350,2653191660,10244350,0,10244350,2649982890
철도계정,2559828440,2559828440,0,경상이전수입,교통시설특별회계,2020,국토교통부,2559828440,0,2565288900,0,0,0,2559828440
철도계정,0,0,0,재화및용역판매수입,교통시설특별회계,2020,국토교통부,0,0,0,0,0,0,0
철도계정,111994500,111994500,0,관유물매각대,교통시설특별회계,2020,국토교통부,111994500,800000000,271037300,800000000,0,800000000,911994500
공항계정,1493410,1493410,0,재산수입,교통시설특별회계,2020,국토교통부,1493410,357967410,5651380,357967410,0,357967410,359460820
공항계정,646933580,646933580,0,경상이전수입,교통시설특별회계,2020,국토교통부,6648518660,22966020,1082398210,6024551100,6001585080,22966020,6671484680
공항계정,164219940,164219940,0,재화및용역판매수입,교통시설특별회계,2020,국토교통부,164219940,0,171358490,0,0,0,164219940
공항계정,0,0,0,관유물매각대,교통시설특별회계,2020,국토교통부,0,0,0,0,0,0,0
교통체계관리계정,0,0,0,재산수입,교통시설특별회계,2020,국토교통부,0,0,421000,0,0,0,0
교통체계관리계정,0,0,0,경상이전수입,교통시설특별회계,2020,국토교통부,0,0,35399670,0,0,0,0
투자계정,0,0,0,재산수입,에너지및자원사업특별회계,2020,국토교통부,0,0,0,0,0,0,0
투자계정,0,0,0,경상이전수입,에너지및자원사업특별회계,2020,국토교통부,0,0,0,0,0,0,0
,0,0,0,재산수입,혁신도시건설특별회계,2020,국토교통부,0,0,0,0,0,0,0
,0,0,0,경상이전수입,혁신도시건설특별회계,2020,국토교통부,0,0,0,0,0,0,0
지역자율계정,333320,333320,0,재산수입,지역균형발전특별회계,2020,국토교통부,1233590,10689760,45695210,11590030,900270,10689760,11923350
지역자율계정,4.63953E+11,2.43404E+11,2.2055E+11,경상이전수입,지역균형발전특별회계,2020,국토교통부,2.68746E+11,4.54119E+11,6.54901E+11,2.58911E+11,25342041380,2.33569E+11,7.22864E+11
지역자율계정,2411890,2411890,0,재화및용역판매수입,지역균형발전특별회계,2020,국토교통부,2411890,0,2411890,0,0,0,2411890
지역자율계정,312469690,0,312469690,기타수입,지역균형발전특별회계,2020,국토교통부,0,312469690,312469690,0,0,0,312469690
지역지원계정,128186890,128186890,0,재산수입,지역균형발전특별회계,2020,국토교통부,128186890,0,128207300,0,0,0,128186890
지역지원계정,1.34855E+11,1.34484E+11,371330240,경상이전수입,지역균형발전특별회계,2020,국토교통부,1.36474E+11,54408609520,1.7548E+11,56027793750,1990514470,54037279280,1.90883E+11
지역지원계정,0,0,0,재화및용역판매수입,지역균형발전특별회계,2020,국토교통부,0,0,2983090,0,0,0,0
지역지원계정,471915470,471915470,0,관유물매각대,지역균형발전특별회계,2020,국토교통부,471915470,0,471915470,0,0,0,471915470
지역지원계정,151157210,0,151157210,예금및예탁금,지역균형발전특별회계,2020,국토교통부,0,151157210,151157210,0,0,0,151157210
제주특별자치도계정,0,0,0,재산수입,지역균형발전특별회계,2020,국토교통부,0,0,0,0,0,0,0
제주특별자치도계정,0,0,0,경상이전수입,지역균형발전특별회계,2020,국토교통부,0,0,0,0,0,0,0
세종특별자치시계정,0,0,0,재산수입,지역균형발전특별회계,2020,국토교통부,0,0,0,0,0,0,0
세종특별자치시계정,0,0,0,경상이전수입,지역균형발전특별회계,2020,국토교통부,0,0,0,0,0,0,0
,63620774598,0,63620774598,예금및예탁금,자동차사고피해지원기금,2020,국토교통부,0,2.11773E+11,2.10462E+11,1.48153E+11,0,1.48153E+11,2.11773E+11
주택계정,0,0,0,재화및용역판매수입,주택도시기금,2020,국토교통부,0,4713411506,5884046850,4713411506,0,4713411506,4713411506
주택계정,1.00138E+14,2.59872E+11,9.98784E+13,융자회수금,주택도시기금,2020,국토교통부,3.05408E+11,1.2223E+14,1.16518E+14,2.23969E+13,45535397480,2.23513E+13,1.22535E+14
주택계정,0,0,0,예금및예탁금,주택도시기금,2020,국토교통부,0,1.09034E+12,8.81747E+11,1.09034E+12,0,1.09034E+12,1.09034E+12
도시계정,0,0,0,재화및용역판매수입,주택도시기금,2020,국토교통부,0,149128779,6724840,149128779,0,149128779,149128779
도시계정,5.26596E+11,13504061235,5.13092E+11,융자회수금,주택도시기금,2020,국토교통부,13504061235,1.2306E+12,6.44899E+11,7.17507E+11,0,7.17507E+11,1.2441E+12
도시계정,0,0,0,예금및예탁금,주택도시기금,2020,국토교통부,0,156046111,13992018448,156046111,0,156046111,156046111
,165552880,165552880,0,재산수입,일반회계,2020,해양수산부,201584100,321744550,525905730,357775770,36031220,321744550,523328650
,645982200,645982200,0,경상이전수입,일반회계,2020,해양수산부,1022957380,1864584050,900430690,2241559230,376975180,1864584050,2887541430
,61297420,61297420,0,재화및용역판매수입,일반회계,2020,해양수산부,240028190,33826760,42943980,212557530,178730770,33826760,273854950
,0,0,0,관유물매각대,일반회계,2020,해양수산부,0,0,70199000,0,0,0,0
,372568432,44110112,328458320,융자회수금,일반회계,2020,해양수산부,44110112,328458320,370318432,0,0,0,372568432
,3.72843E+11,0,3.72843E+11,기타수입,일반회계,2020,해양수산부,0,3.72947E+11,3.72843E+11,104000000,0,104000000,3.72947E+11
구조개선사업계정,3614870,3614870,0,재산수입,농어촌구조개선특별회계,2020,해양수산부,84775410,8601350,11942840,89761890,81160540,8601350,93376760
구조개선사업계정,2087293630,2087293630,0,경상이전수입,농어촌구조개선특별회계,2020,해양수산부,3840822210,1676473380,2694624040,3430001960,1753528580,1676473380,5517295590
구조개선사업계정,0,0,0,재화및용역판매수입,농어촌구조개선특별회계,2020,해양수산부,0,2700000,0,2700000,0,2700000,2700000
구조개선사업계정,22954941860,0,22954941860,융자회수금,농어촌구조개선특별회계,2020,해양수산부,0,22954941860,31155214060,0,0,0,22954941860
농어촌특별세사업계정,0,0,0,재산수입,농어촌구조개선특별회계,2020,해양수산부,77900,408410,3878910,486310,77900,408410,486310
농어촌특별세사업계정,546050540,546050540,0,경상이전수입,농어촌구조개선특별회계,2020,해양수산부,576031420,26272890,571683830,56253770,29980880,26272890,602304310
농어촌특별세사업계정,0,0,0,재화및용역판매수입,농어촌구조개선특별회계,2020,해양수산부,0,0,0,0,0,0,0
농어촌특별세사업계정,0,0,0,관유물매각대,농어촌구조개선특별회계,2020,해양수산부,0,0,0,0,0,0,0
농어촌특별세사업계정,257746510,0,257746510,융자회수금,농어촌구조개선특별회계,2020,해양수산부,0,257746510,359663510,0,0,0,257746510
항만계정,667855550,667259210,596340,재산수입,교통시설특별회계,2020,해양수산부,669450750,20006000,1192228570,21601200,2191540,19409660,689456750
항만계정,6853348960,6853348960,0,경상이전수입,교통시설특별회계,2020,해양수산부,7281680360,9908840,8309806600,438240240,428331400,9908840,7291589200
항만계정,7859799690,7859799690,0,재화및용역판매수입,교통시설특별회계,2020,해양수산부,9394912660,5100007510,13205053650,6635120480,1535112970,5100007510,14494920170
항만계정,820566400,685428400,135138000,관유물매각대,교통시설특별회계,2020,해양수산부,685428400,254037000,845862700,118899000,0,118899000,939465400
투자계정,0,0,0,재산수입,에너지및자원사업특별회계,2020,해양수산부,11117950,0,0,11117950,11117950,0,11117950
투자계정,388971480,388971480,0,경상이전수입,에너지및자원사업특별회계,2020,해양수산부,624656480,0,538971480,235685000,235685000,0,624656480
지역자율계정,5557250,5557250,0,재산수입,지역균형발전특별회계,2020,해양수산부,35314700,684770,10503780,30442220,29757450,684770,35999470
지역자율계정,796642250,796642250,0,경상이전수입,지역균형발전특별회계,2020,해양수산부,974393740,298921150,1119469740,476672640,177751490,298921150,1273314890
지역지원계정,0,0,0,재산수입,지역균형발전특별회계,2020,해양수산부,2173610,0,0,2173610,2173610,0,2173610
지역지원계정,359991740,359991740,0,경상이전수입,지역균형발전특별회계,2020,해양수산부,436233950,0,359991740,76242210,76242210,0,436233950
제주특별자치도계정,0,0,0,재산수입,지역균형발전특별회계,2020,해양수산부,0,0,0,0,0,0,0
제주특별자치도계정,0,0,0,경상이전수입,지역균형발전특별회계,2020,해양수산부,0,0,0,0,0,0,0
,464000,464000,0,재산수입,수산발전기금,2020,해양수산부,469440,1471930,464000,1477370,5440,1471930,1941370
,1038136210,1038136210,0,경상이전수입,수산발전기금,2020,해양수산부,1543054290,17003768740,3375789310,17508686820,504918080,17003768740,18546823030
,0,0,0,재화및용역판매수입,수산발전기금,2020,해양수산부,0,0,0,0,0,0,0
,0,0,0,관유물매각대,수산발전기금,2020,해양수산부,0,0,0,0,0,0,0
,2.63683E+11,0,2.63683E+11,융자회수금,수산발전기금,2020,해양수산부,0,6.06946E+11,6.97427E+11,3.43263E+11,0,3.43263E+11,6.06946E+11
,0,0,0,예금및예탁금,수산발전기금,2020,해양수산부,0,47710282851,10504364277,47710282851,0,47710282851,47710282851
,47038170,47038170,0,재산수입,일반회계,2020,식품의약품안전처,66018840,989960,74213230,19970630,18980670,989960,67008800
,262102900,262102900,0,경상이전수입,일반회계,2020,식품의약품안전처,338405290,75543050,473898140,151845440,76302390,75543050,413948340
,0,0,0,재화및용역판매수입,일반회계,2020,식품의약품안전처,0,0,0,0,0,0,0
,0,0,0,관유물매각대,일반회계,2020,식품의약품안전처,0,0,0,0,0,0,0
,0,0,0,기타수입,일반회계,2020,식품의약품안전처,0,3942400,3945000,3942400,0,3942400,3942400
구조개선사업계정,0,0,0,관유물매각대,농어촌구조개선특별회계,2020,식품의약품안전처,0,0,0,0,0,0,0
지역지원계정,0,0,0,재산수입,지역균형발전특별회계,2020,식품의약품안전처,0,0,0,0,0,0,0
지역지원계정,0,0,0,경상이전수입,지역균형발전특별회계,2020,식품의약품안전처,0,0,0,0,0,0,0
제주특별자치도계정,450,450,0,재산수입,지역균형발전특별회계,2020,식품의약품안전처,450,0,450,0,0,0,450
제주특별자치도계정,468390,468390,0,경상이전수입,지역균형발전특별회계,2020,식품의약품안전처,468390,0,468390,0,0,0,468390
,0,0,0,재산수입,일반회계,2020,대통령비서실 및 국가안보실,0,0,0,0,0,0,0
,0,0,0,경상이전수입,일반회계,2020,대통령비서실 및 국가안보실,0,0,0,0,0,0,0
,0,0,0,재화및용역판매수입,일반회계,2020,대통령비서실 및 국가안보실,0,0,0,0,0,0,0
,0,0,0,재산수입,일반회계,2020,새만금개발청,0,0,0,0,0,0,0
,0,0,0,경상이전수입,일반회계,2020,새만금개발청,0,4406830,0,4406830,0,4406830,4406830
,0,0,0,재화및용역판매수입,일반회계,2020,새만금개발청,344400050,0,327963330,344400050,344400050,0,344400050
지역자율계정,0,0,0,재산수입,지역균형발전특별회계,2020,새만금개발청,457940,0,0,457940,457940,0,457940
지역지원계정,0,0,0,재산수입,지역균형발전특별회계,2020,새만금개발청,0,0,0,0,0,0,0
,89544420,89544420,0,재산수입,일반회계,2020,행정안전부,318136400,663228640,524138420,891820620,228591980,663228640,981365040
,3795660830,3795660830,0,경상이전수입,일반회계,2020,행정안전부,9457913900,741959070,4189741430,6404212140,5662253070,741959070,10199872970
,406719880,406719880,0,재화및용역판매수입,일반회계,2020,행정안전부,406760180,0,427980090,40300,40300,0,406760180
,0,0,0,관유물매각대,일반회계,2020,행정안전부,0,0,0,0,0,0,0
,125000000,0,125000000,기타수입,일반회계,2020,행정안전부,0,125000000,125000000,0,0,0,125000000
지역자율계정,0,0,0,재산수입,지역균형발전특별회계,2020,행정안전부,0,0,0,0,0,0,0
지역자율계정,120398440,120398440,0,경상이전수입,지역균형발전특별회계,2020,행정안전부,120398440,0,120398440,0,0,0,120398440
지역지원계정,6923430,6923430,0,재산수입,지역균형발전특별회계,2020,행정안전부,33841630,10349460,28289820,37267660,26918200,10349460,44191090
지역지원계정,297090740,297090740,0,경상이전수입,지역균형발전특별회계,2020,행정안전부,1693561920,240793910,1096054470,1637265090,1396471180,240793910,1934355830
,0,0,0,재산수입,일반회계,2020,중소벤처기업부,0,10989230,0,10989230,0,10989230,10989230
,717972630,717972630,0,경상이전수입,일반회계,2020,중소벤처기업부,770406890,0,728893220,52434260,52434260,0,770406890
,0,0,0,재화및용역판매수입,일반회계,2020,중소벤처기업부,0,0,0,0,0,0,0
,0,0,0,관유물매각대,일반회계,2020,중소벤처기업부,0,0,0,0,0,0,0
,90000,0,90000,기타수입,일반회계,2020,중소벤처기업부,0,90000,90000,0,0,0,90000
지역자율계정,89381190,89381190,0,재산수입,지역균형발전특별회계,2020,중소벤처기업부,89825260,0,98560980,444070,444070,0,89825260
지역자율계정,562285060,562285060,0,경상이전수입,지역균형발전특별회계,2020,중소벤처기업부,562285060,0,596670180,0,0,0,562285060
지역지원계정,0,0,0,재산수입,지역균형발전특별회계,2020,중소벤처기업부,0,0,0,0,0,0,0
지역지원계정,0,0,0,경상이전수입,지역균형발전특별회계,2020,중소벤처기업부,0,0,0,0,0,0,0
제주특별자치도계정,0,0,0,재산수입,지역균형발전특별회계,2020,중소벤처기업부,0,0,0,0,0,0,0
제주특별자치도계정,0,0,0,경상이전수입,지역균형발전특별회계,2020,중소벤처기업부,0,0,0,0,0,0,0
세종특별자치시계정,0,0,0,재산수입,지역균형발전특별회계,2020,중소벤처기업부,0,0,0,0,0,0,0
,672590,672590,0,재산수입,소상공인시장진흥기금,2020,중소벤처기업부,2133830,7134881520,14264976240,7136342760,1461240,7134881520,7137015350
,60748250,60748250,0,경상이전수입,소상공인시장진흥기금,2020,중소벤처기업부,357625020,220,81757260,296876990,296876770,220,357625240
,9.39531E+12,0,9.39531E+12,융자회수금,소상공인시장진흥기금,2020,중소벤처기업부,0,9.64085E+12,7.06309E+12,2.45549E+11,0,2.45549E+11,9.64085E+12
,4.66984E+11,0,4.66984E+11,예금및예탁금,소상공인시장진흥기금,2020,중소벤처기업부,0,4.67091E+11,3.62497E+11,107155215,0,107155215,4.67091E+11
,0,0,0,재산수입,일반회계,2020,소방청,28069630,0,962820,28069630,28069630,0,28069630
,0,0,0,경상이전수입,일반회계,2020,소방청,565141470,0,273850,565141470,565141470,0,565141470
,0,0,0,재화및용역판매수입,일반회계,2020,소방청,0,0,0,0,0,0,0
,0,0,0,기타수입,일반회계,2020,소방청,0,0,40000000,0,0,0,0
,0,0,0,재산수입,일반회계,2020,해양경찰청,0,0,0,0,0,0,0
,6987909450,6987258340,651110,경상이전수입,일반회계,2020,해양경찰청,7031670280,129415950,7515881430,173176780,44411940,128764840,7161086230
,0,0,0,재화및용역판매수입,일반회계,2020,해양경찰청,0,1531000,0,1531000,0,1531000,1531000
,0,0,0,관유물매각대,일반회계,2020,해양경찰청,0,0,0,0,0,0,0
,0,0,0,기타수입,일반회계,2020,해양경찰청,0,0,141000000,0,0,0,0
,0,0,0,경상이전수입,일반회계,2020,가습기살균제사건과 4·16세월호참사 특별조사위원회,0,0,0,0,0,0,0
,0,0,0,경상이전수입,일반회계,2020,5·18민주화운동 진상규명조사위원회,0,0,0,0,0,0,0
,0,0,0,기타수입,일반회계,2020,5·18민주화운동 진상규명조사위원회,0,645517000,0,645517000,0,645517000,645517000
,26856500,26856500,0,경상이전수입,일반회계,2020,개인정보보호위원회,42033870,8432210,0,23609580,15177370,8432210,50466080
,0,0,0,재산수입,일반회계,2020,질병관리청,9148270,467820,0,9616090,9148270,467820,9616090
,19487610,19487610,0,경상이전수입,일반회계,2020,질병관리청,277689660,4094000,0,262296050,258202050,4094000,281783660
,0,0,0,재화및용역판매수입,일반회계,2020,질병관리청,0,0,0,0,0,0,0
,0,0,0,관유물매각대,일반회계,2020,질병관리청,0,0,0,0,0,0,0
,0,0,0,기타수입,일반회계,2020,질병관리청,0,160000000,0,160000000,0,160000000,160000000
손익계정,0,0,0,재산수입,국립목포병원,2020,질병관리청,0,0,0,0,0,0,0
손익계정,0,0,0,경상이전수입,국립목포병원,2020,질병관리청,0,0,0,0,0,0,0
손익계정,0,0,0,재화및용역판매수입,국립목포병원,2020,질병관리청,3661420,470303500,0,473964920,3661420,470303500,473964920
손익계정,0,0,0,재산수입,국립마산병원,2020,질병관리청,0,8183100,0,8183100,0,8183100,8183100
손익계정,0,0,0,경상이전수입,국립마산병원,2020,질병관리청,0,0,0,0,0,0,0
손익계정,0,0,0,재화및용역판매수입,국립마산병원,2020,질병관리청,0,487812450,0,487812450,0,487812450,487812450
,0,0,0,기타수입,일반회계,2020,진실·화해를위한과거사정리위원회,0,1584657000,0,1584657000,0,1584657000,1584657000
,0,0,0,재산수입,일반회계,2020,인사혁신처,0,0,0,0,0,0,0
,75214860,75214860,0,경상이전수입,일반회계,2020,인사혁신처,75214860,0,164284470,0,0,0,75214860
,0,0,0,재화및용역판매수입,일반회계,2020,인사혁신처,0,0,0,0,0,0,0
,9.9391E+11,0,9.9391E+11,융자회수금,일반회계,2020,인사혁신처,0,9.9391E+11,1.04727E+12,0,0,0,9.9391E+11
,0,0,0,재산수입,일반회계,2020,과학기술정보통신부,0,2012950,4209140,2012950,0,2012950,2012950
,62312040,60738590,1573450,경상이전수입,일반회계,2020,과학기술정보통신부,77989230,10135150,84540610,25812340,17250640,8561700,88124380
,770083370,770083370,0,재화및용역판매수입,일반회계,2020,과학기술정보통신부,934059170,14678660,999119380,178654460,163975800,14678660,948737830
,0,0,0,관유물매각대,일반회계,2020,과학기술정보통신부,0,0,0,0,0,0,0
,1650000,0,1650000,기타수입,일반회계,2020,과학기술정보통신부,0,1650000,1650000,0,0,0,1650000
투자계정,0,0,0,재산수입,에너지및자원사업특별회계,2020,과학기술정보통신부,0,0,0,0,0,0,0
투자계정,0,0,0,경상이전수입,에너지및자원사업특별회계,2020,과학기술정보통신부,0,0,0,0,0,0,0
,34454950,34454950,0,경상이전수입,우체국보험특별회계,2020,과학기술정보통신부,34454950,1088990,36444770,1088990,0,1088990,35543940
지역지원계정,0,0,0,재산수입,지역균형발전특별회계,2020,과학기술정보통신부,0,0,0,0,0,0,0
지역지원계정,0,0,0,경상이전수입,지역균형발전특별회계,2020,과학기술정보통신부,0,0,1374210,0,0,0,0
제주특별자치도계정,0,0,0,재산수입,지역균형발전특별회계,2020,과학기술정보통신부,0,0,0,0,0,0,0
제주특별자치도계정,0,0,0,경상이전수입,지역균형발전특별회계,2020,과학기술정보통신부,0,0,0,0,0,0,0
세종특별자치시계정,0,0,0,재산수입,지역균형발전특별회계,2020,과학기술정보통신부,0,0,0,0,0,0,0
세종특별자치시계정,0,0,0,경상이전수입,지역균형발전특별회계,2020,과학기술정보통신부,0,0,0,0,0,0,0
자본계정,220060930,220060930,0,관유물매각대,우편사업특별회계,2020,과학기술정보통신부,220060930,241219990,3314341380,241219990,0,241219990,461280920
자본계정,95042269919,0,95042269919,융자회수금,우편사업특별회계,2020,과학기술정보통신부,0,95042269919,1.0321E+11,0,0,0,95042269919
자본계정,6592718000,0,6592718000,기타수입,우편사업특별회계,2020,과학기술정보통신부,0,18781855343,6797432000,12189137343,0,12189137343,18781855343
손익계정,1220398920,1220398920,0,재산수입,우편사업특별회계,2020,과학기술정보통신부,1953374370,525059220,2356658520,1258034670,732975450,525059220,2478433590
손익계정,3463549690,3463549690,0,경상이전수입,우편사업특별회계,2020,과학기술정보통신부,5209548440,110159360,5959447000,1856158110,1745998750,110159360,5319707800
손익계정,1045643400,0,1045643400,기타수입,우편사업특별회계,2020,과학기술정보통신부,0,1045643400,1045643400,0,0,0,1045643400
자본계정,0,0,0,관유물매각대,우체국예금특별회계,2020,과학기술정보통신부,0,0,0,0,0,0,0
자본계정,91960000,0,91960000,기타수입,우체국예금특별회계,2020,과학기술정보통신부,0,91960000,91960000,0,0,0,91960000
손익계정,0,0,0,재산수입,우체국예금특별회계,2020,과학기술정보통신부,0,0,0,0,0,0,0
손익계정,3217411690,3217411690,0,경상이전수입,우체국예금특별회계,2020,과학기술정보통신부,3217411690,0,3231662030,0,0,0,3217411690
자본계정,0,0,0,관유물매각대,국립중앙과학관,2020,과학기술정보통신부,0,0,0,0,0,0,0
손익계정,25022160,25022160,0,재산수입,국립중앙과학관,2020,과학기술정보통신부,29615790,0,25022160,4593630,4593630,0,29615790
손익계정,180081600,180081600,0,경상이전수입,국립중앙과학관,2020,과학기술정보통신부,180081600,0,180168330,0,0,0,180081600
손익계정,9853030,9853030,0,재화및용역판매수입,국립중앙과학관,2020,과학기술정보통신부,9853030,0,9853030,0,0,0,9853030
자본계정,0,0,0,재산수입,국립과천과학관,2020,과학기술정보통신부,0,0,0,0,0,0,0
손익계정,0,0,0,재산수입,국립과천과학관,2020,과학기술정보통신부,44872900,70894770,96412710,115767670,44872900,70894770,115767670
손익계정,26899310,26899310,0,경상이전수입,국립과천과학관,2020,과학기술정보통신부,26899310,0,27033360,0,0,0,26899310
손익계정,40219710,40219710,0,재화및용역판매수입,국립과천과학관,2020,과학기술정보통신부,40578410,0,40276710,358700,358700,0,40578410
,0,0,0,재산수입,과학기술진흥기금,2020,과학기술정보통신부,0,0,0,0,0,0,0
,0,0,0,경상이전수입,과학기술진흥기금,2020,과학기술정보통신부,300000000,0,0,300000000,300000000,0,300000000
,3400000000,0,3400000000,융자회수금,과학기술진흥기금,2020,과학기술정보통신부,0,3400000000,4900000000,0,0,0,3400000000
,0,0,0,예금및예탁금,과학기술진흥기금,2020,과학기술정보통신부,0,37354225356,29298302291,37354225356,0,37354225356,37354225356
,0,0,0,재산수입,정보통신진흥기금,2020,과학기술정보통신부,0,0,0,0,0,0,0
,301393610,301393610,0,경상이전수입,정보통신진흥기금,2020,과학기술정보통신부,301393610,0,301393610,0,0,0,301393610
,92177240440,0,92177240440,융자회수금,정보통신진흥기금,2020,과학기술정보통신부,0,1.12177E+11,1.30391E+11,20000000000,0,20000000000,1.12177E+11
,1141112456,0,1141112456,기타수입,정보통신진흥기금,2020,과학기술정보통신부,0,1141112456,1149878656,0,0,0,1141112456
,0,0,0,예금및예탁금,정보통신진흥기금,2020,과학기술정보통신부,0,1.01157E+11,85169737012,1.01157E+11,0,1.01157E+11,1.01157E+11
원자력연구개발계정,0,0,0,재산수입,원자력기금,2020,과학기술정보통신부,0,0,0,0,0,0,0
원자력연구개발계정,0,0,0,경상이전수입,원자력기금,2020,과학기술정보통신부,0,0,0,0,0,0,0
원자력연구개발계정,0,0,0,예금및예탁금,원자력기금,2020,과학기술정보통신부,0,52700020381,74841871051,52700020381,0,52700020381,52700020381
원자력안전규제계정,0,0,0,재산수입,원자력기금,2020,과학기술정보통신부,0,0,0,0,0,0,0
원자력안전규제계정,3531000,3531000,0,경상이전수입,원자력기금,2020,과학기술정보통신부,2011007000,49909460,138011470,2057385460,2007476000,49909460,2060916460
원자력안전규제계정,0,0,0,예금및예탁금,원자력기금,2020,과학기술정보통신부,0,60643663100,68475792571,60643663100,0,60643663100,60643663100
,0,0,0,재산수입,방송통신발전기금,2020,과학기술정보통신부,0,0,0,0,0,0,0
,0,0,0,경상이전수입,방송통신발전기금,2020,과학기술정보통신부,0,0,0,0,0,0,0
,6977509573,0,6977509573,기타수입,방송통신발전기금,2020,과학기술정보통신부,0,7058209573,6977509573,80700000,0,80700000,7058209573
,0,0,0,예금및예탁금,방송통신발전기금,2020,과학기술정보통신부,0,1.11429E+11,41287231471,1.11429E+11,0,1.11429E+11,1.11429E+11
,0,0,0,재산수입,일반회계,2020,대통령경호처,0,0,0,0,0,0,0
,0,0,0,경상이전수입,일반회계,2020,대통령경호처,0,0,0,0,0,0,0
,0,0,0,재화및용역판매수입,일반회계,2020,대통령경호처,0,0,0,0,0,0,0
,0,0,0,기타수입,일반회계,2020,대통령경호처,0,100000000,0,100000000,0,100000000,100000000
,0,0,0,재산수입,일반회계,2021,감사원,0,0,0,0,0,0,0
,0,0,0,경상이전수입,일반회계,2021,감사원,0,0,0,0,0,0,0
,0,0,0,재화및용역판매수입,일반회계,2021,감사원,0,0,0,0,0,0,0
,102524470,0,102524470,기타수입,일반회계,2021,감사원,0,102524470,100506870,0,0,0,102524470
,0,0,0,재산수입,일반회계,2021,국회,0,0,0,0,0,0,0
,197021100,197021100,0,경상이전수입,일반회계,2021,국회,365114320,0,207829300,168093220,168093220,0,365114320
,0,0,0,재화및용역판매수입,일반회계,2021,국회,0,0,0,0,0,0,0
,0,0,0,관유물매각대,일반회계,2021,국회,0,0,0,0,0,0,0
,83425570,0,83425570,기타수입,일반회계,2021,국회,0,322425570,210862770,239000000,0,239000000,322425570
,575320,575320,0,재산수입,일반회계,2021,대법원,615350,0,27436450,40030,40030,0,615350
,308875660,308875660,0,경상이전수입,일반회계,2021,대법원,406298990,2527380,346990970,99950710,97423330,2527380,408826370
,218210,218210,0,재화및용역판매수입,일반회계,2021,대법원,218210,0,256390,0,0,0,218210
,0,0,0,관유물매각대,일반회계,2021,대법원,0,0,0,0,0,0,0
,378697950,10601960,368095990,기타수입,일반회계,2021,대법원,10601960,381895990,394739603,13800000,0,13800000,392497950
,0,0,0,재산수입,등기특별회계,2021,대법원,0,18711400,0,18711400,0,18711400,18711400
,0,0,0,경상이전수입,등기특별회계,2021,대법원,0,0,0,0,0,0,0
,0,0,0,재화및용역판매수입,등기특별회계,2021,대법원,0,0,0,0,0,0,0
,0,0,0,관유물매각대,등기특별회계,2021,대법원,0,0,0,0,0,0,0
,0,0,0,재산수입,사법서비스진흥기금,2021,대법원,0,0,0,0,0,0,0
,950107520,950107520,0,경상이전수입,사법서비스진흥기금,2021,대법원,1125003630,64718430,1032065490,239614540,174896110,64718430,1189722060
,0,0,0,재화및용역판매수입,사법서비스진흥기금,2021,대법원,0,0,0,0,0,0,0
,60000,0,60000,기타수입,사법서비스진흥기금,2021,대법원,0,60000,60000,0,0,0,60000
,56351446050,0,56351446050,예금및예탁금,사법서비스진흥기금,2021,대법원,0,56721118656,86588434545,369672606,0,369672606,56721118656
,0,0,0,재산수입,일반회계,2021,헌법재판소,0,0,0,0,0,0,0
,0,0,0,경상이전수입,일반회계,2021,헌법재판소,0,0,0,0,0,0,0
,0,0,0,재화및용역판매수입,일반회계,2021,헌법재판소,0,0,0,0,0,0,0
,690000,0,690000,기타수입,일반회계,2021,헌법재판소,0,690000,690000,0,0,0,690000
,0,0,0,재산수입,일반회계,2021,중앙선거관리위원회,0,0,2832960,0,0,0,0
,814360320,315706930,498653390,경상이전수입,일반회계,2021,중앙선거관리위원회,365706930,1091239110,75848000,642585720,50000000,592585720,1456946040
,0,0,0,재화및용역판매수입,일반회계,2021,중앙선거관리위원회,0,0,0,0,0,0,0
,0,0,0,관유물매각대,일반회계,2021,중앙선거관리위원회,0,0,0,0,0,0,0
,2782320000,1651600000,1130720000,기타수입,일반회계,2021,중앙선거관리위원회,1651600000,2563961000,3441561000,1433241000,0,1433241000,4215561000
,0,0,0,재산수입,일반회계,2021,국무조정실 및 국무총리비서실,0,0,0,0,0,0,0
,0,0,0,경상이전수입,일반회계,2021,국무조정실 및 국무총리비서실,0,0,0,0,0,0,0
,189323860,189112110,211750,재산수입,일반회계,2021,법무부,189277970,136028290,265876960,135982400,165860,135816540,325306260
,3584408870,3563541790,20867080,경상이전수입,일반회계,2021,법무부,3682558920,51418700,3749270990,149568750,119017130,30551620,3733977620
,0,0,0,재화및용역판매수입,일반회계,2021,법무부,0,570000,205000,570000,0,570000,570000
,0,0,0,관유물매각대,일반회계,2021,법무부,0,0,0,0,0,0,0
,606895540,0,606895540,기타수입,일반회계,2021,법무부,0,672520650,609315540,65625110,0,65625110,672520650
,0,0,0,재산수입,교도작업특별회계,2021,법무부,286520,0,0,286520,286520,0,286520
,0,0,0,경상이전수입,교도작업특별회계,2021,법무부,0,0,4500000,0,0,0,0
,848440,848440,0,재화및용역판매수입,교도작업특별회계,2021,법무부,225034810,530490,65438320,224716860,224186370,530490,225565300
,0,0,0,관유물매각대,교도작업특별회계,2021,법무부,0,0,0,0,0,0,0
,1025900,1025900,0,재산수입,범죄피해자보호기금,2021,법무부,8101230,4157570,19229910,11232900,7075330,4157570,12258800
,91264830,91264830,0,경상이전수입,범죄피해자보호기금,2021,법무부,653238090,41693340,801886160,603666600,561973260,41693340,694931430
,1300000000,0,1300000000,예금및예탁금,범죄피해자보호기금,2021,법무부,0,9929691247,4810003508,8629691247,0,8629691247,9929691247
,1262360530,1262360530,0,재산수입,일반회계,2021,국방부,1634176760,257731110,1545273940,629547340,371816230,257731110,1891907870
,59480355570,57240422190,2239933380,경상이전수입,일반회계,2021,국방부,96593277860,2935644490,82989984240,40048566780,39352855670,695711110,99528922350
,1691389550,1660181990,31207560,재화및용역판매수입,일반회계,2021,국방부,1681969380,31207560,1707963650,21787390,21787390,0,1713176940
,0,0,0,관유물매각대,일반회계,2021,국방부,0,0,65880000,0,0,0,0
,89250047560,0,89250047560,융자회수금,일반회계,2021,국방부,0,89250047560,94735417560,0,0,0,89250047560
,183120000,163000000,20120000,기타수입,일반회계,2021,국방부,163000000,118120000,183120000,98000000,0,98000000,281120000
,166562020,166562020,0,재산수입,주한미군기지이전특별회계,2021,국방부,170683100,0,194852040,4121080,4121080,0,170683100
,1171509570,1171509570,0,경상이전수입,주한미군기지이전특별회계,2021,국방부,1278335650,0,1744207860,106826080,106826080,0,1278335650
,13587130,13587130,0,재화및용역판매수입,주한미군기지이전특별회계,2021,국방부,13587130,0,13587130,0,0,0,13587130
,61477950,61477950,0,관유물매각대,주한미군기지이전특별회계,2021,국방부,61477950,38989287250,1131969530,38989287250,0,38989287250,39050765200
,286862000,286862000,0,경상이전수입,국방·군사시설이전특별회계,2021,국방부,1821562510,0,1759840560,1534700510,1534700510,0,1821562510
,0,0,0,관유물매각대,국방·군사시설이전특별회계,2021,국방부,422578460,2261318000,8585111920,2683896460,422578460,2261318000,2683896460
,8219305460,8219305460,0,경상이전수입,군인연금기금,2021,국방부,11289518570,209886780,8501013650,3280099890,3070213110,209886780,11499405350
복지계정,4385472213,4189451334,196020879,재산수입,군인복지기금,2021,국방부,5359856508,623498026,5946333393,1597882321,1170405174,427477147,5983354534
복지계정,4418401950,4036285610,382116340,경상이전수입,군인복지기금,2021,국방부,4943770220,382116340,5153439110,907484610,907484610,0,5325886560
복지계정,1502075840,1502075840,0,재화및용역판매수입,군인복지기금,2021,국방부,1687915250,0,1729562590,185839410,185839410,0,1687915250
복지계정,6052929632,400266025,5652663607,예금및예탁금,군인복지기금,2021,국방부,15846398965,62512555002,64798924515,72306024335,15446132940,56859891395,78358953967
학자금대부계정,91904797385,2135025300,89769772085,융자회수금,군인복지기금,2021,국방부,2135025300,1.1134E+11,1.24009E+11,21570410000,0,21570410000,1.13475E+11
주거지원계정,12445,5,12440,재산수입,군인복지기금,2021,국방부,5,12440,12445,0,0,0,12445
주거지원계정,176293690,169352700,6940990,경상이전수입,군인복지기금,2021,국방부,1133705280,15832980,327001560,973244570,964352580,8891990,1149538260
주거지원계정,13437027050,4201827050,9235200000,융자회수금,군인복지기금,2021,국방부,4201827050,9235200000,31669216859,0,0,0,13437027050
,82723700,82723700,0,재산수입,일반회계,2021,고용노동부,170221090,42900330,217365350,130397720,87497390,42900330,213121420
,24924538160,21570545610,3353992550,경상이전수입,일반회계,2021,고용노동부,68500267950,8575914270,87677482960,52151644060,46929722340,5221921720,77076182220
,797000,797000,0,재화및용역판매수입,일반회계,2021,고용노동부,805000,0,797000,8000,8000,0,805000
,2001577900,0,2001577900,기타수입,일반회계,2021,고용노동부,0,2950107900,4001577900,948530000,0,948530000,2950107900
투자계정,0,0,0,재산수입,에너지및자원사업특별회계,2021,고용노동부,0,0,0,0,0,0,0
투자계정,191544270,191544270,0,경상이전수입,에너지및자원사업특별회계,2021,고용노동부,593749940,4252660,1050564470,406458330,402205670,4252660,598002600
지역자율계정,0,0,0,재산수입,지역균형발전특별회계,2021,고용노동부,0,0,500000,0,0,0,0
지역지원계정,72776500,72776500,0,재산수입,지역균형발전특별회계,2021,고용노동부,294153840,993820,383556440,222371160,221377340,993820,295147660
지역지원계정,1398179060,1398179060,0,경상이전수입,지역균형발전특별회계,2021,고용노동부,5794317360,153492850,6725321350,4549631150,4396138300,153492850,5947810210
제주특별자치도계정,0,0,0,재산수입,지역균형발전특별회계,2021,고용노동부,0,0,0,0,0,0,0
제주특별자치도계정,0,0,0,경상이전수입,지역균형발전특별회계,2021,고용노동부,0,0,0,0,0,0,0
,4.97957E+11,4.97957E+11,0,사회보장기여금,산업재해보상보험및예방기금,2021,고용노동부,6.9895E+11,4.29639E+11,1.1162E+12,6.30632E+11,2.00993E+11,4.29639E+11,1.12859E+12
,0,0,0,재산수입,산업재해보상보험및예방기금,2021,고용노동부,0,0,0,0,0,0,0
,2.93391E+11,2.93391E+11,0,경상이전수입,산업재해보상보험및예방기금,2021,고용노동부,3.62872E+11,4826538760,3.74543E+11,74306696930,69480158170,4826538760,3.67698E+11
,802630,802630,0,재화및용역판매수입,산업재해보상보험및예방기금,2021,고용노동부,806030,13000,1111680,16400,3400,13000,819030
,7.67437E+11,400286620,7.67036E+11,융자회수금,산업재해보상보험및예방기금,2021,고용노동부,400286620,1.10552E+12,9.09875E+11,3.38482E+11,0,3.38482E+11,1.10592E+12
,0,0,0,예금및예탁금,산업재해보상보험및예방기금,2021,고용노동부,0,8.40631E+11,5.35081E+11,8.40631E+11,0,8.40631E+11,8.40631E+11
,0,0,0,재산수입,장애인고용촉진및직업재활기금,2021,고용노동부,110920,172120,777510,283040,110920,172120,283040
,20454297010,20454297010,0,경상이전수입,장애인고용촉진및직업재활기금,2021,고용노동부,26015411500,2518262630,24198385740,8079377120,5561114490,2518262630,28533674130
,50505927100,0,50505927100,융자회수금,장애인고용촉진및직업재활기금,2021,고용노동부,0,60638427100,52385357650,10132500000,0,10132500000,60638427100
,0,0,0,예금및예탁금,장애인고용촉진및직업재활기금,2021,고용노동부,0,23029095707,33241501417,23029095707,0,23029095707,23029095707
,3.48341E+11,3.48341E+11,0,사회보장기여금,고용보험기금,2021,고용노동부,5.42735E+11,9.28194E+11,1.39785E+12,1.12259E+12,1.94394E+11,9.28194E+11,1.47093E+12
,184456060,184456060,0,재산수입,고용보험기금,2021,고용노동부,185249090,158240,200244500,951270,793030,158240,185407330
,1.62138E+11,1.57544E+11,4593741550,경상이전수입,고용보험기금,2021,고용노동부,2.00579E+11,64241143020,2.19754E+11,1.02682E+11,43034938460,59647401470,2.6482E+11
,39990790,38390790,1600000,재화및용역판매수입,고용보험기금,2021,고용노동부,43070180,1600000,55630220,4679390,4679390,0,44670180
,3.48276E+11,864887430,3.47411E+11,융자회수금,고용보험기금,2021,고용노동부,864887430,5.51377E+11,4.32084E+11,2.03966E+11,0,2.03966E+11,5.52242E+11
,0,0,0,예금및예탁금,고용보험기금,2021,고용노동부,0,1.07252E+12,1.8182E+12,1.07252E+12,0,1.07252E+12,1.07252E+12
,301881680,301881680,0,재산수입,임금채권보장기금,2021,고용노동부,1625175920,0,593469520,1323294240,1323294240,0,1625175920
,2.25395E+12,2.25395E+12,0,경상이전수입,임금채권보장기금,2021,고용노동부,2.78353E+12,22803490060,2.54771E+12,5.52388E+11,5.29585E+11,22803490060,2.80634E+12
,43174069470,18065829620,25108239850,융자회수금,임금채권보장기금,2021,고용노동부,18065829620,65832411990,52306117290,40724172140,0,40724172140,83898241610
,0,0,0,예금및예탁금,임금채권보장기금,2021,고용노동부,0,25699318249,27242851363,25699318249,0,25699318249,25699318249
,0,0,0,재산수입,일반회계,2021,통일부,28980,0,15509830,28980,28980,0,28980
,163141040,162229070,911970,경상이전수입,일반회계,2021,통일부,166306840,12211970,202135320,15377770,4077770,11300000,178518810
,0,0,0,재화및용역판매수입,일반회계,2021,통일부,0,0,0,0,0,0,0
,0,0,0,재산수입,남북협력기금,2021,통일부,1668129790,0,1138245450,1668129790,1668129790,0,1668129790
,0,0,0,경상이전수입,남북협력기금,2021,통일부,0,0,0,0,0,0,0
,0,0,0,재화및용역판매수입,남북협력기금,2021,통일부,0,0,0,0,0,0,0
,2.76743E+12,3.17901E+11,2.44953E+12,융자회수금,남북협력기금,2021,통일부,3.75725E+11,2.45183E+12,2.74371E+12,60125622321,57823622321,2302000000,2.82756E+12
,50241968720,50241968720,0,기타수입,남북협력기금,2021,통일부,50241968720,0,50252222600,0,0,0,50241968720
,0,0,0,예금및예탁금,남북협력기금,2021,통일부,0,85593890517,1.33699E+11,85593890517,0,85593890517,85593890517
,0,0,0,재산수입,일반회계,2021,법제처,0,0,12233450,0,0,0,0
,0,0,0,경상이전수입,일반회계,2021,법제처,0,0,72351060,0,0,0,0
,7400,7400,0,재산수입,일반회계,2021,국가보훈부,17562500,2274990,26493060,19830090,17555100,2274990,19837490
,2891632450,2891082450,550000,경상이전수입,일반회계,2021,국가보훈부,5916079900,195760120,3597920310,3220207570,3024997450,195210120,6111840020
,0,0,0,재화및용역판매수입,일반회계,2021,국가보훈부,0,0,0,0,0,0,0
,0,0,0,관유물매각대,일반회계,2021,국가보훈부,0,0,0,0,0,0,0
,150000,0,150000,기타수입,일반회계,2021,국가보훈부,0,458000,205210000,308000,0,308000,458000
투자계정,0,0,0,재산수입,에너지및자원사업특별회계,2021,국가보훈부,0,0,0,0,0,0,0
투자계정,131410,131410,0,경상이전수입,에너지및자원사업특별회계,2021,국가보훈부,15724330,1376380,1161780,16969300,15592920,1376380,17100710
제주특별자치도계정,0,0,0,재산수입,지역균형발전특별회계,2021,국가보훈부,0,0,0,0,0,0,0
제주특별자치도계정,0,0,0,경상이전수입,지역균형발전특별회계,2021,국가보훈부,0,0,0,0,0,0,0
,0,0,0,재산수입,순국선열애국지사사업기금,2021,국가보훈부,0,0,0,0,0,0,0
,4702950,4702950,0,경상이전수입,순국선열애국지사사업기금,2021,국가보훈부,6452950,0,7733530,1750000,1750000,0,6452950
,0,0,0,재화및용역판매수입,순국선열애국지사사업기금,2021,국가보훈부,0,0,0,0,0,0,0
,0,0,0,관유물매각대,순국선열애국지사사업기금,2021,국가보훈부,0,0,0,0,0,0,0
,0,0,0,예금및예탁금,순국선열애국지사사업기금,2021,국가보훈부,0,8998459526,8595922753,8998459526,0,8998459526,8998459526
국가유공자지원자금,1675238920,1675238920,0,재산수입,보훈기금,2021,국가보훈부,1938037630,19550,1833150740,262818260,262798710,19550,1938057180
국가유공자지원자금,150360,150360,0,경상이전수입,보훈기금,2021,국가보훈부,1346940,0,150360,1196580,1196580,0,1346940
국가유공자지원자금,0,0,0,관유물매각대,보훈기금,2021,국가보훈부,0,0,0,0,0,0,0
국가유공자지원자금,58414359330,8623145320,49791214010,융자회수금,보훈기금,2021,국가보훈부,10443923200,73885802710,83917205700,25915366580,1820777880,24094588700,84329725910
국가유공자지원자금,0,0,0,예금및예탁금,보훈기금,2021,국가보훈부,0,4540834187,8524348417,4540834187,0,4540834187,4540834187
참전유공자·제대군인지원자금,1239171160,1239171160,0,재산수입,보훈기금,2021,국가보훈부,1347281800,1590,1370721030,108112230,108110640,1590,1347283390
참전유공자·제대군인지원자금,146600,146600,0,경상이전수입,보훈기금,2021,국가보훈부,1312860,0,146600,1166260,1166260,0,1312860
참전유공자·제대군인지원자금,6303976420,2834826230,3469150190,융자회수금,보훈기금,2021,국가보훈부,3079134840,4534805510,8449835320,1309963930,244308610,1065655320,7613940350
참전유공자·제대군인지원자금,0,0,0,예금및예탁금,보훈기금,2021,국가보훈부,0,0,0,0,0,0,0
5·18 민주유공자지원자금,190451520,190451520,0,재산수입,보훈기금,2021,국가보훈부,206953240,0,212826120,16501720,16501720,0,206953240
5·18 민주유공자지원자금,0,0,0,경상이전수입,보훈기금,2021,국가보훈부,0,0,0,0,0,0,0
5·18 민주유공자지원자금,1101839850,625224580,476615270,융자회수금,보훈기금,2021,국가보훈부,667844910,613360190,1340742360,179365250,42620330,136744920,1281205100
특수임무유공자지원자금,61024310,61024310,0,재산수입,보훈기금,2021,국가보훈부,68940220,0,66968540,7915910,7915910,0,68940220
특수임무유공자지원자금,0,0,0,경상이전수입,보훈기금,2021,국가보훈부,0,0,0,0,0,0,0
특수임무유공자지원자금,706440800,310477970,395962830,융자회수금,보훈기금,2021,국가보훈부,356186890,442087890,771926600,91833980,45708920,46125060,798274780
,1392722210,1297583250,95138960,재산수입,일반회계,2021,산림청,1557653130,218687440,2035531210,383618360,260069880,123548480,1776340570
,13893662810,13868922370,24740440,경상이전수입,일반회계,2021,산림청,18795875540,832011230,20320227720,5734223960,4926953170,807270790,19627886770
,134882070,134882070,0,재화및용역판매수입,일반회계,2021,산림청,141003230,23746010,171323690,29867170,6121160,23746010,164749240
,3513060990,527508410,2985552580,관유물매각대,일반회계,2021,산림청,527508410,4950653080,5714140790,1965100500,0,1965100500,5478161490
,112260000,0,112260000,기타수입,일반회계,2021,산림청,0,112260000,112260000,0,0,0,112260000
임업진흥사업계정,5255290,5255290,0,재산수입,농어촌구조개선특별회계,2021,산림청,237435470,50753560,247264020,282933740,232180180,50753560,288189030
임업진흥사업계정,13722574420,13508099470,214474950,경상이전수입,농어촌구조개선특별회계,2021,산림청,38599553290,14913864920,50683216630,39790843790,25091453820,14699389970,53513418210
임업진흥사업계정,0,0,0,재화및용역판매수입,농어촌구조개선특별회계,2021,산림청,0,0,0,0,0,0,0
임업진흥사업계정,2312600,2312600,0,관유물매각대,농어촌구조개선특별회계,2021,산림청,407268600,1635911510,1492074220,2040867510,404956000,1635911510,2043180110
임업진흥사업계정,4.10751E+11,0,4.10751E+11,융자회수금,농어촌구조개선특별회계,2021,산림청,0,5.36735E+11,5.07716E+11,1.25984E+11,0,1.25984E+11,5.36735E+11
투자계정,0,0,0,재산수입,에너지및자원사업특별회계,2021,산림청,106971790,51847430,25307920,158819220,106971790,51847430,158819220
투자계정,363730,363730,0,경상이전수입,에너지및자원사업특별회계,2021,산림청,4375229420,813514020,169012190,5188379710,4374865690,813514020,5188743440
지역자율계정,0,0,0,재산수입,지역균형발전특별회계,2021,산림청,1026950,0,32913730,1026950,1026950,0,1026950
지역자율계정,466518250,466518250,0,경상이전수입,지역균형발전특별회계,2021,산림청,571853160,0,3746791260,105334910,105334910,0,571853160
제주특별자치도계정,0,0,0,경상이전수입,지역균형발전특별회계,2021,산림청,0,0,2427390,0,0,0,0
자본계정,0,0,0,경상이전수입,국립자연휴양림관리소,2021,산림청,0,0,0,0,0,0,0
자본계정,0,0,0,관유물매각대,국립자연휴양림관리소,2021,산림청,0,0,0,0,0,0,0
손익계정,0,0,0,재산수입,국립자연휴양림관리소,2021,산림청,0,0,0,0,0,0,0
손익계정,0,0,0,경상이전수입,국립자연휴양림관리소,2021,산림청,0,0,0,0,0,0,0
손익계정,0,0,0,재화및용역판매수입,국립자연휴양림관리소,2021,산림청,0,0,0,0,0,0,0
,3.12242E+13,3.08977E+13,3.26513E+11,내국세,일반회계,2021,국세청,3.8882E+13,5.55619E+12,4.2272E+13,1.3214E+13,7.98435E+12,5.22968E+12,4.44382E+13
,15314870,15314870,0,방위세,일반회계,2021,국세청,15314870,0,14496240,0,0,0,15314870
,20061222070,20061222070,0,교통·에너지·환경세,일반회계,2021,국세청,20316868810,97419550,29039523850,353066290,255646740,97419550,20414288360
,36065115610,36062673820,2441790,교육세,일반회계,2021,국세청,38143245550,9729838550,47583302290,11807968490,2080571730,9727396760,47873084100
,50726903530,48156384860,2570518670,농어촌특별세,일반회계,2021,국세청,1.16653E+11,2.83991E+11,2.16443E+11,3.49918E+11,68496832590,2.81421E+11,4.00645E+11
,3.91619E+12,3.91618E+12,2505040,경상이전수입,일반회계,2021,국세청,4.05278E+12,357746580,4.18758E+12,1.36948E+11,1.36593E+11,355241540,4.05314E+12
,3540000,0,3540000,기타수입,일반회계,2021,국세청,0,3540000,3600000,0,0,0,3540000
,2.77456E+11,2.64639E+11,12817283580,종합부동산세,일반회계,2021,국세청,5.99395E+11,1.4851E+12,1.10598E+12,1.80704E+12,3.34757E+11,1.47229E+12,2.0845E+12
,1.04312E+11,1.04312E+11,0,내국세,일반회계,2021,관세청,2.32906E+11,4.53416E+12,2.25715E+12,4.66276E+12,1.28595E+11,4.53416E+12,4.76707E+12
,5.72092E+11,5.72092E+11,0,관세,일반회계,2021,관세청,8.87841E+11,8.08199E+11,9.55221E+11,1.12395E+12,3.1575E+11,8.08199E+11,1.69604E+12
,46182590,46182590,0,방위세,일반회계,2021,관세청,46182590,0,46182590,0,0,0,46182590
,3147711750,3147711750,0,교통·에너지·환경세,일반회계,2021,관세청,3147711750,98658670,3122673060,98658670,0,98658670,3246370420
,5734244460,5734244460,0,교육세,일반회계,2021,관세청,5789400280,11058911880,19474635030,11114067700,55155820,11058911880,16848312160
,112861640,112861640,0,농어촌특별세,일반회계,2021,관세청,113903730,343709260,723108330,344751350,1042090,343709260,457612990
,0,0,0,재산수입,일반회계,2021,관세청,0,173350,0,173350,0,173350,173350
,4.39972E+11,4.39972E+11,0,경상이전수입,일반회계,2021,관세청,4.54961E+11,0,4.28153E+11,14989224450,14989224450,0,4.54961E+11
,48685020,48637420,47600,재화및용역판매수입,일반회계,2021,관세청,58234250,2633580,60456110,12182810,9596830,2585980,60867830
,0,0,0,관유물매각대,일반회계,2021,관세청,0,0,0,0,0,0,0
,0,0,0,기타수입,일반회계,2021,관세청,0,0,0,0,0,0,0
,0,0,0,재산수입,일반회계,2021,병무청,0,0,0,0,0,0,0
,0,0,0,경상이전수입,일반회계,2021,병무청,0,0,1310030300,0,0,0,0
,0,0,0,재화및용역판매수입,일반회계,2021,병무청,0,0,0,0,0,0,0
,0,0,0,관유물매각대,일반회계,2021,병무청,0,0,0,0,0,0,0
,0,0,0,융자회수금,일반회계,2021,병무청,0,0,0,0,0,0,0
,0,0,0,재산수입,일반회계,2021,농촌진흥청,0,0,0,0,0,0,0
,11797960,11797960,0,경상이전수입,일반회계,2021,농촌진흥청,12269040,0,11947960,471080,471080,0,12269040
,0,0,0,재화및용역판매수입,일반회계,2021,농촌진흥청,14473950,0,0,14473950,14473950,0,14473950
,0,0,0,관유물매각대,일반회계,2021,농촌진흥청,0,0,0,0,0,0,0
,120000,0,120000,기타수입,일반회계,2021,농촌진흥청,0,120000,120000,0,0,0,120000
구조개선사업계정,0,0,0,재산수입,농어촌구조개선특별회계,2021,농촌진흥청,0,0,0,0,0,0,0
구조개선사업계정,0,0,0,경상이전수입,농어촌구조개선특별회계,2021,농촌진흥청,0,0,0,0,0,0,0
구조개선사업계정,2348296000,0,2348296000,융자회수금,농어촌구조개선특별회계,2021,농촌진흥청,0,2348296000,3242418000,0,0,0,2348296000
,0,0,0,재산수입,혁신도시건설특별회계,2021,농촌진흥청,0,0,0,0,0,0,0
,0,0,0,관유물매각대,혁신도시건설특별회계,2021,농촌진흥청,0,0,0,0,0,0,0
지역자율계정,0,0,0,재산수입,지역균형발전특별회계,2021,농촌진흥청,0,0,0,0,0,0,0
지역자율계정,0,0,0,경상이전수입,지역균형발전특별회계,2021,농촌진흥청,0,0,0,0,0,0,0
지역지원계정,0,0,0,재산수입,지역균형발전특별회계,2021,농촌진흥청,0,0,0,0,0,0,0
지역지원계정,0,0,0,경상이전수입,지역균형발전특별회계,2021,농촌진흥청,0,0,0,0,0,0,0
제주특별자치도계정,0,0,0,재산수입,지역균형발전특별회계,2021,농촌진흥청,0,0,0,0,0,0,0
제주특별자치도계정,0,0,0,경상이전수입,지역균형발전특별회계,2021,농촌진흥청,0,0,0,0,0,0,0
세종특별자치시계정,0,0,0,경상이전수입,지역균형발전특별회계,2021,농촌진흥청,0,0,0,0,0,0,0
손익계정,0,0,0,재산수입,특허청,2021,특허청,0,0,0,0,0,0,0
손익계정,0,0,0,경상이전수입,특허청,2021,특허청,0,0,0,0,0,0,0
손익계정,0,0,0,재화및용역판매수입,특허청,2021,특허청,0,0,0,0,0,0,0
손익계정,11724065500,0,11724065500,융자회수금,특허청,2021,특허청,0,11724065500,23163565500,0,0,0,11724065500
손익계정,5357090,0,5357090,기타수입,특허청,2021,특허청,0,5357090,5482150,0,0,0,5357090
자본계정,0,0,0,재산수입,조달특별회계,2021,조달청,0,0,0,0,0,0,0
자본계정,0,0,0,경상이전수입,조달특별회계,2021,조달청,0,0,0,0,0,0,0
자본계정,38797205100,38796354540,850560,관유물매각대,조달특별회계,2021,조달청,51881885400,1.64006E+11,2.21674E+11,1.7709E+11,13085530860,1.64005E+11,2.15887E+11
자본계정,70000000,0,70000000,기타수입,조달특별회계,2021,조달청,0,84400000,70000000,14400000,0,14400000,84400000
손익계정,93484200,93484200,0,재산수입,조달특별회계,2021,조달청,140357340,0,590246980,46873140,46873140,0,140357340
손익계정,0,0,0,경상이전수입,조달특별회계,2021,조달청,847000000,0,0,847000000,847000000,0,847000000
손익계정,110222660,110222660,0,재화및용역판매수입,조달특별회계,2021,조달청,338227720,1326834630,1489892320,1554839690,228005060,1326834630,1665062350
손익계정,3192284156,0,3192284156,융자회수금,조달특별회계,2021,조달청,0,3192284156,3192284156,0,0,0,3192284156
,22311270,22311270,0,재산수입,일반회계,2021,환경부,49663250,1763278790,22363790,1790630770,27351980,1763278790,1812942040
,6572100,6572100,0,경상이전수입,일반회계,2021,환경부,378440020,0,6572100,371867920,371867920,0,378440020
,0,0,0,재화및용역판매수입,일반회계,2021,환경부,0,0,0,0,0,0,0
,0,0,0,관유물매각대,일반회계,2021,환경부,0,0,0,0,0,0,0
농어촌특별세사업계정,0,0,0,재산수입,농어촌구조개선특별회계,2021,환경부,0,0,0,0,0,0,0
농어촌특별세사업계정,0,0,0,경상이전수입,농어촌구조개선특별회계,2021,환경부,0,0,0,0,0,0,0
투자계정,815492470,815492470,0,재산수입,에너지및자원사업특별회계,2021,환경부,847929870,195216490,1221979590,227653890,32437400,195216490,1043146360
투자계정,1041593990,1041593990,0,경상이전수입,에너지및자원사업특별회계,2021,환경부,4459447810,2241940340,4936928960,5659794160,3417853820,2241940340,6701388150
투자계정,2272000000,0,2272000000,융자회수금,에너지및자원사업특별회계,2021,환경부,0,2272000000,2387000000,0,0,0,2272000000
,452322870,452322870,0,재산수입,환경개선특별회계,2021,환경부,3660953140,1551352630,2543512980,4759982900,3208630270,1551352630,5212305770
,6.18623E+11,6.18605E+11,18207700,경상이전수입,환경개선특별회계,2021,환경부,6.98052E+11,27174584470,7.60878E+11,1.06604E+11,79447557380,27156376770,7.25227E+11
,122702580,122702580,0,재화및용역판매수입,환경개선특별회계,2021,환경부,124377580,2068350,2619472380,3743350,1675000,2068350,126445930
,0,0,0,관유물매각대,환경개선특별회계,2021,환경부,0,274794000,0,274794000,0,274794000,274794000
,6.9545E+11,1096250000,6.94353E+11,융자회수금,환경개선특별회계,2021,환경부,1096250000,1.10652E+12,8.4476E+11,4.12169E+11,0,4.12169E+11,1.10762E+12
,100300000,0,100300000,기타수입,환경개선특별회계,2021,환경부,0,100300000,100300000,0,0,0,100300000
지역자율계정,193420,193420,0,재산수입,지역균형발전특별회계,2021,환경부,193420,261430,193420,261430,0,261430,454850
지역자율계정,6271540,6271540,0,경상이전수입,지역균형발전특별회계,2021,환경부,6271540,2945530,6271540,2945530,0,2945530,9217070
지역지원계정,2983120,2983120,0,재산수입,지역균형발전특별회계,2021,환경부,13154250,0,4162980,10171130,10171130,0,13154250
지역지원계정,17731110,17731110,0,경상이전수입,지역균형발전특별회계,2021,환경부,256951630,0,24391510,239220520,239220520,0,256951630
지역지원계정,5868000000,0,5868000000,융자회수금,지역균형발전특별회계,2021,환경부,0,5868000000,5868000000,0,0,0,5868000000
세종특별자치시계정,7542790,7542790,0,재산수입,지역균형발전특별회계,2021,환경부,7542790,53229070,7542790,53229070,0,53229070,60771860
세종특별자치시계정,0,0,0,경상이전수입,지역균형발전특별회계,2021,환경부,243787440,0,0,243787440,243787440,0,243787440
,0,0,0,재산수입,석면피해구제기금,2021,환경부,0,0,0,0,0,0,0
,448106110,448106110,0,경상이전수입,석면피해구제기금,2021,환경부,634711500,957582050,1606468100,1144187440,186605390,957582050,1592293550
,0,0,0,예금및예탁금,석면피해구제기금,2021,환경부,0,2082112761,2867177960,2082112761,0,2082112761,2082112761
,0,0,0,재산수입,일반회계,2021,통계청,0,0,0,0,0,0,0
,61397080,58346730,3050350,경상이전수입,일반회계,2021,통계청,58346730,3050350,63508860,0,0,0,61397080
,0,0,0,재화및용역판매수입,일반회계,2021,통계청,0,0,0,0,0,0,0
,0,0,0,관유물매각대,일반회계,2021,통계청,0,0,0,0,0,0,0
,0,0,0,재산수입,일반회계,2021,기상청,0,0,1535910,0,0,0,0
,13567650,13567650,0,경상이전수입,일반회계,2021,기상청,13567650,0,14331823040,0,0,0,13567650
,0,0,0,재화및용역판매수입,일반회계,2021,기상청,0,0,0,0,0,0,0
,0,0,0,관유물매각대,일반회계,2021,기상청,0,0,0,0,0,0,0
,0,0,0,기타수입,일반회계,2021,기상청,0,44000000,0,44000000,0,44000000,44000000
,35937590,13425490,22512100,재산수입,일반회계,2021,경찰청,106497930,374263630,180316110,444823970,93072440,351751530,480761560
,1.35353E+11,1.35228E+11,125197950,경상이전수입,일반회계,2021,경찰청,1.53456E+11,1387510640,1.46331E+11,19490428360,18228115670,1262312690,1.54844E+11
,8880800,8880800,0,재화및용역판매수입,일반회계,2021,경찰청,9134800,30000,9081240,284000,254000,30000,9164800
,0,0,0,관유물매각대,일반회계,2021,경찰청,0,0,0,0,0,0,0
,0,0,0,기타수입,일반회계,2021,경찰청,0,0,0,0,0,0,0
손익계정,0,0,0,재산수입,경찰병원,2021,경찰청,0,0,0,0,0,0,0
손익계정,0,0,0,경상이전수입,경찰병원,2021,경찰청,0,0,0,0,0,0,0
손익계정,22959500,22959500,0,재화및용역판매수입,경찰병원,2021,경찰청,22959500,0,22393740,0,0,0,22959500
손익계정,0,0,0,관유물매각대,경찰병원,2021,경찰청,0,0,0,0,0,0,0
,56010,56010,0,재산수입,일반회계,2021,공정거래위원회,56670,0,61510,660,660,0,56670
,560387240,560387240,0,경상이전수입,일반회계,2021,공정거래위원회,10481188170,279020,725556550,9921079950,9920800930,279020,10481467190
,0,0,0,재화및용역판매수입,일반회계,2021,공정거래위원회,0,0,0,0,0,0,0
,0,0,0,기타수입,일반회계,2021,공정거래위원회,0,9922000,0,9922000,0,9922000,9922000
,11909970,11909970,0,경상이전수입,일반회계,2021,민주평화통일자문회의,11909970,0,0,0,0,0,11909970
,0,0,0,재화및용역판매수입,일반회계,2021,민주평화통일자문회의,0,0,0,0,0,0,0
,0,0,0,관유물매각대,일반회계,2021,민주평화통일자문회의,0,0,0,0,0,0,0
,371043690,371043690,0,재산수입,일반회계,2021,문화재청,802570370,92963550,1953500050,524490230,431526680,92963550,895533920
,4908451130,4908451130,0,경상이전수입,일반회계,2021,문화재청,7501313760,47087440,12364855220,2639950070,2592862630,47087440,7548401200
,69500000,69500000,0,재화및용역판매수입,일반회계,2021,문화재청,69504730,0,73509320,4730,4730,0,69504730
,0,0,0,관유물매각대,일반회계,2021,문화재청,0,0,0,0,0,0,0
지역자율계정,0,0,0,재산수입,지역균형발전특별회계,2021,문화재청,13255430,0,75047750,13255430,13255430,0,13255430
지역자율계정,0,0,0,경상이전수입,지역균형발전특별회계,2021,문화재청,0,0,484502530,0,0,0,0
지역지원계정,0,0,0,재산수입,지역균형발전특별회계,2021,문화재청,0,0,15697630,0,0,0,0
,74183760,74183760,0,재산수입,문화재보호기금,2021,문화재청,128115180,62740,57164740,53994160,53931420,62740,128177920
,365613960,365613960,0,경상이전수입,문화재보호기금,2021,문화재청,2156744660,30926190,1629741520,1822056890,1791130700,30926190,2187670850
,2149100,2149100,0,재화및용역판매수입,문화재보호기금,2021,문화재청,2149100,0,2149100,0,0,0,2149100
,9499403983,0,9499403983,예금및예탁금,문화재보호기금,2021,문화재청,0,13999403983,13994605198,4500000000,0,4500000000,13999403983
,0,0,0,재산수입,일반회계,2021,국가인권위원회,0,0,0,0,0,0,0
,0,0,0,경상이전수입,일반회계,2021,국가인권위원회,0,0,304170,0,0,0,0
,0,0,0,재화및용역판매수입,일반회계,2021,국가인권위원회,0,0,0,0,0,0,0
,687805000,0,687805000,기타수입,일반회계,2021,국가인권위원회,0,687805000,687805000,0,0,0,687805000
,0,0,0,재산수입,일반회계,2021,방위사업청,0,0,16882960,0,0,0,0
,4.7141E+11,4.71324E+11,85545750,경상이전수입,일반회계,2021,방위사업청,6.62096E+11,741885020,4.98615E+11,1.91428E+11,1.90771E+11,656339270,6.62838E+11
,2943011000,0,2943011000,융자회수금,일반회계,2021,방위사업청,0,2943011000,3027411000,0,0,0,2943011000
,2853350,2853350,0,재산수입,행정중심복합도시건설특별회계,2021,행정중심복합도시건설청,2853350,58020,2853350,58020,0,58020,2911370
,105575320,105575320,0,경상이전수입,행정중심복합도시건설특별회계,2021,행정중심복합도시건설청,105575320,9533840,150890880,9533840,0,9533840,115109160
,0,0,0,관유물매각대,행정중심복합도시건설특별회계,2021,행정중심복합도시건설청,0,0,0,0,0,0,0
,336953000,336953000,0,방위세,일반회계,2021,기획재정부,337315330,0,339027730,362330,362330,0,337315330
,1850278476,1850278476,0,교육세,일반회계,2021,기획재정부,1950560506,0,2218037176,100282030,100282030,0,1950560506
,3783494340,3783494340,0,농어촌특별세,일반회계,2021,기획재정부,18646314770,0,19623176890,14862820430,14862820430,0,18646314770
,0,0,0,재산수입,일반회계,2021,기획재정부,0,54376446620,54511911200,54376446620,0,54376446620,54376446620
,4410710,4410710,0,경상이전수입,일반회계,2021,기획재정부,4410710,2.49903E+11,2.36976E+11,2.49903E+11,0,2.49903E+11,2.49907E+11
,0,0,0,재화및용역판매수입,일반회계,2021,기획재정부,0,0,0,0,0,0,0
,0,0,0,관유물매각대,일반회계,2021,기획재정부,15304360420,2.91913E+11,4.59859E+11,3.07218E+11,15304360420,2.91913E+11,3.07218E+11
,0,0,0,예금및예탁금,일반회계,2021,기획재정부,0,3087377852,2522846418,3087377852,0,3087377852,3087377852
,0,0,0,재산수입,국유재산관리기금,2021,기획재정부,0,0,0,0,0,0,0
,0,0,0,경상이전수입,국유재산관리기금,2021,기획재정부,0,0,0,0,0,0,0
,0,0,0,관유물매각대,국유재산관리기금,2021,기획재정부,0,0,0,0,0,0,0
,0,0,0,예금및예탁금,국유재산관리기금,2021,기획재정부,0,1.97318E+11,1.69211E+11,1.97318E+11,0,1.97318E+11,1.97318E+11
,1452618800,1452618800,0,재산수입,대외경제협력기금,2021,기획재정부,1700610950,0,1452728360,247992150,247992150,0,1700610950
,8.52811E+12,10815685830,8.51729E+12,융자회수금,대외경제협력기금,2021,기획재정부,10815685830,9.74395E+12,8.61185E+12,1.22666E+12,0,1.22666E+12,9.75476E+12
,0,0,0,예금및예탁금,대외경제협력기금,2021,기획재정부,0,29036773660,30917380074,29036773660,0,29036773660,29036773660
총괄계정,2.81314E+11,0,2.81314E+11,재산수입,공공자금관리기금,2021,기획재정부,0,2.81314E+11,3.22781E+11,0,0,0,2.81314E+11
총괄계정,0,0,0,예금및예탁금,공공자금관리기금,2021,기획재정부,0,5.21232E+12,4.42399E+12,5.21232E+12,0,5.21232E+12,5.21232E+12
융자계정,0,0,0,재산수입,공공자금관리기금,2021,기획재정부,0,0,0,0,0,0,0
융자계정,5.30735E+11,0,5.30735E+11,융자회수금,공공자금관리기금,2021,기획재정부,0,5.32723E+11,6.21678E+11,1987850000,0,1987850000,5.32723E+11
융자계정,0,0,0,예금및예탁금,공공자금관리기금,2021,기획재정부,0,3.07815E+11,3.36806E+11,3.07815E+11,0,3.07815E+11,3.07815E+11
차관계정,0,0,0,재산수입,공공자금관리기금,2021,기획재정부,0,0,0,0,0,0,0
차관계정,0,0,0,예금및예탁금,공공자금관리기금,2021,기획재정부,0,3.43917E+11,2.18804E+11,3.43917E+11,0,3.43917E+11,3.43917E+11
,1.43556E+14,0,1.43556E+14,예금및예탁금,외국환평형기금,2021,기획재정부,0,1.78345E+14,1.43556E+14,3.47898E+13,0,3.47898E+13,1.78345E+14
,2029090,2029090,0,재산수입,복권기금,2021,기획재정부,2397480,607930,1400490,976320,368390,607930,3005410
,80615300,80615300,0,경상이전수입,복권기금,2021,기획재정부,1351782490,130806930,860507310,1401974120,1271167190,130806930,1482589420
,0,0,0,재화및용역판매수입,복권기금,2021,기획재정부,0,0,0,0,0,0,0
,5.91462E+11,0,5.91462E+11,예금및예탁금,복권기금,2021,기획재정부,0,5.91462E+11,5.3528E+11,0,0,0,5.91462E+11
,219375460,219375460,0,재산수입,일반회계,2021,문화체육관광부,841574250,318000510,340596930,940199300,622198790,318000510,1159574760
,16625620990,16625620990,0,경상이전수입,일반회계,2021,문화체육관광부,21436029040,1827840760,18042712600,6638248810,4810408050,1827840760,23263869800
,74330420,74330420,0,재화및용역판매수입,일반회계,2021,문화체육관광부,74591740,783010,74330420,1044330,261320,783010,75374750
,0,0,0,관유물매각대,일반회계,2021,문화체육관광부,0,0,0,0,0,0,0
,3450000,0,3450000,기타수입,일반회계,2021,문화체육관광부,0,3450000,3450000,0,0,0,3450000
,15362851,0,15362851,예금및예탁금,일반회계,2021,문화체육관광부,0,15362851,15362851,0,0,0,15362851
,125950,125950,0,재산수입,아시아문화중심도시조성특별회계,2021,문화체육관광부,7239110,60966720,677280,68079880,7113160,60966720,68205830
,20137120,20137120,0,경상이전수입,아시아문화중심도시조성특별회계,2021,문화체육관광부,20137120,0,20137120,0,0,0,20137120
,0,0,0,재화및용역판매수입,아시아문화중심도시조성특별회계,2021,문화체육관광부,0,42333410,0,42333410,0,42333410,42333410
,0,0,0,관유물매각대,아시아문화중심도시조성특별회계,2021,문화체육관광부,0,0,31973000,0,0,0,0
,100000000,0,100000000,기타수입,아시아문화중심도시조성특별회계,2021,문화체육관광부,0,100000000,100000000,0,0,0,100000000
지역자율계정,2434440,2434440,0,재산수입,지역균형발전특별회계,2021,문화체육관광부,370844710,37195310,33421820,405605580,368410270,37195310,408040020
지역자율계정,3099083320,3099083320,0,경상이전수입,지역균형발전특별회계,2021,문화체육관광부,5051637160,237499390,4109016760,2190053230,1952553840,237499390,5289136550
지역지원계정,0,0,0,재산수입,지역균형발전특별회계,2021,문화체육관광부,0,290453320,5588690,290453320,0,290453320,290453320
지역지원계정,0,0,0,경상이전수입,지역균형발전특별회계,2021,문화체육관광부,1306800000,12493229160,97915370,13800029160,1306800000,12493229160,13800029160
제주특별자치도계정,0,0,0,재산수입,지역균형발전특별회계,2021,문화체육관광부,0,0,0,0,0,0,0
제주특별자치도계정,0,0,0,경상이전수입,지역균형발전특별회계,2021,문화체육관광부,0,0,0,0,0,0,0
세종특별자치시계정,0,0,0,재산수입,지역균형발전특별회계,2021,문화체육관광부,0,0,128740,0,0,0,0
세종특별자치시계정,0,0,0,경상이전수입,지역균형발전특별회계,2021,문화체육관광부,0,0,6005500,0,0,0,0
,131591270,131591270,0,재산수입,관광진흥개발기금,2021,문화체육관광부,207312160,474365100,149829350,550085990,75720890,474365100,681677260
,1258759320,1258759320,0,경상이전수입,관광진흥개발기금,2021,문화체육관광부,11773959330,34362140,1615663270,10549562150,10515200010,34362140,11808321470
,2.6597E+12,0,2.6597E+12,융자회수금,관광진흥개발기금,2021,문화체육관광부,0,3.00575E+12,2.93468E+12,3.46047E+11,0,3.46047E+11,3.00575E+12
,13849022286,0,13849022286,예금및예탁금,관광진흥개발기금,2021,문화체육관광부,0,3.97926E+11,27176364201,3.84077E+11,0,3.84077E+11,3.97926E+11
,63191920,63191920,0,재산수입,지역신문발전기금,2021,문화체육관광부,63191920,0,63191920,0,0,0,63191920
,28234000,28234000,0,경상이전수입,지역신문발전기금,2021,문화체육관광부,28234000,0,28234000,0,0,0,28234000
,0,0,0,예금및예탁금,지역신문발전기금,2021,문화체육관광부,0,2636472428,983668005,2636472428,0,2636472428,2636472428
,4821316090,4821316090,0,재산수입,일반회계,2021,보건복지부,23293725670,59281710,10030849320,18531691290,18472409580,59281710,23353007380
,16799102070,16799102070,0,경상이전수입,일반회계,2021,보건복지부,3.44634E+11,14863890210,2.20918E+11,3.42699E+11,3.27835E+11,14863890210,3.59498E+11
,0,0,0,재화및용역판매수입,일반회계,2021,보건복지부,768023000,0,0,768023000,768023000,0,768023000
,0,0,0,관유물매각대,일반회계,2021,보건복지부,0,0,0,0,0,0,0
,14427727970,14427727970,0,융자회수금,일반회계,2021,보건복지부,14427727970,0,20503861070,0,0,0,14427727970
,20335646710,0,20335646710,기타수입,일반회계,2021,보건복지부,0,21712713090,20920610930,1377066380,0,1377066380,21712713090
농어촌특별세사업계정,0,0,0,재산수입,농어촌구조개선특별회계,2021,보건복지부,53189880,0,72733410,53189880,53189880,0,53189880
농어촌특별세사업계정,0,0,0,경상이전수입,농어촌구조개선특별회계,2021,보건복지부,405935870,0,112468990,405935870,405935870,0,405935870
농어촌특별세사업계정,7051710000,0,7051710000,융자회수금,농어촌구조개선특별회계,2021,보건복지부,0,7051710000,7736710000,0,0,0,7051710000
투자계정,2120277340,2120277340,0,경상이전수입,에너지및자원사업특별회계,2021,보건복지부,2120277340,0,2123559760,0,0,0,2120277340
지역자율계정,0,0,0,재산수입,지역균형발전특별회계,2021,보건복지부,0,0,87857160,0,0,0,0
지역자율계정,0,0,0,경상이전수입,지역균형발전특별회계,2021,보건복지부,0,0,1769305510,0,0,0,0
지역지원계정,126891960,126891960,0,재산수입,지역균형발전특별회계,2021,보건복지부,611765140,0,314596040,484873180,484873180,0,611765140
지역지원계정,2290444340,2290444340,0,경상이전수입,지역균형발전특별회계,2021,보건복지부,31829445420,0,6284791980,29539001080,29539001080,0,31829445420
자본계정,0,0,0,경상이전수입,국립재활원,2021,보건복지부,0,0,0,0,0,0,0
손익계정,0,0,0,재산수입,국립재활원,2021,보건복지부,0,0,5119320,0,0,0,0
손익계정,0,0,0,경상이전수입,국립재활원,2021,보건복지부,0,0,12497390,0,0,0,0
손익계정,6785030,1921740,4863290,재화및용역판매수입,국립재활원,2021,보건복지부,16897350,21785890,410165300,31898210,14975610,16922600,38683240
손익계정,0,0,0,재산수입,국립정신건강센터,2021,보건복지부,0,0,0,0,0,0,0
손익계정,54725310,54725310,0,경상이전수입,국립정신건강센터,2021,보건복지부,54725310,0,54725310,0,0,0,54725310
손익계정,0,0,0,재화및용역판매수입,국립정신건강센터,2021,보건복지부,0,1493195830,1039804780,1493195830,0,1493195830,1493195830
손익계정,0,0,0,관유물매각대,국립정신건강센터,2021,보건복지부,0,0,0,0,0,0,0
손익계정,0,0,0,재산수입,국립나주병원,2021,보건복지부,0,0,0,0,0,0,0
손익계정,0,0,0,경상이전수입,국립나주병원,2021,보건복지부,0,0,0,0,0,0,0
손익계정,0,0,0,재화및용역판매수입,국립나주병원,2021,보건복지부,0,660000000,1401379310,660000000,0,660000000,660000000
손익계정,0,0,0,재산수입,국립부곡병원,2021,보건복지부,0,0,0,0,0,0,0
손익계정,0,0,0,경상이전수입,국립부곡병원,2021,보건복지부,0,0,0,0,0,0,0
손익계정,0,0,0,재화및용역판매수입,국립부곡병원,2021,보건복지부,0,487366300,498024460,487366300,0,487366300,487366300
손익계정,0,0,0,재산수입,국립춘천병원,2021,보건복지부,0,0,0,0,0,0,0
손익계정,0,0,0,경상이전수입,국립춘천병원,2021,보건복지부,0,0,0,0,0,0,0
손익계정,0,0,0,재화및용역판매수입,국립춘천병원,2021,보건복지부,0,387160540,354226410,387160540,0,387160540,387160540
손익계정,0,0,0,재산수입,국립공주병원,2021,보건복지부,0,0,0,0,0,0,0
손익계정,0,0,0,경상이전수입,국립공주병원,2021,보건복지부,0,0,0,0,0,0,0
손익계정,0,0,0,재화및용역판매수입,국립공주병원,2021,보건복지부,4264740,262336230,331950660,266600970,4264740,262336230,266600970
손익계정,0,0,0,관유물매각대,국립공주병원,2021,보건복지부,0,0,0,0,0,0,0
,4.84854E+12,4760250000,4.84378E+12,융자회수금,국민연금기금,2021,보건복지부,4760250000,4.84958E+12,5.27232E+12,5800000000,0,5800000000,4.85434E+12
,0,0,0,예금및예탁금,국민연금기금,2021,보건복지부,0,1.75446E+13,1.51029E+13,1.75446E+13,0,1.75446E+13,1.75446E+13
국민건강증진계정,92234120,92234120,0,재산수입,국민건강증진기금,2021,보건복지부,252625680,79871810,395754980,240263370,160391560,79871810,332497490
국민건강증진계정,36102320320,36102320320,0,경상이전수입,국민건강증진기금,2021,보건복지부,69351772800,1.3833E+11,77572534050,1.71579E+11,33249452480,1.3833E+11,2.07681E+11
국민건강증진계정,0,0,0,예금및예탁금,국민건강증진기금,2021,보건복지부,0,53159123609,29914509807,53159123609,0,53159123609,53159123609
공공보건의료계정,0,0,0,재산수입,국민건강증진기금,2021,보건복지부,0,0,0,0,0,0,0
,3425310,3425310,0,재산수입,응급의료기금,2021,보건복지부,65063160,0,40248550,61637850,61637850,0,65063160
,51352990,51352990,0,경상이전수입,응급의료기금,2021,보건복지부,837875810,273081950,775506930,1059604770,786522820,273081950,1110957760
,8.94572E+11,0,8.94572E+11,융자회수금,응급의료기금,2021,보건복지부,0,8.94572E+11,9.02722E+11,0,0,0,8.94572E+11
,0,0,0,기타수입,응급의료기금,2021,보건복지부,0,33000,0,33000,0,33000,33000
,0,0,0,예금및예탁금,응급의료기금,2021,보건복지부,0,99589176381,76989995262,99589176381,0,99589176381,99589176381
,6989670,6989670,0,재산수입,일반회계,2021,여성가족부,671541730,0,294903120,664552060,664552060,0,671541730
,685517540,685517540,0,경상이전수입,일반회계,2021,여성가족부,8960971530,0,3249917380,8275453990,8275453990,0,8960971530
,0,0,0,재화및용역판매수입,일반회계,2021,여성가족부,0,0,0,0,0,0,0
지역자율계정,429260,429260,0,재산수입,지역균형발전특별회계,2021,여성가족부,429260,0,429260,0,0,0,429260
지역자율계정,118865950,118865950,0,경상이전수입,지역균형발전특별회계,2021,여성가족부,1374257690,0,433970070,1255391740,1255391740,0,1374257690
지역지원계정,0,0,0,재산수입,지역균형발전특별회계,2021,여성가족부,0,0,0,0,0,0,0
,13742090,13742090,0,재산수입,청소년육성기금,2021,여성가족부,48280990,209060,91755260,34747960,34538900,209060,48490050
,1222428240,1222428240,0,경상이전수입,청소년육성기금,2021,여성가족부,4201541830,24480870,2995335020,3003594460,2979113590,24480870,4226022700
,0,0,0,예금및예탁금,청소년육성기금,2021,여성가족부,0,15320279393,19798132532,15320279393,0,15320279393,15320279393
,6719880,6719880,0,재산수입,양성평등기금,2021,여성가족부,22290230,9697560,33121750,25267910,15570350,9697560,31987790
,944191640,944191640,0,경상이전수입,양성평등기금,2021,여성가족부,5323944580,2183583800,5076020770,6563336740,4379752940,2183583800,7507528380
,339265184,339265184,0,융자회수금,양성평등기금,2021,여성가족부,339265184,0,339265184,0,0,0,339265184
,11199853268,0,11199853268,예금및예탁금,양성평등기금,2021,여성가족부,0,24628227595,21498418031,13428374327,0,13428374327,24628227595
,0,0,0,재산수입,일반회계,2021,방송통신위원회,0,0,0,0,0,0,0
,27686034440,27683268590,2765850,경상이전수입,일반회계,2021,방송통신위원회,30953538790,350100060,28734436210,3617604410,3270270200,347334210,31303638850
,0,0,0,재화및용역판매수입,일반회계,2021,방송통신위원회,0,0,0,0,0,0,0
,40000000,0,40000000,기타수입,일반회계,2021,방송통신위원회,0,40000000,40000000,0,0,0,40000000
,0,0,0,재산수입,일반회계,2021,금융위원회,0,0,0,0,0,0,0
,2509903940,2509903940,0,경상이전수입,일반회계,2021,금융위원회,4096859200,3798600,2773447010,1590753860,1586955260,3798600,4100657800
,0,0,0,재화및용역판매수입,일반회계,2021,금융위원회,0,0,0,0,0,0,0
,0,0,0,기타수입,일반회계,2021,금융위원회,0,99910000,0,99910000,0,99910000,99910000
,0,0,0,재산수입,농어가목돈마련저축장려기금,2021,금융위원회,0,0,0,0,0,0,0
,0,0,0,경상이전수입,농어가목돈마련저축장려기금,2021,금융위원회,0,0,0,0,0,0,0
,0,0,0,예금및예탁금,농어가목돈마련저축장려기금,2021,금융위원회,0,0,0,0,0,0,0
,0,0,0,재산수입,공적자금상환기금,2021,금융위원회,0,0,0,0,0,0,0
,0,0,0,경상이전수입,공적자금상환기금,2021,금융위원회,0,0,0,0,0,0,0
,0,0,0,예금및예탁금,공적자금상환기금,2021,금융위원회,0,0,0,0,0,0,0
,22451070,22451070,0,경상이전수입,일반회계,2021,국민권익위원회,119325310,252730590,62005300,349604830,96874240,252730590,372055900
,50000000,0,50000000,기타수입,일반회계,2021,국민권익위원회,0,60000000,50000000,10000000,0,10000000,60000000
,0,0,0,경상이전수입,일반회계,2021,원자력안전위원회,0,0,0,0,0,0,0
,151170390,151170390,0,재산수입,일반회계,2021,교육부,152362580,1006460,160823890,2198650,1192190,1006460,153369040
,1586587070,1586587070,0,경상이전수입,일반회계,2021,교육부,1793322480,3300,1783864280,206738710,206735410,3300,1793325780
,4508180,4508180,0,재화및용역판매수입,일반회계,2021,교육부,4508180,0,4529380,0,0,0,4508180
,0,0,0,관유물매각대,일반회계,2021,교육부,0,0,400000,0,0,0,0
,7.54696E+11,0,7.54696E+11,융자회수금,일반회계,2021,교육부,0,7.54696E+11,7.54743E+11,0,0,0,7.54696E+11
,97542880,0,97542880,기타수입,일반회계,2021,교육부,0,110042880,97542880,12500000,0,12500000,110042880
지역지원계정,0,0,0,재산수입,지역균형발전특별회계,2021,교육부,0,0,271152460,0,0,0,0
지역지원계정,0,0,0,경상이전수입,지역균형발전특별회계,2021,교육부,0,0,202433350,0,0,0,0
,0,0,0,재산수입,유아교육지원특별회계,2021,교육부,0,0,0,0,0,0,0
,0,0,0,경상이전수입,유아교육지원특별회계,2021,교육부,0,0,0,0,0,0,0
,0,0,0,재산수입,일반회계,2021,외교부,6180,0,0,6180,6180,0,6180
,434422260,434422260,0,경상이전수입,일반회계,2021,외교부,460257960,137156440,434422260,162992140,25835700,137156440,597414400
,0,0,0,재화및용역판매수입,일반회계,2021,외교부,114280,0,0,114280,114280,0,114280
,3956962947,1873635331,2083327616,기타수입,일반회계,2021,외교부,1951522479,4556202349,6057405102,2550761881,77887148,2472874733,6507724828
,0,0,0,재산수입,국제질병퇴치기금,2021,외교부,0,0,0,0,0,0,0
,0,0,0,경상이전수입,국제질병퇴치기금,2021,외교부,0,0,0,0,0,0,0
,2253732040,0,2253732040,예금및예탁금,국제질병퇴치기금,2021,외교부,0,2253732040,8504758224,0,0,0,2253732040
,142523740,142523740,0,재산수입,일반회계,2021,농림축산식품부,142572160,720,142571590,49140,48420,720,142572880
,405527310,404341490,1185820,경상이전수입,일반회계,2021,농림축산식품부,834364300,484316960,888248240,913153950,430022810,483131140,1318681260
,4102280,4102280,0,재화및용역판매수입,일반회계,2021,농림축산식품부,25134780,23695000,633734380,44727500,21032500,23695000,48829780
,0,0,0,관유물매각대,일반회계,2021,농림축산식품부,0,0,0,0,0,0,0
,275890,275890,0,융자회수금,일반회계,2021,농림축산식품부,275890,0,275890,0,0,0,275890
,449945000,0,449945000,기타수입,일반회계,2021,농림축산식품부,0,449945000,449945000,0,0,0,449945000
구조개선사업계정,11880070,11880070,0,재산수입,농어촌구조개선특별회계,2021,농림축산식품부,26920850,0,12277820,15040780,15040780,0,26920850
구조개선사업계정,310218530,310218530,0,경상이전수입,농어촌구조개선특별회계,2021,농림축산식품부,2644378910,1329895830,1741095310,3664056210,2334160380,1329895830,3974274740
구조개선사업계정,3118900,3118900,0,재화및용역판매수입,농어촌구조개선특별회계,2021,농림축산식품부,18096600,0,10106640,14977700,14977700,0,18096600
구조개선사업계정,0,0,0,관유물매각대,농어촌구조개선특별회계,2021,농림축산식품부,0,0,0,0,0,0,0
구조개선사업계정,1.44424E+11,0,1.44424E+11,융자회수금,농어촌구조개선특별회계,2021,농림축산식품부,0,1.50026E+11,2.0764E+11,5601619000,0,5601619000,1.50026E+11
농어촌특별세사업계정,0,0,0,재산수입,농어촌구조개선특별회계,2021,농림축산식품부,1446360,0,8322120,1446360,1446360,0,1446360
농어촌특별세사업계정,204048160,204048160,0,경상이전수입,농어촌구조개선특별회계,2021,농림축산식품부,298839920,45853320,736706920,140645080,94791760,45853320,344693240
농어촌특별세사업계정,0,0,0,재화및용역판매수입,농어촌구조개선특별회계,2021,농림축산식품부,0,0,0,0,0,0,0
농어촌특별세사업계정,0,0,0,관유물매각대,농어촌구조개선특별회계,2021,농림축산식품부,0,0,0,0,0,0,0
농어촌특별세사업계정,16844500120,0,16844500120,융자회수금,농어촌구조개선특별회계,2021,농림축산식품부,0,16844500120,19874321370,0,0,0,16844500120
투자계정,0,0,0,재산수입,에너지및자원사업특별회계,2021,농림축산식품부,0,0,0,0,0,0,0
투자계정,0,0,0,경상이전수입,에너지및자원사업특별회계,2021,농림축산식품부,0,0,387411800,0,0,0,0
융자계정,0,0,0,재산수입,에너지및자원사업특별회계,2021,농림축산식품부,0,0,0,0,0,0,0
융자계정,16431428160,0,16431428160,융자회수금,에너지및자원사업특별회계,2021,농림축산식품부,0,21847428160,27000077270,5416000000,0,5416000000,21847428160
,0,0,0,재산수입,혁신도시건설특별회계,2021,농림축산식품부,0,0,0,0,0,0,0
,0,0,0,경상이전수입,혁신도시건설특별회계,2021,농림축산식품부,0,0,0,0,0,0,0
지역자율계정,0,0,0,재산수입,지역균형발전특별회계,2021,농림축산식품부,0,0,0,0,0,0,0
지역자율계정,52575240,52575240,0,경상이전수입,지역균형발전특별회계,2021,농림축산식품부,118098220,0,74134730,65522980,65522980,0,118098220
지역지원계정,0,0,0,재산수입,지역균형발전특별회계,2021,농림축산식품부,0,0,0,0,0,0,0
지역지원계정,0,0,0,경상이전수입,지역균형발전특별회계,2021,농림축산식품부,0,0,0,0,0,0,0
제주특별자치도계정,0,0,0,경상이전수입,지역균형발전특별회계,2021,농림축산식품부,0,0,0,0,0,0,0
손익계정,0,0,0,재산수입,양곡관리특별회계,2021,농림축산식품부,0,0,66220,0,0,0,0
손익계정,0,0,0,경상이전수입,양곡관리특별회계,2021,농림축산식품부,1667600,0,44380,1667600,1667600,0,1667600
손익계정,0,0,0,재화및용역판매수입,양곡관리특별회계,2021,농림축산식품부,2047810,0,723328530,2047810,2047810,0,2047810
손익계정,0,0,0,관유물매각대,양곡관리특별회계,2021,농림축산식품부,39378580,38500,12726020,39417080,39378580,38500,39417080
,0,0,0,재산수입,농업·농촌공익기능증진직접지불기금,2021,농림축산식품부,0,81410,0,81410,0,81410,81410
,0,0,0,경상이전수입,농업·농촌공익기능증진직접지불기금,2021,농림축산식품부,0,95783770,0,95783770,0,95783770,95783770
,0,0,0,재산수입,양곡증권정리기금,2021,농림축산식품부,0,0,0,0,0,0,0
,0,0,0,예금및예탁금,양곡증권정리기금,2021,농림축산식품부,0,46308424470,29636069140,46308424470,0,46308424470,46308424470
,0,0,0,재산수입,농산물가격안정기금,2021,농림축산식품부,0,0,0,0,0,0,0
,143376000,143376000,0,경상이전수입,농산물가격안정기금,2021,농림축산식품부,255576000,0,143376000,112200000,112200000,0,255576000
,0,0,0,재화및용역판매수입,농산물가격안정기금,2021,농림축산식품부,0,0,0,0,0,0,0
,0,0,0,관유물매각대,농산물가격안정기금,2021,농림축산식품부,0,0,0,0,0,0,0
,1.66758E+12,0,1.66758E+12,융자회수금,농산물가격안정기금,2021,농림축산식품부,0,3.04278E+12,2.81601E+12,1.3752E+12,0,1.3752E+12,3.04278E+12
,2220000006,0,2220000006,예금및예탁금,농산물가격안정기금,2021,농림축산식품부,0,98267081123,2.62864E+11,96047081117,0,96047081117,98267081123
,33676326012,334381688,33341944324,재산수입,농지관리기금,2021,농림축산식품부,3029587268,60318865426,38834799225,29672126682,2695205580,26976921102,63348452694
,2.43496E+11,19637252110,2.23858E+11,경상이전수입,농지관리기금,2021,농림축산식품부,24280135820,9.25159E+11,5.61482E+11,7.05943E+11,4642883710,7.013E+11,9.49439E+11
,81334323125,81334323125,0,관유물매각대,농지관리기금,2021,농림축산식품부,81334323125,0,1.50258E+11,0,0,0,81334323125
,6.02155E+12,0,6.02155E+12,융자회수금,농지관리기금,2021,농림축산식품부,0,7.27929E+12,6.56429E+12,1.25774E+12,0,1.25774E+12,7.27929E+12
,0,0,0,예금및예탁금,농지관리기금,2021,농림축산식품부,0,4.1546E+11,2.9046E+11,4.1546E+11,0,4.1546E+11,4.1546E+11
,0,0,0,재산수입,축산발전기금,2021,농림축산식품부,0,7454280,0,7454280,0,7454280,7454280
,0,0,0,경상이전수입,축산발전기금,2021,농림축산식품부,0,1023369930,44552880,1023369930,0,1023369930,1023369930
,0,0,0,관유물매각대,축산발전기금,2021,농림축산식품부,0,0,0,0,0,0,0
,6.05147E+11,0,6.05147E+11,융자회수금,축산발전기금,2021,농림축산식품부,0,1.06217E+12,1.09065E+12,4.57022E+11,0,4.57022E+11,1.06217E+12
,0,0,0,예금및예탁금,축산발전기금,2021,농림축산식품부,0,24695856641,43260983607,24695856641,0,24695856641,24695856641
,0,0,0,재산수입,자유무역협정이행지원기금,2021,농림축산식품부,0,0,14227690,0,0,0,0
,653000,653000,0,경상이전수입,자유무역협정이행지원기금,2021,농림축산식품부,653000,0,718957780,0,0,0,653000
,7.695E+11,0,7.695E+11,융자회수금,자유무역협정이행지원기금,2021,농림축산식품부,0,9.69089E+11,1.01017E+12,1.99588E+11,0,1.99588E+11,9.69089E+11
,0,0,0,예금및예탁금,자유무역협정이행지원기금,2021,농림축산식품부,0,1.90931E+11,1.38768E+11,1.90931E+11,0,1.90931E+11,1.90931E+11
,0,0,0,재산수입,농어업재해재보험기금,2021,농림축산식품부,0,0,0,0,0,0,0
,0,0,0,경상이전수입,농어업재해재보험기금,2021,농림축산식품부,0,0,0,0,0,0,0
,0,0,0,재화및용역판매수입,농어업재해재보험기금,2021,농림축산식품부,0,0,0,0,0,0,0
,0,0,0,예금및예탁금,농어업재해재보험기금,2021,농림축산식품부,0,27206413918,66273350406,27206413918,0,27206413918,27206413918
,1829868200,1829868200,0,재산수입,일반회계,2021,산업통상자원부,2284147290,0,2373236230,454279090,454279090,0,2284147290
,1264268150,1264268150,0,경상이전수입,일반회계,2021,산업통상자원부,1518314740,553930,6840527580,254600520,254046590,553930,1518868670
,105437510,105437510,0,재화및용역판매수입,일반회계,2021,산업통상자원부,160285540,0,136852010,54848030,54848030,0,160285540
투자계정,0,0,0,재산수입,에너지및자원사업특별회계,2021,산업통상자원부,161780,17062990,148760,17224770,161780,17062990,17224770
투자계정,4016407880,4016407880,0,경상이전수입,에너지및자원사업특별회계,2021,산업통상자원부,4496189820,174581820,4090713830,654363760,479781940,174581820,4670771640
융자계정,0,0,0,재산수입,에너지및자원사업특별회계,2021,산업통상자원부,0,0,0,0,0,0,0
융자계정,3.40911E+12,0,3.40911E+12,융자회수금,에너지및자원사업특별회계,2021,산업통상자원부,0,3.82615E+12,4.00215E+12,4.17039E+11,0,4.17039E+11,3.82615E+12
지역자율계정,763550,763550,0,재산수입,지역균형발전특별회계,2021,산업통상자원부,1497500,0,3582650,733950,733950,0,1497500
지역자율계정,0,0,0,경상이전수입,지역균형발전특별회계,2021,산업통상자원부,9306990,0,40677820,9306990,9306990,0,9306990
지역지원계정,567790,567790,0,재산수입,지역균형발전특별회계,2021,산업통상자원부,9110430,4566340,64836560,13108980,8542640,4566340,13676770
지역지원계정,171990000,171990000,0,경상이전수입,지역균형발전특별회계,2021,산업통상자원부,320488960,0,5988145270,148498960,148498960,0,320488960
세종특별자치시계정,0,0,0,재산수입,지역균형발전특별회계,2021,산업통상자원부,0,0,0,0,0,0,0
세종특별자치시계정,0,0,0,경상이전수입,지역균형발전특별회계,2021,산업통상자원부,0,0,0,0,0,0,0
,0,0,0,재산수입,소재부품장비경쟁력강화특별회계,2021,산업통상자원부,89127810,0,0,89127810,89127810,0,89127810
,0,0,0,경상이전수입,소재부품장비경쟁력강화특별회계,2021,산업통상자원부,37834040,0,0,37834040,37834040,0,37834040
산업기술혁신계정,0,0,0,재산수입,산업기술진흥및사업화촉진기금,2021,산업통상자원부,0,0,0,0,0,0,0
산업기술혁신계정,0,0,0,경상이전수입,산업기술진흥및사업화촉진기금,2021,산업통상자원부,0,0,0,0,0,0,0
산업기술혁신계정,0,0,0,예금및예탁금,산업기술진흥및사업화촉진기금,2021,산업통상자원부,0,29228692236,48201318248,29228692236,0,29228692236,29228692236
특정물질사용합리화계정,0,0,0,재산수입,산업기술진흥및사업화촉진기금,2021,산업통상자원부,0,0,0,0,0,0,0
특정물질사용합리화계정,0,0,0,경상이전수입,산업기술진흥및사업화촉진기금,2021,산업통상자원부,0,0,0,0,0,0,0
특정물질사용합리화계정,4895200000,0,4895200000,융자회수금,산업기술진흥및사업화촉진기금,2021,산업통상자원부,0,5995200000,6409300000,1100000000,0,1100000000,5995200000
특정물질사용합리화계정,0,0,0,예금및예탁금,산업기술진흥및사업화촉진기금,2021,산업통상자원부,0,2641175749,2696654166,2641175749,0,2641175749,2641175749
,0,0,0,재산수입,전력산업기반기금,2021,산업통상자원부,0,0,0,0,0,0,0
,39432980,39432980,0,경상이전수입,전력산업기반기금,2021,산업통상자원부,22636907070,0,64900243100,22597474090,22597474090,0,22636907070
,1.17098E+12,0,1.17098E+12,융자회수금,전력산업기반기금,2021,산업통상자원부,0,1.73252E+12,1.29839E+12,5.61545E+11,0,5.61545E+11,1.73252E+12
,0,0,0,예금및예탁금,전력산업기반기금,2021,산업통상자원부,0,4.97165E+11,91356981585,4.97165E+11,0,4.97165E+11,4.97165E+11
,0,0,0,재산수입,방사성폐기물관리기금,2021,산업통상자원부,0,0,0,0,0,0,0
,2.47382E+12,0,2.47382E+12,경상이전수입,방사성폐기물관리기금,2021,산업통상자원부,0,2.58296E+12,0,1.09147E+11,0,1.09147E+11,2.58296E+12
,0,0,0,재화및용역판매수입,방사성폐기물관리기금,2021,산업통상자원부,0,0,0,0,0,0,0
,0,0,0,예금및예탁금,방사성폐기물관리기금,2021,산업통상자원부,0,2.40114E+11,3.58735E+11,2.40114E+11,0,2.40114E+11,2.40114E+11
,2556180360,2556180360,0,재산수입,일반회계,2021,국토교통부,2958880840,36551400,3413982120,439251880,402700480,36551400,2995432240
,22449885360,22449885360,0,경상이전수입,일반회계,2021,국토교통부,24021022800,2355098890,37118049420,3926236330,1571137440,2355098890,26376121690
,40540830,40540830,0,재화및용역판매수입,일반회계,2021,국토교통부,60083410,3083740,89990390,22626320,19542580,3083740,63167150
,2298591290,2298591290,0,관유물매각대,일반회계,2021,국토교통부,2298591290,0,2298591290,0,0,0,2298591290
,119174110,0,119174110,기타수입,일반회계,2021,국토교통부,0,194612110,119174110,75438000,0,75438000,194612110
도로계정,13222618140,13172014560,50603580,재산수입,교통시설특별회계,2021,국토교통부,14857092670,171415500,14424118920,1805890030,1685078110,120811920,15028508170
도로계정,23376450880,23372509930,3940950,경상이전수입,교통시설특별회계,2021,국토교통부,28923216090,838864680,24854604740,6385629890,5550706160,834923730,29762080770
도로계정,706341240,706341240,0,재화및용역판매수입,교통시설특별회계,2021,국토교통부,817592960,92877900,712695640,204129620,111251720,92877900,910470860
도로계정,296448450,296448450,0,관유물매각대,교통시설특별회계,2021,국토교통부,803931950,9787111000,451894950,10294594500,507483500,9787111000,10591042950
철도계정,2639549280,2639549280,0,재산수입,교통시설특별회계,2021,국토교통부,2639549280,0,2649982890,0,0,0,2639549280
철도계정,2557141160,2557141160,0,경상이전수입,교통시설특별회계,2021,국토교통부,2557141160,0,2559828440,0,0,0,2557141160
철도계정,0,0,0,재화및용역판매수입,교통시설특별회계,2021,국토교통부,0,0,0,0,0,0,0
철도계정,111994500,111994500,0,관유물매각대,교통시설특별회계,2021,국토교통부,111994500,0,911994500,0,0,0,111994500
공항계정,269500,269500,0,재산수입,교통시설특별회계,2021,국토교통부,269500,0,359460820,0,0,0,269500
공항계정,6481050220,6481050220,0,경상이전수입,교통시설특별회계,2021,국토교통부,7302633430,0,6671484680,821583210,821583210,0,7302633430
공항계정,149942840,149942840,0,재화및용역판매수입,교통시설특별회계,2021,국토교통부,149942840,137238000,164219940,137238000,0,137238000,287180840
공항계정,0,0,0,관유물매각대,교통시설특별회계,2021,국토교통부,0,0,0,0,0,0,0
교통체계관리계정,0,0,0,재산수입,교통시설특별회계,2021,국토교통부,0,0,0,0,0,0,0
교통체계관리계정,0,0,0,경상이전수입,교통시설특별회계,2021,국토교통부,0,0,0,0,0,0,0
투자계정,0,0,0,재산수입,에너지및자원사업특별회계,2021,국토교통부,0,0,0,0,0,0,0
투자계정,0,0,0,경상이전수입,에너지및자원사업특별회계,2021,국토교통부,0,0,0,0,0,0,0
,0,0,0,재산수입,혁신도시건설특별회계,2021,국토교통부,0,0,0,0,0,0,0
,0,0,0,경상이전수입,혁신도시건설특별회계,2021,국토교통부,0,0,0,0,0,0,0
지역자율계정,333320,333320,0,재산수입,지역균형발전특별회계,2021,국토교통부,11838860,0,11923350,11505540,11505540,0,11838860
지역자율계정,4.85367E+11,2.40729E+11,2.44638E+11,경상이전수입,지역균형발전특별회계,2021,국토교통부,2.57994E+11,6.00948E+11,7.22864E+11,3.73575E+11,17265384610,3.56309E+11,8.58942E+11
지역자율계정,2411890,2411890,0,재화및용역판매수입,지역균형발전특별회계,2021,국토교통부,2411890,0,2411890,0,0,0,2411890
지역자율계정,312469690,0,312469690,기타수입,지역균형발전특별회계,2021,국토교통부,0,312469690,312469690,0,0,0,312469690
지역지원계정,128186890,128186890,0,재산수입,지역균형발전특별회계,2021,국토교통부,128319070,0,128186890,132180,132180,0,128319070
지역지원계정,1.42403E+11,1.42037E+11,366032490,경상이전수입,지역균형발전특별회계,2021,국토교통부,1.52047E+11,28782110500,1.90883E+11,38426086190,10010008180,28416078010,1.80829E+11
지역지원계정,0,0,0,재화및용역판매수입,지역균형발전특별회계,2021,국토교통부,0,0,0,0,0,0,0
지역지원계정,471915470,471915470,0,관유물매각대,지역균형발전특별회계,2021,국토교통부,471915470,0,471915470,0,0,0,471915470
지역지원계정,151157210,0,151157210,예금및예탁금,지역균형발전특별회계,2021,국토교통부,0,151157210,151157210,0,0,0,151157210
제주특별자치도계정,0,0,0,재산수입,지역균형발전특별회계,2021,국토교통부,0,0,0,0,0,0,0
제주특별자치도계정,0,0,0,경상이전수입,지역균형발전특별회계,2021,국토교통부,0,0,0,0,0,0,0
세종특별자치시계정,0,0,0,재산수입,지역균형발전특별회계,2021,국토교통부,0,0,0,0,0,0,0
세종특별자치시계정,0,0,0,경상이전수입,지역균형발전특별회계,2021,국토교통부,0,0,0,0,0,0,0
,0,0,0,예금및예탁금,자동차사고피해지원기금,2021,국토교통부,0,2.09458E+11,2.11773E+11,2.09458E+11,0,2.09458E+11,2.09458E+11
주택계정,0,0,0,재화및용역판매수입,주택도시기금,2021,국토교통부,0,3239841247,4713411506,3239841247,0,3239841247,3239841247
주택계정,1.06883E+14,2.67845E+11,1.06616E+14,융자회수금,주택도시기금,2021,국토교통부,2.69405E+11,1.33037E+14,1.22535E+14,2.64232E+13,1560382201,2.64216E+13,1.33307E+14
주택계정,0,0,0,예금및예탁금,주택도시기금,2021,국토교통부,0,3.23881E+11,1.09034E+12,3.23881E+11,0,3.23881E+11,3.23881E+11
도시계정,149128779,0,149128779,재화및용역판매수입,주택도시기금,2021,국토교통부,0,418062884,149128779,268934105,0,268934105,418062884
도시계정,9.94926E+11,11510529465,9.83415E+11,융자회수금,주택도시기금,2021,국토교통부,11510529465,1.58974E+12,1.2441E+12,6.06325E+11,0,6.06325E+11,1.60125E+12
도시계정,0,0,0,예금및예탁금,주택도시기금,2021,국토교통부,0,217019954,156046111,217019954,0,217019954,217019954
,165641910,165641910,0,재산수입,일반회계,2021,해양수산부,266251160,1512243200,523328650,1612852450,100609250,1512243200,1778494360
,705772880,705772880,0,경상이전수입,일반회계,2021,해양수산부,2117201830,103141090,2887541430,1514570040,1411428950,103141090,2220342920
,76621920,76621920,0,재화및용역판매수입,일반회계,2021,해양수산부,99874010,62910,273854950,23315000,23252090,62910,99936920
,0,0,0,관유물매각대,일반회계,2021,해양수산부,0,0,0,0,0,0,0
,372568432,44110112,328458320,융자회수금,일반회계,2021,해양수산부,44110112,328458320,372568432,0,0,0,372568432
,3.72938E+11,0,3.72938E+11,기타수입,일반회계,2021,해양수산부,0,3.72947E+11,3.72947E+11,9000000,0,9000000,3.72947E+11
구조개선사업계정,57128360,57128360,0,재산수입,농어촌구조개선특별회계,2021,해양수산부,92132780,142578360,93376760,177582780,35004420,142578360,234711140
구조개선사업계정,2942865200,2942865200,0,경상이전수입,농어촌구조개선특별회계,2021,해양수산부,5642756800,385767990,5517295590,3085659590,2699891600,385767990,6028524790
구조개선사업계정,0,0,0,재화및용역판매수입,농어촌구조개선특별회계,2021,해양수산부,0,0,2700000,0,0,0,0
구조개선사업계정,15926429630,0,15926429630,융자회수금,농어촌구조개선특별회계,2021,해양수산부,0,15926429630,22954941860,0,0,0,15926429630
농어촌특별세사업계정,18240,18240,0,재산수입,농어촌구조개선특별회계,2021,해양수산부,21310,103320,486310,106390,3070,103320,124630
농어촌특별세사업계정,576559320,576559320,0,경상이전수입,농어촌구조개선특별회계,2021,해양수산부,604350070,933788530,602304310,961579280,27790750,933788530,1538138600
농어촌특별세사업계정,0,0,0,재화및용역판매수입,농어촌구조개선특별회계,2021,해양수산부,0,0,0,0,0,0,0
농어촌특별세사업계정,0,0,0,관유물매각대,농어촌구조개선특별회계,2021,해양수산부,0,0,0,0,0,0,0
농어촌특별세사업계정,166176510,0,166176510,융자회수금,농어촌구조개선특별회계,2021,해양수산부,0,166176510,257746510,0,0,0,166176510
항만계정,664017660,664017660,0,재산수입,교통시설특별회계,2021,해양수산부,687780900,24866570,689456750,48629810,23763240,24866570,712647470
항만계정,7468688710,7468688710,0,경상이전수입,교통시설특별회계,2021,해양수산부,7569458420,312447070,7291589200,413216780,100769710,312447070,7881905490
항만계정,8600448300,8600448300,0,재화및용역판매수입,교통시설특별회계,2021,해양수산부,10581240860,3381610080,14494920170,5362402640,1980792560,3381610080,13962850940
항만계정,820566400,820566400,0,관유물매각대,교통시설특별회계,2021,해양수산부,820566400,0,939465400,0,0,0,820566400
투자계정,684840,684840,0,재산수입,에너지및자원사업특별회계,2021,해양수산부,684840,97158060,11117950,97158060,0,97158060,97842900
투자계정,393911480,393911480,0,경상이전수입,에너지및자원사업특별회계,2021,해양수산부,417469660,1873479960,624656480,1897038140,23558180,1873479960,2290949620
지역자율계정,7028610,7028610,0,재산수입,지역균형발전특별회계,2021,해양수산부,27589810,12790690,35999470,33351890,20561200,12790690,40380500
지역자율계정,924026650,924026650,0,경상이전수입,지역균형발전특별회계,2021,해양수산부,1258872150,79392660,1273314890,414238160,334845500,79392660,1338264810
지역지원계정,0,0,0,재산수입,지역균형발전특별회계,2021,해양수산부,0,0,2173610,0,0,0,0
지역지원계정,123086040,123086040,0,경상이전수입,지역균형발전특별회계,2021,해양수산부,123086040,0,436233950,0,0,0,123086040
제주특별자치도계정,0,0,0,재산수입,지역균형발전특별회계,2021,해양수산부,0,0,0,0,0,0,0
제주특별자치도계정,0,0,0,경상이전수입,지역균형발전특별회계,2021,해양수산부,0,0,0,0,0,0,0
,469440,469440,0,재산수입,수산발전기금,2021,해양수산부,2114330,1496560,1941370,3141450,1644890,1496560,3610890
,1055617090,1055617090,0,경상이전수입,수산발전기금,2021,해양수산부,3073834910,735659680,18546823030,2753877500,2018217820,735659680,3809494590
,0,0,0,재화및용역판매수입,수산발전기금,2021,해양수산부,0,0,0,0,0,0,0
,0,0,0,관유물매각대,수산발전기금,2021,해양수산부,0,0,0,0,0,0,0
,1.75807E+11,0,1.75807E+11,융자회수금,수산발전기금,2021,해양수산부,246000000,5.51491E+11,6.06946E+11,3.7593E+11,246000000,3.75684E+11,5.51737E+11
,0,0,0,예금및예탁금,수산발전기금,2021,해양수산부,0,72532946911,47710282851,72532946911,0,72532946911,72532946911
,1021670,854000,167670,재산수입,일반회계,2021,식품의약품안전처,6734970,167670,67008800,5880970,5880970,0,6902640
,277290780,277290780,0,경상이전수입,일반회계,2021,식품의약품안전처,424003810,62442930,413948340,209155960,146713030,62442930,486446740
,0,0,0,재화및용역판매수입,일반회계,2021,식품의약품안전처,0,0,0,0,0,0,0
,0,0,0,관유물매각대,일반회계,2021,식품의약품안전처,0,0,0,0,0,0,0
,3942400,0,3942400,기타수입,일반회계,2021,식품의약품안전처,0,3942400,3942400,0,0,0,3942400
구조개선사업계정,0,0,0,관유물매각대,농어촌구조개선특별회계,2021,식품의약품안전처,0,0,0,0,0,0,0
지역지원계정,0,0,0,재산수입,지역균형발전특별회계,2021,식품의약품안전처,0,0,0,0,0,0,0
지역지원계정,0,0,0,경상이전수입,지역균형발전특별회계,2021,식품의약품안전처,0,0,0,0,0,0,0
제주특별자치도계정,0,0,0,재산수입,지역균형발전특별회계,2021,식품의약품안전처,0,0,450,0,0,0,0
제주특별자치도계정,0,0,0,경상이전수입,지역균형발전특별회계,2021,식품의약품안전처,0,0,468390,0,0,0,0
,0,0,0,재산수입,일반회계,2021,대통령비서실 및 국가안보실,0,0,0,0,0,0,0
,0,0,0,경상이전수입,일반회계,2021,대통령비서실 및 국가안보실,22000000,0,0,22000000,22000000,0,22000000
,0,0,0,재화및용역판매수입,일반회계,2021,대통령비서실 및 국가안보실,0,0,0,0,0,0,0
,0,0,0,재산수입,일반회계,2021,새만금개발청,553641700,0,0,553641700,553641700,0,553641700
,0,0,0,경상이전수입,일반회계,2021,새만금개발청,19267680,0,4406830,19267680,19267680,0,19267680
,0,0,0,재화및용역판매수입,일반회계,2021,새만금개발청,3512307220,20830,344400050,3512328050,3512307220,20830,3512328050
지역자율계정,0,0,0,재산수입,지역균형발전특별회계,2021,새만금개발청,0,0,457940,0,0,0,0
지역지원계정,0,0,0,재산수입,지역균형발전특별회계,2021,새만금개발청,0,0,0,0,0,0,0
,68538280,68538280,0,재산수입,일반회계,2021,행정안전부,5905576760,488603190,981365040,6325641670,5837038480,488603190,6394179950
,2295340340,2295340340,0,경상이전수입,일반회계,2021,행정안전부,1.16492E+11,1723063890,10199872970,1.1592E+11,1.14197E+11,1723063890,1.18215E+11
,400739100,400739100,0,재화및용역판매수입,일반회계,2021,행정안전부,402012960,1805930,406760180,3079790,1273860,1805930,403818890
,0,0,0,관유물매각대,일반회계,2021,행정안전부,0,0,0,0,0,0,0
,145000000,0,145000000,기타수입,일반회계,2021,행정안전부,0,145000000,125000000,0,0,0,145000000
지역자율계정,6276510,6276510,0,경상이전수입,지역균형발전특별회계,2021,행정안전부,6276510,0,120398440,0,0,0,6276510
지역지원계정,11111970,11111970,0,재산수입,지역균형발전특별회계,2021,행정안전부,95272810,365710,44191090,84526550,84160840,365710,95638520
지역지원계정,412138670,412138670,0,경상이전수입,지역균형발전특별회계,2021,행정안전부,2906755750,0,1934355830,2494617080,2494617080,0,2906755750
제주특별자치도계정,0,0,0,재산수입,지역균형발전특별회계,2021,행정안전부,0,0,0,0,0,0,0
제주특별자치도계정,0,0,0,경상이전수입,지역균형발전특별회계,2021,행정안전부,0,0,0,0,0,0,0
,0,0,0,재산수입,일반회계,2021,중소벤처기업부,9508690,0,10989230,9508690,9508690,0,9508690
,750890390,750890390,0,경상이전수입,일반회계,2021,중소벤처기업부,790149720,0,770406890,39259330,39259330,0,790149720
,0,0,0,재화및용역판매수입,일반회계,2021,중소벤처기업부,0,0,0,0,0,0,0
,90000,0,90000,기타수입,일반회계,2021,중소벤처기업부,0,90000,90000,0,0,0,90000
지역자율계정,2450640,2450640,0,재산수입,지역균형발전특별회계,2021,중소벤처기업부,7459450,0,89825260,5008810,5008810,0,7459450
지역자율계정,172128870,172128870,0,경상이전수입,지역균형발전특별회계,2021,중소벤처기업부,222526690,0,562285060,50397820,50397820,0,222526690
지역지원계정,0,0,0,재산수입,지역균형발전특별회계,2021,중소벤처기업부,0,0,0,0,0,0,0
지역지원계정,0,0,0,경상이전수입,지역균형발전특별회계,2021,중소벤처기업부,0,0,0,0,0,0,0
제주특별자치도계정,0,0,0,재산수입,지역균형발전특별회계,2021,중소벤처기업부,0,0,0,0,0,0,0
제주특별자치도계정,0,0,0,경상이전수입,지역균형발전특별회계,2021,중소벤처기업부,0,0,0,0,0,0,0
세종특별자치시계정,0,0,0,재산수입,지역균형발전특별회계,2021,중소벤처기업부,0,0,0,0,0,0,0
,0,0,0,재산수입,소재부품장비경쟁력강화특별회계,2021,중소벤처기업부,0,0,0,0,0,0,0
,2802320,2802320,0,재산수입,소상공인시장진흥기금,2021,중소벤처기업부,57162520,6771565120,7137015350,6825925320,54360200,6771565120,6828727640
,215619640,215619640,0,경상이전수입,소상공인시장진흥기금,2021,중소벤처기업부,2549467960,85533710,357625240,2419382030,2333848320,85533710,2635001670
,1.11349E+13,0,1.11349E+13,융자회수금,소상공인시장진흥기금,2021,중소벤처기업부,0,1.14284E+13,9.64085E+12,2.9348E+11,0,2.9348E+11,1.14284E+13
,2.01378E+12,0,2.01378E+12,예금및예탁금,소상공인시장진흥기금,2021,중소벤처기업부,0,2.0161E+12,4.67091E+11,2318276306,0,2318276306,2.0161E+12
,0,0,0,재산수입,일반회계,2021,소방청,43884730,0,28069630,43884730,43884730,0,43884730
,0,0,0,경상이전수입,일반회계,2021,소방청,711747110,0,565141470,711747110,711747110,0,711747110
,0,0,0,재화및용역판매수입,일반회계,2021,소방청,0,0,0,0,0,0,0
,0,0,0,관유물매각대,일반회계,2021,소방청,0,0,0,0,0,0,0
,0,0,0,재산수입,일반회계,2021,해양경찰청,0,3687350,0,3687350,0,3687350,3687350
,1932914890,1932914890,0,경상이전수입,일반회계,2021,해양경찰청,2085399980,50390340,7161086230,202875430,152485090,50390340,2135790320
,0,0,0,재화및용역판매수입,일반회계,2021,해양경찰청,0,177090,1531000,177090,0,177090,177090
,0,0,0,관유물매각대,일반회계,2021,해양경찰청,0,0,0,0,0,0,0
,0,0,0,경상이전수입,일반회계,2021,가습기살균제사건과 4·16세월호참사 특별조사위원회,0,0,0,0,0,0,0
,645517000,0,645517000,기타수입,일반회계,2021,5·18민주화운동 진상규명조사위원회,0,1045667000,645517000,400150000,0,400150000,1045667000
,0,0,0,재산수입,일반회계,2021,개인정보보호위원회,0,0,0,0,0,0,0
,42453580,42453580,0,경상이전수입,일반회계,2021,개인정보보호위원회,52106920,3303500,50466080,12956840,9653340,3303500,55410420
,0,0,0,재화및용역판매수입,일반회계,2021,개인정보보호위원회,0,0,0,0,0,0,0
,50020,50020,0,재산수입,일반회계,2021,질병관리청,43447270,105690,9616090,43502940,43397250,105690,43552960
,44795710,44795710,0,경상이전수입,일반회계,2021,질병관리청,16965353120,85944190,281783660,17006501600,16920557410,85944190,17051297310
,0,0,0,재화및용역판매수입,일반회계,2021,질병관리청,0,0,0,0,0,0,0
,0,0,0,관유물매각대,일반회계,2021,질병관리청,0,0,0,0,0,0,0
,160000000,0,160000000,기타수입,일반회계,2021,질병관리청,0,278548000,160000000,118548000,0,118548000,278548000
손익계정,0,0,0,재산수입,국립목포병원,2021,질병관리청,0,0,0,0,0,0,0
손익계정,0,0,0,경상이전수입,국립목포병원,2021,질병관리청,0,0,0,0,0,0,0
손익계정,0,0,0,재화및용역판매수입,국립목포병원,2021,질병관리청,1600,466551040,473964920,466552640,1600,466551040,466552640
손익계정,0,0,0,재산수입,국립마산병원,2021,질병관리청,0,0,8183100,0,0,0,0
손익계정,0,0,0,경상이전수입,국립마산병원,2021,질병관리청,0,0,0,0,0,0,0
손익계정,0,0,0,재화및용역판매수입,국립마산병원,2021,질병관리청,0,1275949090,487812450,1275949090,0,1275949090,1275949090
,1584657000,0,1584657000,기타수입,일반회계,2021,진실·화해를위한과거사정리위원회,0,1584657000,1584657000,0,0,0,1584657000
,0,0,0,재산수입,일반회계,2021,인사혁신처,0,0,0,0,0,0,0
,41414320,41414320,0,경상이전수입,일반회계,2021,인사혁신처,92584870,0,75214860,51170550,51170550,0,92584870
,0,0,0,재화및용역판매수입,일반회계,2021,인사혁신처,0,0,0,0,0,0,0
,9.32666E+11,0,9.32666E+11,융자회수금,일반회계,2021,인사혁신처,0,9.32666E+11,9.9391E+11,0,0,0,9.32666E+11
,0,0,0,재산수입,일반회계,2021,과학기술정보통신부,9143270,5941490,2012950,15084760,9143270,5941490,15084760
,61371810,59971490,1400320,경상이전수입,일반회계,2021,과학기술정보통신부,70311010,2363670,88124380,11302870,10339520,963350,72674680
,725676020,725676020,0,재화및용역판매수입,일반회계,2021,과학기술정보통신부,923024760,2290000,948737830,199638740,197348740,2290000,925314760
,1650000,0,1650000,기타수입,일반회계,2021,과학기술정보통신부,0,371650000,1650000,370000000,0,370000000,371650000
,34926860,34926860,0,경상이전수입,우체국보험특별회계,2021,과학기술정보통신부,34948760,0,35543940,21900,21900,0,34948760
,0,0,0,경상이전수입,혁신도시건설특별회계,2021,과학기술정보통신부,0,0,0,0,0,0,0
지역지원계정,0,0,0,재산수입,지역균형발전특별회계,2021,과학기술정보통신부,248060,0,0,248060,248060,0,248060
지역지원계정,0,0,0,경상이전수입,지역균형발전특별회계,2021,과학기술정보통신부,825510,0,0,825510,825510,0,825510
제주특별자치도계정,0,0,0,재산수입,지역균형발전특별회계,2021,과학기술정보통신부,0,0,0,0,0,0,0
제주특별자치도계정,0,0,0,경상이전수입,지역균형발전특별회계,2021,과학기술정보통신부,0,0,0,0,0,0,0
세종특별자치시계정,0,0,0,재산수입,지역균형발전특별회계,2021,과학기술정보통신부,0,0,0,0,0,0,0
세종특별자치시계정,0,0,0,경상이전수입,지역균형발전특별회계,2021,과학기술정보통신부,0,0,0,0,0,0,0
,0,0,0,재산수입,소재부품장비경쟁력강화특별회계,2021,과학기술정보통신부,0,0,0,0,0,0,0
,0,0,0,경상이전수입,소재부품장비경쟁력강화특별회계,2021,과학기술정보통신부,0,0,0,0,0,0,0
자본계정,220060930,220060930,0,관유물매각대,우편사업특별회계,2021,과학기술정보통신부,220060930,92459000,461280920,92459000,0,92459000,312519930
자본계정,95042269919,0,95042269919,융자회수금,우편사업특별회계,2021,과학기술정보통신부,0,95042269919,95042269919,0,0,0,95042269919
자본계정,18461855343,0,18461855343,기타수입,우편사업특별회계,2021,과학기술정보통신부,0,33558839843,18781855343,15096984500,0,15096984500,33558839843
손익계정,1196056110,1196056110,0,재산수입,우편사업특별회계,2021,과학기술정보통신부,1776253530,430497470,2478433590,1010694890,580197420,430497470,2206751000
손익계정,3757248470,3757248470,0,경상이전수입,우편사업특별회계,2021,과학기술정보통신부,6174229010,235382170,5319707800,2652362710,2416980540,235382170,6409611180
손익계정,1045643400,0,1045643400,기타수입,우편사업특별회계,2021,과학기술정보통신부,0,1045643400,1045643400,0,0,0,1045643400
자본계정,0,0,0,관유물매각대,우체국예금특별회계,2021,과학기술정보통신부,0,0,0,0,0,0,0
자본계정,91960000,0,91960000,기타수입,우체국예금특별회계,2021,과학기술정보통신부,0,91960000,91960000,0,0,0,91960000
손익계정,0,0,0,재산수입,우체국예금특별회계,2021,과학기술정보통신부,0,0,0,0,0,0,0
손익계정,3217411690,3217411690,0,경상이전수입,우체국예금특별회계,2021,과학기술정보통신부,3217411690,0,3217411690,0,0,0,3217411690
손익계정,0,0,0,관유물매각대,우체국예금특별회계,2021,과학기술정보통신부,0,0,0,0,0,0,0
자본계정,0,0,0,관유물매각대,국립중앙과학관,2021,과학기술정보통신부,0,0,0,0,0,0,0
손익계정,25022160,25022160,0,재산수입,국립중앙과학관,2021,과학기술정보통신부,25022160,0,29615790,0,0,0,25022160
손익계정,180020630,180020630,0,경상이전수입,국립중앙과학관,2021,과학기술정보통신부,180020630,77800,180081600,77800,0,77800,180098430
손익계정,9853030,9853030,0,재화및용역판매수입,국립중앙과학관,2021,과학기술정보통신부,11621550,0,9853030,1768520,1768520,0,11621550
손익계정,0,0,0,재산수입,국립과천과학관,2021,과학기술정보통신부,0,69378240,115767670,69378240,0,69378240,69378240
손익계정,26899310,26899310,0,경상이전수입,국립과천과학관,2021,과학기술정보통신부,27024280,19000,26899310,143970,124970,19000,27043280
손익계정,40219710,40219710,0,재화및용역판매수입,국립과천과학관,2021,과학기술정보통신부,40306910,0,40578410,87200,87200,0,40306910
,0,0,0,재산수입,과학기술진흥기금,2021,과학기술정보통신부,0,0,0,0,0,0,0
,300000000,300000000,0,경상이전수입,과학기술진흥기금,2021,과학기술정보통신부,300000000,0,300000000,0,0,0,300000000
,1900000000,0,1900000000,융자회수금,과학기술진흥기금,2021,과학기술정보통신부,0,1900000000,3400000000,0,0,0,1900000000
,12427059889,0,12427059889,예금및예탁금,과학기술진흥기금,2021,과학기술정보통신부,0,22306321697,37354225356,9879261808,0,9879261808,22306321697
,0,0,0,재산수입,정보통신진흥기금,2021,과학기술정보통신부,0,0,0,0,0,0,0
,301393610,301393610,0,경상이전수입,정보통신진흥기금,2021,과학기술정보통신부,301393610,0,301393610,0,0,0,301393610
,68756617940,0,68756617940,융자회수금,정보통신진흥기금,2021,과학기술정보통신부,0,94345617940,1.12177E+11,25589000000,0,25589000000,94345617940
,1141112456,0,1141112456,기타수입,정보통신진흥기금,2021,과학기술정보통신부,0,2675944091,1141112456,1534831635,0,1534831635,2675944091
,0,0,0,예금및예탁금,정보통신진흥기금,2021,과학기술정보통신부,0,2.26352E+11,1.01157E+11,2.26352E+11,0,2.26352E+11,2.26352E+11
원자력연구개발계정,0,0,0,재산수입,원자력기금,2021,과학기술정보통신부,0,0,0,0,0,0,0
원자력연구개발계정,0,0,0,경상이전수입,원자력기금,2021,과학기술정보통신부,0,0,0,0,0,0,0
원자력연구개발계정,0,0,0,예금및예탁금,원자력기금,2021,과학기술정보통신부,0,17219119109,52700020381,17219119109,0,17219119109,17219119109
원자력안전규제계정,0,0,0,재산수입,원자력기금,2021,과학기술정보통신부,0,0,0,0,0,0,0
원자력안전규제계정,11253000,11253000,0,경상이전수입,원자력기금,2021,과학기술정보통신부,74147950,246000,2060916460,63140950,62894950,246000,74393950
원자력안전규제계정,0,0,0,예금및예탁금,원자력기금,2021,과학기술정보통신부,0,64018284598,60643663100,64018284598,0,64018284598,64018284598
,0,0,0,재산수입,방송통신발전기금,2021,과학기술정보통신부,0,0,0,0,0,0,0
,0,0,0,경상이전수입,방송통신발전기금,2021,과학기술정보통신부,71514050,0,0,71514050,71514050,0,71514050
,7043209573,0,7043209573,기타수입,방송통신발전기금,2021,과학기술정보통신부,0,7068209573,7058209573,25000000,0,25000000,7068209573
,0,0,0,예금및예탁금,방송통신발전기금,2021,과학기술정보통신부,0,1.86645E+11,1.11429E+11,1.86645E+11,0,1.86645E+11,1.86645E+11
,0,0,0,재산수입,일반회계,2021,대통령경호처,0,0,0,0,0,0,0
,0,0,0,경상이전수입,일반회계,2021,대통령경호처,0,0,0,0,0,0,0
,0,0,0,재화및용역판매수입,일반회계,2021,대통령경호처,0,0,0,0,0,0,0
,100000000,0,100000000,기타수입,일반회계,2021,대통령경호처,0,100000000,100000000,0,0,0,100000000
,0,0,0,재산수입,일반회계,2022,감사원,0,0,0,0,0,0,0
,0,0,0,경상이전수입,일반회계,2022,감사원,0,0,0,0,0,0,0
,0,0,0,재화및용역판매수입,일반회계,2022,감사원,0,0,0,0,0,0,0
,102524470,0,102524470,기타수입,일반회계,2022,감사원,0,102524470,102524470,0,0,0,102524470
,0,0,0,재산수입,일반회계,2022,국회,0,0,0,0,0,0,0
,215211860,215211860,0,경상이전수입,일반회계,2022,국회,224990380,0,365114320,9778520,9778520,0,224990380
,0,0,0,재화및용역판매수입,일반회계,2022,국회,0,0,0,0,0,0,0
,0,0,0,관유물매각대,일반회계,2022,국회,0,0,0,0,0,0,0
,145573580,4933590,140639990,기타수입,일반회계,2022,국회,4933590,370985990,322425570,230346000,0,230346000,375919580
,40030,40030,0,재산수입,일반회계,2022,대법원,1832460,1661210,615350,3453640,1792430,1661210,3493670
,406304880,406304880,0,경상이전수입,일반회계,2022,대법원,416478480,789250,408826370,10962850,10173600,789250,417267730
,218210,218210,0,재화및용역판매수입,일반회계,2022,대법원,218210,0,218210,0,0,0,218210
,0,0,0,관유물매각대,일반회계,2022,대법원,0,0,0,0,0,0,0
,392228350,360601960,31626390,기타수입,일반회계,2022,대법원,360642322,31628390,392497950,42362,40362,2000,392270712
,0,0,0,재산수입,등기특별회계,2022,대법원,55160,20083800,18711400,20138960,55160,20083800,20138960
,0,0,0,경상이전수입,등기특별회계,2022,대법원,210,0,0,210,210,0,210
,0,0,0,재화및용역판매수입,등기특별회계,2022,대법원,0,0,0,0,0,0,0
,0,0,0,관유물매각대,등기특별회계,2022,대법원,0,0,0,0,0,0,0
,0,0,0,재산수입,사법서비스진흥기금,2022,대법원,0,0,0,0,0,0,0
,1103465790,1103465790,0,경상이전수입,사법서비스진흥기금,2022,대법원,1280167880,115705880,1189722060,292407970,176702090,115705880,1395873760
,0,0,0,재화및용역판매수입,사법서비스진흥기금,2022,대법원,0,0,0,0,0,0,0
,60000,0,60000,기타수입,사법서비스진흥기금,2022,대법원,0,60000,60000,0,0,0,60000
,56351446050,0,56351446050,예금및예탁금,사법서비스진흥기금,2022,대법원,0,84015796205,56721118656,27664350155,0,27664350155,84015796205
,0,0,0,재산수입,일반회계,2022,헌법재판소,0,0,0,0,0,0,0
,0,0,0,경상이전수입,일반회계,2022,헌법재판소,0,0,0,0,0,0,0
,0,0,0,재화및용역판매수입,일반회계,2022,헌법재판소,0,0,0,0,0,0,0
,690000,0,690000,기타수입,일반회계,2022,헌법재판소,0,690000,690000,0,0,0,690000
,0,0,0,재산수입,일반회계,2022,중앙선거관리위원회,0,0,0,0,0,0,0
,1201087570,184232310,1016855260,경상이전수입,일반회계,2022,중앙선거관리위원회,262496160,1016874260,1456946040,78282850,78263850,19000,1279370420
,0,0,0,재화및용역판매수입,일반회계,2022,중앙선거관리위원회,0,0,0,0,0,0,0
,0,0,0,관유물매각대,일반회계,2022,중앙선거관리위원회,0,0,0,0,0,0,0
,4131721000,2410760000,1720961000,기타수입,일반회계,2022,중앙선거관리위원회,2410760000,1872461000,4215561000,151500000,0,151500000,4283221000
,0,0,0,재산수입,일반회계,2022,국무조정실 및 국무총리비서실,0,0,0,0,0,0,0
,0,0,0,경상이전수입,일반회계,2022,국무조정실 및 국무총리비서실,0,0,0,0,0,0,0
,189500330,189416830,83500,재산수입,일반회계,2022,법무부,189419070,52946230,325306260,52864970,2240,52862730,242365300
,3712146650,3697242990,14903660,경상이전수입,일반회계,2022,법무부,3939859950,70307050,3733977620,298020350,242616960,55403390,4010167000
,0,0,0,재화및용역판매수입,일반회계,2022,법무부,0,0,570000,0,0,0,0
,0,0,0,관유물매각대,일반회계,2022,법무부,0,29440900,0,29440900,0,29440900,29440900
,691460650,0,691460650,기타수입,일반회계,2022,법무부,0,818460650,672520650,127000000,0,127000000,818460650
,0,0,0,재산수입,교도작업특별회계,2022,법무부,0,0,286520,0,0,0,0
,0,0,0,경상이전수입,교도작업특별회계,2022,법무부,0,0,0,0,0,0,0
,848440,848440,0,재화및용역판매수입,교도작업특별회계,2022,법무부,172961180,30151300,225565300,202264040,172112740,30151300,203112480
,0,0,0,관유물매각대,교도작업특별회계,2022,법무부,0,0,0,0,0,0,0
,2899120,2899120,0,재산수입,범죄피해자보호기금,2022,법무부,8416440,0,12258800,5517320,5517320,0,8416440
,248830230,248830230,0,경상이전수입,범죄피해자보호기금,2022,법무부,2161248380,216140,694931430,1912634290,1912418150,216140,2161464520
,0,0,0,예금및예탁금,범죄피해자보호기금,2022,법무부,0,31514127732,9929691247,31514127732,0,31514127732,31514127732
,753866090,753866090,0,재산수입,일반회계,2022,국방부,1250052190,106154790,1891907870,602340890,496186100,106154790,1356206980
,89284042970,88005080770,1278962200,경상이전수입,일반회계,2022,국방부,1.00972E+11,3301367330,99528922350,14989164620,12966759490,2022405130,1.04273E+11
,1470273990,1470273990,0,재화및용역판매수입,일반회계,2022,국방부,1596940660,1001055250,1713176940,1127721920,126666670,1001055250,2597995910
,81315907560,0,81315907560,융자회수금,일반회계,2022,국방부,0,81315907560,89250047560,0,0,0,81315907560
,20120000,0,20120000,기타수입,일반회계,2022,국방부,0,20120000,281120000,0,0,0,20120000
,165671650,165671650,0,재산수입,주한미군기지이전특별회계,2022,국방부,174195790,899620,170683100,9423760,8524140,899620,175095410
,1270194900,1270194900,0,경상이전수입,주한미군기지이전특별회계,2022,국방부,1302653670,0,1278335650,32458770,32458770,0,1302653670
,13587130,13587130,0,재화및용역판매수입,주한미군기지이전특별회계,2022,국방부,13587130,0,13587130,0,0,0,13587130
,0,0,0,관유물매각대,주한미군기지이전특별회계,2022,국방부,0,348707790,39050765200,348707790,0,348707790,348707790
,286862000,286862000,0,경상이전수입,국방·군사시설이전특별회계,2022,국방부,1956740260,0,1821562510,1669878260,1669878260,0,1956740260
,0,0,0,관유물매각대,국방·군사시설이전특별회계,2022,국방부,3722542400,0,2683896460,3722542400,3722542400,0,3722542400
,10675248410,10675248410,0,경상이전수입,군인연금기금,2022,국방부,11901364180,214945250,11499405350,1441061020,1226115770,214945250,12116309430
복지계정,4369375107,4012284146,357090961,재산수입,군인복지기금,2022,국방부,5659129746,999868740,5983354534,2289623379,1646845600,642777779,6658998486
복지계정,4463895330,4081778990,382116340,경상이전수입,군인복지기금,2022,국방부,4936941940,386870470,5325886560,859917080,855162950,4754130,5323812410
복지계정,1197473750,1197473750,0,재화및용역판매수입,군인복지기금,2022,국방부,1713509090,9358010,1687915250,525393350,516035340,9358010,1722867100
복지계정,8942789842,3709588375,5233201467,예금및예탁금,군인복지기금,2022,국방부,21662965825,79888017642,78358953967,92608193625,17953377450,74654816175,1.01551E+11
학자금대부계정,83124463205,7740339140,75384124065,융자회수금,군인복지기금,2022,국방부,7740339140,94109381955,1.13475E+11,18725257890,0,18725257890,1.0185E+11
학자금대부계정,0,0,0,예금및예탁금,군인복지기금,2022,국방부,0,4971609800,0,4971609800,0,4971609800,4971609800
주거지원계정,12445,5,12440,재산수입,군인복지기금,2022,국방부,5,12440,12445,0,0,0,12445
주거지원계정,543134820,526303120,16831700,경상이전수입,군인복지기금,2022,국방부,1215963900,16831700,1149538260,689660780,689660780,0,1232795600
주거지원계정,3934473360,2954473360,980000000,융자회수금,군인복지기금,2022,국방부,2954473360,980000000,13437027050,0,0,0,3934473360
,105302220,100851160,4451060,재산수입,일반회계,2022,고용노동부,420738870,100423820,213121420,415860470,319887710,95972760,521162690
,35827394870,35808033310,19361560,경상이전수입,일반회계,2022,고용노동부,76634891530,737247650,77076182220,41544744310,40826858220,717886090,77372139180
,805000,805000,0,재화및용역판매수입,일반회계,2022,고용노동부,805000,0,805000,0,0,0,805000
,0,0,0,관유물매각대,일반회계,2022,고용노동부,0,0,0,0,0,0,0
,1627743800,0,1627743800,기타수입,일반회계,2022,고용노동부,0,1627743800,2950107900,0,0,0,1627743800
투자계정,0,0,0,재산수입,에너지및자원사업특별회계,2022,고용노동부,0,0,0,0,0,0,0
투자계정,481125320,481125320,0,경상이전수입,에너지및자원사업특별회계,2022,고용노동부,537416090,1244550,598002600,57535320,56290770,1244550,538660640
지역지원계정,9857880,9857880,0,재산수입,지역균형발전특별회계,2022,고용노동부,83467080,166780,295147660,73775980,73609200,166780,83633860
지역지원계정,325024480,325024480,0,경상이전수입,지역균형발전특별회계,2022,고용노동부,3648924030,2975660,5947810210,3326875210,3323899550,2975660,3651899690
제주특별자치도계정,0,0,0,재산수입,지역균형발전특별회계,2022,고용노동부,0,0,0,0,0,0,0
제주특별자치도계정,0,0,0,경상이전수입,지역균형발전특별회계,2022,고용노동부,0,0,0,0,0,0,0
,4.40085E+11,4.40085E+11,0,사회보장기여금,산업재해보상보험및예방기금,2022,고용노동부,6.49333E+11,4.7492E+11,1.12859E+12,6.84167E+11,2.09248E+11,4.7492E+11,1.12425E+12
,0,0,0,재산수입,산업재해보상보험및예방기금,2022,고용노동부,0,0,0,0,0,0,0
,2.75885E+11,2.75885E+11,0,경상이전수입,산업재해보상보험및예방기금,2022,고용노동부,3.46621E+11,8245904200,3.67698E+11,78981577030,70735672830,8245904200,3.54867E+11
,442980,442980,0,재화및용역판매수입,산업재해보상보험및예방기금,2022,고용노동부,1108260,0,819030,665280,665280,0,1108260
,9.68216E+11,374286620,9.67841E+11,융자회수금,산업재해보상보험및예방기금,2022,고용노동부,374286620,1.34362E+12,1.10592E+12,3.75776E+11,0,3.75776E+11,1.34399E+12
,0,0,0,예금및예탁금,산업재해보상보험및예방기금,2022,고용노동부,0,7.83985E+11,8.40631E+11,7.83985E+11,0,7.83985E+11,7.83985E+11
,0,0,0,재산수입,장애인고용촉진및직업재활기금,2022,고용노동부,250830,140530,283040,391360,250830,140530,391360
,23057402470,23057402470,0,경상이전수입,장애인고용촉진및직업재활기금,2022,고용노동부,28381989750,969323540,28533674130,6293910820,5324587280,969323540,29351313290
,58640487100,0,58640487100,융자회수금,장애인고용촉진및직업재활기금,2022,고용노동부,0,68801287100,60638427100,10160800000,0,10160800000,68801287100
,0,0,0,예금및예탁금,장애인고용촉진및직업재활기금,2022,고용노동부,0,19891798580,23029095707,19891798580,0,19891798580,19891798580
,2.9283E+11,2.9283E+11,0,사회보장기여금,고용보험기금,2022,고용노동부,5.10383E+11,1.13402E+12,1.47093E+12,1.35157E+12,2.17554E+11,1.13402E+12,1.6444E+12
,181663160,181621330,41830,재산수입,고용보험기금,2022,고용노동부,187740510,42700,185407330,6120050,6119180,870,187783210
,1.73205E+11,1.71705E+11,1499093370,경상이전수입,고용보험기금,2022,고용노동부,2.08505E+11,58890876390,2.6482E+11,94191765020,36799982000,57391783020,2.67396E+11
,33588820,33588820,0,재화및용역판매수입,고용보험기금,2022,고용노동부,39120200,500010,44670180,6031390,5531380,500010,39620210
,4.51832E+11,1791332440,4.50041E+11,융자회수금,고용보험기금,2022,고용노동부,1791332440,5.0996E+11,5.52242E+11,59919134650,0,59919134650,5.11751E+11
,0,0,0,예금및예탁금,고용보험기금,2022,고용노동부,0,1.27786E+12,1.07252E+12,1.27786E+12,0,1.27786E+12,1.27786E+12
,573450050,573450050,0,재산수입,임금채권보장기금,2022,고용노동부,2150185010,191175080,1625175920,1767910040,1576734960,191175080,2341360090
,2.49686E+12,2.49686E+12,0,경상이전수입,임금채권보장기금,2022,고용노동부,3.01595E+12,25479626430,2.80634E+12,5.4457E+11,5.1909E+11,25479626430,3.04143E+12
,67568149330,24795023620,42773125710,융자회수금,임금채권보장기금,2022,고용노동부,24795023620,75584555410,83898241610,32811429700,0,32811429700,1.0038E+11
,0,0,0,예금및예탁금,임금채권보장기금,2022,고용노동부,0,44503405152,25699318249,44503405152,0,44503405152,44503405152
,0,0,0,재산수입,일반회계,2022,통일부,43670,0,28980,43670,43670,0,43670
,158435780,148935780,9500000,경상이전수입,일반회계,2022,통일부,159207560,9500000,178518810,10271780,10271780,0,168707560
,0,0,0,재화및용역판매수입,일반회계,2022,통일부,0,0,0,0,0,0,0
,0,0,0,재산수입,남북협력기금,2022,통일부,1709166010,0,1668129790,1709166010,1709166010,0,1709166010
,0,0,0,경상이전수입,남북협력기금,2022,통일부,0,0,0,0,0,0,0
,0,0,0,재화및용역판매수입,남북협력기금,2022,통일부,0,0,0,0,0,0,0
,2.83394E+12,3.94784E+11,2.43915E+12,융자회수금,남북협력기금,2022,통일부,4.54327E+11,2.46541E+12,2.82756E+12,85804636314,59543636314,26261000000,2.91974E+12
,50141968720,50141968720,0,기타수입,남북협력기금,2022,통일부,50141968720,0,50241968720,0,0,0,50141968720
,0,0,0,예금및예탁금,남북협력기금,2022,통일부,0,71964518501,85593890517,71964518501,0,71964518501,71964518501
,0,0,0,경상이전수입,일반회계,2022,법제처,0,0,0,0,0,0,0
,0,0,0,재화및용역판매수입,일반회계,2022,법제처,0,0,0,0,0,0,0
,0,0,0,재산수입,일반회계,2022,국가보훈부,230,5079090,19837490,5079320,230,5079090,5079320
,3344511110,3326939750,17571360,경상이전수입,일반회계,2022,국가보훈부,5280676090,198325930,6111840020,2134490910,1953736340,180754570,5479002020
,0,0,0,재화및용역판매수입,일반회계,2022,국가보훈부,3950,0,0,3950,3950,0,3950
,0,0,0,관유물매각대,일반회계,2022,국가보훈부,0,0,0,0,0,0,0
,458000,0,458000,기타수입,일반회계,2022,국가보훈부,0,458000,458000,0,0,0,458000
투자계정,0,0,0,재산수입,에너지및자원사업특별회계,2022,국가보훈부,0,0,0,0,0,0,0
투자계정,5115230,5115230,0,경상이전수입,에너지및자원사업특별회계,2022,국가보훈부,9209130,13290,17100710,4107190,4093900,13290,9222420
제주특별자치도계정,0,0,0,재산수입,지역균형발전특별회계,2022,국가보훈부,0,0,0,0,0,0,0
제주특별자치도계정,0,0,0,경상이전수입,지역균형발전특별회계,2022,국가보훈부,0,0,0,0,0,0,0
,0,0,0,재산수입,순국선열애국지사사업기금,2022,국가보훈부,0,0,0,0,0,0,0
,1896560,1896560,0,경상이전수입,순국선열애국지사사업기금,2022,국가보훈부,4431560,0,6452950,2535000,2535000,0,4431560
,0,0,0,재화및용역판매수입,순국선열애국지사사업기금,2022,국가보훈부,0,0,0,0,0,0,0
,0,0,0,관유물매각대,순국선열애국지사사업기금,2022,국가보훈부,0,0,0,0,0,0,0
,0,0,0,예금및예탁금,순국선열애국지사사업기금,2022,국가보훈부,0,12682394790,8998459526,12682394790,0,12682394790,12682394790
국가유공자지원자금,1760500980,1760500980,0,재산수입,보훈기금,2022,국가보훈부,1971491490,28130,1938057180,211018640,210990510,28130,1971519620
국가유공자지원자금,1346940,1346940,0,경상이전수입,보훈기금,2022,국가보훈부,2960530,0,1346940,1613590,1613590,0,2960530
국가유공자지원자금,60775751530,9295499530,51480252000,융자회수금,보훈기금,2022,국가보훈부,11051583860,73596750160,84329725910,23872582490,1756084330,22116498160,84648334020
국가유공자지원자금,0,0,0,예금및예탁금,보훈기금,2022,국가보훈부,0,16114036909,4540834187,16114036909,0,16114036909,16114036909
참전유공자·제대군인지원자금,1236660510,1236660510,0,재산수입,보훈기금,2022,국가보훈부,1281795660,0,1347283390,45135150,45135150,0,1281795660
참전유공자·제대군인지원자금,1312860,1312860,0,경상이전수입,보훈기금,2022,국가보훈부,1312860,0,1312860,0,0,0,1312860
참전유공자·제대군인지원자금,5803505660,2772307850,3031197810,융자회수금,보훈기금,2022,국가보훈부,2974052800,4689452080,7613940350,1859999220,201744950,1658254270,7663504880
참전유공자·제대군인지원자금,0,0,0,예금및예탁금,보훈기금,2022,국가보훈부,0,0,0,0,0,0,0
5·18 민주유공자지원자금,188806970,188806970,0,재산수입,보훈기금,2022,국가보훈부,197973750,0,206953240,9166780,9166780,0,197973750
5·18 민주유공자지원자금,0,0,0,경상이전수입,보훈기금,2022,국가보훈부,0,0,0,0,0,0,0
5·18 민주유공자지원자금,1091578630,613958670,477619960,융자회수금,보훈기금,2022,국가보훈부,648905740,632626220,1281205100,189953330,34947070,155006260,1281531960
특수임무유공자지원자금,66503260,66503260,0,재산수입,보훈기금,2022,국가보훈부,74111920,0,68940220,7608660,7608660,0,74111920
특수임무유공자지원자금,0,0,0,경상이전수입,보훈기금,2022,국가보훈부,0,0,0,0,0,0,0
특수임무유공자지원자금,703523590,318646650,384876940,융자회수금,보훈기금,2022,국가보훈부,357382730,479923890,798274780,133783030,38736080,95046950,837306620
,1314348680,1251125840,63222840,재산수입,일반회계,2022,산림청,1481037340,125724360,1776340570,292413020,229911500,62501520,1606761700
,12015020230,12002546820,12473410,경상이전수입,일반회계,2022,산림청,13836793060,297482750,19627886770,2119255580,1834246240,285009340,14134275810
,126265990,126265990,0,재화및용역판매수입,일반회계,2022,산림청,166142420,3654790,164749240,43531220,39876430,3654790,169797210
,2483239720,411910510,2071329210,관유물매각대,일반회계,2022,산림청,1214953510,2071329210,5478161490,803043000,803043000,0,3286282720
,112260000,0,112260000,기타수입,일반회계,2022,산림청,0,112260000,112260000,0,0,0,112260000
임업진흥사업계정,1828900,1231740,597160,재산수입,농어촌구조개선특별회계,2022,산림청,94480490,608160,288189030,93259750,93248750,11000,95088650
임업진흥사업계정,9047891520,8743022300,304869220,경상이전수입,농어촌구조개선특별회계,2022,산림청,44249235300,20310282660,53513418210,55511626440,35506213000,20005413440,64559517960
임업진흥사업계정,0,0,0,재화및용역판매수입,농어촌구조개선특별회계,2022,산림청,8226500,0,0,8226500,8226500,0,8226500
임업진흥사업계정,2332600,2332600,0,관유물매각대,농어촌구조개선특별회계,2022,산림청,232526100,2995284770,2043180110,3225478270,230193500,2995284770,3227810870
임업진흥사업계정,4.69005E+11,0,4.69005E+11,융자회수금,농어촌구조개선특별회계,2022,산림청,0,5.22716E+11,5.36735E+11,53711000000,0,53711000000,5.22716E+11
투자계정,1694130,1694130,0,재산수입,에너지및자원사업특별회계,2022,산림청,83923540,963600,158819220,83193010,82229410,963600,84887140
투자계정,0,0,0,경상이전수입,에너지및자원사업특별회계,2022,산림청,705290940,23662100,5188743440,728953040,705290940,23662100,728953040
지역자율계정,0,0,0,재산수입,지역균형발전특별회계,2022,산림청,1776310,7488610,1026950,9264920,1776310,7488610,9264920
지역자율계정,0,0,0,경상이전수입,지역균형발전특별회계,2022,산림청,77516740,142258820,571853160,219775560,77516740,142258820,219775560
지역지원계정,0,0,0,경상이전수입,지역균형발전특별회계,2022,산림청,0,0,0,0,0,0,0
제주특별자치도계정,0,0,0,재산수입,지역균형발전특별회계,2022,산림청,0,0,0,0,0,0,0
제주특별자치도계정,0,0,0,경상이전수입,지역균형발전특별회계,2022,산림청,0,0,0,0,0,0,0
자본계정,0,0,0,경상이전수입,국립자연휴양림관리소,2022,산림청,0,0,0,0,0,0,0
자본계정,0,0,0,관유물매각대,국립자연휴양림관리소,2022,산림청,0,0,0,0,0,0,0
손익계정,0,0,0,재산수입,국립자연휴양림관리소,2022,산림청,0,0,0,0,0,0,0
손익계정,0,0,0,경상이전수입,국립자연휴양림관리소,2022,산림청,2160998560,0,0,2160998560,2160998560,0,2160998560
손익계정,0,0,0,재화및용역판매수입,국립자연휴양림관리소,2022,산림청,0,0,0,0,0,0,0
,3.54428E+13,3.52245E+13,2.18255E+11,내국세,일반회계,2022,국세청,4.60346E+13,6.34217E+12,4.44382E+13,1.6934E+13,1.08101E+13,6.12391E+12,5.23768E+13
,27676730,27676730,0,방위세,일반회계,2022,국세청,27676730,0,15314870,0,0,0,27676730
,17361566740,17361566740,0,교통·에너지·환경세,일반회계,2022,국세청,18452546790,279905670,20414288360,1370885720,1090980050,279905670,18732452460
,33912332260,33909890470,2441790,교육세,일반회계,2022,국세청,36378382220,4853274780,47873084100,7319324740,2468491750,4850832990,41231657000
,79966526520,77206664370,2759862150,농어촌특별세,일반회계,2022,국세청,1.4468E+11,2.57868E+11,4.00645E+11,3.22581E+11,67472959540,2.55108E+11,4.02547E+11
,3.9504E+12,3.9504E+12,6008490,경상이전수입,일반회계,2022,국세청,4.07351E+12,413203390,4.05314E+12,1.23516E+11,1.23108E+11,407194900,4.07392E+12
,3540000,0,3540000,기타수입,일반회계,2022,국세청,0,3540000,3540000,0,0,0,3540000
,4.79804E+11,4.65993E+11,13810991310,종합부동산세,일반회계,2022,국세청,7.94636E+11,1.35592E+12,2.0845E+12,1.67075E+12,3.28643E+11,1.34211E+12,2.15055E+12
,0,0,0,재산수입,혁신도시건설특별회계,2022,국세청,0,0,0,0,0,0,0
,2.331E+11,2.33071E+11,29065950,내국세,일반회계,2022,관세청,2.42271E+11,2.44483E+12,4.76707E+12,2.45401E+12,9200917450,2.44481E+12,2.68711E+12
,8.2865E+11,8.27768E+11,881317750,관세,일반회계,2022,관세청,1.13914E+12,2.94601E+11,1.69604E+12,6.05089E+11,3.1137E+11,2.9372E+11,1.43374E+12
,46182590,46182590,0,방위세,일반회계,2022,관세청,46182590,0,46182590,0,0,0,46182590
,2501648520,2501648520,0,교통·에너지·환경세,일반회계,2022,관세청,2501648520,716644650,3246370420,716644650,0,716644650,3218293170
,5640213740,5640213740,0,교육세,일반회계,2022,관세청,5702433740,12540018640,16848312160,12602238640,62220000,12540018640,18242452380
,112180480,112180480,0,농어촌특별세,일반회계,2022,관세청,112307250,655629480,457612990,655756250,126770,655629480,767936730
,0,0,0,재산수입,일반회계,2022,관세청,0,37651200,173350,37651200,0,37651200,37651200
,4.82616E+11,4.82616E+11,0,경상이전수입,일반회계,2022,관세청,5.05434E+11,50320,4.54961E+11,22818762740,22818712420,50320,5.05434E+11
,50937440,50937440,0,재화및용역판매수입,일반회계,2022,관세청,64364210,603000,60867830,14029770,13426770,603000,64967210
,0,0,0,관유물매각대,일반회계,2022,관세청,0,0,0,0,0,0,0
,0,0,0,기타수입,일반회계,2022,관세청,0,50,0,50,0,50,50
,0,0,0,재산수입,일반회계,2022,병무청,0,0,0,0,0,0,0
,0,0,0,경상이전수입,일반회계,2022,병무청,0,0,0,0,0,0,0
,0,0,0,재화및용역판매수입,일반회계,2022,병무청,0,0,0,0,0,0,0
,0,0,0,관유물매각대,일반회계,2022,병무청,0,0,0,0,0,0,0
,0,0,0,재산수입,일반회계,2022,농촌진흥청,0,0,0,0,0,0,0
,11879040,11879040,0,경상이전수입,일반회계,2022,농촌진흥청,13227960,0,12269040,1348920,1348920,0,13227960
,0,0,0,재화및용역판매수입,일반회계,2022,농촌진흥청,0,0,14473950,0,0,0,0
,0,0,0,관유물매각대,일반회계,2022,농촌진흥청,0,0,0,0,0,0,0
,0,0,0,기타수입,일반회계,2022,농촌진흥청,0,0,120000,0,0,0,0
구조개선사업계정,0,0,0,재산수입,농어촌구조개선특별회계,2022,농촌진흥청,0,0,0,0,0,0,0
구조개선사업계정,0,0,0,경상이전수입,농어촌구조개선특별회계,2022,농촌진흥청,0,0,0,0,0,0,0
구조개선사업계정,1451547000,0,1451547000,융자회수금,농어촌구조개선특별회계,2022,농촌진흥청,0,1451547000,2348296000,0,0,0,1451547000
,0,0,0,재산수입,혁신도시건설특별회계,2022,농촌진흥청,0,0,0,0,0,0,0
,0,0,0,관유물매각대,혁신도시건설특별회계,2022,농촌진흥청,0,0,0,0,0,0,0
지역자율계정,0,0,0,재산수입,지역균형발전특별회계,2022,농촌진흥청,0,0,0,0,0,0,0
지역자율계정,0,0,0,경상이전수입,지역균형발전특별회계,2022,농촌진흥청,0,0,0,0,0,0,0
지역지원계정,0,0,0,재산수입,지역균형발전특별회계,2022,농촌진흥청,0,0,0,0,0,0,0
지역지원계정,0,0,0,경상이전수입,지역균형발전특별회계,2022,농촌진흥청,0,0,0,0,0,0,0
제주특별자치도계정,0,0,0,재산수입,지역균형발전특별회계,2022,농촌진흥청,0,0,0,0,0,0,0
제주특별자치도계정,0,0,0,경상이전수입,지역균형발전특별회계,2022,농촌진흥청,0,0,0,0,0,0,0
세종특별자치시계정,0,0,0,경상이전수입,지역균형발전특별회계,2022,농촌진흥청,0,0,0,0,0,0,0
손익계정,0,0,0,재산수입,특허청,2022,특허청,0,0,0,0,0,0,0
손익계정,0,0,0,경상이전수입,특허청,2022,특허청,0,0,0,0,0,0,0
손익계정,0,0,0,재화및용역판매수입,특허청,2022,특허청,0,0,0,0,0,0,0
손익계정,9060065500,0,9060065500,융자회수금,특허청,2022,특허청,0,9060065500,11724065500,0,0,0,9060065500
손익계정,4956530,0,4956530,기타수입,특허청,2022,특허청,0,4956530,5357090,0,0,0,4956530
자본계정,38907158410,38901545900,5612510,관유물매각대,조달특별회계,2022,조달청,58057182270,1.83607E+11,2.15887E+11,2.02757E+11,19155636370,1.83601E+11,2.41664E+11
자본계정,84400000,0,84400000,기타수입,조달특별회계,2022,조달청,0,84400000,84400000,0,0,0,84400000
손익계정,93484200,93484200,0,재산수입,조달특별회계,2022,조달청,121748350,0,140357340,28264150,28264150,0,121748350
손익계정,840000000,840000000,0,경상이전수입,조달특별회계,2022,조달청,846000000,978950,847000000,6978950,6000000,978950,846978950
손익계정,300937290,300937290,0,재화및용역판매수입,조달특별회계,2022,조달청,366003180,1586312780,1665062350,1651378670,65065890,1586312780,1952315960
손익계정,3192284156,0,3192284156,융자회수금,조달특별회계,2022,조달청,0,3192284156,3192284156,0,0,0,3192284156
,2094376250,2094376250,0,재산수입,일반회계,2022,환경부,2107539820,70082180,1812942040,83245750,13163570,70082180,2177622000
,6660577410,6660577410,0,경상이전수입,일반회계,2022,환경부,7106249920,1758324440,378440020,2203996950,445672510,1758324440,8864574360
,0,0,0,재화및용역판매수입,일반회계,2022,환경부,0,0,0,0,0,0,0
,0,0,0,관유물매각대,일반회계,2022,환경부,0,0,0,0,0,0,0
농어촌특별세사업계정,0,0,0,재산수입,농어촌구조개선특별회계,2022,환경부,0,0,0,0,0,0,0
농어촌특별세사업계정,0,0,0,경상이전수입,농어촌구조개선특별회계,2022,환경부,0,0,0,0,0,0,0
투자계정,810845300,810845300,0,재산수입,에너지및자원사업특별회계,2022,환경부,1125293020,64450350,1043146360,378898070,314447720,64450350,1189743370
투자계정,1601402480,1601402480,0,경상이전수입,에너지및자원사업특별회계,2022,환경부,3229128730,3092652580,6701388150,4720378830,1627726250,3092652580,6321781310
투자계정,2272000000,0,2272000000,융자회수금,에너지및자원사업특별회계,2022,환경부,0,2272000000,2272000000,0,0,0,2272000000
,1389152090,1389152090,0,재산수입,환경개선특별회계,2022,환경부,2190125270,438293950,5212305770,1239267130,800973180,438293950,2628419220
,5.88349E+11,5.87847E+11,502525930,경상이전수입,환경개선특별회계,2022,환경부,6.73104E+11,10530958490,7.25227E+11,95285362680,85256930120,10028432560,6.83634E+11
,1992700,1992700,0,재화및용역판매수입,환경개선특별회계,2022,환경부,7119170,7080000,126445930,12206470,5126470,7080000,14199170
,0,0,0,관유물매각대,환경개선특별회계,2022,환경부,0,3624674500,274794000,3624674500,0,3624674500,3624674500
,9.33584E+11,660300000,9.32924E+11,융자회수금,환경개선특별회계,2022,환경부,660300000,1.24292E+12,1.10762E+12,3.1E+11,0,3.1E+11,1.24358E+12
,300000,0,300000,기타수입,환경개선특별회계,2022,환경부,0,300000,100300000,0,0,0,300000
지역자율계정,454850,454850,0,재산수입,지역균형발전특별회계,2022,환경부,454850,107146560,454850,107146560,0,107146560,107601410
지역자율계정,9217070,9217070,0,경상이전수입,지역균형발전특별회계,2022,환경부,9217070,390088130,9217070,390088130,0,390088130,399305200
지역지원계정,874860,874860,0,재산수입,지역균형발전특별회계,2022,환경부,874860,0,13154250,0,0,0,874860
지역지원계정,5165070,5165070,0,경상이전수입,지역균형발전특별회계,2022,환경부,5165070,0,256951630,0,0,0,5165070
지역지원계정,5868000000,0,5868000000,융자회수금,지역균형발전특별회계,2022,환경부,0,5868000000,5868000000,0,0,0,5868000000
제주특별자치도계정,0,0,0,재산수입,지역균형발전특별회계,2022,환경부,0,0,0,0,0,0,0
제주특별자치도계정,0,0,0,경상이전수입,지역균형발전특별회계,2022,환경부,0,0,0,0,0,0,0
세종특별자치시계정,7542790,7542790,0,재산수입,지역균형발전특별회계,2022,환경부,7542790,0,60771860,0,0,0,7542790
세종특별자치시계정,0,0,0,경상이전수입,지역균형발전특별회계,2022,환경부,0,0,243787440,0,0,0,0
,0,0,0,재산수입,석면피해구제기금,2022,환경부,0,0,0,0,0,0,0
,371686750,371686750,0,경상이전수입,석면피해구제기금,2022,환경부,568535060,1011614410,1592293550,1208462720,196848310,1011614410,1580149470
,0,0,0,예금및예탁금,석면피해구제기금,2022,환경부,0,2808586916,2082112761,2808586916,0,2808586916,2808586916
,0,0,0,재산수입,일반회계,2022,통계청,0,0,0,0,0,0,0
,6183010,6183010,0,경상이전수입,일반회계,2022,통계청,6183010,0,61397080,0,0,0,6183010
,0,0,0,재화및용역판매수입,일반회계,2022,통계청,0,0,0,0,0,0,0
,0,0,0,관유물매각대,일반회계,2022,통계청,0,0,0,0,0,0,0
,0,0,0,재산수입,일반회계,2022,기상청,26540,12900,0,39440,26540,12900,39440
,13567650,13567650,0,경상이전수입,일반회계,2022,기상청,13567650,1818750,13567650,1818750,0,1818750,15386400
,0,0,0,재화및용역판매수입,일반회계,2022,기상청,0,0,0,0,0,0,0
,0,0,0,관유물매각대,일반회계,2022,기상청,0,0,0,0,0,0,0
,44000000,0,44000000,기타수입,일반회계,2022,기상청,0,44000000,44000000,0,0,0,44000000
,32177680,9665580,22512100,재산수입,일반회계,2022,경찰청,49973430,452214790,480761560,470010540,40307850,429702690,502188220
,1.42465E+11,1.42392E+11,72012470,경상이전수입,일반회계,2022,경찰청,1.84652E+11,1492437040,1.54844E+11,43680273910,42259849340,1420424570,1.86145E+11
,8867800,8867800,0,재화및용역판매수입,일반회계,2022,경찰청,51570070,21623660,9164800,64325930,42702270,21623660,73193730
,0,0,0,관유물매각대,일반회계,2022,경찰청,0,20000,0,20000,0,20000,20000
손익계정,0,0,0,재산수입,경찰병원,2022,경찰청,0,0,0,0,0,0,0
손익계정,0,0,0,경상이전수입,경찰병원,2022,경찰청,0,0,0,0,0,0,0
손익계정,21179740,21179740,0,재화및용역판매수입,경찰병원,2022,경찰청,21179740,0,22959500,0,0,0,21179740
손익계정,0,0,0,관유물매각대,경찰병원,2022,경찰청,0,0,0,0,0,0,0
,13610,13610,0,재산수입,일반회계,2022,공정거래위원회,13860,0,56670,250,250,0,13860
,10176006690,10176006690,0,경상이전수입,일반회계,2022,공정거래위원회,10512470200,63082700,10481467190,399546210,336463510,63082700,10575552900
,0,0,0,재화및용역판매수입,일반회계,2022,공정거래위원회,87000,0,0,87000,87000,0,87000
,9922000,0,9922000,기타수입,일반회계,2022,공정거래위원회,0,9922000,9922000,0,0,0,9922000
,11909970,11909970,0,경상이전수입,일반회계,2022,민주평화통일자문회의,11909970,0,11909970,0,0,0,11909970
,381430210,381430210,0,재산수입,일반회계,2022,문화재청,926744750,219897160,895533920,765211700,545314540,219897160,1146641910
,4685282370,4685282370,0,경상이전수입,일반회계,2022,문화재청,14235124110,20556250,7548401200,9570397990,9549841740,20556250,14255680360
,69500000,69500000,0,재화및용역판매수입,일반회계,2022,문화재청,73223990,0,69504730,3723990,3723990,0,73223990
,0,0,0,관유물매각대,일반회계,2022,문화재청,0,0,0,0,0,0,0
,0,0,0,기타수입,일반회계,2022,문화재청,8,0,0,8,8,0,8
지역자율계정,2173040,2173040,0,재산수입,지역균형발전특별회계,2022,문화재청,46584040,0,13255430,44411000,44411000,0,46584040
지역자율계정,0,0,0,경상이전수입,지역균형발전특별회계,2022,문화재청,317072650,0,0,317072650,317072650,0,317072650
,12962350,12962350,0,재산수입,문화재보호기금,2022,문화재청,26550090,0,128177920,13587740,13587740,0,26550090
,470672500,470672500,0,경상이전수입,문화재보호기금,2022,문화재청,1005387920,0,2187670850,534715420,534715420,0,1005387920
,2149100,2149100,0,재화및용역판매수입,문화재보호기금,2022,문화재청,2149100,0,2149100,0,0,0,2149100
,8161919328,0,8161919328,예금및예탁금,문화재보호기금,2022,문화재청,0,14161919328,13999403983,6000000000,0,6000000000,14161919328
,0,0,0,재산수입,일반회계,2022,국가인권위원회,0,0,0,0,0,0,0
,0,0,0,경상이전수입,일반회계,2022,국가인권위원회,0,0,0,0,0,0,0
,0,0,0,재화및용역판매수입,일반회계,2022,국가인권위원회,0,0,0,0,0,0,0
,687805000,0,687805000,기타수입,일반회계,2022,국가인권위원회,0,762713500,687805000,74908500,0,74908500,762713500
,0,0,0,재산수입,일반회계,2022,방위사업청,620500770,0,0,620500770,620500770,0,620500770
,5.33475E+11,3.86002E+11,1.47473E+11,경상이전수입,일반회계,2022,방위사업청,4.19785E+11,1.48965E+11,6.62838E+11,35274868820,33782727570,1492141250,5.6875E+11
,0,0,0,재화및용역판매수입,일반회계,2022,방위사업청,374160,0,0,374160,374160,0,374160
,2751161000,0,2751161000,융자회수금,일반회계,2022,방위사업청,0,2751161000,2943011000,0,0,0,2751161000
,2853350,2853350,0,재산수입,행정중심복합도시건설특별회계,2022,행정중심복합도시건설청,2853350,127370,2911370,127370,0,127370,2980720
,105575320,105575320,0,경상이전수입,행정중심복합도시건설특별회계,2022,행정중심복합도시건설청,118107350,0,115109160,12532030,12532030,0,118107350
,334197210,334197210,0,방위세,일반회계,2022,기획재정부,334197230,0,337315330,20,20,0,334197230
,1626152896,1626152896,0,교육세,일반회계,2022,기획재정부,1740829996,0,1950560506,114677100,114677100,0,1740829996
,4163617870,4163617870,0,농어촌특별세,일반회계,2022,기획재정부,23402919570,0,18646314770,19239301700,19239301700,0,23402919570
,0,0,0,재산수입,일반회계,2022,기획재정부,0,59137244620,54376446620,59137244620,0,59137244620,59137244620
,4410710,4410710,0,경상이전수입,일반회계,2022,기획재정부,4410710,2.64727E+11,2.49907E+11,2.64727E+11,0,2.64727E+11,2.64732E+11
,0,0,0,재화및용역판매수입,일반회계,2022,기획재정부,0,0,0,0,0,0,0
,0,0,0,관유물매각대,일반회계,2022,기획재정부,0,5.72373E+11,3.07218E+11,5.72373E+11,0,5.72373E+11,5.72373E+11
,0,0,0,예금및예탁금,일반회계,2022,기획재정부,0,3312501151,3087377852,3312501151,0,3312501151,3312501151
,0,0,0,재산수입,국유재산관리기금,2022,기획재정부,0,0,0,0,0,0,0
,0,0,0,경상이전수입,국유재산관리기금,2022,기획재정부,0,0,0,0,0,0,0
,0,0,0,관유물매각대,국유재산관리기금,2022,기획재정부,0,0,0,0,0,0,0
,0,0,0,예금및예탁금,국유재산관리기금,2022,기획재정부,0,3.40108E+11,1.97318E+11,3.40108E+11,0,3.40108E+11,3.40108E+11
,0,0,0,재산수입,기후대응기금,2022,기획재정부,0,0,0,0,0,0,0
,0,0,0,경상이전수입,기후대응기금,2022,기획재정부,1044600,138982860,0,140027460,1044600,138982860,140027460
,0,0,0,융자회수금,기후대응기금,2022,기획재정부,0,88100000000,0,88100000000,0,88100000000,88100000000
,0,0,0,예금및예탁금,기후대응기금,2022,기획재정부,0,22424176556,0,22424176556,0,22424176556,22424176556
,247992150,247992150,0,재산수입,대외경제협력기금,2022,기획재정부,5063548760,0,1700610950,4815556610,4815556610,0,5063548760
,9.65301E+12,22483157060,9.63053E+12,융자회수금,대외경제협력기금,2022,기획재정부,22483157060,1.06176E+13,9.75476E+12,9.87093E+11,0,9.87093E+11,1.06401E+13
,0,0,0,예금및예탁금,대외경제협력기금,2022,기획재정부,0,26517707308,29036773660,26517707308,0,26517707308,26517707308
총괄계정,2.25486E+11,0,2.25486E+11,재산수입,공공자금관리기금,2022,기획재정부,0,2.25486E+11,2.81314E+11,0,0,0,2.25486E+11
총괄계정,0,0,0,예금및예탁금,공공자금관리기금,2022,기획재정부,0,0,5.21232E+12,0,0,0,0
융자계정,0,0,0,재산수입,공공자금관리기금,2022,기획재정부,0,0,0,0,0,0,0
융자계정,4.48672E+11,0,4.48672E+11,융자회수금,공공자금관리기금,2022,기획재정부,0,4.49748E+11,5.32723E+11,1076000000,0,1076000000,4.49748E+11
융자계정,0,0,0,예금및예탁금,공공자금관리기금,2022,기획재정부,0,4.08476E+11,3.07815E+11,4.08476E+11,0,4.08476E+11,4.08476E+11
차관계정,0,0,0,재산수입,공공자금관리기금,2022,기획재정부,0,0,0,0,0,0,0
차관계정,0,0,0,예금및예탁금,공공자금관리기금,2022,기획재정부,0,0,3.43917E+11,0,0,0,0
,1.5742E+14,0,1.5742E+14,예금및예탁금,외국환평형기금,2022,기획재정부,0,1.5742E+14,1.78345E+14,0,0,0,1.5742E+14
,78500,78500,0,재산수입,복권기금,2022,기획재정부,1535480,0,3005410,1456980,1456980,0,1535480
,260832090,260832090,0,경상이전수입,복권기금,2022,기획재정부,1505876400,0,1482589420,1245044310,1245044310,0,1505876400
,0,0,0,재화및용역판매수입,복권기금,2022,기획재정부,0,0,0,0,0,0,0
,3.27552E+11,0,3.27552E+11,예금및예탁금,복권기금,2022,기획재정부,0,3.27552E+11,5.91462E+11,0,0,0,3.27552E+11
,617842950,617842950,0,재산수입,일반회계,2022,문화체육관광부,830095960,1791054970,1159574760,2003307980,212253010,1791054970,2621150930
,10356511360,10356511360,0,경상이전수입,일반회계,2022,문화체육관광부,12060886470,48691490,23263869800,1753066600,1704375110,48691490,12109577960
,74330420,74330420,0,재화및용역판매수입,일반회계,2022,문화체육관광부,75380420,520000,75374750,1570000,1050000,520000,75900420
,0,0,0,관유물매각대,일반회계,2022,문화체육관광부,0,0,0,0,0,0,0
,3450000,0,3450000,기타수입,일반회계,2022,문화체육관광부,0,3450000,3450000,0,0,0,3450000
,15362851,0,15362851,예금및예탁금,일반회계,2022,문화체육관광부,0,15362851,15362851,0,0,0,15362851
,125950,125950,0,재산수입,아시아문화중심도시조성특별회계,2022,문화체육관광부,4003650,0,68205830,3877700,3877700,0,4003650
,20137120,20137120,0,경상이전수입,아시아문화중심도시조성특별회계,2022,문화체육관광부,77113130,0,20137120,56976010,56976010,0,77113130
,0,0,0,재화및용역판매수입,아시아문화중심도시조성특별회계,2022,문화체육관광부,0,0,42333410,0,0,0,0
,100000000,0,100000000,기타수입,아시아문화중심도시조성특별회계,2022,문화체육관광부,0,100000000,100000000,0,0,0,100000000
지역자율계정,264570690,264570690,0,재산수입,지역균형발전특별회계,2022,문화체육관광부,802660820,2034740,408040020,540124870,538090130,2034740,804695560
지역자율계정,2076236380,2076236380,0,경상이전수입,지역균형발전특별회계,2022,문화체육관광부,7687067620,107971080,5289136550,5718802320,5610831240,107971080,7795038700
지역지원계정,211138030,211138030,0,재산수입,지역균형발전특별회계,2022,문화체육관광부,284609910,53742150,290453320,127214030,73471880,53742150,338352060
지역지원계정,4005588480,4005588480,0,경상이전수입,지역균형발전특별회계,2022,문화체육관광부,4839238730,483244630,13800029160,1316894880,833650250,483244630,5322483360
제주특별자치도계정,0,0,0,재산수입,지역균형발전특별회계,2022,문화체육관광부,0,0,0,0,0,0,0
제주특별자치도계정,0,0,0,경상이전수입,지역균형발전특별회계,2022,문화체육관광부,0,0,0,0,0,0,0
세종특별자치시계정,0,0,0,재산수입,지역균형발전특별회계,2022,문화체육관광부,218410,0,0,218410,218410,0,218410
세종특별자치시계정,0,0,0,경상이전수입,지역균형발전특별회계,2022,문화체육관광부,2524340,0,0,2524340,2524340,0,2524340
,122435570,122435570,0,재산수입,관광진흥개발기금,2022,문화체육관광부,152934570,3827440,681677260,34326440,30499000,3827440,156762010
,1224655320,1224655320,0,경상이전수입,관광진흥개발기금,2022,문화체육관광부,31079036000,45233720,11808321470,29899614400,29854380680,45233720,31124269720
,2.68123E+12,0,2.68123E+12,융자회수금,관광진흥개발기금,2022,문화체육관광부,0,3.18292E+12,3.00575E+12,5.0169E+11,0,5.0169E+11,3.18292E+12
,36189319,0,36189319,예금및예탁금,관광진흥개발기금,2022,문화체육관광부,0,3.2729E+11,3.97926E+11,3.27254E+11,0,3.27254E+11,3.2729E+11
,63191920,63191920,0,재산수입,지역신문발전기금,2022,문화체육관광부,63197170,0,63191920,5250,5250,0,63197170
,28234000,28234000,0,경상이전수입,지역신문발전기금,2022,문화체육관광부,28234000,0,28234000,0,0,0,28234000
,0,0,0,예금및예탁금,지역신문발전기금,2022,문화체육관광부,0,2892815876,2636472428,2892815876,0,2892815876,2892815876
,2510638950,2510638950,0,재산수입,일반회계,2022,보건복지부,7287571400,1021690,23353007380,4777954140,4776932450,1021690,7288593090
,29073567270,29073567270,0,경상이전수입,일반회계,2022,보건복지부,3.50634E+11,50353890,3.59498E+11,3.21611E+11,3.21561E+11,50353890,3.50685E+11
,0,0,0,재화및용역판매수입,일반회계,2022,보건복지부,240000,0,768023000,240000,240000,0,240000
,0,0,0,관유물매각대,일반회계,2022,보건복지부,0,0,0,0,0,0,0
,6275211420,6275211420,0,융자회수금,일반회계,2022,보건복지부,6275211420,0,14427727970,0,0,0,6275211420
,21574925090,0,21574925090,기타수입,일반회계,2022,보건복지부,0,21574925090,21712713090,0,0,0,21574925090
농어촌특별세사업계정,12105430,12105430,0,재산수입,농어촌구조개선특별회계,2022,보건복지부,104203190,0,53189880,92097760,92097760,0,104203190
농어촌특별세사업계정,93533500,93533500,0,경상이전수입,농어촌구조개선특별회계,2022,보건복지부,1559657300,0,405935870,1466123800,1466123800,0,1559657300
농어촌특별세사업계정,6366710000,0,6366710000,융자회수금,농어촌구조개선특별회계,2022,보건복지부,0,6366710000,7051710000,0,0,0,6366710000
투자계정,2116002210,2116002210,0,경상이전수입,에너지및자원사업특별회계,2022,보건복지부,2116002210,0,2120277340,0,0,0,2116002210
지역지원계정,39679830,39679830,0,재산수입,지역균형발전특별회계,2022,보건복지부,239245880,0,611765140,199566050,199566050,0,239245880
지역지원계정,826823000,826823000,0,경상이전수입,지역균형발전특별회계,2022,보건복지부,29148276530,0,31829445420,28321453530,28321453530,0,29148276530
손익계정,0,0,0,재산수입,국립재활원,2022,보건복지부,0,0,0,0,0,0,0
손익계정,0,0,0,경상이전수입,국립재활원,2022,보건복지부,0,0,0,0,0,0,0
손익계정,20168580,6740220,13428360,재화및용역판매수입,국립재활원,2022,보건복지부,15098900,651268930,38683240,646199250,8358680,637840570,666367830
손익계정,0,0,0,관유물매각대,국립재활원,2022,보건복지부,0,0,0,0,0,0,0
손익계정,0,0,0,재산수입,국립정신건강센터,2022,보건복지부,0,0,0,0,0,0,0
손익계정,54725310,54725310,0,경상이전수입,국립정신건강센터,2022,보건복지부,54725310,0,54725310,0,0,0,54725310
손익계정,0,0,0,재화및용역판매수입,국립정신건강센터,2022,보건복지부,0,680308320,1493195830,680308320,0,680308320,680308320
손익계정,0,0,0,재산수입,국립나주병원,2022,보건복지부,0,0,0,0,0,0,0
손익계정,0,0,0,경상이전수입,국립나주병원,2022,보건복지부,0,0,0,0,0,0,0
손익계정,0,0,0,재화및용역판매수입,국립나주병원,2022,보건복지부,0,902456220,660000000,902456220,0,902456220,902456220
손익계정,0,0,0,재산수입,국립부곡병원,2022,보건복지부,0,0,0,0,0,0,0
손익계정,0,0,0,경상이전수입,국립부곡병원,2022,보건복지부,0,0,0,0,0,0,0
손익계정,20068870,0,20068870,재화및용역판매수입,국립부곡병원,2022,보건복지부,0,554803800,487366300,534734930,0,534734930,554803800
손익계정,0,0,0,재산수입,국립춘천병원,2022,보건복지부,0,0,0,0,0,0,0
손익계정,0,0,0,경상이전수입,국립춘천병원,2022,보건복지부,0,0,0,0,0,0,0
손익계정,0,0,0,재화및용역판매수입,국립춘천병원,2022,보건복지부,0,471698260,387160540,471698260,0,471698260,471698260
손익계정,0,0,0,관유물매각대,국립춘천병원,2022,보건복지부,0,0,0,0,0,0,0
손익계정,0,0,0,재산수입,국립공주병원,2022,보건복지부,0,18477560,0,18477560,0,18477560,18477560
손익계정,0,0,0,경상이전수입,국립공주병원,2022,보건복지부,0,0,0,0,0,0,0
손익계정,0,0,0,재화및용역판매수입,국립공주병원,2022,보건복지부,145424900,144814890,266600970,290239790,145424900,144814890,290239790
손익계정,0,0,0,관유물매각대,국립공주병원,2022,보건복지부,0,0,0,0,0,0,0
,4.53413E+12,0,4.53413E+12,융자회수금,국민연금기금,2022,보건복지부,0,4.54065E+12,4.85434E+12,6520000000,0,6520000000,4.54065E+12
,20000000000,0,20000000000,예금및예탁금,국민연금기금,2022,보건복지부,0,1.42219E+13,1.75446E+13,1.42019E+13,0,1.42019E+13,1.42219E+13
국민건강증진계정,22403880,22403880,0,재산수입,국민건강증진기금,2022,보건복지부,412088300,8586130,332497490,398270550,389684420,8586130,420674430
국민건강증진계정,1.71219E+11,1.71219E+11,0,경상이전수입,국민건강증진기금,2022,보건복지부,2.13844E+11,2.02052E+11,2.07681E+11,2.44677E+11,42625203500,2.02052E+11,4.15897E+11
국민건강증진계정,0,0,0,예금및예탁금,국민건강증진기금,2022,보건복지부,0,27227624068,53159123609,27227624068,0,27227624068,27227624068
공공보건의료계정,0,0,0,재산수입,국민건강증진기금,2022,보건복지부,0,0,0,0,0,0,0
공공보건의료계정,0,0,0,경상이전수입,국민건강증진기금,2022,보건복지부,0,0,0,0,0,0,0
,45492370,45492370,0,재산수입,응급의료기금,2022,보건복지부,80879730,4566690,65063160,39954050,35387360,4566690,85446420
,448808120,448808120,0,경상이전수입,응급의료기금,2022,보건복지부,4141111470,723273000,1110957760,4415576350,3692303350,723273000,4864384470
,7.3284E+11,0,7.3284E+11,융자회수금,응급의료기금,2022,보건복지부,0,7.3284E+11,8.94572E+11,0,0,0,7.3284E+11
,33000,0,33000,기타수입,응급의료기금,2022,보건복지부,0,33000,33000,0,0,0,33000
,0,0,0,예금및예탁금,응급의료기금,2022,보건복지부,0,1.09571E+11,99589176381,1.09571E+11,0,1.09571E+11,1.09571E+11
,11183560,11183560,0,재산수입,일반회계,2022,여성가족부,75075590,0,671541730,63892030,63892030,0,75075590
,273313220,273313220,0,경상이전수입,일반회계,2022,여성가족부,2845858390,0,8960971530,2572545170,2572545170,0,2845858390
,0,0,0,재화및용역판매수입,일반회계,2022,여성가족부,0,0,0,0,0,0,0
지역자율계정,0,0,0,재산수입,지역균형발전특별회계,2022,여성가족부,0,0,429260,0,0,0,0
지역자율계정,1025841760,1025841760,0,경상이전수입,지역균형발전특별회계,2022,여성가족부,1025841760,0,1374257690,0,0,0,1025841760
지역지원계정,0,0,0,재산수입,지역균형발전특별회계,2022,여성가족부,0,0,0,0,0,0,0
지역지원계정,0,0,0,경상이전수입,지역균형발전특별회계,2022,여성가족부,0,0,0,0,0,0,0
세종특별자치시계정,0,0,0,경상이전수입,지역균형발전특별회계,2022,여성가족부,0,0,0,0,0,0,0
,17340230,17340230,0,재산수입,청소년육성기금,2022,여성가족부,227424450,34970,48490050,210119190,210084220,34970,227459420
,1910893380,1910893380,0,경상이전수입,청소년육성기금,2022,여성가족부,5712458740,6291740,4226022700,3807857100,3801565360,6291740,5718750480
,0,0,0,예금및예탁금,청소년육성기금,2022,여성가족부,0,16085406093,15320279393,16085406093,0,16085406093,16085406093
,15872460,15872460,0,재산수입,양성평등기금,2022,여성가족부,31697780,694520,31987790,16519840,15825320,694520,32392300
,3523923720,3523923720,0,경상이전수입,양성평등기금,2022,여성가족부,10129395130,368875510,7507528380,6974346920,6605471410,368875510,10498270640
,339265184,339265184,0,융자회수금,양성평등기금,2022,여성가족부,339265184,0,339265184,0,0,0,339265184
,13545756219,0,13545756219,예금및예탁금,양성평등기금,2022,여성가족부,0,29095921167,24628227595,15550164948,0,15550164948,29095921167
,0,0,0,재산수입,일반회계,2022,방송통신위원회,0,0,0,0,0,0,0
,26715590220,26715590220,0,경상이전수입,일반회계,2022,방송통신위원회,28627604280,71607530,31303638850,1983621590,1912014060,71607530,28699211810
,0,0,0,재화및용역판매수입,일반회계,2022,방송통신위원회,0,0,0,0,0,0,0
,40000000,0,40000000,기타수입,일반회계,2022,방송통신위원회,0,40000000,40000000,0,0,0,40000000
,0,0,0,재산수입,일반회계,2022,금융위원회,0,0,0,0,0,0,0
,3427176110,3427176110,0,경상이전수입,일반회계,2022,금융위원회,5135956260,1020050,4100657800,1709800200,1708780150,1020050,5136976310
,0,0,0,재화및용역판매수입,일반회계,2022,금융위원회,0,0,0,0,0,0,0
,99910000,0,99910000,기타수입,일반회계,2022,금융위원회,0,99910000,99910000,0,0,0,99910000
,0,0,0,재산수입,농어가목돈마련저축장려기금,2022,금융위원회,0,0,0,0,0,0,0
,0,0,0,경상이전수입,농어가목돈마련저축장려기금,2022,금융위원회,0,0,0,0,0,0,0
,0,0,0,예금및예탁금,농어가목돈마련저축장려기금,2022,금융위원회,0,0,0,0,0,0,0
,0,0,0,재산수입,공적자금상환기금,2022,금융위원회,0,0,0,0,0,0,0
,0,0,0,예금및예탁금,공적자금상환기금,2022,금융위원회,0,58281463013,0,58281463013,0,58281463013,58281463013
,0,0,0,재산수입,일반회계,2022,국민권익위원회,0,0,0,0,0,0,0
,132427700,132427700,0,경상이전수입,일반회계,2022,국민권익위원회,180171410,70438860,372055900,118182570,47743710,70438860,250610270
,0,0,0,재화및용역판매수입,일반회계,2022,국민권익위원회,0,0,0,0,0,0,0
,60000000,0,60000000,기타수입,일반회계,2022,국민권익위원회,0,60000000,60000000,0,0,0,60000000
,6642000,6642000,0,경상이전수입,일반회계,2022,원자력안전위원회,17323650,0,0,10681650,10681650,0,17323650
,0,0,0,재화및용역판매수입,일반회계,2022,원자력안전위원회,0,0,0,0,0,0,0
,151221950,151221950,0,재산수입,일반회계,2022,교육부,151775910,1609140,153369040,2163100,553960,1609140,153385050
,1709658010,1709658010,0,경상이전수입,일반회계,2022,교육부,1833784250,147101430,1793325780,271227670,124126240,147101430,1980885680
,4508180,4508180,0,재화및용역판매수입,일반회계,2022,교육부,4508180,0,4508180,0,0,0,4508180
,0,0,0,관유물매각대,일반회계,2022,교육부,244419500,0,0,244419500,244419500,0,244419500
,7.5464E+11,0,7.5464E+11,융자회수금,일반회계,2022,교육부,0,7.5464E+11,7.54696E+11,0,0,0,7.5464E+11
,110042880,0,110042880,기타수입,일반회계,2022,교육부,0,110042880,110042880,0,0,0,110042880
지역지원계정,0,0,0,재산수입,지역균형발전특별회계,2022,교육부,0,0,0,0,0,0,0
지역지원계정,0,0,0,경상이전수입,지역균형발전특별회계,2022,교육부,0,0,0,0,0,0,0
,0,0,0,재산수입,유아교육지원특별회계,2022,교육부,73353280,0,0,73353280,73353280,0,73353280
,0,0,0,경상이전수입,유아교육지원특별회계,2022,교육부,928264230,0,0,928264230,928264230,0,928264230
,0,0,0,재산수입,일반회계,2022,외교부,0,0,6180,0,0,0,0
,459657960,459657960,0,경상이전수입,일반회계,2022,외교부,477311500,0,597414400,17653540,17653540,0,477311500
,0,0,0,재화및용역판매수입,일반회계,2022,외교부,0,0,114280,0,0,0,0
,4888720352,2398802382,2489917970,기타수입,일반회계,2022,외교부,2587746763,5923366117,6507724828,3622392528,188944381,3433448147,8511112880
,0,0,0,재산수입,국제질병퇴치기금,2022,외교부,0,0,0,0,0,0,0
,0,0,0,경상이전수입,국제질병퇴치기금,2022,외교부,0,0,0,0,0,0,0
,0,0,0,예금및예탁금,국제질병퇴치기금,2022,외교부,0,2285891280,2253732040,2285891280,0,2285891280,2285891280
,142553880,142553880,0,재산수입,일반회계,2022,농림축산식품부,143421750,773430,142572880,1641300,867870,773430,144195180
,449065050,447470320,1594730,경상이전수입,일반회계,2022,농림축산식품부,668180080,766445010,1318681260,985560040,220709760,764850280,1434625090
,4380280,4380280,0,재화및용역판매수입,일반회계,2022,농림축산식품부,32285280,42252500,48829780,70157500,27905000,42252500,74537780
,0,0,0,관유물매각대,일반회계,2022,농림축산식품부,0,0,0,0,0,0,0
,275890,275890,0,융자회수금,일반회계,2022,농림축산식품부,275890,0,275890,0,0,0,275890
,449945000,0,449945000,기타수입,일반회계,2022,농림축산식품부,0,449945000,449945000,0,0,0,449945000
구조개선사업계정,11267250,11267250,0,재산수입,농어촌구조개선특별회계,2022,농림축산식품부,80942980,4790,26920850,69680520,69675730,4790,80947770
구조개선사업계정,613655260,613655260,0,경상이전수입,농어촌구조개선특별회계,2022,농림축산식품부,4066139410,0,3974274740,3452484150,3452484150,0,4066139410
구조개선사업계정,8568530,8568530,0,재화및용역판매수입,농어촌구조개선특별회계,2022,농림축산식품부,8568530,0,18096600,0,0,0,8568530
구조개선사업계정,0,0,0,관유물매각대,농어촌구조개선특별회계,2022,농림축산식품부,0,0,0,0,0,0,0
구조개선사업계정,96923834690,0,96923834690,융자회수금,농어촌구조개선특별회계,2022,농림축산식품부,0,1.20971E+11,1.50026E+11,24047430000,0,24047430000,1.20971E+11
농어촌특별세사업계정,13330,13330,0,재산수입,농어촌구조개선특별회계,2022,농림축산식품부,359620560,122814340,1446360,482421570,359607230,122814340,482434900
농어촌특별세사업계정,275707700,275707700,0,경상이전수입,농어촌구조개선특별회계,2022,농림축산식품부,11020944180,7671826240,344693240,18417062720,10745236480,7671826240,18692770420
농어촌특별세사업계정,0,0,0,관유물매각대,농어촌구조개선특별회계,2022,농림축산식품부,0,0,0,0,0,0,0
농어촌특별세사업계정,14530293790,0,14530293790,융자회수금,농어촌구조개선특별회계,2022,농림축산식품부,0,14530293790,16844500120,0,0,0,14530293790
투자계정,0,0,0,재산수입,에너지및자원사업특별회계,2022,농림축산식품부,0,0,0,0,0,0,0
투자계정,0,0,0,경상이전수입,에너지및자원사업특별회계,2022,농림축산식품부,0,0,0,0,0,0,0
융자계정,0,0,0,재산수입,에너지및자원사업특별회계,2022,농림축산식품부,0,0,0,0,0,0,0
융자계정,13275083580,0,13275083580,융자회수금,에너지및자원사업특별회계,2022,농림축산식품부,0,15921083580,21847428160,2646000000,0,2646000000,15921083580
,0,0,0,재산수입,혁신도시건설특별회계,2022,농림축산식품부,0,0,0,0,0,0,0
지역자율계정,0,0,0,재산수입,지역균형발전특별회계,2022,농림축산식품부,186660570,58796000,0,245456570,186660570,58796000,245456570
지역자율계정,83807350,83807350,0,경상이전수입,지역균형발전특별회계,2022,농림축산식품부,153092850,98284160,118098220,167569660,69285500,98284160,251377010
지역지원계정,0,0,0,재산수입,지역균형발전특별회계,2022,농림축산식품부,0,0,0,0,0,0,0
제주특별자치도계정,0,0,0,경상이전수입,지역균형발전특별회계,2022,농림축산식품부,0,0,0,0,0,0,0
손익계정,0,0,0,재산수입,양곡관리특별회계,2022,농림축산식품부,52320,0,0,52320,52320,0,52320
손익계정,0,0,0,경상이전수입,양곡관리특별회계,2022,농림축산식품부,313640690,0,1667600,313640690,313640690,0,313640690
손익계정,0,0,0,재화및용역판매수입,양곡관리특별회계,2022,농림축산식품부,0,0,2047810,0,0,0,0
손익계정,13542000,13542000,0,관유물매각대,양곡관리특별회계,2022,농림축산식품부,120664580,15049600,39417080,122172180,107122580,15049600,135714180
,0,0,0,재산수입,농업·농촌공익기능증진직접지불기금,2022,농림축산식품부,2512190,4960,81410,2517150,2512190,4960,2517150
,2200,2200,0,경상이전수입,농업·농촌공익기능증진직접지불기금,2022,농림축산식품부,10602910,3540999010,95783770,3551599720,10600710,3540999010,3551601920
,0,0,0,재산수입,양곡증권정리기금,2022,농림축산식품부,0,0,0,0,0,0,0
,0,0,0,예금및예탁금,양곡증권정리기금,2022,농림축산식품부,0,58895128550,46308424470,58895128550,0,58895128550,58895128550
,0,0,0,재산수입,농산물가격안정기금,2022,농림축산식품부,0,0,0,0,0,0,0
,255576000,255576000,0,경상이전수입,농산물가격안정기금,2022,농림축산식품부,258360000,0,255576000,2784000,2784000,0,258360000
,0,0,0,재화및용역판매수입,농산물가격안정기금,2022,농림축산식품부,0,0,0,0,0,0,0
,0,0,0,관유물매각대,농산물가격안정기금,2022,농림축산식품부,0,0,0,0,0,0,0
,1.71896E+12,0,1.71896E+12,융자회수금,농산물가격안정기금,2022,농림축산식품부,0,3.24721E+12,3.04278E+12,1.52825E+12,0,1.52825E+12,3.24721E+12
,9,0,9,예금및예탁금,농산물가격안정기금,2022,농림축산식품부,0,1.87113E+11,98267081123,1.87113E+11,0,1.87113E+11,1.87113E+11
,43957959264,880757269,43077201995,재산수입,농지관리기금,2022,농림축산식품부,2739763307,59616481991,63348452694,18398286034,1859006038,16539279996,62356245298
,3.59652E+11,18793324012,3.40859E+11,경상이전수입,농지관리기금,2022,농림축산식품부,25120847308,9.40822E+11,9.49439E+11,6.06291E+11,6327523296,5.99964E+11,9.65943E+11
,57835472064,681231432,57154240632,관유물매각대,농지관리기금,2022,농림축산식품부,15104976269,63932675138,81334323125,21202179343,14423744837,6778434506,79037651407
,6.81377E+12,0,6.81377E+12,융자회수금,농지관리기금,2022,농림축산식품부,0,8.16487E+12,7.27929E+12,1.35109E+12,0,1.35109E+12,8.16487E+12
,0,0,0,예금및예탁금,농지관리기금,2022,농림축산식품부,0,4.70705E+11,4.1546E+11,4.70705E+11,0,4.70705E+11,4.70705E+11
,570170,0,570170,재산수입,축산발전기금,2022,농림축산식품부,0,851500,7454280,281330,0,281330,851500
,18276000,0,18276000,경상이전수입,축산발전기금,2022,농림축산식품부,0,74966500,1023369930,56690500,0,56690500,74966500
,0,0,0,관유물매각대,축산발전기금,2022,농림축산식품부,0,0,0,0,0,0,0
,5.2227E+11,0,5.2227E+11,융자회수금,축산발전기금,2022,농림축산식품부,0,1.00323E+12,1.06217E+12,4.80959E+11,0,4.80959E+11,1.00323E+12
,0,0,0,예금및예탁금,축산발전기금,2022,농림축산식품부,0,1.30592E+11,24695856641,1.30592E+11,0,1.30592E+11,1.30592E+11
,0,0,0,재산수입,자유무역협정이행지원기금,2022,농림축산식품부,0,0,0,0,0,0,0
,0,0,0,경상이전수입,자유무역협정이행지원기금,2022,농림축산식품부,0,0,653000,0,0,0,0
,7.69235E+11,25903000,7.69209E+11,융자회수금,자유무역협정이행지원기금,2022,농림축산식품부,25903000,9.40325E+11,9.69089E+11,1.71117E+11,0,1.71117E+11,9.40351E+11
,0,0,0,예금및예탁금,자유무역협정이행지원기금,2022,농림축산식품부,0,1.07681E+11,1.90931E+11,1.07681E+11,0,1.07681E+11,1.07681E+11
,0,0,0,재산수입,농어업재해재보험기금,2022,농림축산식품부,0,0,0,0,0,0,0
,0,0,0,경상이전수입,농어업재해재보험기금,2022,농림축산식품부,0,0,0,0,0,0,0
,0,0,0,재화및용역판매수입,농어업재해재보험기금,2022,농림축산식품부,0,0,0,0,0,0,0
,0,0,0,예금및예탁금,농어업재해재보험기금,2022,농림축산식품부,0,2.14615E+11,27206413918,2.14615E+11,0,2.14615E+11,2.14615E+11
,1790378370,1790378370,0,재산수입,일반회계,2022,산업통상자원부,2846825270,0,2284147290,1056446900,1056446900,0,2846825270
,1199340790,1199340790,0,경상이전수입,일반회계,2022,산업통상자원부,5217343300,8364470,1518868670,4026366980,4018002510,8364470,5225707770
,126166300,126166300,0,재화및용역판매수입,일반회계,2022,산업통상자원부,171974680,16164440,160285540,61972820,45808380,16164440,188139120
,0,0,0,기타수입,일반회계,2022,산업통상자원부,0,627244450,0,627244450,0,627244450,627244450
투자계정,1289290,1289290,0,재산수입,에너지및자원사업특별회계,2022,산업통상자원부,209758640,4103080,17224770,212572430,208469350,4103080,213861720
투자계정,4490508590,4490508590,0,경상이전수입,에너지및자원사업특별회계,2022,산업통상자원부,11635334430,2423990030,4670771640,9568815870,7144825840,2423990030,14059324460
융자계정,0,0,0,재산수입,에너지및자원사업특별회계,2022,산업통상자원부,0,0,0,0,0,0,0
융자계정,3.34813E+12,0,3.34813E+12,융자회수금,에너지및자원사업특별회계,2022,산업통상자원부,0,3.73686E+12,3.82615E+12,3.88734E+11,0,3.88734E+11,3.73686E+12
지역자율계정,309020,309020,0,재산수입,지역균형발전특별회계,2022,산업통상자원부,309020,0,1497500,0,0,0,309020
지역자율계정,0,0,0,경상이전수입,지역균형발전특별회계,2022,산업통상자원부,0,0,9306990,0,0,0,0
지역지원계정,567790,567790,0,재산수입,지역균형발전특별회계,2022,산업통상자원부,242691330,1299280,13676770,243422820,242123540,1299280,243990610
지역지원계정,171990000,171990000,0,경상이전수입,지역균형발전특별회계,2022,산업통상자원부,3655054440,339300000,320488960,3822364440,3483064440,339300000,3994354440
세종특별자치시계정,0,0,0,재산수입,지역균형발전특별회계,2022,산업통상자원부,0,0,0,0,0,0,0
세종특별자치시계정,0,0,0,경상이전수입,지역균형발전특별회계,2022,산업통상자원부,0,0,0,0,0,0,0
,0,0,0,재산수입,소재부품장비경쟁력강화특별회계,2022,산업통상자원부,0,0,89127810,0,0,0,0
,0,0,0,경상이전수입,소재부품장비경쟁력강화특별회계,2022,산업통상자원부,0,0,37834040,0,0,0,0
산업기술혁신계정,0,0,0,재산수입,산업기술진흥및사업화촉진기금,2022,산업통상자원부,0,0,0,0,0,0,0
산업기술혁신계정,0,0,0,경상이전수입,산업기술진흥및사업화촉진기금,2022,산업통상자원부,0,0,0,0,0,0,0
산업기술혁신계정,0,0,0,예금및예탁금,산업기술진흥및사업화촉진기금,2022,산업통상자원부,0,54120733832,29228692236,54120733832,0,54120733832,54120733832
특정물질사용합리화계정,0,0,0,재산수입,산업기술진흥및사업화촉진기금,2022,산업통상자원부,0,0,0,0,0,0,0
특정물질사용합리화계정,0,0,0,경상이전수입,산업기술진흥및사업화촉진기금,2022,산업통상자원부,0,0,0,0,0,0,0
특정물질사용합리화계정,5021000000,0,5021000000,융자회수금,산업기술진흥및사업화촉진기금,2022,산업통상자원부,0,6021000000,5995200000,1000000000,0,1000000000,6021000000
특정물질사용합리화계정,215782850,0,215782850,예금및예탁금,산업기술진흥및사업화촉진기금,2022,산업통상자원부,0,2217139486,2641175749,2001356636,0,2001356636,2217139486
,0,0,0,재산수입,전력산업기반기금,2022,산업통상자원부,0,0,0,0,0,0,0
,0,0,0,경상이전수입,전력산업기반기금,2022,산업통상자원부,34390893540,0,22636907070,34390893540,34390893540,0,34390893540
,1.55436E+12,0,1.55436E+12,융자회수금,전력산업기반기금,2022,산업통상자원부,0,2.15833E+12,1.73252E+12,6.03969E+11,0,6.03969E+11,2.15833E+12
,0,0,0,예금및예탁금,전력산업기반기금,2022,산업통상자원부,0,1.10879E+12,4.97165E+11,1.10879E+12,0,1.10879E+12,1.10879E+12
,0,0,0,재산수입,방사성폐기물관리기금,2022,산업통상자원부,0,0,0,0,0,0,0
,2.16402E+12,0,2.16402E+12,경상이전수입,방사성폐기물관리기금,2022,산업통상자원부,0,2.33643E+12,2.58296E+12,1.72411E+11,0,1.72411E+11,2.33643E+12
,0,0,0,재화및용역판매수입,방사성폐기물관리기금,2022,산업통상자원부,0,0,0,0,0,0,0
,0,0,0,예금및예탁금,방사성폐기물관리기금,2022,산업통상자원부,0,3.06164E+11,2.40114E+11,3.06164E+11,0,3.06164E+11,3.06164E+11
,887117810,887117810,0,재산수입,일반회계,2022,국토교통부,993426740,9044940,2995432240,115353870,106308930,9044940,1002471680
,17305738860,17305738860,0,경상이전수입,일반회계,2022,국토교통부,24296559820,21444340,26376121690,7012265300,6990820960,21444340,24318004160
,43936370,43936370,0,재화및용역판매수입,일반회계,2022,국토교통부,69820530,27101520,63167150,52985680,25884160,27101520,96922050
,2298404290,2298404290,0,관유물매각대,일반회계,2022,국토교통부,2298404290,0,2298591290,0,0,0,2298404290
,194612110,0,194612110,기타수입,일반회계,2022,국토교통부,0,194612110,194612110,0,0,0,194612110
도로계정,14012164460,13963972910,48191550,재산수입,교통시설특별회계,2022,국토교통부,15763065380,161357060,15028508170,1912257980,1799092470,113165510,15924422440
도로계정,27708696100,27708066480,629620,경상이전수입,교통시설특별회계,2022,국토교통부,33058922960,405348430,29762080770,5755575290,5350856480,404718810,33464271390
도로계정,706351240,706351240,0,재화및용역판매수입,교통시설특별회계,2022,국토교통부,706622820,58139710,910470860,58411290,271580,58139710,764762530
도로계정,122009000,100944000,21065000,관유물매각대,교통시설특별회계,2022,국토교통부,260790880,624998000,10591042950,763779880,159846880,603933000,885788880
철도계정,2637695270,2637695270,0,재산수입,교통시설특별회계,2022,국토교통부,2637695270,0,2639549280,0,0,0,2637695270
철도계정,2546519890,2546519890,0,경상이전수입,교통시설특별회계,2022,국토교통부,2546519890,0,2557141160,0,0,0,2546519890
철도계정,0,0,0,재화및용역판매수입,교통시설특별회계,2022,국토교통부,0,0,0,0,0,0,0
철도계정,0,0,0,관유물매각대,교통시설특별회계,2022,국토교통부,879280740,0,111994500,879280740,879280740,0,879280740
공항계정,52550,52550,0,재산수입,교통시설특별회계,2022,국토교통부,52550,42704970,269500,42704970,0,42704970,42757520
공항계정,6958028530,6958028530,0,경상이전수입,교통시설특별회계,2022,국토교통부,7056380410,1492720,7302633430,99844600,98351880,1492720,7057873130
공항계정,131382610,131382610,0,재화및용역판매수입,교통시설특별회계,2022,국토교통부,131382610,117302000,287180840,117302000,0,117302000,248684610
공항계정,0,0,0,관유물매각대,교통시설특별회계,2022,국토교통부,0,0,0,0,0,0,0
교통체계관리계정,0,0,0,재산수입,교통시설특별회계,2022,국토교통부,804520,6356640,0,7161160,804520,6356640,7161160
교통체계관리계정,0,0,0,경상이전수입,교통시설특별회계,2022,국토교통부,0,0,0,0,0,0,0
투자계정,0,0,0,재산수입,에너지및자원사업특별회계,2022,국토교통부,0,0,0,0,0,0,0
투자계정,0,0,0,경상이전수입,에너지및자원사업특별회계,2022,국토교통부,0,0,0,0,0,0,0
,0,0,0,재산수입,혁신도시건설특별회계,2022,국토교통부,0,0,0,0,0,0,0
,0,0,0,경상이전수입,혁신도시건설특별회계,2022,국토교통부,0,0,0,0,0,0,0
지역자율계정,11182740,11182740,0,재산수입,지역균형발전특별회계,2022,국토교통부,11182740,0,11838860,0,0,0,11182740
지역자율계정,6.08214E+11,2.78643E+11,3.29571E+11,경상이전수입,지역균형발전특별회계,2022,국토교통부,2.93544E+11,7.629E+11,8.58942E+11,4.4823E+11,14901269540,4.33328E+11,1.05644E+12
지역자율계정,2384250,2384250,0,재화및용역판매수입,지역균형발전특별회계,2022,국토교통부,2384250,0,2411890,0,0,0,2384250
지역자율계정,312469690,0,312469690,기타수입,지역균형발전특별회계,2022,국토교통부,0,312469690,312469690,0,0,0,312469690
지역지원계정,128319070,128319070,0,재산수입,지역균형발전특별회계,2022,국토교통부,129150170,266612960,128319070,267444060,831100,266612960,395763130
지역지원계정,1.36395E+11,1.35975E+11,419418890,경상이전수입,지역균형발전특별회계,2022,국토교통부,2.07515E+11,45057436160,1.80829E+11,1.16178E+11,71540042960,44638017270,2.52573E+11
지역지원계정,471915470,471915470,0,관유물매각대,지역균형발전특별회계,2022,국토교통부,479481940,0,471915470,7566470,7566470,0,479481940
지역지원계정,0,0,0,예금및예탁금,지역균형발전특별회계,2022,국토교통부,0,0,151157210,0,0,0,0
제주특별자치도계정,0,0,0,재산수입,지역균형발전특별회계,2022,국토교통부,0,0,0,0,0,0,0
제주특별자치도계정,0,0,0,경상이전수입,지역균형발전특별회계,2022,국토교통부,0,0,0,0,0,0,0
세종특별자치시계정,0,0,0,재산수입,지역균형발전특별회계,2022,국토교통부,0,0,0,0,0,0,0
세종특별자치시계정,0,0,0,경상이전수입,지역균형발전특별회계,2022,국토교통부,0,0,0,0,0,0,0
,0,0,0,예금및예탁금,자동차사고피해지원기금,2022,국토교통부,0,98728576283,2.09458E+11,98728576283,0,98728576283,98728576283
주택계정,0,0,0,재화및용역판매수입,주택도시기금,2022,국토교통부,0,3044039073,3239841247,3044039073,0,3044039073,3044039073
주택계정,1.2002E+14,2.1044E+11,1.1981E+14,융자회수금,주택도시기금,2022,국토교통부,2.12219E+11,1.44812E+14,1.33307E+14,2.50044E+13,1779802880,2.50026E+13,1.45025E+14
주택계정,0,0,0,예금및예탁금,주택도시기금,2022,국토교통부,0,1.47607E+11,3.23881E+11,1.47607E+11,0,1.47607E+11,1.47607E+11
도시계정,398850524,0,398850524,재화및용역판매수입,주택도시기금,2022,국토교통부,0,744089333,418062884,345238809,0,345238809,744089333
도시계정,1.36416E+12,14549385435,1.34962E+12,융자회수금,주택도시기금,2022,국토교통부,14549385435,1.93759E+12,1.60125E+12,5.87977E+11,0,5.87977E+11,1.95214E+12
도시계정,0,0,0,예금및예탁금,주택도시기금,2022,국토교통부,0,9813278622,217019954,9813278622,0,9813278622,9813278622
,167033830,167033830,0,재산수입,일반회계,2022,해양수산부,184428510,681481320,1778494360,698876000,17394680,681481320,865909830
,854636250,854636250,0,경상이전수입,일반회계,2022,해양수산부,1754867340,796220470,2220342920,1696451560,900231090,796220470,2551087810
,96918820,96918820,0,재화및용역판매수입,일반회계,2022,해양수산부,174295570,64536550,99936920,141913300,77376750,64536550,238832120
,0,0,0,관유물매각대,일반회계,2022,해양수산부,0,0,0,0,0,0,0
,372568432,44110112,328458320,융자회수금,일반회계,2022,해양수산부,44110112,328458320,372568432,0,0,0,372568432
,3.72924E+11,0,3.72924E+11,기타수입,일반회계,2022,해양수산부,0,3.72942E+11,3.72947E+11,18000000,0,18000000,3.72942E+11
구조개선사업계정,75502270,75502270,0,재산수입,농어촌구조개선특별회계,2022,해양수산부,146528570,12456800,234711140,83483100,71026300,12456800,158985370
구조개선사업계정,2879643490,2879643490,0,경상이전수입,농어촌구조개선특별회계,2022,해양수산부,6310386070,713663100,6028524790,4144405680,3430742580,713663100,7024049170
구조개선사업계정,0,0,0,재화및용역판매수입,농어촌구조개선특별회계,2022,해양수산부,0,0,0,0,0,0,0
구조개선사업계정,0,0,0,관유물매각대,농어촌구조개선특별회계,2022,해양수산부,0,0,0,0,0,0,0
구조개선사업계정,10385745000,4800000000,5585745000,융자회수금,농어촌구조개선특별회계,2022,해양수산부,4800000000,5585745000,15926429630,0,0,0,10385745000
농어촌특별세사업계정,26030,26030,0,재산수입,농어촌구조개선특별회계,2022,해양수산부,14367700,1366950,124630,15708620,14341670,1366950,15734650
농어촌특별세사업계정,596180310,596180310,0,경상이전수입,농어촌구조개선특별회계,2022,해양수산부,3232147130,283421340,1538138600,2919388160,2635966820,283421340,3515568470
농어촌특별세사업계정,0,0,0,관유물매각대,농어촌구조개선특별회계,2022,해양수산부,0,0,0,0,0,0,0
농어촌특별세사업계정,131359510,0,131359510,융자회수금,농어촌구조개선특별회계,2022,해양수산부,0,131359510,166176510,0,0,0,131359510
항만계정,686774670,686774670,0,재산수입,교통시설특별회계,2022,해양수산부,742136170,26803950,712647470,82165450,55361500,26803950,768940120
항만계정,7630102780,7630102780,0,경상이전수입,교통시설특별회계,2022,해양수산부,8258298130,492651530,7881905490,1120846880,628195350,492651530,8750949660
항만계정,8516321590,8516321590,0,재화및용역판매수입,교통시설특별회계,2022,해양수산부,9741676250,3536931300,13962850940,4762285960,1225354660,3536931300,13278607550
항만계정,815697200,815697200,0,관유물매각대,교통시설특별회계,2022,해양수산부,815697200,0,820566400,0,0,0,815697200
투자계정,74488590,74488590,0,재산수입,에너지및자원사업특별회계,2022,해양수산부,79302860,0,97842900,4814270,4814270,0,79302860
투자계정,1643143870,1643143870,0,경상이전수입,에너지및자원사업특별회계,2022,해양수산부,1666695870,448450,2290949620,24000450,23552000,448450,1667144320
지역자율계정,19299090,19299090,0,재산수입,지역균형발전특별회계,2022,해양수산부,31583720,3579870,40380500,15864500,12284630,3579870,35163590
지역자율계정,924026650,924026650,0,경상이전수입,지역균형발전특별회계,2022,해양수산부,1221869930,5415790,1338264810,303259070,297843280,5415790,1227285720
지역지원계정,0,0,0,재산수입,지역균형발전특별회계,2022,해양수산부,6233870,0,0,6233870,6233870,0,6233870
지역지원계정,123086040,123086040,0,경상이전수입,지역균형발전특별회계,2022,해양수산부,624750540,0,123086040,501664500,501664500,0,624750540
,479160,479160,0,재산수입,수산발전기금,2022,해양수산부,4538730,138705040,3610890,142764610,4059570,138705040,143243770
,2716563990,2716563990,0,경상이전수입,수산발전기금,2022,해양수산부,5307143250,672014930,3809494590,3262594190,2590579260,672014930,5979158180
,0,0,0,재화및용역판매수입,수산발전기금,2022,해양수산부,0,0,0,0,0,0,0
,0,0,0,관유물매각대,수산발전기금,2022,해양수산부,0,0,0,0,0,0,0
,1.44357E+11,0,1.44357E+11,융자회수금,수산발전기금,2022,해양수산부,0,4.98905E+11,5.51737E+11,3.54548E+11,0,3.54548E+11,4.98905E+11
,0,0,0,예금및예탁금,수산발전기금,2022,해양수산부,0,1.01915E+11,72532946911,1.01915E+11,0,1.01915E+11,1.01915E+11
,2270,2270,0,재산수입,일반회계,2022,식품의약품안전처,16559480,0,6902640,16557210,16557210,0,16559480
,339553930,339553930,0,경상이전수입,일반회계,2022,식품의약품안전처,596063000,222738350,486446740,479247420,256509070,222738350,818801350
,0,0,0,재화및용역판매수입,일반회계,2022,식품의약품안전처,0,0,0,0,0,0,0
,0,0,0,관유물매각대,일반회계,2022,식품의약품안전처,0,0,0,0,0,0,0
,0,0,0,기타수입,일반회계,2022,식품의약품안전처,0,0,3942400,0,0,0,0
구조개선사업계정,0,0,0,관유물매각대,농어촌구조개선특별회계,2022,식품의약품안전처,0,0,0,0,0,0,0
지역지원계정,0,0,0,재산수입,지역균형발전특별회계,2022,식품의약품안전처,14140,0,0,14140,14140,0,14140
지역지원계정,0,0,0,경상이전수입,지역균형발전특별회계,2022,식품의약품안전처,930840,0,0,930840,930840,0,930840
제주특별자치도계정,0,0,0,재산수입,지역균형발전특별회계,2022,식품의약품안전처,0,0,0,0,0,0,0
제주특별자치도계정,0,0,0,경상이전수입,지역균형발전특별회계,2022,식품의약품안전처,0,0,0,0,0,0,0
,0,0,0,재산수입,일반회계,2022,대통령비서실 및 국가안보실,0,0,0,0,0,0,0
,0,0,0,경상이전수입,일반회계,2022,대통령비서실 및 국가안보실,10477970,0,22000000,10477970,10477970,0,10477970
,0,0,0,재화및용역판매수입,일반회계,2022,대통령비서실 및 국가안보실,0,0,0,0,0,0,0
,394537430,394537430,0,재산수입,일반회계,2022,새만금개발청,796872650,0,553641700,402335220,402335220,0,796872650
,0,0,0,경상이전수입,일반회계,2022,새만금개발청,1617990,0,19267680,1617990,1617990,0,1617990
,0,0,0,재화및용역판매수입,일반회계,2022,새만금개발청,3096917320,0,3512328050,3096917320,3096917320,0,3096917320
지역지원계정,0,0,0,재산수입,지역균형발전특별회계,2022,새만금개발청,0,0,0,0,0,0,0
,227333510,227333510,0,재산수입,일반회계,2022,행정안전부,4861869940,1156625520,6394179950,5791161950,4634536430,1156625520,6018495460
,14319016660,14309224330,9792330,경상이전수입,일반회계,2022,행정안전부,74697266600,1657824330,1.18215E+11,62036074270,60388042270,1648032000,76355090930
,400739100,400739100,0,재화및용역판매수입,일반회계,2022,행정안전부,410137310,2708450,403818890,12106660,9398210,2708450,412845760
,0,0,0,관유물매각대,일반회계,2022,행정안전부,0,0,0,0,0,0,0
,145000000,20000000,125000000,기타수입,일반회계,2022,행정안전부,20000000,125000000,145000000,0,0,0,145000000
지역자율계정,0,0,0,재산수입,지역균형발전특별회계,2022,행정안전부,1683780,0,0,1683780,1683780,0,1683780
지역자율계정,0,0,0,경상이전수입,지역균형발전특별회계,2022,행정안전부,17342140,0,6276510,17342140,17342140,0,17342140
지역지원계정,7143730,7143730,0,재산수입,지역균형발전특별회계,2022,행정안전부,73863540,359140,95638520,67078950,66719810,359140,74222680
지역지원계정,207179430,207179430,0,경상이전수입,지역균형발전특별회계,2022,행정안전부,1843070150,3970310,2906755750,1639861030,1635890720,3970310,1847040460
제주특별자치도계정,0,0,0,재산수입,지역균형발전특별회계,2022,행정안전부,0,0,0,0,0,0,0
제주특별자치도계정,0,0,0,경상이전수입,지역균형발전특별회계,2022,행정안전부,0,0,0,0,0,0,0
,0,0,0,재산수입,일반회계,2022,중소벤처기업부,0,0,9508690,0,0,0,0
,783786140,783786140,0,경상이전수입,일반회계,2022,중소벤처기업부,843345180,0,790149720,59559040,59559040,0,843345180
,0,0,0,재화및용역판매수입,일반회계,2022,중소벤처기업부,0,0,0,0,0,0,0
,0,0,0,관유물매각대,일반회계,2022,중소벤처기업부,0,0,0,0,0,0,0
,90000,0,90000,기타수입,일반회계,2022,중소벤처기업부,0,90000,90000,0,0,0,90000
지역자율계정,7459450,7459450,0,재산수입,지역균형발전특별회계,2022,중소벤처기업부,7459450,0,7459450,0,0,0,7459450
지역자율계정,60314380,60314380,0,경상이전수입,지역균형발전특별회계,2022,중소벤처기업부,60314380,0,222526690,0,0,0,60314380
지역지원계정,0,0,0,재산수입,지역균형발전특별회계,2022,중소벤처기업부,0,0,0,0,0,0,0
지역지원계정,0,0,0,경상이전수입,지역균형발전특별회계,2022,중소벤처기업부,0,0,0,0,0,0,0
제주특별자치도계정,0,0,0,재산수입,지역균형발전특별회계,2022,중소벤처기업부,0,0,0,0,0,0,0
제주특별자치도계정,0,0,0,경상이전수입,지역균형발전특별회계,2022,중소벤처기업부,0,0,0,0,0,0,0
세종특별자치시계정,0,0,0,재산수입,지역균형발전특별회계,2022,중소벤처기업부,0,0,0,0,0,0,0
세종특별자치시계정,0,0,0,경상이전수입,지역균형발전특별회계,2022,중소벤처기업부,0,0,0,0,0,0,0
,0,0,0,재산수입,소재부품장비경쟁력강화특별회계,2022,중소벤처기업부,0,0,0,0,0,0,0
,0,0,0,경상이전수입,소재부품장비경쟁력강화특별회계,2022,중소벤처기업부,0,0,0,0,0,0,0
,12762340,12762340,0,재산수입,소상공인시장진흥기금,2022,중소벤처기업부,57338410,7804391710,6828727640,7848967780,44576070,7804391710,7861730120
,620008140,620008140,0,경상이전수입,소상공인시장진흥기금,2022,중소벤처기업부,2411437350,0,2635001670,1791429210,1791429210,0,2411437350
,1.28306E+13,0,1.28306E+13,융자회수금,소상공인시장진흥기금,2022,중소벤처기업부,0,1.34366E+13,1.14284E+13,6.06027E+11,0,6.06027E+11,1.34366E+13
,1.47277E+12,0,1.47277E+12,예금및예탁금,소상공인시장진흥기금,2022,중소벤처기업부,0,1.67273E+12,2.0161E+12,1.99967E+11,0,1.99967E+11,1.67273E+12
,0,0,0,재산수입,일반회계,2022,소방청,17774500,0,43884730,17774500,17774500,0,17774500
,0,0,0,경상이전수입,일반회계,2022,소방청,138002590,0,711747110,138002590,138002590,0,138002590
,0,0,0,재화및용역판매수입,일반회계,2022,소방청,0,582540,0,582540,0,582540,582540
,0,0,0,재산수입,일반회계,2022,해양경찰청,0,0,3687350,0,0,0,0
,2037134640,2037134640,0,경상이전수입,일반회계,2022,해양경찰청,2161405650,94379250,2135790320,218650260,124271010,94379250,2255784900
,0,0,0,재화및용역판매수입,일반회계,2022,해양경찰청,0,0,177090,0,0,0,0
,0,0,0,관유물매각대,일반회계,2022,해양경찰청,0,0,0,0,0,0,0
,0,0,0,경상이전수입,일반회계,2022,가습기살균제사건과 4·16세월호참사 특별조사위원회,0,0,0,0,0,0,0
,0,0,0,경상이전수입,일반회계,2022,5·18민주화운동 진상규명조사위원회,0,0,0,0,0,0,0
,1045667000,0,1045667000,기타수입,일반회계,2022,5·18민주화운동 진상규명조사위원회,0,1045667000,1045667000,0,0,0,1045667000
,0,0,0,재산수입,일반회계,2022,개인정보보호위원회,0,0,0,0,0,0,0
,43424490,43424490,0,경상이전수입,일반회계,2022,개인정보보호위원회,98019680,5105650,55410420,59700840,54595190,5105650,103125330
,0,0,0,경상이전수입,일반회계,2022,고위공직자범죄수사처,0,0,0,0,0,0,0
,6796390,6796390,0,재산수입,일반회계,2022,질병관리청,375308780,0,43552960,368512390,368512390,0,375308780
,218269390,218269390,0,경상이전수입,일반회계,2022,질병관리청,59735953400,179436610,17051297310,59697120620,59517684010,179436610,59915390010
,0,0,0,재화및용역판매수입,일반회계,2022,질병관리청,0,0,0,0,0,0,0
,273548000,0,273548000,기타수입,일반회계,2022,질병관리청,0,273548000,278548000,0,0,0,273548000
손익계정,0,0,0,재산수입,국립목포병원,2022,질병관리청,0,0,0,0,0,0,0
손익계정,0,0,0,경상이전수입,국립목포병원,2022,질병관리청,0,0,0,0,0,0,0
손익계정,0,0,0,재화및용역판매수입,국립목포병원,2022,질병관리청,0,209740900,466552640,209740900,0,209740900,209740900
손익계정,0,0,0,재산수입,국립마산병원,2022,질병관리청,0,0,0,0,0,0,0
손익계정,0,0,0,경상이전수입,국립마산병원,2022,질병관리청,0,0,0,0,0,0,0
손익계정,0,0,0,재화및용역판매수입,국립마산병원,2022,질병관리청,1770770,565175850,1275949090,566946620,1770770,565175850,566946620
,0,0,0,재화및용역판매수입,일반회계,2022,진실·화해를위한과거사정리위원회,0,0,0,0,0,0,0
,1584657000,0,1584657000,기타수입,일반회계,2022,진실·화해를위한과거사정리위원회,0,1584657000,1584657000,0,0,0,1584657000
,0,0,0,재산수입,일반회계,2022,인사혁신처,0,0,0,0,0,0,0
,92584870,92584870,0,경상이전수입,일반회계,2022,인사혁신처,185988710,1848380,92584870,95252220,93403840,1848380,187837090
,0,0,0,재화및용역판매수입,일반회계,2022,인사혁신처,0,0,0,0,0,0,0
,8.78721E+11,0,8.78721E+11,융자회수금,일반회계,2022,인사혁신처,0,8.78721E+11,9.32666E+11,0,0,0,8.78721E+11
,0,0,0,재산수입,일반회계,2022,과학기술정보통신부,215000,666945430,15084760,667160430,215000,666945430,667160430
,62543160,62342840,200320,경상이전수입,일반회계,2022,과학기술정보통신부,91596790,1028632300,72674680,1057685930,29253950,1028431980,1120229090
,734929360,734929360,0,재화및용역판매수입,일반회계,2022,과학기술정보통신부,853279180,3961000,925314760,122310820,118349820,3961000,857240180
,393427000,0,393427000,기타수입,일반회계,2022,과학기술정보통신부,0,393427000,371650000,0,0,0,393427000
,34464050,34464050,0,경상이전수입,우체국보험특별회계,2022,과학기술정보통신부,35379760,0,34948760,915710,915710,0,35379760
지역지원계정,0,0,0,재산수입,지역균형발전특별회계,2022,과학기술정보통신부,0,157749880,248060,157749880,0,157749880,157749880
지역지원계정,0,0,0,경상이전수입,지역균형발전특별회계,2022,과학기술정보통신부,0,0,825510,0,0,0,0
제주특별자치도계정,0,0,0,재산수입,지역균형발전특별회계,2022,과학기술정보통신부,0,0,0,0,0,0,0
제주특별자치도계정,0,0,0,경상이전수입,지역균형발전특별회계,2022,과학기술정보통신부,0,0,0,0,0,0,0
세종특별자치시계정,0,0,0,재산수입,지역균형발전특별회계,2022,과학기술정보통신부,0,0,0,0,0,0,0
세종특별자치시계정,0,0,0,경상이전수입,지역균형발전특별회계,2022,과학기술정보통신부,0,0,0,0,0,0,0
,0,0,0,재산수입,소재부품장비경쟁력강화특별회계,2022,과학기술정보통신부,0,744430,0,744430,0,744430,744430
,0,0,0,경상이전수입,소재부품장비경쟁력강화특별회계,2022,과학기술정보통신부,0,0,0,0,0,0,0
자본계정,220060930,220060930,0,관유물매각대,우편사업특별회계,2022,과학기술정보통신부,220302930,86583500,312519930,86825500,242000,86583500,306886430
자본계정,95042269919,0,95042269919,융자회수금,우편사업특별회계,2022,과학기술정보통신부,0,95042269919,95042269919,0,0,0,95042269919
자본계정,33508534843,0,33508534843,기타수입,우편사업특별회계,2022,과학기술정보통신부,0,39213648943,33558839843,5705114100,0,5705114100,39213648943
손익계정,1179825420,1179825420,0,재산수입,우편사업특별회계,2022,과학기술정보통신부,1577753330,658849340,2206751000,1056777250,397927910,658849340,2236602670
손익계정,5301580040,5301580040,0,경상이전수입,우편사업특별회계,2022,과학기술정보통신부,22859803660,305873340,6409611180,17864096960,17558223620,305873340,23165677000
손익계정,1015624400,0,1015624400,기타수입,우편사업특별회계,2022,과학기술정보통신부,0,1015624400,1045643400,0,0,0,1015624400
자본계정,0,0,0,관유물매각대,우체국예금특별회계,2022,과학기술정보통신부,0,0,0,0,0,0,0
자본계정,0,0,0,기타수입,우체국예금특별회계,2022,과학기술정보통신부,0,0,91960000,0,0,0,0
손익계정,0,0,0,재산수입,우체국예금특별회계,2022,과학기술정보통신부,0,0,0,0,0,0,0
손익계정,3026006120,3026006120,0,경상이전수입,우체국예금특별회계,2022,과학기술정보통신부,3026006120,0,3217411690,0,0,0,3026006120
손익계정,25022160,25022160,0,재산수입,국립중앙과학관,2022,과학기술정보통신부,25022160,20046210,25022160,20046210,0,20046210,45068370
손익계정,180020630,180020630,0,경상이전수입,국립중앙과학관,2022,과학기술정보통신부,180020630,102760,180098430,102760,0,102760,180123390
손익계정,9853030,9853030,0,재화및용역판매수입,국립중앙과학관,2022,과학기술정보통신부,9853030,0,11621550,0,0,0,9853030
손익계정,0,0,0,재산수입,국립과천과학관,2022,과학기술정보통신부,42778490,0,69378240,42778490,42778490,0,42778490
손익계정,26899310,26899310,0,경상이전수입,국립과천과학관,2022,과학기술정보통신부,28002540,0,27043280,1103230,1103230,0,28002540
손익계정,40306910,40306910,0,재화및용역판매수입,국립과천과학관,2022,과학기술정보통신부,40306910,0,40306910,0,0,0,40306910
손익계정,0,0,0,기타수입,국립과천과학관,2022,과학기술정보통신부,0,0,0,0,0,0,0
,0,0,0,재산수입,과학기술진흥기금,2022,과학기술정보통신부,0,0,0,0,0,0,0
,300000000,300000000,0,경상이전수입,과학기술진흥기금,2022,과학기술정보통신부,300000000,0,300000000,0,0,0,300000000
,400000000,0,400000000,융자회수금,과학기술진흥기금,2022,과학기술정보통신부,0,400000000,1900000000,0,0,0,400000000
,10396556791,0,10396556791,예금및예탁금,과학기술진흥기금,2022,과학기술정보통신부,0,24668898100,22306321697,14272341309,0,14272341309,24668898100
,0,0,0,재산수입,정보통신진흥기금,2022,과학기술정보통신부,0,0,0,0,0,0,0
,301393610,301393610,0,경상이전수입,정보통신진흥기금,2022,과학기술정보통신부,301393610,55504110,301393610,55504110,0,55504110,356897720
,58597523070,0,58597523070,융자회수금,정보통신진흥기금,2022,과학기술정보통신부,0,74985523070,94345617940,16388000000,0,16388000000,74985523070
,2673982326,0,2673982326,기타수입,정보통신진흥기금,2022,과학기술정보통신부,0,2689029071,2675944091,15046745,0,15046745,2689029071
,0,0,0,예금및예탁금,정보통신진흥기금,2022,과학기술정보통신부,0,1.90222E+11,2.26352E+11,1.90222E+11,0,1.90222E+11,1.90222E+11
원자력연구개발계정,0,0,0,재산수입,원자력기금,2022,과학기술정보통신부,0,0,0,0,0,0,0
원자력연구개발계정,0,0,0,경상이전수입,원자력기금,2022,과학기술정보통신부,0,0,0,0,0,0,0
원자력연구개발계정,0,0,0,예금및예탁금,원자력기금,2022,과학기술정보통신부,0,2525073716,17219119109,2525073716,0,2525073716,2525073716
원자력안전규제계정,0,0,0,재산수입,원자력기금,2022,과학기술정보통신부,0,0,0,0,0,0,0
원자력안전규제계정,11538000,11538000,0,경상이전수입,원자력기금,2022,과학기술정보통신부,94198630,0,74393950,82660630,82660630,0,94198630
원자력안전규제계정,0,0,0,예금및예탁금,원자력기금,2022,과학기술정보통신부,0,1.10791E+11,64018284598,1.10791E+11,0,1.10791E+11,1.10791E+11
,0,0,0,재산수입,방송통신발전기금,2022,과학기술정보통신부,0,0,0,0,0,0,0
,71514050,71514050,0,경상이전수입,방송통신발전기금,2022,과학기술정보통신부,71514050,36167560,71514050,36167560,0,36167560,107681610
,7060527573,0,7060527573,기타수입,방송통신발전기금,2022,과학기술정보통신부,0,7060527573,7068209573,0,0,0,7060527573
,0,0,0,예금및예탁금,방송통신발전기금,2022,과학기술정보통신부,0,1.5601E+11,1.86645E+11,1.5601E+11,0,1.5601E+11,1.5601E+11
,0,0,0,재산수입,일반회계,2022,대통령경호처,0,0,0,0,0,0,0
,0,0,0,경상이전수입,일반회계,2022,대통령경호처,0,0,0,0,0,0,0
,0,0,0,재화및용역판매수입,일반회계,2022,대통령경호처,0,0,0,0,0,0,0
,0,0,0,기타수입,일반회계,2022,대통령경호처,0,0,100000000,0,0,0,0
