계정명,"세입예산현액과수납액의차	",이체등증감액,회계명,회계연도,불납결손액,미수납액,소관명,수납금액,징수결정금액,세입예산액,세입예산현액
,41901920,0,일반회계,2022,0,0,5·18민주화운동 진상규명조사위원회,41901920,41901920,0,0
,53544920,0,일반회계,2022,0,0,가습기살균제사건과 4·16세월호참사 특별조사위원회,53544920,53544920,0,0
,-152029120,0,일반회계,2022,0,0,감사원,563970880,563970880,716000000,716000000
,456564850,0,일반회계,2022,88980040,1.0192E+11,개인정보보호위원회,3362564850,1.05372E+11,2906000000,2906000000
손익계정,14820120520,0,경찰병원,2022,0,28381050,경찰청,93841120520,93869501570,79021000000,79021000000
자본계정,31069180,0,경찰병원,2022,0,0,경찰청,3594069180,3594069180,3563000000,3563000000
,2.80183E+11,0,일반회계,2022,7850310400,1.16154E+12,경찰청,1.27725E+12,2.44664E+12,9.9707E+11,9.9707E+11
제주특별자치도계정,1074095660,0,국가균형발전특별회계,2022,0,0,고용노동부,1474095660,1474095660,400000000,400000000
지역지원계정,25514217260,0,국가균형발전특별회계,2022,0,3735533550,고용노동부,35114217260,38849750810,9600000000,9600000000
투자계정,243432530,0,에너지및자원사업특별회계,2022,0,538660640,고용노동부,243432530,782093170,0,0
,3.70468E+11,0,일반회계,2022,1832306960,1.41392E+11,고용노동부,5.01529E+11,6.44753E+11,1.31061E+11,1.31061E+11
,142559650,0,일반회계,2022,0,0,고위공직자범죄수사처,142559650,142559650,0,0
,2.82236E+11,0,일반회계,2022,241852010,5.45363E+11,공정거래위원회,6.73669E+11,1.21927E+12,3.91433E+11,3.91433E+11
세종특별자치시계정,37997250,0,국가균형발전특별회계,2022,0,0,과학기술정보통신부,37997250,37997250,0,0
제주특별자치도계정,26639830,0,국가균형발전특별회계,2022,0,0,과학기술정보통신부,26639830,26639830,0,0
지역지원계정,1898048930,0,국가균형발전특별회계,2022,0,157749880,과학기술정보통신부,11177048930,11334798810,9279000000,9279000000
손익계정,-296318640,0,국립과천과학관,2022,0,111087940,과학기술정보통신부,28929681360,29040769300,29226000000,29226000000
자본계정,1153192740,0,국립과천과학관,2022,0,0,과학기술정보통신부,8377192740,8377192740,7224000000,7224000000
손익계정,279799080,0,국립중앙과학관,2022,0,235044790,과학기술정보통신부,30013799080,30248843870,29734000000,29734000000
자본계정,-259302330,0,국립중앙과학관,2022,0,0,과학기술정보통신부,5279697670,5279697670,5539000000,5539000000
,2573208520,0,소재부품장비경쟁력강화특별회계,2022,0,744430,과학기술정보통신부,2573208520,2573952950,0,0
,-24409964520,0,우체국보험특별회계,2022,0,35379760,과학기술정보통신부,1.004E+12,1.00404E+12,1.02841E+12,1.02841E+12
손익계정,-3.38481E+11,0,우체국예금특별회계,2022,191405570,3026006490,과학기술정보통신부,3.85717E+12,3.86039E+12,4.19565E+12,4.19565E+12
자본계정,254703590,0,우체국예금특별회계,2022,0,0,과학기술정보통신부,17280703590,17280703590,17026000000,17026000000
손익계정,-1.01881E+11,0,우편사업특별회계,2022,322659260,25544354380,과학기술정보통신부,4.39404E+12,4.41991E+12,4.49592E+12,4.49592E+12
자본계정,23275235750,0,우편사업특별회계,2022,0,306886430,과학기술정보통신부,1.7222E+11,1.72527E+11,1.48945E+11,1.48945E+11
,46240241190,0,일반회계,2022,77679850,5252040030,과학기술정보통신부,3.72917E+11,3.78247E+11,3.26677E+11,3.26677E+11
,20648559120,0,일반회계,2022,8971279230,5.53253E+11,관세청,58216559120,6.20441E+11,37568000000,37568000000
지역지원계정,-11198836400,0,국가균형발전특별회계,2022,0,0,교육부,6292163600,6292163600,17491000000,17491000000
,63014514960,0,유아교육지원특별회계,2022,0,1001617510,교육부,3.89206E+12,3.89306E+12,3.82905E+12,3.82905E+12
,2.20087E+11,0,일반회계,2022,0,2499756080,교육부,4.28853E+11,4.31352E+11,2.08766E+11,2.08766E+11
제주특별자치도계정,64479480,0,국가균형발전특별회계,2022,0,0,국가보훈처,109479480,109479480,45000000,45000000
투자계정,-16249020,0,에너지및자원사업특별회계,2022,3306000,9222420,국가보훈처,44750980,57279400,61000000,61000000
,-2970757870,0,일반회계,2022,156138670,5484085290,국가보훈처,6227242130,11867466090,9198000000,9198000000
,-2183130,0,일반회계,2022,0,0,국가인권위원회,9816870,9816870,12000000,12000000
,34598964910,0,일반회계,2022,0,0,국가정보원,42317964910,42317964910,7719000000,7719000000
,263499820,0,일반회계,2022,0,0,국무조정실 및 국무총리비서실,286499820,286499820,23000000,23000000
,639726690,0,일반회계,2022,0,400610270,국민권익위원회,1178726690,1579336960,539000000,539000000
,-45607331750,0,국방·군사시설이전특별회계,2022,0,5679282660,국방부,7.20936E+11,7.26615E+11,7.66543E+11,7.66543E+11
,22402996510,0,일반회계,2022,651988880,1.08958E+11,국방부,2.30484E+11,3.40094E+11,2.08081E+11,2.08081E+11
,45934327840,0,주한미군기지이전특별회계,2022,0,1840044000,국방부,8.17569E+11,8.19409E+11,7.71635E+11,7.71635E+11
,-55370696720,0,일반회계,2022,3.10424E+11,4.1936E+12,국세청,4.92821E+11,4.99685E+12,5.48192E+11,5.48192E+11
공항계정,-46293868740,0,교통시설특별회계,2022,0,8916656920,국토교통부,4.42137E+11,4.51054E+11,4.88431E+11,4.88431E+11
교통체계관리계정,61323889700,0,교통시설특별회계,2022,0,7161160,국토교통부,9.87578E+11,9.87585E+11,9.26254E+11,9.26254E+11
도로계정,1.26197E+11,0,교통시설특별회계,2022,783890,1.11212E+11,국토교통부,8.5806E+12,8.69182E+12,8.45441E+12,8.45441E+12
철도계정,66729128200,0,교통시설특별회계,2022,0,6063495900,국토교통부,5.45069E+12,5.45675E+12,5.38396E+12,5.38396E+12
세종특별자치시계정,513585140,0,국가균형발전특별회계,2022,0,0,국토교통부,513585140,513585140,0,0
제주특별자치도계정,-231146160,0,국가균형발전특별회계,2022,0,0,국토교통부,90853840,90853840,322000000,322000000
지역자율계정,84494396420,0,국가균형발전특별회계,2022,7964935930,1.05718E+12,국토교통부,3.1953E+11,1.38468E+12,2.35036E+11,2.35036E+11
지역지원계정,-11067540680,0,국가균형발전특별회계,2022,57025500,2.53658E+11,국토교통부,2.62296E+11,5.16012E+11,2.73364E+11,2.73364E+11
투자계정,-476346600,0,에너지및자원사업특별회계,2022,0,0,국토교통부,290653400,290653400,767000000,767000000
,23992068520,-13733000000,일반회계,2022,1518420,30852462060,국토교통부,1.70501E+11,2.01355E+11,1.60242E+11,1.46509E+11
,-696583600,0,혁신도시건설특별회계,2022,0,0,국토교통부,41731416400,41731416400,42428000000,42428000000
,-398104150,0,일반회계,2022,24688090,225563290,국회,3764895850,4015147230,4163000000,4163000000
,34802127000,0,일반회계,2022,746245500,32763410090,금융위원회,3.16551E+11,3.50061E+11,2.81749E+11,2.81749E+11
,-15726258720,0,일반회계,2022,0,95425840,기상청,5692741280,5788167120,21419000000,21419000000
세종특별자치시계정,6076426840,0,국가균형발전특별회계,2022,0,0,기획재정부,77660426840,77660426840,71584000000,71584000000
제주특별자치도계정,26259245600,0,국가균형발전특별회계,2022,0,0,기획재정부,2.91267E+11,2.91267E+11,2.65008E+11,2.65008E+11
지역자율계정,-33293168600,0,국가균형발전특별회계,2022,0,0,기획재정부,2.55325E+12,2.55325E+12,2.58654E+12,2.58654E+12
지역지원계정,2.8917E+11,0,국가균형발전특별회계,2022,0,0,기획재정부,8.07692E+12,8.07692E+12,7.78775E+12,7.78775E+12
,-3.40205E+12,0,일반회계,2022,1.82896E+12,5.6745E+13,기획재정부,4.84667E+14,5.43241E+14,4.88069E+14,4.88069E+14
제주특별자치도계정,30000000,0,국가균형발전특별회계,2022,0,0,농림축산식품부,30000000,30000000,0,0
지역자율계정,5292320840,0,국가균형발전특별회계,2022,0,496833580,농림축산식품부,18470320840,18967154420,13178000000,13178000000
지역지원계정,-1804203100,0,국가균형발전특별회계,2022,0,0,농림축산식품부,22796900,22796900,1827000000,1827000000
구조개선사업계정,-4.29926E+11,0,농어촌구조개선특별회계,2022,0,4155655710,농림축산식품부,5.23023E+12,5.23438E+12,5.66016E+12,5.66016E+12
농어촌특별세사업계정,7.48316E+11,0,농어촌구조개선특별회계,2022,0,19175205320,농림축산식품부,9.79732E+12,9.8165E+12,9.04901E+12,9.04901E+12
손익계정,39175952260,0,양곡관리특별회계,2022,0,449407190,농림축산식품부,2.227E+12,2.22745E+12,2.18782E+12,2.18782E+12
자본계정,811330,0,양곡관리특별회계,2022,0,0,농림축산식품부,811330,811330,0,0
융자계정,-13373678850,0,에너지및자원사업특별회계,2022,0,0,농림축산식품부,8660321150,8660321150,22034000000,22034000000
투자계정,-17818512830,0,에너지및자원사업특별회계,2022,0,0,농림축산식품부,3096487170,3096487170,20915000000,20915000000
,-11684686110,0,일반회계,2022,7065390,6298031010,농림축산식품부,9025313890,15330410290,20710000000,20710000000
,33163580,0,혁신도시건설특별회계,2022,0,0,농림축산식품부,33163580,33163580,0,0
세종특별자치시계정,-9237180,0,국가균형발전특별회계,2022,0,0,농촌진흥청,2762820,2762820,12000000,12000000
제주특별자치도계정,-96520380,0,국가균형발전특별회계,2022,0,0,농촌진흥청,53479620,53479620,150000000,150000000
지역자율계정,-114470150,0,국가균형발전특별회계,2022,0,0,농촌진흥청,1845529850,1845529850,1960000000,1960000000
지역지원계정,-229271570,0,국가균형발전특별회계,2022,0,0,농촌진흥청,582728430,582728430,812000000,812000000
구조개선사업계정,-789172560,0,농어촌구조개선특별회계,2022,0,0,농촌진흥청,928827440,928827440,1718000000,1718000000
,-1495934820,0,일반회계,2022,0,18227960,농촌진흥청,10166065180,10184293140,11662000000,11662000000
,1148289510,0,혁신도시건설특별회계,2022,0,0,농촌진흥청,2375289510,2375289510,1227000000,1227000000
,11902733480,0,등기특별회계,2022,0,20139170,대법원,3.17306E+11,3.17326E+11,3.05403E+11,3.05403E+11
,-77949502570,0,일반회계,2022,0,1481266800,대법원,4.06097E+11,4.07579E+11,4.84047E+11,4.84047E+11
,258024450,0,일반회계,2022,0,0,대통령경호처,333024450,333024450,75000000,75000000
,367949280,0,일반회계,2022,0,10477970,대통령비서실 및 국가안보실,664949280,675427250,297000000,297000000
지역자율계정,131961550,0,국가균형발전특별회계,2022,0,363656690,문화재청,131961550,495618240,0,0
,-8770979620,0,일반회계,2022,75256280,15480946260,문화재청,46204020380,61760222920,54975000000,54975000000
세종특별자치시계정,992762330,0,국가균형발전특별회계,2022,0,2742750,문화체육관광부,998762330,1001505080,6000000,6000000
제주특별자치도계정,917495740,0,국가균형발전특별회계,2022,0,0,문화체육관광부,919495740,919495740,2000000,2000000
지역자율계정,7195668840,0,국가균형발전특별회계,2022,0,8599734260,문화체육관광부,19713668840,28313403100,12518000000,12518000000
지역지원계정,5996791820,0,국가균형발전특별회계,2022,0,5660835420,문화체육관광부,15322791820,20983627240,9326000000,9326000000
,27143303960,0,아시아문화중심도시조성특별회계,2022,0,81116780,문화체육관광부,1.68385E+11,1.68466E+11,1.41242E+11,1.41242E+11
,1.38397E+11,0,일반회계,2022,0,15430989550,문화체육관광부,1.9891E+11,2.14341E+11,60513000000,60513000000
,7112110,0,일반회계,2022,0,11909970,민주평화통일자문회의,12112110,24022080,5000000,5000000
,-8760152050,0,일반회계,2022,12606879650,80168651680,방송통신위원회,22348847950,1.15124E+11,31109000000,31109000000
,-81274091500,0,일반회계,2022,0,5.69371E+11,방위사업청,2.42061E+11,8.11431E+11,3.23335E+11,3.23335E+11
,-3541550860,0,교도작업특별회계,2022,0,208756480,법무부,1.18032E+11,1.18241E+11,1.21574E+11,1.21574E+11
,-60662555000,0,일반회계,2022,779240,14836574960,법무부,1.29509E+12,1.30993E+12,1.35576E+12,1.35576E+12
,289117610,0,일반회계,2022,0,0,법제처,289117610,289117610,0,0
,181439740,0,일반회계,2022,0,47500000,병무청,483439740,530939740,302000000,302000000
지역지원계정,39275639730,0,국가균형발전특별회계,2022,0,29387522410,보건복지부,56775639730,86163162140,17500000000,17500000000
손익계정,4030288180,0,국립공주병원,2022,0,308717350,보건복지부,20429288180,20738005530,16399000000,16399000000
자본계정,127737210,0,국립공주병원,2022,0,0,보건복지부,1250737210,1250737210,1123000000,1123000000
손익계정,1377223000,0,국립나주병원,2022,0,902456220,보건복지부,23135223000,24037679220,21758000000,21758000000
자본계정,371564710,0,국립나주병원,2022,0,0,보건복지부,1912564710,1912564710,1541000000,1541000000
손익계정,2221028950,0,국립부곡병원,2022,0,554803800,보건복지부,22199028950,22753832750,19978000000,19978000000
자본계정,247845720,0,국립부곡병원,2022,0,0,보건복지부,1703845720,1703845720,1456000000,1456000000
손익계정,3391699050,0,국립재활원,2022,0,666367830,보건복지부,58175699050,58842066880,54784000000,54784000000
자본계정,290336270,0,국립재활원,2022,0,0,보건복지부,3191336270,3191336270,2901000000,2901000000
손익계정,8253633430,0,국립정신건강센터,2022,0,735033630,보건복지부,52417633430,53152667060,44164000000,44164000000
자본계정,6698190,0,국립정신건강센터,2022,0,0,보건복지부,1294698190,1294698190,1288000000,1288000000
손익계정,3706741290,0,국립춘천병원,2022,0,471698260,보건복지부,18680741290,19152439550,14974000000,14974000000
자본계정,186073320,0,국립춘천병원,2022,0,0,보건복지부,1432073320,1432073320,1246000000,1246000000
농어촌특별세사업계정,399066740,0,농어촌구조개선특별회계,2022,0,1663860490,보건복지부,1215066740,2878927230,816000000,816000000
투자계정,4275130,0,에너지및자원사업특별회계,2022,0,2116002210,보건복지부,4275130,2120277340,0,0
,4.68024E+11,0,일반회계,2022,10996179260,4.00653E+11,보건복지부,9.81102E+11,1.39275E+12,5.13078E+11,5.13078E+11
제주특별자치도계정,42009100,0,국가균형발전특별회계,2022,0,0,산림청,42009100,42009100,0,0
지역자율계정,2135168170,0,국가균형발전특별회계,2022,0,229040480,산림청,2135168170,2364208650,0,0
지역지원계정,3320970,0,국가균형발전특별회계,2022,0,0,산림청,3320970,3320970,0,0
손익계정,5114498690,0,국립자연휴양림관리소,2022,0,2160998560,산림청,39072498690,41233497250,33958000000,33958000000
자본계정,3500944040,0,국립자연휴양림관리소,2022,0,0,산림청,30834944040,30834944040,27334000000,27334000000
임업진흥사업계정,1.75076E+11,0,농어촌구조개선특별회계,2022,23365600,67913611710,산림청,1.11223E+12,1.18017E+12,9.37154E+11,9.37154E+11
투자계정,11507164950,0,에너지및자원사업특별회계,2022,0,813840180,산림청,11507164950,12321005130,0,0
,-13440846630,0,일반회계,2022,112633330,19324249400,산림청,80691153370,1.00128E+11,94132000000,94132000000
세종특별자치시계정,113239130,0,국가균형발전특별회계,2022,0,0,산업통상자원부,113239130,113239130,0,0
지역자율계정,956678670,0,국가균형발전특별회계,2022,0,309020,산업통상자원부,956678670,956987690,0,0
지역지원계정,-29893498180,0,국가균형발전특별회계,2022,0,4238345050,산업통상자원부,54037501820,58275846870,83931000000,83931000000
,38385357340,0,소재부품장비경쟁력강화특별회계,2022,0,0,산업통상자원부,2.43476E+12,2.43476E+12,2.39637E+12,2.39637E+12
융자계정,-49639533100,0,에너지및자원사업특별회계,2022,0,0,산업통상자원부,5.32576E+11,5.32576E+11,5.82216E+11,5.82216E+11
투자계정,1.22155E+11,0,에너지및자원사업특별회계,2022,0,14329426030,산업통상자원부,4.65002E+12,4.66435E+12,4.52787E+12,4.52787E+12
,-38646677600,0,일반회계,2022,0,15587344610,산업통상자원부,1.71394E+11,1.86982E+11,2.10041E+11,2.10041E+11
지역지원계정,120846460,0,국가균형발전특별회계,2022,0,0,새만금개발청,186846460,186846460,66000000,66000000
,1896236080,0,일반회계,2022,0,3895407960,새만금개발청,9733236080,13628644040,7837000000,7837000000
,-103943490,0,일반회계,2022,0,156359630,소방청,3475056510,3631416140,3579000000,3579000000
제주특별자치도계정,3718670,0,국가균형발전특별회계,2022,0,0,식품의약품안전처,3718670,3718670,0,0
지역지원계정,190009350,0,국가균형발전특별회계,2022,0,944980,식품의약품안전처,190009350,190954330,0,0
구조개선사업계정,-3500000,0,농어촌구조개선특별회계,2022,0,0,식품의약품안전처,6500000,6500000,10000000,10000000
,-15642839010,0,일반회계,2022,1770000,6684096800,식품의약품안전처,34492160990,41178027790,50135000000,50135000000
세종특별자치시계정,38409310,0,국가균형발전특별회계,2022,0,0,여성가족부,38409310,38409310,0,0
지역자율계정,431439910,0,국가균형발전특별회계,2022,0,1025841760,여성가족부,431439910,1457281670,0,0
지역지원계정,1172512210,0,국가균형발전특별회계,2022,0,0,여성가족부,1172512210,1172512210,0,0
,19391325900,0,일반회계,2022,0,2926933980,여성가족부,32883325900,35810259880,13492000000,13492000000
,59641632660,0,일반회계,2022,0,485230300,외교부,2.916E+11,2.92085E+11,2.31958E+11,2.31958E+11
,1274452620,0,일반회계,2022,0,134323650,원자력안전위원회,2951452620,3085776270,1677000000,1677000000
,279209050,0,일반회계,2022,0,187837090,인사혁신처,60847209050,61035046140,60568000000,60568000000
손익계정,65320146520,0,조달특별회계,2022,0,62242628550,조달청,3.9573E+11,4.57973E+11,3.3041E+11,3.3041E+11
자본계정,13763146650,0,조달특별회계,2022,0,0,조달청,1.7734E+11,1.7734E+11,1.63577E+11,1.63577E+11
세종특별자치시계정,23969040,0,국가균형발전특별회계,2022,0,0,중소벤처기업부,23969040,23969040,0,0
제주특별자치도계정,55919340,0,국가균형발전특별회계,2022,0,0,중소벤처기업부,55919340,55919340,0,0
지역자율계정,162212310,0,국가균형발전특별회계,2022,0,67773830,중소벤처기업부,162212310,229986140,0,0
지역지원계정,-9203484360,0,국가균형발전특별회계,2022,0,0,중소벤처기업부,12078515640,12078515640,21282000000,21282000000
,635332510,0,소재부품장비경쟁력강화특별회계,2022,0,0,중소벤처기업부,635332510,635332510,0,0
,-2430356450,0,일반회계,2022,0,1699265710,중소벤처기업부,1.60942E+11,1.62641E+11,1.63372E+11,1.63372E+11
,2644041220,0,일반회계,2022,73605000,1346655770,중앙선거관리위원회,6679041220,8099301990,4035000000,4035000000
,23660,0,일반회계,2022,0,0,진실·화해를위한과거사정리위원회,23660,23660,0,0
손익계정,5937977750,0,국립마산병원,2022,0,566946620,질병관리청,20214977750,20781924370,14277000000,14277000000
자본계정,132462080,0,국립마산병원,2022,0,0,질병관리청,6439462080,6439462080,6307000000,6307000000
손익계정,387382760,0,국립목포병원,2022,0,209740900,질병관리청,11566382760,11776123660,11179000000,11179000000
자본계정,941951270,0,국립목포병원,2022,0,0,질병관리청,2857951270,2857951270,1916000000,1916000000
,1.50118E+11,0,일반회계,2022,3383760,60301922790,질병관리청,1.55697E+11,2.16002E+11,5579000000,5579000000
,2806931900,0,일반회계,2022,52163720,10388010,통계청,6260931900,6323483630,3454000000,3454000000
,1066410810,0,일반회계,2022,0,170751230,통일부,2739410810,2910162040,1673000000,1673000000
손익계정,48275884300,0,특허청,2022,0,0,특허청,7.0381E+11,7.0381E+11,6.55534E+11,6.55534E+11
자본계정,675811470,0,특허청,2022,0,0,특허청,1.39729E+11,1.39729E+11,1.39053E+11,1.39053E+11
,-1216986970,0,일반회계,2022,42013120,2401923530,해양경찰청,4027013030,6470949680,5244000000,5244000000
항만계정,75752653700,0,교통시설특별회계,2022,0,24044015390,해양수산부,1.52639E+12,1.55044E+12,1.45064E+12,1.45064E+12
제주특별자치도계정,-4481000000,0,국가균형발전특별회계,2022,0,0,해양수산부,0,0,4481000000,4481000000
지역자율계정,-1896360610,0,국가균형발전특별회계,2022,0,1262449310,해양수산부,5144639390,6407088700,7041000000,7041000000
지역지원계정,-2547632940,0,국가균형발전특별회계,2022,0,630984410,해양수산부,435367060,1066351470,2983000000,2983000000
구조개선사업계정,17980058340,0,농어촌구조개선특별회계,2022,0,7421274140,해양수산부,40223058340,47644332480,22243000000,22243000000
농어촌특별세사업계정,8602353780,0,농어촌구조개선특별회계,2022,0,3531303120,해양수산부,15108353780,18639656900,6506000000,6506000000
투자계정,-1434265100,0,에너지및자원사업특별회계,2022,0,1746447180,해양수산부,2407734900,4154182080,3842000000,3842000000
,-12049766050,0,일반회계,2022,0,5087316190,해양수산부,37042233950,42129550140,49092000000,49092000000
제주특별자치도계정,2155170,0,국가균형발전특별회계,2022,0,0,행정안전부,2155170,2155170,0,0
지역자율계정,-1376131070,0,국가균형발전특별회계,2022,0,19025920,행정안전부,498868930,517894850,1875000000,1875000000
지역지원계정,7056538770,0,국가균형발전특별회계,2022,0,2161543190,행정안전부,10483538770,12645081960,3427000000,3427000000
,2.16097E+11,0,일반회계,2022,0,82999352610,행정안전부,2.77215E+11,3.60214E+11,61118000000,61118000000
,23105493120,0,행정중심복합도시건설특별회계,2022,0,121908070,행정중심복합도시건설청,4.28307E+11,4.28429E+11,4.05202E+11,4.05202E+11
,-434586990,0,일반회계,2022,0,0,헌법재판소,45413010,45413010,480000000,480000000
세종특별자치시계정,280950230,0,국가균형발전특별회계,2022,0,7542790,환경부,280950230,288493020,0,0
제주특별자치도계정,15691320,0,국가균형발전특별회계,2022,0,0,환경부,15691320,15691320,0,0
지역자율계정,13741092320,0,국가균형발전특별회계,2022,0,506906610,환경부,15241092320,15747998930,1500000000,1500000000
지역지원계정,1435418860,0,국가균형발전특별회계,2022,0,6039930,환경부,1684418860,1690458790,249000000,249000000
농어촌특별세사업계정,3313302360,0,농어촌구조개선특별회계,2022,0,0,환경부,3813302360,3813302360,500000000,500000000
투자계정,1.07365E+11,0,에너지및자원사업특별회계,2022,0,7512524680,환경부,1.20175E+11,1.27688E+11,12810000000,12810000000
,45175656590,13733000000,일반회계,2022,0,11042196360,환경부,62093656590,73135852950,3185000000,16918000000
,4.34646E+11,0,환경개선특별회계,2022,22164845680,7.16319E+11,환경부,7.17611E+12,7.91459E+12,6.74146E+12,6.74146E+12
,7905560,0,일반회계,2021,0,0,가습기살균제사건과 4·16세월호참사 특별조사위원회,7905560,7905560,0,0
,117518920,0,일반회계,2021,0,0,감사원,726518920,726518920,609000000,609000000
,11742378270,0,일반회계,2021,0,1954297650,개인정보보호위원회,16026378270,17980675920,4284000000,4284000000
손익계정,18425713870,0,경찰병원,2021,1170640,22959500,경찰청,98200713870,98224844010,79775000000,79775000000
자본계정,186600320,0,경찰병원,2021,0,0,경찰청,3104600320,3104600320,2918000000,2918000000
,1.34509E+11,0,일반회계,2021,5080457350,1.05038E+12,경찰청,9.98434E+11,2.05389E+12,8.63925E+11,8.63925E+11
제주특별자치도계정,617956320,0,국가균형발전특별회계,2021,0,0,고용노동부,617956320,617956320,0,0
지역지원계정,15920971160,0,국가균형발전특별회계,2021,0,6242957870,고용노동부,15920971160,22163929030,0,0
투자계정,-198814690,0,에너지및자원사업특별회계,2021,0,598002600,고용노동부,162185310,760187910,361000000,361000000
,2.53584E+11,0,일반회계,2021,2563803800,1.28572E+11,고용노동부,3.39545E+11,4.70681E+11,85961000000,85961000000
,2811980,0,일반회계,2021,0,0,고위공직자범죄수사처,2811980,2811980,0,0
,3.88126E+11,0,일반회계,2021,361400000,5.39841E+11,공정거래위원회,7.90844E+11,1.33105E+12,4.02718E+11,4.02718E+11
세종특별자치시계정,27661010,0,국가균형발전특별회계,2021,0,0,과학기술정보통신부,27661010,27661010,0,0
제주특별자치도계정,34747210,0,국가균형발전특별회계,2021,0,0,과학기술정보통신부,34747210,34747210,0,0
지역지원계정,3170387290,0,국가균형발전특별회계,2021,0,1073570,과학기술정보통신부,12228387290,12229460860,9058000000,9058000000
손익계정,-5023242380,0,국립과천과학관,2021,0,136728430,과학기술정보통신부,24555757620,24692486050,29579000000,29579000000
자본계정,1322323480,0,국립과천과학관,2021,0,0,과학기술정보통신부,7893323480,7893323480,6571000000,6571000000
손익계정,42406060,0,국립중앙과학관,2021,0,216742140,과학기술정보통신부,27923406060,28140148200,27881000000,27881000000
자본계정,7950083390,0,국립중앙과학관,2021,0,0,과학기술정보통신부,16147083390,16147083390,8197000000,8197000000
,20101959660,0,소재부품장비경쟁력강화특별회계,2021,0,0,과학기술정보통신부,20101959660,20101959660,0,0
,-5600818130,0,우체국보험특별회계,2021,0,34964480,과학기술정보통신부,1.00167E+12,1.0017E+12,1.00727E+12,1.00727E+12
손익계정,7.94896E+11,0,우체국예금특별회계,2021,0,3217618890,과학기술정보통신부,3.95383E+12,3.95705E+12,3.15893E+12,3.15893E+12
자본계정,1174764720,0,우체국예금특별회계,2021,0,0,과학기술정보통신부,8975764720,8975764720,7801000000,7801000000
손익계정,-1.01047E+11,0,우편사업특별회계,2021,7707210,9094688990,과학기술정보통신부,4.2743E+12,4.2834E+12,4.37535E+12,4.37535E+12
자본계정,31019818010,0,우편사업특별회계,2021,0,312519930,과학기술정보통신부,1.92876E+11,1.93188E+11,1.61856E+11,1.61856E+11
,53862344690,0,일반회계,2021,92088820,3202650400,과학기술정보통신부,3.84121E+11,3.87416E+11,3.30259E+11,3.30259E+11
,11429800,0,혁신도시건설특별회계,2021,0,0,과학기술정보통신부,11429800,11429800,0,0
,-42691219790,0,일반회계,2021,4927224780,4.98942E+11,관세청,38601780210,5.42471E+11,81293000000,81293000000
지역지원계정,-4474369000,0,국가균형발전특별회계,2021,0,0,교육부,9993631000,9993631000,14468000000,14468000000
,1.70663E+11,0,유아교육지원특별회계,2021,0,0,교육부,4.08743E+12,4.08743E+12,3.91677E+12,3.91677E+12
,1.35005E+11,0,일반회계,2021,16046530,2173738930,교육부,3.76423E+11,3.78612E+11,2.41418E+11,2.41418E+11
제주특별자치도계정,30478350,0,국가균형발전특별회계,2021,0,0,국가보훈처,75478350,75478350,45000000,45000000
투자계정,-17389970,0,에너지및자원사업특별회계,2021,0,17100710,국가보훈처,43610030,60710740,61000000,61000000
,-4800544190,0,일반회계,2021,193689730,6140396230,국가보훈처,4019455810,10353541770,8820000000,8820000000
,-73006800,0,일반회계,2021,0,0,국가인권위원회,28993200,28993200,102000000,102000000
,16508609490,0,일반회계,2021,0,0,국가정보원,19393550490,19393550490,2884941000,2884941000
,362870600,0,일반회계,2021,0,0,국무조정실 및 국무총리비서실,362870600,362870600,0,0
,-43875200,0,일반회계,2021,0,532055900,국민권익위원회,435124800,967180700,479000000,479000000
,-3.55726E+11,0,국방·군사시설이전특별회계,2021,0,4505458970,국방부,6.49988E+11,6.54493E+11,1.00571E+12,1.00571E+12
,13008580380,0,일반회계,2021,274865100,1.03536E+11,국방부,2.56957E+11,3.60768E+11,2.43948E+11,2.43948E+11
,30778557290,0,주한미군기지이전특별회계,2021,563497780,40513371080,국방부,7.70533E+11,8.11609E+11,7.39754E+11,7.39754E+11
,44029647200,0,일반회계,2021,5.48048E+11,4.15706E+12,국세청,7.37987E+11,5.4431E+12,6.93957E+11,6.93957E+11
공항계정,-1.44492E+11,0,교통시설특별회계,2021,0,12874708770,국토교통부,3.18071E+11,3.30945E+11,4.62563E+11,4.62563E+11
교통체계관리계정,57384999360,0,교통시설특별회계,2021,0,0,국토교통부,7.17993E+11,7.17993E+11,6.60608E+11,6.60608E+11
도로계정,13239796190,0,교통시설특별회계,2021,12708530,1.15316E+11,국토교통부,1.2924E+13,1.30393E+13,1.29107E+13,1.29107E+13
철도계정,-58315014650,0,교통시설특별회계,2021,0,5308684940,국토교통부,5.31928E+12,5.32459E+12,5.37759E+12,5.37759E+12
세종특별자치시계정,467468250,0,국가균형발전특별회계,2021,0,0,국토교통부,467468250,467468250,0,0
제주특별자치도계정,-968888210,0,국가균형발전특별회계,2021,0,0,국토교통부,32111790,32111790,1001000000,1001000000
지역자율계정,43652066730,0,국가균형발전특별회계,2021,7631680390,8.59687E+11,국토교통부,2.74737E+11,1.14206E+12,2.31085E+11,2.31085E+11
지역지원계정,44344319680,0,국가균형발전특별회계,2021,180390,1.81518E+11,국토교통부,3.52222E+11,5.3374E+11,3.07878E+11,3.07878E+11
투자계정,663176450,0,에너지및자원사업특별회계,2021,0,0,국토교통부,1430176450,1430176450,767000000,767000000
,-38793109210,0,일반회계,2021,0,34775571250,국토교통부,1.32598E+11,1.67373E+11,1.71391E+11,1.71391E+11
,4139493850,0,혁신도시건설특별회계,2021,0,0,국토교통부,3.75387E+11,3.75387E+11,3.71248E+11,3.71248E+11
,-457812830,0,일반회계,2021,10808200,365114320,국회,3230187170,3606109690,3688000000,3688000000
,10052599730,0,일반회계,2021,529495500,29003744260,금융위원회,2.58122E+11,2.87655E+11,2.48069E+11,2.48069E+11
,-5283952980,0,일반회계,2021,0,13567650,기상청,17439047020,17452614670,22723000000,22723000000
세종특별자치시계정,-299513720,0,국가균형발전특별회계,2021,0,0,기획재정부,72479486280,72479486280,72779000000,72779000000
제주특별자치도계정,31023439450,0,국가균형발전특별회계,2021,0,0,기획재정부,2.39375E+11,2.39375E+11,2.08352E+11,2.08352E+11
지역자율계정,-1.84041E+11,0,국가균형발전특별회계,2021,0,0,기획재정부,2.3849E+12,2.3849E+12,2.56894E+12,2.56894E+12
지역지원계정,-1.60953E+11,0,국가균형발전특별회계,2021,0,0,기획재정부,6.88879E+12,6.88879E+12,7.04974E+12,7.04974E+12
,1.36104E+13,0,일반회계,2021,4.36944E+12,5.11133E+13,기획재정부,4.3007E+14,4.85553E+14,4.1646E+14,4.1646E+14
제주특별자치도계정,305108300,0,국가균형발전특별회계,2021,0,0,농림축산식품부,305108300,305108300,0,0
지역자율계정,6725659200,0,국가균형발전특별회계,2021,0,678479000,농림축산식품부,23888659200,24567138200,17163000000,17163000000
지역지원계정,-3379027270,0,국가균형발전특별회계,2021,0,0,농림축산식품부,1220972730,1220972730,4600000000,4600000000
구조개선사업계정,17997593200,0,농어촌구조개선특별회계,2021,0,4020236590,농림축산식품부,5.59946E+12,5.60348E+12,5.58146E+12,5.58146E+12
농어촌특별세사업계정,2.48792E+12,0,농어촌구조개선특별회계,2021,0,346139600,농림축산식품부,1.13902E+13,1.13906E+13,8.90233E+12,8.90233E+12
손익계정,7.28524E+11,0,양곡관리특별회계,2021,0,92548490,농림축산식품부,2.78586E+12,2.78595E+12,2.05733E+12,2.05733E+12
자본계정,811330,0,양곡관리특별회계,2021,0,0,농림축산식품부,811330,811330,0,0
융자계정,-11333175420,0,에너지및자원사업특별회계,2021,0,0,농림축산식품부,10680824580,10680824580,22014000000,22014000000
투자계정,-7008701540,0,에너지및자원사업특별회계,2021,0,0,농림축산식품부,13909298460,13909298460,20918000000,20918000000
,-14820778190,0,일반회계,2021,0,6763486450,농림축산식품부,6089221810,12852708260,20910000000,20910000000
,45403240,0,혁신도시건설특별회계,2021,0,0,농림축산식품부,45403240,45403240,0,0
세종특별자치시계정,20429260,0,국가균형발전특별회계,2021,0,0,농촌진흥청,20429260,20429260,0,0
제주특별자치도계정,66853700,0,국가균형발전특별회계,2021,0,0,농촌진흥청,66853700,66853700,0,0
지역자율계정,696785100,0,국가균형발전특별회계,2021,0,0,농촌진흥청,1396785100,1396785100,700000000,700000000
지역지원계정,-54049180,0,국가균형발전특별회계,2021,0,0,농촌진흥청,445950820,445950820,500000000,500000000
구조개선사업계정,-528247920,0,농어촌구조개선특별회계,2021,0,0,농촌진흥청,1189752080,1189752080,1718000000,1718000000
,4403501160,0,일반회계,2021,0,31742990,농촌진흥청,13918501160,13950244150,9515000000,9515000000
,1230722530,0,혁신도시건설특별회계,2021,0,0,농촌진흥청,1230722530,1230722530,0,0
,-5346456980,0,등기특별회계,2021,0,18711400,대법원,3.53446E+11,3.53464E+11,3.58792E+11,3.58792E+11
,-1.94722E+11,0,일반회계,2021,0,1509947120,대법원,4.3468E+11,4.3619E+11,6.29402E+11,6.29402E+11
,40657220,0,일반회계,2021,0,0,대통령경호처,120657220,120657220,80000000,80000000
,459178850,0,일반회계,2021,0,22000000,대통령비서실 및 국가안보실,702178850,724178850,243000000,243000000
지역자율계정,2253433080,0,국가균형발전특별회계,2021,0,13255430,문화재청,2253433080,2266688510,0,0
지역지원계정,15697630,0,국가균형발전특별회계,2021,0,0,문화재청,15697630,15697630,0,0
,-3670403700,0,일반회계,2021,12550510,8515839850,문화재청,41115596300,49643986660,44786000000,44786000000
세종특별자치시계정,134240,0,국가균형발전특별회계,2021,0,0,문화체육관광부,6134240,6134240,6000000,6000000
제주특별자치도계정,76035430,0,국가균형발전특별회계,2021,0,0,문화체육관광부,77035430,77035430,1000000,1000000
지역자율계정,6434844180,0,국가균형발전특별회계,2021,0,5697176570,문화체육관광부,19436844180,25134020750,13002000000,13002000000
지역지원계정,-8222942610,0,국가균형발전특별회계,2021,0,14090482480,문화체육관광부,1103057390,15193539870,9326000000,9326000000
,16035289420,0,아시아문화중심도시조성특별회계,2021,0,130676360,문화체육관광부,1.60308E+11,1.60439E+11,1.44273E+11,1.44273E+11
,6606936140,0,일반회계,2021,0,25027869310,문화체육관광부,67664936140,92692805450,61058000000,61058000000
,9172000,0,일반회계,2021,0,11909970,민주평화통일자문회의,15172000,27081970,6000000,6000000
,-33045455930,0,일반회계,2021,0,93643745730,방송통신위원회,2204544070,95848289800,35250000000,35250000000
,-1.81238E+11,0,일반회계,2021,0,6.62838E+11,방위사업청,2.71641E+11,9.34478E+11,4.52879E+11,4.52879E+11
,-24002165820,0,교도작업특별회계,2021,0,225851820,법무부,1.1437E+11,1.14596E+11,1.38372E+11,1.38372E+11
,-6.59265E+11,0,일반회계,2021,156371320,15154310600,법무부,1.27136E+12,1.28667E+12,1.93062E+12,1.93062E+12
,83472390,0,일반회계,2021,0,0,법제처,83472390,83472390,0,0
,-1209317810,0,일반회계,2021,14362150,47500000,병무청,316682190,378544340,1526000000,1526000000
지역자율계정,1864321610,0,국가균형발전특별회계,2021,0,0,보건복지부,1864321610,1864321610,0,0
지역지원계정,36509526140,0,국가균형발전특별회계,2021,0,32441210560,보건복지부,36509526140,68950736700,0,0
손익계정,1006859890,0,국립공주병원,2021,0,266600970,보건복지부,17361859890,17628460860,16355000000,16355000000
자본계정,27601770,0,국립공주병원,2021,0,0,보건복지부,1107601770,1107601770,1080000000,1080000000
손익계정,640002500,0,국립나주병원,2021,0,660000000,보건복지부,22010002500,22670002500,21370000000,21370000000
자본계정,47380430,0,국립나주병원,2021,0,0,보건복지부,1611380430,1611380430,1564000000,1564000000
손익계정,1179566690,0,국립부곡병원,2021,0,487366300,보건복지부,21007566690,21494932990,19828000000,19828000000
자본계정,131905190,0,국립부곡병원,2021,0,0,보건복지부,1583905190,1583905190,1452000000,1452000000
손익계정,4691950370,0,국립재활원,2021,17616710,38683240,보건복지부,55915950370,55972250320,51224000000,51224000000
자본계정,9045753210,0,국립재활원,2021,0,0,보건복지부,11165753210,11165753210,2120000000,2120000000
손익계정,13539815210,0,국립정신건강센터,2021,0,1547921140,보건복지부,55671815210,57219736350,42132000000,42132000000
자본계정,27940510,0,국립정신건강센터,2021,0,0,보건복지부,1305940510,1305940510,1278000000,1278000000
손익계정,2271603320,0,국립춘천병원,2021,0,387160540,보건복지부,17097603320,17484763860,14826000000,14826000000
자본계정,363200810,0,국립춘천병원,2021,0,0,보건복지부,1607200810,1607200810,1244000000,1244000000
농어촌특별세사업계정,825943910,0,농어촌구조개선특별회계,2021,0,459125750,보건복지부,1661943910,2121069660,836000000,836000000
투자계정,3282420,0,에너지및자원사업특별회계,2021,0,2120277340,보건복지부,3282420,2123559760,0,0
,2.61099E+11,0,일반회계,2021,8373505800,4.43176E+11,보건복지부,7.73965E+11,1.22551E+12,5.12866E+11,5.12866E+11
제주특별자치도계정,24330910,0,국가균형발전특별회계,2021,0,0,산림청,24330910,24330910,0,0
지역자율계정,4540577900,0,국가균형발전특별회계,2021,0,572880110,산림청,4540577900,5113458010,0,0
손익계정,197332470,0,국립자연휴양림관리소,2021,0,0,산림청,32437332470,32437332470,32240000000,32240000000
자본계정,811615880,0,국립자연휴양림관리소,2021,0,0,산림청,34930615880,34930615880,34119000000,34119000000
임업진흥사업계정,76758937010,0,농어촌구조개선특별회계,2021,0,55879938680,산림청,9.33105E+11,9.88985E+11,8.56346E+11,8.56346E+11
투자계정,3887933760,0,에너지및자원사업특별회계,2021,0,5347562660,산림청,3887933760,9235496420,0,0
,34949458760,0,일반회계,2021,347678570,27198749600,산림청,1.23724E+11,1.51271E+11,88775000000,88775000000
세종특별자치시계정,1928017570,0,국가균형발전특별회계,2021,0,0,산업통상자원부,1928017570,1928017570,0,0
지역자율계정,663251000,0,국가균형발전특별회계,2021,0,10804490,산업통상자원부,663251000,674055490,0,0
지역지원계정,-33221153980,0,국가균형발전특별회계,2021,0,334165730,산업통상자원부,76470846020,76805011750,1.09692E+11,1.09692E+11
,-8650021990,0,소재부품장비경쟁력강화특별회계,2021,0,126961850,산업통상자원부,2.54547E+12,2.5456E+12,2.55412E+12,2.55412E+12
융자계정,-2.60848E+11,0,에너지및자원사업특별회계,2021,0,0,산업통상자원부,6.01671E+11,6.01671E+11,8.62519E+11,8.62519E+11
투자계정,18684391440,0,에너지및자원사업특별회계,2021,0,4786736260,산업통상자원부,4.72214E+12,4.72693E+12,4.70346E+12,4.70346E+12
,-48941140650,0,일반회계,2021,0,11346202470,산업통상자원부,1.60293E+11,1.71639E+11,2.09234E+11,2.09234E+11
지역자율계정,457940,0,국가균형발전특별회계,2021,0,0,새만금개발청,457940,457940,0,0
지역지원계정,-160859900,0,국가균형발전특별회계,2021,0,0,새만금개발청,15140100,15140100,176000000,176000000
,-650403190,0,일반회계,2021,0,4085237430,새만금개발청,4563596810,8648834240,5214000000,5214000000
,972805500,0,일반회계,2021,0,755631840,소방청,3812805500,4568437340,2840000000,2840000000
제주특별자치도계정,2235550,0,국가균형발전특별회계,2021,0,0,식품의약품안전처,2235550,2235550,0,0
지역지원계정,57628410,0,국가균형발전특별회계,2021,0,0,식품의약품안전처,57628410,57628410,0,0
구조개선사업계정,21190820,0,농어촌구조개선특별회계,2021,0,0,식품의약품안전처,31190820,31190820,10000000,10000000
,5893353160,0,일반회계,2021,11181000,4640169770,식품의약품안전처,37945353160,42596703930,32052000000,32052000000
지역자율계정,1668130110,0,국가균형발전특별회계,2021,0,1374686950,여성가족부,1668130110,3042817060,0,0
지역지원계정,629040,0,국가균형발전특별회계,2021,0,0,여성가족부,629040,629040,0,0
,33881822020,0,일반회계,2021,0,9638513260,여성가족부,44598822020,54237335280,10717000000,10717000000
,-1.48925E+11,0,일반회계,2021,0,605453660,외교부,49269053580,49874507240,1.98194E+11,1.98194E+11
,-204888720,0,일반회계,2021,0,56000000,원자력안전위원회,1472111280,1528111280,1677000000,1677000000
,-216854020,0,일반회계,2021,0,92584870,인사혁신처,68111145980,68203730850,68328000000,68328000000
손익계정,26709799020,0,조달특별회계,2021,0,59114636160,조달청,3.45515E+11,4.04629E+11,3.18805E+11,3.18805E+11
자본계정,20974554120,0,조달특별회계,2021,0,0,조달청,1.66441E+11,1.66441E+11,1.45466E+11,1.45466E+11
세종특별자치시계정,5126130,0,국가균형발전특별회계,2021,0,0,중소벤처기업부,5126130,5126130,0,0
제주특별자치도계정,35911220,0,국가균형발전특별회계,2021,0,0,중소벤처기업부,35911220,35911220,0,0
지역자율계정,1411087870,0,국가균형발전특별회계,2021,0,229986140,중소벤처기업부,2261087870,2491074010,850000000,850000000
지역지원계정,-5161099920,0,국가균형발전특별회계,2021,0,0,중소벤처기업부,15978900080,15978900080,21140000000,21140000000
,238335030,0,소재부품장비경쟁력강화특별회계,2021,0,0,중소벤처기업부,238335030,238335030,0,0
,20197779570,0,일반회계,2021,0,1247315980,중소벤처기업부,1.53631E+11,1.54878E+11,1.33433E+11,1.33433E+11
,-392470430,0,일반회계,2021,10259460,1657184160,중앙선거관리위원회,1144529570,2811973190,1537000000,1537000000
손익계정,5694318270,0,국립마산병원,2021,0,1275949090,질병관리청,20198318270,21474267360,14504000000,14504000000
자본계정,614770,0,국립마산병원,2021,0,0,질병관리청,6187614770,6187614770,6187000000,6187000000
손익계정,2161787880,0,국립목포병원,2021,0,466552640,질병관리청,13187787880,13654340520,11026000000,11026000000
자본계정,150955320,0,국립목포병원,2021,0,0,질병관리청,1961955320,1961955320,1811000000,1811000000
,18148231850,0,일반회계,2021,0,17165762270,질병관리청,20716231850,37881994120,2568000000,2568000000
,1271224940,0,일반회계,2021,0,65602080,통계청,4908224940,4973827020,3637000000,3637000000
,-648228610,0,일반회계,2021,0,186101790,통일부,2171771390,2357873180,2820000000,2820000000
손익계정,84539895030,0,특허청,2021,0,0,특허청,6.57755E+11,6.57755E+11,5.73215E+11,5.73215E+11
자본계정,-514609370,0,특허청,2021,0,0,특허청,65578390630,65578390630,66093000000,66093000000
,-1572022710,0,일반회계,2021,4745844990,2291108110,해양경찰청,5299977290,12336930390,6872000000,6872000000
항만계정,-74439728440,0,교통시설특별회계,2021,35423370,23832737060,해양수산부,1.62966E+12,1.65353E+12,1.7041E+12,1.7041E+12
제주특별자치도계정,-1657845020,0,국가균형발전특별회계,2021,0,0,해양수산부,75154980,75154980,1733000000,1733000000
지역자율계정,1737256370,0,국가균형발전특별회계,2021,0,1378645310,해양수산부,6251256370,7629901680,4514000000,4514000000
지역지원계정,-2780020090,0,국가균형발전특별회계,2021,0,123086040,해양수산부,1041979910,1165065950,3822000000,3822000000
구조개선사업계정,5912639200,0,농어촌구조개선특별회계,2021,0,6504637570,해양수산부,27508639200,34013276770,21596000000,21596000000
농어촌특별세사업계정,-4081255800,0,농어촌구조개선특별회계,2021,0,1541796070,해양수산부,2234744200,3776540270,6316000000,6316000000
투자계정,-2808976050,0,에너지및자원사업특별회계,2021,0,2388792520,해양수산부,1032023950,3420816470,3841000000,3841000000
,33347751360,0,일반회계,2021,3971900,5732110750,해양수산부,81009751360,86745834010,47662000000,47662000000
제주특별자치도계정,11998640,0,국가균형발전특별회계,2021,0,0,행정안전부,11998640,11998640,0,0
지역자율계정,-1705878070,0,국가균형발전특별회계,2021,0,6276510,행정안전부,114121930,120398440,1820000000,1820000000
지역지원계정,4649065630,0,국가균형발전특별회계,2021,0,3092674320,행정안전부,5273065630,8365739950,624000000,624000000
,2.04869E+11,0,일반회계,2021,8236820,1.25068E+11,행정안전부,2.64208E+11,3.89284E+11,59339000000,59339000000
,10391231240,0,행정중심복합도시건설특별회계,2021,0,118840530,행정중심복합도시건설청,4.46493E+11,4.46612E+11,4.36102E+11,4.36102E+11
,55253480,0,일반회계,2021,0,0,헌법재판소,96253480,96253480,41000000,41000000
세종특별자치시계정,0,0,국가균형발전특별회계,2021,0,304559300,환경부,0,304559300,0,0
지역자율계정,12099031950,0,국가균형발전특별회계,2021,0,9671920,환경부,12099031950,12108703870,0,0
지역지원계정,1124040940,0,국가균형발전특별회계,2021,0,270105880,환경부,1124040940,1394146820,0,0
농어촌특별세사업계정,712915670,0,농어촌구조개선특별회계,2021,0,0,환경부,1212915670,1212915670,500000000,500000000
투자계정,1.37377E+11,0,에너지및자원사업특별회계,2021,0,7894549300,환경부,1.48861E+11,1.56755E+11,11484000000,11484000000
,6084377060,0,일반회계,2021,0,2191382060,환경부,6881377060,9072759120,797000000,797000000
,-49344691420,0,환경개선특별회계,2021,29757799960,7.72031E+11,환경부,7.49915E+12,8.30094E+12,7.5485E+12,7.5485E+12
,56951090,0,일반회계,2020,0,0,5·18민주화운동 진상규명조사위원회,56951090,56951090,0,0
,22450860,0,일반회계,2020,0,0,가습기살균제사건과 4·16세월호참사 특별조사위원회,22450860,22450860,0,0
,6478070,0,일반회계,2020,403103220,0,감사원,481478070,884581290,475000000,475000000
,-2043893990,2107834000,일반회계,2020,0,1056923450,개인정보보호위원회,63940010,1120863460,0,2107834000
손익계정,10496289140,0,경찰병원,2020,0,22393740,경찰청,89222289140,89244682880,78726000000,78726000000
자본계정,22656090,0,경찰병원,2020,0,0,경찰청,3083656090,3083656090,3061000000,3061000000
,20377973270,0,일반회계,2020,11268568530,1.00701E+12,경찰청,8.90043E+11,1.90832E+12,8.69665E+11,8.69665E+11
제주특별자치도계정,388699250,0,국가균형발전특별회계,2020,0,0,고용노동부,388699250,388699250,0,0
지역자율계정,8282930440,0,국가균형발전특별회계,2020,0,500000,고용노동부,8282930440,8283430440,0,0
지역지원계정,1913683520,0,국가균형발전특별회계,2020,0,7108877790,고용노동부,1913683520,9022561310,0,0
투자계정,-265597650,0,에너지및자원사업특별회계,2020,0,1050564470,고용노동부,95402350,1145966820,361000000,361000000
,43409764740,0,일반회계,2020,2984291600,1.33359E+11,고용노동부,1.29371E+11,2.65714E+11,85961000000,85961000000
,-1.57677E+11,0,일반회계,2020,3095370000,3.14515E+11,공정거래위원회,2.67643E+11,5.85253E+11,4.2532E+11,4.2532E+11
세종특별자치시계정,25810670,0,국가균형발전특별회계,2020,0,0,과학기술정보통신부,25810670,25810670,0,0
제주특별자치도계정,9194340,0,국가균형발전특별회계,2020,0,0,과학기술정보통신부,9194340,9194340,0,0
지역지원계정,-570705910,0,국가균형발전특별회계,2020,0,0,과학기술정보통신부,8031294090,8031294090,8602000000,8602000000
손익계정,-5096739350,0,국립과천과학관,2020,0,183245390,과학기술정보통신부,24432260650,24615506040,29529000000,29529000000
자본계정,617336460,0,국립과천과학관,2020,0,0,과학기술정보통신부,7452336460,7452336460,6835000000,6835000000
손익계정,-1406047770,0,국립중앙과학관,2020,0,219550420,과학기술정보통신부,25402952230,25622502650,26809000000,26809000000
자본계정,5837506400,0,국립중앙과학관,2020,0,0,과학기술정보통신부,17821506400,17821506400,11984000000,11984000000
,10395265910,0,소재부품장비경쟁력강화특별회계,2020,0,0,과학기술정보통신부,10395265910,10395265910,0,0
투자계정,5125690,0,에너지및자원사업특별회계,2020,0,0,과학기술정보통신부,5125690,5125690,0,0
,-488236910,0,우체국보험특별회계,2020,0,35543940,과학기술정보통신부,9.96089E+11,9.96124E+11,9.96577E+11,9.96577E+11
손익계정,1.44383E+11,0,우체국예금특별회계,2020,0,3218301250,과학기술정보통신부,3.20117E+12,3.20439E+12,3.05678E+12,3.05678E+12
자본계정,941733250,0,우체국예금특별회계,2020,0,0,과학기술정보통신부,9386733250,9386733250,8445000000,8445000000
손익계정,-5.59742E+11,0,우편사업특별회계,2020,115998950,7895031390,과학기술정보통신부,3.88988E+12,3.89789E+12,4.44962E+12,4.44962E+12
자본계정,16888520920,0,우편사업특별회계,2020,0,461280920,과학기술정보통신부,2.05373E+11,2.05834E+11,1.88484E+11,1.88484E+11
,21229678220,0,일반회계,2020,162756760,3299158280,과학기술정보통신부,3.47771E+11,3.51233E+11,3.26541E+11,3.26541E+11
,-49898982790,0,일반회계,2020,3189422000,4.40888E+11,관세청,93924017210,5.38001E+11,1.43823E+11,1.43823E+11
지역지원계정,-4401406550,0,국가균형발전특별회계,2020,0,473585810,교육부,7182593450,7656179260,11584000000,11584000000
,2.06134E+11,0,유아교육지원특별회계,2020,0,0,교육부,4.19611E+12,4.19611E+12,3.98998E+12,3.98998E+12
,84323920020,0,일반회계,2020,27800000,1988446010,교육부,2.75526E+11,2.77542E+11,1.91202E+11,1.91202E+11
투자계정,-13040260,0,에너지및자원사업특별회계,2020,0,1161780,국가보훈처,47959740,49121520,61000000,61000000
,-3650518600,0,일반회계,2020,29708190,3624413370,국가보훈처,4626481400,8280602960,8277000000,8277000000
,2431160,0,일반회계,2020,0,1304170,국가인권위원회,14431160,15735330,12000000,12000000
,4651739510,0,일반회계,2020,0,0,국가정보원,17090739510,17090739510,12439000000,12439000000
,331134590,0,일반회계,2020,0,0,국무조정실 및 국무총리비서실,331134590,331134590,0,0
,-136048880,0,일반회계,2020,0,172005300,국민권익위원회,334951120,506956420,471000000,471000000
,-53769574230,0,국방·군사시설이전특별회계,2020,0,10344952480,국방부,8.72787E+11,8.83132E+11,9.26557E+11,9.26557E+11
,-10479592110,0,일반회계,2020,190212530,86564632440,국방부,2.35104E+11,3.21859E+11,2.45584E+11,2.45584E+11
,6397839650,0,주한미군기지이전특별회계,2020,0,3200066850,국방부,7.06077E+11,7.09277E+11,6.99679E+11,6.99679E+11
,28184135440,0,일반회계,2020,5.25314E+11,4.29027E+12,국세청,8.99816E+11,5.7154E+12,8.71632E+11,8.71632E+11
공항계정,-37404478780,0,교통시설특별회계,2020,0,18512940440,국토교통부,4.76187E+11,4.94699E+11,5.13591E+11,5.13591E+11
교통체계관리계정,-11187708360,0,교통시설특별회계,2020,0,0,국토교통부,4.42599E+11,4.42599E+11,4.53787E+11,4.53787E+11
도로계정,1.00693E+11,0,교통시설특별회계,2020,0,96638893720,국토교통부,9.54047E+12,9.63711E+12,9.43977E+12,9.43977E+12
철도계정,-27156199260,0,교통시설특별회계,2020,0,6121805830,국토교통부,3.94294E+12,3.94906E+12,3.97009E+12,3.97009E+12
세종특별자치시계정,467878440,0,국가균형발전특별회계,2020,0,0,국토교통부,467878440,467878440,0,0
제주특별자치도계정,48118770,0,국가균형발전특별회계,2020,0,0,국토교통부,273118770,273118770,225000000,225000000
지역자율계정,67610606790,0,국가균형발전특별회계,2020,4106272760,7.23614E+11,국토교통부,2.98885E+11,1.0266E+12,2.31274E+11,2.31274E+11
지역지원계정,-46332206140,0,국가균형발전특별회계,2020,987870,1.91581E+11,국토교통부,2.45756E+11,4.37338E+11,2.92088E+11,2.92088E+11
투자계정,-346856470,0,에너지및자원사업특별회계,2020,0,0,국토교통부,420143530,420143530,767000000,767000000
,15432790,0,일반회계,2020,1050000,67853774340,국토교통부,1.67259E+11,2.35114E+11,1.67244E+11,1.67244E+11
,42504944360,0,혁신도시건설특별회계,2020,0,0,국토교통부,3.84796E+11,3.84796E+11,3.42291E+11,3.42291E+11
,-111899110,0,일반회계,2020,92666500,207829300,국회,3294100890,3594596690,3406000000,3406000000
,-583561000,0,일반회계,2020,464394900,29562108470,금융위원회,8.53607E+11,8.83634E+11,8.54191E+11,8.54191E+11
,-15760568820,0,일반회계,2020,0,14333358950,기상청,6361431180,20694790130,22122000000,22122000000
세종특별자치시계정,-4197774290,0,국가균형발전특별회계,2020,0,0,기획재정부,68604225710,68604225710,72802000000,72802000000
제주특별자치도계정,750997370,0,국가균형발전특별회계,2020,0,0,기획재정부,2.33776E+11,2.33776E+11,2.33025E+11,2.33025E+11
지역자율계정,1.04797E+11,0,국가균형발전특별회계,2020,0,0,기획재정부,2.3695E+12,2.3695E+12,2.26471E+12,2.26471E+12
지역지원계정,-25126287570,0,국가균형발전특별회계,2020,0,0,기획재정부,6.11436E+12,6.11436E+12,6.13948E+12,6.13948E+12
,4.30795E+12,0,일반회계,2020,3.86243E+12,4.49349E+13,기획재정부,3.84792E+14,4.33589E+14,3.80484E+14,3.80484E+14
세종특별자치시계정,3727850,0,국가균형발전특별회계,2020,0,0,농림축산식품부,3727850,3727850,0,0
지역자율계정,9168768560,0,국가균형발전특별회계,2020,0,865626170,농림축산식품부,24883768560,25749394730,15715000000,15715000000
지역지원계정,-3882458950,0,국가균형발전특별회계,2020,0,0,농림축산식품부,355541050,355541050,4238000000,4238000000
구조개선사업계정,1.4601E+11,0,농어촌구조개선특별회계,2020,0,1764539670,농림축산식품부,6.04474E+12,6.0465E+12,5.89873E+12,5.89873E+12
농어촌특별세사업계정,2.28649E+12,0,농어촌구조개선특별회계,2020,0,745029040,농림축산식품부,7.69638E+12,7.69713E+12,5.4099E+12,5.4099E+12
손익계정,26993504450,0,양곡관리특별회계,2020,0,736165150,농림축산식품부,2.10714E+12,2.10787E+12,2.08015E+12,2.08015E+12
자본계정,811330,0,양곡관리특별회계,2020,0,0,농림축산식품부,811330,811330,0,0
융자계정,-10433102310,0,에너지및자원사업특별회계,2020,0,0,농림축산식품부,11580897690,11580897690,22014000000,22014000000
투자계정,-19663248650,0,에너지및자원사업특별회계,2020,0,387411800,농림축산식품부,1254751350,1642163150,20918000000,20918000000
,-14250958430,0,일반회계,2020,6784780,6732042180,농림축산식품부,6256041570,12994868530,20507000000,20507000000
,6005240,0,혁신도시건설특별회계,2020,0,0,농림축산식품부,6005240,6005240,0,0
세종특별자치시계정,11857980,0,국가균형발전특별회계,2020,0,0,농촌진흥청,11857980,11857980,0,0
제주특별자치도계정,150318720,0,국가균형발전특별회계,2020,0,0,농촌진흥청,150318720,150318720,0,0
지역자율계정,1440978430,0,국가균형발전특별회계,2020,0,0,농촌진흥청,1959978430,1959978430,519000000,519000000
지역지원계정,105179610,0,국가균형발전특별회계,2020,0,0,농촌진흥청,605179610,605179610,500000000,500000000
구조개선사업계정,-1094128660,0,농어촌구조개선특별회계,2020,0,0,농촌진흥청,623871340,623871340,1718000000,1718000000
,1203113190,0,일반회계,2020,0,16947960,농촌진흥청,10698113190,10715061150,9495000000,9495000000
,6255718540,0,혁신도시건설특별회계,2020,0,0,농촌진흥청,6255718540,6255718540,0,0
,-13598817050,0,등기특별회계,2020,0,0,대법원,3.18867E+11,3.18867E+11,3.32466E+11,3.32466E+11
,-2.14198E+11,0,일반회계,2020,1013940,2735402240,대법원,4.00893E+11,4.03629E+11,6.15091E+11,6.15091E+11
,30776800,0,일반회계,2020,0,0,대통령경호처,106146800,106146800,75370000,75370000
,219932820,0,일반회계,2020,0,0,대통령비서실 및 국가안보실,462932820,462932820,243000000,243000000
지역자율계정,244088160,0,국가균형발전특별회계,2020,0,559550280,문화재청,244088160,803638440,0,0
지역지원계정,1549476160,0,국가균형발전특별회계,2020,0,15697630,문화재청,1549476160,1565173790,0,0
,-21959090600,0,일반회계,2020,0,14394764590,문화재청,30992909400,45387673990,52952000000,52952000000
세종특별자치시계정,-6000000,0,국가균형발전특별회계,2020,0,6134240,문화체육관광부,0,6134240,6000000,6000000
제주특별자치도계정,23110,0,국가균형발전특별회계,2020,0,0,문화체육관광부,1023110,1023110,1000000,1000000
지역자율계정,419148860,0,국가균형발전특별회계,2020,0,4142438580,문화체육관광부,12934148860,17076587440,12515000000,12515000000
지역지원계정,-8944940480,0,국가균형발전특별회계,2020,0,103504060,문화체육관광부,307059520,410563580,9252000000,9252000000
,11548979660,0,아시아문화중심도시조성특별회계,2020,0,52787400,문화체육관광부,1.18754E+11,1.18807E+11,1.07205E+11,1.07205E+11
,-7942975990,0,일반회계,2020,0,18978793950,문화체육관광부,50726024010,69704817960,58669000000,58669000000
,-2055260,0,일반회계,2020,0,0,민주평화통일자문회의,3944740,3944740,6000000,6000000
,22849990940,-1400419000,일반회계,2020,31501096770,92497563480,방송통신위원회,63737571940,1.87736E+11,42288000000,40887581000
,-3.29974E+11,0,일반회계,2020,0,4.98636E+11,방위사업청,2.41632E+11,7.40268E+11,5.71606E+11,5.71606E+11
,-8752856040,0,교도작업특별회계,2020,0,69938320,법무부,1.18424E+11,1.18494E+11,1.27177E+11,1.27177E+11
,-2.86998E+11,0,일반회계,2020,135300340,15419018800,법무부,1.33647E+12,1.35203E+12,1.62347E+12,1.62347E+12
,1167430,0,일반회계,2020,0,84584510,법제처,1167430,85751940,0,0
,11760270,0,일반회계,2020,0,1373448450,병무청,227760270,1601208720,216000000,216000000
세종특별자치시계정,337038550,0,국가균형발전특별회계,2020,0,0,보건복지부,337038550,337038550,0,0
제주특별자치도계정,1797600,0,국가균형발전특별회계,2020,0,0,보건복지부,1797600,1797600,0,0
지역자율계정,8423651490,0,국가균형발전특별회계,2020,0,1857162670,보건복지부,8423651490,10280814160,0,0
지역지원계정,16058124520,0,국가균형발전특별회계,2020,0,6599388020,보건복지부,16058124520,22657512540,0,0
손익계정,335440880,0,국립공주병원,2020,0,331950660,보건복지부,15760440880,16092391540,15425000000,15425000000
자본계정,122765850,0,국립공주병원,2020,0,0,보건복지부,1511765850,1511765850,1389000000,1389000000
손익계정,1042965190,0,국립나주병원,2020,0,1401379310,보건복지부,21514965190,22916344500,20472000000,20472000000
자본계정,58594680,0,국립나주병원,2020,0,0,보건복지부,1694594680,1694594680,1636000000,1636000000
손익계정,13407246960,-14211000000,국립마산병원,2020,0,0,보건복지부,13407246960,13407246960,14211000000,0
자본계정,3264000000,-6110000000,국립마산병원,2020,0,0,보건복지부,3264000000,3264000000,6110000000,0
손익계정,9060845990,-11184000000,국립목포병원,2020,0,0,보건복지부,9060845990,9060845990,11184000000,0
자본계정,955000000,-1162000000,국립목포병원,2020,0,0,보건복지부,955000000,955000000,1162000000,0
손익계정,914834800,0,국립부곡병원,2020,0,498252290,보건복지부,20588834800,21087087090,19674000000,19674000000
자본계정,203210860,0,국립부곡병원,2020,0,0,보건복지부,1664210860,1664210860,1461000000,1461000000
손익계정,4439815240,0,국립재활원,2020,0,427782010,보건복지부,49944815240,50372597250,45505000000,45505000000
자본계정,2909579640,0,국립재활원,2020,0,0,보건복지부,18806579640,18806579640,15897000000,15897000000
손익계정,6449815960,0,국립정신건강센터,2020,0,1094530090,보건복지부,48083815960,49178346050,41634000000,41634000000
자본계정,628423310,0,국립정신건강센터,2020,0,0,보건복지부,1901423310,1901423310,1273000000,1273000000
손익계정,1265782410,0,국립춘천병원,2020,0,354226410,보건복지부,15716782410,16071008820,14451000000,14451000000
자본계정,129391800,0,국립춘천병원,2020,0,0,보건복지부,1170391800,1170391800,1041000000,1041000000
농어촌특별세사업계정,74875000,0,농어촌구조개선특별회계,2020,0,185202400,보건복지부,924875000,1110077400,850000000,850000000
투자계정,1818200,0,에너지및자원사업특별회계,2020,0,2123559760,보건복지부,1818200,2125377960,0,0
,39658413220,-2566000000,일반회계,2020,1611106810,2.88252E+11,보건복지부,5.3731E+11,8.27174E+11,5.00218E+11,4.97652E+11
제주특별자치도계정,0,0,국가균형발전특별회계,2020,0,2427390,산림청,0,2427390,0,0
지역자율계정,113143650,0,국가균형발전특별회계,2020,0,3779704990,산림청,113143650,3892848640,0,0
손익계정,-1423820650,0,국립자연휴양림관리소,2020,0,0,산림청,30301179350,30301179350,31725000000,31725000000
자본계정,9751718870,0,국립자연휴양림관리소,2020,0,0,산림청,49409718870,49409718870,39658000000,39658000000
임업진흥사업계정,55052564990,0,농어촌구조개선특별회계,2020,0,52435057300,산림청,8.77928E+11,9.30363E+11,8.22875E+11,8.22875E+11
투자계정,924375420,0,에너지및자원사업특별회계,2020,0,194320110,산림청,924375420,1118695530,0,0
,20921485920,0,일반회계,2020,143165090,28416174260,산림청,98387485920,1.26947E+11,77466000000,77466000000
세종특별자치시계정,1959977160,0,국가균형발전특별회계,2020,0,0,산업통상자원부,1959977160,1959977160,0,0
지역자율계정,2332860810,0,국가균형발전특별회계,2020,0,44260470,산업통상자원부,2332860810,2377121280,0,0
지역지원계정,-41043161630,0,국가균형발전특별회계,2020,0,6052981830,산업통상자원부,70598838370,76651820200,1.11642E+11,1.11642E+11
,-9165850300,0,소재부품장비경쟁력강화특별회계,2020,0,0,산업통상자원부,2.06532E+12,2.06532E+12,2.07448E+12,2.07448E+12
융자계정,-2.27337E+11,0,에너지및자원사업특별회계,2020,0,0,산업통상자원부,6.33739E+11,6.33739E+11,8.61076E+11,8.61076E+11
투자계정,-7.08123E+11,0,에너지및자원사업특별회계,2020,0,4173751440,산업통상자원부,3.95725E+12,3.96142E+12,4.66537E+12,4.66537E+12
,-79222756060,0,일반회계,2020,0,16982645900,산업통상자원부,1.38076E+11,1.55059E+11,2.17299E+11,2.17299E+11
지역자율계정,0,0,국가균형발전특별회계,2020,0,457940,새만금개발청,0,457940,0,0
지역지원계정,15471840,0,국가균형발전특별회계,2020,0,0,새만금개발청,15471840,15471840,0,0
,-21293650,0,일반회계,2020,0,348806880,새만금개발청,1687706350,2036513230,1709000000,1709000000
,9652975590,0,일반회계,2020,0,593211100,소방청,13151975590,13745186690,3499000000,3499000000
제주특별자치도계정,431220,0,국가균형발전특별회계,2020,0,468840,식품의약품안전처,431220,900060,0,0
지역지원계정,17675380,0,국가균형발전특별회계,2020,0,0,식품의약품안전처,17675380,17675380,0,0
구조개선사업계정,1189380,0,농어촌구조개선특별회계,2020,0,0,식품의약품안전처,8189380,8189380,7000000,7000000
,-822546490,0,일반회계,2020,40336000,3982910900,식품의약품안전처,31614453510,35637700410,32437000000,32437000000
세종특별자치시계정,35774490,0,국가균형발전특별회계,2020,0,0,여성가족부,35774490,35774490,0,0
제주특별자치도계정,183810030,0,국가균형발전특별회계,2020,0,0,여성가족부,183810030,183810030,0,0
지역자율계정,2668057250,0,국가균형발전특별회계,2020,0,434399330,여성가족부,2668057250,3102456580,0,0
지역지원계정,77479890,0,국가균형발전특별회계,2020,0,0,여성가족부,77479890,77479890,0,0
,21546348830,0,일반회계,2020,0,3550820500,여성가족부,31873348830,35424169330,10327000000,10327000000
,-2.19481E+11,0,일반회계,2020,0,442341060,외교부,64253261090,64695602150,2.83734E+11,2.83734E+11
,46770530,0,일반회계,2020,0,56000000,원자력안전위원회,1558770530,1614770530,1512000000,1512000000
,9786131360,0,일반회계,2020,0,75214860,인사혁신처,58632131360,58707346220,48846000000,48846000000
손익계정,21172046170,0,조달특별회계,2020,0,50346370960,조달청,3.20682E+11,3.71028E+11,2.9951E+11,2.9951E+11
자본계정,-5447985740,0,조달특별회계,2020,0,0,조달청,1.49317E+11,1.49317E+11,1.54765E+11,1.54765E+11
세종특별자치시계정,2349690,0,국가균형발전특별회계,2020,0,0,중소벤처기업부,2349690,2349690,0,0
제주특별자치도계정,32342990,0,국가균형발전특별회계,2020,0,0,중소벤처기업부,32342990,32342990,0,0
지역자율계정,3713065640,0,국가균형발전특별회계,2020,0,652110320,중소벤처기업부,8213065640,8865175960,4500000000,4500000000
지역지원계정,7968408840,0,국가균형발전특별회계,2020,0,0,중소벤처기업부,17658408840,17658408840,9690000000,9690000000
,22776290140,0,일반회계,2020,0,1183609160,중소벤처기업부,1.24015E+11,1.25199E+11,1.01239E+11,1.01239E+11
,1750461760,0,일반회계,2020,0,131173820,중앙선거관리위원회,12215461760,12346635580,10465000000,10465000000
손익계정,-8384581250,14211000000,국립마산병원,2020,0,495995550,질병관리청,5826418750,6322414300,0,14211000000
자본계정,-3230644000,6110000000,국립마산병원,2020,0,0,질병관리청,2879356000,2879356000,0,6110000000
손익계정,-7194164820,11184000000,국립목포병원,2020,0,473964920,질병관리청,3989835180,4463800100,0,11184000000
자본계정,693413150,1162000000,국립목포병원,2020,0,0,질병관리청,1855413150,1855413150,0,1162000000
,-1980785710,2566000000,일반회계,2020,0,291799750,질병관리청,585214290,877014040,0,2566000000
,-643632960,0,일반회계,2020,0,67713860,통계청,4482367040,4550080900,5126000000,5126000000
,-1559635590,0,일반회계,2020,2032940,258145150,통일부,1164364410,1424542500,2724000000,2724000000
손익계정,48055676360,0,특허청,2020,0,0,특허청,5.67467E+11,5.67467E+11,5.19411E+11,5.19411E+11
자본계정,-1041802840,0,특허청,2020,0,0,특허청,1.14952E+11,1.14952E+11,1.15994E+11,1.15994E+11
,-779876960,0,일반회계,2020,92816990,7326735120,해양경찰청,4156123040,11575675150,4936000000,4936000000
항만계정,1.15022E+11,0,교통시설특별회계,2020,118312790,23623070720,해양수산부,1.64631E+12,1.67005E+12,1.53129E+12,1.53129E+12
제주특별자치도계정,-1617588000,0,국가균형발전특별회계,2020,0,0,해양수산부,65412000,65412000,1683000000,1683000000
지역자율계정,4402375190,0,국가균형발전특별회계,2020,0,1309314360,해양수산부,8732375190,10041689550,4330000000,4330000000
지역지원계정,-2881201300,0,국가균형발전특별회계,2020,0,438407560,해양수산부,791798700,1230206260,3673000000,3673000000
구조개선사업계정,24481787300,0,농어촌구조개선특별회계,2020,0,5847116340,해양수산부,45388787300,51235903640,20907000000,20907000000
농어촌특별세사업계정,-1947347050,0,농어촌구조개선특별회계,2020,0,607323460,해양수산부,4168652950,4775976410,6116000000,6116000000
투자계정,-2801059560,0,에너지및자원사업특별회계,2020,0,635774430,해양수산부,1037940440,1673714870,3839000000,3839000000
,-2450179930,0,일반회계,2020,18080840,5822009630,해양수산부,48855820070,54695910540,51306000000,51306000000
지역자율계정,-1539514290,0,국가균형발전특별회계,2020,0,120398440,행정안전부,138485710,258884150,1678000000,1678000000
지역지원계정,3356279250,0,국가균형발전특별회계,2020,0,1978546920,행정안전부,3962279250,5940826170,606000000,606000000
,3580370320,-707415000,일반회계,2020,0,11640119210,행정안전부,61396955320,73037074530,58524000000,57816585000
,13447472960,0,행정중심복합도시건설특별회계,2020,0,154564230,행정중심복합도시건설청,3.33974E+11,3.34129E+11,3.20527E+11,3.20527E+11
,-8327170,0,일반회계,2020,0,0,헌법재판소,174672830,174672830,183000000,183000000
세종특별자치시계정,0,0,국가균형발전특별회계,2020,0,7542790,환경부,0,7542790,0,0
제주특별자치도계정,2144050,0,국가균형발전특별회계,2020,0,0,환경부,2144050,2144050,0,0
지역자율계정,4677996870,0,국가균형발전특별회계,2020,0,6464960,환경부,4677996870,4684461830,0,0
지역지원계정,270303350,0,국가균형발전특별회계,2020,0,28554490,환경부,270303350,298857840,0,0
농어촌특별세사업계정,1022496040,0,농어촌구조개선특별회계,2020,0,0,환경부,1522496040,1522496040,500000000,500000000
투자계정,51022866020,0,에너지및자원사업특별회계,2020,0,6158908550,환경부,62506866020,68665774570,11484000000,11484000000
,5953142730,0,일반회계,2020,0,28935890,환경부,6769142730,6798078620,816000000,816000000
,5.06331E+11,0,환경개선특별회계,2020,88142397940,7.72268E+11,환경부,7.02941E+12,7.88982E+12,6.52308E+12,6.52308E+12
,1117084080,0,일반회계,2019,0,394691550,감사원,1592084080,1986775630,475000000,475000000
손익계정,2616919820,0,경찰병원,2019,0,22393740,경찰청,80907919820,80930313560,78291000000,78291000000
자본계정,467752870,0,경찰병원,2019,0,0,경찰청,3008752870,3008752870,2541000000,2541000000
,-1805112000,0,일반회계,2019,24943573830,9.87089E+11,경찰청,8.80702E+11,1.89273E+12,8.82507E+11,8.82507E+11
세종특별자치시계정,88900370,0,국가균형발전특별회계,2019,0,0,고용노동부,88900370,88900370,0,0
제주특별자치도계정,678462140,0,국가균형발전특별회계,2019,0,0,고용노동부,678462140,678462140,0,0
지역자율계정,19446878060,0,국가균형발전특별회계,2019,0,8285430440,고용노동부,19446878060,27732308500,0,0
투자계정,-203649320,0,에너지및자원사업특별회계,2019,0,1010982730,고용노동부,157350680,1168333410,361000000,361000000
,55246477140,0,일반회계,2019,546413270,71367943520,고용노동부,1.41207E+11,2.13122E+11,85961000000,85961000000
,-3.72651E+11,0,일반회계,2019,9294240000,1.39697E+11,공정거래위원회,52103264260,2.01095E+11,4.24754E+11,4.24754E+11
세종특별자치시계정,35286300,0,국가균형발전특별회계,2019,0,0,과학기술정보통신부,35286300,35286300,0,0
제주특별자치도계정,18497690,0,국가균형발전특별회계,2019,0,0,과학기술정보통신부,18497690,18497690,0,0
지역지원계정,4975000680,0,국가균형발전특별회계,2019,0,1374210,과학기술정보통신부,10117000680,10118374890,5142000000,5142000000
손익계정,553541810,0,국립과천과학관,2019,0,163722780,과학기술정보통신부,27961541810,28125264590,27408000000,27408000000
자본계정,221470410,0,국립과천과학관,2019,0,0,과학기술정보통신부,7219470410,7219470410,6998000000,6998000000
손익계정,649179530,0,국립중앙과학관,2019,0,215043520,과학기술정보통신부,25188179530,25403223050,24539000000,24539000000
자본계정,179877460,0,국립중앙과학관,2019,0,0,과학기술정보통신부,13058877460,13058877460,12879000000,12879000000
투자계정,666753420,0,에너지및자원사업특별회계,2019,0,0,과학기술정보통신부,666753420,666753420,0,0
,-22379574990,0,우체국보험특별회계,2019,0,36840770,과학기술정보통신부,9.66364E+11,9.66401E+11,9.88744E+11,9.88744E+11
손익계정,60361483150,0,우체국예금특별회계,2019,0,3231680560,과학기술정보통신부,3.14583E+12,3.14907E+12,3.08547E+12,3.08547E+12
자본계정,698142490,0,우체국예금특별회계,2019,0,0,과학기술정보통신부,8103142490,8103142490,7405000000,7405000000
손익계정,-7.75726E+11,0,우편사업특별회계,2019,30610650,8405175480,과학기술정보통신부,3.95554E+12,3.96397E+12,4.73126E+12,4.73126E+12
자본계정,3811714000,0,우편사업특별회계,2019,0,3314341380,과학기술정보통신부,1.92304E+11,1.95618E+11,1.88492E+11,1.88492E+11
,-45617665620,-2921000000,일반회계,2019,328167860,2316981230,과학기술정보통신부,3.09984E+11,3.12629E+11,3.58523E+11,3.55602E+11
,-244197050,0,일반회계,2019,5260676350,4.24436E+11,관세청,1.31789E+11,5.61485E+11,1.32033E+11,1.32033E+11
지역지원계정,-5047864290,0,국가균형발전특별회계,2019,0,0,교육부,6326135710,6326135710,11374000000,11374000000
,1.90032E+11,0,유아교육지원특별회계,2019,0,0,교육부,4.00537E+12,4.00537E+12,3.81534E+12,3.81534E+12
,11289909730,0,일반회계,2019,373155000,1794257880,교육부,2.12396E+11,2.14563E+11,2.01106E+11,2.01106E+11
제주특별자치도계정,68727680,0,국가균형발전특별회계,2019,0,0,국가보훈처,68727680,68727680,0,0
투자계정,-21248000,0,에너지및자원사업특별회계,2019,0,421710,국가보훈처,39752000,40173710,61000000,61000000
,-4907504140,0,일반회계,2019,230321490,3308287560,국가보훈처,3040495860,6579104910,7948000000,7948000000
,-4594140,0,일반회계,2019,0,0,국가인권위원회,12405860,12405860,17000000,17000000
,19976518000,0,일반회계,2019,0,0,국가정보원,42415518000,42415518000,22439000000,22439000000
,64106670,0,일반회계,2019,0,0,국무조정실 및 국무총리비서실,64106670,64106670,0,0
,-173176820,0,일반회계,2019,0,93849000,국민권익위원회,967823180,1061672180,1141000000,1141000000
,1.58012E+11,0,국방·군사시설이전특별회계,2019,0,7415511240,국방부,9.50153E+11,9.57569E+11,7.92141E+11,7.92141E+11
,15080675680,0,일반회계,2019,78438370,82736155820,국방부,2.4003E+11,3.22844E+11,2.24949E+11,2.24949E+11
,37465793410,0,주한미군기지이전특별회계,2019,0,4245957290,국방부,5.30784E+11,5.3503E+11,4.93318E+11,4.93318E+11
,79498094590,0,일반회계,2019,4.39019E+11,4.28004E+12,국세청,1.00443E+12,5.7235E+12,9.24936E+11,9.24936E+11
,728781870,0,혁신도시건설특별회계,2019,0,0,국세청,53635781870,53635781870,52907000000,52907000000
공항계정,-56604726360,0,교통시설특별회계,2019,0,12939183080,국토교통부,6.15638E+11,6.28577E+11,6.72243E+11,6.72243E+11
교통체계관리계정,-21520592900,0,교통시설특별회계,2019,0,35820670,국토교통부,2.6304E+11,2.63076E+11,2.84561E+11,2.84561E+11
도로계정,33817687690,0,교통시설특별회계,2019,0,87505782410,국토교통부,9.44217E+12,9.52968E+12,9.40836E+12,9.40836E+12
철도계정,55259598490,0,교통시설특별회계,2019,0,5489517860,국토교통부,4.02418E+12,4.02967E+12,3.96892E+12,3.96892E+12
세종특별자치시계정,67560620,0,국가균형발전특별회계,2019,0,0,국토교통부,67560620,67560620,0,0
제주특별자치도계정,-484433150,0,국가균형발전특별회계,2019,0,0,국토교통부,486566850,486566850,971000000,971000000
지역자율계정,-97009516210,0,국가균형발전특별회계,2019,9106490730,6.55697E+11,국토교통부,1.95704E+11,8.60508E+11,2.92714E+11,2.92714E+11
지역지원계정,-75188858210,0,국가균형발전특별회계,2019,13508330,1.76171E+11,국토교통부,3.20354E+11,4.96539E+11,3.95543E+11,3.95543E+11
투자계정,-688948090,0,에너지및자원사업특별회계,2019,0,0,국토교통부,101051910,101051910,790000000,790000000
,-23937434140,0,일반회계,2019,3675000,37169700960,국토교통부,1.39017E+11,1.7619E+11,1.62954E+11,1.62954E+11
,2235890810,0,혁신도시건설특별회계,2019,0,0,국토교통부,2.04545E+11,2.04545E+11,2.02309E+11,2.02309E+11
,876200290,0,일반회계,2019,0,308082700,국회,3477200290,3785282990,2601000000,2601000000
,-2140851230,0,일반회계,2019,327928800,28449194680,금융위원회,36610148770,65387272250,38751000000,38751000000
,-13711200120,0,일반회계,2019,0,14370253230,기상청,8324799880,22695053110,22036000000,22036000000
세종특별자치시계정,5143232300,0,국가균형발전특별회계,2019,0,0,기획재정부,1.08639E+11,1.08639E+11,1.03496E+11,1.03496E+11
제주특별자치도계정,-38603100240,0,국가균형발전특별회계,2019,0,0,기획재정부,2.95328E+11,2.95328E+11,3.33931E+11,3.33931E+11
지역자율계정,2.94669E+11,0,국가균형발전특별회계,2019,0,0,기획재정부,5.59531E+12,5.59531E+12,5.30064E+12,5.30064E+12
지역지원계정,4688179860,0,국가균형발전특별회계,2019,0,0,기획재정부,4.30445E+12,4.30445E+12,4.29976E+12,4.29976E+12
,-1.56675E+12,0,일반회계,2019,3.75683E+12,4.21555E+13,기획재정부,3.25679E+14,3.71591E+14,3.27245E+14,3.27245E+14
세종특별자치시계정,4604000,0,국가균형발전특별회계,2019,0,0,농림축산식품부,4604000,4604000,0,0
지역자율계정,6114781310,0,국가균형발전특별회계,2019,0,1568174300,농림축산식품부,23242781310,24810955610,17128000000,17128000000
지역지원계정,-3635659640,0,국가균형발전특별회계,2019,0,0,농림축산식품부,964340360,964340360,4600000000,4600000000
구조개선사업계정,26711353210,0,농어촌구조개선특별회계,2019,0,821655750,농림축산식품부,6.11546E+12,6.11628E+12,6.08875E+12,6.08875E+12
농어촌특별세사업계정,4.64551E+11,0,농어촌구조개선특별회계,2019,0,154200960,농림축산식품부,5.69315E+12,5.69331E+12,5.2286E+12,5.2286E+12
손익계정,4.2145E+11,0,양곡관리특별회계,2019,0,748747540,농림축산식품부,2.49628E+12,2.49703E+12,2.07483E+12,2.07483E+12
자본계정,811330,0,양곡관리특별회계,2019,0,0,농림축산식품부,811330,811330,0,0
융자계정,-10456376940,0,에너지및자원사업특별회계,2019,0,0,농림축산식품부,11557623060,11557623060,22014000000,22014000000
투자계정,-15167688650,0,에너지및자원사업특별회계,2019,0,0,농림축산식품부,5750311350,5750311350,20918000000,20918000000
,-4980331410,0,일반회계,2019,113300,4534572080,농림축산식품부,15149668590,19684353970,20130000000,20130000000
,-8409750,0,혁신도시건설특별회계,2019,0,0,농림축산식품부,34590250,34590250,43000000,43000000
세종특별자치시계정,22979160,0,국가균형발전특별회계,2019,0,0,농촌진흥청,22979160,22979160,0,0
제주특별자치도계정,170266770,0,국가균형발전특별회계,2019,0,0,농촌진흥청,170266770,170266770,0,0
지역자율계정,387423940,0,국가균형발전특별회계,2019,0,0,농촌진흥청,1087423940,1087423940,700000000,700000000
지역지원계정,403942960,0,국가균형발전특별회계,2019,0,0,농촌진흥청,903942960,903942960,500000000,500000000
구조개선사업계정,-1122179020,0,농어촌구조개선특별회계,2019,0,0,농촌진흥청,595820980,595820980,1718000000,1718000000
,1004993850,0,일반회계,2019,0,17751520,농촌진흥청,10455993850,10473745370,9451000000,9451000000
,8217687120,0,혁신도시건설특별회계,2019,0,3427726150,농촌진흥청,14843687120,18271413270,6626000000,6626000000
,-27331459180,0,등기특별회계,2019,0,952800,대법원,2.87343E+11,2.87343E+11,3.14674E+11,3.14674E+11
,-1.72436E+11,0,일반회계,2019,0,1178481020,대법원,4.28359E+11,4.29538E+11,6.00795E+11,6.00795E+11
,78489760,0,일반회계,2019,0,0,대통령경호처,201489760,201489760,123000000,123000000
,233738080,0,일반회계,2019,0,0,대통령비서실 및 국가안보실,327738080,327738080,94000000,94000000
지역자율계정,186017870,0,국가균형발전특별회계,2019,0,183562850,문화재청,186017870,369580720,0,0
,439458340,0,일반회계,2019,3532400,10350863070,문화재청,42298458340,52652853810,41859000000,41859000000
세종특별자치시계정,0,0,국가균형발전특별회계,2019,0,6134240,문화체육관광부,0,6134240,0,0
제주특별자치도계정,1840460,0,국가균형발전특별회계,2019,0,1023110,문화체육관광부,1840460,2863570,0,0
지역자율계정,-5456531610,0,국가균형발전특별회계,2019,0,6014240890,문화체육관광부,7545468390,13559709280,13002000000,13002000000
지역지원계정,-5524049660,0,국가균형발전특별회계,2019,0,395972070,문화체육관광부,3801950340,4197922410,9326000000,9326000000
,11383884070,0,아시아문화중심도시조성특별회계,2019,0,15801780,문화체육관광부,91859884070,91875685850,80476000000,80476000000
,-5019263570,0,일반회계,2019,0,20400821000,문화체육관광부,51667736430,72068557430,56687000000,56687000000
,11877470,0,일반회계,2019,0,0,민주평화통일자문회의,16877470,16877470,5000000,5000000
,-26035130810,2921000000,일반회계,2019,0,1.23712E+11,방송통신위원회,9152869190,1.32865E+11,32267000000,35188000000
,-28289489390,0,일반회계,2019,0,3.42088E+11,방위사업청,2.31118E+11,5.73206E+11,2.59407E+11,2.59407E+11
,-12730242730,0,교도작업특별회계,2019,0,44074730,법무부,1.14087E+11,1.14131E+11,1.26817E+11,1.26817E+11
,-3.14028E+11,0,일반회계,2019,0,15617633680,법무부,1.30034E+12,1.31595E+12,1.61436E+12,1.61436E+12
,11342380,0,일반회계,2019,0,84584510,법제처,11342380,95926890,0,0
,52688530,0,일반회계,2019,0,1378448450,병무청,258688530,1637136980,206000000,206000000
세종특별자치시계정,0,0,국가균형발전특별회계,2019,0,337038550,보건복지부,0,337038550,0,0
제주특별자치도계정,68288990,0,국가균형발전특별회계,2019,0,1797600,보건복지부,68288990,70086590,0,0
지역자율계정,18825027980,0,국가균형발전특별회계,2019,0,6977102790,보건복지부,18825027980,25802130770,0,0
지역지원계정,96835400,0,국가균형발전특별회계,2019,0,0,보건복지부,96835400,96835400,0,0
손익계정,1379822490,0,국립공주병원,2019,0,548057900,보건복지부,16297822490,16845880390,14918000000,14918000000
자본계정,48268200,0,국립공주병원,2019,0,0,보건복지부,1425268200,1425268200,1377000000,1377000000
손익계정,2012956500,0,국립나주병원,2019,0,1214391210,보건복지부,22345956500,23560347710,20333000000,20333000000
자본계정,572917630,0,국립나주병원,2019,0,0,보건복지부,2105917630,2105917630,1533000000,1533000000
손익계정,3050366690,0,국립마산병원,2019,0,566165820,보건복지부,16780366690,17346532510,13730000000,13730000000
자본계정,2845716210,0,국립마산병원,2019,0,0,보건복지부,8830716210,8830716210,5985000000,5985000000
손익계정,1923674250,0,국립목포병원,2019,0,570503060,보건복지부,12236674250,12807177310,10313000000,10313000000
자본계정,207131980,0,국립목포병원,2019,0,0,보건복지부,3561131980,3561131980,3354000000,3354000000
손익계정,2289033210,0,국립부곡병원,2019,0,805924630,보건복지부,21271033210,22076957840,18982000000,18982000000
자본계정,349246260,0,국립부곡병원,2019,0,0,보건복지부,1698246260,1698246260,1349000000,1349000000
손익계정,3653119780,0,국립재활원,2019,0,801092060,보건복지부,48367119780,49168211840,44714000000,44714000000
자본계정,4608593770,0,국립재활원,2019,0,0,보건복지부,9768593770,9768593770,5160000000,5160000000
손익계정,6876964590,0,국립정신건강센터,2019,0,1540038480,보건복지부,47326964590,48867003070,40450000000,40450000000
자본계정,95235160,0,국립정신건강센터,2019,0,0,보건복지부,1802235160,1802235160,1707000000,1707000000
손익계정,740987370,0,국립춘천병원,2019,0,967983230,보건복지부,14702987370,15670970600,13962000000,13962000000
자본계정,256678200,0,국립춘천병원,2019,0,0,보건복지부,1451678200,1451678200,1195000000,1195000000
농어촌특별세사업계정,3488936470,0,농어촌구조개선특별회계,2019,0,34074970,보건복지부,3488936470,3523011440,0,0
투자계정,1716870,0,에너지및자원사업특별회계,2019,0,2125377960,보건복지부,1716870,2127094830,0,0
,-1.36038E+11,0,일반회계,2019,11495109170,2.22726E+11,보건복지부,3.36235E+11,5.70457E+11,4.72273E+11,4.72273E+11
지역자율계정,319759600,0,국가균형발전특별회계,2019,0,165628660,산림청,319759600,485388260,0,0
손익계정,1251488320,0,국립자연휴양림관리소,2019,0,0,산림청,31547488320,31547488320,30296000000,30296000000
자본계정,920191420,0,국립자연휴양림관리소,2019,0,0,산림청,42919191420,42919191420,41999000000,41999000000
임업진흥사업계정,-12173656540,0,농어촌구조개선특별회계,2019,0,51862915070,산림청,7.97147E+11,8.4901E+11,8.09321E+11,8.09321E+11
,24963134970,0,일반회계,2019,183974540,26359514260,산림청,1.14363E+11,1.40907E+11,89400000000,89400000000
세종특별자치시계정,1009187030,0,국가균형발전특별회계,2019,0,0,산업통상자원부,1009187030,1009187030,0,0
제주특별자치도계정,61393230,0,국가균형발전특별회계,2019,0,0,산업통상자원부,61393230,61393230,0,0
지역자율계정,5179341880,0,국가균형발전특별회계,2019,0,54387000,산업통상자원부,5179341880,5233728880,0,0
지역지원계정,-19977441670,0,국가균형발전특별회계,2019,0,3301965980,산업통상자원부,73654558330,76956524310,93632000000,93632000000
융자계정,-1.70338E+11,0,에너지및자원사업특별회계,2019,0,0,산업통상자원부,6.76877E+11,6.76877E+11,8.47215E+11,8.47215E+11
투자계정,-4.77979E+11,0,에너지및자원사업특별회계,2019,695285770,4204756020,산업통상자원부,4.66637E+12,4.67127E+12,5.14435E+12,5.14435E+12
,-16225421190,0,일반회계,2019,0,10865329160,산업통상자원부,1.43761E+11,1.54626E+11,1.59986E+11,1.59986E+11
지역자율계정,130988180,0,국가균형발전특별회계,2019,0,0,새만금개발청,130988180,130988180,0,0
지역지원계정,-152169900,0,국가균형발전특별회계,2019,0,0,새만금개발청,18830100,18830100,171000000,171000000
,-49595560,0,일반회계,2019,0,328965160,새만금개발청,1044404440,1373369600,1094000000,1094000000
,244276130,0,일반회계,2019,7916060,1832470,소방청,2781276130,2791024660,2537000000,2537000000
제주특별자치도계정,0,0,국가균형발전특별회계,2019,0,468840,식품의약품안전처,0,468840,0,0
지역지원계정,22405580,0,국가균형발전특별회계,2019,0,0,식품의약품안전처,22405580,22405580,0,0
구조개선사업계정,15408990,0,농어촌구조개선특별회계,2019,0,0,식품의약품안전처,21408990,21408990,6000000,6000000
,4693915020,0,일반회계,2019,15213200,4317481750,식품의약품안전처,29385915020,33718609970,24692000000,24692000000
세종특별자치시계정,0,0,국가균형발전특별회계,2019,0,18416450,여성가족부,0,18416450,0,0
제주특별자치도계정,32224330,0,국가균형발전특별회계,2019,0,0,여성가족부,32224330,32224330,0,0
지역자율계정,514883850,0,국가균형발전특별회계,2019,0,293596760,여성가족부,514883850,808480610,0,0
,-4216389190,0,일반회계,2019,0,5098999570,여성가족부,3877610810,8976610380,8094000000,8094000000
,25317319630,0,일반회계,2019,0,1048053960,외교부,2.92051E+11,2.93099E+11,2.66734E+11,2.66734E+11
,286352660,0,일반회계,2019,0,56000000,원자력안전위원회,1704352660,1760352660,1418000000,1418000000
,1138120160,0,일반회계,2019,0,164284470,인사혁신처,60418120160,60582404630,59280000000,59280000000
손익계정,34535135250,0,조달특별회계,2019,515000,46108146670,조달청,2.78041E+11,3.2415E+11,2.43506E+11,2.43506E+11
자본계정,-16796176900,0,조달특별회계,2019,0,0,조달청,1.36308E+11,1.36308E+11,1.53104E+11,1.53104E+11
제주특별자치도계정,24241730,0,국가균형발전특별회계,2019,0,0,중소벤처기업부,24241730,24241730,0,0
지역자율계정,-2057728970,0,국가균형발전특별회계,2019,0,695231160,중소벤처기업부,4952271030,5647502190,7010000000,7010000000
지역지원계정,11591114210,0,국가균형발전특별회계,2019,0,0,중소벤처기업부,21281114210,21281114210,9690000000,9690000000
,1.06405E+11,0,일반회계,2019,0,1222787720,중소벤처기업부,1.7117E+11,1.72393E+11,64765000000,64765000000
,48094000,0,일반회계,2019,0,6241900,중앙선거관리위원회,886094000,892335900,838000000,838000000
,1085636750,0,일반회계,2019,0,70529560,통계청,4341636750,4412166310,3256000000,3256000000
,-829593740,0,일반회계,2019,0,264803600,통일부,1981406260,2246209860,2811000000,2811000000
손익계정,6571646360,0,특허청,2019,0,0,특허청,5.35247E+11,5.35247E+11,5.28675E+11,5.28675E+11
자본계정,-1370066180,0,특허청,2019,0,0,특허청,1.31505E+11,1.31505E+11,1.32875E+11,1.32875E+11
,7425530410,0,일반회계,2019,2005540,7685954560,해양경찰청,12323530410,20011490510,4898000000,4898000000
항만계정,-69448276070,0,교통시설특별회계,2019,0,23769263340,해양수산부,1.38343E+12,1.4072E+12,1.45288E+12,1.45288E+12
제주특별자치도계정,5281258470,0,국가균형발전특별회계,2019,0,0,해양수산부,6915258470,6915258470,1634000000,1634000000
지역자율계정,3760118140,0,국가균형발전특별회계,2019,0,1129973520,해양수산부,7914118140,9044091660,4154000000,4154000000
지역지원계정,2879044200,0,국가균형발전특별회계,2019,0,359991740,해양수산부,6552044200,6912035940,3673000000,3673000000
구조개선사업계정,-3987392220,0,농어촌구조개선특별회계,2019,0,2719583870,해양수산부,16209607780,18929191650,20197000000,20197000000
농어촌특별세사업계정,-723720300,0,농어촌구조개선특별회계,2019,0,579095580,해양수산부,5194279700,5773375280,5918000000,5918000000
투자계정,-2670931950,0,에너지및자원사업특별회계,2019,0,538971480,해양수산부,1162068050,1701039530,3833000000,3833000000
,-35435455500,0,일반회계,2019,3767960,3654152460,해양수산부,31983544500,35641464920,67419000000,67419000000
지역자율계정,1327706630,0,국가균형발전특별회계,2019,0,120398440,행정안전부,1327706630,1448105070,0,0
지역지원계정,1896238660,0,국가균형발전특별회계,2019,0,1124344290,행정안전부,2502238660,3626582950,606000000,606000000
,-3471104350,0,일반회계,2019,0,5254547210,행정안전부,52052895650,57307442860,55524000000,55524000000
,2524000000,0,혁신도시건설특별회계,2019,0,0,행정안전부,5271000000,5271000000,2747000000,2747000000
,66348863110,0,행정중심복합도시건설특별회계,2019,9307720,15100460,행정중심복합도시건설청,3.66086E+11,3.6611E+11,2.99737E+11,2.99737E+11
,9218810,0,일반회계,2019,0,0,헌법재판소,35218810,35218810,26000000,26000000
세종특별자치시계정,5914280,0,국가균형발전특별회계,2019,0,7542790,환경부,5914280,13457070,0,0
제주특별자치도계정,2649270,0,국가균형발전특별회계,2019,0,0,환경부,2649270,2649270,0,0
지역자율계정,15356087450,0,국가균형발전특별회계,2019,0,408270960,환경부,15356087450,15764358410,0,0
지역지원계정,16852010,0,국가균형발전특별회계,2019,0,294060,환경부,16852010,17146070,0,0
농어촌특별세사업계정,1261873370,0,농어촌구조개선특별회계,2019,0,621480950,환경부,1761873370,2383354320,500000000,500000000
투자계정,13717090430,0,에너지및자원사업특별회계,2019,0,10376162340,환경부,15523090430,25899252770,1806000000,1806000000
,2238894240,0,일반회계,2019,0,10227210,환경부,3038894240,3049121450,800000000,800000000
,2.20472E+11,0,환경개선특별회계,2019,21467535560,8.59068E+11,환경부,6.02798E+12,6.90852E+12,5.80751E+12,5.80751E+12
,31162530,0,일반회계,2018,0,0,가습기살균제사건과 4·16세월호참사 특별조사위원회,31162530,31162530,0,0
,5266910,0,일반회계,2018,0,380634290,감사원,453266910,833901200,448000000,448000000
손익계정,-61198140,0,경찰병원,2018,10119460,23707490,경찰청,71603620860,71637447810,71664819000,71664819000
자본계정,555204910,0,경찰병원,2018,0,0,경찰청,6126204910,6126204910,5571000000,5571000000
,-58624555770,0,일반회계,2018,48412482980,9.9935E+11,경찰청,8.32855E+11,1.88062E+12,8.9148E+11,8.9148E+11
투자계정,120004650,0,에너지및자원사업특별회계,2018,0,1021942070,고용노동부,323004650,1344946720,203000000,203000000
,-18763821220,0,일반회계,2018,229954460,41875992490,고용노동부,67950178780,1.10056E+11,86714000000,86714000000
생활기반계정,196458780,0,지역발전특별회계,2018,0,3335665610,고용노동부,196458780,3532124390,0,0
제주특별자치도계정,206333680,0,지역발전특별회계,2018,0,0,고용노동부,206333680,206333680,0,0
,-2.71027E+11,0,일반회계,2018,2496015810,2.91394E+11,공정거래위원회,2.4157E+11,5.35461E+11,5.12597E+11,5.12597E+11
손익계정,259703060,0,국립과천과학관,2018,0,130775740,과학기술정보통신부,28848645060,28979420800,28588942000,28588942000
자본계정,744940690,0,국립과천과학관,2018,0,0,과학기술정보통신부,7571940690,7571940690,6827000000,6827000000
손익계정,187679930,0,국립중앙과학관,2018,0,215265970,과학기술정보통신부,23037198930,23252464900,22849519000,22849519000
자본계정,5584078160,0,국립중앙과학관,2018,0,0,과학기술정보통신부,23018078160,23018078160,17434000000,17434000000
투자계정,147385540,0,에너지및자원사업특별회계,2018,0,0,과학기술정보통신부,147385540,147385540,0,0
,-42982539600,0,우체국보험특별회계,2018,0,47476680,과학기술정보통신부,9.49167E+11,9.49215E+11,9.9215E+11,9.9215E+11
손익계정,-8.72416E+11,0,우체국예금특별회계,2018,493974140,3231757480,과학기술정보통신부,2.39761E+12,2.40133E+12,3.27002E+12,3.27002E+12
자본계정,798833110,0,우체국예금특별회계,2018,0,0,과학기술정보통신부,9026833110,9026833110,8228000000,8228000000
손익계정,-5.95409E+11,0,우편사업특별회계,2018,13319040,9313043930,과학기술정보통신부,3.89794E+12,3.90727E+12,4.49335E+12,4.49335E+12
자본계정,-10912219130,0,우편사업특별회계,2018,0,1667182920,과학기술정보통신부,1.7263E+11,1.74297E+11,1.83542E+11,1.83542E+11
,14660512230,-10257000000,일반회계,2018,5138010170,3560977530,과학기술정보통신부,4.05652E+11,4.1435E+11,4.01248E+11,3.90991E+11
경제발전계정,5219817220,0,지역발전특별회계,2018,0,18182360,과학기술정보통신부,9051817220,9069999580,3832000000,3832000000
제주특별자치도계정,23855150,0,지역발전특별회계,2018,0,0,과학기술정보통신부,23855150,23855150,0,0
,-11643165000,0,일반회계,2018,6219748360,4.20717E+11,관세청,86131835000,5.13069E+11,97775000000,97775000000
,88091651160,0,유아교육지원특별회계,2018,0,0,교육부,3.98081E+12,3.98081E+12,3.89272E+12,3.89272E+12
,-19607427200,0,일반회계,2018,43062680,2394756240,교육부,1.74595E+11,1.77032E+11,1.94202E+11,1.94202E+11
경제발전계정,3887041520,0,지역발전특별회계,2018,0,0,교육부,12653041520,12653041520,8766000000,8766000000
투자계정,-61567100,0,에너지및자원사업특별회계,2018,2098530,442210,국가보훈처,48432900,50973640,110000000,110000000
,-779064540,0,일반회계,2018,424897570,3826226850,국가보훈처,6800935460,11052059880,7580000000,7580000000
,-4252520,0,일반회계,2018,0,1514750,국가인권위원회,12747480,14262230,17000000,17000000
,16929234900,0,일반회계,2018,0,0,국가정보원,18804234900,18804234900,1875000000,1875000000
,526010640,0,일반회계,2018,0,0,국무조정실 및 국무총리비서실,526010640,526010640,0,0
,-484254230,0,일반회계,2018,0,88569800,국민권익위원회,356745770,445315570,841000000,841000000
,1.46013E+11,0,국방·군사시설이전특별회계,2018,0,11969269750,국방부,7.13397E+11,7.25367E+11,5.67384E+11,5.67384E+11
,67641523260,0,일반회계,2018,1435327590,77990479460,국방부,3.13273E+11,3.92698E+11,2.45631E+11,2.45631E+11
,42063602860,0,주한미군기지이전특별회계,2018,0,2207414100,국방부,6.06145E+11,6.08352E+11,5.64081E+11,5.64081E+11
,-1.58214E+11,0,일반회계,2018,4.23843E+11,4.01655E+12,국세청,1.03956E+12,5.47995E+12,1.19777E+12,1.19777E+12
,6843718550,0,혁신도시건설특별회계,2018,0,0,국세청,65828718550,65828718550,58985000000,58985000000
공항계정,78994034570,0,교통시설특별회계,2018,0,10633105870,국토교통부,8.03412E+11,8.14045E+11,7.24418E+11,7.24418E+11
교통체계관리계정,31162647390,0,교통시설특별회계,2018,0,47864340,국토교통부,5.08037E+11,5.08085E+11,4.76874E+11,4.76874E+11
도로계정,2.0384E+11,0,교통시설특별회계,2018,6790000,81051422540,국토교통부,1.22755E+13,1.23566E+13,1.20717E+13,1.20717E+13
철도계정,77600004480,0,교통시설특별회계,2018,0,6078015770,국토교통부,3.64E+12,3.64608E+12,3.5624E+12,3.5624E+12
투자계정,14547990,0,에너지및자원사업특별회계,2018,0,0,국토교통부,14547990,14547990,0,0
,-46773340820,-461275000,일반회계,2018,0,33708045020,국토교통부,84405384180,1.18113E+11,1.3164E+11,1.31179E+11
경제발전계정,-9800822240,0,지역발전특별회계,2018,82719090,2.03962E+11,국토교통부,3.04132E+11,5.08177E+11,3.13933E+11,3.13933E+11
생활기반계정,32845774740,0,지역발전특별회계,2018,3521793710,6.01243E+11,국토교통부,2.18652E+11,8.23417E+11,1.85806E+11,1.85806E+11
세종특별자치시계정,78719490,0,지역발전특별회계,2018,0,0,국토교통부,78719490,78719490,0,0
제주특별자치도계정,-2603115000,0,지역발전특별회계,2018,0,0,국토교통부,224885000,224885000,2828000000,2828000000
,14258666670,0,혁신도시건설특별회계,2018,0,0,국토교통부,1.88031E+11,1.88031E+11,1.73772E+11,1.73772E+11
,861716310,0,일반회계,2018,0,316806300,국회,3210716310,3527522610,2349000000,2349000000
,14380412540,0,일반회계,2018,1339180000,17707924000,금융위원회,42965412540,62012516540,28585000000,28585000000
,-3111905090,0,일반회계,2018,1023600,14332434040,기상청,6107094910,20440552550,9219000000,9219000000
투자계정,158356980,0,에너지및자원사업특별회계,2018,0,0,기획재정부,158356980,158356980,0,0
,1.30546E+13,0,일반회계,2018,3.92337E+12,3.95908E+13,기획재정부,3.08922E+14,3.52436E+14,2.95867E+14,2.95867E+14
경제발전계정,-1.65835E+11,0,지역발전특별회계,2018,0,0,기획재정부,3.69086E+12,3.69086E+12,3.85669E+12,3.85669E+12
생활기반계정,73361715330,0,지역발전특별회계,2018,0,0,기획재정부,5.12063E+12,5.12063E+12,5.04727E+12,5.04727E+12
세종특별자치시계정,27946231310,0,지역발전특별회계,2018,0,0,기획재정부,1.28374E+11,1.28374E+11,1.00428E+11,1.00428E+11
제주특별자치도계정,73052524050,0,지역발전특별회계,2018,0,0,기획재정부,3.9094E+11,3.9094E+11,3.17887E+11,3.17887E+11
구조개선사업계정,4.47964E+11,0,농어촌구조개선특별회계,2018,0,9205897490,농림축산식품부,5.73595E+12,5.74516E+12,5.28799E+12,5.28799E+12
농어촌특별세사업계정,1.16835E+12,0,농어촌구조개선특별회계,2018,0,1266944010,농림축산식품부,5.62561E+12,5.62688E+12,4.45726E+12,4.45726E+12
손익계정,5.48831E+11,0,양곡관리특별회계,2018,123643750,690619860,농림축산식품부,2.30709E+12,2.3079E+12,1.75826E+12,1.75826E+12
자본계정,811330,0,양곡관리특별회계,2018,0,0,농림축산식품부,811330,811330,0,0
융자계정,-7562982560,0,에너지및자원사업특별회계,2018,0,0,농림축산식품부,14451017440,14451017440,22014000000,22014000000
투자계정,-16673537900,0,에너지및자원사업특별회계,2018,0,0,농림축산식품부,4237462100,4237462100,20911000000,20911000000
,-13129414240,0,일반회계,2018,360960,3884482490,농림축산식품부,7262585760,11147429210,20392000000,20392000000
경제발전계정,-2161434330,0,지역발전특별회계,2018,0,3912660,농림축산식품부,4245565670,4249478330,6407000000,6407000000
생활기반계정,3309294280,0,지역발전특별회계,2018,0,873237090,농림축산식품부,15756294280,16629531370,12447000000,12447000000
세종특별자치시계정,17726020,0,지역발전특별회계,2018,0,0,농림축산식품부,17726020,17726020,0,0
,59801490,0,혁신도시건설특별회계,2018,0,0,농림축산식품부,9059801490,9059801490,9000000000,9000000000
구조개선사업계정,-1417997760,0,농어촌구조개선특별회계,2018,0,0,농촌진흥청,356002240,356002240,1774000000,1774000000
,-907906690,0,일반회계,2018,0,12024380,농촌진흥청,8543093310,8555117690,9451000000,9451000000
경제발전계정,430528790,0,지역발전특별회계,2018,0,0,농촌진흥청,930528790,930528790,500000000,500000000
생활기반계정,-179140900,0,지역발전특별회계,2018,0,0,농촌진흥청,520859100,520859100,700000000,700000000
세종특별자치시계정,29454380,0,지역발전특별회계,2018,0,0,농촌진흥청,29454380,29454380,0,0
제주특별자치도계정,121568990,0,지역발전특별회계,2018,0,0,농촌진흥청,121568990,121568990,0,0
,543443930,0,혁신도시건설특별회계,2018,0,0,농촌진흥청,12039443930,12039443930,11496000000,11496000000
,-79925175400,0,등기특별회계,2018,0,128400,대법원,2.84349E+11,2.84349E+11,3.64274E+11,3.64274E+11
,-2.43646E+11,0,일반회계,2018,20452750,547372750,대법원,4.06056E+11,4.06624E+11,6.49702E+11,6.49702E+11
,82572570,0,일반회계,2018,0,0,대통령경호처,207572570,207572570,125000000,125000000
,331235570,0,일반회계,2018,0,0,대통령비서실 및 국가안보실,410235570,410235570,79000000,79000000
,6615120170,0,일반회계,2018,2254830,6458485740,문화재청,47074120170,53534860740,40459000000,40459000000
생활기반계정,1644893490,0,지역발전특별회계,2018,0,92299290,문화재청,1644893490,1737192780,0,0
,12428398430,0,아시아문화중심도시조성특별회계,2018,0,16564630,문화체육관광부,84237909430,84254474060,71809511000,71809511000
,46450791330,0,일반회계,2018,641012440,11168438920,문화체육관광부,1.02847E+11,1.14656E+11,56396000000,56396000000
경제발전계정,3236131950,0,지역발전특별회계,2018,0,1934191410,문화체육관광부,9536131950,11470323360,6300000000,6300000000
생활기반계정,8757504850,0,지역발전특별회계,2018,0,5342746780,문화체육관광부,12893504850,18236251630,4136000000,4136000000
세종특별자치시계정,0,0,지역발전특별회계,2018,0,6134240,문화체육관광부,0,6134240,0,0
제주특별자치도계정,2995520,0,지역발전특별회계,2018,0,1023110,문화체육관광부,2995520,4018630,0,0
,-1496700,0,일반회계,2018,0,0,민주평화통일자문회의,3503300,3503300,5000000,5000000
,15401340460,10257000000,일반회계,2018,0,1.09552E+11,방송통신위원회,57310340460,1.66862E+11,31652000000,41909000000
,3.33107E+11,0,일반회계,2018,174796510,5.36767E+11,방위사업청,5.88905E+11,1.12585E+12,2.55798E+11,2.55798E+11
,-11691603650,0,교도작업특별회계,2018,0,119035340,법무부,1.18233E+11,1.18352E+11,1.29925E+11,1.29925E+11
,-5.30865E+11,0,일반회계,2018,934500,17451153110,법무부,1.38361E+12,1.40106E+12,1.91447E+12,1.91447E+12
,41184840,0,일반회계,2018,0,84584510,법제처,41184840,125769350,0,0
,5217000,0,일반회계,2018,65000000,76556000,병무청,213217000,354773000,208000000,208000000
손익계정,1729644740,0,국립공주병원,2018,0,681258570,보건복지부,16133224740,16814483310,14403580000,14403580000
자본계정,130582820,0,국립공주병원,2018,0,0,보건복지부,2041582820,2041582820,1911000000,1911000000
손익계정,1780798250,0,국립나주병원,2018,0,1483053890,보건복지부,21899560250,23382614140,20118762000,20118762000
자본계정,182664390,0,국립나주병원,2018,0,0,보건복지부,1658664390,1658664390,1476000000,1476000000
손익계정,3423919900,0,국립마산병원,2018,0,938116090,보건복지부,16801316900,17739432990,13377397000,13377397000
자본계정,4519097710,0,국립마산병원,2018,0,0,보건복지부,10982097710,10982097710,6463000000,6463000000
손익계정,1135595050,0,국립목포병원,2018,0,702257050,보건복지부,10635081050,11337338100,9499486000,9499486000
자본계정,24764590,0,국립목포병원,2018,0,0,보건복지부,2031764590,2031764590,2007000000,2007000000
손익계정,503690680,0,국립부곡병원,2018,0,809556060,보건복지부,19469655680,20279211740,18965965000,18965965000
자본계정,46225340,0,국립부곡병원,2018,0,0,보건복지부,1714225340,1714225340,1668000000,1668000000
손익계정,2757483310,0,국립재활원,2018,0,521070060,보건복지부,44578783310,45099853370,41821300000,41821300000
자본계정,571610350,0,국립재활원,2018,0,0,보건복지부,6988610350,6988610350,6417000000,6417000000
손익계정,6797397510,0,국립정신건강센터,2018,0,1539026430,보건복지부,45575701510,47114727940,38778304000,38778304000
자본계정,576023320,0,국립정신건강센터,2018,0,0,보건복지부,2194023320,2194023320,1618000000,1618000000
손익계정,-627714640,0,국립춘천병원,2018,0,999293140,보건복지부,13128887360,14128180500,13756602000,13756602000
자본계정,116523410,0,국립춘천병원,2018,0,0,보건복지부,1447523410,1447523410,1331000000,1331000000
농어촌특별세사업계정,3575197270,0,농어촌구조개선특별회계,2018,0,7504650,보건복지부,3575197270,3582701920,0,0
투자계정,7907430,0,에너지및자원사업특별회계,2018,0,2127094830,보건복지부,7907430,2135002260,0,0
,-1.69173E+11,0,일반회계,2018,127712650,1.85366E+11,보건복지부,2.64466E+11,4.4996E+11,4.33639E+11,4.33639E+11
경제발전계정,259170850,0,지역발전특별회계,2018,0,0,보건복지부,259170850,259170850,0,0
생활기반계정,10341945310,0,지역발전특별회계,2018,0,2067209730,보건복지부,10341945310,12409155040,0,0
제주특별자치도계정,3729600,0,지역발전특별회계,2018,0,0,보건복지부,3729600,3729600,0,0
손익계정,3333411630,0,국립자연휴양림관리소,2018,0,0,산림청,32786378630,32786378630,29452967000,29452967000
자본계정,2437762510,0,국립자연휴양림관리소,2018,0,0,산림청,28246762510,28246762510,25809000000,25809000000
임업진흥사업계정,89026802010,0,농어촌구조개선특별회계,2018,2629440,51199752670,산림청,9.03607E+11,9.54809E+11,8.1458E+11,8.1458E+11
,-10424010380,0,일반회계,2018,27131890,22710896810,산림청,80817989620,1.03556E+11,91242000000,91242000000
생활기반계정,2265720,0,지역발전특별회계,2018,0,176945830,산림청,2265720,179211550,0,0
제주특별자치도계정,1000000000,0,지역발전특별회계,2018,0,0,산림청,1000000000,1000000000,0,0
융자계정,-2.08135E+11,0,에너지및자원사업특별회계,2018,0,0,산업통상자원부,6.88322E+11,6.88322E+11,8.96457E+11,8.96457E+11
투자계정,-2.48651E+11,0,에너지및자원사업특별회계,2018,0,4196957700,산업통상자원부,4.22321E+12,4.22741E+12,4.47187E+12,4.47187E+12
,-2230495450,0,일반회계,2018,9450000,9831201310,산업통상자원부,1.93276E+11,2.03116E+11,1.95506E+11,1.95506E+11
경제발전계정,27411218430,0,지역발전특별회계,2018,0,3373030770,산업통상자원부,1.04045E+11,1.07418E+11,76634000000,76634000000
생활기반계정,757631690,0,지역발전특별회계,2018,0,83428790,산업통상자원부,757631690,841060480,0,0
세종특별자치시계정,3426246160,0,지역발전특별회계,2018,0,0,산업통상자원부,3426246160,3426246160,0,0
,-409003170,0,일반회계,2018,0,265727070,새만금개발청,204996830,470723900,614000000,614000000
경제발전계정,177550000,0,지역발전특별회계,2018,0,0,새만금개발청,177550000,177550000,0,0
,227519000,0,일반회계,2018,0,0,세월호선체조사위원회,227519000,227519000,0,0
,777639800,0,일반회계,2018,0,10828290,소방청,777639800,788468090,0,0
구조개선사업계정,8513500,0,농어촌구조개선특별회계,2018,0,6400000,식품의약품안전처,8513500,14913500,0,0
,796686300,0,일반회계,2018,14449400,4937982230,식품의약품안전처,24826686300,29779117930,24030000000,24030000000
경제발전계정,133279760,0,지역발전특별회계,2018,0,6223850,식품의약품안전처,133279760,139503610,0,0
제주특별자치도계정,2354340,0,지역발전특별회계,2018,0,0,식품의약품안전처,2354340,2354340,0,0
,-3344512490,0,일반회계,2018,0,1208034780,여성가족부,4749487510,5957522290,8094000000,8094000000
생활기반계정,2289034340,0,지역발전특별회계,2018,0,38104710,여성가족부,2289034340,2327139050,0,0
제주특별자치도계정,0,0,지역발전특별회계,2018,0,32224330,여성가족부,0,32224330,0,0
,18681094970,0,일반회계,2018,0,10015350,외교부,2.89418E+11,2.89428E+11,2.70737E+11,2.70737E+11
,5642860,0,일반회계,2018,0,56000000,원자력안전위원회,1305642860,1361642860,1300000000,1300000000
,-2815616530,0,일반회계,2018,0,17445760,인사혁신처,86118383470,86135829230,88934000000,88934000000
손익계정,30458496890,0,조달특별회계,2018,2301870,37495435600,조달청,2.5535E+11,2.92847E+11,2.24891E+11,2.24891E+11
자본계정,30732222440,0,조달특별회계,2018,0,0,조달청,1.47876E+11,1.47876E+11,1.17144E+11,1.17144E+11
,1.35535E+11,0,일반회계,2018,0,3801580300,중소벤처기업부,1.93532E+11,1.97334E+11,57997000000,57997000000
경제발전계정,8068557280,0,지역발전특별회계,2018,0,0,중소벤처기업부,15008557280,15008557280,6940000000,6940000000
생활기반계정,-4192479100,0,지역발전특별회계,2018,0,759783900,중소벤처기업부,3200520900,3960304800,7393000000,7393000000
제주특별자치도계정,1100139800,0,지역발전특별회계,2018,0,0,중소벤처기업부,1100139800,1100139800,0,0
,-2490483940,0,일반회계,2018,0,0,중앙선거관리위원회,1602516060,1602516060,4093000000,4093000000
,3268650980,0,일반회계,2018,0,73980130,통계청,5774650980,5848631110,2506000000,2506000000
,7121370,0,일반회계,2018,0,213325580,통일부,1763121370,1976446950,1756000000,1756000000
손익계정,9957848090,0,특허청,2018,0,0,특허청,5.49786E+11,5.49786E+11,5.39828E+11,5.39828E+11
자본계정,-872024300,0,특허청,2018,0,0,특허청,1.61578E+11,1.61578E+11,1.6245E+11,1.6245E+11
,2352881280,0,일반회계,2018,3579000,15238157940,해양경찰청,6839831280,22081568220,4486950000,4486950000
항만계정,-51649851230,0,교통시설특별회계,2018,0,23081950030,해양수산부,1.36003E+12,1.38311E+12,1.41168E+12,1.41168E+12
구조개선사업계정,-7425360700,0,농어촌구조개선특별회계,2018,0,2278506700,해양수산부,10104639300,12383146000,17530000000,17530000000
농어촌특별세사업계정,-3866186460,0,농어촌구조개선특별회계,2018,0,511400370,해양수산부,2146813540,2658213910,6013000000,6013000000
투자계정,-2489840960,0,에너지및자원사업특별회계,2018,0,257458840,해양수산부,1350159040,1607617880,3840000000,3840000000
,93888414430,0,일반회계,2018,0,3305478100,해양수산부,1.62131E+11,1.65437E+11,68243000000,68243000000
경제발전계정,-1222600910,0,지역발전특별회계,2018,0,236905700,해양수산부,1605399090,1842304790,2828000000,2828000000
생활기반계정,-1875209770,0,지역발전특별회계,2018,0,380890420,해양수산부,4478790230,4859680650,6354000000,6354000000
제주특별자치도계정,5334754550,0,지역발전특별회계,2018,0,0,해양수산부,6471754550,6471754550,1137000000,1137000000
,6539710,0,혁신도시건설특별회계,2018,0,0,해양수산부,6539710,6539710,0,0
,-6183336620,0,일반회계,2018,3959510,6793558600,행정안전부,48829713380,55627231490,55013050000,55013050000
경제발전계정,-41507940,0,지역발전특별회계,2018,0,235055010,행정안전부,168492060,403547070,210000000,210000000
생활기반계정,1678238640,0,지역발전특별회계,2018,0,497209620,행정안전부,1678238640,2175448260,0,0
,-2058000000,0,혁신도시건설특별회계,2018,0,0,행정안전부,0,0,2058000000,2058000000
,88023888350,0,행정중심복합도시건설특별회계,2018,0,23820140,행정중심복합도시건설청,3.78968E+11,3.78991E+11,2.90944E+11,2.90944E+11
,18578810,0,일반회계,2018,0,0,헌법재판소,1265578810,1265578810,1247000000,1247000000
농어촌특별세사업계정,3692996880,0,농어촌구조개선특별회계,2018,0,621480950,환경부,4192996880,4814477830,500000000,500000000
투자계정,19628596610,0,에너지및자원사업특별회계,2018,0,1147293000,환경부,21434596610,22581889610,1806000000,1806000000
,119850650,461275000,일반회계,2018,0,130598870,환경부,809125650,939724520,228000000,689275000
경제발전계정,4572220,0,지역발전특별회계,2018,0,294060,환경부,4572220,4866280,0,0
생활기반계정,10133497290,0,지역발전특별회계,2018,0,21186830,환경부,10133497290,10154684120,0,0
세종특별자치시계정,626148000,0,지역발전특별회계,2018,0,7582150,환경부,626148000,633730150,0,0
제주특별자치도계정,2759080,0,지역발전특별회계,2018,0,0,환경부,2759080,2759080,0,0
,3.35684E+11,0,환경개선특별회계,2018,47486073620,8.5694E+11,환경부,5.12965E+12,6.03408E+12,4.79397E+12,4.79397E+12
,391324620,0,일반회계,2017,0,364709690,감사원,831324620,1196034310,440000000,440000000
손익계정,-302764330,0,경찰병원,2017,1508480,33179080,경찰청,70294964670,70329652230,70597729000,70597729000
자본계정,478950120,0,경찰병원,2017,0,0,경찰청,3119950120,3119950120,2641000000,2641000000
,50094539580,0,일반회계,2017,25724236220,1.02366E+12,경찰청,8.84925E+11,1.93431E+12,8.3483E+11,8.3483E+11
,1783320,0,혁신도시건설특별회계,2017,0,0,경찰청,1783320,1783320,0,0
투자계정,157871070,0,에너지및자원사업특별회계,2017,0,1021450720,고용노동부,360871070,1382321790,203000000,203000000
,-9100477570,0,일반회계,2017,37962040,50695512010,고용노동부,72613522430,1.23347E+11,81714000000,81714000000
생활기반계정,24322633350,0,지역발전특별회계,2017,0,3432596030,고용노동부,24322633350,27755229380,0,0
세종특별자치시계정,241377060,0,지역발전특별회계,2017,0,0,고용노동부,241377060,241377060,0,0
제주특별자치도계정,1896087860,0,지역발전특별회계,2017,0,0,고용노동부,1896087860,1896087860,0,0
,559210,0,혁신도시건설특별회계,2017,0,0,고용노동부,559210,559210,0,0
,6.75737E+11,0,일반회계,2017,28075330,1.42159E+11,공정거래위원회,1.16118E+12,1.30337E+12,4.85442E+11,4.85442E+11
손익계정,-3284668630,8158091000,국립과천과학관,2017,0,126396700,과학기술정보통신부,4873422370,4999819070,0,8158091000
자본계정,2157543790,33000000,국립과천과학관,2017,0,0,과학기술정보통신부,2190543790,2190543790,0,33000000
손익계정,-1236074560,6643234000,국립중앙과학관,2017,0,214931040,과학기술정보통신부,5407159440,5622090480,0,6643234000
자본계정,1297930090,280000000,국립중앙과학관,2017,0,0,과학기술정보통신부,1577930090,1577930090,0,280000000
,-37129565370,5.2831E+11,우체국보험특별회계,2017,0,0,과학기술정보통신부,4.9118E+11,4.9118E+11,0,5.2831E+11
손익계정,-1.70474E+11,1.54758E+12,우체국예금특별회계,2017,0,3727892360,과학기술정보통신부,1.37711E+12,1.38083E+12,0,1.54758E+12
자본계정,15000103590,482200000,우체국예금특별회계,2017,0,0,과학기술정보통신부,15482303590,15482303590,0,482200000
손익계정,-2.52939E+11,1.95783E+12,우편사업특별회계,2017,170694650,8137035530,과학기술정보통신부,1.70489E+12,1.7132E+12,0,1.95783E+12
자본계정,82429399030,90203204650,우편사업특별회계,2017,84370880,225311730,과학기술정보통신부,1.72633E+11,1.72942E+11,0,90203204650
,-23244033370,2.22081E+11,일반회계,2017,4108418750,1.15609E+11,과학기술정보통신부,1.98837E+11,3.18555E+11,0,2.22081E+11
경제발전계정,2189321360,0,지역발전특별회계,2017,0,0,과학기술정보통신부,2189321360,2189321360,0,0
,-12419473970,0,일반회계,2017,8387781000,3.92563E+11,관세청,32241526030,4.33192E+11,44661000000,44661000000
,0,0,유아교육지원특별회계,2017,0,0,교육부,3.94088E+12,3.94088E+12,3.94088E+12,3.94088E+12
,-24008283720,0,일반회계,2017,72766920,2373432630,교육부,1.87076E+11,1.89522E+11,2.11084E+11,2.11084E+11
경제발전계정,1105501520,0,지역발전특별회계,2017,0,0,교육부,11202501520,11202501520,10097000000,10097000000
투자계정,-63995320,0,에너지및자원사업특별회계,2017,0,0,국가보훈처,46004680,46004680,110000000,110000000
,-5093473040,0,일반회계,2017,97698780,4194068900,국가보훈처,2403606960,6695374640,7497080000,7497080000
,-2851050,0,일반회계,2017,0,0,국가인권위원회,18148950,18148950,21000000,21000000
,19481380860,0,일반회계,2017,0,0,국가정보원,20832000860,20832000860,1350620000,1350620000
투자계정,230520,0,에너지및자원사업특별회계,2017,0,0,국무조정실 및 국무총리비서실,230520,230520,0,0
,365087960,0,일반회계,2017,0,0,국무조정실 및 국무총리비서실,365087960,365087960,0,0
,20000,0,환경개선특별회계,2017,0,0,국무조정실 및 국무총리비서실,20000,20000,0,0
,733352820,0,일반회계,2017,0,140551200,국민권익위원회,1549352820,1689904020,816000000,816000000
,1129141290,-8832502000,일반회계,2017,81003510,0,국민안전처,8443639290,8524642800,16147000000,7314498000
,72256192800,0,국방·군사시설이전특별회계,2017,772143990,20231227630,국방부,3.77899E+11,3.98903E+11,3.05643E+11,3.05643E+11
,35603062250,0,일반회계,2017,46763950,77840307510,국방부,2.72663E+11,3.5055E+11,2.3706E+11,2.3706E+11
,45789743550,0,주한미군기지이전특별회계,2017,0,1726713180,국방부,7.83545E+11,7.85271E+11,7.37755E+11,7.37755E+11
,3530354210,0,혁신도시건설특별회계,2017,0,0,국방부,48170354210,48170354210,44640000000,44640000000
,-70727994630,0,일반회계,2017,3.61668E+11,3.53086E+12,국세청,9.91012E+11,4.88354E+12,1.06174E+12,1.06174E+12
,-7573000000,0,혁신도시건설특별회계,2017,0,0,국세청,0,0,7573000000,7573000000
공항계정,1.79869E+11,0,교통시설특별회계,2017,0,1578923250,국토교통부,8.09119E+11,8.10698E+11,6.2925E+11,6.2925E+11
교통체계관리계정,1.58739E+11,0,교통시설특별회계,2017,0,11357320,국토교통부,4.43046E+11,4.43058E+11,2.84307E+11,2.84307E+11
도로계정,4.50238E+11,0,교통시설특별회계,2017,0,73221916870,국토교통부,8.26784E+12,8.34106E+12,7.8176E+12,7.8176E+12
철도계정,27408232550,0,교통시설특별회계,2017,0,25901348360,국토교통부,5.93423E+12,5.96013E+12,5.90682E+12,5.90682E+12
투자계정,766975050,0,에너지및자원사업특별회계,2017,0,0,국토교통부,766975050,766975050,0,0
,32095795770,0,일반회계,2017,0,37219049900,국토교통부,1.93475E+11,2.30694E+11,1.61379E+11,1.61379E+11
경제발전계정,-8775039930,0,지역발전특별회계,2017,6516690,2.30841E+11,국토교통부,3.69378E+11,6.00225E+11,3.78153E+11,3.78153E+11
생활기반계정,94745642990,0,지역발전특별회계,2017,9049685680,5.75621E+11,국토교통부,2.89343E+11,8.74014E+11,1.94597E+11,1.94597E+11
세종특별자치시계정,1255060,0,지역발전특별회계,2017,0,0,국토교통부,1255060,1255060,0,0
,45483943590,0,혁신도시건설특별회계,2017,0,0,국토교통부,51958943590,51958943590,6475000000,6475000000
,414714060,0,일반회계,2017,0,277619750,국회,2435714060,2713333810,2021000000,2021000000
,23014355650,0,일반회계,2017,14577640000,15531261350,금융위원회,1.00843E+11,1.30952E+11,77829000000,77829000000
,2553518070,0,일반회계,2017,0,14317775400,기상청,9440518070,23758293470,6887000000,6887000000
투자계정,0,0,에너지및자원사업특별회계,2017,0,45348280,기획재정부,0,45348280,0,0
,7.42306E+12,0,일반회계,2017,3.39603E+12,3.60341E+13,기획재정부,2.84948E+14,3.24378E+14,2.77525E+14,2.77525E+14
경제발전계정,4.61251E+11,0,지역발전특별회계,2017,0,0,기획재정부,4.73244E+12,4.73244E+12,4.27119E+12,4.27119E+12
생활기반계정,1.64727E+11,0,지역발전특별회계,2017,0,0,기획재정부,4.60743E+12,4.60743E+12,4.4427E+12,4.4427E+12
세종특별자치시계정,10901717990,0,지역발전특별회계,2017,0,0,기획재정부,1.13551E+11,1.13551E+11,1.02649E+11,1.02649E+11
제주특별자치도계정,67498845560,0,지역발전특별회계,2017,0,0,기획재정부,3.9348E+11,3.9348E+11,3.25981E+11,3.25981E+11
구조개선사업계정,42431471450,0,농어촌구조개선특별회계,2017,0,840681740,농림축산식품부,5.23459E+12,5.23543E+12,5.19216E+12,5.19216E+12
농어촌특별세사업계정,5.36964E+11,0,농어촌구조개선특별회계,2017,0,343205040,농림축산식품부,5.62851E+12,5.62885E+12,5.09154E+12,5.09154E+12
손익계정,-83871228250,0,양곡관리특별회계,2017,0,131042950,농림축산식품부,1.35393E+12,1.35406E+12,1.4378E+12,1.4378E+12
자본계정,811330,0,양곡관리특별회계,2017,0,0,농림축산식품부,811330,811330,0,0
융자계정,-6287812230,0,에너지및자원사업특별회계,2017,0,0,농림축산식품부,15726187770,15726187770,22014000000,22014000000
투자계정,62868620,0,에너지및자원사업특별회계,2017,0,0,농림축산식품부,20973868620,20973868620,20911000000,20911000000
,-14474277980,0,일반회계,2017,0,2116151500,농림축산식품부,5900722020,8016873520,20375000000,20375000000
경제발전계정,-6127795990,0,지역발전특별회계,2017,0,3912660,농림축산식품부,279204010,283116670,6407000000,6407000000
생활기반계정,8523639660,0,지역발전특별회계,2017,0,441516720,농림축산식품부,17845639660,18287156380,9322000000,9322000000
세종특별자치시계정,64446230,0,지역발전특별회계,2017,0,0,농림축산식품부,64446230,64446230,0,0
,173834020,0,혁신도시건설특별회계,2017,0,0,농림축산식품부,9273834020,9273834020,9100000000,9100000000
구조개선사업계정,-757725600,0,농어촌구조개선특별회계,2017,0,0,농촌진흥청,642274400,642274400,1400000000,1400000000
,-1505464730,0,일반회계,2017,0,21369720,농촌진흥청,8338535270,8359904990,9844000000,9844000000
경제발전계정,1039516510,0,지역발전특별회계,2017,0,0,농촌진흥청,1039516510,1039516510,0,0
생활기반계정,782424730,0,지역발전특별회계,2017,0,0,농촌진흥청,782424730,782424730,0,0
세종특별자치시계정,53130630,0,지역발전특별회계,2017,0,0,농촌진흥청,53130630,53130630,0,0
제주특별자치도계정,177439260,0,지역발전특별회계,2017,0,0,농촌진흥청,177439260,177439260,0,0
,-15958484570,0,혁신도시건설특별회계,2017,0,0,농촌진흥청,13468515430,13468515430,29427000000,29427000000
,-38772716490,0,등기특별회계,2017,0,128400,대법원,2.83199E+11,2.83199E+11,3.21972E+11,3.21972E+11
,-1.48498E+11,0,일반회계,2017,2420000,2142157780,대법원,4.26532E+11,4.28676E+11,5.7503E+11,5.7503E+11
,123370800,-36034000,일반회계,2017,0,0,대통령경호실,180336800,180336800,93000000,56966000
,57271770,36034000,일반회계,2017,0,0,대통령경호처,93305770,93305770,0,36034000
,44274010,0,일반회계,2017,0,335128350,대통령비서실 및 국가안보실,120274010,455402360,76000000,76000000
,-6506825360,0,일반회계,2017,25193710,13868114030,문화재청,33952174640,47845482380,40459000000,40459000000
경제발전계정,184927240,0,지역발전특별회계,2017,0,0,문화재청,184927240,184927240,0,0
생활기반계정,47341860,0,지역발전특별회계,2017,0,832810090,문화재청,47341860,880151950,0,0
,15169806120,0,아시아문화중심도시조성특별회계,2017,0,87024410,문화체육관광부,86767526120,86854550530,71597720000,71597720000
,14819690920,0,일반회계,2017,918513600,11392836180,문화체육관광부,63899690920,76211040700,49080000000,49080000000
경제발전계정,1150932790,0,지역발전특별회계,2017,0,3715827940,문화체육관광부,7450932790,11166760730,6300000000,6300000000
생활기반계정,17533802100,0,지역발전특별회계,2017,0,5211385590,문화체육관광부,21669802100,26881187690,4136000000,4136000000
세종특별자치시계정,6123370,0,지역발전특별회계,2017,0,0,문화체육관광부,6123370,6123370,0,0
제주특별자치도계정,1345270030,0,지역발전특별회계,2017,0,1023110,문화체육관광부,1345270030,1346293140,0,0
손익계정,1454993160,-8158091000,국립과천과학관,2017,0,0,미래창조과학부,18922590160,18922590160,25625688000,17467597000
자본계정,0,-33000000,국립과천과학관,2017,0,0,미래창조과학부,7406000000,7406000000,7439000000,7406000000
손익계정,1130674420,-6643234000,국립중앙과학관,2017,0,0,미래창조과학부,17441460420,17441460420,22954020000,16310786000
자본계정,1000000,-280000000,국립중앙과학관,2017,0,0,미래창조과학부,16033000000,16033000000,16312000000,16032000000
투자계정,28985140,0,에너지및자원사업특별회계,2017,0,0,미래창조과학부,28985140,28985140,0,0
,-58706547620,-5.2831E+11,우체국보험특별회계,2017,0,0,미래창조과학부,4.3647E+11,4.3647E+11,1.02349E+12,4.95176E+11
손익계정,-4.92325E+11,-1.54758E+12,우체국예금특별회계,2017,0,0,미래창조과학부,9.90844E+11,9.90844E+11,3.03075E+12,1.48317E+12
자본계정,-7652774530,-482200000,우체국예금특별회계,2017,0,0,미래창조과학부,93025470,93025470,8228000000,7745800000
손익계정,-1.57802E+11,-1.95783E+12,우편사업특별회계,2017,0,0,미래창조과학부,2.0116E+12,2.0116E+12,4.12724E+12,2.16941E+12
자본계정,-88013000580,-90203204650,우편사업특별회계,2017,0,0,미래창조과학부,2669794770,2669794770,1.80886E+11,90682795350
,3834132480,-2.22081E+11,일반회계,2017,0,0,미래창조과학부,1.62801E+11,1.62801E+11,3.81048E+11,1.58967E+11
경제발전계정,2225808490,0,지역발전특별회계,2017,0,0,미래창조과학부,5207808490,5207808490,2982000000,2982000000
,959490,0,일반회계,2017,0,0,민주평화통일자문회의,6959490,6959490,6000000,6000000
,-8230457120,0,일반회계,2017,0,939761680,방송통신위원회,22952542880,23892304560,31183000000,31183000000
,2.24081E+11,0,일반회계,2017,0,5.06218E+11,방위사업청,4.06503E+11,9.12721E+11,1.82422E+11,1.82422E+11
,-4647416380,0,교도작업특별회계,2017,0,85524290,법무부,97565583620,97651107910,1.02213E+11,1.02213E+11
,-2.5299E+11,0,일반회계,2017,4160660,20115014590,법무부,1.50369E+12,1.52381E+12,1.75668E+12,1.75668E+12
,1854826660,0,혁신도시건설특별회계,2017,0,0,법무부,1854826660,1854826660,0,0
,7268060,0,일반회계,2017,0,79850810,법제처,7268060,87118870,0,0
,-43663440,0,일반회계,2017,127175280,146056000,병무청,162336560,435567840,206000000,206000000
손익계정,1794036350,0,국립공주병원,2017,0,633682390,보건복지부,15225329350,15859011740,13431293000,13431293000
자본계정,348291800,0,국립공주병원,2017,0,0,보건복지부,2448291800,2448291800,2100000000,2100000000
손익계정,2980693710,0,국립나주병원,2017,0,1672521430,보건복지부,22053563710,23726085140,19072870000,19072870000
자본계정,181208830,0,국립나주병원,2017,0,0,보건복지부,1801208830,1801208830,1620000000,1620000000
손익계정,3384756830,0,국립마산병원,2017,0,800119120,보건복지부,16390049830,17190168950,13005293000,13005293000
자본계정,356223570,0,국립마산병원,2017,0,0,보건복지부,11656223570,11656223570,11300000000,11300000000
손익계정,1353339810,0,국립목포병원,2017,0,337252080,보건복지부,10104657810,10441909890,8751318000,8751318000
자본계정,-13529130,0,국립목포병원,2017,0,0,보건복지부,1771470870,1771470870,1785000000,1785000000
손익계정,2126268010,0,국립부곡병원,2017,0,558218310,보건복지부,18737078010,19295296320,16610810000,16610810000
자본계정,241891130,0,국립부곡병원,2017,0,0,보건복지부,1983891130,1983891130,1742000000,1742000000
손익계정,2996569020,0,국립재활원,2017,1535500,242673340,보건복지부,41999508020,42243716860,39002939000,39002939000
자본계정,3079741240,0,국립재활원,2017,0,0,보건복지부,5731741240,5731741240,2652000000,2652000000
손익계정,5864605870,0,국립정신건강센터,2017,0,1352253250,보건복지부,40365471870,41717725120,34500866000,34500866000
자본계정,-560576070,0,국립정신건강센터,2017,0,0,보건복지부,1569423930,1569423930,2130000000,2130000000
손익계정,574002640,0,국립춘천병원,2017,0,816388270,보건복지부,13482152640,14298540910,12908150000,12908150000
자본계정,127843500,0,국립춘천병원,2017,0,0,보건복지부,1301843500,1301843500,1174000000,1174000000
농어촌특별세사업계정,2361455970,0,농어촌구조개선특별회계,2017,0,0,보건복지부,2361455970,2361455970,0,0
투자계정,157510100,0,에너지및자원사업특별회계,2017,48864350,2135002260,보건복지부,157510100,2341376710,0,0
,55600744790,0,일반회계,2017,48140000,1.6358E+11,보건복지부,4.68321E+11,6.31949E+11,4.1272E+11,4.1272E+11
경제발전계정,1732990660,0,지역발전특별회계,2017,0,0,보건복지부,1732990660,1732990660,0,0
생활기반계정,27701887000,0,지역발전특별회계,2017,0,6067459950,보건복지부,27701887000,33769346950,0,0
세종특별자치시계정,31095360,0,지역발전특별회계,2017,0,0,보건복지부,31095360,31095360,0,0
제주특별자치도계정,33819610,0,지역발전특별회계,2017,0,0,보건복지부,33819610,33819610,0,0
손익계정,4718466530,0,국립자연휴양림관리소,2017,0,0,산림청,32962148530,32962148530,28243682000,28243682000
자본계정,-701010720,0,국립자연휴양림관리소,2017,0,0,산림청,30052989280,30052989280,30754000000,30754000000
임업진흥사업계정,89750220640,0,농어촌구조개선특별회계,2017,87374410,58015620510,산림청,9.29163E+11,9.87266E+11,8.39413E+11,8.39413E+11
,-37855965990,0,일반회계,2017,2381171800,21812413970,산림청,52138034010,76331619780,89994000000,89994000000
생활기반계정,382973310,0,지역발전특별회계,2017,0,0,산림청,382973310,382973310,0,0
제주특별자치도계정,413621910,0,지역발전특별회계,2017,0,0,산림청,413621910,413621910,0,0
융자계정,-2.1303E+11,0,에너지및자원사업특별회계,2017,0,0,산업통상자원부,8.60549E+11,8.60549E+11,1.07358E+12,1.07358E+12
투자계정,-1.73781E+11,0,에너지및자원사업특별회계,2017,1012659690,10351578240,산업통상자원부,4.4642E+12,4.47556E+12,4.63798E+12,4.63798E+12
,-15490683300,0,일반회계,2017,0,10215319170,산업통상자원부,1.72495E+11,1.82711E+11,1.87986E+11,1.87986E+11
경제발전계정,81655541420,0,지역발전특별회계,2017,0,6605239040,산업통상자원부,1.38403E+11,1.45008E+11,56747000000,56747000000
생활기반계정,8413163590,0,지역발전특별회계,2017,0,653640,산업통상자원부,8413163590,8413817230,0,0
,466107340,0,일반회계,2017,0,88988210,새만금개발청,573107340,662095550,107000000,107000000
,1750320,0,일반회계,2017,0,0,세월호선체조사위원회,1750320,1750320,0,0
,2284746850,0,일반회계,2017,0,26240000,소방청,2284746850,2310986850,0,0
구조개선사업계정,-873004570,0,농어촌구조개선특별회계,2017,0,0,식품의약품안전처,8995430,8995430,882000000,882000000
,-2205861160,0,일반회계,2017,11192000,3048796220,식품의약품안전처,21058138840,24118127060,23264000000,23264000000
,-1435113730,0,일반회계,2017,0,1919010010,여성가족부,6658886270,8577896280,8094000000,8094000000
생활기반계정,1500014180,0,지역발전특별회계,2017,0,7037200,여성가족부,1500014180,1507051380,0,0
제주특별자치도계정,121495640,0,지역발전특별회계,2017,0,0,여성가족부,121495640,121495640,0,0
,18733576390,0,일반회계,2017,0,0,외교부,2.68132E+11,2.68132E+11,2.49398E+11,2.49398E+11
,1673531990,0,일반회계,2017,0,56000000,원자력안전위원회,2491531990,2547531990,818000000,818000000
,288643780,0,일반회계,2017,0,227097200,인사혁신처,8151643780,8378740980,7863000000,7863000000
손익계정,17078847270,0,조달특별회계,2017,288000,36878676040,조달청,2.40824E+11,2.77703E+11,2.23746E+11,2.23746E+11
자본계정,9067267830,0,조달특별회계,2017,0,0,조달청,1.242E+11,1.242E+11,1.15133E+11,1.15133E+11
,1580617840,-16889652000,일반회계,2017,0,0,중소기업청,41397965840,41397965840,56707000000,39817348000
경제발전계정,180,-6532492000,지역발전특별회계,2017,0,0,중소기업청,163508180,163508180,6696000000,163508000
생활기반계정,396987220,-4554587000,지역발전특별회계,2017,0,0,중소기업청,2895400220,2895400220,7053000000,2498413000
제주특별자치도계정,26592660,0,지역발전특별회계,2017,0,0,중소기업청,26592660,26592660,0,0
,14789119370,16889652000,일반회계,2017,410356000,726636270,중소벤처기업부,31678771370,32815763640,0,16889652000
경제발전계정,9348192360,6532492000,지역발전특별회계,2017,0,0,중소벤처기업부,15880684360,15880684360,0,6532492000
생활기반계정,-419345310,4554587000,지역발전특별회계,2017,0,771128010,중소벤처기업부,4135241690,4906369700,0,4554587000
,4251882920,0,일반회계,2017,0,0,중앙선거관리위원회,5942882920,5942882920,1691000000,1691000000
,932675960,0,일반회계,2017,0,79709680,통계청,4182675960,4262385640,3250000000,3250000000
,-14943800,0,일반회계,2017,0,178703600,통일부,2379056200,2557759800,2394000000,2394000000
손익계정,36804043970,0,특허청,2017,0,0,특허청,5.37461E+11,5.37461E+11,5.00657E+11,5.00657E+11
자본계정,-918227850,0,특허청,2017,0,0,특허청,1.35313E+11,1.35313E+11,1.36231E+11,1.36231E+11
,-20007280,2143941000,일반회계,2017,4663000,18727402340,해양경찰청,2123933720,20855999060,0,2143941000
항만계정,2.76282E+11,0,교통시설특별회계,2017,138849100,22292021310,해양수산부,1.76301E+12,1.78544E+12,1.48673E+12,1.48673E+12
구조개선사업계정,4300504140,0,농어촌구조개선특별회계,2017,0,2164946240,해양수산부,17223504140,19388450380,12923000000,12923000000
농어촌특별세사업계정,-2044724450,0,농어촌구조개선특별회계,2017,0,524732240,해양수산부,3007275550,3532007790,5052000000,5052000000
투자계정,-1091322090,0,에너지및자원사업특별회계,2017,0,97788000,해양수산부,2725677910,2823465910,3817000000,3817000000
,-18795882940,0,일반회계,2017,17371290,5528436450,해양수산부,38008117060,43553924800,56804000000,56804000000
경제발전계정,6373306940,0,지역발전특별회계,2017,0,0,해양수산부,6373306940,6373306940,0,0
생활기반계정,-2025096110,0,지역발전특별회계,2017,0,64349800,해양수산부,4687903890,4752253690,6713000000,6713000000
제주특별자치도계정,1534351520,0,지역발전특별회계,2017,0,0,해양수산부,1534351520,1534351520,0,0
,-1545178020,25460765000,일반회계,2017,0,4393547550,행정안전부,23915586980,28309134530,0,25460765000
경제발전계정,502128760,0,지역발전특별회계,2017,0,223073700,행정안전부,502128760,725202460,0,0
,-1500000000,1500000000,혁신도시건설특별회계,2017,0,0,행정안전부,0,0,0,1500000000
,1477205040,-18772204000,일반회계,2017,0,0,행정자치부,24058001040,24058001040,41353000000,22580796000
경제발전계정,286877840,0,지역발전특별회계,2017,0,0,행정자치부,286877840,286877840,0,0
,0,-1500000000,혁신도시건설특별회계,2017,0,0,행정자치부,0,0,1500000000,0
,53666947880,0,행정중심복합도시건설특별회계,2017,0,17063540,행정중심복합도시건설청,3.66204E+11,3.66221E+11,3.12537E+11,3.12537E+11
,35714130,0,일반회계,2017,0,0,헌법재판소,51714130,51714130,16000000,16000000
농어촌특별세사업계정,-382767920,0,농어촌구조개선특별회계,2017,0,4451415420,환경부,117232080,4568647500,500000000,500000000
투자계정,22224064320,0,에너지및자원사업특별회계,2017,0,2094350170,환경부,24030064320,26124414490,1806000000,1806000000
,25455040,0,일반회계,2017,0,116757340,환경부,250455040,367212380,225000000,225000000
경제발전계정,4602592300,0,지역발전특별회계,2017,0,294060,환경부,4602592300,4602886360,0,0
생활기반계정,4387538380,0,지역발전특별회계,2017,0,55541570,환경부,4387538380,4443079950,0,0
세종특별자치시계정,2545369990,0,지역발전특별회계,2017,0,0,환경부,2545369990,2545369990,0,0
,2.74375E+11,0,환경개선특별회계,2017,42930489100,8.97118E+11,환경부,5.30558E+12,6.24562E+12,5.0312E+12,5.0312E+12
,900549980,0,일반회계,2016,0,0,4·16세월호참사 특별조사위원회,900549980,900549980,0,0
,31347420,0,일반회계,2016,0,348785090,감사원,460347420,809132510,429000000,429000000
손익계정,-85036290,0,경찰병원,2016,55051620,35919260,경찰청,67860339710,67951310590,67945376000,67945376000
자본계정,1905349130,0,경찰병원,2016,0,0,경찰청,4797349130,4797349130,2892000000,2892000000
,22248736470,0,일반회계,2016,37617472100,1.01655E+12,경찰청,8.52847E+11,1.90701E+12,8.30598E+11,8.30598E+11
,63482553030,0,혁신도시건설특별회계,2016,0,0,경찰청,63482553030,63482553030,0,0
투자계정,-95930080,0,에너지및자원사업특별회계,2016,0,1075255740,고용노동부,107069920,1182325660,203000000,203000000
,-907662150,0,일반회계,2016,48718200,33461143090,고용노동부,80806337850,1.14316E+11,81714000000,81714000000
생활기반계정,18994418220,0,지역발전특별회계,2016,0,2954473610,고용노동부,18994418220,21948891830,0,0
세종특별자치시계정,84090040,0,지역발전특별회계,2016,0,0,고용노동부,84090040,84090040,0,0
제주특별자치도계정,588365240,0,지역발전특별회계,2016,0,0,고용노동부,588365240,588365240,0,0
,-2.53387E+11,0,일반회계,2016,2258841120,2.50497E+11,공정거래위원회,3.7984E+11,6.32596E+11,6.33227E+11,6.33227E+11
,-9827562690,0,일반회계,2016,5149710400,3.11627E+11,관세청,31694437310,3.48472E+11,41522000000,41522000000
,67000763200,0,일반회계,2016,0,1504381710,교육부,1.88086E+11,1.8959E+11,1.21085E+11,1.21085E+11
경제발전계정,-8707382980,0,지역발전특별회계,2016,0,0,교육부,1511617020,1511617020,10219000000,10219000000
투자계정,-44512380,0,에너지및자원사업특별회계,2016,0,0,국가보훈처,65487620,65487620,110000000,110000000
,-814457940,0,일반회계,2016,27155520,4585141350,국가보훈처,2278542060,6890838930,3093000000,3093000000
,130868620,0,일반회계,2016,0,0,국가인권위원회,152868620,152868620,22000000,22000000
,1237907050,0,일반회계,2016,0,0,국가정보원,2548407050,2548407050,1310500000,1310500000
투자계정,195010,0,에너지및자원사업특별회계,2016,0,0,국무조정실 및 국무총리비서실,195010,195010,0,0
,406450290,0,일반회계,2016,0,0,국무조정실 및 국무총리비서실,406450290,406450290,0,0
,1730,0,환경개선특별회계,2016,0,0,국무조정실 및 국무총리비서실,1730,1730,0,0
,494491890,0,일반회계,2016,0,249910990,국민권익위원회,967461890,1217372880,472970000,472970000
,6564469310,0,일반회계,2016,185574890,19540913500,국민안전처,22614469310,42340957700,16050000000,16050000000
,-58991847040,0,국방·군사시설이전특별회계,2016,0,14748551390,국방부,2.6829E+11,2.83039E+11,3.27282E+11,3.27282E+11
,-25882569490,0,일반회계,2016,0,54439735030,국방부,1.5503E+11,2.0947E+11,1.80913E+11,1.80913E+11
,1.21607E+11,0,주한미군기지이전특별회계,2016,0,44326207860,국방부,8.37069E+11,8.81395E+11,7.15462E+11,7.15462E+11
,1.01128E+11,0,혁신도시건설특별회계,2016,0,0,국방부,1.01128E+11,1.01128E+11,0,0
,46755745560,0,일반회계,2016,4.36174E+11,3.15185E+12,국세청,1.0417E+12,4.62972E+12,9.9494E+11,9.9494E+11
,-1.35282E+11,0,혁신도시건설특별회계,2016,0,0,국세청,0,0,1.35282E+11,1.35282E+11
공항계정,3.17122E+11,0,교통시설특별회계,2016,0,1012940300,국토교통부,6.52944E+11,6.53957E+11,3.35822E+11,3.35822E+11
교통체계관리계정,3220601100,0,교통시설특별회계,2016,0,1659752850,국토교통부,5.20284E+11,5.21943E+11,5.17063E+11,5.17063E+11
도로계정,2.61558E+11,0,교통시설특별회계,2016,18138510,65668398590,국토교통부,8.47006E+12,8.53575E+12,8.20851E+12,8.20851E+12
철도계정,83029485410,0,교통시설특별회계,2016,0,7818401370,국토교통부,6.00798E+12,6.0158E+12,5.92495E+12,5.92495E+12
,66324792130,0,일반회계,2016,569942380,49196208410,국토교통부,2.27223E+11,2.76989E+11,1.60898E+11,1.60898E+11
경제발전계정,-1.65969E+11,0,지역발전특별회계,2016,25153970,2.39455E+11,국토교통부,2.01268E+11,4.40748E+11,3.67237E+11,3.67237E+11
생활기반계정,-41429308710,0,지역발전특별회계,2016,31347965830,6.3086E+11,국토교통부,1.88543E+11,8.5075E+11,2.29972E+11,2.29972E+11
제주특별자치도계정,2828426180,0,지역발전특별회계,2016,0,0,국토교통부,2828426180,2828426180,0,0
,-1.19214E+11,0,혁신도시건설특별회계,2016,0,0,국토교통부,15895509850,15895509850,1.3511E+11,1.3511E+11
,831839550,0,일반회계,2016,0,250977930,국회,2716839550,2967817480,1885000000,1885000000
,-16071018510,0,일반회계,2016,9328247740,22626372370,금융위원회,2.09459E+11,2.41414E+11,2.2553E+11,2.2553E+11
,-273525160,0,일반회계,2016,0,1023870,기상청,5497474840,5498498710,5771000000,5771000000
,2.84632E+12,0,일반회계,2016,2.89311E+12,3.20887E+13,기획재정부,2.74748E+14,3.0973E+14,2.71902E+14,2.71902E+14
경제발전계정,5.58225E+11,0,지역발전특별회계,2016,0,0,기획재정부,5.06539E+12,5.06539E+12,4.50716E+12,4.50716E+12
생활기반계정,8.07976E+11,0,지역발전특별회계,2016,0,0,기획재정부,5.14807E+12,5.14807E+12,4.3401E+12,4.3401E+12
세종특별자치시계정,4592364910,0,지역발전특별회계,2016,0,0,기획재정부,1.08286E+11,1.08286E+11,1.03694E+11,1.03694E+11
제주특별자치도계정,37140082750,0,지역발전특별회계,2016,0,0,기획재정부,3.98435E+11,3.98435E+11,3.61295E+11,3.61295E+11
구조개선사업계정,-3.38527E+11,0,농어촌구조개선특별회계,2016,0,1249671120,농림축산식품부,5.51432E+12,5.51557E+12,5.85285E+12,5.85285E+12
농어촌특별세사업계정,3.26409E+11,0,농어촌구조개선특별회계,2016,0,2007036060,농림축산식품부,4.75109E+12,4.7531E+12,4.42468E+12,4.42468E+12
손익계정,-1.55223E+11,0,양곡관리특별회계,2016,0,157052390,농림축산식품부,1.41347E+12,1.41362E+12,1.56869E+12,1.56869E+12
자본계정,811330,0,양곡관리특별회계,2016,0,0,농림축산식품부,811330,811330,0,0
융자계정,-6667388120,0,에너지및자원사업특별회계,2016,0,0,농림축산식품부,19268611880,19268611880,25936000000,25936000000
투자계정,-10363405350,0,에너지및자원사업특별회계,2016,0,1590694030,농림축산식품부,9502594650,11093288680,19866000000,19866000000
,-6054801970,0,일반회계,2016,936430,2509781140,농림축산식품부,5684198030,8194915600,11739000000,11739000000
경제발전계정,-6374740500,0,지역발전특별회계,2016,0,3912660,농림축산식품부,3598259500,3602172160,9973000000,9973000000
생활기반계정,8912632470,0,지역발전특별회계,2016,0,358431370,농림축산식품부,18234632470,18593063840,9322000000,9322000000
제주특별자치도계정,-500000000,0,지역발전특별회계,2016,0,0,농림축산식품부,0,0,500000000,500000000
,361169590,0,혁신도시건설특별회계,2016,0,0,농림축산식품부,9461169590,9461169590,9100000000,9100000000
구조개선사업계정,1191340860,0,농어촌구조개선특별회계,2016,0,0,농촌진흥청,1831340860,1831340860,640000000,640000000
,-503969310,0,일반회계,2016,0,18350650,농촌진흥청,8877030690,8895381340,9381000000,9381000000
경제발전계정,695018290,0,지역발전특별회계,2016,0,0,농촌진흥청,695018290,695018290,0,0
생활기반계정,688864930,0,지역발전특별회계,2016,0,0,농촌진흥청,688864930,688864930,0,0
세종특별자치시계정,102244600,0,지역발전특별회계,2016,0,0,농촌진흥청,102244600,102244600,0,0
제주특별자치도계정,139482130,0,지역발전특별회계,2016,0,0,농촌진흥청,139482130,139482130,0,0
,5510673420,0,혁신도시건설특별회계,2016,0,0,농촌진흥청,16546673420,16546673420,11036000000,11036000000
,-40814072910,0,등기특별회계,2016,0,4889077350,대법원,2.82057E+11,2.86946E+11,3.22871E+11,3.22871E+11
,-1.56277E+11,0,일반회계,2016,3942190,2192813270,대법원,4.18538E+11,4.20735E+11,5.74815E+11,5.74815E+11
,1408722360,0,일반회계,2016,0,0,대통령경호실,1501722360,1501722360,93000000,93000000
,-4169710,0,일반회계,2016,0,0,대통령비서실 및 국가안보실,70830290,70830290,75000000,75000000
,-2445339640,0,일반회계,2016,0,12169507640,문화재청,36681660360,48851168000,39127000000,39127000000
경제발전계정,0,0,지역발전특별회계,2016,0,184927240,문화재청,0,184927240,0,0
생활기반계정,75777400,0,지역발전특별회계,2016,0,741695930,문화재청,75777400,817473330,0,0
,9743164070,0,아시아문화중심도시조성특별회계,2016,0,100864520,문화체육관광부,88696992070,88797856590,78953828000,78953828000
,8612001010,0,일반회계,2016,183616730,13241605600,문화체육관광부,51892001010,65317223340,43280000000,43280000000
경제발전계정,2721463530,0,지역발전특별회계,2016,0,554034670,문화체육관광부,9021463530,9575498200,6300000000,6300000000
생활기반계정,12597598170,0,지역발전특별회계,2016,0,5767500000,문화체육관광부,16733598170,22501098170,4136000000,4136000000
제주특별자치도계정,2050750,0,지역발전특별회계,2016,0,0,문화체육관광부,2050750,2050750,0,0
손익계정,-1490959160,0,국립과천과학관,2016,0,44011740,미래창조과학부,24779446840,24823458580,26270406000,26270406000
자본계정,124450800,0,국립과천과학관,2016,0,0,미래창조과학부,7776450800,7776450800,7652000000,7652000000
손익계정,93967110,0,국립중앙과학관,2016,0,259390680,미래창조과학부,21416164110,21675554790,21322197000,21322197000
자본계정,1306339600,0,국립중앙과학관,2016,0,0,미래창조과학부,10189339600,10189339600,8883000000,8883000000
,-6504209810,0,우체국보험특별회계,2016,0,80000,미래창조과학부,9.08734E+11,9.08734E+11,9.15238E+11,9.15238E+11
손익계정,-9.08633E+11,0,우체국예금특별회계,2016,0,3727354870,미래창조과학부,2.84235E+12,2.84608E+12,3.75099E+12,3.75099E+12
자본계정,6965365610,0,우체국예금특별회계,2016,0,0,미래창조과학부,16107365610,16107365610,9142000000,9142000000
손익계정,-2.83461E+11,0,우편사업특별회계,2016,149563490,6929297110,미래창조과학부,3.73314E+12,3.74022E+12,4.0166E+12,4.0166E+12
자본계정,33399667720,0,우편사업특별회계,2016,0,377989810,미래창조과학부,2.16623E+11,2.17001E+11,1.83223E+11,1.83223E+11
,-88073060120,0,일반회계,2016,0,1.18984E+11,미래창조과학부,3.30343E+11,4.49327E+11,4.18416E+11,4.18416E+11
경제발전계정,6673500420,0,지역발전특별회계,2016,0,286856780,미래창조과학부,9366500420,9653357200,2693000000,2693000000
,-2472191640,0,혁신도시건설특별회계,2016,0,0,미래창조과학부,1.08474E+11,1.08474E+11,1.10946E+11,1.10946E+11
,-325600,0,일반회계,2016,0,0,민주평화통일자문회의,5674400,5674400,6000000,6000000
,-48183594330,0,일반회계,2016,0,11590733680,방송통신위원회,8072405670,19663139350,56256000000,56256000000
,-12277376580,0,일반회계,2016,0,2.90217E+11,방위사업청,1.99597E+11,4.89814E+11,2.11874E+11,2.11874E+11
,17155860790,0,교도작업특별회계,2016,0,117713390,법무부,1.04462E+11,1.0458E+11,87306000000,87306000000
,-2.60133E+11,0,일반회계,2016,89755480,21635975620,법무부,1.54132E+12,1.56305E+12,1.80146E+12,1.80146E+12
,758870,0,일반회계,2016,0,74309500,법제처,758870,75068370,0,0
,65289230,0,일반회계,2016,0,278231280,병무청,258289230,536520510,193000000,193000000
손익계정,1694662460,0,국립공주병원,2016,0,758770550,보건복지부,15099277460,15858048010,13404615000,13404615000
자본계정,628434010,0,국립공주병원,2016,0,0,보건복지부,2769434010,2769434010,2141000000,2141000000
손익계정,2933055630,0,국립나주병원,2016,0,1398610990,보건복지부,21461965630,22860576620,18528910000,18528910000
자본계정,103195200,0,국립나주병원,2016,0,0,보건복지부,1768195200,1768195200,1665000000,1665000000
손익계정,4758323810,0,국립마산병원,2016,0,680892140,보건복지부,16105882810,16786774950,11347559000,11347559000
자본계정,430903030,0,국립마산병원,2016,0,0,보건복지부,1509903030,1509903030,1079000000,1079000000
손익계정,1267070640,0,국립목포병원,2016,0,535994390,보건복지부,9685835640,10221830030,8418765000,8418765000
자본계정,65981900,0,국립목포병원,2016,0,0,보건복지부,1634981900,1634981900,1569000000,1569000000
손익계정,1833498720,0,국립부곡병원,2016,0,621139870,보건복지부,18300720720,18921860590,16467222000,16467222000
자본계정,210978990,0,국립부곡병원,2016,0,0,보건복지부,1586978990,1586978990,1376000000,1376000000
손익계정,9015185780,0,국립서울병원,2016,0,1620884650,보건복지부,42843487780,44464372430,33828302000,33828302000
자본계정,8638847000,0,국립서울병원,2016,0,0,보건복지부,31870847000,31870847000,23232000000,23232000000
손익계정,2175802050,0,국립재활원,2016,0,73859200,보건복지부,40120502050,40194361250,37944700000,37944700000
자본계정,4361423900,0,국립재활원,2016,0,0,보건복지부,6625423900,6625423900,2264000000,2264000000
손익계정,1515628950,0,국립춘천병원,2016,0,773609780,보건복지부,13408236950,14181846730,11892608000,11892608000
자본계정,78378440,0,국립춘천병원,2016,0,0,보건복지부,1168378440,1168378440,1090000000,1090000000
투자계정,436683170,0,에너지및자원사업특별회계,2016,85054080,2341376710,보건복지부,436683170,2863113960,0,0
,21094028440,0,일반회계,2016,42245700,1.60654E+11,보건복지부,3.79244E+11,5.39941E+11,3.5815E+11,3.5815E+11
경제발전계정,4777155210,0,지역발전특별회계,2016,0,0,보건복지부,4777155210,4777155210,0,0
생활기반계정,5500598330,0,지역발전특별회계,2016,0,2385056450,보건복지부,5500598330,7885654780,0,0
세종특별자치시계정,14232290,0,지역발전특별회계,2016,0,0,보건복지부,14232290,14232290,0,0
제주특별자치도계정,1325002870,0,지역발전특별회계,2016,0,0,보건복지부,1325002870,1325002870,0,0
손익계정,2568118260,0,국립자연휴양림관리소,2016,0,0,산림청,29700107260,29700107260,27131989000,27131989000
자본계정,113460990,0,국립자연휴양림관리소,2016,0,0,산림청,20807460990,20807460990,20694000000,20694000000
임업진흥사업계정,86961765240,0,농어촌구조개선특별회계,2016,630536710,53983002580,산림청,8.93606E+11,9.48219E+11,8.06644E+11,8.06644E+11
,-17567458120,0,일반회계,2016,10446170,20794955360,산림청,84159541880,1.04965E+11,1.01727E+11,1.01727E+11
생활기반계정,1806510190,0,지역발전특별회계,2016,0,0,산림청,1806510190,1806510190,0,0
융자계정,12633368510,0,에너지및자원사업특별회계,2016,0,0,산업통상자원부,1.1684E+12,1.1684E+12,1.15577E+12,1.15577E+12
투자계정,-9.52364E+11,0,에너지및자원사업특별회계,2016,0,10390634170,산업통상자원부,3.71692E+12,3.72731E+12,4.66928E+12,4.66928E+12
,3293484780,0,일반회계,2016,0,8235492090,산업통상자원부,1.6365E+11,1.71886E+11,1.60357E+11,1.60357E+11
경제발전계정,50134419690,0,지역발전특별회계,2016,0,6414541360,산업통상자원부,1.04061E+11,1.10476E+11,53927000000,53927000000
생활기반계정,27999470,0,지역발전특별회계,2016,0,0,산업통상자원부,27999470,27999470,0,0
,130519510,0,일반회계,2016,0,1870000,새만금개발청,130519510,132389510,0,0
경제발전계정,3342270,0,지역발전특별회계,2016,0,0,새만금개발청,3342270,3342270,0,0
구조개선사업계정,236705290,0,농어촌구조개선특별회계,2016,0,1041520,식품의약품안전처,236705290,237746810,0,0
,1262840420,0,일반회계,2016,12519000,2632137960,식품의약품안전처,16182840420,18827497380,14920000000,14920000000
,101619780,0,일반회계,2016,0,696510480,여성가족부,8186619780,8883130260,8085000000,8085000000
생활기반계정,512672510,0,지역발전특별회계,2016,0,0,여성가족부,512672510,512672510,0,0
,43968380720,0,일반회계,2016,0,0,외교부,2.8534E+11,2.8534E+11,2.41372E+11,2.41372E+11
,667126420,0,일반회계,2016,0,56000000,원자력안전위원회,1485126420,1541126420,818000000,818000000
,171242370,0,일반회계,2016,0,147233470,인사혁신처,6624242370,6771475840,6453000000,6453000000
,19881660,0,혁신도시건설특별회계,2016,0,0,인사혁신처,19881660,19881660,0,0
손익계정,-10020836090,0,조달특별회계,2016,0,36021751380,조달청,2.10599E+11,2.46621E+11,2.2062E+11,2.2062E+11
자본계정,-49236057350,0,조달특별회계,2016,0,0,조달청,79379942650,79379942650,1.28616E+11,1.28616E+11
,8578445440,0,일반회계,2016,0,1113887980,중소기업청,61938445440,63052333420,53360000000,53360000000
경제발전계정,-336003850,0,지역발전특별회계,2016,0,1248970,중소기업청,6390996150,6392245120,6727000000,6727000000
생활기반계정,-825480580,0,지역발전특별회계,2016,0,386665860,중소기업청,5728519420,6115185280,6554000000,6554000000
제주특별자치도계정,36721470,0,지역발전특별회계,2016,0,0,중소기업청,36721470,36721470,0,0
,-1223721020,0,일반회계,2016,0,0,중앙선거관리위원회,9288278980,9288278980,10512000000,10512000000
,249160780,0,일반회계,2016,0,154936510,통계청,3661160780,3816097290,3412000000,3412000000
,-1114081860,0,일반회계,2016,0,96839240,통일부,1497918140,1594757380,2612000000,2612000000
손익계정,22279571960,0,특허청,2016,0,0,특허청,5.09165E+11,5.09165E+11,4.86886E+11,4.86886E+11
자본계정,-488438870,0,특허청,2016,0,0,특허청,1.06285E+11,1.06285E+11,1.06773E+11,1.06773E+11
항만계정,2.56748E+11,0,교통시설특별회계,2016,539236850,27294000900,해양수산부,1.76119E+12,1.78903E+12,1.50445E+12,1.50445E+12
구조개선사업계정,23523538150,0,농어촌구조개선특별회계,2016,0,1013096590,해양수산부,26767538150,27780634740,3244000000,3244000000
농어촌특별세사업계정,1990564580,0,농어촌구조개선특별회계,2016,0,309182630,해양수산부,1990564580,2299747210,0,0
손익계정,6745575550,0,대산지방해양수산청,2016,0,207237840,해양수산부,32724444550,32931682390,25978869000,25978869000
자본계정,8543925180,0,대산지방해양수산청,2016,0,0,해양수산부,32467925180,32467925180,23924000000,23924000000
투자계정,1072639700,0,에너지및자원사업특별회계,2016,0,0,해양수산부,1072639700,1072639700,0,0
,-3674903920,0,일반회계,2016,31279040,15455358420,해양수산부,52718096080,68204733540,56393000000,56393000000
경제발전계정,3151467180,0,지역발전특별회계,2016,0,0,해양수산부,3151467180,3151467180,0,0
생활기반계정,4843154240,0,지역발전특별회계,2016,0,59334370,해양수산부,4843154240,4902488610,0,0
제주특별자치도계정,2482049170,0,지역발전특별회계,2016,0,0,해양수산부,2482049170,2482049170,0,0
,38297820,0,혁신도시건설특별회계,2016,0,0,해양수산부,38297820,38297820,0,0
,3293653490,0,일반회계,2016,0,1615131260,행정자치부,44145653490,45760784750,40852000000,40852000000
경제발전계정,947947160,0,지역발전특별회계,2016,0,421352460,행정자치부,947947160,1369299620,0,0
,-4558000000,0,혁신도시건설특별회계,2016,0,0,행정자치부,0,0,4558000000,4558000000
,1.88759E+11,0,행정중심복합도시건설특별회계,2016,0,40018440,행정중심복합도시건설청,4.5721E+11,4.5725E+11,2.68451E+11,2.68451E+11
,-413017290,0,일반회계,2016,0,0,헌법재판소,68982710,68982710,482000000,482000000
농어촌특별세사업계정,-500000000,0,농어촌구조개선특별회계,2016,0,21685630,환경부,0,21685630,500000000,500000000
투자계정,3160929360,0,에너지및자원사업특별회계,2016,0,122856300,환경부,4966929360,5089785660,1806000000,1806000000
,-20295620,0,일반회계,2016,0,9740150,환경부,204704380,214444530,225000000,225000000
경제발전계정,1968353690,0,지역발전특별회계,2016,0,588453730,환경부,1968353690,2556807420,0,0
생활기반계정,1504237500,0,지역발전특별회계,2016,0,1808010,환경부,1504237500,1506045510,0,0
,5.58608E+11,0,환경개선특별회계,2016,54868489050,9.44233E+11,환경부,5.59359E+12,6.59269E+12,5.03498E+12,5.03498E+12
,-7964920,0,일반회계,2015,0,874207120,감사원,346035080,1220242200,354000000,354000000
손익계정,-2693755760,0,경찰병원,2015,0,90244700,경찰청,64275653240,64365897940,66969409000,66969409000
자본계정,-16790260,0,경찰병원,2015,0,0,경찰청,3185209740,3185209740,3202000000,3202000000
,-30942200,0,일반회계,2015,38629337780,1.07301E+12,경찰청,8.43298E+11,1.95494E+12,8.43329E+11,8.43329E+11
,-63076339430,0,혁신도시건설특별회계,2015,0,63378040310,경찰청,301660570,63679700880,63378000000,63378000000
투자계정,114581990,0,에너지및자원사업특별회계,2015,0,1112019710,고용노동부,144581990,1256601700,30000000,30000000
,34133916550,0,일반회계,2015,39126240,31813297070,고용노동부,98455916550,1.30308E+11,64322000000,64322000000
제주특별자치도계정,1407799550,0,지역발전특별회계,2015,0,0,고용노동부,1407799550,1407799550,0,0
,-3.23578E+11,0,일반회계,2015,207400000,2.21345E+11,공정거래위원회,3.32977E+11,5.54529E+11,6.56555E+11,6.56555E+11
,11373218940,0,일반회계,2015,93851520,2.40983E+11,관세청,48045218940,2.89122E+11,36672000000,36672000000
,-1.41398E+12,0,일반회계,2015,711158240,1761203290,교육부,2.74234E+11,2.76707E+11,1.68822E+12,1.68822E+12
경제발전계정,20794607130,0,지역발전특별회계,2015,0,0,교육부,28044607130,28044607130,7250000000,7250000000
투자계정,-10320340,0,에너지및자원사업특별회계,2015,0,0,국가보훈처,63679660,63679660,74000000,74000000
,6212365750,0,일반회계,2015,241824860,4462851220,국가보훈처,9053365750,13758041830,2841000000,2841000000
,-10309160,0,일반회계,2015,0,2000000,국가인권위원회,9690840,11690840,20000000,20000000
,797704370,0,일반회계,2015,0,0,국가정보원,1956704370,1956704370,1159000000,1159000000
,39423790,0,일반회계,2015,0,0,국무조정실 및 국무총리비서실,39423790,39423790,0,0
,260063730,0,일반회계,2015,0,250464000,국민권익위원회,373063730,623527730,113000000,113000000
,1758588810,14413000000,일반회계,2015,0,20496725210,국민안전처,16171588810,36668314020,0,14413000000
,-78379839090,0,국방·군사시설이전특별회계,2015,0,31131618190,국방부,2.75092E+11,3.06224E+11,3.53472E+11,3.53472E+11
,-5392598850,0,일반회계,2015,223012110,45501367490,국방부,1.40338E+11,1.86063E+11,1.45731E+11,1.45731E+11
,53075978700,0,주한미군기지이전특별회계,2015,0,3558051960,국방부,8.28854E+11,8.32412E+11,7.75778E+11,7.75778E+11
,-1.06653E+11,0,혁신도시건설특별회계,2015,0,742647470,국방부,211872190,954519660,1.06865E+11,1.06865E+11
,13565360150,0,일반회계,2015,2.38078E+11,2.83367E+12,국세청,9.47855E+11,4.01961E+12,9.3429E+11,9.3429E+11
,-77521675220,0,혁신도시건설특별회계,2015,0,0,국세청,3530324780,3530324780,81052000000,81052000000
공항계정,94909074240,0,교통시설특별회계,2015,0,201971410,국토교통부,4.03698E+11,4.039E+11,3.08789E+11,3.08789E+11
교통체계관리계정,16455431650,0,교통시설특별회계,2015,0,521480190,국토교통부,8.47534E+11,8.48056E+11,8.31079E+11,8.31079E+11
도로계정,45191461780,0,교통시설특별회계,2015,443914870,56164160140,국토교통부,9.51087E+12,9.56748E+12,9.46568E+12,9.46568E+12
철도계정,86757411750,0,교통시설특별회계,2015,4481769770,6298973370,국토교통부,6.45342E+12,6.46421E+12,6.36667E+12,6.36667E+12
,-55663214170,0,일반회계,2015,183787500,21531985660,국토교통부,71521785830,93237558990,1.27185E+11,1.27185E+11
경제발전계정,-1.36688E+11,0,지역발전특별회계,2015,58165800,2.28175E+11,국토교통부,2.24376E+11,4.5261E+11,3.61064E+11,3.61064E+11
생활기반계정,-1.16134E+11,0,지역발전특별회계,2015,66820318670,6.28775E+11,국토교통부,1.56089E+11,8.51684E+11,2.72223E+11,2.72223E+11
,1.84685E+11,0,혁신도시건설특별회계,2015,0,0,국토교통부,4.94503E+11,4.94503E+11,3.09818E+11,3.09818E+11
,211885870,0,일반회계,2015,2997620,226236640,국회,2047885870,2277120130,1836000000,1836000000
,1.15991E+11,0,일반회계,2015,720751440,29453373390,금융위원회,1.37683E+11,1.67857E+11,21692000000,21692000000
,3268737210,0,일반회계,2015,99821850,1023870,기상청,6780737210,6881582930,3512000000,3512000000
,1.62931E+12,0,일반회계,2015,2.33197E+12,2.78962E+13,기획재정부,2.5518E+14,2.85408E+14,2.5355E+14,2.5355E+14
경제발전계정,6.42957E+11,0,지역발전특별회계,2015,0,0,기획재정부,5.62991E+12,5.62991E+12,4.98696E+12,4.98696E+12
생활기반계정,1.09052E+11,0,지역발전특별회계,2015,0,0,기획재정부,4.3549E+12,4.3549E+12,4.24585E+12,4.24585E+12
세종특별자치시계정,0,0,지역발전특별회계,2015,0,0,기획재정부,1.02218E+11,1.02218E+11,1.02218E+11,1.02218E+11
제주특별자치도계정,20713992040,0,지역발전특별회계,2015,0,0,기획재정부,3.90283E+11,3.90283E+11,3.69569E+11,3.69569E+11
구조개선사업계정,-1.81652E+11,0,농어촌구조개선특별회계,2015,0,1317426450,농림축산식품부,6.46718E+12,6.4685E+12,6.64884E+12,6.64884E+12
농어촌특별세사업계정,1.66892E+11,0,농어촌구조개선특별회계,2015,0,377292580,농림축산식품부,4.49042E+12,4.49079E+12,4.32352E+12,4.32352E+12
손익계정,-2.41127E+11,0,양곡관리특별회계,2015,0,889707080,농림축산식품부,1.30147E+12,1.30236E+12,1.5426E+12,1.5426E+12
자본계정,811330,0,양곡관리특별회계,2015,0,0,농림축산식품부,811330,811330,0,0
융자계정,-4747062620,0,에너지및자원사업특별회계,2015,0,0,농림축산식품부,14319937380,14319937380,19067000000,19067000000
투자계정,2936373390,0,에너지및자원사업특별회계,2015,0,994360,농림축산식품부,16136373390,16137367750,13200000000,13200000000
,-7868956120,0,일반회계,2015,7216100,2121364360,농림축산식품부,4945043880,7073624340,12814000000,12814000000
경제발전계정,-1951406950,0,지역발전특별회계,2015,0,0,농림축산식품부,2643593050,2643593050,4595000000,4595000000
생활기반계정,9444654900,0,지역발전특별회계,2015,0,574776910,농림축산식품부,15303654900,15878431810,5859000000,5859000000
제주특별자치도계정,-500000000,0,지역발전특별회계,2015,0,0,농림축산식품부,0,0,500000000,500000000
,-9441450940,0,혁신도시건설특별회계,2015,0,0,농림축산식품부,25679549060,25679549060,35121000000,35121000000
구조개선사업계정,-15687470,0,농어촌구조개선특별회계,2015,0,0,농촌진흥청,596312530,596312530,612000000,612000000
,1699919350,0,일반회계,2015,0,0,농촌진흥청,9471919350,9471919350,7772000000,7772000000
경제발전계정,531947680,0,지역발전특별회계,2015,0,0,농촌진흥청,531947680,531947680,0,0
생활기반계정,245195560,0,지역발전특별회계,2015,0,0,농촌진흥청,245195560,245195560,0,0
,9386386180,0,혁신도시건설특별회계,2015,0,0,농촌진흥청,3.85673E+11,3.85673E+11,3.76287E+11,3.76287E+11
,21226660460,0,등기특별회계,2015,0,0,대법원,3.25106E+11,3.25106E+11,3.0388E+11,3.0388E+11
,-1.26591E+11,0,일반회계,2015,271630,1711301610,대법원,4.74329E+11,4.7604E+11,6.0092E+11,6.0092E+11
,24366060,0,일반회계,2015,0,0,대통령경호실,94366060,94366060,70000000,70000000
,276139780,0,일반회계,2015,0,0,대통령비서실 및 국가안보실,351139780,351139780,75000000,75000000
,-6593527510,0,일반회계,2015,0,16097418920,문화재청,27004472490,43101891410,33598000000,33598000000
생활기반계정,47108930,0,지역발전특별회계,2015,0,580299710,문화재청,47108930,627408640,0,0
,30311399320,0,아시아문화중심도시조성특별회계,2015,0,356301320,문화체육관광부,1.24441E+11,1.24798E+11,94130000000,94130000000
,8859235320,0,일반회계,2015,0,11706085130,문화체육관광부,66511915320,78218000450,57652680000,57652680000
경제발전계정,-2826977860,0,지역발전특별회계,2015,0,225747330,문화체육관광부,1173022140,1398769470,4000000000,4000000000
생활기반계정,12784421660,0,지역발전특별회계,2015,0,4560631860,문화체육관광부,16920421660,21481053520,4136000000,4136000000
제주특별자치도계정,860216820,0,지역발전특별회계,2015,0,0,문화체육관광부,860216820,860216820,0,0
손익계정,157056550,0,국립과천과학관,2015,0,52264420,미래창조과학부,26340623550,26392887970,26183567000,26183567000
자본계정,-27334800,0,국립과천과학관,2015,0,0,미래창조과학부,6372665200,6372665200,6400000000,6400000000
손익계정,-567989620,0,국립중앙과학관,2015,0,309908820,미래창조과학부,20861155380,21171064200,21429145000,21429145000
자본계정,325293020,0,국립중앙과학관,2015,0,0,미래창조과학부,10319293020,10319293020,9994000000,9994000000
,8825001390,0,우체국보험특별회계,2015,0,931000,미래창조과학부,8.2199E+11,8.21991E+11,8.13165E+11,8.13165E+11
손익계정,-89475377530,0,우체국예금특별회계,2015,0,3726699170,미래창조과학부,3.09379E+12,3.09752E+12,3.18327E+12,3.18327E+12
자본계정,3621501750,0,우체국예금특별회계,2015,0,29000,미래창조과학부,15643501750,15643530750,12022000000,12022000000
손익계정,-66781071340,0,우편사업특별회계,2015,18341640,5158989410,미래창조과학부,3.77796E+12,3.78314E+12,3.84474E+12,3.84474E+12
자본계정,6535761810,0,우편사업특별회계,2015,0,703346250,미래창조과학부,2.01195E+11,2.01898E+11,1.94659E+11,1.94659E+11
,-1.26097E+11,0,일반회계,2015,0,1.19788E+11,미래창조과학부,3.47774E+11,4.67563E+11,4.73871E+11,4.73871E+11
경제발전계정,3047136170,0,지역발전특별회계,2015,0,0,미래창조과학부,4120136170,4120136170,1073000000,1073000000
,-45916000000,0,혁신도시건설특별회계,2015,0,0,미래창조과학부,0,0,45916000000,45916000000
,57429620,0,일반회계,2015,0,0,민주평화통일자문회의,62429620,62429620,5000000,5000000
,-14433019060,0,일반회계,2015,0,799905180,방송통신위원회,39511980940,40311886120,53945000000,53945000000
,-38113624470,0,일반회계,2015,0,2.78758E+11,방위사업청,1.72626E+11,4.51385E+11,2.1074E+11,2.1074E+11
,28441476960,0,교도작업특별회계,2015,0,28594240,법무부,85801476960,85830071200,57360000000,57360000000
,-3.09716E+11,0,일반회계,2015,0,20697988970,법무부,1.55062E+12,1.57132E+12,1.86033E+12,1.86033E+12
,9999111790,0,혁신도시건설특별회계,2015,0,0,법무부,29357111790,29357111790,19358000000,19358000000
,398640250,0,일반회계,2015,0,67709090,법제처,398640250,466349340,0,0
,-19748160,0,일반회계,2015,133500,313177780,병무청,3405251840,3718563120,3425000000,3425000000
손익계정,1046291280,0,국립공주병원,2015,0,692803230,보건복지부,13486585280,14179388510,12440294000,12440294000
자본계정,76887240,0,국립공주병원,2015,0,0,보건복지부,2208887240,2208887240,2132000000,2132000000
손익계정,1646256750,0,국립나주병원,2015,0,1138710310,보건복지부,19272956750,20411667060,17626700000,17626700000
자본계정,37459340,0,국립나주병원,2015,0,0,보건복지부,1835459340,1835459340,1798000000,1798000000
손익계정,3677694400,0,국립마산병원,2015,0,629875970,보건복지부,13668773400,14298649370,9991079000,9991079000
자본계정,809124840,0,국립마산병원,2015,0,0,보건복지부,1864124840,1864124840,1055000000,1055000000
손익계정,914078050,0,국립목포병원,2015,0,83774920,보건복지부,8540660050,8624434970,7626582000,7626582000
자본계정,175835080,0,국립목포병원,2015,0,0,보건복지부,1710835080,1710835080,1535000000,1535000000
손익계정,621313700,0,국립부곡병원,2015,0,416392120,보건복지부,16209078700,16625470820,15587765000,15587765000
자본계정,225027970,0,국립부곡병원,2015,0,0,보건복지부,1118027970,1118027970,893000000,893000000
손익계정,11792231570,0,국립서울병원,2015,0,2256726970,보건복지부,44321697570,46578424540,32529466000,32529466000
자본계정,12750958390,0,국립서울병원,2015,0,0,보건복지부,52622958390,52622958390,39872000000,39872000000
손익계정,2317773380,0,국립재활원,2015,0,77376700,보건복지부,39364889380,39442266080,37047116000,37047116000
자본계정,5109824600,0,국립재활원,2015,0,0,보건복지부,6929824600,6929824600,1820000000,1820000000
손익계정,1567493190,0,국립춘천병원,2015,0,813504420,보건복지부,12935334190,13748838610,11367841000,11367841000
자본계정,51451850,0,국립춘천병원,2015,0,0,보건복지부,1190451850,1190451850,1139000000,1139000000
투자계정,767282280,0,에너지및자원사업특별회계,2015,0,2863298840,보건복지부,767282280,3630581120,0,0
,43274909950,0,일반회계,2015,0,1.6027E+11,보건복지부,3.97813E+11,5.58082E+11,3.54538E+11,3.54538E+11
손익계정,1352789730,0,국립자연휴양림관리소,2015,0,0,산림청,27450591730,27450591730,26097802000,26097802000
자본계정,-476014970,0,국립자연휴양림관리소,2015,0,0,산림청,19435985030,19435985030,19912000000,19912000000
임업진흥사업계정,61867534340,0,농어촌구조개선특별회계,2015,0,68602010500,산림청,8.02769E+11,8.71371E+11,7.40901E+11,7.40901E+11
,1386416850,0,일반회계,2015,47679710,21040515420,산림청,76791416850,97879611980,75405000000,75405000000
생활기반계정,568425930,0,지역발전특별회계,2015,0,100000000,산림청,568425930,668425930,0,0
융자계정,1.49079E+11,0,에너지및자원사업특별회계,2015,0,0,산업통상자원부,1.36163E+12,1.36163E+12,1.21255E+12,1.21255E+12
투자계정,-5.86529E+11,0,에너지및자원사업특별회계,2015,945983130,3681873750,산업통상자원부,4.12046E+12,4.12508E+12,4.70699E+12,4.70699E+12
,31709852640,0,일반회계,2015,0,3763383680,산업통상자원부,2.29962E+11,2.33725E+11,1.98252E+11,1.98252E+11
경제발전계정,1529409430,0,지역발전특별회계,2015,0,999010090,산업통상자원부,49606409430,50605419520,48077000000,48077000000
,25541531010,0,혁신도시건설특별회계,2015,0,0,산업통상자원부,49341531010,49341531010,23800000000,23800000000
,10038910,0,일반회계,2015,0,0,새만금개발청,10038910,10038910,0,0
,0,-9516000000,일반회계,2015,0,0,소방방재청,0,0,9516000000,0
구조개선사업계정,15707200,0,농어촌구조개선특별회계,2015,0,463510,식품의약품안전처,15707200,16170710,0,0
,5466014740,0,일반회계,2015,137032850,926110330,식품의약품안전처,16853014740,17916157920,11387000000,11387000000
,0,-45255000000,일반회계,2015,0,0,안전행정부,0,0,45255000000,0
,0,-14388000000,혁신도시건설특별회계,2015,0,0,안전행정부,0,0,14388000000,0
,-3213806220,0,일반회계,2015,0,808990680,여성가족부,5250193780,6059184460,8464000000,8464000000
,39064703680,0,일반회계,2015,0,0,외교부,2.36908E+11,2.36908E+11,1.97843E+11,1.97843E+11
,3562647480,0,일반회계,2015,0,109250000,원자력안전위원회,8958647480,9067897480,5396000000,5396000000
,980063560,5322000000,일반회계,2015,0,276514760,인사혁신처,6302063560,6578578320,0,5322000000
손익계정,13926446790,0,조달특별회계,2015,0,35527158830,조달청,2.28209E+11,2.63736E+11,2.14282E+11,2.14282E+11
자본계정,11775055590,0,조달특별회계,2015,0,0,조달청,1.3272E+11,1.3272E+11,1.20945E+11,1.20945E+11
,3923000,0,혁신도시건설특별회계,2015,0,0,조달청,3923000,3923000,0,0
,3667764610,0,일반회계,2015,10150000,982529170,중소기업청,63378764610,64371443780,59711000000,59711000000
경제발전계정,-3624670070,0,지역발전특별회계,2015,0,0,중소기업청,5597329930,5597329930,9222000000,9222000000
생활기반계정,7873644510,0,지역발전특별회계,2015,0,0,중소기업청,7873644510,7873644510,0,0
제주특별자치도계정,19015360,0,지역발전특별회계,2015,0,0,중소기업청,19015360,19015360,0,0
,289990920,0,일반회계,2015,0,0,중앙선거관리위원회,938990920,938990920,649000000,649000000
,661602520,0,일반회계,2015,0,127432150,통계청,4972602520,5100034670,4311000000,4311000000
,-526041080,0,일반회계,2015,7423900,82248750,통일부,2070958920,2160631570,2597000000,2597000000
손익계정,20764493890,0,특허청,2015,0,0,특허청,5.44299E+11,5.44299E+11,5.23534E+11,5.23534E+11
자본계정,453491180,0,특허청,2015,0,0,특허청,2547491180,2547491180,2094000000,2094000000
,0,-3897000000,일반회계,2015,0,0,해양경찰청,0,0,3897000000,0
항만계정,91618774160,0,교통시설특별회계,2015,120373070,20192826980,해양수산부,1.39018E+12,1.41049E+12,1.29856E+12,1.29856E+12
구조개선사업계정,20313228680,0,농어촌구조개선특별회계,2015,0,1573673190,해양수산부,20667228680,22240901870,354000000,354000000
농어촌특별세사업계정,1705220650,0,농어촌구조개선특별회계,2015,0,195275300,해양수산부,1705220650,1900495950,0,0
손익계정,11414306580,0,대산지방해양항만청,2015,0,630676970,해양수산부,29973752580,30604429550,18559446000,18559446000
자본계정,8565732730,0,대산지방해양항만청,2015,0,2221780000,해양수산부,39980732730,42202512730,31415000000,31415000000
투자계정,1695487780,0,에너지및자원사업특별회계,2015,0,0,해양수산부,1695487780,1695487780,0,0
,-78983711690,0,일반회계,2015,70550330,4793637740,해양수산부,24797288310,29661476380,1.03781E+11,1.03781E+11
경제발전계정,1495164580,0,지역발전특별회계,2015,0,0,해양수산부,1495164580,1495164580,0,0
생활기반계정,2840281780,0,지역발전특별회계,2015,0,447012520,해양수산부,2840281780,3287294300,0,0
제주특별자치도계정,885558980,0,지역발전특별회계,2015,0,0,해양수산부,885558980,885558980,0,0
,9070300,0,혁신도시건설특별회계,2015,0,0,해양수산부,9070300,9070300,0,0
,15701730470,38933000000,일반회계,2015,0,2171241270,행정자치부,54634730470,56805971740,0,38933000000
경제발전계정,517839170,0,지역발전특별회계,2015,0,0,행정자치부,517839170,517839170,0,0
,9999617620,14388000000,혁신도시건설특별회계,2015,0,0,행정자치부,24387617620,24387617620,0,14388000000
,37556094410,0,행정중심복합도시건설특별회계,2015,0,1114040,행정중심복합도시건설청,5.59541E+11,5.59542E+11,5.21985E+11,5.21985E+11
,4787700,0,일반회계,2015,0,0,헌법재판소,20787700,20787700,16000000,16000000
농어촌특별세사업계정,2211717490,0,농어촌구조개선특별회계,2015,0,21685630,환경부,2211717490,2233403120,0,0
투자계정,3065912270,0,에너지및자원사업특별회계,2015,0,310469780,환경부,3065912270,3376382050,0,0
,572620930,0,일반회계,2015,0,9740150,환경부,751620930,761361080,179000000,179000000
경제발전계정,420876950,0,지역발전특별회계,2015,0,252455740,환경부,420876950,673332690,0,0
생활기반계정,1282501090,0,지역발전특별회계,2015,0,4516220,환경부,1282501090,1287017310,0,0
,3.36486E+11,0,환경개선특별회계,2015,45357072550,9.91446E+11,환경부,5.4632E+12,6.5E+12,5.12671E+12,5.12671E+12
,38451800,0,일반회계,2014,0,926664320,감사원,355451800,1282116120,317000000,317000000
손익계정,-5786108180,0,경찰병원,2014,0,79264840,경찰청,56001167820,56080432660,61787276000,61787276000
자본계정,-1486239850,0,경찰병원,2014,0,0,경찰청,748760150,748760150,2235000000,2235000000
,-72716758730,0,일반회계,2014,1.46299E+11,1.17323E+12,경찰청,7.49424E+11,2.06895E+12,8.22141E+11,8.22141E+11
,-30402380,0,혁신도시건설특별회계,2014,0,0,경찰청,31736597620,31736597620,31767000000,31767000000
투자계정,18649416210,0,에너지및자원사업특별회계,2014,100071610,1158418250,고용노동부,18679416210,19937906070,30000000,30000000
,22526338920,0,일반회계,2014,2338750,29426078600,고용노동부,80939338920,1.10368E+11,58413000000,58413000000
,-2.52313E+11,0,일반회계,2014,18805707660,3.01224E+11,공정거래위원회,4.45811E+11,7.65841E+11,6.98124E+11,6.98124E+11
,12971575040,0,일반회계,2014,528392660,1.69211E+11,관세청,39852575040,2.09592E+11,26881000000,26881000000
광역발전계정,1817507200,0,광역지역발전특별회계,2014,0,290023610,교육부,4743507200,5033530810,2926000000,2926000000
,4068292580,0,일반회계,2014,106533830,2355742400,교육부,3.25915E+11,3.28378E+11,3.21847E+11,3.21847E+11
투자계정,-29043400,0,에너지및자원사업특별회계,2014,0,4306340,국가보훈처,124956600,129262940,154000000,154000000
,-1235866590,0,일반회계,2014,57220020,4622639300,국가보훈처,2277133410,6956992730,3513000000,3513000000
,-605610,0,일반회계,2014,0,2000000,국가인권위원회,19394390,21394390,20000000,20000000
,3179992920,0,일반회계,2014,0,0,국가정보원,4338992920,4338992920,1159000000,1159000000
,110277880,0,일반회계,2014,0,0,국무조정실 및 국무총리비서실,110277880,110277880,0,0
,-177723480,0,일반회계,2014,0,95489050,국민권익위원회,6834276520,6929765570,7012000000,7012000000
,-3931629700,13233000000,일반회계,2014,0,18992471360,국민안전처,9301370300,28293841660,0,13233000000
,-2.02045E+11,0,국방·군사시설이전특별회계,2014,0,8655150740,국방부,1.53916E+11,1.62571E+11,3.55961E+11,3.55961E+11
,18125000640,0,일반회계,2014,327637410,43214454750,국방부,2.24329E+11,2.67871E+11,2.06204E+11,2.06204E+11
,958478840,0,주한미군기지이전특별회계,2014,0,723972360,국방부,6.42737E+11,6.43461E+11,6.41778E+11,6.41778E+11
,6925000000,0,혁신도시건설특별회계,2014,0,0,국방부,1.0848E+11,1.0848E+11,1.01555E+11,1.01555E+11
,27828874860,0,일반회계,2014,4.22963E+11,2.27313E+12,국세청,9.42912E+11,3.639E+12,9.15083E+11,9.15083E+11
,-36758961800,0,혁신도시건설특별회계,2014,0,0,국세청,16038200,16038200,36775000000,36775000000
광역발전계정,-1.30377E+11,0,광역지역발전특별회계,2014,257441170,2.34274E+11,국토교통부,2.25131E+11,4.59662E+11,3.55508E+11,3.55508E+11
지역개발계정,-87183457460,0,광역지역발전특별회계,2014,12614654210,6.91994E+11,국토교통부,1.72725E+11,8.77333E+11,2.59908E+11,2.59908E+11
공항계정,-1.43864E+11,0,교통시설특별회계,2014,0,160249670,국토교통부,2.68249E+11,2.6841E+11,4.12113E+11,4.12113E+11
교통체계관리계정,2637020400,0,교통시설특별회계,2014,0,222438910,국토교통부,7.05604E+11,7.05826E+11,7.02967E+11,7.02967E+11
도로계정,-2.39164E+11,0,교통시설특별회계,2014,75055870,49704236080,국토교통부,8.33439E+12,8.38417E+12,8.57356E+12,8.57356E+12
철도계정,-1.53478E+11,0,교통시설특별회계,2014,0,12545962010,국토교통부,5.20948E+12,5.22202E+12,5.36296E+12,5.36296E+12
,-11722571910,0,일반회계,2014,99650000,15379230990,국토교통부,91254428090,1.06733E+11,1.02977E+11,1.02977E+11
,6.07028E+11,0,혁신도시건설특별회계,2014,0,0,국토교통부,6.66638E+11,6.66638E+11,59610000000,59610000000
,354769040,0,일반회계,2014,0,203511090,국회,1860769040,2064280130,1506000000,1506000000
,9742852950,0,일반회계,2014,1089200000,35174929690,금융위원회,26356852950,62620982640,16614000000,16614000000
,4645527580,0,일반회계,2014,0,100845450,기상청,8112527580,8213373030,3467000000,3467000000
광역발전계정,4.15756E+11,0,광역지역발전특별회계,2014,0,0,기획재정부,5.56795E+12,5.56795E+12,5.15219E+12,5.15219E+12
제주특별자치도계정,23924463210,0,광역지역발전특별회계,2014,0,0,기획재정부,3.68189E+11,3.68189E+11,3.44265E+11,3.44265E+11
지역개발계정,-1.1117E+11,0,광역지역발전특별회계,2014,0,0,기획재정부,3.09624E+12,3.09624E+12,3.20741E+12,3.20741E+12
,-7.29761E+12,0,일반회계,2014,2.97677E+12,2.37601E+13,기획재정부,2.32475E+14,2.59212E+14,2.39772E+14,2.39772E+14
광역발전계정,8778174710,0,광역지역발전특별회계,2014,0,162655400,농림축산식품부,9974174710,10136830110,1196000000,1196000000
지역개발계정,3384669440,0,광역지역발전특별회계,2014,0,504073520,농림축산식품부,9201669440,9705742960,5817000000,5817000000
구조개선사업계정,-1.24314E+12,0,농어촌구조개선특별회계,2014,0,2073162260,농림축산식품부,5.87774E+12,5.87981E+12,7.12088E+12,7.12088E+12
농어촌특별세사업계정,-8.34253E+11,0,농어촌구조개선특별회계,2014,0,484897350,농림축산식품부,4.33471E+12,4.3352E+12,5.16897E+12,5.16897E+12
손익계정,56583504980,0,양곡관리특별회계,2014,0,7360606970,농림축산식품부,1.55487E+12,1.56223E+12,1.49829E+12,1.49829E+12
자본계정,811330,0,양곡관리특별회계,2014,0,0,농림축산식품부,811330,811330,0,0
융자계정,15698199380,0,에너지및자원사업특별회계,2014,0,0,농림축산식품부,25583199380,25583199380,9885000000,9885000000
투자계정,16022485670,0,에너지및자원사업특별회계,2014,0,1051166210,농림축산식품부,17771485670,18822651880,1749000000,1749000000
,-16936301300,0,일반회계,2014,15977640,3200527640,농림축산식품부,5964698700,9181203980,22901000000,22901000000
,10497054160,0,혁신도시건설특별회계,2014,0,52752753310,농림축산식품부,81772054160,1.34525E+11,71275000000,71275000000
광역발전계정,45000,0,광역지역발전특별회계,2014,0,0,농촌진흥청,45000,45000,0,0
지역개발계정,120652680,0,광역지역발전특별회계,2014,0,0,농촌진흥청,120652680,120652680,0,0
구조개선사업계정,-833694610,0,농어촌구조개선특별회계,2014,0,0,농촌진흥청,566305390,566305390,1400000000,1400000000
,1095954570,0,일반회계,2014,0,0,농촌진흥청,8619954570,8619954570,7524000000,7524000000
,-66196825210,0,혁신도시건설특별회계,2014,0,1637464430,농촌진흥청,3.35069E+11,3.36707E+11,4.01266E+11,4.01266E+11
,-6874748930,0,등기특별회계,2014,0,281250,대법원,2.81031E+11,2.81032E+11,2.87906E+11,2.87906E+11
,-1.51967E+11,0,일반회계,2014,0,1544819680,대법원,4.22683E+11,4.24228E+11,5.7465E+11,5.7465E+11
,221312870,0,일반회계,2014,0,0,대통령경호실,288312870,288312870,67000000,67000000
,528646300,0,일반회계,2014,0,119196540,대통령비서실 및 국가안보실,600696300,719892840,72050000,72050000
지역개발계정,224218030,0,광역지역발전특별회계,2014,0,531688970,문화재청,224218030,755907000,0,0
,-4672818040,0,일반회계,2014,0,16021890500,문화재청,26427913960,42449804460,31100732000,31100732000
광역발전계정,22528135380,0,광역지역발전특별회계,2014,0,0,문화체육관광부,24028135380,24028135380,1500000000,1500000000
제주특별자치도계정,197214870,0,광역지역발전특별회계,2014,0,0,문화체육관광부,197214870,197214870,0,0
지역개발계정,3529733080,0,광역지역발전특별회계,2014,0,1722994470,문화체육관광부,7665733080,9388727550,4136000000,4136000000
,5745528260,0,아시아문화중심도시조성특별회계,2014,0,15721440,문화체육관광부,1.86824E+11,1.86839E+11,1.81078E+11,1.81078E+11
,2240336820,0,일반회계,2014,0,7307203870,문화체육관광부,49917336820,57224540690,47677000000,47677000000
광역발전계정,2648209350,0,광역지역발전특별회계,2014,0,0,미래창조과학부,2693209350,2693209350,45000000,45000000
손익계정,-191691080,0,국립과천과학관,2014,0,108683750,미래창조과학부,27074551920,27183235670,27266243000,27266243000
자본계정,1706539350,0,국립과천과학관,2014,0,0,미래창조과학부,6995539350,6995539350,5289000000,5289000000
손익계정,-741078370,0,국립중앙과학관,2014,0,366686910,미래창조과학부,18947258630,19313945540,19688337000,19688337000
자본계정,163460070,0,국립중앙과학관,2014,0,0,미래창조과학부,8674460070,8674460070,8511000000,8511000000
투자계정,4197413620,0,에너지및자원사업특별회계,2014,0,0,미래창조과학부,4197413620,4197413620,0,0
,3294160520,0,우체국보험특별회계,2014,0,1598100,미래창조과학부,7.77942E+11,7.77944E+11,7.74648E+11,7.74648E+11
손익계정,1.20357E+11,0,우체국예금특별회계,2014,381647620,3727198220,미래창조과학부,3.16131E+12,3.16542E+12,3.04096E+12,3.04096E+12
자본계정,386543180,0,우체국예금특별회계,2014,0,53400,미래창조과학부,14983543180,14983596580,14597000000,14597000000
손익계정,48566327540,0,우편사업특별회계,2014,151351740,4324299840,미래창조과학부,3.66287E+12,3.66735E+12,3.61431E+12,3.61431E+12
자본계정,9007831350,0,우편사업특별회계,2014,0,1193410660,미래창조과학부,1.98418E+11,1.99611E+11,1.8941E+11,1.8941E+11
,-35461976180,0,일반회계,2014,0,1.17612E+11,미래창조과학부,2.89916E+11,4.07528E+11,3.25378E+11,3.25378E+11
,-21859805360,0,혁신도시건설특별회계,2014,0,0,미래창조과학부,48194640,48194640,21908000000,21908000000
,34590690,0,일반회계,2014,0,0,민주평화통일자문회의,38590690,38590690,4000000,4000000
,1.55943E+11,0,일반회계,2014,0,493721680,방송통신위원회,1.9869E+11,1.99183E+11,42747000000,42747000000
,14990034220,0,일반회계,2014,0,2.16337E+11,방위사업청,1.17954E+11,3.3429E+11,1.02964E+11,1.02964E+11
,12454077570,0,교도작업특별회계,2014,0,215207170,법무부,69195077570,69410284740,56741000000,56741000000
,-3.41163E+11,0,일반회계,2014,0,20847404630,법무부,1.56967E+12,1.59052E+12,1.91084E+12,1.91084E+12
,26514820120,0,혁신도시건설특별회계,2014,0,0,법무부,52230820120,52230820120,25716000000,25716000000
,63648330,0,일반회계,2014,0,50410050,법제처,63648330,114058380,0,0
,17266690,0,일반회계,2014,0,324556000,병무청,182266690,506822690,165000000,165000000
,4286420,0,혁신도시건설특별회계,2014,0,0,병무청,4286420,4286420,0,0
손익계정,633553060,0,국립공주병원,2014,0,645001160,보건복지부,12190194060,12835195220,11556641000,11556641000
자본계정,66253890,0,국립공주병원,2014,0,0,보건복지부,2187253890,2187253890,2121000000,2121000000
손익계정,1400243470,0,국립나주병원,2014,0,1143954870,보건복지부,18144023470,19287978340,16743780000,16743780000
자본계정,9533590,0,국립나주병원,2014,0,0,보건복지부,1862533590,1862533590,1853000000,1853000000
손익계정,2066711120,0,국립마산병원,2014,0,926017120,보건복지부,11984967120,12910984240,9918256000,9918256000
자본계정,829026860,0,국립마산병원,2014,0,0,보건복지부,2067026860,2067026860,1238000000,1238000000
손익계정,763774410,0,국립목포병원,2014,0,209730770,보건복지부,8058710410,8268441180,7294936000,7294936000
자본계정,24825430,0,국립목포병원,2014,0,0,보건복지부,1630825430,1630825430,1606000000,1606000000
손익계정,-473772450,0,국립부곡병원,2014,0,372279010,보건복지부,14200918550,14573197560,14674691000,14674691000
자본계정,112257050,0,국립부곡병원,2014,0,0,보건복지부,935257050,935257050,823000000,823000000
손익계정,4609074260,0,국립서울병원,2014,0,2354339020,보건복지부,35710841260,38065180280,31101767000,31101767000
자본계정,10179227110,0,국립서울병원,2014,0,0,보건복지부,39721227110,39721227110,29542000000,29542000000
손익계정,3621412460,0,국립재활원,2014,0,81935290,보건복지부,38849515460,38931450750,35228103000,35228103000
자본계정,10139330560,0,국립재활원,2014,0,0,보건복지부,12155330560,12155330560,2016000000,2016000000
손익계정,559550260,0,국립춘천병원,2014,0,887217720,보건복지부,11658795260,12546012980,11099245000,11099245000
자본계정,18548870,0,국립춘천병원,2014,0,0,보건복지부,978548870,978548870,960000000,960000000
투자계정,1183859820,0,에너지및자원사업특별회계,2014,0,3630866000,보건복지부,1183859820,4814725820,0,0
,-77608921600,0,일반회계,2014,0,1.93786E+11,보건복지부,3.1685E+11,5.10637E+11,3.94459E+11,3.94459E+11
손익계정,1135966990,0,국립자연휴양림관리소,2014,0,0,산림청,25745966990,25745966990,24610000000,24610000000
자본계정,3641076640,0,국립자연휴양림관리소,2014,0,0,산림청,23917076640,23917076640,20276000000,20276000000
임업진흥사업계정,22610572740,0,농어촌구조개선특별회계,2014,0,75025292410,산림청,6.75557E+11,7.50582E+11,6.52946E+11,6.52946E+11
,-23864690140,0,일반회계,2014,1810977790,24280222750,산림청,70644309860,96735510400,94509000000,94509000000
광역발전계정,28229256590,0,광역지역발전특별회계,2014,0,8321191670,산업통상자원부,51587256590,59908448260,23358000000,23358000000
지역개발계정,2411606220,0,광역지역발전특별회계,2014,0,0,산업통상자원부,2411606220,2411606220,0,0
융자계정,-19377141880,0,에너지및자원사업특별회계,2014,0,0,산업통상자원부,1.31594E+12,1.31594E+12,1.33532E+12,1.33532E+12
투자계정,-1.02506E+12,0,에너지및자원사업특별회계,2014,0,4694980210,산업통상자원부,3.1182E+12,3.12289E+12,4.14326E+12,4.14326E+12
,20671558640,0,일반회계,2014,0,3325290830,산업통상자원부,2.55919E+11,2.59244E+11,2.35247E+11,2.35247E+11
,-19988096210,0,혁신도시건설특별회계,2014,0,0,산업통상자원부,23750903790,23750903790,43739000000,43739000000
,3766400,0,일반회계,2014,0,0,새만금개발청,3766400,3766400,0,0
,2618250550,-9373000000,일반회계,2014,0,0,소방방재청,2618250550,2618250550,9373000000,0
,-1671000000,0,혁신도시건설특별회계,2014,0,0,소방방재청,0,0,1671000000,1671000000
구조개선사업계정,868484070,0,농어촌구조개선특별회계,2014,0,1472230,식품의약품안전처,868484070,869956300,0,0
,4374753110,0,일반회계,2014,173092740,1412455870,식품의약품안전처,14641753110,16227301720,10267000000,10267000000
광역발전계정,128476600,0,광역지역발전특별회계,2014,0,0,안전행정부,128476600,128476600,0,0
,29923636520,-41960000000,일반회계,2014,11860390,0,안전행정부,29926636520,29938496910,41963000000,3000000
,10237760,-22098000000,혁신도시건설특별회계,2014,0,0,안전행정부,10237760,10237760,22098000000,0
,36616320,0,일반회계,2014,0,989353220,여성가족부,10194616320,11183969540,10158000000,10158000000
,56952911840,0,일반회계,2014,0,0,외교부,2.38175E+11,2.38175E+11,1.81222E+11,1.81222E+11
,6052030470,0,일반회계,2014,0,49750000,원자력안전위원회,6607030470,6656780470,555000000,555000000
,195870000,71184000,일반회계,2014,0,241780610,인사혁신처,267054000,508834610,0,71184000
손익계정,28266598500,0,조달특별회계,2014,0,33706387760,조달청,2.11917E+11,2.45623E+11,1.8365E+11,1.8365E+11
자본계정,-1.95042E+11,0,조달특별회계,2014,0,0,조달청,96157663320,96157663320,2.912E+11,2.912E+11
광역발전계정,3300748170,0,광역지역발전특별회계,2014,0,0,중소기업청,6325748170,6325748170,3025000000,3025000000
지역개발계정,6556386210,0,광역지역발전특별회계,2014,0,2412000,중소기업청,6556386210,6558798210,0,0
,822405150,0,일반회계,2014,17127430,1000510370,중소기업청,88100405150,89118042950,87278000000,87278000000
,770130830,0,일반회계,2014,0,0,중앙선거관리위원회,2020130830,2020130830,1250000000,1250000000
,452478230,0,일반회계,2014,0,41262100,통계청,3250478230,3291740330,2798000000,2798000000
,1430223290,0,일반회계,2014,0,93319480,통일부,3495223290,3588542770,2065000000,2065000000
손익계정,29363043540,0,특허청,2014,0,0,특허청,4.87989E+11,4.87989E+11,4.58626E+11,4.58626E+11
자본계정,410863380,0,특허청,2014,0,0,특허청,3084863380,3084863380,2674000000,2674000000
,4129249880,-3860000000,일반회계,2014,0,0,해양경찰청,4129249880,4129249880,3860000000,0
광역발전계정,4205189380,0,광역지역발전특별회계,2014,0,80865880,해양수산부,4205189380,4286055260,0,0
제주특별자치도계정,42813960,0,광역지역발전특별회계,2014,0,5232500,해양수산부,42813960,48046460,0,0
지역개발계정,5547372210,0,광역지역발전특별회계,2014,0,16456600,해양수산부,5547372210,5563828810,0,0
항만계정,-15019743660,0,교통시설특별회계,2014,7681130,26040453350,해양수산부,1.23595E+12,1.262E+12,1.25097E+12,1.25097E+12
구조개선사업계정,11216313350,0,농어촌구조개선특별회계,2014,0,1810963290,해양수산부,11216313350,13027276640,0,0
농어촌특별세사업계정,11936510670,0,농어촌구조개선특별회계,2014,0,6464060,해양수산부,11936510670,11942974730,0,0
손익계정,8079857310,0,대산지방해양항만청,2014,0,678722640,해양수산부,30683200310,31361922950,22603343000,22603343000
자본계정,23476242270,0,대산지방해양항만청,2014,0,0,해양수산부,59407242270,59407242270,35931000000,35931000000
투자계정,6947745600,0,에너지및자원사업특별회계,2014,0,534110,해양수산부,6947745600,6948279710,0,0
,-66930775400,0,일반회계,2014,0,4895849550,해양수산부,36897224600,41793074150,1.03828E+11,1.03828E+11
,363514450,0,혁신도시건설특별회계,2014,0,0,해양수산부,363514450,363514450,0,0
,-26104198180,41888816000,일반회계,2014,0,3901351910,행정자치부,15784617820,19685969730,0,41888816000
,-2094128680,22098000000,혁신도시건설특별회계,2014,0,0,행정자치부,20003871320,20003871320,0,22098000000
,-9213449360,0,행정중심복합도시건설특별회계,2014,0,1102660,행정중심복합도시건설청,6.89448E+11,6.89449E+11,6.98661E+11,6.98661E+11
,-339564770,0,일반회계,2014,0,0,헌법재판소,108435230,108435230,448000000,448000000
광역발전계정,5127921380,0,광역지역발전특별회계,2014,0,0,환경부,5127921380,5127921380,0,0
지역개발계정,885510,0,광역지역발전특별회계,2014,0,193268000,환경부,885510,194153510,0,0
농어촌특별세사업계정,747471640,0,농어촌구조개선특별회계,2014,0,648885170,환경부,747471640,1396356810,0,0
투자계정,6618976960,0,에너지및자원사업특별회계,2014,0,756111880,환경부,6618976960,7375088840,0,0
,43686730,0,일반회계,2014,0,217531900,환경부,228686730,446218630,185000000,185000000
,-1.00444E+11,0,환경개선특별회계,2014,33632663270,9.59931E+11,환경부,4.7766E+12,5.77016E+12,4.87704E+12,4.87704E+12
,122410940,0,일반회계,2013,0,291732850,감사원,884610940,1176343790,762200000,762200000
손익계정,-5360828480,0,경찰병원,2013,0,82486760,경찰청,56691171520,56773658280,62052000000,62052000000
자본계정,-507510910,0,경찰병원,2013,0,0,경찰청,1745489090,1745489090,2253000000,2253000000
,-3.68817E+11,0,일반회계,2013,64735200,1.39302E+12,경찰청,6.66122E+11,2.05921E+12,1.03494E+12,1.03494E+12
,-95343040280,0,혁신도시건설특별회계,2013,0,0,경찰청,39258959720,39258959720,1.34602E+11,1.34602E+11
투자계정,120020930,0,에너지및자원사업특별회계,2013,0,363998400,고용노동부,159020930,523019330,39000000,39000000
,39816589820,0,일반회계,2013,0,22169632210,고용노동부,93908589820,1.16078E+11,54092000000,54092000000
,-2.69187E+11,0,일반회계,2013,860820510,2.25809E+11,공정거래위원회,3.35665E+11,5.62335E+11,6.04852E+11,6.04852E+11
,13415922880,0,일반회계,2013,3824785320,1.07015E+11,관세청,40522922880,1.51363E+11,27107000000,27107000000
광역발전계정,1692612330,0,광역지역발전특별회계,2013,0,0,교육과학기술부,4061612330,4061612330,2369000000,2369000000
손익계정,87981210,-11368530210,국립과천과학관,2013,0,0,교육과학기술부,14320451000,14320451000,25601000000,14232469790
자본계정,0,-4893399000,국립과천과학관,2013,0,0,교육과학기술부,3845601000,3845601000,8739000000,3845601000
손익계정,6169590,-9839398960,국립중앙과학관,2013,0,0,교육과학기술부,10467770630,10467770630,20301000000,10461601040
자본계정,0,-4199920000,국립중앙과학관,2013,0,0,교육과학기술부,5227080000,5227080000,9427000000,5227080000
,2271653120,-4.40704E+11,일반회계,2013,0,0,교육과학기술부,1.28724E+11,1.28724E+11,5.67157E+11,1.26453E+11
광역발전계정,8180114370,0,광역지역발전특별회계,2013,0,3151023610,교육부,8180114370,11331137980,0,0
,-2.25855E+11,4.33274E+11,일반회계,2013,43285550,2221576570,교육부,2.0742E+11,2.09685E+11,0,4.33274E+11
,365230,0,일반회계,2013,0,0,국가과학기술위원회,365230,365230,0,0
투자계정,60646980,0,에너지및자원사업특별회계,2013,0,5064920,국가보훈처,60646980,65711900,0,0
,-2533249090,0,일반회계,2013,44038000,3900918950,국가보훈처,2968750910,6913707860,5502000000,5502000000
,-17451240,0,일반회계,2013,0,0,국가인권위원회,2548760,2548760,20000000,20000000
,392517410,0,일반회계,2013,0,0,국가정보원,1554247410,1554247410,1161730000,1161730000
,380585900,0,일반회계,2013,0,0,국무조정실 및 국무총리비서실,380585900,380585900,0,0
,649885930,0,일반회계,2013,0,53938000,국민권익위원회,764885930,818823930,115000000,115000000
,-2.90274E+11,0,국방·군사시설이전특별회계,2013,0,1814341890,국방부,1.69696E+11,1.71511E+11,4.5997E+11,4.5997E+11
,26040777000,0,일반회계,2013,177741420,40221134310,국방부,1.29722E+11,1.70121E+11,1.03681E+11,1.03681E+11
,15706307110,0,주한미군기지이전특별회계,2013,0,1272540460,국방부,4.69296E+11,4.70569E+11,4.5359E+11,4.5359E+11
,480000000,0,혁신도시건설특별회계,2013,0,0,국방부,1.0848E+11,1.0848E+11,1.08E+11,1.08E+11
,1031604710,0,일반회계,2013,828370500,1.68102E+12,국세청,8.28059E+11,2.50991E+12,8.27027E+11,8.27027E+11
,-28444041800,0,혁신도시건설특별회계,2013,0,0,국세청,3529958200,3529958200,31974000000,31974000000
광역발전계정,-1.05226E+11,3.29232E+11,광역지역발전특별회계,2013,43728460,2.16257E+11,국토교통부,2.24006E+11,4.40307E+11,0,3.29232E+11
제주특별자치도계정,447669710,0,광역지역발전특별회계,2013,0,0,국토교통부,447669710,447669710,0,0
지역개발계정,-74783788650,2.3303E+11,광역지역발전특별회계,2013,9407859090,6.68154E+11,국토교통부,1.58246E+11,8.35808E+11,0,2.3303E+11
공항계정,27681303270,4.18116E+11,교통시설특별회계,2013,0,164426620,국토교통부,4.45797E+11,4.45962E+11,0,4.18116E+11
교통체계관리계정,-3.45529E+11,8.6043E+11,교통시설특별회계,2013,0,400886220,국토교통부,5.14901E+11,5.15302E+11,0,8.6043E+11
도로계정,-3.85321E+12,8.58119E+12,교통시설특별회계,2013,39275340,41020946680,국토교통부,5.17998E+12,5.22104E+12,4.52E+11,9.03319E+12
철도계정,-2.6183E+12,5.30126E+12,교통시설특별회계,2013,0,28487315570,국토교통부,2.67796E+12,2.70645E+12,-5000000000,5.29626E+12
,18671335050,1.11927E+11,일반회계,2013,146568730,14470365900,국토교통부,1.30598E+11,1.45215E+11,0,1.11927E+11
,1.21105E+12,-6.57159E+11,혁신도시건설특별회계,2013,0,0,국토교통부,5.53887E+11,5.53887E+11,0,-6.57159E+11
광역발전계정,70822364340,-3.29232E+11,광역지역발전특별회계,2013,0,0,국토해양부,70822364340,70822364340,3.29232E+11,0
지역개발계정,35046526910,-2.3303E+11,광역지역발전특별회계,2013,2507353810,0,국토해양부,35046526910,37553880720,2.3303E+11,0
공항계정,13870958800,-4.18116E+11,교통시설특별회계,2013,0,0,국토해양부,13870958800,13870958800,4.18116E+11,0
교통체계관리계정,3.09092E+11,-8.6043E+11,교통시설특별회계,2013,0,0,국토해양부,3.09092E+11,3.09092E+11,8.6043E+11,0
도로계정,3.16244E+12,-8.58119E+12,교통시설특별회계,2013,0,0,국토해양부,3.16244E+12,3.16244E+12,8.58119E+12,0
철도계정,2.25968E+12,-5.30126E+12,교통시설특별회계,2013,0,0,국토해양부,2.25968E+12,2.25968E+12,5.30126E+12,0
항만계정,4.48863E+11,-1.28444E+12,교통시설특별회계,2013,0,0,국토해양부,4.48863E+11,4.48863E+11,1.28444E+12,0
손익계정,3467499290,-14970051000,대산지방해양항만청,2013,0,0,국토해양부,3467499290,3467499290,14970051000,0
자본계정,15000000000,-51078000000,대산지방해양항만청,2013,0,0,국토해양부,15000000000,15000000000,51078000000,0
,22959660250,-3.64845E+11,일반회계,2013,0,0,국토해양부,22959660250,22959660250,3.64845E+11,0
,0,6.56762E+11,혁신도시건설특별회계,2013,0,0,국토해양부,0,0,-6.56762E+11,0
,1166466590,0,일반회계,2013,0,107806740,국회,2305466590,2413273330,1139000000,1139000000
,9207261690,0,일반회계,2013,530400000,37884408150,금융위원회,24041054690,62455862840,14833793000,14833793000
,2914187310,0,일반회계,2013,0,100845450,기상청,5622792310,5723637760,2708605000,2708605000
,5934617800,0,혁신도시건설특별회계,2013,0,0,기상청,10113617800,10113617800,4179000000,4179000000
광역발전계정,-1.75058E+11,0,광역지역발전특별회계,2013,0,0,기획재정부,5.61345E+12,5.61345E+12,5.78851E+12,5.78851E+12
제주특별자치도계정,19321721590,0,광역지역발전특별회계,2013,0,0,기획재정부,3.73566E+11,3.73566E+11,3.54244E+11,3.54244E+11
지역개발계정,-1.72672E+11,0,광역지역발전특별회계,2013,0,0,기획재정부,3.06045E+12,3.06045E+12,3.23312E+12,3.23312E+12
,-6.66177E+12,0,일반회계,2013,24080613910,1.9242E+13,기획재정부,2.26277E+14,2.45543E+14,2.32939E+14,2.32939E+14
광역발전계정,368610000,0,광역지역발전특별회계,2013,0,0,농림수산식품부,368610000,368610000,0,0
지역개발계정,1581748680,-5739000000,광역지역발전특별회계,2013,0,0,농림수산식품부,1581748680,1581748680,5739000000,0
구조개선사업계정,1.06502E+12,-6.67776E+12,농어촌구조개선특별회계,2013,0,0,농림수산식품부,1.06502E+12,1.06502E+12,6.67776E+12,0
농어촌특별세사업계정,7.35507E+11,-4.99697E+12,농어촌구조개선특별회계,2013,0,0,농림수산식품부,7.35507E+11,7.35507E+11,4.99697E+12,0
손익계정,2.99617E+11,-1.41769E+12,양곡관리특별회계,2013,0,0,농림수산식품부,2.99617E+11,2.99617E+11,1.41769E+12,0
융자계정,17682586510,0,에너지및자원사업특별회계,2013,0,0,농림수산식품부,17682586510,17682586510,0,0
투자계정,900612750,0,에너지및자원사업특별회계,2013,0,0,농림수산식품부,900612750,900612750,0,0
,7793649760,-29553590000,일반회계,2013,0,0,농림수산식품부,5278059760,5278059760,27038000000,-2515590000
,2331354940,-1.66121E+11,혁신도시건설특별회계,2013,0,0,농림수산식품부,2331354940,2331354940,1.66121E+11,0
광역발전계정,6134572270,0,광역지역발전특별회계,2013,0,0,농림축산식품부,6134572270,6134572270,0,0
제주특별자치도계정,40000000,0,광역지역발전특별회계,2013,0,0,농림축산식품부,40000000,40000000,0,0
지역개발계정,-1373597980,5739000000,광역지역발전특별회계,2013,0,457333240,농림축산식품부,4365402020,4822735260,0,5739000000
구조개선사업계정,-2.54864E+12,6.67776E+12,농어촌구조개선특별회계,2013,0,1185021390,농림축산식품부,4.22833E+12,4.22951E+12,99200000000,6.77696E+12
농어촌특별세사업계정,-1.26486E+12,4.99697E+12,농어촌구조개선특별회계,2013,0,416285980,농림축산식품부,3.73211E+12,3.73252E+12,0,4.99697E+12
손익계정,-1.47815E+11,1.41769E+12,양곡관리특별회계,2013,0,3476311060,농림축산식품부,1.26987E+12,1.27335E+12,0,1.41769E+12
자본계정,811330,0,양곡관리특별회계,2013,0,0,농림축산식품부,811330,811330,0,0
융자계정,8455878090,0,에너지및자원사업특별회계,2013,0,0,농림축산식품부,8455878090,8455878090,0,0
투자계정,20010527960,0,에너지및자원사업특별회계,2013,0,0,농림축산식품부,20010527960,20010527960,0,0
,-19932844430,24011141000,일반회계,2013,33193270,2470143090,농림축산식품부,4078296570,6581632930,0,24011141000
,-72820430270,1.66121E+11,혁신도시건설특별회계,2013,0,63180084970,농림축산식품부,93300569730,1.56481E+11,0,1.66121E+11
지역개발계정,849744360,0,광역지역발전특별회계,2013,0,12925320,농촌진흥청,849744360,862669680,0,0
구조개선사업계정,-624828000,0,농어촌구조개선특별회계,2013,0,11023980,농촌진흥청,765172000,776195980,1390000000,1390000000
,4528084680,0,일반회계,2013,0,144387700,농촌진흥청,11176084680,11320472380,6648000000,6648000000
,-98022794350,0,혁신도시건설특별회계,2013,0,13574949940,농촌진흥청,5.07287E+11,5.20862E+11,6.0531E+11,6.0531E+11
,-27707740880,0,등기특별회계,2013,0,281250,대법원,2.39403E+11,2.39404E+11,2.67111E+11,2.67111E+11
,-1.48825E+11,0,일반회계,2013,10800,1359197850,대법원,3.62834E+11,3.64194E+11,5.11659E+11,5.11659E+11
,173322230,54000000,일반회계,2013,0,230249330,대통령경호실,227322230,457571560,0,54000000
,-32087580,71050000,일반회계,2013,0,1728440,대통령비서실 및 국가안보실,38962420,40690860,0,71050000
,74875380,-125050000,일반회계,2013,0,0,대통령실,74875380,74875380,125050000,0
지역개발계정,183381050,0,광역지역발전특별회계,2013,0,493306410,문화재청,183381050,676687460,0,0
,-4902448090,0,일반회계,2013,0,13124450470,문화재청,22078551910,35203002380,26981000000,26981000000
광역발전계정,4936077430,0,광역지역발전특별회계,2013,0,0,문화체육관광부,6436077430,6436077430,1500000000,1500000000
지역개발계정,1991040520,0,광역지역발전특별회계,2013,0,936693930,문화체육관광부,3848040520,4784734450,1857000000,1857000000
,761326740,0,아시아문화중심도시조성특별회계,2013,0,204773980,문화체육관광부,1.44022E+11,1.44227E+11,1.43261E+11,1.43261E+11
,-6236275030,0,일반회계,2013,1233977240,7289792690,문화체육관광부,36789724970,45313494900,43026000000,43026000000
광역발전계정,2131645920,0,광역지역발전특별회계,2013,0,0,미래창조과학부,2131645920,2131645920,0,0
제주특별자치도계정,2061370,0,광역지역발전특별회계,2013,0,0,미래창조과학부,2061370,2061370,0,0
손익계정,3452933590,11368530210,국립과천과학관,2013,0,164707800,미래창조과학부,14821463800,14986171600,0,11368530210
자본계정,1669745140,4893399000,국립과천과학관,2013,0,0,미래창조과학부,6563144140,6563144140,0,4893399000
손익계정,-379374870,9839398960,국립중앙과학관,2013,0,719131980,미래창조과학부,9460024090,10179156070,0,9839398960
자본계정,74211520,4199920000,국립중앙과학관,2013,0,0,미래창조과학부,4274131520,4274131520,0,4199920000
,1.08294E+11,4.66415E+11,우체국보험특별회계,2013,0,136600,미래창조과학부,5.74709E+11,5.74709E+11,0,4.66415E+11
손익계정,8.89093E+11,2.35204E+12,우체국예금특별회계,2013,0,4108845830,미래창조과학부,3.24113E+12,3.24524E+12,0,2.35204E+12
자본계정,106075960,15301995000,우체국예금특별회계,2013,0,17000,미래창조과학부,15408070960,15408087960,0,15301995000
손익계정,-46738722230,2.85051E+12,우편사업특별회계,2013,29052270,4345449140,미래창조과학부,2.80377E+12,2.80814E+12,0,2.85051E+12
자본계정,-25738627230,1.90979E+11,우편사업특별회계,2013,0,586703210,미래창조과학부,1.65241E+11,1.65827E+11,0,1.90979E+11
,-74095619960,4.48102E+11,일반회계,2013,0,1.11053E+11,미래창조과학부,3.74007E+11,4.85059E+11,0,4.48102E+11
,-16782302540,66971000000,혁신도시건설특별회계,2013,0,0,미래창조과학부,50188697460,50188697460,0,66971000000
,21047110,0,일반회계,2013,0,0,민주평화통일자문회의,25826110,25826110,4779000,4779000
,56176219170,-2.40673E+11,일반회계,2013,0,322196680,방송통신위원회,1.55067E+11,1.55389E+11,3.39563E+11,98890481000
,0,-14605000000,혁신도시건설특별회계,2013,0,0,방송통신위원회,0,0,14605000000,0
,91537459340,0,일반회계,2013,0,1.23869E+11,방위사업청,2.12734E+11,3.36604E+11,1.21197E+11,1.21197E+11
,18262511930,0,교도작업특별회계,2013,0,359425060,법무부,61775511930,62134936990,43513000000,43513000000
,-3.75051E+11,0,일반회계,2013,9874710,4556382840,법무부,1.52864E+12,1.53321E+12,1.90369E+12,1.90369E+12
,-63227672700,0,혁신도시건설특별회계,2013,0,0,법무부,16390327300,16390327300,79618000000,79618000000
,67703260,0,일반회계,2013,0,97933260,법제처,67703260,165636520,0,0
,-4626840,0,일반회계,2013,346333330,381695690,병무청,272373160,1000402180,277000000,277000000
손익계정,-185071900,0,국립공주병원,2013,0,629013070,보건복지부,11616384100,12245397170,11801456000,11801456000
자본계정,10432070,0,국립공주병원,2013,0,0,보건복지부,1639837070,1639837070,1629405000,1629405000
손익계정,336699860,0,국립나주병원,2013,0,1155659490,보건복지부,16989695860,18145355350,16652996000,16652996000
자본계정,4038650,0,국립나주병원,2013,0,0,보건복지부,1411438650,1411438650,1407400000,1407400000
손익계정,142257170,0,국립마산병원,2013,0,558100570,보건복지부,10010596170,10568696740,9868339000,9868339000
자본계정,287712580,0,국립마산병원,2013,0,0,보건복지부,1723242580,1723242580,1435530000,1435530000
손익계정,385635900,0,국립목포병원,2013,0,244763440,보건복지부,7544033900,7788797340,7158398000,7158398000
자본계정,5787710,0,국립목포병원,2013,0,0,보건복지부,991322710,991322710,985535000,985535000
손익계정,-1522530620,0,국립부곡병원,2013,0,589953700,보건복지부,13006532380,13596486080,14529063000,14529063000
자본계정,13982300,0,국립부곡병원,2013,0,0,보건복지부,958972300,958972300,944990000,944990000
손익계정,6566622980,0,국립서울병원,2013,0,1941976900,보건복지부,37256927980,39198904880,30690305000,30690305000
자본계정,14640486760,0,국립서울병원,2013,0,0,보건복지부,27840926760,27840926760,13200440000,13200440000
손익계정,1245482920,0,국립재활원,2013,0,1091337650,보건복지부,35062756920,36154094570,33817274000,33817274000
자본계정,5072349150,0,국립재활원,2013,0,0,보건복지부,20513504150,20513504150,15441155000,15441155000
손익계정,-13058450,0,국립춘천병원,2013,0,901266160,보건복지부,10971434550,11872700710,10984493000,10984493000
자본계정,21583650,0,국립춘천병원,2013,0,0,보건복지부,770153650,770153650,748570000,748570000
투자계정,327610020,0,에너지및자원사업특별회계,2013,0,4814725820,보건복지부,327610020,5142335840,0,0
,-2.43131E+11,0,일반회계,2013,0,1.49483E+11,보건복지부,2.18534E+11,3.68017E+11,4.61665E+11,4.61665E+11
손익계정,3811105510,0,국립자연휴양림관리소,2013,0,0,산림청,26312105510,26312105510,22501000000,22501000000
자본계정,115282270,0,국립자연휴양림관리소,2013,0,0,산림청,21094282270,21094282270,20979000000,20979000000
임업진흥사업계정,-12395274530,0,농어촌구조개선특별회계,2013,39075750,48036622830,산림청,6.34758E+11,6.82833E+11,6.47153E+11,6.47153E+11
,-42759455530,0,일반회계,2013,34083930,30621339700,산림청,76093544470,1.06749E+11,1.18853E+11,1.18853E+11
광역발전계정,19195397710,22246000000,광역지역발전특별회계,2013,0,243181550,산업통상자원부,41441397710,41684579260,0,22246000000
융자계정,-2.67409E+11,1.85469E+12,에너지및자원사업특별회계,2013,0,0,산업통상자원부,1.58728E+12,1.58728E+12,0,1.85469E+12
투자계정,-1.29863E+12,4.29479E+12,에너지및자원사업특별회계,2013,0,3956991450,산업통상자원부,2.99694E+12,3.0009E+12,770000000,4.29556E+12
,31445545280,94023000000,일반회계,2013,0,12653291490,산업통상자원부,1.25469E+11,1.38122E+11,0,94023000000
,-3631369620,27979000000,혁신도시건설특별회계,2013,0,0,산업통상자원부,24347630380,24347630380,0,27979000000
,-3206537310,0,일반회계,2013,0,141662850,소방방재청,11107462690,11249125540,14314000000,14314000000
,-1253000000,0,혁신도시건설특별회계,2013,0,0,소방방재청,0,0,1253000000,1253000000
구조개선사업계정,912574690,0,농어촌구조개선특별회계,2013,0,33660,식품의약품안전처,912574690,912608350,0,0
,3278795430,8615000000,일반회계,2013,55180000,1552519600,식품의약품안전처,11893795430,13501495030,0,8615000000
,1708198440,-8615000000,일반회계,2013,0,0,식품의약품안전청,1708198440,1708198440,8615000000,0
광역발전계정,229306270,0,광역지역발전특별회계,2013,0,0,안전행정부,229306270,229306270,0,0
,-9445246320,39899665000,일반회계,2013,0,1719608070,안전행정부,30454418680,32174026750,0,39899665000
,61238000,0,혁신도시건설특별회계,2013,0,4258000,안전행정부,61238000,65496000,0,0
,-3592661100,0,일반회계,2013,0,1049262280,여성가족부,4556338900,5605601180,8149000000,8149000000
,27960541480,1.401E+11,일반회계,2013,0,0,외교부,1.68061E+11,1.68061E+11,0,1.401E+11
,17298371130,-1.401E+11,일반회계,2013,0,0,외교통상부,17298371130,17298371130,1.401E+11,0
,1101433590,0,일반회계,2013,0,9750000,원자력안전위원회,1296433590,1306183590,195000000,195000000
손익계정,15748311540,0,조달특별회계,2013,0,30817640950,조달청,2.20692E+11,2.5151E+11,2.04944E+11,2.04944E+11
자본계정,-2.0123E+11,0,조달특별회계,2013,0,270814860,조달청,1.07824E+11,1.08095E+11,3.09054E+11,3.09054E+11
,4531562980,0,혁신도시건설특별회계,2013,0,0,조달청,4531562980,4531562980,0,0
광역발전계정,8395716660,0,광역지역발전특별회계,2013,0,504858600,중소기업청,9395716660,9900575260,1000000000,1000000000
제주특별자치도계정,510540,0,광역지역발전특별회계,2013,0,0,중소기업청,510540,510540,0,0
지역개발계정,5468233730,0,광역지역발전특별회계,2013,0,29290490,중소기업청,5468233730,5497524220,0,0
,5184994230,0,일반회계,2013,22086770,1248775950,중소기업청,47926994230,49197856950,42742000000,42742000000
,-950805750,0,일반회계,2013,0,0,중앙선거관리위원회,3754194250,3754194250,4705000000,4705000000
광역발전계정,3757486080,-22246000000,광역지역발전특별회계,2013,0,0,지식경제부,3757486080,3757486080,22246000000,0
융자계정,3.42308E+11,-1.85469E+12,에너지및자원사업특별회계,2013,0,0,지식경제부,3.42308E+11,3.42308E+11,1.85469E+12,0
투자계정,8.0086E+11,-4.29479E+12,에너지및자원사업특별회계,2013,0,0,지식경제부,8.0086E+11,8.0086E+11,4.29479E+12,0
,3820,-4.66415E+11,우체국보험특별회계,2013,0,0,지식경제부,2.23152E+11,2.23152E+11,6.89567E+11,2.23152E+11
손익계정,35071598540,-2.35204E+12,우체국예금특별회계,2013,0,0,지식경제부,6.04539E+11,6.04539E+11,2.92151E+12,5.69468E+11
자본계정,4529600,-15301995000,우체국예금특별회계,2013,0,0,지식경제부,139534600,139534600,15437000000,135005000
손익계정,3258992160,-2.85051E+12,우편사업특별회계,2013,0,0,지식경제부,6.66559E+11,6.66559E+11,3.51381E+12,6.633E+11
자본계정,2196960,-1.90979E+11,우편사업특별회계,2013,0,0,지식경제부,1791840960,1791840960,1.92769E+11,1789644000
,22282642830,-2.94023E+11,일반회계,2013,0,0,지식경제부,22282642830,22282642830,2.94023E+11,0
,6464570,-80345000000,혁신도시건설특별회계,2013,0,0,지식경제부,6464570,6464570,80345000000,0
,-82243160,0,일반회계,2013,0,41762100,통계청,3119836840,3161598940,3202080000,3202080000
,1514783450,0,일반회계,2013,0,45933650,통일부,2103783450,2149717100,589000000,589000000
,1263970,0,일반회계,2013,0,0,특임장관실,1263970,1263970,0,0
손익계정,32114756360,0,특허청,2013,0,0,특허청,4.61252E+11,4.61252E+11,4.29137E+11,4.29137E+11
자본계정,318357560,0,특허청,2013,0,0,특허청,3917357560,3917357560,3599000000,3599000000
,-352888220,0,일반회계,2013,3850000,17021062860,해양경찰청,3478111780,20503024640,3831000000,3831000000
광역발전계정,5029688420,0,광역지역발전특별회계,2013,0,0,해양수산부,5029688420,5029688420,0,0
제주특별자치도계정,0,0,광역지역발전특별회계,2013,0,5232500,해양수산부,0,5232500,0,0
지역개발계정,710735290,0,광역지역발전특별회계,2013,0,0,해양수산부,710735290,710735290,0,0
항만계정,-4.82183E+11,1.28444E+12,교통시설특별회계,2013,7086100,30204189020,해양수산부,8.17258E+11,8.47469E+11,15000000000,1.29944E+12
구조개선사업계정,10603014610,0,농어촌구조개선특별회계,2013,0,872784430,해양수산부,10603014610,11475799040,0,0
농어촌특별세사업계정,3209854380,0,농어촌구조개선특별회계,2013,0,368000,해양수산부,3209854380,3210222380,0,0
손익계정,5909327540,14970051000,대산지방해양항만청,2013,0,762539390,해양수산부,20879378540,21641917930,0,14970051000
자본계정,-18042935530,51078000000,대산지방해양항만청,2013,0,0,해양수산부,33035064470,33035064470,0,51078000000
투자계정,3021655500,0,에너지및자원사업특별회계,2013,0,534110,해양수산부,3021655500,3022189610,0,0
,-2.34681E+11,2.5846E+11,일반회계,2013,0,4684962550,해양수산부,23779404640,28464367190,0,2.5846E+11
,-397000000,397000000,혁신도시건설특별회계,2013,0,0,해양수산부,0,0,0,397000000
,6756704220,-39899665000,일반회계,2013,0,0,행정안전부,6756704220,6756704220,39899665000,0
,-8507238000,0,혁신도시건설특별회계,2013,0,0,행정안전부,4938762000,4938762000,13446000000,13446000000
,-34810210530,0,행정중심복합도시건설특별회계,2013,0,1102660,행정중심복합도시건설청,8.0764E+11,8.07641E+11,8.4245E+11,8.4245E+11
,11295340,0,일반회계,2013,0,0,헌법재판소,11295340,11295340,0,0
광역발전계정,16871415170,0,광역지역발전특별회계,2013,0,4218851690,환경부,16871415170,21090266860,0,0
지역개발계정,983200000,0,광역지역발전특별회계,2013,0,0,환경부,983200000,983200000,0,0
농어촌특별세사업계정,623325500,0,농어촌구조개선특별회계,2013,0,0,환경부,623325500,623325500,0,0
투자계정,1805820070,0,에너지및자원사업특별회계,2013,0,4205800200,환경부,1805820070,6011620270,0,0
,221169060,0,일반회계,2013,0,218334110,환경부,221169060,439503170,0,0
,-4.40435E+11,0,환경개선특별회계,2013,26623154820,9.75113E+11,환경부,4.38458E+12,5.38631E+12,4.82501E+12,4.82501E+12
,123376110,0,일반회계,2012,0,270500050,감사원,456325110,726825160,332949000,332949000
손익계정,811159840,0,경찰병원,2012,0,99152670,경찰청,60161159840,60260312510,59350000000,59350000000
자본계정,339447470,0,경찰병원,2012,0,0,경찰청,4127447470,4127447470,3788000000,3788000000
,-3.57953E+11,0,일반회계,2012,9644503150,1.37963E+12,경찰청,5.76986E+11,1.96626E+12,9.34939E+11,9.34939E+11
,39334315940,0,혁신도시건설특별회계,2012,0,0,경찰청,39334315940,39334315940,0,0
투자계정,11023190,0,에너지및자원사업특별회계,2012,0,295197590,고용노동부,26023190,321220780,15000000,15000000
,36460829700,0,일반회계,2012,526152610,15904123570,고용노동부,77691829700,94122105880,41231000000,41231000000
,5.11127E+11,0,일반회계,2012,0,1.69461E+11,공정거래위원회,9.16195E+11,1.08566E+12,4.05068E+11,4.05068E+11
,4451047950,0,일반회계,2012,11971231000,55795618720,관세청,28780047950,96546897670,24329000000,24329000000
광역발전계정,15526056940,0,광역지역발전특별회계,2012,0,3315023610,교육과학기술부,15526056940,18841080550,0,0
손익계정,2661894370,0,국립과천과학관,2012,0,83116020,교육과학기술부,26124894370,26208010390,23463000000,23463000000
자본계정,6739796910,0,국립과천과학관,2012,0,0,교육과학기술부,16340796910,16340796910,9601000000,9601000000
손익계정,199241870,0,국립중앙과학관,2012,0,329466080,교육과학기술부,19401241870,19730707950,19202000000,19202000000
자본계정,61617270,0,국립중앙과학관,2012,0,0,교육과학기술부,10607617270,10607617270,10546000000,10546000000
,-2.41085E+11,191702110,일반회계,2012,4362900,13743987180,교육과학기술부,3.31205E+11,3.44953E+11,5.72098E+11,5.7229E+11
,324706340,0,일반회계,2012,0,0,국가과학기술위원회,324706340,324706340,0,0
투자계정,87988070,0,에너지및자원사업특별회계,2012,0,756620,국가보훈처,87988070,88744690,0,0
,-406527480,0,일반회계,2012,7902640,2754564170,국가보훈처,2130472520,4892939330,2537000000,2537000000
,108732480,0,일반회계,2012,0,0,국가인권위원회,128732480,128732480,20000000,20000000
,361337320,0,일반회계,2012,0,0,국가정보원,1739937320,1739937320,1378600000,1378600000
,201586970,0,일반회계,2012,0,0,국무총리실,1219586970,1219586970,1018000000,1018000000
,360027100,0,일반회계,2012,0,1140000,국민권익위원회,360027100,361167100,0,0
,-2.53569E+11,0,국방·군사시설이전특별회계,2012,0,1663097930,국방부,2.78125E+11,2.79788E+11,5.31694E+11,5.31694E+11
,81008315190,0,일반회계,2012,40430000,35233592080,국방부,1.78015E+11,2.13289E+11,97007000000,97007000000
,-39349443290,0,주한미군기지이전특별회계,2012,0,1335096220,국방부,3.45658E+11,3.46993E+11,3.85007E+11,3.85007E+11
,5152672000,0,혁신도시건설특별회계,2012,0,0,국방부,5152672000,5152672000,0,0
,-59373479780,0,일반회계,2012,6.06738E+11,8.90141E+11,국세청,6.69984E+11,2.16686E+12,7.29357E+11,7.29357E+11
,6738865200,0,혁신도시건설특별회계,2012,0,0,국세청,6738865200,6738865200,0,0
광역발전계정,68069637890,0,광역지역발전특별회계,2012,2984300,2.22073E+11,국토해양부,2.51262E+11,4.73337E+11,1.83192E+11,1.83192E+11
지역개발계정,25735766860,0,광역지역발전특별회계,2012,5845932250,7.03497E+11,국토해양부,2.32857E+11,9.422E+11,2.07121E+11,2.07121E+11
공항계정,2.36663E+11,0,교통시설특별회계,2012,0,116504310,국토해양부,3.57406E+11,3.57523E+11,1.20743E+11,1.20743E+11
교통체계관리계정,27180899060,0,교통시설특별회계,2012,0,0,국토해양부,1.20888E+12,1.20888E+12,1.1817E+12,1.1817E+12
도로계정,-14683435200,0,교통시설특별회계,2012,4827790,29987464970,국토해양부,7.9022E+12,7.93219E+12,7.91688E+12,7.91688E+12
철도계정,-1.22324E+11,0,교통시설특별회계,2012,0,15093984320,국토해양부,4.33144E+12,4.34654E+12,4.45377E+12,4.45377E+12
항만계정,1.08475E+11,0,교통시설특별회계,2012,468172550,23438920190,국토해양부,1.44552E+12,1.46942E+12,1.33704E+12,1.33704E+12
손익계정,9644028970,0,대산지방해양항만청,2012,0,601363650,국토해양부,28892532970,29493896620,19248504000,19248504000
자본계정,8852922220,0,대산지방해양항만청,2012,0,0,국토해양부,40540922220,40540922220,31688000000,31688000000
,-25398215240,-191702110,일반회계,2012,578299340,25666331040,국토해양부,95903082650,1.22148E+11,1.21493E+11,1.21301E+11
,-4.45753E+11,0,혁신도시건설특별회계,2012,0,0,국토해양부,4.52824E+11,4.52824E+11,8.98577E+11,8.98577E+11
,589152400,0,일반회계,2012,0,98295930,국회,1676152400,1774448330,1087000000,1087000000
,7211651320,0,일반회계,2012,163458740,33210258060,금융위원회,18829009320,52202726120,11617358000,11617358000
,2093646730,0,일반회계,2012,0,100845450,기상청,4212646730,4313492180,2119000000,2119000000
,111285020,0,혁신도시건설특별회계,2012,0,9581347000,기상청,111285020,9692632020,0,0
광역발전계정,78869981350,0,광역지역발전특별회계,2012,0,0,기획재정부,5.43736E+12,5.43736E+12,5.35849E+12,5.35849E+12
제주특별자치도계정,3998971880,0,광역지역발전특별회계,2012,0,0,기획재정부,3.88005E+11,3.88005E+11,3.84006E+11,3.84006E+11
지역개발계정,-3.7731E+11,0,광역지역발전특별회계,2012,0,0,기획재정부,2.88622E+12,2.88622E+12,3.26353E+12,3.26353E+12
,1.16254E+12,0,일반회계,2012,8.23524E+12,1.13525E+13,기획재정부,2.17187E+14,2.36775E+14,2.16024E+14,2.16024E+14
광역발전계정,2688603690,0,광역지역발전특별회계,2012,0,301430000,농림수산식품부,2688603690,2990033690,0,0
제주특별자치도계정,2569899700,0,광역지역발전특별회계,2012,0,0,농림수산식품부,2569899700,2569899700,0,0
지역개발계정,3882248580,0,광역지역발전특별회계,2012,0,805770,농림수산식품부,3882248580,3883054350,0,0
구조개선사업계정,-1.67049E+12,0,농어촌구조개선특별회계,2012,29224000,2669297760,농림수산식품부,5.74342E+12,5.74612E+12,7.41392E+12,7.41392E+12
농어촌특별세사업계정,-1.23917E+12,0,농어촌구조개선특별회계,2012,0,1082587170,농림수산식품부,4.42465E+12,4.42573E+12,5.66382E+12,5.66382E+12
손익계정,90392871310,0,양곡관리특별회계,2012,0,470961830,농림수산식품부,1.51907E+12,1.51954E+12,1.42868E+12,1.42868E+12
자본계정,807330,0,양곡관리특별회계,2012,0,0,농림수산식품부,811330,811330,4000,4000
융자계정,11995557070,0,에너지및자원사업특별회계,2012,0,0,농림수산식품부,11995557070,11995557070,0,0
투자계정,2764047320,0,에너지및자원사업특별회계,2012,0,138650400,농림수산식품부,2764047320,2902697720,0,0
,-5938082180,0,일반회계,2012,44505550,1686039830,농림수산식품부,12621917820,14352463200,18560000000,18560000000
,1.63822E+11,0,혁신도시건설특별회계,2012,0,1.39085E+11,농림수산식품부,1.63822E+11,3.02907E+11,0,0
구조개선사업계정,720203800,0,농어촌구조개선특별회계,2012,0,0,농촌진흥청,1400203800,1400203800,680000000,680000000
,1981749380,0,일반회계,2012,0,96117430,농촌진흥청,8009749380,8105866810,6028000000,6028000000
,4.59156E+11,0,혁신도시건설특별회계,2012,0,20659747760,농촌진흥청,4.59156E+11,4.79816E+11,0,0
,-34763715310,0,등기특별회계,2012,0,281250,대법원,2.14588E+11,2.14588E+11,2.49351E+11,2.49351E+11
,-19766099520,0,일반회계,2012,4136760,708704780,대법원,3.63667E+11,3.6438E+11,3.83433E+11,3.83433E+11
,134681680,0,일반회계,2012,0,0,대통령실,244731680,244731680,110050000,110050000
지역개발계정,220833440,0,광역지역발전특별회계,2012,0,0,문화재청,220833440,220833440,0,0
,-249610920,0,일반회계,2012,0,10230311440,문화재청,25266389080,35496700520,25516000000,25516000000
광역발전계정,16652400,0,광역지역발전특별회계,2012,0,0,문화체육관광부,16652400,16652400,0,0
제주특별자치도계정,2648626840,0,광역지역발전특별회계,2012,0,0,문화체육관광부,2648626840,2648626840,0,0
지역개발계정,4290724530,0,광역지역발전특별회계,2012,0,199910,문화체육관광부,4290724530,4290924440,0,0
,3061999570,0,아시아문화중심도시조성특별회계,2012,0,8360,문화체육관광부,1.0211E+11,1.0211E+11,99048000000,99048000000
,4337391110,0,일반회계,2012,137067370,7397728620,문화체육관광부,46133391110,53668187100,41796000000,41796000000
,5751560,0,일반회계,2012,0,0,민주평화통일자문회의,8251560,8251560,2500000,2500000
,-67737001250,0,일반회계,2012,577968000,1.09342E+11,방송통신위원회,2.67913E+11,3.77833E+11,3.3565E+11,3.3565E+11
,60267748490,0,일반회계,2012,85755480,1.48584E+11,방위사업청,1.65459E+11,3.14128E+11,1.05191E+11,1.05191E+11
,11980920590,0,교도작업특별회계,2012,0,186105100,법무부,53940920590,54127025690,41960000000,41960000000
,-3.96394E+11,0,일반회계,2012,76220260,4844361380,법무부,1.45257E+12,1.45749E+12,1.84896E+12,1.84896E+12
,26929305400,0,혁신도시건설특별회계,2012,0,0,법무부,26929305400,26929305400,0,0
,59500850,0,일반회계,2012,0,60606330,법제처,59500850,120107180,0,0
,-129503940,0,일반회계,2012,989215360,790833330,병무청,212496060,1992544750,342000000,342000000
손익계정,701640110,0,국립공주병원,2012,0,841072690,보건복지부,11686031110,12527103800,10984391000,10984391000
자본계정,4514940,0,국립공주병원,2012,0,0,보건복지부,1360514940,1360514940,1356000000,1356000000
손익계정,1151615500,0,국립나주병원,2012,0,1450116600,보건복지부,16831372500,18281489100,15679757000,15679757000
자본계정,12037520,0,국립나주병원,2012,0,0,보건복지부,1229037520,1229037520,1217000000,1217000000
손익계정,-530722190,0,국립마산병원,2012,0,885119470,보건복지부,9483743810,10368863280,10014466000,10014466000
자본계정,351636070,0,국립마산병원,2012,0,0,보건복지부,1827636070,1827636070,1476000000,1476000000
손익계정,479783650,0,국립목포병원,2012,0,508297800,보건복지부,6814968650,7323266450,6335185000,6335185000
자본계정,2852140,0,국립목포병원,2012,0,0,보건복지부,1007852140,1007852140,1005000000,1005000000
손익계정,1122144800,0,국립부곡병원,2012,0,1057727460,보건복지부,15031241800,16088969260,13909097000,13909097000
자본계정,102938730,0,국립부곡병원,2012,0,0,보건복지부,635938730,635938730,533000000,533000000
손익계정,6637044440,0,국립서울병원,2012,0,3675846460,보건복지부,35875065440,39550911900,29238021000,29238021000
자본계정,6317825550,0,국립서울병원,2012,0,0,보건복지부,19382825550,19382825550,13065000000,13065000000
손익계정,2892626430,0,국립재활원,2012,0,1995958930,보건복지부,30111489430,32107448360,27218863000,27218863000
자본계정,3470308250,0,국립재활원,2012,0,0,보건복지부,12568308250,12568308250,9098000000,9098000000
손익계정,654864220,0,국립춘천병원,2012,0,951468270,보건복지부,10054252220,11005720490,9399388000,9399388000
자본계정,28002090,0,국립춘천병원,2012,0,0,보건복지부,308002090,308002090,280000000,280000000
투자계정,209942250,0,에너지및자원사업특별회계,2012,25385520,5142335840,보건복지부,209942250,5377663610,0,0
,-2.21414E+11,0,일반회계,2012,0,1.44778E+11,보건복지부,2.15663E+11,3.6044E+11,4.37077E+11,4.37077E+11
손익계정,7366826160,0,국립자연휴양림관리소,2012,0,0,산림청,27976346160,27976346160,20609520000,20609520000
자본계정,887366780,0,국립자연휴양림관리소,2012,0,0,산림청,23070366780,23070366780,22183000000,22183000000
임업진흥사업계정,64329756890,0,농어촌구조개선특별회계,2012,9520080,56552859630,산림청,6.67277E+11,7.23839E+11,6.02947E+11,6.02947E+11
,-50119910600,0,일반회계,2012,227344230,45655905180,산림청,77461089400,1.23344E+11,1.27581E+11,1.27581E+11
,-4871852120,0,일반회계,2012,0,173575830,소방방재청,7541147880,7714723710,12413000000,12413000000
,2002515220,0,일반회계,2012,321008200,1596453430,식품의약품안전청,10550515220,12467976850,8548000000,8548000000
,1992158160,0,일반회계,2012,5126350,1845211760,여성가족부,6920158160,8770496270,4928000000,4928000000
,23296206610,0,일반회계,2012,0,5000000,외교통상부,1.67766E+11,1.67771E+11,1.4447E+11,1.4447E+11
,598559340,0,일반회계,2012,0,6750000,원자력안전위원회,792559340,799309340,194000000,194000000
손익계정,31251893870,0,조달특별회계,2012,0,23926292850,조달청,2.24895E+11,2.48821E+11,1.93643E+11,1.93643E+11
자본계정,638272190,0,조달특별회계,2012,0,1484748840,조달청,61682932190,63167681030,61044660000,61044660000
,11834444820,0,혁신도시건설특별회계,2012,0,4477824920,조달청,11834444820,16312269740,0,0
광역발전계정,2974273950,0,광역지역발전특별회계,2012,0,49990,중소기업청,2974273950,2974323940,0,0
,33678689520,0,일반회계,2012,17939060,1009311210,중소기업청,5.50257E+11,5.51284E+11,5.16578E+11,5.16578E+11
,1219243260,0,일반회계,2012,0,7762930,중앙선거관리위원회,12259243260,12267006190,11040000000,11040000000
광역발전계정,30822663260,0,광역지역발전특별회계,2012,0,0,지식경제부,42973663260,42973663260,12151000000,12151000000
제주특별자치도계정,12092170,0,광역지역발전특별회계,2012,0,0,지식경제부,12092170,12092170,0,0
지역개발계정,251859150,0,광역지역발전특별회계,2012,0,0,지식경제부,251859150,251859150,0,0
융자계정,7.18264E+11,0,에너지및자원사업특별회계,2012,0,0,지식경제부,1.89845E+12,1.89845E+12,1.18019E+12,1.18019E+12
투자계정,-3.81678E+11,0,에너지및자원사업특별회계,2012,0,3157900110,지식경제부,3.13274E+12,3.13589E+12,3.51442E+12,3.51442E+12
,78480923190,0,우체국보험특별회계,2012,0,666360,지식경제부,7.82296E+11,7.82297E+11,7.03815E+11,7.03815E+11
손익계정,1.31466E+12,0,우체국예금특별회계,2012,4305999460,4102187750,지식경제부,3.81911E+12,3.82751E+12,2.50445E+12,2.50445E+12
자본계정,219229820,0,우체국예금특별회계,2012,0,4000,지식경제부,15522229820,15522233820,15303000000,15303000000
손익계정,-83695212610,0,우편사업특별회계,2012,0,3477492040,지식경제부,3.35136E+12,3.35484E+12,3.43506E+12,3.43506E+12
자본계정,-49591217340,0,우편사업특별회계,2012,0,399491450,지식경제부,2.14532E+11,2.14931E+11,2.64123E+11,2.64123E+11
,56000272280,0,일반회계,2012,0,1480619780,지식경제부,1.47473E+11,1.48954E+11,91473000000,91473000000
,53928184370,0,혁신도시건설특별회계,2012,0,0,지식경제부,53928184370,53928184370,0,0
,644166960,0,일반회계,2012,0,38746150,통계청,4870166960,4908913110,4226000000,4226000000
,1347851010,0,일반회계,2012,0,19016600,통일부,1919851010,1938867610,572000000,572000000
,16922000,0,일반회계,2012,0,500000,특임장관실,16922000,17422000,0,0
손익계정,27092263190,0,특허청,2012,0,0,특허청,4.26578E+11,4.26578E+11,3.99486E+11,3.99486E+11
자본계정,559352060,0,특허청,2012,0,0,특허청,6488352060,6488352060,5929000000,5929000000
,24844484350,0,일반회계,2012,250000,17025545600,해양경찰청,28411484350,45437279950,3567000000,3567000000
광역발전계정,4638400,0,광역지역발전특별회계,2012,0,0,행정안전부,4638400,4638400,0,0
,-3713346280,0,일반회계,2012,0,1708414940,행정안전부,36069653720,37778068660,39783000000,39783000000
,2.01481E+11,0,행정중심복합도시건설특별회계,2012,0,0,행정중심복합도시건설청,1.00423E+12,1.00423E+12,8.02753E+11,8.02753E+11
,20732540,0,일반회계,2012,0,0,헌법재판소,460732540,460732540,440000000,440000000
광역발전계정,7515068400,0,광역지역발전특별회계,2012,0,5341787550,환경부,7515068400,12856855950,0,0
지역개발계정,1947289430,0,광역지역발전특별회계,2012,0,0,환경부,1947289430,1947289430,0,0
,173228580,0,일반회계,2012,0,111767500,환경부,173228580,284996080,0,0
,-1.80103E+11,0,환경개선특별회계,2012,32452049350,9.60539E+11,환경부,4.18386E+12,5.17685E+12,4.36396E+12,4.36396E+12
,-13311940,0,일반회계,2011,0,249267250,감사원,352745060,602012310,366057000,366057000
손익계정,513839850,0,경찰병원,2011,0,76619530,경찰청,63575732850,63652352380,63061893000,63061893000
자본계정,-64773880,0,경찰병원,2011,0,0,경찰청,1717226120,1717226120,1782000000,1782000000
,-2.77162E+11,0,일반회계,2011,0,1.65422E+12,경찰청,6.51575E+11,2.30579E+12,9.28737E+11,9.28737E+11
,73610030280,0,혁신도시건설특별회계,2011,0,0,경찰청,73610030280,73610030280,0,0
투자계정,128221270,0,에너지및자원사업특별회계,2011,0,214119920,고용노동부,143221270,357341190,15000000,15000000
,39793091320,0,일반회계,2011,525580660,9943253080,고용노동부,52837091320,63305925060,13044000000,13044000000
,-59120435730,0,일반회계,2011,0,5.36457E+11,공정거래위원회,3.49101E+11,8.85557E+11,4.08221E+11,4.08221E+11
,4162430030,0,일반회계,2011,9704745930,36405639480,관세청,26003430030,72113815440,21841000000,21841000000
광역발전계정,3827337240,0,광역지역발전특별회계,2011,0,0,교육과학기술부,3827337240,3827337240,0,0
손익계정,585348690,0,국립과천과학관,2011,0,55108520,교육과학기술부,22659051690,22714160210,22073703000,22073703000
자본계정,234014480,0,국립과천과학관,2011,0,0,교육과학기술부,11231014480,11231014480,10997000000,10997000000
손익계정,427562080,0,국립중앙과학관,2011,0,278573180,교육과학기술부,17799919080,18078492260,17372357000,17372357000
자본계정,59847700,0,국립중앙과학관,2011,0,0,교육과학기술부,4787847700,4787847700,4728000000,4728000000
,1.3482E+11,0,일반회계,2011,21640,4500476670,교육과학기술부,5.09708E+11,5.14209E+11,3.74888E+11,3.74888E+11
,421074620,0,일반회계,2011,0,0,국가과학기술위원회,421074620,421074620,0,0
투자계정,254220170,0,에너지및자원사업특별회계,2011,427480,7560590,국가보훈처,254220170,262208240,0,0
,5200643660,0,일반회계,2011,68809400,2698370770,국가보훈처,7607643660,10374823830,2407000000,2407000000
,-515260,0,일반회계,2011,0,0,국가인권위원회,19484740,19484740,20000000,20000000
,-112131550,0,일반회계,2011,0,0,국가정보원,895898450,895898450,1008030000,1008030000
,185341000,0,일반회계,2011,0,0,국무총리실,185341000,185341000,0,0
,268979270,0,일반회계,2011,0,0,국민권익위원회,268979270,268979270,0,0
,-2.84972E+11,0,국방·군사시설이전특별회계,2011,0,1869229720,국방부,5.37688E+11,5.39557E+11,8.2266E+11,8.2266E+11
,34226364070,0,일반회계,2011,98412590,28923313310,국방부,1.26463E+11,1.55485E+11,92237000000,92237000000
,-34900478750,0,주한미군기지이전특별회계,2011,0,640300740,국방부,3.52E+11,3.5264E+11,3.869E+11,3.869E+11
,94857369140,0,일반회계,2011,6.17078E+11,7.72105E+11,국세청,6.45225E+11,2.03441E+12,5.50368E+11,5.50368E+11
광역발전계정,11081690860,0,광역지역발전특별회계,2011,0,1.99764E+11,국토해양부,2.33188E+11,4.32952E+11,2.22106E+11,2.22106E+11
지역개발계정,-18571085590,0,광역지역발전특별회계,2011,6228120540,7.67315E+11,국토해양부,1.92581E+11,9.66124E+11,2.11152E+11,2.11152E+11
공항계정,-7.46223E+11,0,교통시설특별회계,2011,0,116077110,국토해양부,1.25436E+11,1.25552E+11,8.71659E+11,8.71659E+11
교통체계관리계정,33982185070,0,교통시설특별회계,2011,0,0,국토해양부,1.16038E+12,1.16038E+12,1.1264E+12,1.1264E+12
도로계정,-9.87963E+11,0,교통시설특별회계,2011,19019600,21111896270,국토해양부,6.34718E+12,6.36831E+12,7.33515E+12,7.33515E+12
철도계정,16596902560,0,교통시설특별회계,2011,0,19092525710,국토해양부,3.82081E+12,3.8399E+12,3.80421E+12,3.80421E+12
항만계정,44358088290,0,교통시설특별회계,2011,1018485810,22898951250,국토해양부,1.39681E+12,1.42073E+12,1.35245E+12,1.35245E+12
손익계정,9415635310,0,대산지방해양항만청,2011,0,494632540,국토해양부,31514635310,32009267850,22099000000,22099000000
자본계정,8043206920,0,대산지방해양항만청,2011,0,0,국토해양부,47212206920,47212206920,39169000000,39169000000
투자계정,15549300,0,에너지및자원사업특별회계,2011,0,0,국토해양부,15549300,15549300,0,0
,4833513870,0,일반회계,2011,28625000,8902472390,국토해양부,89314513870,98245611260,84481000000,84481000000
,-1.02663E+12,0,혁신도시건설특별회계,2011,0,0,국토해양부,3.39758E+11,3.39758E+11,1.36639E+12,1.36639E+12
,10839937900,0,일반회계,2011,0,84266220,국회,11879937900,11964204120,1040000000,1040000000
,5203967570,0,일반회계,2011,620796210,27228951080,금융위원회,15913967570,43763714860,10710000000,10710000000
,339500650,0,일반회계,2011,0,100845450,기상청,2492600650,2593446100,2153100000,2153100000
광역발전계정,-1.09722E+11,0,광역지역발전특별회계,2011,0,0,기획재정부,5.48176E+12,5.48176E+12,5.59148E+12,5.59148E+12
제주특별자치도계정,8971880,0,광역지역발전특별회계,2011,0,0,기획재정부,3.94217E+11,3.94217E+11,3.94208E+11,3.94208E+11
지역개발계정,-22650325100,0,광역지역발전특별회계,2011,0,0,기획재정부,3.39941E+12,3.39941E+12,3.42206E+12,3.42206E+12
,5.27668E+12,0,일반회계,2011,7.30751E+12,1.29965E+13,기획재정부,2.09278E+14,2.29582E+14,2.04001E+14,2.04001E+14
광역발전계정,49438000,0,광역지역발전특별회계,2011,0,792000000,농림수산식품부,49438000,841438000,0,0
지역개발계정,8613137750,0,광역지역발전특별회계,2011,0,25685000,농림수산식품부,8613137750,8638822750,0,0
구조개선사업계정,5.05146E+11,0,농어촌구조개선특별회계,2011,0,13328437980,농림수산식품부,3.86119E+12,3.87452E+12,3.35605E+12,3.35605E+12
농어촌특별세사업계정,7.83447E+11,0,농어촌구조개선특별회계,2011,0,626535820,농림수산식품부,5.53034E+12,5.53097E+12,4.74689E+12,4.74689E+12
손익계정,58183078480,0,양곡관리특별회계,2011,0,140947500,농림수산식품부,1.44719E+12,1.44733E+12,1.38901E+12,1.38901E+12
자본계정,807330,0,양곡관리특별회계,2011,0,0,농림수산식품부,811330,811330,4000,4000
융자계정,7775073580,0,에너지및자원사업특별회계,2011,0,0,농림수산식품부,7775073580,7775073580,0,0
투자계정,733817670,0,에너지및자원사업특별회계,2011,0,0,농림수산식품부,733817670,733817670,0,0
,16637757940,0,일반회계,2011,16376200,2542212580,농림수산식품부,36920757940,39479346720,20283000000,20283000000
,89599960080,0,혁신도시건설특별회계,2011,0,88584347650,농림수산식품부,89599960080,1.78184E+11,0,0
구조개선사업계정,1256668250,0,농어촌구조개선특별회계,2011,0,321300,농촌진흥청,1826668250,1826989550,570000000,570000000
,2564990010,0,일반회계,2011,0,58921580,농촌진흥청,8588990010,8647911590,6024000000,6024000000
,6422420430,0,혁신도시건설특별회계,2011,0,2798492230,농촌진흥청,6422420430,9220912660,0,0
,-20499950340,0,등기특별회계,2011,0,281250,대법원,2.1957E+11,2.19571E+11,2.4007E+11,2.4007E+11
,-26156300140,0,일반회계,2011,741530,646363370,대법원,3.45124E+11,3.45771E+11,3.7128E+11,3.7128E+11
,6286815460,0,일반회계,2011,0,0,대통령실,6370894460,6370894460,84079000,84079000
,-3318644020,0,일반회계,2011,21793100,7928374230,문화재청,23620625980,31570793310,26939270000,26939270000
광역발전계정,1057368760,0,광역지역발전특별회계,2011,0,0,문화체육관광부,1057368760,1057368760,0,0
지역개발계정,2952156390,0,광역지역발전특별회계,2011,0,0,문화체육관광부,2952156390,2952156390,0,0
,-6002875840,0,아시아문화중심도시조성특별회계,2011,0,13237270,문화체육관광부,65873124160,65886361430,71876000000,71876000000
,-8240308220,0,일반회계,2011,0,7603327580,문화체육관광부,30955430780,38558758360,39195739000,39195739000
,36878240,0,일반회계,2011,0,0,민주평화통일자문회의,38657240,38657240,1779000,1779000
,6557649570,0,일반회계,2011,10294745110,1.05578E+11,방송통신위원회,3.18123E+11,4.33996E+11,3.11565E+11,3.11565E+11
,-854344460,0,일반회계,2011,0,97283387840,방위사업청,62796655540,1.6008E+11,63651000000,63651000000
,8623785870,0,교도작업특별회계,2011,0,83429650,법무부,51609785870,51693215520,42986000000,42986000000
,-3.84489E+11,0,일반회계,2011,0,3174886230,법무부,1.42072E+12,1.4239E+12,1.80521E+12,1.80521E+12
,71412651900,0,혁신도시건설특별회계,2011,0,0,법무부,71412651900,71412651900,0,0
,3402870,0,일반회계,2011,0,0,법제처,3402870,3402870,0,0
,-81938010,0,일반회계,2011,140000000,1780048690,병무청,251808990,2171857680,333747000,333747000
손익계정,976244840,0,국립공주병원,2011,0,364336530,보건복지부,11792621840,12156958370,10816377000,10816377000
자본계정,2739680,0,국립공주병원,2011,0,0,보건복지부,630739680,630739680,628000000,628000000
손익계정,2635313310,0,국립나주병원,2011,0,1206965890,보건복지부,18070241310,19277207200,15434928000,15434928000
자본계정,46954750,0,국립나주병원,2011,0,0,보건복지부,1209954750,1209954750,1163000000,1163000000
손익계정,811082670,0,국립마산병원,2011,0,583023300,보건복지부,9716891670,10299914970,8905809000,8905809000
자본계정,63603820,0,국립마산병원,2011,0,0,보건복지부,945603820,945603820,882000000,882000000
손익계정,340322930,0,국립목포병원,2011,557960,191562000,보건복지부,6172734930,6364854890,5832412000,5832412000
자본계정,12569680,0,국립목포병원,2011,0,0,보건복지부,1125569680,1125569680,1113000000,1113000000
손익계정,2240659730,0,국립부곡병원,2011,0,424470460,보건복지부,15987350730,16411821190,13746691000,13746691000
자본계정,143557680,0,국립부곡병원,2011,0,0,보건복지부,717557680,717557680,574000000,574000000
손익계정,5243276250,0,국립서울병원,2011,0,3167867860,보건복지부,33680348250,36848216110,28437072000,28437072000
자본계정,15605387390,0,국립서울병원,2011,0,0,보건복지부,20198387390,20198387390,4593000000,4593000000
손익계정,1820512010,0,국립재활원,2011,0,264624680,보건복지부,28343394010,28608018690,26522882000,26522882000
자본계정,1303185790,0,국립재활원,2011,0,0,보건복지부,7620185790,7620185790,6317000000,6317000000
손익계정,2515495710,0,국립춘천병원,2011,0,808753670,보건복지부,11886891710,12695645380,9371396000,9371396000
자본계정,134783690,0,국립춘천병원,2011,0,0,보건복지부,456783690,456783690,322000000,322000000
투자계정,507501150,0,에너지및자원사업특별회계,2011,59121670,5390317860,보건복지부,507501150,5956940680,0,0
,-1.23615E+11,0,일반회계,2011,0,1.85909E+11,보건복지부,2.64752E+11,4.50661E+11,3.88367E+11,3.88367E+11
손익계정,3997414560,0,국립자연휴양림관리소,2011,0,21733860,산림청,22594726560,22616460420,18597312000,18597312000
자본계정,144753710,0,국립자연휴양림관리소,2011,0,0,산림청,18672753710,18672753710,18528000000,18528000000
임업진흥사업계정,1.23607E+11,0,농어촌구조개선특별회계,2011,0,47622747590,산림청,7.46812E+11,7.94434E+11,6.23205E+11,6.23205E+11
,9841656670,0,일반회계,2011,174813630,41498330040,산림청,1.20431E+11,1.62104E+11,1.10589E+11,1.10589E+11
,-4010676920,0,일반회계,2011,0,27990810,소방방재청,7072323080,7100313890,11083000000,11083000000
,4217423260,0,일반회계,2011,0,2123805010,식품의약품안전청,12528423260,14652228270,8311000000,8311000000
,5537015310,0,일반회계,2011,0,2335392390,여성가족부,8277015310,10612407700,2740000000,2740000000
,17706338570,0,일반회계,2011,0,0,외교통상부,1.51193E+11,1.51193E+11,1.33487E+11,1.33487E+11
,125000000,0,일반회계,2011,0,0,원자력안전위원회,125000000,125000000,0,0
손익계정,30360470220,0,조달특별회계,2011,0,27400855040,조달청,2.66163E+11,2.93564E+11,2.35803E+11,2.35803E+11
자본계정,-25158787930,0,조달특별회계,2011,0,858430460,조달청,1.21239E+11,1.22097E+11,1.46397E+11,1.46397E+11
,10595791400,0,혁신도시건설특별회계,2011,0,5431231500,조달청,10595791400,16027022900,0,0
,20616716960,0,일반회계,2011,3055000,660979330,중소기업청,34306031960,34970066290,13689315000,13689315000
,-82337710,0,일반회계,2011,0,0,중앙선거관리위원회,706662290,706662290,789000000,789000000
광역발전계정,18784979990,0,광역지역발전특별회계,2011,0,0,지식경제부,30356979990,30356979990,11572000000,11572000000
지역개발계정,123866190,0,광역지역발전특별회계,2011,0,0,지식경제부,123866190,123866190,0,0
융자계정,6.76048E+11,0,에너지및자원사업특별회계,2011,0,0,지식경제부,1.99802E+12,1.99802E+12,1.32197E+12,1.32197E+12
투자계정,3.98199E+11,0,에너지및자원사업특별회계,2011,0,9789093970,지식경제부,3.16093E+12,3.17072E+12,2.76273E+12,2.76273E+12
,55088997500,0,우체국보험특별회계,2011,0,1578990,지식경제부,7.07921E+11,7.07923E+11,6.52832E+11,6.52832E+11
손익계정,1.37933E+12,0,우체국예금특별회계,2011,0,8404152900,지식경제부,3.57378E+12,3.58219E+12,2.19445E+12,2.19445E+12
자본계정,1025298650,0,우체국예금특별회계,2011,0,0,지식경제부,14563298650,14563298650,13538000000,13538000000
손익계정,-1.49011E+11,0,우편사업특별회계,2011,5445300,4514632140,지식경제부,3.20401E+12,3.20853E+12,3.35302E+12,3.35302E+12
자본계정,-14173035380,0,우편사업특별회계,2011,0,591517180,지식경제부,3.04864E+11,3.05455E+11,3.19037E+11,3.19037E+11
,15051333750,0,일반회계,2011,0,4444152280,지식경제부,1.05305E+11,1.09749E+11,90254000000,90254000000
,66916000000,0,혁신도시건설특별회계,2011,0,0,지식경제부,66916000000,66916000000,0,0
,1695479360,0,일반회계,2011,0,4205000,통계청,4672706360,4676911360,2977227000,2977227000
,164102790,0,일반회계,2011,0,132749570,통일부,729402790,862152360,565300000,565300000
,50929960,0,일반회계,2011,0,0,특임장관실,50929960,50929960,0,0
손익계정,28868168640,0,특허청,2011,0,0,특허청,3.87952E+11,3.87952E+11,3.59084E+11,3.59084E+11
자본계정,-250000000,0,특허청,2011,0,0,특허청,3952000000,3952000000,4202000000,4202000000
,1223360460,0,일반회계,2011,23819360,17011685100,해양경찰청,3718360460,20753864920,2495000000,2495000000
광역발전계정,45763390,0,광역지역발전특별회계,2011,0,0,행정안전부,45763390,45763390,0,0
,96813108950,0,일반회계,2011,0,3690751920,행정안전부,1.24434E+11,1.28125E+11,27621094000,27621094000
,2.2159E+11,0,행정중심복합도시건설특별회계,2011,0,18460060,행정중심복합도시건설청,1.00753E+12,1.00754E+12,7.85936E+11,7.85936E+11
,24351940,0,일반회계,2011,0,0,헌법재판소,24351940,24351940,0,0
광역발전계정,1687538680,0,광역지역발전특별회계,2011,0,0,환경부,1687538680,1687538680,0,0
지역개발계정,62821940,0,광역지역발전특별회계,2011,0,0,환경부,62821940,62821940,0,0
농어촌특별세사업계정,200349950,0,농어촌구조개선특별회계,2011,0,0,환경부,200349950,200349950,0,0
,356483100,0,일반회계,2011,0,86988610,환경부,356483100,443471710,0,0
,1.25527E+11,0,환경개선특별회계,2011,19888666670,9.50075E+11,환경부,4.39699E+12,5.36695E+12,4.27146E+12,4.27146E+12
,13269510,0,일반회계,2010,0,228034450,감사원,316461510,544495960,303192000,303192000
손익계정,1782827760,0,경찰병원,2010,55761710,83573700,경찰청,60579039760,60718375170,58796212000,58796212000
자본계정,663780,0,경찰병원,2010,0,0,경찰청,1310323780,1310323780,1309660000,1309660000
손익계정,18512352140,0,운전면허시험관리단,2010,0,161994230,경찰청,1.33243E+11,1.33405E+11,1.1473E+11,1.1473E+11
자본계정,-915693660,0,운전면허시험관리단,2010,0,0,경찰청,4188665340,4188665340,5104359000,5104359000
,-2.17963E+11,0,일반회계,2010,0,1.54578E+12,경찰청,7.18486E+11,2.26427E+12,9.36449E+11,9.36449E+11
,95304475340,0,혁신도시건설특별회계,2010,0,0,경찰청,95304475340,95304475340,0,0
투자계정,52750030,0,에너지및자원사업특별회계,2010,411539840,327292480,고용노동부,67750030,806582350,15000000,15000000
,9824819600,0,일반회계,2010,448534880,11329070620,고용노동부,25401819600,37179425100,15577000000,15577000000
,1.3502E+11,0,일반회계,2010,0,3.74478E+11,공정거래위원회,5.08401E+11,8.82879E+11,3.73381E+11,3.73381E+11
,-429861490,0,일반회계,2010,11973012950,31954914800,관세청,19795138510,63723066260,20225000000,20225000000
광역발전계정,2387251470,0,광역지역발전특별회계,2010,0,800000000,교육과학기술부,2387251470,3187251470,0,0
손익계정,-920050660,0,국립과천과학관,2010,0,160538950,교육과학기술부,15705117340,15865656290,16625168000,16625168000
자본계정,816053390,0,국립과천과학관,2010,0,0,교육과학기술부,5529053390,5529053390,4713000000,4713000000
손익계정,2052528230,0,국립중앙과학관,2010,0,272057100,교육과학기술부,15595303230,15867360330,13542775000,13542775000
자본계정,1424747090,0,국립중앙과학관,2010,0,0,교육과학기술부,5939747090,5939747090,4515000000,4515000000
,22695471470,0,일반회계,2010,9883332350,1.07761E+11,교육과학기술부,3.66643E+11,4.84288E+11,3.43948E+11,3.43948E+11
투자계정,122698530,0,에너지및자원사업특별회계,2010,0,1535370,국가보훈처,122698530,124233900,0,0
,422302330,0,일반회계,2010,29418840,2174741290,국가보훈처,2598442330,4802602460,2176140000,2176140000
,-3108900,0,일반회계,2010,0,3726000,국가인권위원회,16891100,20617100,20000000,20000000
,6596755640,0,일반회계,2010,0,0,국가정보원,7540715640,7540715640,943960000,943960000
,604646600,0,일반회계,2010,0,1502010,국무총리실,604646600,606148610,0,0
,55769870,0,일반회계,2010,0,0,국민권익위원회,55769870,55769870,0,0
,3.94524E+11,0,국방·군사시설이전특별회계,2010,0,3517945210,국방부,6.54467E+11,6.57985E+11,2.59944E+11,2.59944E+11
,36998792950,0,일반회계,2010,370271580,27281970200,국방부,96937792950,1.2459E+11,59939000000,59939000000
,-1.03612E+11,0,주한미군기지이전특별회계,2010,0,1015173260,국방부,5.93127E+11,5.94142E+11,6.96739E+11,6.96739E+11
,-1.41544E+11,0,일반회계,2010,5.00221E+11,6.74768E+11,국세청,5.33243E+11,1.70823E+12,6.74788E+11,6.74788E+11
광역발전계정,-2.1432E+11,0,광역지역발전특별회계,2010,18889200,1.71789E+11,국토해양부,1.7861E+11,3.50417E+11,3.9293E+11,3.9293E+11
지역개발계정,20290822820,0,광역지역발전특별회계,2010,6901174360,7.58933E+11,국토해양부,1.72382E+11,9.38216E+11,1.52091E+11,1.52091E+11
공항계정,-5.19332E+11,0,교통시설특별회계,2010,0,128342700,국토해양부,1.65014E+11,1.65142E+11,6.84346E+11,6.84346E+11
교통체계관리,31886359990,0,교통시설특별회계,2010,0,0,국토해양부,1.32441E+12,1.32441E+12,1.29253E+12,1.29253E+12
도로계정,-2.35582E+11,0,교통시설특별회계,2010,14212580,12139421770,국토해양부,7.42747E+12,7.43962E+12,7.66305E+12,7.66305E+12
철도계정,46169617460,0,교통시설특별회계,2010,0,11782999260,국토해양부,3.58566E+12,3.59744E+12,3.53949E+12,3.53949E+12
항만계정,9981175220,0,교통시설특별회계,2010,3850709030,20684711770,국토해양부,1.53046E+12,1.555E+12,1.52048E+12,1.52048E+12
손익계정,14635030710,0,대산지방해양항만청,2010,0,544808560,국토해양부,31045030710,31589839270,16410000000,16410000000
자본계정,20116459700,0,대산지방해양항만청,2010,0,0,국토해양부,62956556700,62956556700,42840097000,42840097000
투자계정,5553300,0,에너지및자원사업특별회계,2010,0,0,국토해양부,5553300,5553300,0,0
,66483167470,0,일반회계,2010,27246330,22989433250,국토해양부,1.11812E+11,1.34829E+11,45329000000,45329000000
,-7.84642E+11,0,혁신도시건설특별회계,2010,0,0,국토해양부,3.62229E+11,3.62229E+11,1.14687E+12,1.14687E+12
,28184840,0,일반회계,2010,0,7210539840,국회,952184840,8162724680,924000000,924000000
,209657920,0,일반회계,2010,245000000,25882503890,금융위원회,12402308920,38529812810,12192651000,12192651000
,-315201040,0,일반회계,2010,0,101752650,기상청,1856798960,1958551610,2172000000,2172000000
광역발전계정,2.987E+11,0,광역지역발전특별회계,2010,0,0,기획재정부,5.68759E+12,5.68759E+12,5.3889E+12,5.3889E+12
제주특별자치도계정,1515623500,0,광역지역발전특별회계,2010,0,0,기획재정부,3.79899E+11,3.79899E+11,3.78383E+11,3.78383E+11
지역개발계정,2.67328E+11,0,광역지역발전특별회계,2010,0,0,기획재정부,3.80767E+12,3.80767E+12,3.54034E+12,3.54034E+12
,4.19386E+12,0,일반회계,2010,7.22381E+12,9.61904E+12,기획재정부,1.9956E+14,2.16403E+14,1.95366E+14,1.95366E+14
광역발전계정,712977670,0,광역지역발전특별회계,2010,0,0,농림수산식품부,712977670,712977670,0,0
지역개발계정,3004293490,0,광역지역발전특별회계,2010,0,0,농림수산식품부,3004293490,3004293490,0,0
구조개선사업계정,1.31824E+11,0,농어촌구조개선특별회계,2010,0,1377060690,농림수산식품부,4.21313E+12,4.21451E+12,4.08131E+12,4.08131E+12
농어촌특별세사업계정,61072598780,0,농어촌구조개선특별회계,2010,0,2927035420,농림수산식품부,4.66654E+12,4.66947E+12,4.60547E+12,4.60547E+12
손익계정,-34161713530,0,양곡관리특별회계,2010,0,564103490,농림수산식품부,1.30264E+12,1.30321E+12,1.3368E+12,1.3368E+12
자본계정,807330,0,양곡관리특별회계,2010,0,0,농림수산식품부,811330,811330,4000,4000
융자계정,40033520,0,에너지및자원사업특별회계,2010,0,0,농림수산식품부,40033520,40033520,0,0
,8873326430,0,일반회계,2010,38692020,1514484820,농림수산식품부,27956326430,29509503270,19083000000,19083000000
,31477754940,0,혁신도시건설특별회계,2010,0,634820,농림수산식품부,31477754940,31478389760,0,0
구조개선사업계정,1037539020,0,농어촌구조개선특별회계,2010,0,65487820,농촌진흥청,1497539020,1563026840,460000000,460000000
,1943727870,0,일반회계,2010,0,110526460,농촌진흥청,7377787870,7488314330,5434060000,5434060000
,1275175210,0,혁신도시건설특별회계,2010,0,4188799000,농촌진흥청,1275175210,5463974210,0,0
,-19464798890,0,등기특별회계,2010,0,1500200000,대법원,2.10296E+11,2.11796E+11,2.29761E+11,2.29761E+11
,-49752331690,0,일반회계,2010,192910,73908790,대법원,2.69801E+11,2.69875E+11,3.19553E+11,3.19553E+11
,497200660,0,일반회계,2010,0,0,대통령실,570267660,570267660,73067000,73067000
,4274714920,0,일반회계,2010,0,7889059740,문화재청,24331780920,32220840660,20057066000,20057066000
광역발전계정,2000000000,0,광역지역발전특별회계,2010,0,0,문화체육관광부,2000000000,2000000000,0,0
지역개발계정,791202280,0,광역지역발전특별회계,2010,0,2000000000,문화체육관광부,791202280,2791202280,0,0
,44497933290,0,아시아문화중심도시조성특별회계,2010,0,44001210,문화체육관광부,94183933290,94227934500,49686000000,49686000000
,-4300909280,0,일반회계,2010,77769480,7262010800,문화체육관광부,34365882720,41705663000,38666792000,38666792000
,2233790,0,일반회계,2010,0,0,민주평화통일자문회의,2233790,2233790,0,0
,-10035217770,0,일반회계,2010,504533750,99890416310,방송통신위원회,3.40328E+11,4.40723E+11,3.50363E+11,3.50363E+11
,895500,0,혁신도시건설특별회계,2010,0,0,방송통신위원회,895500,895500,0,0
,56369379980,0,일반회계,2010,0,1.40411E+11,방위사업청,1.26164E+11,2.66575E+11,69795000000,69795000000
,2439518760,0,교도작업특별회계,2010,0,79843320,법무부,44399518760,44479362080,41960000000,41960000000
,-3.12716E+11,0,일반회계,2010,4725200,989511570,법무부,1.45246E+12,1.45346E+12,1.76518E+12,1.76518E+12
,884510,0,일반회계,2010,0,0,법제처,884510,884510,0,0
,19525870,0,일반회계,2010,352000000,1920048690,병무청,490296870,2762345560,470771000,470771000
손익계정,1689765800,0,국립공주병원,2010,0,520888980,보건복지부,12229810800,12750699780,10540045000,10540045000
자본계정,20445500,0,국립공주병원,2010,0,0,보건복지부,452445500,452445500,432000000,432000000
손익계정,4022823610,0,국립나주병원,2010,0,731647560,보건복지부,18888036610,19619684170,14865213000,14865213000
자본계정,1246433260,0,국립나주병원,2010,0,0,보건복지부,1805433260,1805433260,559000000,559000000
손익계정,2807098050,0,국립마산병원,2010,0,649441060,보건복지부,11675461050,12324902110,8868363000,8868363000
자본계정,60194920,0,국립마산병원,2010,0,0,보건복지부,676194920,676194920,616000000,616000000
손익계정,578903090,0,국립목포병원,2010,0,599850,보건복지부,6403376090,6403975940,5824473000,5824473000
자본계정,362151330,0,국립목포병원,2010,0,0,보건복지부,1597151330,1597151330,1235000000,1235000000
손익계정,4638748050,0,국립부곡병원,2010,0,458793540,보건복지부,18451639050,18910432590,13812891000,13812891000
자본계정,1934407240,0,국립부곡병원,2010,0,0,보건복지부,2560407240,2560407240,626000000,626000000
손익계정,6291820150,0,국립서울병원,2010,0,1311172450,보건복지부,34336883150,35648055600,28045063000,28045063000
자본계정,1835512370,0,국립서울병원,2010,0,0,보건복지부,17918512370,17918512370,16083000000,16083000000
손익계정,-12003061630,0,국립의료원,2010,416577460,0,보건복지부,34514263370,34930840830,46517325000,46517325000
자본계정,660410000,0,국립의료원,2010,0,0,보건복지부,5636410000,5636410000,4976000000,4976000000
손익계정,6782580930,0,국립재활원,2010,0,107496770,보건복지부,28115298930,28222795700,21332718000,21332718000
자본계정,19601436180,0,국립재활원,2010,0,0,보건복지부,21655436180,21655436180,2054000000,2054000000
손익계정,4569257110,0,국립춘천병원,2010,0,385932080,보건복지부,13782642110,14168574190,9213385000,9213385000
자본계정,129558620,0,국립춘천병원,2010,0,0,보건복지부,694558620,694558620,565000000,565000000
투자계정,599109190,0,에너지및자원사업특별회계,2010,5809400,5956418300,보건복지부,599109190,6561336890,0,0
,1.99642E+11,0,일반회계,2010,0,2.42527E+11,보건복지부,4.21944E+11,6.64471E+11,2.22303E+11,2.22303E+11
손익계정,5846704330,0,국립자연휴양림관리소,2010,0,21733860,산림청,22507554330,22529288190,16660850000,16660850000
자본계정,445975730,0,국립자연휴양림관리소,2010,0,0,산림청,16828975730,16828975730,16383000000,16383000000
임업진흥사업계정,1.35157E+11,0,농어촌구조개선특별회계,2010,0,48822912450,산림청,7.78406E+11,8.27228E+11,6.43249E+11,6.43249E+11
,-1.12869E+11,0,일반회계,2010,2057590,39273511430,산림청,75578756430,1.14854E+11,1.88447E+11,1.88447E+11
,-13172040590,0,일반회계,2010,0,106960660,소방방재청,1881959410,1988920070,15054000000,15054000000
,1825733960,0,일반회계,2010,0,2378668310,식품의약품안전청,10095733960,12474402270,8270000000,8270000000
,2450917370,0,일반회계,2010,0,1349761980,여성가족부,3273917370,4623679350,823000000,823000000
,58865097510,0,일반회계,2010,0,0,외교통상부,1.78992E+11,1.78992E+11,1.20127E+11,1.20127E+11
손익계정,26824544940,0,조달특별회계,2010,0,23494933580,조달청,2.44069E+11,2.67564E+11,2.17244E+11,2.17244E+11
자본계정,-3277868700,0,조달특별회계,2010,0,3613231910,조달청,1.23194E+11,1.26808E+11,1.26472E+11,1.26472E+11
,22531386100,0,혁신도시건설특별회계,2010,0,6248148230,조달청,22531386100,28779534330,0,0
,5304446800,0,일반회계,2010,0,785430590,중소기업청,16862446800,17647877390,11558000000,11558000000
,808646230,0,일반회계,2010,0,0,중앙선거관리위원회,1646646230,1646646230,838000000,838000000
광역발전계정,5215065410,0,광역지역발전특별회계,2010,0,0,지식경제부,14121065410,14121065410,8906000000,8906000000
제주특별자치도계정,8348380,0,광역지역발전특별회계,2010,0,0,지식경제부,8348380,8348380,0,0
지역개발계정,8494230,0,광역지역발전특별회계,2010,0,0,지식경제부,8494230,8494230,0,0
융자계정,2.29968E+11,0,에너지및자원사업특별회계,2010,0,21676160,지식경제부,1.39283E+12,1.39286E+12,1.16287E+12,1.16287E+12
투자계정,2.62926E+11,0,에너지및자원사업특별회계,2010,1822506570,15011771120,지식경제부,3.60751E+12,3.62435E+12,3.34459E+12,3.34459E+12
,-36870910,0,우체국보험특별회계,2010,0,4720000,지식경제부,6.15135E+11,6.1514E+11,6.15172E+11,6.15172E+11
손익계정,1.61877E+12,0,우체국예금특별회계,2010,25310780,8264654200,지식경제부,3.58495E+12,3.59324E+12,1.96618E+12,1.96618E+12
자본계정,866660210,0,우체국예금특별회계,2010,0,0,지식경제부,15117660210,15117660210,14251000000,14251000000
손익계정,-83228545220,0,우편사업특별회계,2010,53913880,5338845900,지식경제부,3.08475E+12,3.09015E+12,3.16798E+12,3.16798E+12
자본계정,-516338330,0,우편사업특별회계,2010,0,284586430,지식경제부,2.74198E+11,2.74482E+11,2.74714E+11,2.74714E+11
,-29830989840,0,일반회계,2010,45880540,3518352980,지식경제부,2.15476E+11,2.1904E+11,2.45307E+11,2.45307E+11
,42342430,0,일반회계,2010,0,240000,진실·화해를위한과거사정리위원회,42342430,42582430,0,0
,1956585720,0,일반회계,2010,0,4205000,통계청,4321215720,4325420720,2364630000,2364630000
,-51073040,0,일반회계,2010,0,10965300,통일부,513526960,524492260,564600000,564600000
손익계정,19767218470,0,특허청,2010,0,0,특허청,3.66037E+11,3.66037E+11,3.4627E+11,3.4627E+11
자본계정,-41472050,0,특허청,2010,0,0,특허청,3486527950,3486527950,3528000000,3528000000
,2088476790,0,일반회계,2010,475477180,17322995720,해양경찰청,4038476790,21836949690,1950000000,1950000000
광역발전계정,24708670,0,광역지역발전특별회계,2010,0,0,행정안전부,24708670,24708670,0,0
,15143001290,0,일반회계,2010,0,16743580790,행정안전부,37625056290,54368637080,22482055000,22482055000
,64040509440,0,행정중심복합도시건설특별회계,2010,0,18460060,행정중심복합도시건설청,7.59144E+11,7.59162E+11,6.95103E+11,6.95103E+11
,66218910,0,일반회계,2010,0,0,헌법재판소,66218910,66218910,0,0
광역발전계정,14482870,0,광역지역발전특별회계,2010,0,0,환경부,14482870,14482870,0,0
지역개발계정,96007430,0,광역지역발전특별회계,2010,0,0,환경부,96007430,96007430,0,0
농어촌특별세사업계정,932166900,0,농어촌구조개선특별회계,2010,0,200349950,환경부,932166900,1132516850,0,0
,80425140,0,일반회계,2010,0,85147330,환경부,80425140,165572470,0,0
,-2088061170,0,환경개선특별회계,2010,23453895550,8.76907E+11,환경부,3.96297E+12,4.86333E+12,3.96506E+12,3.96506E+12
,94285250,0,일반회계,2009,0,206801650,감사원,368593250,575394900,274308000,274308000
손익계정,1691172150,0,경찰병원,2009,0,123242720,경찰청,58732871150,58856113870,57041699000,57041699000
자본계정,-111388180,0,경찰병원,2009,0,0,경찰청,1276008820,1276008820,1387397000,1387397000
손익계정,40484813760,0,운전면허시험관리단,2009,0,41776860,경찰청,1.24545E+11,1.24587E+11,84060000000,84060000000
자본계정,1988277980,0,운전면허시험관리단,2009,0,0,경찰청,4955565980,4955565980,2967288000,2967288000
,-2.65146E+11,0,일반회계,2009,5152380,1.4527E+12,경찰청,6.8993E+11,2.14263E+12,9.55077E+11,9.55077E+11
,-78943317670,0,일반회계,2009,0,3.4407E+11,공정거래위원회,1.12122E+11,4.56192E+11,1.91066E+11,1.91066E+11
,15434775660,0,일반회계,2009,34535372940,33010843870,관세청,33370775660,1.00917E+11,17936000000,17936000000
지역혁신사업계정,4166207950,0,국가균형발전특별회계,2009,0,1695383090,교육과학기술부,4166207950,5861591040,0,0
손익계정,-1582963590,0,국립과천과학관,2009,0,120139820,교육과학기술부,12448553410,12568693230,14031517000,14031517000
자본계정,0,0,국립과천과학관,2009,0,0,교육과학기술부,6616000000,6616000000,6616000000,6616000000
손익계정,2329633460,0,국립중앙과학관,2009,0,272699200,교육과학기술부,15282370460,15555069660,12952737000,12952737000
자본계정,1507898150,0,국립중앙과학관,2009,0,0,교육과학기술부,6683052150,6683052150,5175154000,5175154000
,9371833750,0,일반회계,2009,1392520,12736164490,교육과학기술부,3.31981E+11,3.44719E+11,3.2261E+11,3.2261E+11
투자계정,3106190,0,에너지및자원사업특별회계,2009,0,0,국가보훈처,3106190,3106190,0,0
,7966112460,0,일반회계,2009,91229000,1415315790,국가보훈처,8987186460,10493731250,1021074000,1021074000
,53705600,0,일반회계,2009,0,3150000,국가인권위원회,73705600,76855600,20000000,20000000
,7182345620,0,일반회계,2009,0,0,국가정보원,8077935620,8077935620,895590000,895590000
,545286570,0,일반회계,2009,0,0,국무총리실,667386570,667386570,122100000,122100000
,49785180,0,일반회계,2009,0,0,국민권익위원회,49785180,49785180,0,0
,4.53665E+11,0,국방·군사시설이전특별회계,2009,0,1.68462E+11,국방부,6.75419E+11,8.43881E+11,2.21754E+11,2.21754E+11
,20332498700,0,일반회계,2009,23858700,24483730380,국방부,75337498700,99845087780,55005000000,55005000000
,42714625680,0,주한미군기지이전특별회계,2009,0,2799914520,국방부,2.55749E+11,2.58549E+11,2.13034E+11,2.13034E+11
,1.27313E+11,0,일반회계,2009,4.72524E+11,4.63276E+11,국세청,9.17234E+11,1.85303E+12,7.89921E+11,7.89921E+11
공항계정,65577858380,0,교통시설특별회계,2009,0,74541670,국토해양부,1.62996E+11,1.6307E+11,97418000000,97418000000
광역교통시설계정,33525552270,0,교통시설특별회계,2009,0,94513542210,국토해양부,1.09281E+12,1.18732E+12,1.05928E+12,1.05928E+12
대중교통계정,1626969770,0,교통시설특별회계,2009,0,25619000000,국토해양부,1.74324E+12,1.76886E+12,1.74161E+12,1.74161E+12
도로계정,-29900742250,0,교통시설특별회계,2009,3865600,9774001180,국토해양부,9.03851E+12,9.04829E+12,9.06841E+12,9.06841E+12
철도계정,54294032880,0,교통시설특별회계,2009,1066724680,14414569220,국토해양부,3.38464E+12,3.40012E+12,3.33034E+12,3.33034E+12
항만계정,-3237831270,0,교통시설특별회계,2009,0,21918803650,국토해양부,1.77966E+12,1.80158E+12,1.7829E+12,1.7829E+12
지역개발사업계정,2.11432E+11,0,국가균형발전특별회계,2009,11911924420,7.04925E+11,국토해양부,5.10929E+11,1.22777E+12,2.99497E+11,2.99497E+11
지역혁신사업계정,3393193360,0,국가균형발전특별회계,2009,0,13538512800,국토해양부,3393193360,16931706160,0,0
손익계정,8562802790,0,대산지방해양항만청,2009,0,788250830,국토해양부,34791742790,35579993620,26228940000,26228940000
자본계정,29582371610,0,대산지방해양항만청,2009,0,21813530,국토해양부,92865806610,92887620140,63283435000,63283435000
,89633818840,0,일반회계,2009,148450000,9386688580,국토해양부,1.41811E+11,1.51346E+11,52177000000,52177000000
,-1.19584E+11,0,혁신도시건설특별회계,2009,0,0,국토해양부,1.75991E+11,1.75991E+11,2.95575E+11,2.95575E+11
,372134670,0,일반회계,2009,0,7184755030,국회,1082134670,8266889700,710000000,710000000
,-4479753000,0,일반회계,2009,834201520,22261008370,금융위원회,8832911000,31928120890,13312664000,13312664000
,1077915060,0,일반회계,2009,0,101752650,기상청,2065800060,2167552710,987885000,987885000
제주특별자치도계정,1323981920,0,국가균형발전특별회계,2009,0,0,기획재정부,4.44222E+11,4.44222E+11,4.42898E+11,4.42898E+11
지역개발사업계정,3.35998E+11,0,국가균형발전특별회계,2009,0,0,기획재정부,6.60332E+12,6.60332E+12,6.26733E+12,6.26733E+12
지역혁신사업계정,96748637660,0,국가균형발전특별회계,2009,0,0,기획재정부,2.15436E+12,2.15436E+12,2.05761E+12,2.05761E+12
,1.42252E+12,0,일반회계,2009,6.77344E+12,9.20087E+12,기획재정부,1.99318E+14,2.15292E+14,1.97895E+14,1.97895E+14
투자계정,226665940,0,에너지및자원사업특별회계,2009,572040,736120480,노동부,241665940,978358460,15000000,15000000
,3069681580,0,일반회계,2009,99378760,7481213610,노동부,23227681580,30808273950,20158000000,20158000000
지역개발사업계정,11900443710,0,국가균형발전특별회계,2009,0,520000000,농림수산식품부,11900443710,12420443710,0,0
구조개선사업계정,1025108860,0,농어촌구조개선특별회계,2009,0,1468658620,농림수산식품부,3.65784E+12,3.65931E+12,3.65682E+12,3.65682E+12
농어촌특별세사업계정,4.41745E+11,0,농어촌구조개선특별회계,2009,0,86617900,농림수산식품부,4.84764E+12,4.84773E+12,4.4059E+12,4.4059E+12
손익계정,67727394120,0,양곡관리특별회계,2009,0,123648550,농림수산식품부,1.53354E+12,1.53366E+12,1.46581E+12,1.46581E+12
자본계정,807330,0,양곡관리특별회계,2009,0,0,농림수산식품부,811330,811330,4000,4000
,-493923010,0,일반회계,2009,5260000,1467500180,농림수산식품부,17498076990,18970837170,17992000000,17992000000
,7901035470,0,혁신도시건설특별회계,2009,0,0,농림수산식품부,7901035470,7901035470,0,0
구조개선사업계정,1520475530,0,농어촌구조개선특별회계,2009,0,1340930,농촌진흥청,1780475530,1781816460,260000000,260000000
,5214791850,0,일반회계,2009,0,10223960,농촌진흥청,10556020850,10566244810,5341229000,5341229000
,6633817040,0,혁신도시건설특별회계,2009,0,0,농촌진흥청,6633817040,6633817040,0,0
,-16027269040,0,등기특별회계,2009,0,0,대법원,2.07809E+11,2.07809E+11,2.23836E+11,2.23836E+11
,-54270986660,0,일반회계,2009,58760,413150150,대법원,2.75674E+11,2.76087E+11,3.29945E+11,3.29945E+11
,87717100,0,일반회계,2009,0,0,대통령실,160784100,160784100,73067000,73067000
,1401673070,0,일반회계,2009,0,9527098840,문화재청,22022796070,31549894910,20621123000,20621123000
지역개발사업계정,8210304670,0,국가균형발전특별회계,2009,0,201736000,문화체육관광부,8210304670,8412040670,0,0
,30346119940,0,아시아문화중심도시조성특별회계,2009,0,70102360,문화체육관광부,87228119940,87298222300,56882000000,56882000000
,-4366994020,0,일반회계,2009,30861170,22915101610,문화체육관광부,28307197980,51253160760,32674192000,32674192000
,10455450,0,일반회계,2009,0,0,민주평화통일자문회의,10455450,10455450,0,0
,-26727843150,0,일반회계,2009,0,76895318020,방송통신위원회,3.57779E+11,4.34674E+11,3.84507E+11,3.84507E+11
,1.6935E+11,0,일반회계,2009,1609616430,41135020530,방위사업청,2.75333E+11,3.18077E+11,1.05983E+11,1.05983E+11
,712719130,0,교도작업특별회계,2009,0,93371500,법무부,45712719130,45806090630,45000000000,45000000000
,-87078354290,0,일반회계,2009,20625070,1381509910,법무부,1.61166E+12,1.61306E+12,1.69874E+12,1.69874E+12
,10393350,0,일반회계,2009,0,0,법제처,10393350,10393350,0,0
,258482960,0,일반회계,2009,0,2272048690,병무청,450320960,2722369650,191838000,191838000
손익계정,952855680,0,국립공주병원,2009,0,0,보건복지가족부,10993732680,10993732680,10040877000,10040877000
자본계정,86035250,0,국립공주병원,2009,0,0,보건복지가족부,3662708250,3662708250,3576673000,3576673000
손익계정,4185528670,0,국립나주병원,2009,0,0,보건복지가족부,18044304670,18044304670,13858776000,13858776000
자본계정,512112000,0,국립나주병원,2009,0,0,보건복지가족부,5260612000,5260612000,4748500000,4748500000
손익계정,4905015820,0,국립마산병원,2009,0,0,보건복지가족부,13664232820,13664232820,8759217000,8759217000
자본계정,33258010,0,국립마산병원,2009,0,0,보건복지가족부,1460730010,1460730010,1427472000,1427472000
손익계정,1481801410,0,국립목포병원,2009,0,626560,보건복지가족부,7180433410,7181059970,5698632000,5698632000
자본계정,78114690,0,국립목포병원,2009,0,0,보건복지가족부,1869180690,1869180690,1791066000,1791066000
손익계정,2663354380,0,국립부곡병원,2009,0,0,보건복지가족부,15407599380,15407599380,12744245000,12744245000
자본계정,170239860,0,국립부곡병원,2009,0,0,보건복지가족부,2856239860,2856239860,2686000000,2686000000
손익계정,3114860720,0,국립서울병원,2009,0,0,보건복지가족부,27185492720,27185492720,24070632000,24070632000
자본계정,1910947950,0,국립서울병원,2009,0,0,보건복지가족부,4035947950,4035947950,2125000000,2125000000
손익계정,945784390,0,국립의료원,2009,123963590,9302959859,보건복지가족부,72491958390,81918881839,71546174000,71546174000
자본계정,966450560,0,국립의료원,2009,0,0,보건복지가족부,6592450560,6592450560,5626000000,5626000000
손익계정,5756390780,0,국립재활원,2009,0,67980860,보건복지가족부,25525550780,25593531640,19769160000,19769160000
자본계정,15781162590,0,국립재활원,2009,0,0,보건복지가족부,36109290590,36109290590,20328128000,20328128000
손익계정,2355218250,0,국립춘천병원,2009,0,0,보건복지가족부,11336225250,11336225250,8981007000,8981007000
자본계정,9080390,0,국립춘천병원,2009,0,0,보건복지가족부,5342656390,5342656390,5333576000,5333576000
투자계정,2653600020,0,에너지및자원사업특별회계,2009,0,6475938090,보건복지가족부,2653600020,9129538110,0,0
,1.33237E+11,0,일반회계,2009,0,2.1101E+11,보건복지가족부,3.37621E+11,5.48631E+11,2.04384E+11,2.04384E+11
손익계정,3224356760,0,국립자연휴양림관리소,2009,0,21733860,산림청,19658843760,19680577620,16434487000,16434487000
자본계정,566707470,0,국립자연휴양림관리소,2009,0,0,산림청,16447707470,16447707470,15881000000,15881000000
임업진흥사업계정,88004892290,0,농어촌구조개선특별회계,2009,0,42513986860,산림청,8.10297E+11,8.52811E+11,7.22292E+11,7.22292E+11
,-1.2261E+11,0,일반회계,2009,997895020,35519129170,산림청,65852106990,1.02369E+11,1.88462E+11,1.88462E+11
,4503868490,0,일반회계,2009,0,25066330,소방방재청,13265868490,13290934820,8762000000,8762000000
,-6340821900,0,일반회계,2009,0,2047422620,식품의약품안전청,10494078100,12541500720,16834900000,16834900000
,-12672960,0,일반회계,2009,0,229586660,여성부,790327040,1019913700,803000000,803000000
,32665808750,0,일반회계,2009,0,0,외교통상부,1.34018E+11,1.34018E+11,1.01352E+11,1.01352E+11
손익계정,74930389730,0,조달특별회계,2009,0,22157865240,조달청,2.56599E+11,2.78757E+11,1.81669E+11,1.81669E+11
자본계정,4808774200,0,조달특별회계,2009,0,0,조달청,1.17877E+11,1.17877E+11,1.13068E+11,1.13068E+11
,2096655560,0,일반회계,2009,0,1221621860,중소기업청,11321655560,12543277420,9225000000,9225000000
,691581460,0,일반회계,2009,0,0,중앙선거관리위원회,1795581460,1795581460,1104000000,1104000000
제주특별자치도계정,60641580,0,국가균형발전특별회계,2009,0,0,지식경제부,60641580,60641580,0,0
지역개발사업계정,9208310,0,국가균형발전특별회계,2009,0,0,지식경제부,9208310,9208310,0,0
지역혁신사업계정,4119517890,0,국가균형발전특별회계,2009,0,0,지식경제부,13694517890,13694517890,9575000000,9575000000
융자및유가완충계정,1.57279E+11,0,에너지및자원사업특별회계,2009,0,0,지식경제부,1.29847E+12,1.29847E+12,1.14119E+12,1.14119E+12
투자계정,47507880350,0,에너지및자원사업특별회계,2009,0,12866506200,지식경제부,2.70808E+12,2.72094E+12,2.66057E+12,2.66057E+12
,288539430,0,우체국보험특별회계,2009,0,0,지식경제부,5.70344E+11,5.70344E+11,5.70055E+11,5.70055E+11
손익계정,1.39585E+12,0,우체국예금특별회계,2009,0,8174007050,지식경제부,3.29226E+12,3.30043E+12,1.89641E+12,1.89641E+12
자본계정,249018700,0,우체국예금특별회계,2009,0,0,지식경제부,15770018700,15770018700,15521000000,15521000000
손익계정,-87940362610,0,우편사업특별회계,2009,0,4004094720,지식경제부,2.99335E+12,2.99735E+12,3.08129E+12,3.08129E+12
자본계정,13771956790,0,우편사업특별회계,2009,0,299785880,지식경제부,2.66799E+11,2.67099E+11,2.53027E+11,2.53027E+11
,-9809151480,0,일반회계,2009,0,1726671590,지식경제부,62829879520,64556551110,72639031000,72639031000
,158296930,0,혁신도시건설특별회계,2009,0,0,지식경제부,158296930,158296930,0,0
,94701470,0,일반회계,2009,0,2800000,진실·화해를위한과거사정리위원회,94701470,97501470,0,0
,1971220,0,일반회계,2009,0,0,친일반민족행위진상규명위원회,1971220,1971220,0,0
,1893406780,0,일반회계,2009,0,0,통계청,3283780780,3283780780,1390374000,1390374000
,-57665110,0,일반회계,2009,0,4735330,통일부,480134890,484870220,537800000,537800000
손익계정,-32753996160,0,특허청,2009,0,2214660,특허청,3.39086E+11,3.39088E+11,3.7184E+11,3.7184E+11
자본계정,807345690,0,특허청,2009,0,0,특허청,3642345690,3642345690,2835000000,2835000000
,-13857840450,0,일반회계,2009,0,17508066560,해양경찰청,3992159550,21500226110,17850000000,17850000000
지역혁신사업계정,4697970,0,국가균형발전특별회계,2009,0,0,행정안전부,4697970,4697970,0,0
,15199308830,0,일반회계,2009,0,246619310,행정안전부,28951389830,29198009140,13752081000,13752081000
,15467532130,0,행정중심복합도시건설특별회계,2009,0,0,행정중심복합도시건설청,5.92555E+11,5.92555E+11,5.77087E+11,5.77087E+11
,98549910,0,일반회계,2009,0,0,헌법재판소,98549910,98549910,0,0
지역혁신사업계정,233317670,0,국가균형발전특별회계,2009,0,6400000,환경부,233317670,239717670,0,0
농어촌특별세사업계정,1241066030,0,농어촌구조개선특별회계,2009,0,0,환경부,1241066030,1241066030,0,0
,89850810,0,일반회계,2009,0,165116070,환경부,89850810,254966880,0,0
,-1.14505E+11,0,환경개선특별회계,2009,24311092610,8.50928E+11,환경부,4.00267E+12,4.8779E+12,4.11717E+12,4.11717E+12
,52601230,0,일반회계,2008,0,106164000,감사원,304893230,411057230,252292000,252292000
공항계정,-1.63784E+11,0,교통시설특별회계,2008,0,0,건설교통부,57897838480,57897838480,2.21682E+11,2.21682E+11
광역교통시설계정,-6.33952E+11,0,교통시설특별회계,2008,0,0,건설교통부,52598067200,52598067200,6.8655E+11,6.8655E+11
대중교통계정,-1.36749E+12,0,교통시설특별회계,2008,0,0,건설교통부,0,0,1.36749E+12,1.36749E+12
도로계정,-5.97191E+12,0,교통시설특별회계,2008,0,0,건설교통부,1.00372E+12,1.00372E+12,6.97564E+12,6.97564E+12
철도계정,-2.03318E+12,0,교통시설특별회계,2008,0,0,건설교통부,2.20493E+11,2.20493E+11,2.25367E+12,2.25367E+12
지역개발사업계정,-3.10404E+11,0,국가균형발전특별회계,2008,1339235720,0,건설교통부,59966867740,61306103460,3.70371E+11,3.70371E+11
지역혁신사업계정,-17018209270,0,국가균형발전특별회계,2008,0,0,건설교통부,3661790730,3661790730,20680000000,20680000000
,-24593043700,0,일반회계,2008,0,0,건설교통부,1066956300,1066956300,25660000000,25660000000
,-1.1005E+11,0,혁신도시건설특별회계,2008,0,0,건설교통부,1250000000,1250000000,1.113E+11,1.113E+11
손익계정,7599261780,0,경찰병원,2008,0,126175610,경찰청,64505866780,64632042390,56906605000,56906605000
자본계정,8678723680,0,경찰병원,2008,0,0,경찰청,10175923680,10175923680,1497200000,1497200000
손익계정,25670444140,0,운전면허시험관리단,2008,0,39987500,경찰청,1.08109E+11,1.08149E+11,82439000000,82439000000
자본계정,446113290,0,운전면허시험관리단,2008,0,0,경찰청,3889113290,3889113290,3443000000,3443000000
,-1.82586E+11,0,일반회계,2008,27323520,1.37307E+12,경찰청,6.692E+11,2.0423E+12,8.51786E+11,8.51786E+11
,-5006230390,0,일반회계,2008,0,1.21845E+11,공정거래위원회,1.31489E+11,2.53335E+11,1.36496E+11,1.36496E+11
손익계정,11882900,-8758012000,국립중앙과학관,2008,0,0,과학기술부,5324870900,5324870900,14071000000,5312988000
자본계정,0,-5059251000,국립중앙과학관,2008,0,0,과학기술부,2045749000,2045749000,7105000000,2045749000
,751023150,-4695704000,일반회계,2008,0,0,과학기술부,1120319150,1120319150,5065000000,369296000
,3951817580,0,일반회계,2008,20990183280,75311487150,관세청,20945817580,1.17247E+11,16994000000,16994000000
지역혁신사업계정,4095082470,0,국가균형발전특별회계,2008,0,0,교육과학기술부,4095082470,4095082470,0,0
손익계정,-2581811420,34984396000,국립국제교육원,2008,0,0,교육과학기술부,32402584580,32402584580,0,34984396000
자본계정,-115625170,150000000,국립국제교육원,2008,0,0,교육과학기술부,34374830,34374830,0,150000000
손익계정,948028400,8758012000,국립중앙과학관,2008,0,205252330,교육과학기술부,9706040400,9911292730,0,8758012000
자본계정,858131240,5059251000,국립중앙과학관,2008,0,0,교육과학기술부,5917382240,5917382240,0,5059251000
,-27060043820,3.00216E+11,일반회계,2008,0,2143279760,교육과학기술부,2.73155E+11,2.75299E+11,0,3.00216E+11
지역혁신사업계정,122423340,0,국가균형발전특별회계,2008,0,0,교육인적자원부,122423340,122423340,0,0
손익계정,8967783380,-34984396000,국립국제교육원,2008,0,0,교육인적자원부,8967783380,8967783380,34984396000,0
자본계정,118000000,-150000000,국립국제교육원,2008,0,0,교육인적자원부,118000000,118000000,150000000,0
,46563165940,-2.9552E+11,일반회계,2008,0,0,교육인적자원부,46563165940,46563165940,2.9552E+11,0
,605751910,0,일반회계,2008,92339030,1419746950,국가보훈처,1411460910,2923546890,805709000,805709000
,4324470,0,일반회계,2008,0,0,국가인권위원회,14324470,14324470,10000000,10000000
,2724990080,0,일반회계,2008,0,0,국가정보원,3422990080,3422990080,698000000,698000000
,1863000,0,일반회계,2008,0,0,국가청렴위원회,1863000,1863000,0,0
,7707150,-125782000,일반회계,2008,0,0,국가청소년위원회,36925150,36925150,155000000,29218000
,-99060400,-12080836000,일반회계,2008,0,0,국무총리실,813676600,813676600,12993573000,912737000
,14231340,0,일반회계,2008,0,0,국민권익위원회,14231340,14231340,0,0
,-33460362650,0,국방·군사시설이전특별회계,2008,0,5.37479E+11,국방부,2.94011E+11,8.3149E+11,3.27471E+11,3.27471E+11
손익계정,2156549800,0,국방홍보원,2008,0,166423470,국방부,28741549800,28907973270,26585000000,26585000000
자본계정,399328570,0,국방홍보원,2008,0,0,국방부,1549328570,1549328570,1150000000,1150000000
,7969815710,0,일반회계,2008,7708310,18382892430,국방부,55579815710,73970416450,47610000000,47610000000
,-51782129290,0,주한미군기지이전특별회계,2008,0,2455110190,국방부,2.11071E+11,2.13526E+11,2.62853E+11,2.62853E+11
,-6379388260,0,일반회계,2008,4.81261E+11,4.58003E+11,국세청,7.827E+11,1.72196E+12,7.8908E+11,7.8908E+11
,58131270,-522105000,일반회계,2008,0,0,국정홍보처,95690270,95690270,559664000,37559000
공항계정,1.83255E+11,0,교통시설특별회계,2008,0,86747570,국토해양부,1.83255E+11,1.83342E+11,0,0
광역교통시설계정,6.74692E+11,0,교통시설특별회계,2008,0,70042410310,국토해양부,7.66692E+11,8.36734E+11,92000000000,92000000000
대중교통계정,1.36832E+12,0,교통시설특별회계,2008,0,0,국토해양부,1.46732E+12,1.46732E+12,99000000000,99000000000
도로계정,6.02382E+12,0,교통시설특별회계,2008,26166250,8424336450,국토해양부,6.38362E+12,6.39207E+12,3.598E+11,3.598E+11
철도계정,2.08139E+12,0,교통시설특별회계,2008,0,19728217090,국토해양부,2.22229E+12,2.24201E+12,1.409E+11,1.409E+11
항만계정,-61210518260,1.52138E+12,교통시설특별회계,2008,207102430,20975071200,국토해양부,1.47227E+12,1.49345E+12,12100000000,1.53348E+12
지역개발사업계정,3.37878E+11,0,국가균형발전특별회계,2008,7769297000,5.40067E+11,국토해양부,3.37878E+11,8.85715E+11,0,0
지역혁신사업계정,14670883520,0,국가균형발전특별회계,2008,150740,16998444650,국토해양부,14670883520,31669478910,0,0
손익계정,7678911340,20191219000,대산지방해양항만청,2008,0,612226070,국토해양부,27870130340,28482356410,0,20191219000
자본계정,19474262190,21853645000,대산지방해양항만청,2008,0,0,국토해양부,41327907190,41327907190,0,21853645000
,5823062230,21263248000,일반회계,2008,5740900,8140620940,국토해양부,27086310230,35232672070,0,21263248000
,1.1005E+11,0,혁신도시건설특별회계,2008,0,0,국토해양부,1.1005E+11,1.1005E+11,0,0
,248678190,0,일반회계,2008,0,0,국회,1814678190,1814678190,1566000000,1566000000
,-2676609310,12331636000,일반회계,2008,2016858970,16352433360,금융위원회,9655026690,28024319020,0,12331636000
,765638650,0,일반회계,2008,0,101752650,기상청,1592523650,1694276300,826885000,826885000
제주특별자치도계정,0,-2.54785E+11,국가균형발전특별회계,2008,0,0,기획예산처,1.3E+11,1.3E+11,3.84785E+11,1.3E+11
지역개발사업계정,280197010,-3.94887E+12,국가균형발전특별회계,2008,0,0,기획예산처,1.25749E+12,1.25749E+12,5.20608E+12,1.25721E+12
지역혁신사업계정,70049850,-1.20013E+12,국가균형발전특별회계,2008,0,0,기획예산처,4.51997E+11,4.51997E+11,1.65206E+12,4.51927E+11
,446500,0,일반회계,2008,0,0,기획예산처,435446500,435446500,435000000,435000000
제주특별자치도계정,582007000,2.54785E+11,국가균형발전특별회계,2008,0,0,기획재정부,2.63717E+11,2.63717E+11,8350000000,2.63135E+11
지역개발사업계정,3.1137E+11,3.94887E+12,국가균형발전특별회계,2008,0,0,기획재정부,4.45137E+12,4.45137E+12,1.91131E+11,4.14E+12
지역혁신사업계정,64317759420,1.20013E+12,국가균형발전특별회계,2008,0,0,기획재정부,1.26445E+12,1.26445E+12,0,1.20013E+12
,1.80782E+12,1.69786E+14,일반회계,2008,6.54781E+12,1.13563E+13,기획재정부,1.76163E+14,1.94067E+14,4.56854E+12,1.74355E+14
투자계정,-4144550,0,에너지및자원사업특별회계,2008,0,711840030,노동부,10855450,722695480,15000000,15000000
,5955182730,0,일반회계,2008,143230810,4868765310,노동부,30058182730,35070178850,24103000000,24103000000
지역개발사업계정,118210000,0,국가균형발전특별회계,2008,0,0,농림부,118210000,118210000,0,0
구조개선사업계정,15155287430,-3.01454E+12,농어촌구조개선특별회계,2008,0,0,농림부,5.7827E+11,5.7827E+11,3.57766E+12,5.63115E+11
농어촌특별세사업계정,974520660,-3.51177E+12,농어촌구조개선특별회계,2008,0,0,농림부,2.00887E+11,2.00887E+11,3.71169E+12,1.99912E+11
손익계정,12464356750,-1.30153E+12,양곡관리특별회계,2008,0,0,농림부,33772615750,33772615750,1.32284E+12,21308259000
자본계정,0,-4000,양곡관리특별회계,2008,0,0,농림부,0,0,4000,0
,145849560,-9645338000,일반회계,2008,7451450,0,농림부,299412560,306864010,9798901000,153563000
지역개발사업계정,6604112890,0,국가균형발전특별회계,2008,0,0,농림수산식품부,6604112890,6604112890,0,0
구조개선사업계정,-3.46663E+11,3.01454E+12,농어촌구조개선특별회계,2008,0,1000131670,농림수산식품부,2.96538E+12,2.96638E+12,2.975E+11,3.31204E+12
농어촌특별세사업계정,6.84219E+11,3.51177E+12,농어촌구조개선특별회계,2008,0,303024240,농림수산식품부,4.44219E+12,4.4425E+12,2.462E+11,3.75797E+12
손익계정,89651787260,1.30153E+12,양곡관리특별회계,2008,0,137542350,농림수산식품부,1.59903E+12,1.59916E+12,2.07842E+11,1.50937E+12
자본계정,807330,4000,양곡관리특별회계,2008,0,0,농림수산식품부,811330,811330,0,4000
,-1416784770,15838607000,일반회계,2008,11575650,1054837950,농림수산식품부,14421822230,15488235830,0,15838607000
,2437840000,0,혁신도시건설특별회계,2008,0,0,농림수산식품부,2437840000,2437840000,0,0
구조개선사업계정,477156200,0,농어촌구조개선특별회계,2008,0,0,농촌진흥청,582156200,582156200,105000000,105000000
,1317664150,0,일반회계,2008,0,39780590,농촌진흥청,6181664150,6221444740,4864000000,4864000000
,7969845260,0,혁신도시건설특별회계,2008,0,0,농촌진흥청,7969845260,7969845260,0,0
,-18196785150,0,등기특별회계,2008,0,0,대법원,2.38141E+11,2.38141E+11,2.56338E+11,2.56338E+11
,-3397732460,0,일반회계,2008,28100230,48434780,대법원,2.7653E+11,2.76607E+11,2.79928E+11,2.79928E+11
,0,-17530000,일반회계,2008,0,0,대통령경호실,0,0,17530000,0
,0,-30537000,일반회계,2008,0,0,대통령비서실,0,0,30537000,0
,266969580,48067000,일반회계,2008,0,0,대통령실,315036580,315036580,0,48067000
지역개발사업계정,1306000000,0,국가균형발전특별회계,2008,0,0,문화관광부,1306000000,1306000000,0,0
손익계정,21104160,-11271116000,국립중앙극장,2008,0,0,문화관광부,10396949160,10396949160,21646961000,10375845000
자본계정,0,-700000000,국립중앙극장,2008,0,0,문화관광부,2426000000,2426000000,3126000000,2426000000
,0,-41749000000,아시아문화중심도시조성특별회계,2008,0,0,문화관광부,50000000000,50000000000,91749000000,50000000000
,276972830,-22823045000,일반회계,2008,0,0,문화관광부,4092381830,4092381830,26638454000,3815409000
,169906670,0,일반회계,2008,0,11862483470,문화재청,18555665670,30418149140,18385759000,18385759000
지역개발사업계정,4506928710,0,국가균형발전특별회계,2008,0,1770382670,문화체육관광부,4506928710,6277311380,0,0
손익계정,1036724530,11271116000,국립중앙극장,2008,0,387525470,문화체육관광부,12307840530,12695366000,0,11271116000
자본계정,1741770,700000000,국립중앙극장,2008,0,0,문화체육관광부,701741770,701741770,0,700000000
,-41748905260,41749000000,아시아문화중심도시조성특별회계,2008,0,0,문화체육관광부,94740,94740,0,41749000000
,11051860140,23345150000,일반회계,2008,0,21519885080,문화체육관광부,34397010140,55916895220,0,23345150000
,10302750,0,일반회계,2008,0,0,민주평화통일자문회의,10302750,10302750,0,0
,52500000,-768500000,일반회계,2008,0,0,방송위원회,140000000,140000000,856000000,87500000
,-87968699060,4.36989E+11,일반회계,2008,0,43826215730,방송통신위원회,3.49021E+11,3.92847E+11,0,4.36989E+11
,13127743850,0,일반회계,2008,17792990,16033641910,방위사업청,97050698850,1.13102E+11,83922955000,83922955000
,-946910870,0,교도작업특별회계,2008,0,101669970,법무부,43093089130,43194759100,44040000000,44040000000
,44582746620,0,일반회계,2008,8389840,2704814130,법무부,1.60964E+12,1.61236E+12,1.56506E+12,1.56506E+12
,6933610,0,일반회계,2008,0,0,법제처,6933610,6933610,0,0
,155272540,0,일반회계,2008,0,2317048690,병무청,299602540,2616651230,144330000,144330000
지역개발사업계정,1200000000,0,국가균형발전특별회계,2008,0,0,보건복지가족부,1200000000,1200000000,0,0
손익계정,547812880,3872784000,국립공주병원,2008,0,0,보건복지가족부,4420596880,4420596880,0,3872784000
자본계정,5871680,2000000,국립공주병원,2008,0,0,보건복지가족부,7871680,7871680,0,2000000
손익계정,2781724210,3486630000,국립나주병원,2008,0,0,보건복지가족부,6268354210,6268354210,0,3486630000
자본계정,101981990,2000000,국립나주병원,2008,0,0,보건복지가족부,103981990,103981990,0,2000000
손익계정,4668706010,4490721000,국립마산병원,2008,0,0,보건복지가족부,9159427010,9159427010,0,4490721000
자본계정,285435500,356882000,국립마산병원,2008,0,0,보건복지가족부,642317500,642317500,0,356882000
손익계정,1664362880,3472411000,국립목포병원,2008,0,1407430,보건복지가족부,5136773880,5138181310,0,3472411000
자본계정,298422300,664564000,국립목포병원,2008,0,0,보건복지가족부,962986300,962986300,0,664564000
손익계정,871855270,3683088000,국립부곡병원,2008,0,0,보건복지가족부,4554943270,4554943270,0,3683088000
자본계정,33731180,2000000,국립부곡병원,2008,0,0,보건복지가족부,35731180,35731180,0,2000000
손익계정,125240180,9043612000,국립서울병원,2008,0,0,보건복지가족부,9168852180,9168852180,0,9043612000
자본계정,518922060,2000000,국립서울병원,2008,0,0,보건복지가족부,520922060,520922060,0,2000000
손익계정,-5557016690,48624407000,국립의료원,2008,115776860,8275815649,보건복지가족부,43067390310,51458982819,0,48624407000
자본계정,1417184260,2000000,국립의료원,2008,0,0,보건복지가족부,1419184260,1419184260,0,2000000
손익계정,2234599130,6882485000,국립재활원,2008,0,33702480,보건복지가족부,9117084130,9150786610,0,6882485000
자본계정,2418156750,21000000,국립재활원,2008,0,0,보건복지가족부,2439156750,2439156750,0,21000000
손익계정,379535330,2909519000,국립춘천병원,2008,0,0,보건복지가족부,3289054330,3289054330,0,2909519000
자본계정,15113610,5079000,국립춘천병원,2008,0,0,보건복지가족부,20192610,20192610,0,5079000
투자계정,1031616930,0,에너지및자원사업특별회계,2008,0,8400642490,보건복지가족부,1031616930,9432259420,0,0
,92484605340,1.09311E+11,일반회계,2008,0,1.61361E+11,보건복지가족부,2.01796E+11,3.63157E+11,0,1.09311E+11
손익계정,5346610,-3872784000,국립공주병원,2008,0,0,보건복지부,5849210610,5849210610,9716648000,5843864000
자본계정,0,-2000000,국립공주병원,2008,0,0,보건복지부,344363000,344363000,346363000,344363000
손익계정,8444750,-3486630000,국립나주병원,2008,0,0,보건복지부,9831288750,9831288750,13309474000,9822844000
자본계정,0,-2000000,국립나주병원,2008,0,0,보건복지부,479498000,479498000,481498000,479498000
손익계정,148354140,-4490721000,국립마산병원,2008,0,0,보건복지부,3889234140,3889234140,8231601000,3740880000
자본계정,0,-356882000,국립마산병원,2008,0,0,보건복지부,354883000,354883000,711765000,354883000
손익계정,6279850,-3472411000,국립목포병원,2008,0,0,보건복지부,2023671850,2023671850,5489803000,2017392000
자본계정,0,-664564000,국립목포병원,2008,0,0,보건복지부,120565000,120565000,785129000,120565000
손익계정,22006690,-3683088000,국립부곡병원,2008,0,0,보건복지부,8623554690,8623554690,12284636000,8601548000
자본계정,0,-2000000,국립부곡병원,2008,0,0,보건복지부,764500000,764500000,766500000,764500000
손익계정,22905210,-9043612000,국립서울병원,2008,0,0,보건복지부,14072531210,14072531210,23093238000,14049626000
자본계정,0,-2000000,국립서울병원,2008,0,0,보건복지부,3010178000,3010178000,3012178000,3010178000
손익계정,850491770,-48624407000,국립의료원,2008,0,0,보건복지부,21875624770,21875624770,69649540000,21025133000
자본계정,0,-2000000,국립의료원,2008,0,0,보건복지부,6753129000,6753129000,6755129000,6753129000
손익계정,605083250,-6882485000,국립재활원,2008,0,0,보건복지부,12203699250,12203699250,18481101000,11598616000
자본계정,0,-21000000,국립재활원,2008,0,0,보건복지부,16699507000,16699507000,16720507000,16699507000
손익계정,3021240,-2909519000,국립춘천병원,2008,0,0,보건복지부,5809086240,5809086240,8715584000,5806065000
자본계정,0,-5079000,국립춘천병원,2008,0,0,보건복지부,450212000,450212000,455291000,450212000
,-8124024570,-96444816000,일반회계,2008,0,0,보건복지부,34289858430,34289858430,1.38859E+11,42413883000
지역개발사업계정,4034240,0,국가균형발전특별회계,2008,0,0,산림청,4034240,4034240,0,0
손익계정,1898453300,0,국립자연휴양림관리소,2008,0,21733860,산림청,16014860300,16036594160,14116407000,14116407000
자본계정,1401168340,0,국립자연휴양림관리소,2008,0,0,산림청,16448168340,16448168340,15047000000,15047000000
임업진흥사업계정,12320459000,0,농어촌구조개선특별회계,2008,0,28783959880,산림청,5.37493E+11,5.66276E+11,5.25172E+11,5.25172E+11
,54783926250,0,일반회계,2008,830885520,48217912450,산림청,1.85253E+11,2.34302E+11,1.30469E+11,1.30469E+11
지역개발사업계정,209470,0,국가균형발전특별회계,2008,0,0,산업자원부,209470,209470,0,0
지역혁신사업계정,1435602680,-4255000000,국가균형발전특별회계,2008,0,0,산업자원부,1435602680,1435602680,4255000000,0
융자및유가완충계정,26447709940,-1.13696E+12,에너지및자원사업특별회계,2008,0,0,산업자원부,26447709940,26447709940,1.13696E+12,0
투자계정,6.09791E+11,-2.47374E+12,에너지및자원사업특별회계,2008,0,0,산업자원부,6.09791E+11,6.09791E+11,2.47374E+12,0
,3472600140,-43562691000,일반회계,2008,0,0,산업자원부,3472600140,3472600140,43562691000,0
지역개발사업계정,272000000,0,국가균형발전특별회계,2008,0,0,소방방재청,272000000,272000000,0,0
,2289365070,0,일반회계,2008,0,214910600,소방방재청,10409365070,10624275670,8120000000,8120000000
,-3425594730,0,일반회계,2008,0,2335020190,식품의약품안전청,8808405270,11143425460,12234000000,12234000000
,250668550,-13386737000,일반회계,2008,0,0,여성가족부,466931550,466931550,13603000000,216263000
,-270270800,646245000,일반회계,2008,0,278264990,여성부,375974200,654239190,0,646245000
,36380997600,0,일반회계,2008,0,0,외교통상부,1.76921E+11,1.76921E+11,1.4054E+11,1.4054E+11
,1.28862E+11,-1.69787E+14,일반회계,2008,6135986740,0,재정경제부,1.28884E+11,1.3502E+11,1.69787E+14,22200000
,59262011780,-5.79473E+11,우체국보험특별회계,2008,0,0,정보통신부,59265337780,59265337780,5.79476E+11,3326000
손익계정,2.78705E+11,-1.88501E+12,우체국예금특별회계,2008,0,0,정보통신부,2.85559E+11,2.85559E+11,1.89187E+12,6854145000
자본계정,0,-368000000,우체국예금특별회계,2008,0,0,정보통신부,17284270000,17284270000,17652270000,17284270000
손익계정,2.54029E+11,-2.84809E+12,우편사업특별회계,2008,0,0,정보통신부,3.66643E+11,3.66643E+11,2.96071E+12,1.12614E+11
자본계정,8090810,-2.24574E+11,우편사업특별회계,2008,0,0,정보통신부,91746810,91746810,2.24658E+11,83656000
,71159873600,-4.40615E+11,일반회계,2008,0,0,정보통신부,75933275600,75933275600,4.45388E+11,4773402000
손익계정,66493698230,0,조달특별회계,2008,0,47499777250,조달청,2.21361E+11,2.6886E+11,1.54867E+11,1.54867E+11
자본계정,1702280880,0,조달특별회계,2008,0,5792059780,조달청,74041438880,79833498660,72339158000,72339158000
지역개발사업계정,2911300000,0,국가균형발전특별회계,2008,0,0,중소기업청,2911300000,2911300000,0,0
지역혁신사업계정,1370920,0,국가균형발전특별회계,2008,0,0,중소기업청,1370920,1370920,0,0
,3784985840,0,일반회계,2008,0,86898230,중소기업청,12122072840,12208971070,8337087000,8337087000
,3787059720,0,일반회계,2008,0,0,중앙선거관리위원회,15344559720,15344559720,11557500000,11557500000
,440260,-2721284000,일반회계,2008,0,0,중앙인사위원회,476015260,476015260,3196859000,475575000
제주특별자치도계정,97974920,0,국가균형발전특별회계,2008,0,0,지식경제부,97974920,97974920,0,0
지역혁신사업계정,9472330810,4255000000,국가균형발전특별회계,2008,0,0,지식경제부,13727330810,13727330810,0,4255000000
융자및유가완충계정,40979954910,1.13696E+12,에너지및자원사업특별회계,2008,0,0,지식경제부,1.22794E+12,1.22794E+12,50000000000,1.18696E+12
투자계정,-5.22985E+11,2.47374E+12,에너지및자원사업특별회계,2008,0,9140423610,지식경제부,3.90786E+12,3.917E+12,1.9571E+12,4.43084E+12
,-61302952740,5.79473E+11,우체국보험특별회계,2008,0,0,지식경제부,5.1817E+11,5.1817E+11,0,5.79473E+11
손익계정,3.11067E+11,1.88501E+12,우체국예금특별회계,2008,0,8251593810,지식경제부,2.19608E+12,2.20433E+12,0,1.88501E+12
자본계정,-318704990,368000000,우체국예금특별회계,2008,0,0,지식경제부,49295010,49295010,0,368000000
손익계정,-1.9337E+11,2.84809E+12,우편사업특별회계,2008,6610760,3311243260,지식경제부,2.65472E+12,2.65804E+12,0,2.84809E+12
자본계정,26542045180,2.24574E+11,우편사업특별회계,2008,0,285070880,지식경제부,2.51116E+11,2.51401E+11,0,2.24574E+11
,18473980490,47956516000,일반회계,2008,0,1184125720,지식경제부,66430496490,67614622210,0,47956516000
,6861860,0,일반회계,2008,0,0,친일반민족행위진상규명위원회,6861860,6861860,0,0
,1550846970,0,일반회계,2008,0,0,통계청,2513774970,2513774970,962928000,962928000
,546774330,0,일반회계,2008,0,0,통일부,763525330,763525330,216751000,216751000
손익계정,34680919390,0,특허청,2008,0,0,특허청,3.48419E+11,3.48419E+11,3.13738E+11,3.13738E+11
자본계정,116665510,0,특허청,2008,0,0,특허청,4342665510,4342665510,4226000000,4226000000
,240742890,0,일반회계,2008,0,17767385590,해양경찰청,2025742890,19793128480,1785000000,1785000000
항만계정,1.38793E+11,-1.52138E+12,교통시설특별회계,2008,27800000,0,해양수산부,3.51008E+11,3.51036E+11,1.73359E+12,2.12215E+11
지역개발사업계정,417000000,0,국가균형발전특별회계,2008,0,0,해양수산부,417000000,417000000,0,0
구조개선사업계정,243750270,0,농어촌구조개선특별회계,2008,0,0,해양수산부,243750270,243750270,0,0
농어촌특별세사업계정,955525160,0,농어촌구조개선특별회계,2008,0,0,해양수산부,955525160,955525160,0,0
손익계정,1310488020,-20191219000,대산지방해양항만청,2008,0,0,해양수산부,8111711020,8111711020,26992442000,6801223000
자본계정,0,-21853645000,대산지방해양항만청,2008,0,0,해양수산부,44259336000,44259336000,66112981000,44259336000
,1699587190,-27456517000,일반회계,2008,0,0,해양수산부,4825561190,4825561190,30582491000,3125974000
,10191251590,11028964000,일반회계,2008,650000,240027250,행정안전부,21220215590,21460892840,0,11028964000
,508792220,-8307680000,일반회계,2008,0,0,행정자치부,1159494220,1159494220,8958382000,650702000
,14882037320,0,행정중심복합도시건설특별회계,2008,0,0,행정중심복합도시건설청,3.41547E+11,3.41547E+11,3.26665E+11,3.26665E+11
,18911400,0,일반회계,2008,0,0,헌법재판소,18911400,18911400,0,0
지역혁신사업계정,1516403530,0,국가균형발전특별회계,2008,0,0,환경부,1516403530,1516403530,0,0
농어촌특별세사업계정,7094870,0,농어촌구조개선특별회계,2008,0,0,환경부,7094870,7094870,0,0
,63023270,0,일반회계,2008,0,7335300,환경부,63023270,70358570,0,0
,-99204378900,0,환경개선특별회계,2008,10634557110,7.93642E+11,환경부,3.03171E+12,3.83598E+12,3.13091E+12,3.13091E+12
,29459700,0,일반회계,2007,0,106164000,감사원,274309700,380473700,244850000,244850000
공항계정,13821051620,0,교통시설특별회계,2007,0,78466760,건설교통부,3.59764E+11,3.59843E+11,3.45943E+11,3.45943E+11
광역교통시설계정,25868200570,0,교통시설특별회계,2007,0,58476171400,건설교통부,7.04168E+11,7.62644E+11,6.783E+11,6.783E+11
대중교통계정,741600730,0,교통시설특별회계,2007,0,0,건설교통부,1.34939E+12,1.34939E+12,1.34865E+12,1.34865E+12
도로계정,1.82998E+11,0,교통시설특별회계,2007,39173630,8003491075,건설교통부,6.84708E+12,6.85512E+12,6.66408E+12,6.66408E+12
철도계정,52769258030,0,교통시설특별회계,2007,14433907750,18996751060,건설교통부,2.09871E+12,2.13214E+12,2.04594E+12,2.04594E+12
지역개발사업계정,99975121570,0,국가균형발전특별회계,2007,14617769540,5.5047E+11,건설교통부,4.85982E+11,1.05107E+12,3.86007E+11,3.86007E+11
지역혁신사업계정,10371400380,0,국가균형발전특별회계,2007,0,18845109980,건설교통부,30371400380,49216510360,20000000000,20000000000
,5026268480,0,일반회계,2007,165515240,5417436140,건설교통부,27646675480,33229626860,22620407000,22620407000
손익계정,7513509200,0,국립경찰병원,2007,0,82608970,경찰청,60076350200,60158959170,52562841000,52562841000
자본계정,1502355270,0,국립경찰병원,2007,0,0,경찰청,12145473270,12145473270,10643118000,10643118000
손익계정,3730981240,0,운전면허시험관리단,2007,0,42960146,경찰청,90086106240,90129066386,86355125000,86355125000
자본계정,-3574921830,0,운전면허시험관리단,2007,0,0,경찰청,3193078170,3193078170,6768000000,6768000000
,-89854713270,0,일반회계,2007,0,1.4173E+12,경찰청,7.37293E+11,2.15459E+12,8.27148E+11,8.27148E+11
,1.6306E+11,0,일반회계,2007,0,89362238700,공정거래위원회,3.00689E+11,3.90051E+11,1.3763E+11,1.3763E+11
지역혁신사업계정,229208650,0,국가균형발전특별회계,2007,0,0,과학기술부,229208650,229208650,0,0
손익계정,877667890,0,국립중앙과학관,2007,0,291301950,과학기술부,13769558890,14060860840,12891891000,12891891000
자본계정,212056810,0,국립중앙과학관,2007,0,0,과학기술부,5212620810,5212620810,5000564000,5000564000
,11432609370,0,일반회계,2007,0,72792850,과학기술부,16197609370,16270402220,4765000000,4765000000
,-1308989960,0,일반회계,2007,27073321840,79382420240,관세청,15099010040,1.21555E+11,16408000000,16408000000
지역혁신사업계정,6460959910,0,국가균형발전특별회계,2007,0,0,교육인적자원부,6460959910,6460959910,0,0
손익계정,3164405540,0,국제교육진흥원,2007,0,0,교육인적자원부,23660422540,23660422540,20496017000,20496017000
자본계정,94730,0,국제교육진흥원,2007,0,0,교육인적자원부,120094730,120094730,120000000,120000000
,-75185342270,0,일반회계,2007,3892250,1848547060,교육인적자원부,2.89536E+11,2.91389E+11,3.64721E+11,3.64721E+11
,-929149190,0,일반회계,2007,11137000,1295506600,국가보훈처,2424561810,3731205410,3353711000,3353711000
,21618840,0,일반회계,2007,10000000,0,국가인권위원회,21618840,31618840,0,0
,970880260,0,일반회계,2007,0,0,국가정보원,970880260,970880260,0,0
,5436450,0,일반회계,2007,0,0,국가청렴위원회,5436450,5436450,0,0
,154965850,0,일반회계,2007,0,11286230,국가청소년위원회,249965850,261252080,95000000,95000000
,-2052933290,0,일반회계,2007,177045070,13764273840,국무총리실,11876532710,25817851620,13929466000,13929466000
,4184260,0,일반회계,2007,0,0,국민고충처리위원회,4184260,4184260,0,0
,-59340959740,0,국방·군사시설이전특별회계,2007,0,3.63558E+11,국방부,2.35735E+11,5.99293E+11,2.95076E+11,2.95076E+11
손익계정,975648200,0,국방홍보원,2007,0,216110870,국방부,27781648200,27997759070,26806000000,26806000000
자본계정,74774800,0,국방홍보원,2007,0,0,국방부,2229774800,2229774800,2155000000,2155000000
,-1459323150,0,일반회계,2007,15607660,14472017110,국방부,37660676850,52148301620,39120000000,39120000000
,-2.6976E+11,0,주한미군기지이전특별회계,2007,0,1189465710,국방부,2.35096E+11,2.36285E+11,5.04855E+11,5.04855E+11
,31878809160,0,일반회계,2007,4.56264E+11,4.68757E+11,국세청,7.51416E+11,1.67644E+12,7.19537E+11,7.19537E+11
,1635070840,0,일반회계,2007,0,46393610,국정홍보처,2238734840,2285128450,603664000,603664000
,209515820,0,일반회계,2007,0,0,국회,739515820,739515820,530000000,530000000
,583662740,0,일반회계,2007,0,100729050,기상청,1267644740,1368373790,683982000,683982000
제주특별자치도계정,0,0,국가균형발전특별회계,2007,0,0,기획예산처,3.47616E+11,3.47616E+11,3.47616E+11,3.47616E+11
지역개발사업계정,-3.27646E+11,0,국가균형발전특별회계,2007,0,0,기획예산처,4.19779E+12,4.19779E+12,4.52544E+12,4.52544E+12
지역혁신사업계정,11871151930,0,국가균형발전특별회계,2007,0,0,기획예산처,1.52567E+12,1.52567E+12,1.5138E+12,1.5138E+12
,7065940,0,일반회계,2007,0,0,기획예산처,7065940,7065940,0,0
투자계정,2692200,0,에너지및자원사업특별회계,2007,90213710,622022420,노동부,17692200,729928330,15000000,15000000
,-9626518200,0,일반회계,2007,59360560,6071751730,노동부,32966110800,39097223090,42592629000,42592629000
지역개발사업계정,325000000,0,국가균형발전특별회계,2007,0,0,농림부,325000000,325000000,0,0
구조개선사업계정,-5.55456E+11,0,농어촌구조개선특별회계,2007,0,256024260,농림부,4.25296E+12,4.25321E+12,4.80841E+12,4.80841E+12
농어촌특별세사업계정,7.7593E+11,0,농어촌구조개선특별회계,2007,0,256955600,농림부,4.13719E+12,4.13745E+12,3.36126E+12,3.36126E+12
손익계정,-65556421190,0,양곡관리특별회계,2007,0,129646000,농림부,1.2281E+12,1.22823E+12,1.29366E+12,1.29366E+12
자본계정,807330,0,양곡관리특별회계,2007,0,0,농림부,811330,811330,4000,4000
,-1092090,0,일반회계,2007,13351510,751657130,농림부,7535226910,8300235550,7536319000,7536319000
구조개선사업계정,53172080,0,농어촌구조개선특별회계,2007,0,10421000,농촌진흥청,153172080,163593080,100000000,100000000
농어촌특별세사업계정,151187710,0,농어촌구조개선특별회계,2007,0,27218480,농촌진흥청,205587710,232806190,54400000,54400000
,1682700860,0,일반회계,2007,0,164789410,농촌진흥청,13244115860,13408905270,11561415000,11561415000
,13954062270,0,등기특별회계,2007,0,0,대법원,2.86653E+11,2.86653E+11,2.72699E+11,2.72699E+11
,-80119817210,0,일반회계,2007,5600350,46416900,대법원,2.32221E+11,2.32273E+11,3.12341E+11,3.12341E+11
,8299880,0,일반회계,2007,0,0,대통령경호실,25829880,25829880,17530000,17530000
,-4648630,0,일반회계,2007,0,0,대통령비서실,20851370,20851370,25500000,25500000
지역혁신사업계정,79320630,0,국가균형발전특별회계,2007,0,0,문화관광부,79320630,79320630,0,0
손익계정,1009626070,0,국립중앙극장,2007,0,54856920,문화관광부,22827807070,22882663990,21818181000,21818181000
자본계정,-4358230,0,국립중앙극장,2007,0,0,문화관광부,1960421770,1960421770,1964780000,1964780000
,6041900400,0,일반회계,2007,0,3083241940,문화관광부,31726442400,34809684340,25684542000,25684542000
,-4484771550,0,일반회계,2007,0,6638207270,문화재청,15237465450,21875672720,19722237000,19722237000
,2218130,0,일반회계,2007,0,0,민주평화통일자문회의,2218130,2218130,0,0
,213190660,0,일반회계,2007,0,317500000,방송위원회,1052190660,1369690660,839000000,839000000
,33707290920,0,일반회계,2007,145156970,32538478750,방위사업청,1.45605E+11,1.78289E+11,1.11898E+11,1.11898E+11
,-3403939640,0,교도작업특별회계,2007,0,209679150,법무부,47318060360,47527739510,50722000000,50722000000
,-2.32642E+11,0,일반회계,2007,0,1368893790,법무부,1.40272E+12,1.40409E+12,1.63536E+12,1.63536E+12
,10741730,0,일반회계,2007,0,0,법제처,10741730,10741730,0,0
,336441370,0,일반회계,2007,538021720,2407048690,병무청,522593370,3467663780,186152000,186152000
손익계정,75707630,0,국립공주병원,2007,0,0,보건복지부,9209261630,9209261630,9133554000,9133554000
자본계정,114691730,0,국립공주병원,2007,0,0,보건복지부,3031091730,3031091730,2916400000,2916400000
손익계정,581212020,0,국립나주병원,2007,0,0,보건복지부,12997352020,12997352020,12416140000,12416140000
자본계정,1395440910,0,국립나주병원,2007,0,0,보건복지부,1769926910,1769926910,374486000,374486000
손익계정,2975933050,0,국립마산병원,2007,0,0,보건복지부,10639109050,10639109050,7663176000,7663176000
자본계정,7880850,0,국립마산병원,2007,0,0,보건복지부,511645850,511645850,503765000,503765000
손익계정,1721518470,0,국립목포병원,2007,0,567640,보건복지부,6853647470,6854215110,5132129000,5132129000
자본계정,76129160,0,국립목포병원,2007,0,0,보건복지부,768239160,768239160,692110000,692110000
손익계정,55756930,0,국립부곡병원,2007,0,0,보건복지부,11416789930,11416789930,11361033000,11361033000
자본계정,30253190,0,국립부곡병원,2007,0,0,보건복지부,1302753190,1302753190,1272500000,1272500000
손익계정,-487335820,0,국립서울병원,2007,0,0,보건복지부,21330586180,21330586180,21817922000,21817922000
자본계정,63271680,0,국립서울병원,2007,0,0,보건복지부,1383298680,1383298680,1320027000,1320027000
손익계정,-1678901840,0,국립의료원,2007,84102310,9408900289,보건복지부,63297334160,72790336759,64976236000,64976236000
자본계정,0,0,국립의료원,2007,0,0,보건복지부,6623937000,6623937000,6623937000,6623937000
손익계정,1583746400,0,국립재활원,2007,0,71707190,보건복지부,16684100400,16755807590,15100354000,15100354000
자본계정,2312065940,0,국립재활원,2007,0,0,보건복지부,8677150940,8677150940,6365085000,6365085000
손익계정,-145152390,0,국립춘천병원,2007,0,0,보건복지부,7888097610,7888097610,8033250000,8033250000
자본계정,3139420,0,국립춘천병원,2007,0,0,보건복지부,429430420,429430420,426291000,426291000
,-21300259720,0,일반회계,2007,0,1.40827E+11,보건복지부,1.40116E+11,2.80943E+11,1.61417E+11,1.61417E+11
제주특별자치도계정,431337000,0,국가균형발전특별회계,2007,0,0,산림청,431337000,431337000,0,0
지역개발사업계정,275289000,0,국가균형발전특별회계,2007,0,0,산림청,275289000,275289000,0,0
손익계정,845957780,0,국립자연휴양림관리소,2007,0,21733860,산림청,14262018780,14283752640,13416061000,13416061000
자본계정,207721460,0,국립자연휴양림관리소,2007,0,0,산림청,14905022460,14905022460,14697301000,14697301000
임업진흥사업계정,-50984879960,0,농어촌구조개선특별회계,2007,0,34789793280,산림청,4.50669E+11,4.85459E+11,5.01654E+11,5.01654E+11
,71831382650,0,일반회계,2007,65828693740,1.01073E+11,산림청,1.78165E+11,3.45067E+11,1.06334E+11,1.06334E+11
지역혁신사업계정,9872429870,0,국가균형발전특별회계,2007,0,0,산업자원부,9872429870,9872429870,0,0
융자및유가완충계정,2427470250,0,에너지및자원사업특별회계,2007,0,0,산업자원부,1.22659E+12,1.22659E+12,1.22416E+12,1.22416E+12
투자계정,-61649677310,0,에너지및자원사업특별회계,2007,0,8880102160,산업자원부,2.60853E+12,2.61741E+12,2.67018E+12,2.67018E+12
,18622197840,0,일반회계,2007,50984040,591282590,산업자원부,62907664840,63549931470,44285467000,44285467000
,1024447220,0,일반회계,2007,0,373552700,소방방재청,7381447220,7754999920,6357000000,6357000000
,793233760,0,일반회계,2007,0,2025077270,식품의약품안전청,8828233760,10853311030,8035000000,8035000000
,-2894807380,0,일반회계,2007,0,1462205790,여성가족부,10308192620,11770398410,13203000000,13203000000
,43813859580,0,일반회계,2007,0,0,외교통상부,1.76303E+11,1.76303E+11,1.32489E+11,1.32489E+11
,1.48731E+13,0,일반회계,2007,6.50785E+12,7.3662E+12,재정경제부,1.65872E+14,1.79746E+14,1.50999E+14,1.50999E+14
,2372939320,0,우체국보험특별회계,2007,0,0,정보통신부,5.96438E+11,5.96438E+11,5.94065E+11,5.94065E+11
손익계정,2.31307E+11,0,우체국예금특별회계,2007,0,8132157600,정보통신부,2.10284E+12,2.11097E+12,1.87154E+12,1.87154E+12
자본계정,5457900,0,우체국예금특별회계,2007,0,0,정보통신부,15673482900,15673482900,15668025000,15668025000
손익계정,92706707590,0,우편사업특별회계,2007,0,3368439410,정보통신부,2.88257E+12,2.88594E+12,2.78986E+12,2.78986E+12
자본계정,26144084870,0,우편사업특별회계,2007,0,84393380,정보통신부,2.74641E+11,2.74725E+11,2.48497E+11,2.48497E+11
,-1.55095E+11,0,일반회계,2007,0,35686261970,정보통신부,5.27929E+11,5.63615E+11,6.83024E+11,6.83024E+11
손익계정,67653692640,0,조달특별회계,2007,0,37187979430,조달청,2.09019E+11,2.46207E+11,1.41365E+11,1.41365E+11
자본계정,8897125400,0,조달특별회계,2007,0,0,조달청,69730684400,69730684400,60833559000,60833559000
손익계정,1996442650,0,품질관리단,2007,0,319008590,조달청,9052442650,9371451240,7056000000,7056000000
자본계정,338451820,0,품질관리단,2007,0,0,조달청,3383054820,3383054820,3044603000,3044603000
,2388647790,0,일반회계,2007,0,260097720,중소기업청,9968888790,10228986510,7580241000,7580241000
,69548410,0,일반회계,2007,0,0,중앙선거관리위원회,796048410,796048410,726500000,726500000
,-220107270,0,일반회계,2007,0,0,중앙인사위원회,3104817730,3104817730,3324925000,3324925000
,3384460,0,일반회계,2007,0,0,친일반민족행위진상규명위원회,3384460,3384460,0,0
,1532621550,0,일반회계,2007,0,27403130,통계청,2384813550,2412216680,852192000,852192000
,96889140,0,일반회계,2007,0,0,통일부,295880140,295880140,198991000,198991000
손익계정,59341802490,0,특허관리,2007,0,0,특허청,3.65566E+11,3.65566E+11,3.06224E+11,3.06224E+11
자본계정,201400000,0,특허관리,2007,0,0,특허청,5096666000,5096666000,4895266000,4895266000
,219750460,0,일반회계,2007,0,1177163260,해양경찰청,2122750460,3299913720,1903000000,1903000000
항만계정,62737831420,0,교통시설특별회계,2007,20293800,17772197420,해양수산부,1.88255E+12,1.90034E+12,1.81981E+12,1.81981E+12
지역개발사업계정,0,0,국가균형발전특별회계,2007,0,417000000,해양수산부,0,417000000,0,0
구조개선사업계정,3388473260,0,농어촌구조개선특별회계,2007,0,1150147290,해양수산부,3388473260,4538620550,0,0
농어촌특별세사업계정,926794920,0,농어촌구조개선특별회계,2007,0,294662580,해양수산부,926794920,1221457500,0,0
손익계정,12885829010,0,대산지방해양수산청,2007,0,596754200,해양수산부,30886504010,31483258210,18000675000,18000675000
자본계정,10541637600,0,대산지방해양수산청,2007,0,0,해양수산부,73691929600,73691929600,63150292000,63150292000
손익계정,-18109430380,0,울산지방해양수산청,2007,0,953754190,해양수산부,31237269620,32191023810,49346700000,49346700000
자본계정,-10415785480,0,울산지방해양수산청,2007,0,0,해양수산부,1.43203E+11,1.43203E+11,1.53619E+11,1.53619E+11
,44016014890,0,일반회계,2007,0,2322966430,해양수산부,64020794890,66343761320,20004780000,20004780000
,15719278910,0,일반회계,2007,2103520,35416160,행정자치부,25239278910,25276798590,9520000000,9520000000
,3078851540,0,행정중심복합도시건설특별회계,2007,0,0,행정중심복합도시건설청,83201421540,83201421540,80122570000,80122570000
,1301562890,0,일반회계,2007,0,0,헌법재판소,1350014890,1350014890,48452000,48452000
제주특별자치도계정,7981528000,0,국가균형발전특별회계,2007,0,0,환경부,7981528000,7981528000,0,0
지역혁신사업계정,75127220,0,국가균형발전특별회계,2007,0,0,환경부,75127220,75127220,0,0
,53315140,0,일반회계,2007,0,7890410,환경부,53315140,61205550,0,0
,24999977310,0,환경개선특별회계,2007,11942709770,7.94385E+11,환경부,2.92167E+12,3.728E+12,2.89667E+12,2.89667E+12
